index,original_case,original_sha256,family,a,n,repetition,is_null,reflection,reflection_original,quadratic_region,quadratic_region_original,fixed_analytic,fixed_analytic_original,learned_analytic,learned_analytic_original,general_sdp,general_sdp_original
0,00000.json,41e83b866333888602bf88446eb4bd6b80b04b0fe2299a251e23fd766345cf65,positive_parity,0,64,0,True,False,False,False,False,False,False,False,False,False,False
1,00001.json,61039844bd727c5f16f7cca96a25fd897d36e9f63e791469f3f26012ed30ae1d,positive_parity,0,64,1,True,False,False,False,False,False,False,False,False,False,False
2,00002.json,069d5d75ee4467581cd622bf96a29dbb22264e8de07eeb58bc0afc263c5a81ec,positive_parity,0,64,2,True,False,False,False,False,False,False,False,False,False,False
3,00003.json,8a3b0e1a66dca9df4046df779e41d4a42febcafa0755d7c4eed0f5f314128f46,positive_parity,0,64,3,True,False,False,False,False,False,False,False,False,False,False
4,00004.json,dad05e8f6cecd3c417f9a53baafcd6210d8ef5fd9abcf5d603e76b85ac8b6cdc,positive_parity,0,64,4,True,False,False,False,False,False,False,False,False,False,False
5,00005.json,62e9e49998d03d23eb01522ed4ddf452686a49d3c9a6f02f47fd63efd726bceb,positive_parity,0,64,5,True,False,False,False,False,False,False,False,False,False,False
6,00006.json,87685759e6e82278bb610e8b6a006d567b94ef106aa5cc1b982940c3eea4ca80,positive_parity,0,64,6,True,False,False,False,False,False,False,False,False,False,False
7,00007.json,5667d3be6a0aa2feaf578ebfb6a85badf4f05f8e9bf8c439138ee47a4af16800,positive_parity,0,64,7,True,False,False,False,False,False,False,False,False,False,False
8,00008.json,07cb1855cba38ac90e359616a39b81bc7471a3c318a751c340ec73464af7ee45,positive_parity,0,64,8,True,False,False,False,False,False,False,False,False,False,False
9,00009.json,d5c1d0b0d7ba2be3616048f317f45966bd4e0e0d2fc0826d187cbbf0dbe3d637,positive_parity,0,64,9,True,False,False,False,False,False,False,False,False,False,False
10,00010.json,aae9831a664b554a4e297a2f8ce267e978c38c3c0c761bec3e304521e893bb3f,positive_parity,0,64,10,True,False,False,False,False,False,False,False,False,False,False
11,00011.json,526be720b1190a57fc19dc7033809f2d56f5bf478b2aae5973ca52dd987b08ae,positive_parity,0,64,11,True,False,False,False,False,False,False,False,False,False,False
12,00012.json,c254ba41de3064b3f1539fc50163e80adfaffa4370775442c7bd607525b94142,positive_parity,0,64,12,True,False,False,False,False,False,False,False,False,False,False
13,00013.json,25f58f0e1773a3276554c81acb6990202a2acd478b7a9883fde08bb67aa4069a,positive_parity,0,64,13,True,False,False,False,False,False,False,False,False,False,False
14,00014.json,bcf74bc3c1daed74f192e3367e78e345de798c47c273458a18a946cb02d5ca24,positive_parity,0,64,14,True,False,False,False,False,False,False,False,False,False,False
15,00015.json,9f3460a1a2f982979a899b93d3542e6ae83854109218d2303675d187051a2aea,positive_parity,0,64,15,True,False,False,False,False,False,False,False,False,False,False
16,00016.json,f802e3057c23adf71b13182b1a3927eb3d0b3afffe78355b4555754b41bab263,positive_parity,0,64,16,True,False,False,False,False,False,False,False,False,False,False
17,00017.json,a237ec25e9ee278c7805f3609e7c066dd31bc4337b664b032cea825d70ac1224,positive_parity,0,64,17,True,False,False,False,False,False,False,False,False,False,False
18,00018.json,634e5a1e14b30bc229d249bc3e75d505c7b4f9cc0eecb752f890f33991049f95,positive_parity,0,64,18,True,False,False,False,False,False,False,False,False,False,False
19,00019.json,945ea4c770a68ae031c9d75bd8187cb607a251beb8dd57e3409080d61762e535,positive_parity,0,64,19,True,False,False,False,False,False,False,False,False,False,False
20,00020.json,f1e24144fe2eb0e1620ce572d0f98e30e30d8ca5753929dbd458cdd692cfcdaa,positive_parity,0,64,20,True,False,False,False,False,False,False,False,False,False,False
21,00021.json,01dc9977634b987a3b121ff877123e73f5e646d6c580bf3ebac163e3816b0481,positive_parity,0,64,21,True,False,False,False,False,False,False,False,False,False,False
22,00022.json,2c8f9864662f44e6cfd87b5e6296d6d7f64bb391bc97f6439be241d3b4d29f4e,positive_parity,0,64,22,True,False,False,False,False,False,False,False,False,False,False
23,00023.json,2a8a27f8f0dd20015f496fc0b964575f27c6754e0b5ea6159ad2e1c9a7481510,positive_parity,0,64,23,True,False,False,False,False,False,False,False,False,False,False
24,00024.json,67b796c8b757b6c5ae2c6804c92f939eb553e37802b6e09ee6738a9d79c5cb0e,positive_parity,0,64,24,True,False,False,False,False,False,False,False,False,False,False
25,00025.json,f013e308e5a6f77a59c0dbbc21c9e7d2a05f95015e026d67903a6c1cd161eb8c,positive_parity,0,64,25,True,False,False,False,False,False,False,False,False,False,False
26,00026.json,651064acbfe9f32b1954ea78307fec62ef5fab64d8bdfc01feca93e49374a98a,positive_parity,0,64,26,True,False,False,False,False,False,False,False,False,False,False
27,00027.json,2126285e99297790cbdfcc062b054e43526f831bf89c3548c4935fc92034680c,positive_parity,0,64,27,True,False,False,False,False,False,False,False,False,False,False
28,00028.json,51512ff9e5368b07fd53baf2defce345d45ba8376cb1767eec01f2bd55aa1329,positive_parity,0,64,28,True,False,False,False,False,False,False,False,False,False,False
29,00029.json,e3afe4c647a72e30bd4d25461d6bc26a5bb665732d5db68ed7a5d7465e729972,positive_parity,0,64,29,True,False,False,False,False,False,False,False,False,False,False
30,00030.json,621069c00cc9e732148ccd76de61f90363be81fe4efb41c7921bd97ef061d872,positive_parity,0,64,30,True,False,False,False,False,False,False,False,False,False,False
31,00031.json,d09b17cb8684728ecb616493bc3ffda254add217566ad43b022473812396a8ee,positive_parity,0,64,31,True,False,False,False,False,False,False,False,False,False,False
32,00032.json,3a5c22ce94756544d04f9ac8028408aadc4983e045fa9000311d744562b5895d,positive_parity,0,64,32,True,False,False,False,False,False,False,False,False,False,False
33,00033.json,cb8d33a5d4581170c4602089ef697412dd3ee2bbc087fca9fc7d311c2fd30a29,positive_parity,0,64,33,True,False,False,False,False,False,False,False,False,False,False
34,00034.json,0ebc8e7dcc722fceb1b9096c3f5a5b0ddea8816f1a4c2ff6ae1b23f6bcc6d758,positive_parity,0,64,34,True,False,False,False,False,False,False,False,False,False,False
35,00035.json,e006793bebcfa30a11aa76717657f376500914f20faa4123b37a3aa70bedb2e1,positive_parity,0,64,35,True,False,False,False,False,False,False,False,False,False,False
36,00036.json,ebe89dea5af5fe10de06b7c96e718256b5191269d35fe0ee1a8bf2d8a50d3bb9,positive_parity,0,64,36,True,False,False,False,False,False,False,False,False,False,False
37,00037.json,7756ced4b905186806bb25d3ed594b894c9ccb48df1dd19610b316ed9cfe1d2f,positive_parity,0,64,37,True,False,False,False,False,False,False,False,False,False,False
38,00038.json,82670879da403f904b033eaf22c90373c9d406c11b2844b41b2101cb77ffa88c,positive_parity,0,64,38,True,False,False,False,False,False,False,False,False,False,False
39,00039.json,dcafb8faa3095343933edc1b3ad2715b2d098360dca7cf2d2beeff16f63eee09,positive_parity,0,64,39,True,False,False,False,False,False,False,False,False,False,False
40,00040.json,b6fe58220c6ecc4ba8d16f2fcf07a3ec49f652a838f7459f0bc83526d7ec15e7,positive_parity,0,64,40,True,False,False,False,False,False,False,False,False,False,False
41,00041.json,8461144a8ec68bb89714ab91d8b6356402464a8cb5d07edc3a2f99a3717e0f69,positive_parity,0,64,41,True,False,False,False,False,False,False,False,False,False,False
42,00042.json,5016d54fb36a796c679c58625c658113e8faca4bc1f07da00d40f340522ecf62,positive_parity,0,64,42,True,False,False,False,False,False,False,False,False,False,False
43,00043.json,81a0ec883167c775c94c8b7881d4cd9a41bfbf3cff6c3599682f6fb337648fde,positive_parity,0,64,43,True,False,False,False,False,False,False,False,False,False,False
44,00044.json,2d52f8d6b966f74978bc3795e511e550fe21c727fbe8b8b659cfefca25ed3fba,positive_parity,0,64,44,True,False,False,False,False,False,False,False,False,False,False
45,00045.json,594fdf27b0ded0f09a7b9c7b86989bf4b4d43bd99738d860feb90f03c4483993,positive_parity,0,64,45,True,False,False,False,False,False,False,False,False,False,False
46,00046.json,5b557c53aca3359dc7bdee769ff733d9dbc3ab2bf85df43d8fcbd29f7aa390b4,positive_parity,0,64,46,True,False,False,False,False,False,False,False,False,False,False
47,00047.json,0e11453f7907367a246d0f51f0430d569451f8ba790836591564cf83aff066f6,positive_parity,0,64,47,True,False,False,False,False,False,False,False,False,False,False
48,00048.json,bfac17b1fb3bcdf232aea788bfcb0382d95961792fce285fe2bae8eab6998f17,positive_parity,0,64,48,True,False,False,False,False,False,False,False,False,False,False
49,00049.json,d59293ab3cadfb3790aaed09ffbfe9386494764e58b2bea559cfb73b66e8f04f,positive_parity,0,64,49,True,False,False,False,False,False,False,False,False,False,False
50,00050.json,4c7e683ea9acb09dcfd3b4aa327eaae366feccc5fc8c2013eea4949109d3c681,positive_parity,0,64,50,True,False,False,False,False,False,False,False,False,False,False
51,00051.json,2df6a8f7e45368d25e53889bb54a4e00807a4f9bfd5eb8f0b18afb1a0f4eb983,positive_parity,0,64,51,True,False,False,False,False,False,False,False,False,False,False
52,00052.json,d79bf3669685fbf0547815a5bf820a99eb531e3d9a00a232c740fb56d7e8bf4a,positive_parity,0,64,52,True,False,False,False,False,False,False,False,False,False,False
53,00053.json,9f9278b513ed2c503a493a0efc1b9fa2168b6f1525d5213e2fc55fb60830daea,positive_parity,0,64,53,True,False,False,False,False,False,False,False,False,False,False
54,00054.json,6f6c72780bfd176857e6ff9d44289bedc00a95ba3da03ea5d48f91517aff6377,positive_parity,0,64,54,True,False,False,False,False,False,False,False,False,False,False
55,00055.json,9ddb353bff99f31de10728afe267ab611f80b0ae6cf13f55801072903b1e7a29,positive_parity,0,64,55,True,False,False,False,False,False,False,False,False,False,False
56,00056.json,4df27242cd4997eafbc4a51fda42833a2824dc713c5d63a28e847018ce57e7c6,positive_parity,0,64,56,True,False,False,False,False,False,False,False,False,False,False
57,00057.json,0ac523e85b199629a7ed694c14f7c018ed5227617beccc17d8660c4d1b9edd46,positive_parity,0,64,57,True,False,False,False,False,False,False,False,False,False,False
58,00058.json,31c7ec5e0578b12a8b6e55cabecf17a054c2fd343881dcd1cf0a66093f4b184c,positive_parity,0,64,58,True,False,False,False,False,False,False,False,False,False,False
59,00059.json,1615f1a6bd4dd3d1244673b94c73c429f536b5963aaa41dcbca0dc79de48eaa5,positive_parity,0,64,59,True,False,False,False,False,False,False,False,False,False,False
60,00060.json,daeb1fa4ccb89f31334f39370ea96c227bcc63452ea01561ed938b2049352cd3,positive_parity,0,64,60,True,False,False,False,False,False,False,False,False,False,False
61,00061.json,7ebf8f9640690efa5ba42dc02b9db55c22938926f6f4aeec9250fdca9b018866,positive_parity,0,64,61,True,False,False,False,False,False,False,False,False,False,False
62,00062.json,52765977bc71feee5cf9ca476a3186b0b410b1f63f607b54e06eddbb10e5b785,positive_parity,0,64,62,True,False,False,False,False,False,False,False,False,False,False
63,00063.json,2a327d079fa53522c5c860b9fc6277ea165ab981fea74448c69bcdd4df05a95c,positive_parity,0,64,63,True,False,False,False,False,False,False,False,False,False,False
64,00064.json,ef7a1c4bc7843dd8c1db97f297a2742136c1ff1c855dd1e324f51735d252ca86,positive_parity,0,64,64,True,False,False,False,False,False,False,False,False,False,False
65,00065.json,012dd016dfb0897faaeb4a012e4eb6f61c0d44aebca1d1c3ae89d62a0325398b,positive_parity,0,64,65,True,False,False,False,False,False,False,False,False,False,False
66,00066.json,4a92b5329a386abfa74647fa95c07f4ed5cc6071d13f6b64dd82ae41d2844485,positive_parity,0,64,66,True,False,False,False,False,False,False,False,False,False,False
67,00067.json,f8a4ddcf3a2aeb974dae29e08048ce799e3a97faed49dfa56ec1e534661ad768,positive_parity,0,64,67,True,False,False,False,False,False,False,False,False,False,False
68,00068.json,9641b3d84a80ff476ae82621b056a87eb9a0ba95ed274f362ab7ade3e55f4eae,positive_parity,0,64,68,True,False,False,False,False,False,False,False,False,False,False
69,00069.json,ad21704529ab52ca7ef9cf93df8d1cb6a7989bd8757378cab7857350297e5ac8,positive_parity,0,64,69,True,False,False,False,False,False,False,False,False,False,False
70,00070.json,99958d8a996ac6be3545b11efcc2b4855499de820cde6435355a22b90110ad0e,positive_parity,0,64,70,True,False,False,False,False,False,False,False,False,False,False
71,00071.json,0800e43261c2251151487d3d93b2b643b361ed9207c304606c6e8078681713a9,positive_parity,0,64,71,True,False,False,False,False,False,False,False,False,False,False
72,00072.json,376db6c2f7e73ae4066122288dc2c896ad680e2afaf49f3ff1f44f6f0af251cf,positive_parity,0,64,72,True,False,False,False,False,False,False,False,False,False,False
73,00073.json,8ea9eb13fb75efa1290d94b630b202c68cce4b145f9a3efe91f7a9bd2111acde,positive_parity,0,64,73,True,False,False,False,False,False,False,False,False,False,False
74,00074.json,23c28c424540dd355b2fc0cf2c16ca3dd8acbf84f22aeb28c5b1669ff2a0e848,positive_parity,0,64,74,True,False,False,False,False,False,False,False,False,False,False
75,00075.json,63a3399dd1083a2183ea15e7b9505d4bba35e903505f126094f6bd5dab4c9421,positive_parity,0,64,75,True,False,False,False,False,False,False,False,False,False,False
76,00076.json,49fbf814b23c13baeadbeb3b1467db0d998c97ca774ed2c66b6e284490f8ffb5,positive_parity,0,64,76,True,False,False,False,False,False,False,False,False,False,False
77,00077.json,3f10aa1f5ab77b2ceae41bc7630b9e1361df997fe2639b29d8238350365191da,positive_parity,0,64,77,True,False,False,False,False,False,False,False,False,False,False
78,00078.json,5ef5453c2994289a01bb526441c25097c64a185c238e32e58531d2e9d79aa272,positive_parity,0,64,78,True,False,False,False,False,False,False,False,False,False,False
79,00079.json,249cb921f06358b678f972061250078fbd02a5e305c04e5ccfaf04398718dd1b,positive_parity,0,64,79,True,False,False,False,False,False,False,False,False,False,False
80,00080.json,03e0781c73bb6769665dd28998323c776fe330d2816289e9a5a92d36149beaea,positive_parity,0,64,80,True,False,False,False,False,False,False,False,False,False,False
81,00081.json,7f38ab5564763b500377611ee4809ab77805fc33eaef96ef68797a517b478374,positive_parity,0,64,81,True,False,False,False,False,False,False,False,False,False,False
82,00082.json,4fc5a7df3ff6f3809f82438c7498e0028fbb9bad3abec1fd573b76d2f43d1570,positive_parity,0,64,82,True,False,False,False,False,False,False,False,False,False,False
83,00083.json,d98b2470c1d6b1c9e0c4c6c0751bb7cb82a234e2adda8d19ddae5b8b29e0959d,positive_parity,0,64,83,True,False,False,False,False,False,False,False,False,False,False
84,00084.json,04423a84f8a126537b67971f1daf3b2044dca392a572b989bf756bf71e88d2b5,positive_parity,0,64,84,True,False,False,False,False,False,False,False,False,False,False
85,00085.json,6d210ae57e8a7993f83c857b47ea356a409cfbc886be9a5d3e7a30cb5da0a457,positive_parity,0,64,85,True,False,False,False,False,False,False,False,False,False,False
86,00086.json,6af77a1327304300566c3b8cf276a0eab7fa0961ac36b1f91beb80f8306927dc,positive_parity,0,64,86,True,False,False,False,False,False,False,False,False,False,False
87,00087.json,0be54a4367dce29f3cfe5e2bb58390c1ba3693b39e1acfb920f3c3b7ad2b4084,positive_parity,0,64,87,True,False,False,False,False,False,False,False,False,False,False
88,00088.json,a730117cef7fff888921e3e0cc8c5af92b298012743e4e98e310c35d6dd14cc3,positive_parity,0,64,88,True,False,False,False,False,False,False,False,False,False,False
89,00089.json,9a5193a6a73df637593e7eed6f3d11aa5f8167dbb7a61c922fd0418dd27e7008,positive_parity,0,64,89,True,False,False,False,False,False,False,False,False,False,False
90,00090.json,608a10d0fa7f8d1370bf231a2c5f346e94a78872f22bfb8914e056c2bc9df7fc,positive_parity,0,64,90,True,False,False,False,False,False,False,False,False,False,False
91,00091.json,a2b1fc4e404e2c0f75d22211598f76cf6b757e1169578e6cf65352f29510cb85,positive_parity,0,64,91,True,False,False,False,False,False,False,False,False,False,False
92,00092.json,ce15fca49ba5a024e1e9eace970fd8bfe48b4809023a49ee081ac65280d77e49,positive_parity,0,64,92,True,False,False,False,False,False,False,False,False,False,False
93,00093.json,6cdfc112146d06e897e5e87e9e10078b8dbb82da8166233d3da69ff2701b0141,positive_parity,0,64,93,True,False,False,False,False,False,False,False,False,False,False
94,00094.json,862b2e51c1096cbb59cc95d5450d82941fd87b45c137685a037d196bac20440f,positive_parity,0,64,94,True,False,False,False,False,False,False,False,False,False,False
95,00095.json,587ce6e4b50c51b567a6a0f67e7286a841743561e7d6be4bafdaba5073cbb794,positive_parity,0,64,95,True,False,False,False,False,False,False,False,False,False,False
96,00096.json,ff90733048c2a7987cd6716a8ee753f24b49f147c9c97af8026ac7065dfc17eb,positive_parity,0,64,96,True,False,False,False,False,False,False,False,False,False,False
97,00097.json,0db9321f77040a9875bbeb621122a7fbf1ac1f455ea2cf99b5eb1a6edef6ba8a,positive_parity,0,64,97,True,False,False,False,False,False,False,False,False,False,False
98,00098.json,1fa1cd2839660c8a2bb7a8c44a8356f714e05568703e721eca6ce6ef7161f962,positive_parity,0,64,98,True,False,False,False,False,False,False,False,False,False,False
99,00099.json,0de93203b0e1b3341844790d616c2450d1467192b732864ae709da6353250c54,positive_parity,0,64,99,True,False,False,False,False,False,False,False,False,False,False
100,00100.json,886f365abfd5875808d4b37ccd4e25bf26629d34e32db55ce1b260af30d38713,positive_parity,0,128,0,True,False,False,False,False,False,False,False,False,False,False
101,00101.json,8f6c34ea42160fc08cffb86bd0fb75515cd7fd06e6f96fc7231bca19773185e3,positive_parity,0,128,1,True,False,False,False,False,False,False,False,False,False,False
102,00102.json,9eb04d9a517f95de89dbb5e7e3f6bcd4060f2702deb7457f7476ec7821ba8318,positive_parity,0,128,2,True,False,False,False,False,False,False,False,False,False,False
103,00103.json,37fa0fcb7969d6fa7c4bf9b8bff782d6e6203f8d1cf6e4d2937f25e4a8803a78,positive_parity,0,128,3,True,False,False,False,False,False,False,False,False,False,False
104,00104.json,3667775f34e2d40c8ea3c7331e931f4703752dc3441a8fe3b1fef77b7c651cb9,positive_parity,0,128,4,True,False,False,False,False,False,False,False,False,False,False
105,00105.json,fee20d6679cc882cd2a27a04e80a85ecd5c891b165d14502ede9091618ad39df,positive_parity,0,128,5,True,False,False,False,False,False,False,False,False,False,False
106,00106.json,61b7d480b066d6d2a2b69e8f3a4fb037676c2ed82448b1ac9f76c27d9cd05cda,positive_parity,0,128,6,True,False,False,False,False,False,False,False,False,False,False
107,00107.json,15df3172e13f89db97254642e0baae5721ac627f38c9fb59bc04e8069f820082,positive_parity,0,128,7,True,False,False,False,False,False,False,False,False,False,False
108,00108.json,802333f3de5f979a4a954daa31cd5822636a3e5e1442b1b0c9e92b420a932474,positive_parity,0,128,8,True,False,False,False,False,False,False,False,False,False,False
109,00109.json,ac24a1dcf12b9de2bc433400d66d9a52c8e2dfd3b0c50e2bd802bafac2428932,positive_parity,0,128,9,True,False,False,False,False,False,False,False,False,False,False
110,00110.json,de721cbc0b744ca601e4a1b153d99020e94d70a4f8b7228cfe79131e25c5aa07,positive_parity,0,128,10,True,False,False,False,False,False,False,False,False,False,False
111,00111.json,b5ab539b5de5475b9399fe0277d713ac727cbd336e812d9f2f236e71ca7fc289,positive_parity,0,128,11,True,False,False,False,False,False,False,False,False,False,False
112,00112.json,34c85225870f51b940af32d9a99b08205d9168e8a43d6a2f7e2c0cbe232cf7c9,positive_parity,0,128,12,True,False,False,False,False,False,False,False,False,False,False
113,00113.json,d4301fcf8893a61a094c0dc10072eccf6b389a0b852d2bbdfbe3d7ade1284bdf,positive_parity,0,128,13,True,False,False,False,False,False,False,False,False,False,False
114,00114.json,2060ed7d1ba2ca320fd4ed0e459ae15bce4484fac8a21c40c52290cc9b8e7db8,positive_parity,0,128,14,True,False,False,False,False,False,False,False,False,False,False
115,00115.json,dbffe982df8e39cba04d8d2c9429c69e745e5d40d2f3da4b4ef18e12b6fcc365,positive_parity,0,128,15,True,False,False,False,False,False,False,False,False,False,False
116,00116.json,1256ca56893ece9efa09c1eb367b89ddba8a52b9127565f7942d16c8bdfec486,positive_parity,0,128,16,True,False,False,False,False,False,False,False,False,False,False
117,00117.json,f467b836e828e023e03bc8b35dc6abd1be710c5055322c6ab5bbe8d0ff6e69a5,positive_parity,0,128,17,True,False,False,False,False,False,False,False,False,False,False
118,00118.json,4df57087a7e6955f45c2873fdb1b4ae9d79914e2dde32ca9227e90c4a3953e1f,positive_parity,0,128,18,True,False,False,False,False,False,False,False,False,False,False
119,00119.json,591cf41d33a1925c565d04c83c35040dedb6aca1378de5fa3a39dfb36a9c4b77,positive_parity,0,128,19,True,False,False,False,False,False,False,False,False,False,False
120,00120.json,b4d8e6f4a2cea1175697fe43a4eb47d4ba9fe008dc81b2056cfb0965422fc7b5,positive_parity,0,128,20,True,False,False,False,False,False,False,False,False,False,False
121,00121.json,ebd27da57f30df41d16e884354b46096a2cf24c6eef3aece1976c67218845cb8,positive_parity,0,128,21,True,False,False,False,False,False,False,False,False,False,False
122,00122.json,edb9c67b274b9b563d4490b8646430b3aac6d080e0c36e2e1a473c5fad1e155d,positive_parity,0,128,22,True,False,False,False,False,False,False,False,False,False,False
123,00123.json,133ef3686a0d5b58271d4169f82db77047f92c7a1bdec7692822543f1e8f7130,positive_parity,0,128,23,True,False,False,False,False,False,False,False,False,False,False
124,00124.json,47edc35d6c99ed9460094fb4c301f3c74ac32794cac869908f96f4211c9b1f80,positive_parity,0,128,24,True,False,False,False,False,False,False,False,False,False,False
125,00125.json,625692390bf38b06e8c73f01ad6d86372d29a5403d8c2f4858937493bce34d56,positive_parity,0,128,25,True,False,False,False,False,False,False,False,False,False,False
126,00126.json,521c28b732ff38237494560a1cd98723d765cc97f7f8d5fd982764f94cfb1235,positive_parity,0,128,26,True,False,False,False,False,False,False,False,False,False,False
127,00127.json,b1a030c267d1327bb1b8529f9869a10e67e5e14758583f046268af844690d065,positive_parity,0,128,27,True,False,False,False,False,False,False,False,False,False,False
128,00128.json,6ea417dfb7e5b31003a8af08a4b6f9cdac20a8f40d603583bfa53191b9a19efd,positive_parity,0,128,28,True,False,False,False,False,False,False,False,False,False,False
129,00129.json,328f6921a981687f9573f848f6f23406ebf7beb5a137a561d1857c6fbf2f8f21,positive_parity,0,128,29,True,False,False,False,False,False,False,False,False,False,False
130,00130.json,d409b547702549aa3e9fe596cc22f869927b2efbd4fff77cb7d9b780de9f461e,positive_parity,0,128,30,True,False,False,False,False,False,False,False,False,False,False
131,00131.json,0f38376ccda28ecb7df9c331ee1f9e8724a336b74c517ce19ac1adffa4a65e23,positive_parity,0,128,31,True,False,False,False,False,False,False,False,False,False,False
132,00132.json,71891b2219110ff1ed190445c58231193d0d83ff100111f2be53356cc5006692,positive_parity,0,128,32,True,False,False,False,False,False,False,False,False,False,False
133,00133.json,37201ef245ab0513d31172e9b61d44411aa5013f3ebfc9f20a52ce6c288f6543,positive_parity,0,128,33,True,False,False,False,False,False,False,False,False,False,False
134,00134.json,ecdad572316235b8554b014e0f7a93ca3e40cbb6a18a0e589032e653b3afafda,positive_parity,0,128,34,True,False,False,False,False,False,False,False,False,False,False
135,00135.json,c71bdc01047f78690cf0af43f1f5112fdf06b49e2aea20e07028d2f4db38864c,positive_parity,0,128,35,True,False,False,False,False,False,False,False,False,False,False
136,00136.json,06a4b1918fbe2919f7ca3422c78f5df1c9b014c79c096bdbe9c8d9a45179a8a9,positive_parity,0,128,36,True,False,False,False,False,False,False,False,False,False,False
137,00137.json,7493d2c948d36301bcf6a099fe2504595be0761a54ad867111fe2e930f2cd175,positive_parity,0,128,37,True,False,False,False,False,False,False,False,False,False,False
138,00138.json,a95b4172a86de0fd28c93566514198311281c3ac46ac724e9f0e5902067d4bf1,positive_parity,0,128,38,True,False,False,False,False,False,False,False,False,False,False
139,00139.json,56d8e918a87effd3644a0385e30bccb4a57d6b121c4d43a01ab393273551ba43,positive_parity,0,128,39,True,False,False,False,False,False,False,False,False,False,False
140,00140.json,c3c325520ad95ecb957805a3c361498f0f9bcd245493fba47fbfc2524c56fc25,positive_parity,0,128,40,True,False,False,False,False,False,False,False,False,False,False
141,00141.json,32eade7e625e8af2f310d6185b6be36f32dc8451f2b319e490f5ad241a6c3abe,positive_parity,0,128,41,True,False,False,False,False,False,False,False,False,False,False
142,00142.json,fd5db5941b8e7207b2bbb019a4964bd06c425892b503f058959d3abb65eec739,positive_parity,0,128,42,True,False,False,False,False,False,False,False,False,False,False
143,00143.json,d175e2253a542c032782643c63347265bc5732cf1c185b18d78a1fbe6f1508e0,positive_parity,0,128,43,True,False,False,False,False,False,False,False,False,False,False
144,00144.json,d82785b94d6b0726f36338e4768647c72d1a823e297601249e6072000cf070f2,positive_parity,0,128,44,True,False,False,False,False,False,False,False,False,False,False
145,00145.json,461a1ada82bc2656ba757069db486005f3b95684ffd5b9d5d106ad96f822efb5,positive_parity,0,128,45,True,False,False,False,False,False,False,False,False,False,False
146,00146.json,de331690e23418ff0c37608be3ccd3d92ae7172ad277d6af6d716194c8cf3c85,positive_parity,0,128,46,True,False,False,False,False,False,False,False,False,False,False
147,00147.json,c885cce3e2b548f8747864ddbdc8da553e5d6d9f4f866046ddace388c07ecce0,positive_parity,0,128,47,True,False,False,False,False,False,False,False,False,False,False
148,00148.json,7847948bbd1ee5cf52b9a60b1f62214aecec170137d275fd1169ab4d835b00e8,positive_parity,0,128,48,True,False,False,False,False,False,False,False,False,False,False
149,00149.json,d16915466ed7795d242408b1cfa8ac0529c3fcd70d38fd35b7798f4fb27f991a,positive_parity,0,128,49,True,False,False,False,False,False,False,False,False,False,False
150,00150.json,6608af26c81c676b18a7b6016a4993199c0c09b4ee279fc42e717748d2896db2,positive_parity,0,128,50,True,False,False,False,False,False,False,False,False,False,False
151,00151.json,b4365d97a6c3217a4efb427ce3381d1148c4a8a94eaa0baaab675a934d899ece,positive_parity,0,128,51,True,False,False,False,False,False,False,False,False,False,False
152,00152.json,70cf757e708d72e70a28f85df63970aaf1ae152e54b7c628cd01a4c6c09a49c9,positive_parity,0,128,52,True,False,False,False,False,False,False,False,False,False,False
153,00153.json,c9f844957ad68654d84f9c1c6d0b46d6e4ce0802602630c6208e811edcb27612,positive_parity,0,128,53,True,False,False,False,False,False,False,False,False,False,False
154,00154.json,b7e2a2674f0da87af2459cbf13e85c1940b672e0f192141b3372ed3b65134691,positive_parity,0,128,54,True,False,False,False,False,False,False,False,False,False,False
155,00155.json,f66e00f97bf1dcf670b5c8490e68bb8ca71b5da88efc0757ce24e16cb0df1eba,positive_parity,0,128,55,True,False,False,False,False,False,False,False,False,False,False
156,00156.json,c2a1b3d367c967a74525d6271d01f8fa989e92f50adc0a0bdec36da6002547f8,positive_parity,0,128,56,True,False,False,False,False,False,False,False,False,False,False
157,00157.json,4536b45161c95de9831f8a1ad41c4413fa9c5a4ffa434167fc51bd32c770d14e,positive_parity,0,128,57,True,False,False,False,False,False,False,False,False,False,False
158,00158.json,0e2310ea8ce634d2762dea96dc62bb385b9a1ca7b1b8b69b5dcaff70ec0ae611,positive_parity,0,128,58,True,False,False,False,False,False,False,False,False,False,False
159,00159.json,f2316979a7c899c2a7da16abc6835b95e9c25719a8c66037df28322619786330,positive_parity,0,128,59,True,False,False,False,False,False,False,False,False,False,False
160,00160.json,23c4d23b9d982af6658e482914af7890afdc0fd3ef6fb9e123f4fbe4658f1b51,positive_parity,0,128,60,True,False,False,False,False,False,False,False,False,False,False
161,00161.json,0d972ff410c347eb6d0915729174a7965991899a28538997ad292dfdb2b07011,positive_parity,0,128,61,True,False,False,False,False,False,False,False,False,False,False
162,00162.json,3f8c3d1eb60c7ccedcee6ca1239eb430397df7ace30db3b9193df3a9121379cd,positive_parity,0,128,62,True,False,False,False,False,False,False,False,False,False,False
163,00163.json,86e8a52fcc916515e867f6a440f8397d4edafb5ef9f6a6478a9c65cdbdc100e9,positive_parity,0,128,63,True,False,False,False,False,False,False,False,False,False,False
164,00164.json,b7e5502e67ad74927ca443e946cf53f48c4c885c46124de3156fe6e5c087b95a,positive_parity,0,128,64,True,False,False,False,False,False,False,False,False,False,False
165,00165.json,221f3f80435477810db8462cd699bdfe91a55892e4fa938f168fdae4806a80ad,positive_parity,0,128,65,True,False,False,False,False,False,False,False,False,False,False
166,00166.json,c56445b5428d9a84ac1be17bbab19bb5ba4ca69d001774c5df5434df8d22fe5c,positive_parity,0,128,66,True,False,False,False,False,False,False,False,False,False,False
167,00167.json,8e9a72d59d160b5d233602c7f480d1f1508b5dcb1eb0ff81bf43b201603adb28,positive_parity,0,128,67,True,False,False,False,False,False,False,False,False,False,False
168,00168.json,9be513f74492f3fca0ecc4c48661fc451b93b23bffa2f3d6ac6ff42418aa1315,positive_parity,0,128,68,True,False,False,False,False,False,False,False,False,False,False
169,00169.json,9f1a399c415d45653be70ff7bf3210208e5904bf38f4820db8f21380020d9572,positive_parity,0,128,69,True,False,False,False,False,False,False,False,False,False,False
170,00170.json,ed5d1d6cc43ca47f1e088d1f3a3395d567351a179d434ce1a0592cf033171b23,positive_parity,0,128,70,True,False,False,False,False,False,False,False,False,False,False
171,00171.json,22bcbd9b0f15783fdb2b5d003b0769eb11489d4e078e0ff3de03521008bffa3c,positive_parity,0,128,71,True,False,False,False,False,False,False,False,False,False,False
172,00172.json,63d1f76636f8098f5f8907c7002da1839a8867b5fd329aa7ac0a5896429c2bd2,positive_parity,0,128,72,True,False,False,False,False,False,False,False,False,False,False
173,00173.json,17c9eddb4f515954da1a864b3612507545be15f7e46cdf0f42571a92d9fd5e24,positive_parity,0,128,73,True,False,False,False,False,False,False,False,False,False,False
174,00174.json,4764bc586397c7f4d0493d99b534b711853f0d2e4f2762a639d366c1c10022be,positive_parity,0,128,74,True,False,False,False,False,False,False,False,False,False,False
175,00175.json,eedf1a10e797e231efec99afc875165c451e62b12cc24382c2514fcf0f8cebd9,positive_parity,0,128,75,True,False,False,False,False,False,False,False,False,False,False
176,00176.json,a756377af06f5cf727e2df39224af86381ad0edd6cd372694635b96ba8e6adf5,positive_parity,0,128,76,True,False,False,False,False,False,False,False,False,False,False
177,00177.json,1a9f52a2ab348d8991d687905776ef8f441db90d86bf4a1a389b7c262c5d4e5a,positive_parity,0,128,77,True,False,False,False,False,False,False,False,False,False,False
178,00178.json,f549fb7c6061894ac0f512a7c44de3adcc92f7776d27a5e3e8e55dad437eb836,positive_parity,0,128,78,True,False,False,False,False,False,False,False,False,False,False
179,00179.json,c4cbfc7a629b116ffe90e62afbf486d4d036f4bc91271f6b926014e94ccdda2f,positive_parity,0,128,79,True,False,False,False,False,False,False,False,False,False,False
180,00180.json,ab8669bcf77cc82d9829601f0fd58f309e9cf5993fb61746e173dfa08ace5a3d,positive_parity,0,128,80,True,False,False,False,False,False,False,False,False,False,False
181,00181.json,e6aaa1ecd554aeb684b895b04b501ee7a580718ccac8a665e44151435a9c61c5,positive_parity,0,128,81,True,False,False,False,False,False,False,False,False,False,False
182,00182.json,89dc5fde1156d23ccab5e2737e5723a9a72bc30b1f28b97b3753b93528a95bcf,positive_parity,0,128,82,True,False,False,False,False,False,False,False,False,False,False
183,00183.json,bf8c1b093cdba7cf7d3008f88b9edfbd11845301abf83702e97d5996c415f6f4,positive_parity,0,128,83,True,False,False,False,False,False,False,False,False,False,False
184,00184.json,1ec439bf80a2b7f4f4aec6e2669ae4876f0e8b9ac3de0a1373950e8d6551d870,positive_parity,0,128,84,True,False,False,False,False,False,False,False,False,False,False
185,00185.json,6316cd5bf7fa029e8b7fccaa5922baf0e65431efd3436b32563699c40c61c522,positive_parity,0,128,85,True,False,False,False,False,False,False,False,False,False,False
186,00186.json,c7c8a07f1c283ac121c8fcf6ba95c9fa6816effa9f9f429e244ae7eb94dd0394,positive_parity,0,128,86,True,False,False,False,False,False,False,False,False,False,False
187,00187.json,5797deac63993e83a447e6f2c08b9b92b961adeba6b7e0f465df147c547e0fc6,positive_parity,0,128,87,True,False,False,False,False,False,False,False,False,False,False
188,00188.json,581409ae4042d3b508fd489c521721211a5b4b85dd4531af7b6fb6fe067677a5,positive_parity,0,128,88,True,False,False,False,False,False,False,False,False,False,False
189,00189.json,433965beed28234e168147b5124e443dc060200b7e71c8159e6186a2e350cd13,positive_parity,0,128,89,True,False,False,False,False,False,False,False,False,False,False
190,00190.json,032d5fd1859da8dcd348178f40c4507fd96658fa0179c79f1017e6f417bb846c,positive_parity,0,128,90,True,False,False,False,False,False,False,False,False,False,False
191,00191.json,e1a7083d8d77f7b33382e9e186b0b4b10540e39e2cd5e5ed2c298895d69c770d,positive_parity,0,128,91,True,False,False,False,False,False,False,False,False,False,False
192,00192.json,b74ede42dc747c87f28c0fc36117b94d1fb6938bd67abc9953da980cb80a0671,positive_parity,0,128,92,True,False,False,False,False,False,False,False,False,False,False
193,00193.json,19c366722b298157a8f93a80cfd5e24b5f979f7e94b342d68e756f330622509a,positive_parity,0,128,93,True,False,False,False,False,False,False,False,False,False,False
194,00194.json,0d381bccb70c1bcbb3d0eabe36c22146b3a07f692bc24077f2453cb8004702d2,positive_parity,0,128,94,True,False,False,False,False,False,False,False,False,False,False
195,00195.json,4523f35fd2625e19f45437bcf6e59b7a18de0c65a59c52fb7b312585c8614359,positive_parity,0,128,95,True,False,False,False,False,False,False,False,False,False,False
196,00196.json,8058189399d6eec87b82e6f135ad4e90fc19e4cac69847b3deb175e43341c415,positive_parity,0,128,96,True,False,False,False,False,False,False,False,False,False,False
197,00197.json,dbd8debaed12673b4be68234d82fc5be9a8b33be31dff69a3c7cacb4f92b3ffc,positive_parity,0,128,97,True,False,False,False,False,False,False,False,False,False,False
198,00198.json,3d68403d0b17106e7ab75cec895d7285802ebe48d622b3240b1f60405f51b0a7,positive_parity,0,128,98,True,False,False,False,False,False,False,False,False,False,False
199,00199.json,c15b388ce8cd1aff44c754ef5d9b74f4c4755ebdb43180d949ff8d58baeef95a,positive_parity,0,128,99,True,False,False,False,False,False,False,False,False,False,False
200,00200.json,034a9a066bdeb19884f70774e3b26c2e14f0d84e177efca2cf13ca0a3a389f1f,positive_parity,0,256,0,True,False,False,False,False,False,False,False,False,False,False
201,00201.json,e0dbbb760f10629e284db1e56d777c71530824120cb6dcc714a14d90d1bc7d5e,positive_parity,0,256,1,True,False,False,False,False,False,False,False,False,False,False
202,00202.json,2d7541da338f79bf776d1ce9c6a97989bf241dd731380a1cf4780059d7be4ba1,positive_parity,0,256,2,True,False,False,False,False,False,False,False,False,False,False
203,00203.json,a413a00b88489a4cc0882bc838680d89b56dfbdbef42a6a9bffda415f9ef9c31,positive_parity,0,256,3,True,False,False,False,False,False,False,False,False,False,False
204,00204.json,6ed96d60848b38fa49c4327f6bf422e9932eb1ca958ea986ef90dd0dc10cb857,positive_parity,0,256,4,True,False,False,False,False,False,False,False,False,False,False
205,00205.json,fd5f21853371b2d1956d5a69fa5cf73d6c9458e1f2a751182a434098dbad4b69,positive_parity,0,256,5,True,False,False,False,False,False,False,False,False,False,False
206,00206.json,04c2fa825eeeb2c9a1da93465d24769dd5ca3300795ef45a9f4636c48611bdea,positive_parity,0,256,6,True,False,False,False,False,False,False,False,False,False,False
207,00207.json,8ef8a453a59f19e178309dfda4a15fe2189c812311bbb06bb1a6c1671ca05f16,positive_parity,0,256,7,True,False,False,False,False,False,False,False,False,False,False
208,00208.json,934cb656c487e7f987257318ed8eca55db94e0696dec3368180ccee22a9d2dc7,positive_parity,0,256,8,True,False,False,False,False,False,False,False,False,False,False
209,00209.json,396910af1c6fabd4fb7480d52bc5ba020f9881496341c2cfd121384c88747029,positive_parity,0,256,9,True,False,False,False,False,False,False,False,False,False,False
210,00210.json,2cc63916e94c3c1a128caa259e0d7c0f07f8931cec396597318c620d909ace47,positive_parity,0,256,10,True,False,False,False,False,False,False,False,False,False,False
211,00211.json,df0ec66e3158f0f41ba7d17a8b802f1221684d8b66392ae24bd7d4eabb7c34a9,positive_parity,0,256,11,True,False,False,False,False,False,False,False,False,False,False
212,00212.json,73fcd4d9d5ef44d42d797cf68778fe2e20313e3e549d58cac04d56cfc5f0711b,positive_parity,0,256,12,True,False,False,False,False,False,False,False,False,False,False
213,00213.json,96051b49cc40f375c8db9434105cfa3b21330aa11d4b734c187ec283ef9aded3,positive_parity,0,256,13,True,False,False,False,False,False,False,False,False,False,False
214,00214.json,0733a61603f610940ea759e9e10a814dc68ce24fdec838daba9db422c81aadd8,positive_parity,0,256,14,True,False,False,False,False,False,False,False,False,False,False
215,00215.json,da2f5180c37b13633c7fae6338e8b354bee7306685334e1a5104d9b3553d5658,positive_parity,0,256,15,True,False,False,False,False,False,False,False,False,False,False
216,00216.json,a7186fbd257859b3d867a5c87c917cc8c41359417afe791f2560c0a1f104aac0,positive_parity,0,256,16,True,False,False,False,False,False,False,False,False,False,False
217,00217.json,db7974afe4fd2596285fe90efa7c57e414a56c2413cf006998b8573672ed8408,positive_parity,0,256,17,True,False,False,False,False,False,False,False,False,False,False
218,00218.json,5fa9cbf5ed33838e5f534a0161fcd709f714a3a3e3533c7eb91ad24c55def9e9,positive_parity,0,256,18,True,False,False,False,False,False,False,False,False,False,False
219,00219.json,0b43482832baa99cd876ae9054fb8cf8a42769b298151ca9e7a754564b766776,positive_parity,0,256,19,True,False,False,False,False,False,False,False,False,False,False
220,00220.json,a0b88c042b653f6683f45bf3c2c64d9384b8685efcacbfa68ca022649c18e43f,positive_parity,0,256,20,True,False,False,False,False,False,False,False,False,False,False
221,00221.json,596be120173b82a77d2404e85f399cdba2a59f873e3c3c3608a93130f1ab8335,positive_parity,0,256,21,True,False,False,False,False,False,False,False,False,False,False
222,00222.json,3ac5e3ab2d1e6dd8bed664df4a6870e160eea62071cc50f391d062464e4bcfb1,positive_parity,0,256,22,True,False,False,False,False,False,False,False,False,False,False
223,00223.json,f7b12fdf2837b09c0e30d7230f8050f52dc33e800c5d984d80f1b60b1270cf82,positive_parity,0,256,23,True,False,False,False,False,False,False,False,False,False,False
224,00224.json,44945d5714fb5a91eeca7f041a9976c869f2d5d59603f4806b314dd57adde75e,positive_parity,0,256,24,True,False,False,False,False,False,False,False,False,False,False
225,00225.json,168bd865d6e6c3124cff9bc053812a80b3105aaf21bf9d013700376657690da6,positive_parity,0,256,25,True,False,False,False,False,False,False,False,False,False,False
226,00226.json,8fc0f5c919ef803c4fb6266bd6dd16603defd51daef65882b07b14d5046d07af,positive_parity,0,256,26,True,False,False,False,False,False,False,False,False,False,False
227,00227.json,d2cf762063681a38b49f6e3a2de8a76303b53c668271b67c5ed27acf76bc5f93,positive_parity,0,256,27,True,False,False,False,False,False,False,False,False,False,False
228,00228.json,d31bedae67b6649e3a8121b07bb3b32142ee96a0edd74aa5fbb92ae50a9a72e4,positive_parity,0,256,28,True,False,False,False,False,False,False,False,False,False,False
229,00229.json,a605a69b400cb05e864e7116ad57855340caaee15f98d80e8cb94fe48a7b6cbe,positive_parity,0,256,29,True,False,False,False,False,False,False,False,False,False,False
230,00230.json,f7b54061ac5fd7c6a19a0d94990846ccaf76da8569e506f6516a024ade628367,positive_parity,0,256,30,True,False,False,False,False,False,False,False,False,False,False
231,00231.json,bfd5e32b68b809b2a40af0b4e88ddbea147f09449ba84af140f87017ba4ee6e8,positive_parity,0,256,31,True,False,False,False,False,False,False,False,False,False,False
232,00232.json,65db1096b35577dff1fe41190dd6abf2aff68245f1d29799027c64b4062cc0d4,positive_parity,0,256,32,True,False,False,False,False,False,False,False,False,False,False
233,00233.json,b3cb05a2a3b44bb2a510c043bfc38f66b6b001eae18cd6775fa5e60a09d1a874,positive_parity,0,256,33,True,False,False,False,False,False,False,False,False,False,False
234,00234.json,bae9f1ea1333560a95c3823d74498ffcc201a3ccd891aa47f4d5233be3219eea,positive_parity,0,256,34,True,False,False,False,False,False,False,False,False,False,False
235,00235.json,9114de5bb8b2775a602da488c9e80fd6d6fbc78802d6ee8bf7a71e25d1146e3e,positive_parity,0,256,35,True,False,False,False,False,False,False,False,False,False,False
236,00236.json,e95bc896cfc6c8a689f1b3f377da6111aa079ac5aa72cfbb3276835a9d0cee82,positive_parity,0,256,36,True,False,False,False,False,False,False,False,False,False,False
237,00237.json,d192067236063553c3333e5ce13add113c03b7f8c0c4d1a7c8de1e76ebd9d207,positive_parity,0,256,37,True,False,False,False,False,False,False,False,False,False,False
238,00238.json,4eacea07b3fe679378630663ddd63efad53f185ab7b2e3a2047ec125eb1ea2c0,positive_parity,0,256,38,True,False,False,False,False,False,False,False,False,False,False
239,00239.json,a21220429c19670a2274f9b6922409729f67b88863d9aa9a6a1b263cd1d0c9b4,positive_parity,0,256,39,True,False,False,False,False,False,False,False,False,False,False
240,00240.json,5ee28ce08f2c44a530cfa9221d637a89203b8f2e372b1414bf99c7df93ba5ad3,positive_parity,0,256,40,True,False,False,False,False,False,False,False,False,False,False
241,00241.json,167b07055d160fa4614fac31a9e44f4254b74b20f40f1bde8db5bf9b895114ae,positive_parity,0,256,41,True,False,False,False,False,False,False,False,False,False,False
242,00242.json,f454cb6932a9694dee32a7ddfed79298bae1b1db7970fbf7d9cf54bb2ac3d2f2,positive_parity,0,256,42,True,False,False,False,False,False,False,False,False,False,False
243,00243.json,d46a1aa947a063277a424b67ae4a98a408b97e94d402f187ad462af562c1e700,positive_parity,0,256,43,True,False,False,False,False,False,False,False,False,False,False
244,00244.json,c4c3a87768890aba4069deac47e4b78d5459fb172eb3207b4950606cd5d54f7e,positive_parity,0,256,44,True,False,False,False,False,False,False,False,False,False,False
245,00245.json,e40211ec8020308d9bcc71161ccb941458963ea9170044e5acfa1bd494d93741,positive_parity,0,256,45,True,False,False,False,False,False,False,False,False,False,False
246,00246.json,cab09af256a5c0aa57f429f12f7b3ed101274d684ee33eec53328250f96cb638,positive_parity,0,256,46,True,False,False,False,False,False,False,False,False,False,False
247,00247.json,2f5257219dd5443b3efe4bd47f3804e47e0b23764d6249a256ed200153cf87b0,positive_parity,0,256,47,True,False,False,False,False,False,False,False,False,False,False
248,00248.json,0444464af8f577ba891032397e88fe2c70b6ae635e294c81150b4d7ce5037520,positive_parity,0,256,48,True,False,False,False,False,False,False,False,False,False,False
249,00249.json,42166dcc2db1afbd73d5ce4aee7d6a790f032ef4abb868c54dea76ed4e1a54d9,positive_parity,0,256,49,True,False,False,False,False,False,False,False,False,False,False
250,00250.json,c5c7ed79810a44b6737acb045fccf5c234d6bc89f6579382f0cd1ae402799dae,positive_parity,0,256,50,True,False,False,False,False,False,False,False,False,False,False
251,00251.json,d747dca15b1dbd5ddb2786fd6e50d523aaa1d3cf7c03d27387a169d01c155f99,positive_parity,0,256,51,True,False,False,False,False,False,False,False,False,False,False
252,00252.json,936733cd046bccbaa187d8d83580956a0313ab10a33959dccc8959baa65646cc,positive_parity,0,256,52,True,False,False,False,False,False,False,False,False,False,False
253,00253.json,646170dfa60d96deeaab127403835f1037127782f6e7c012988cd9325cccadfc,positive_parity,0,256,53,True,False,False,False,False,False,False,False,False,False,False
254,00254.json,018ec55cb9edfe270dcca3fe6d3ab95168958b4e295fe22886523f483bf17f34,positive_parity,0,256,54,True,False,False,False,False,False,False,False,False,False,False
255,00255.json,1d479fb067da487a5ba66ca26eab043e3088deb4a1a1cfec0fca7555845456fa,positive_parity,0,256,55,True,False,False,False,False,False,False,False,False,False,False
256,00256.json,ce53098a6da5525b2612e24db73987d9dd8f730a0d2557ad84d9e18c6ad56b60,positive_parity,0,256,56,True,False,False,False,False,False,False,False,False,False,False
257,00257.json,8a8e58fb25b693fa5d91a4168977cc5cc56dba07635d2e3fe5044f9aa83221bc,positive_parity,0,256,57,True,False,False,False,False,False,False,False,False,False,False
258,00258.json,2609cf84743563e516e61e78788ee45b561316b2acd3ce87643dc1fea7b9662c,positive_parity,0,256,58,True,False,False,False,False,False,False,False,False,False,False
259,00259.json,ba72b5cb61a517df595a957662b968c47af337d3369a07fc1b3bfef10788753d,positive_parity,0,256,59,True,False,False,False,False,False,False,False,False,False,False
260,00260.json,7b6de6cae86a8a0b2e9dd17abdef3fe32f30248eee1b142f71662ab07a715f9c,positive_parity,0,256,60,True,False,False,False,False,False,False,False,False,False,False
261,00261.json,aaf95b51142800224a3f864d34f51c9b2c6c8f034f8c6fbffc0a1b208080ab29,positive_parity,0,256,61,True,False,False,False,False,False,False,False,False,False,False
262,00262.json,91d4e4c57a2794ef1d34ac3de06e22ecc8422cd60d1e03cf6ecd37dd1526c185,positive_parity,0,256,62,True,False,False,False,False,False,False,False,False,False,False
263,00263.json,bab96b788bebec65107cfcce7ac98ab782dadad70416a83c28a5f70c50d8fd0f,positive_parity,0,256,63,True,False,False,False,False,False,False,False,False,False,False
264,00264.json,ba0dc613f6c4a818256dc23236392837ee68a1fce87f68add23cc1b097d335f3,positive_parity,0,256,64,True,False,False,False,False,False,False,False,False,False,False
265,00265.json,033f2bd3cf0947475e61aafeb42d7657d75f1258d17b5c1f3adf6061ae83d685,positive_parity,0,256,65,True,False,False,False,False,False,False,False,False,False,False
266,00266.json,bb8ae561cfd38888614f069f2d58be7c5cc082e4fc94c4e20b018b62d0582bf9,positive_parity,0,256,66,True,False,False,False,False,False,False,False,False,False,False
267,00267.json,466d5399dc0bf1cbd8fe50679b86df6a77d4ce8e950ff054ab951d74a400d452,positive_parity,0,256,67,True,False,False,False,False,False,False,False,False,False,False
268,00268.json,cefb5e6173682688a2231b6adeb3c5e0d3ab9fafced52299b4fa299c37242b5a,positive_parity,0,256,68,True,False,False,False,False,False,False,False,False,False,False
269,00269.json,603c188efa3babfa92def3cee00629a0c33fc22b155bc20365b4e4ed611b607e,positive_parity,0,256,69,True,False,False,False,False,False,False,False,False,False,False
270,00270.json,cc766ace03ac8a0725ad5eb8cd8bd006b64b5e38fef19e360794062e8c9ba8d9,positive_parity,0,256,70,True,False,False,False,False,False,False,False,False,False,False
271,00271.json,1420d3f4122beca80f4dfe0583eb1a9bc67c969deee80502c209173422539bee,positive_parity,0,256,71,True,False,False,False,False,False,False,False,False,False,False
272,00272.json,2b76188c1f23176373f062826b1c47a7f9c38ac7b55360dd67c0b17a42f7158a,positive_parity,0,256,72,True,False,False,False,False,False,False,False,False,False,False
273,00273.json,4628becef3ba00ff35aae546f838e070fe0d92dab08e7b4fe235f0fa1adc5bc6,positive_parity,0,256,73,True,False,False,False,False,False,False,False,False,False,False
274,00274.json,d1467fa75867d80f6a016f544366cfd067956d9bb39e319f53e5808a02e9c502,positive_parity,0,256,74,True,False,False,False,False,False,False,False,False,False,False
275,00275.json,56c64ac080c05e370ae7c1968ce701596f85c4ecc2e4eeb67c6a8606e7adaf11,positive_parity,0,256,75,True,False,False,False,False,False,False,False,False,False,False
276,00276.json,5cd23ce45a3138e20fcfeeb61f5440580094ae705636526db303d862d14e762c,positive_parity,0,256,76,True,False,False,False,False,False,False,False,False,False,False
277,00277.json,f1642ed9d5cf92615a1888ada5ef6b24c24991a68172bcd08d9e27b5544a670a,positive_parity,0,256,77,True,False,False,False,False,False,False,False,False,False,False
278,00278.json,85e8d878b987319f0afb5e5c729adfb99b6dd35d096cdb23fb124bc7a4c62ad7,positive_parity,0,256,78,True,False,False,False,False,False,False,False,False,False,False
279,00279.json,68540081923c760a57df95cd747a101a6a5e73b173ef4caf6b0f8e94a37aea6f,positive_parity,0,256,79,True,False,False,False,False,False,False,False,False,False,False
280,00280.json,2b07aec98ca5c8d4b94268e0d5a034256d2984200ee6e0854749bc0719cb5b84,positive_parity,0,256,80,True,False,False,False,False,False,False,False,False,False,False
281,00281.json,a9d3252edc54012b4761b30c75786ea0aaea3b57185a8d2fac81bfdd3b702e69,positive_parity,0,256,81,True,False,False,False,False,False,False,False,False,False,False
282,00282.json,754703c97768192854c21144501c7fed7adec89c59107aa9a58114a006476623,positive_parity,0,256,82,True,False,False,False,False,False,False,False,False,False,False
283,00283.json,ae2b45389a5db0c5428fdf27795d638c7f2ccd1f72ed5103c0a58b64925fb932,positive_parity,0,256,83,True,False,False,False,False,False,False,False,False,False,False
284,00284.json,29fa2b90881a9f0500b89c0fcb6a5484022c334b61c1afef7a4ecdd7d06854ce,positive_parity,0,256,84,True,False,False,False,False,False,False,False,False,False,False
285,00285.json,f4ceef94ff1b7bbc4a5dd8d3d3a0e0ca1a6f080dbe7fd38220247a1cec37a1bf,positive_parity,0,256,85,True,False,False,False,False,False,False,False,False,False,False
286,00286.json,b23922638a3a3e3f3c53ab0c74f6e002d42cc4750cb9fdd8163f6ef1b5fdb0fa,positive_parity,0,256,86,True,False,False,False,False,False,False,False,False,False,False
287,00287.json,41ba58b80f46b3fec14937c73f6e663bc99022e5376734cbfe9414947b25e01a,positive_parity,0,256,87,True,False,False,False,False,False,False,False,False,False,False
288,00288.json,b358b380aa5439818a45b4547b7f6eafc8e42744cd22b0b7935a92db9c53dbea,positive_parity,0,256,88,True,False,False,False,False,False,False,False,False,False,False
289,00289.json,2e0ffec536ee61a2e51648e00b275dce450d008b7f2dd70bfc2ce377fbb6b435,positive_parity,0,256,89,True,False,False,False,False,False,False,False,False,False,False
290,00290.json,900bd166558b745b016eb1d8b7a95b973d51543e73c1d961f1ca00ca09af6711,positive_parity,0,256,90,True,False,False,False,False,False,False,False,False,False,False
291,00291.json,bc9d36dd748b4670b92dc84eb7c094f99886e00fd8403c4c238a836cbbf7ddf1,positive_parity,0,256,91,True,False,False,False,False,False,False,False,False,False,False
292,00292.json,9c70a2eba459aca04080feeeb501d09084f4b2d1ae1aa531704f7504d88f1c12,positive_parity,0,256,92,True,False,False,False,False,False,False,False,False,False,False
293,00293.json,e49ae50d21e453cf866641b1e540987bff9f96a621bd3f6991ebf3a65873b4d2,positive_parity,0,256,93,True,False,False,False,False,False,False,False,False,False,False
294,00294.json,cbd600bb6fed020290fe87ba4ece3ac2a6a9d91b6ef5700a4376a3cf224a68e0,positive_parity,0,256,94,True,False,False,False,False,False,False,False,False,False,False
295,00295.json,d3569fcf80e3b832195dde032752a3abe3915ccc9b3145a907b7137280f90cc8,positive_parity,0,256,95,True,False,False,False,False,False,False,False,False,False,False
296,00296.json,3df64571b38833c7c7524ef9c0ce6f576176a41a956db20813b7370a121ad124,positive_parity,0,256,96,True,False,False,False,False,False,False,False,False,False,False
297,00297.json,5bdd609ad3beb1bf55d82130868a95cd383edd7f7695e12883aafd38a9640720,positive_parity,0,256,97,True,False,False,False,False,False,False,False,False,False,False
298,00298.json,98f957f23a1511ae1b9029bd77ef9537c406a4fd8e433a05953899c04598ecbd,positive_parity,0,256,98,True,False,False,False,False,False,False,False,False,False,False
299,00299.json,7a8d07b2bed8390b77f1bbf397792aafbd0e186d7dfd21b3ee0215b264fed528,positive_parity,0,256,99,True,False,False,False,False,False,False,False,False,False,False
300,00300.json,60d5cf547d61c9f8abc28b219249d306143972f3faa978379c07e2edf0613cb7,positive_parity,0,512,0,True,False,False,False,False,False,False,False,False,False,False
301,00301.json,f150a96d141153929bb70a610e6e8ccac5e027997563fd004c25791fb5a42412,positive_parity,0,512,1,True,False,False,False,False,False,False,False,False,False,False
302,00302.json,c89100c9a699fcf6764add794c5f7726abbc7f43f70b4df9c9dd4c808cde5e9f,positive_parity,0,512,2,True,False,False,False,False,False,False,False,False,False,False
303,00303.json,c412a1fee54d10ad5f91757b324a823971dce46de2dcab9b40bd153cc4292686,positive_parity,0,512,3,True,False,False,False,False,False,False,False,False,False,False
304,00304.json,f7d50a70e699ee2753c4063ada28f212fa9ee128a62fb20a5493000d66a4f876,positive_parity,0,512,4,True,False,False,False,False,False,False,False,False,False,False
305,00305.json,b77f3b0aa7e785c883f94b04a6ebb236dfe3d24194d77b0446a37f09049a64dd,positive_parity,0,512,5,True,False,False,False,False,False,False,False,False,False,False
306,00306.json,5f84bc46f38f913d58289501e050c47cc22bc67c68645e14ffacbf03bcd44a09,positive_parity,0,512,6,True,False,False,False,False,False,False,False,False,False,False
307,00307.json,c5252e6a3d5607d60b693dc37813cf324b83067bdc42493ba35b1565e21b7f88,positive_parity,0,512,7,True,False,False,False,False,False,False,False,False,False,False
308,00308.json,e213e66a932336915bbc0b0a8298f990b08e5e4d65d4bc3761d2387d49f00c25,positive_parity,0,512,8,True,False,False,False,False,False,False,False,False,False,False
309,00309.json,8fcbce9ac99baf4e8eae8c7dbbe7f1bb6824610bf064815a27136ce82eef755f,positive_parity,0,512,9,True,False,False,False,False,False,False,False,False,False,False
310,00310.json,1f9a700c17cd3ebdc7e49983b9ca2ddb5cdeef4af84b0fb1f716c8d5a39b59b1,positive_parity,0,512,10,True,False,False,False,False,False,False,False,False,False,False
311,00311.json,ff9d53c5ddb6c0e5fe12f8f60e8c38f389e83a9838bf8d9e05a3964b469883cc,positive_parity,0,512,11,True,False,False,False,False,False,False,False,False,False,False
312,00312.json,9938d38948cc106f236fdb47cf6d93d9dbc95287935a02b6ab26c50a73a0c50f,positive_parity,0,512,12,True,False,False,False,False,False,False,False,False,False,False
313,00313.json,50f1ce99e53d06cf459f071c0e5ae8c9fb74624076645c7f3419bb6dac7eceae,positive_parity,0,512,13,True,False,False,False,False,False,False,False,False,False,False
314,00314.json,cc711b000c065dd727c1d7c789599a15431596741a4f7390c50299d775017a4f,positive_parity,0,512,14,True,False,False,False,False,False,False,False,False,False,False
315,00315.json,8eba6657680683e1c0bde789cae9f865e55d0c437f86671739e234496b443beb,positive_parity,0,512,15,True,False,False,False,False,False,False,False,False,False,False
316,00316.json,e360e5ddda4cee4912c5017a2a7f22dae63a14c030e1f7a42247a5378ae0add2,positive_parity,0,512,16,True,False,False,False,False,False,False,False,False,False,False
317,00317.json,0031ad9ac773f433465801f839f2ae988acb0b13396534f48d4b827ffa7bacd2,positive_parity,0,512,17,True,False,False,False,False,False,False,False,False,False,False
318,00318.json,145fc9eaac2302c5cb0138a149b39583fc70a3fc317f6874de221487dd79ed34,positive_parity,0,512,18,True,False,False,False,False,False,False,False,False,False,False
319,00319.json,9c317fa2b7edeac0db2c1c9357815a2eaa7b03a20ab0073c6e0defdee52f0779,positive_parity,0,512,19,True,False,False,False,False,False,False,False,False,False,False
320,00320.json,6cc93ca39aed2d823115708c7da26f0a60f453cbe7ef6deb12688de9a6df008d,positive_parity,0,512,20,True,False,False,False,False,False,False,False,False,False,False
321,00321.json,867b7358468960766dae748eead8588507a1a3698052e010a27d3f16f079a7d4,positive_parity,0,512,21,True,False,False,False,False,False,False,False,False,False,False
322,00322.json,1b8dd858ad8850da6b3eab955484449be0b4706f560e038787c72448020eb143,positive_parity,0,512,22,True,False,False,False,False,False,False,False,False,False,False
323,00323.json,829c165dbe1bd753f3c1c0d60b2e3b97c6247bed5d4b89edafc8207548ffabf0,positive_parity,0,512,23,True,False,False,False,False,False,False,False,False,False,False
324,00324.json,9d8ce7156598b5c00881b612feba187d624162c0f68f7c40fd38e57bb31da8b6,positive_parity,0,512,24,True,False,False,False,False,False,False,False,False,False,False
325,00325.json,ad73d656885a8341b6009be397837dc2dcc5d9082e23b981bd8026a8d321cde5,positive_parity,0,512,25,True,False,False,False,False,False,False,False,False,False,False
326,00326.json,6ac70f788bf9a448d486f8ac8e53aed344849354ed171d68907edae77bb0ce99,positive_parity,0,512,26,True,False,False,False,False,False,False,False,False,False,False
327,00327.json,43bf5c846705162e864390460bbafa569ea352b195923a5fba337a74a74c32fe,positive_parity,0,512,27,True,False,False,False,False,False,False,False,False,False,False
328,00328.json,7da673f687a7a14d5ee1fc83203b31b0cf95e1c3c7783e6937fea7f471ce2ae8,positive_parity,0,512,28,True,False,False,False,False,False,False,False,False,False,False
329,00329.json,4e41b373d920c9e330dc04aedaa2e22272431a811d506665e67829ef20ab0f06,positive_parity,0,512,29,True,False,False,False,False,False,False,False,False,False,False
330,00330.json,50a6b547ea99fab42ffed7d237a07a2470da9c1e49555b51e56fc57aeabf8e81,positive_parity,0,512,30,True,False,False,False,False,False,False,False,False,False,False
331,00331.json,933d96a36756418636c51acef8d4f6f9315867030253936d38be7a1d9da4deed,positive_parity,0,512,31,True,False,False,False,False,False,False,False,False,False,False
332,00332.json,c0f07aa114d70df132c6de61264c0842dd55dd97450989d9c81f67d9c86cb084,positive_parity,0,512,32,True,False,False,False,False,False,False,False,False,False,False
333,00333.json,0c232b522fa75ea89e5c1d7cfdfffa90b99d058b1e91ae34518f56b64a2bee9c,positive_parity,0,512,33,True,False,False,False,False,False,False,False,False,False,False
334,00334.json,11e1c549d592eafe1c78b787f8ca5e8a1def880d516cf6702b8476144567e1b6,positive_parity,0,512,34,True,False,False,False,False,False,False,False,False,False,False
335,00335.json,8b10037a3c8e25602aece444312e433cd60f1adb60cad02eacd60eae86c4f653,positive_parity,0,512,35,True,False,False,False,False,False,False,False,False,False,False
336,00336.json,e6a0abb589fb1e112dd96c2401583ad1b152d59beb91153a2949193c52baa6e3,positive_parity,0,512,36,True,False,False,False,False,False,False,False,False,False,False
337,00337.json,b45256fc6e4d8b506ded54e040cf92423ea7d37873b06edcc81141e5b3bde119,positive_parity,0,512,37,True,False,False,False,False,False,False,False,False,False,False
338,00338.json,080f9eb4110bee63f37ce4a35b1db8b5dd725a015d90c327adf1e9f935b30765,positive_parity,0,512,38,True,False,False,False,False,False,False,False,False,False,False
339,00339.json,76ae54a3a25e00c9c4ab101db03974734c0cf147e440309ff50d1f7406c830e8,positive_parity,0,512,39,True,False,False,False,False,False,False,False,False,False,False
340,00340.json,55765920d5081d6548198ca87532d8a5200bf997c49036fac6adf07f5bf24e56,positive_parity,0,512,40,True,False,False,False,False,False,False,False,False,False,False
341,00341.json,6efc09d2bd47c45913a35adf1467e658d87c93356d1f196e2108331a2ce5d6fc,positive_parity,0,512,41,True,False,False,False,False,False,False,False,False,False,False
342,00342.json,84557ad37409497a094d81d9e272640f4a870d314000b3020260fb066ecc2359,positive_parity,0,512,42,True,False,False,False,False,False,False,False,False,False,False
343,00343.json,0c28b0494f8f99330b71e0747f87b40ad04de730bb7212e9edb83585e91c6fc6,positive_parity,0,512,43,True,False,False,False,False,False,False,False,False,False,False
344,00344.json,f769090cc21bc501327033f21c314590d9aa66cdba1c318f0331db45176ade6d,positive_parity,0,512,44,True,False,False,False,False,False,False,False,False,False,False
345,00345.json,d418c4b5a61c166c9f85816cd29f47dfaeeef09d30c37a93bdd097e122c0068f,positive_parity,0,512,45,True,False,False,False,False,False,False,False,False,False,False
346,00346.json,faad197347395fe20e249afdf876396724fd30a3d874b60f132f4f59262c9362,positive_parity,0,512,46,True,False,False,False,False,False,False,False,False,False,False
347,00347.json,69a1ea42664fbaa21be5dc8573ae3855332af1ab8fc1671f7bd82d646d5bf1e7,positive_parity,0,512,47,True,False,False,False,False,False,False,False,False,False,False
348,00348.json,76f8ae1ddb5b15aaedf8e1989db9b3fa6c4dc84ae4275c3665254ffa2e65b28a,positive_parity,0,512,48,True,False,False,False,False,False,False,False,False,False,False
349,00349.json,cd6f4890bfb9704177b944f1ae4413464b60fcaa50836b9804ff5fc4eeb2120a,positive_parity,0,512,49,True,False,False,False,False,False,False,False,False,False,False
350,00350.json,27ce5213b00c832e066a5454b5b59b60d0858f0258f9a8ee750ad3a7caaf31df,positive_parity,0,512,50,True,False,False,False,False,False,False,False,False,False,False
351,00351.json,a0455e29e3e8378ef762ee4de64a2e25a1a6691b12a1b0b529c43f7a26d419b8,positive_parity,0,512,51,True,False,False,False,False,False,False,False,False,False,False
352,00352.json,b935a1d22fdc9ed9589d692169f6b97545549e8efd8d278ad3e7507002b4e36c,positive_parity,0,512,52,True,False,False,False,False,False,False,False,False,False,False
353,00353.json,33eefaeb26c6f5fae1afffff21864b9bab5bfa27c7bfe87fb49c5cd5eb21f28e,positive_parity,0,512,53,True,False,False,False,False,False,False,False,False,False,False
354,00354.json,8f6b4d4f144e9cb37218d3bf0430301204eb369c7a8cb1ecb4338da141b3e557,positive_parity,0,512,54,True,False,False,False,False,False,False,False,False,False,False
355,00355.json,d5ca975446012c8bfd1487c43cd413c1f9441ce89dfbf72f162aaf94efc5c334,positive_parity,0,512,55,True,False,False,False,False,False,False,False,False,False,False
356,00356.json,f81dfed3274bc4a34f49764ccff3c03ab57e2eb05fe5b881dce0be1aa1da43c2,positive_parity,0,512,56,True,False,False,False,False,False,False,False,False,False,False
357,00357.json,6b9af4c2d4a5c7f90c0dd8ca91f8655d89b511be60940c4ca48edddc1613e34d,positive_parity,0,512,57,True,False,False,False,False,False,False,False,False,False,False
358,00358.json,3feaa5ced8cf2445735c8d8d6ebd866d5909d005a63057fd251b778783f41c8e,positive_parity,0,512,58,True,False,False,False,False,False,False,False,False,False,False
359,00359.json,0fa9e87f0fa91394e360b62853797c12821b1feaebe9f5d64bc0767b499abbb0,positive_parity,0,512,59,True,False,False,False,False,False,False,False,False,False,False
360,00360.json,da24846cface3bf3fd2b54d8cbe0ecde0f5d768f33c1fb11faf242406ba3714a,positive_parity,0,512,60,True,False,False,False,False,False,False,False,False,False,False
361,00361.json,c38470053d49e6324c9f6f8f13cd32bfe30c76a676ddc0c137c8ea6493f70e9e,positive_parity,0,512,61,True,False,False,False,False,False,False,False,False,False,False
362,00362.json,1b2a0c7ebe477604703e1d3e4a345ac3f8c59bb4c71e890da530941e1ef27b88,positive_parity,0,512,62,True,False,False,False,False,False,False,False,False,False,False
363,00363.json,79217f23627eb190aba8d032087506a982ca98f207dfe6ecb9912c86a2a8e755,positive_parity,0,512,63,True,False,False,False,False,False,False,False,False,False,False
364,00364.json,6682a19dde526b1b3e5a968b57df5150fb0374e1f4393a0927e1f9d885deb01b,positive_parity,0,512,64,True,False,False,False,False,False,False,False,False,False,False
365,00365.json,50b03c05046250b8d96f49a4bcbdd8dfa7b0b498bd7df457d6249c4c15483b84,positive_parity,0,512,65,True,False,False,False,False,False,False,False,False,False,False
366,00366.json,0f98b00940d67c2b54aea70fdbcd7698c026a3bef9e44f6875813d0000ea6f44,positive_parity,0,512,66,True,False,False,False,False,False,False,False,False,False,False
367,00367.json,acc93300ea5587ff0745eba7652c62a2bdd3b5f95088c03af617382ea4aee7f6,positive_parity,0,512,67,True,False,False,False,False,False,False,False,False,False,False
368,00368.json,edd04608c6044909d7a3496462ce31839606ac8bc41fba3403e37191b6bd683b,positive_parity,0,512,68,True,False,False,False,False,False,False,False,False,False,False
369,00369.json,aad8c8051a5d868023533e98c3c954e799401d5228f5fab842b592a7c6283e22,positive_parity,0,512,69,True,False,False,False,False,False,False,False,False,False,False
370,00370.json,b8f0c156d2c6507a63f2b24eb93109164f2f9b7147e42448fc6adc046c13365d,positive_parity,0,512,70,True,False,False,False,False,False,False,False,False,False,False
371,00371.json,c50ac2c87d8cf86770d4ac43a21c7d78b32d26075d8a644e6a4f9fc6a90f87fa,positive_parity,0,512,71,True,False,False,False,False,False,False,False,False,False,False
372,00372.json,8d81233e17c32464b3af6893838d15efc51fd66d0e9f9ceff3a14f689b500dd4,positive_parity,0,512,72,True,False,False,False,False,False,False,False,False,False,False
373,00373.json,5d220633ca2c445cfc21da6633aa7a732da5979f6b7cd72202542e44d9dee063,positive_parity,0,512,73,True,False,False,False,False,False,False,False,False,False,False
374,00374.json,a788d9cbce47e0be991b74677919fd4d5b026435b2bbf8cb781a9fe34377ca2c,positive_parity,0,512,74,True,False,False,False,False,False,False,False,False,False,False
375,00375.json,95bd8d503e256558c19f0f20a9e6875a8b2a76052ca122aa8647a4f2569d33f7,positive_parity,0,512,75,True,False,False,False,False,False,False,False,False,False,False
376,00376.json,db4b0b333892a06f8e8e2664542eff2c84cc69a07c28612bd771f7d89ce96f29,positive_parity,0,512,76,True,False,False,False,False,False,False,False,False,False,False
377,00377.json,b68190ffd248efedd38b08b04a699704183286866a4c69c60ee35a58dce492fd,positive_parity,0,512,77,True,False,False,False,False,False,False,False,False,False,False
378,00378.json,e748f642c1ea9032ef42850e1b0a7bb9793cffae2bd1f75be1618e8bc371dfc6,positive_parity,0,512,78,True,False,False,False,False,False,False,False,False,False,False
379,00379.json,c17d46c10b076b2027be92ba7900bf408038a7fc2d413fbd2315d7b8785440d9,positive_parity,0,512,79,True,False,False,False,False,False,False,False,False,False,False
380,00380.json,4329d20ab381420af2f9db8fe2fc91d6dd5e8a5e8ba1a32570dd6548c71babd5,positive_parity,0,512,80,True,False,False,False,False,False,False,False,False,False,False
381,00381.json,d302f475f631a79b6a365915b496413936e0e4406b4955806deefd202dbb6e7a,positive_parity,0,512,81,True,False,False,False,False,False,False,False,False,False,False
382,00382.json,8fc697a9544979cbb4708284ca3b8986a42f3fc411cae23739f809cf0477c3cb,positive_parity,0,512,82,True,False,False,False,False,False,False,False,False,False,False
383,00383.json,1ca325a0dec62e8f9867a85ab5350a7df280710fb34cdcb7fc7f945775315d14,positive_parity,0,512,83,True,False,False,False,False,False,False,False,False,False,False
384,00384.json,bfcd4908893ac34d6a9fe844d05aaa536676001eb8c8409f9504074f2bb02cd5,positive_parity,0,512,84,True,False,False,False,False,False,False,False,False,False,False
385,00385.json,ae28472774335040302535cb140969d8caf07d28bc63ee87318617246278bc66,positive_parity,0,512,85,True,False,False,False,False,False,False,False,False,False,False
386,00386.json,ea5f1369935386e4e9f3d73de9818e31c96ab926a8af6582e7429cc2f5036a87,positive_parity,0,512,86,True,False,False,False,False,False,False,False,False,False,False
387,00387.json,19af2f001f54fab3b2272fc7c0ef505adcf2749dd058dfc9e6bb906ec7f16af1,positive_parity,0,512,87,True,False,False,False,False,False,False,False,False,False,False
388,00388.json,7f8272944ca3a19f9a99db8c33035aca5006653e32bc984ae8e26095b67fe8bd,positive_parity,0,512,88,True,False,False,False,False,False,False,False,False,False,False
389,00389.json,b4acc65e5cec0cb40091ea6361859d268343436b6898bfc68ef53a7b66344730,positive_parity,0,512,89,True,False,False,False,False,False,False,False,False,False,False
390,00390.json,5516b6d2942f2d8f935a5dc249373793ebd6d9e3ec2c8978e4148db883680648,positive_parity,0,512,90,True,False,False,False,False,False,False,False,False,False,False
391,00391.json,02da3ea8bfc3d18efd69a5fb2ab9d08279dfadb72dfe66c5cc041c065ca9cadc,positive_parity,0,512,91,True,False,False,False,False,False,False,False,False,False,False
392,00392.json,cf04cc55eb811cd2666d74db129365a2df312e0bd64b2e655c5b9acebc23f48a,positive_parity,0,512,92,True,False,False,False,False,False,False,False,False,False,False
393,00393.json,b8d42886000e11823ff153588a0bd8ffe8f2d6a4c57243a589a5b763bf541010,positive_parity,0,512,93,True,False,False,False,False,False,False,False,False,False,False
394,00394.json,d4b292258c28d6d9a2700d2e8e2ca896096667521f55c5437542f4654c84b88d,positive_parity,0,512,94,True,False,False,False,False,False,False,False,False,False,False
395,00395.json,5e6cc239d5782e6c1983a14f67863668ae2577663fbdaced599f318c6abf7b52,positive_parity,0,512,95,True,False,False,False,False,False,False,False,False,False,False
396,00396.json,a667f8ad81f8b0bb58c100534dfab41d01294a2d072bf0b35eae659ba15a987d,positive_parity,0,512,96,True,False,False,False,False,False,False,False,False,False,False
397,00397.json,fbed4e1227c0726a06cb7ee871590c92c0dde8975c4477157788d2d461743c93,positive_parity,0,512,97,True,False,False,False,False,False,False,False,False,False,False
398,00398.json,ce9d472922f55b47ce231756768b358302dff85c6df947e9274a275f14f7fed2,positive_parity,0,512,98,True,False,False,False,False,False,False,False,False,False,False
399,00399.json,f004b4dbf719b3f8abc5f57d48ddebc1367635191b868a053fd5bca8df53b645,positive_parity,0,512,99,True,False,False,False,False,False,False,False,False,False,False
400,00400.json,b54ebae76cfccad13478c84079bf6f5edceffc1cbc376c808579d7d5e0c4fd5b,positive_parity,0,1024,0,True,False,False,False,False,False,False,False,False,False,False
401,00401.json,cd7f4833962a9c1a37ed5234aa5dcab12b6fc476b53820d5fad57fe7c88913cf,positive_parity,0,1024,1,True,False,False,False,False,False,False,False,False,False,False
402,00402.json,6eda1c426dcc5a1590b9d4f9f7f26c412b1ed8fea3a077d0b5cb92c6474d41d8,positive_parity,0,1024,2,True,False,False,False,False,False,False,False,False,False,False
403,00403.json,3468a41a49e3a5652948f35c00f526fefd21281b80073011ea290db643f472d2,positive_parity,0,1024,3,True,False,False,False,False,False,False,False,False,False,False
404,00404.json,cc9f707d851290a0a3a175010e614453bc391ecd5973ea831b0ec9ae4f43d1fe,positive_parity,0,1024,4,True,False,False,False,False,False,False,False,False,False,False
405,00405.json,9f4fd4c60866b4d2850ed62e04f9475e333c9247a1ddc4c1c39e863af9a5c87a,positive_parity,0,1024,5,True,False,False,False,False,False,False,False,False,False,False
406,00406.json,ee594ec5b10e331478b6df06f1c3edcf3e50fe56abc85c49700bf7759e778280,positive_parity,0,1024,6,True,False,False,False,False,False,False,False,False,False,False
407,00407.json,0c027bd543619ef3c3a24f4c6c9688d136fec7869ccd019f7b16be0a5d53b1a8,positive_parity,0,1024,7,True,False,False,False,False,False,False,False,False,False,False
408,00408.json,0f529287e57de120930599727413e692b472afb4e69b252fd514643df093097a,positive_parity,0,1024,8,True,False,False,False,False,False,False,False,False,False,False
409,00409.json,1dc0d00b297a063a29656a5059c1fa53d19c6d4e03488c4fac2a8145805a5c9f,positive_parity,0,1024,9,True,False,False,False,False,False,False,False,False,False,False
410,00410.json,6e5703e4c3d48b1eac03774b74d9d2efdb9653c38c76782f67a28503095f7064,positive_parity,0,1024,10,True,False,False,False,False,False,False,False,False,False,False
411,00411.json,b59c6f7f73d4ace13e4476349a2535a5e87ba0091636816cfa57130f4284bc0e,positive_parity,0,1024,11,True,False,False,False,False,False,False,False,False,False,False
412,00412.json,07634ab9e3034d91f577c27855deb365c076520beea913fc4c491f6f792d4c57,positive_parity,0,1024,12,True,False,False,False,False,False,False,False,False,False,False
413,00413.json,83e6163936eac3a24705fbab2910afaffd01b8b202ae93cee84eaf5b0ea3850d,positive_parity,0,1024,13,True,False,False,False,False,False,False,False,False,False,False
414,00414.json,74d8b991fce39ae128890d82a417fc363c99394f30d453cdbb3c0d9af8022385,positive_parity,0,1024,14,True,False,False,False,False,False,False,False,False,False,False
415,00415.json,9673b9e8c1ad551f5d297789d5e315e3b62c9d35bede84ef53bf1353ae33bdd2,positive_parity,0,1024,15,True,False,False,False,False,False,False,False,False,False,False
416,00416.json,dd3c9bb2badcdacf157aade64b1c43ff9f4b5558db4bc4823b06b27d3815491a,positive_parity,0,1024,16,True,False,False,False,False,False,False,False,False,False,False
417,00417.json,be43864d81a3b74564684d59e7bc2ba701075e4685c83ab16bf684ced8a03cbc,positive_parity,0,1024,17,True,False,False,False,False,False,False,False,False,False,False
418,00418.json,aed642c534f8dea35e680bdd4a1e0343b0f51c5865477b7b79aaa75a53f4cd55,positive_parity,0,1024,18,True,False,False,False,False,False,False,False,False,False,False
419,00419.json,86ce72dc6ac9f1a147a1df368b0b6e931ee7830e7eb4d0bb412cbc916549089e,positive_parity,0,1024,19,True,False,False,False,False,False,False,False,False,False,False
420,00420.json,ad46b5469c80aa862ca2f25d7072bb783edc10b87365e3827fd022309024b833,positive_parity,0,1024,20,True,False,False,False,False,False,False,False,False,False,False
421,00421.json,6c8654c78c0103ed3a89e938e0859b481bdc22a594344f90ebb09908e2b32d57,positive_parity,0,1024,21,True,False,False,False,False,False,False,False,False,False,False
422,00422.json,703e5a958bc1f43c1ff907e35d89d205cc2829bfea58c7ca3c2c04fecd9461ea,positive_parity,0,1024,22,True,False,False,False,False,False,False,False,False,False,False
423,00423.json,d721e28f02f33c68f323cee78794fba98924351bc5db2006bf2f639d14ecffd1,positive_parity,0,1024,23,True,False,False,False,False,False,False,False,False,False,False
424,00424.json,a4e733b189461d5394bf8ebb5a69a86316e1395a8b9fd9e4a846004191fc7ccd,positive_parity,0,1024,24,True,False,False,False,False,False,False,False,False,False,False
425,00425.json,c8b83dedfc75b5b4c146ec4e833ddfd877a8ebef207ac4b181351414054a287e,positive_parity,0,1024,25,True,False,False,False,False,False,False,False,False,False,False
426,00426.json,e894e8fc3294c577c4b411fff0afba48854ffd4bd24a6a54412a907cf4ff32d4,positive_parity,0,1024,26,True,False,False,False,False,False,False,False,False,False,False
427,00427.json,7967123837fe55ad144c21e56649f4893d30f2bcd51215737361d7c48faef61a,positive_parity,0,1024,27,True,False,False,False,False,False,False,False,False,False,False
428,00428.json,b43b3df28bb4d70dc14a6bc5de168210d3fb71e4b23deea43519866b828b504a,positive_parity,0,1024,28,True,False,False,False,False,False,False,False,False,False,False
429,00429.json,dfed936523e1e2e3a5d6dc46286e702aeb95e78df2966b5e01760aad151fdafb,positive_parity,0,1024,29,True,False,False,False,False,False,False,False,False,False,False
430,00430.json,2b7ab0f5d790f76bb861d7a42c208a31226beb06c997cf85cc0d34ebe18d8143,positive_parity,0,1024,30,True,False,False,False,False,False,False,False,False,False,False
431,00431.json,12fd8b0630ec6200dab821a51472c9c65d0f0cb5a93eeea0d819250674b1577d,positive_parity,0,1024,31,True,False,False,False,False,False,False,False,False,False,False
432,00432.json,84f3a0688191963ae5855a71eabf65bd3e3f9d35171b791ec5671f6b677aa08d,positive_parity,0,1024,32,True,False,False,False,False,False,False,False,False,False,False
433,00433.json,809bece7aa6e1b1ae7ed3ce77390b4c73502651890f51ee270ae0365d29464e5,positive_parity,0,1024,33,True,False,False,False,False,False,False,False,False,False,False
434,00434.json,92bcaad76970a0092ca7c2c510d18f411ad43aaeec59e93bea0e20b81a0ccb70,positive_parity,0,1024,34,True,False,False,False,False,False,False,False,False,False,False
435,00435.json,ea3b897c621e8bbb542df3c0b22ea776561913e27298787c25ca81b7689d82ed,positive_parity,0,1024,35,True,False,False,False,False,False,False,False,False,False,False
436,00436.json,27c2d09938e29526bcb6b35d5e480451900ca63337dae3d71db497cabefbbd46,positive_parity,0,1024,36,True,False,False,False,False,False,False,False,False,False,False
437,00437.json,483291b412602d0d920668e450296265da86876d9f77e4dca30a36bbf99627c3,positive_parity,0,1024,37,True,False,False,False,False,False,False,False,False,False,False
438,00438.json,0bd831d79d88504c03d87449496b46d6cee8067498135c6b2f2168dc70d791af,positive_parity,0,1024,38,True,False,False,False,False,False,False,False,False,False,False
439,00439.json,c535d796ab4d72250f255b4712cdce702b064342def268402adb6b60b7dc3eb9,positive_parity,0,1024,39,True,False,False,False,False,False,False,False,False,False,False
440,00440.json,907b1d0d11a5300cfdeb3c6dfa60d6df5e12f05acd9bebff6bff7f9ff9dcbf7d,positive_parity,0,1024,40,True,False,False,False,False,False,False,False,False,False,False
441,00441.json,8e927ea6ff8817fb145862251f87b6624082df5d08125f571df5b4ee5758e941,positive_parity,0,1024,41,True,False,False,False,False,False,False,False,False,False,False
442,00442.json,7490a272377bb47a5fb1d8092a55ffe9b289f026f6392c048226bef4d4a27f17,positive_parity,0,1024,42,True,False,False,False,False,False,False,False,False,False,False
443,00443.json,923feb3d68a7a11698d9640e9e20b9a3b89e7a96f223ba24dd7980f26ec4be7b,positive_parity,0,1024,43,True,False,False,False,False,False,False,False,False,False,False
444,00444.json,dca9c3d88e8e5d37ddfcd4e76688e5435f1d5182e81dd367d3697d7f752f163c,positive_parity,0,1024,44,True,False,False,False,False,False,False,False,False,False,False
445,00445.json,cc4072bfc87cafd99d707c8e1b9c4bcac90cafeb65a04eb343dc8bfce015c73b,positive_parity,0,1024,45,True,False,False,False,False,False,False,False,False,False,False
446,00446.json,bb397eedf8f779ed00dd9c626df8c25b9a7e1c4c95e087f97e4fdf4c79246065,positive_parity,0,1024,46,True,False,False,False,False,False,False,False,False,False,False
447,00447.json,632458d07a00e455492d8e496c304715e2f1751fce67cbafc2b360fa22d42715,positive_parity,0,1024,47,True,False,False,False,False,False,False,False,False,False,False
448,00448.json,a42107e8db427f1dfce6ab2e5206f7d9da3507d20ef6ec175a779e5c702f2f8b,positive_parity,0,1024,48,True,False,False,False,False,False,False,False,False,False,False
449,00449.json,f662715c41d136dfa37bd5516018a2535deed50888d7e5110fad385af636495f,positive_parity,0,1024,49,True,False,False,False,False,False,False,False,False,False,False
450,00450.json,9eaf810619c9e9c2adc6fee8c61c59bbc8239c43b8cafc6a704f00ab78dc0704,positive_parity,0,1024,50,True,False,False,False,False,False,False,False,False,False,False
451,00451.json,01445c354c0fbd660682f738254e606b526adbca882017d2f4edaf9e0eea8e1a,positive_parity,0,1024,51,True,False,False,False,False,False,False,False,False,False,False
452,00452.json,56bf3045e9db34f41b44f869b57b0f47e44626dd0eac381ed65b669d713d4d06,positive_parity,0,1024,52,True,False,False,False,False,False,False,False,False,False,False
453,00453.json,262468358fea76bc3dc51e8ff1f6f962847d444d684ee732207ebd4199ef5253,positive_parity,0,1024,53,True,False,False,False,False,False,False,False,False,False,False
454,00454.json,bbc3a9c6595b438477ba32230dbda209937dd6b4aade581a45496f889013fe8c,positive_parity,0,1024,54,True,False,False,False,False,False,False,False,False,False,False
455,00455.json,33facec90f6d8e1c0c5a7fdc303b3e001659ce6e9926e0c1d207c2d050508455,positive_parity,0,1024,55,True,False,False,False,False,False,False,False,False,False,False
456,00456.json,9ee6cab597aeb5729af9199dd355a3a151cb06d614ab87caa2167ea450122526,positive_parity,0,1024,56,True,False,False,False,False,False,False,False,False,False,False
457,00457.json,a700ddee50a04be0fb023fb977d9100102c443eff4f04bf077750f75afdd0500,positive_parity,0,1024,57,True,False,False,False,False,False,False,False,False,False,False
458,00458.json,a5672e60719864028574a946ded86ab2059bb09b8d53a5f9049434a6809af44a,positive_parity,0,1024,58,True,False,False,False,False,False,False,False,False,False,False
459,00459.json,6622f79dff90756ada14c22bcf36b0d57748ca3163d4e6a52e9bc7e5f17391c7,positive_parity,0,1024,59,True,False,False,False,False,False,False,False,False,False,False
460,00460.json,f91bfa29014657cfbf7bccfae2d4f6fb4a2a2f2514d920e99891c481a14aa6cb,positive_parity,0,1024,60,True,False,False,False,False,False,False,False,False,False,False
461,00461.json,78e322ddfebeb18762e0e4c0323a18b6ce42c5397560127530d843468d8e5ce8,positive_parity,0,1024,61,True,False,False,False,False,False,False,False,False,False,False
462,00462.json,46550f7f5100da71fc4df3a02b293d9b9bdb1001bd2110ea2e5fc042fd88a6c2,positive_parity,0,1024,62,True,False,False,False,False,False,False,False,False,False,False
463,00463.json,252ebc40f867a2fa0eb6cde54c1a91b7f23001ef7fe9d4f9cbe3087cf6b939e5,positive_parity,0,1024,63,True,False,False,False,False,False,False,False,False,False,False
464,00464.json,189120276b547c4fd1a0d466243887b79a9774baa17206d98c020f0ee3be6c3d,positive_parity,0,1024,64,True,False,False,False,False,False,False,False,False,False,False
465,00465.json,617b41f16740dc2131feaa73e7e7d47d64089d7907b88c91c625c54ba22c0af6,positive_parity,0,1024,65,True,False,False,False,False,False,False,False,False,False,False
466,00466.json,61dfb98b5f71d1112601370e079a2bdd56e4860c599d8405ccc75c7cb217beb5,positive_parity,0,1024,66,True,False,False,False,False,False,False,False,False,False,False
467,00467.json,0dd28c3bc0b3591c117152f008f41efd065e857a7f8572b438e68b523a5e7711,positive_parity,0,1024,67,True,False,False,False,False,False,False,False,False,False,False
468,00468.json,2fea4567d6c987b25bc0497dfbfe038b5724dd63b0f268eaa6c2b5478083f616,positive_parity,0,1024,68,True,False,False,False,False,False,False,False,False,False,False
469,00469.json,06f5284e2594f06f759ac50b4a249404382fdc05becc0d7be767f0ccb32dc0ad,positive_parity,0,1024,69,True,False,False,False,False,False,False,False,False,False,False
470,00470.json,7badbe27822c2fe6cd88e7839bf71fb27468d5bfaefe21b8e9340cfbea241b16,positive_parity,0,1024,70,True,False,False,False,False,False,False,False,False,False,False
471,00471.json,6fe1c63e1bd2779a65e2d4f73fa2b995410098388d296c00d9dd10f757b504e3,positive_parity,0,1024,71,True,False,False,False,False,False,False,False,False,False,False
472,00472.json,9a4173d22b764b3d027b6bfa0b3c46312a4f92c03edad7d048ecf7fead34806b,positive_parity,0,1024,72,True,False,False,False,False,False,False,False,False,False,False
473,00473.json,157bd6b9dc1feb7d3e89d424b23768d0ac68c5592110453fab44b7294d21ef76,positive_parity,0,1024,73,True,False,False,False,False,False,False,False,False,False,False
474,00474.json,fc1e387cb6f1dbcf3c018f530f79cdd6314421ee72e7e6102166c47218571f1a,positive_parity,0,1024,74,True,False,False,False,False,False,False,False,False,False,False
475,00475.json,0ab136a68b9dd55dc7fceadd2cd6ea88904906a4e069a5640ccad8212c524b28,positive_parity,0,1024,75,True,False,False,False,False,False,False,False,False,False,False
476,00476.json,abc2cc12fb5494aa981d80de870009524a0eec7bace672c0e3d463435e04722a,positive_parity,0,1024,76,True,False,False,False,False,False,False,False,False,False,False
477,00477.json,3d371227028a7329708a803bf2db62af47b2400275e01206f79931edfcada0bf,positive_parity,0,1024,77,True,False,False,False,False,False,False,False,False,False,False
478,00478.json,2e36bc72b33b7e58d9abc7245105480568f0a68eac2e3ed856bc2351fc59d4cb,positive_parity,0,1024,78,True,False,False,False,False,False,False,False,False,False,False
479,00479.json,a86cbe4e0e2473c4d17688ee12712b66bb819b0fa45c78392121696fa8aaae84,positive_parity,0,1024,79,True,False,False,False,False,False,False,False,False,False,False
480,00480.json,c4b4c85f74939967f8ed7b1a0d5b6ae7de395338f7d9792c71a98e4b75d5638c,positive_parity,0,1024,80,True,False,False,False,False,False,False,False,False,False,False
481,00481.json,4e0e5f78fc6c3e457596836d4b528f17b50f2beb8e221ed03f6b043d25baee83,positive_parity,0,1024,81,True,False,False,False,False,False,False,False,False,False,False
482,00482.json,1f5ac9fa3cf7e163f3659ac0fae6f9ff1234ab9b3c07f1979c3c51a88ec53385,positive_parity,0,1024,82,True,False,False,False,False,False,False,False,False,False,False
483,00483.json,a72bce2434066bc90f1a0a0a191f545e5921ac27146e1dbb6fb08a75b2eab8f1,positive_parity,0,1024,83,True,False,False,False,False,False,False,False,False,False,False
484,00484.json,1153fd2355dd0ce465701f930af47f9a846f71c4fd28f1107db8f065f3e70729,positive_parity,0,1024,84,True,False,False,False,False,False,False,False,False,False,False
485,00485.json,33de6a45b5211c47f266896c5f37a6849909971a6beed495cf2faf54346b6c14,positive_parity,0,1024,85,True,False,False,False,False,False,False,False,False,False,False
486,00486.json,5ea59398cc736f438573a17b1cdf9bb3b1243ee090b2416c38ba5033c8b322ff,positive_parity,0,1024,86,True,False,False,False,False,False,False,False,False,False,False
487,00487.json,57f3ea0ba989b7b3805d260b19f04cb1f208ebad39b1f94abae1fa2a29cf71cc,positive_parity,0,1024,87,True,False,False,False,False,False,False,False,False,False,False
488,00488.json,c3a4bc969be27e29d018d216865f013f4aa71000091aa287324468b7cb49150e,positive_parity,0,1024,88,True,False,False,False,False,False,False,False,False,False,False
489,00489.json,3e22317e34a379f891c1744d671434b510f1c696e346b64e09e94bb1e9b3c3bb,positive_parity,0,1024,89,True,False,False,False,False,False,False,False,False,False,False
490,00490.json,38fe237d0308e9bc5f68774b64c6c5be829ca1a7e72a6c54ffb1e65f7fff8379,positive_parity,0,1024,90,True,False,False,False,False,False,False,False,False,False,False
491,00491.json,8307d16991f11f106cec4210fe22d9a0a130d78defd5c7dd06192f1dec67111c,positive_parity,0,1024,91,True,False,False,False,False,False,False,False,False,False,False
492,00492.json,d8350a74cacecce83f89e2ddc88c575ed55d402cb0f772a113d733d0b88546f0,positive_parity,0,1024,92,True,False,False,False,False,False,False,False,False,False,False
493,00493.json,196d2c9fac3031b1c8bbf68f9299b9128de0c3ae8562865903d0dcfe6de7801a,positive_parity,0,1024,93,True,False,False,False,False,False,False,False,False,False,False
494,00494.json,ecf88b906af2131a248d8a082c34254951e9991ce7cb744faa2995ec6f7bd109,positive_parity,0,1024,94,True,False,False,False,False,False,False,False,False,False,False
495,00495.json,f4445a05bd3159e989cbf7d88a4d15cfb9cabceac6b9a15562e3a90c778e231f,positive_parity,0,1024,95,True,False,False,False,False,False,False,False,False,False,False
496,00496.json,630da7bb401f79763ae304c7b55628f55e51f92a8b8ae18041e963629fc4e886,positive_parity,0,1024,96,True,False,False,False,False,False,False,False,False,False,False
497,00497.json,5d4f75aa1fab97203c75d145510dd41633d7f06fe7e3df0c1e5398b78dcb26d3,positive_parity,0,1024,97,True,False,False,False,False,False,False,False,False,False,False
498,00498.json,895e98198e553e74e2192f001c400f3bee31b1d5771107c062b9ef5f41a285fc,positive_parity,0,1024,98,True,False,False,False,False,False,False,False,False,False,False
499,00499.json,c38c28362f4f1a54faad4882080481e0cd7187b6edde2b91c4c090fe9bed37dd,positive_parity,0,1024,99,True,False,False,False,False,False,False,False,False,False,False
500,00500.json,ab0556d77ceafadb0dcf54d0bb752191670c35310b889776bf92620bae64523c,positive_parity,0,4096,0,True,False,False,False,False,False,False,False,False,False,False
501,00501.json,57fd412b1c675b8ad841bd917e27e10056439521cf2b1747ee0653c094000c11,positive_parity,0,4096,1,True,False,False,False,False,False,False,False,False,False,False
502,00502.json,3bbb7d1bf2daccb4b0d46e845c4a4825a5189bbf9e06a8d24934470d1267f8a0,positive_parity,0,4096,2,True,False,False,False,False,False,False,False,False,False,False
503,00503.json,2cb80418623ef146a560cc7029a922e2883bc9e63e8c534fab98cda1c8c35594,positive_parity,0,4096,3,True,False,False,False,False,False,False,False,False,False,False
504,00504.json,01853cdd59ed784427950d3de35cbcbc5e52a75f7018500f253e0122fb64657c,positive_parity,0,4096,4,True,False,False,False,False,False,False,False,False,False,False
505,00505.json,c77367eb81f68adae583471a90f6396645e625da29f8370110155f762e821235,positive_parity,0,4096,5,True,False,False,False,False,False,False,False,False,False,False
506,00506.json,41e290791883179cf0c3e90631860a35ede10ac6765405bef20d5043d650506c,positive_parity,0,4096,6,True,False,False,False,False,False,False,False,False,False,False
507,00507.json,42b869c096a9c6e4181a307854dd264c6ec23f08b63a98293fef3a614376f5fe,positive_parity,0,4096,7,True,False,False,False,False,False,False,False,False,False,False
508,00508.json,8d6e4f2aa2d59ac220e30d51056080140a7754ae79ddc1caacc490228514895b,positive_parity,0,4096,8,True,False,False,False,False,False,False,False,False,False,False
509,00509.json,025c598d044012e8a95edbc5ce3b7c9e26d6be62ad5a6f390f00674719420f0e,positive_parity,0,4096,9,True,False,False,False,False,False,False,False,False,False,False
510,00510.json,a2478bb96c6e6d66081f8782ffcb43b425e999fa20e3843532c7e72c9d437a7d,positive_parity,0,4096,10,True,False,False,False,False,False,False,False,False,False,False
511,00511.json,69f4caa8f78b27148cb693672fedcd358372f86467b7e4a47ad4fcd695bead48,positive_parity,0,4096,11,True,False,False,False,False,False,False,False,False,False,False
512,00512.json,3e17fe95c2db8fb173ee3a4af4dad6b37db2863469367058a6f2043c3c66649e,positive_parity,0,4096,12,True,False,False,False,False,False,False,False,False,False,False
513,00513.json,94072843276765d54ed0982c2e25bda2b4ae310af4c8e196f77e7a770b2865c4,positive_parity,0,4096,13,True,False,False,False,False,False,False,False,False,False,False
514,00514.json,a8483845bfe558ba220eec813a6637d6ee528e06aea01007a9163c52e1a5492b,positive_parity,0,4096,14,True,False,False,False,False,False,False,False,False,False,False
515,00515.json,98da58fac60cd0290d0e58ec96194a31a979d7d5034570b98da4149d89f0a37a,positive_parity,0,4096,15,True,False,False,False,False,False,False,False,False,False,False
516,00516.json,43b90faac97bedcc6b92a76fa6be6fd287110542c71d25e5a6733c6e8542f395,positive_parity,0,4096,16,True,False,False,False,False,False,False,False,False,False,False
517,00517.json,41a6c558cb734cad01b2065fae41ad70a91c52a6c4cfe5b9909312828a0ea727,positive_parity,0,4096,17,True,False,False,False,False,False,False,False,False,False,False
518,00518.json,3404a347e5c847b91ddb5f88443bb7e0a07a3fabcd8325ca4f4c680edbc1e9e5,positive_parity,0,4096,18,True,False,False,False,False,False,False,False,False,False,False
519,00519.json,bbefdfbf5477701949aadcbd190253b07ee09b8729b8c64aa1654327ed8b5628,positive_parity,0,4096,19,True,False,False,False,False,False,False,False,False,False,False
520,00520.json,8639f3d2c1ad3a1ed2b5db9fdc83f27770f9381a82933884070212d073579611,positive_parity,0,4096,20,True,False,False,False,False,False,False,False,False,False,False
521,00521.json,14a4c6135235d05205bb7502a1e4159aed22c8ce644be25fa60b1187447f37c5,positive_parity,0,4096,21,True,False,False,False,False,False,False,False,False,False,False
522,00522.json,003dbea24916c3134a1d612db5ae5bd281ba292899ce726ae6da270806fb30ad,positive_parity,0,4096,22,True,False,False,False,False,False,False,False,False,False,False
523,00523.json,aad58fdc1f43b83bcc8203f639e8279ece8551f9009fc961f29f033883a33720,positive_parity,0,4096,23,True,False,False,False,False,False,False,False,False,False,False
524,00524.json,6055559709f020a40821660f6bab43e2b84449de44adc30f03d1ccffe159cee2,positive_parity,0,4096,24,True,False,False,False,False,False,False,False,False,False,False
525,00525.json,439760b76ce4dc9f6424b49dfb0145516e47705ee8fa100d8fbc17bbae322f5b,positive_parity,0,4096,25,True,False,False,False,False,False,False,False,False,False,False
526,00526.json,79e2bf55ffddda36d570e3d8bc6991faee61ce0223869823893bc88b035f9dfc,positive_parity,0,4096,26,True,False,False,False,False,False,False,False,False,False,False
527,00527.json,b6ace7ce7f09e0b8863f760e9b177134ede10dd60fede279488fb16ca41ca85d,positive_parity,0,4096,27,True,False,False,False,False,False,False,False,False,False,False
528,00528.json,367f90644b5442621b7c8e9035ee0a2cc3f4b33387993c3a4a8ecebf34774235,positive_parity,0,4096,28,True,False,False,False,False,False,False,False,False,False,False
529,00529.json,7fc0644da2be2b3f00d8782babcfcc08d96abd4ff07163ff7b373ae7f8800bb5,positive_parity,0,4096,29,True,False,False,False,False,False,False,False,False,False,False
530,00530.json,9934feb5c432b55cdb48f9601c84090be633f4e079ad168b284b4a4251d46281,positive_parity,0,4096,30,True,False,False,False,False,False,False,False,False,False,False
531,00531.json,2be3ca165629026c77dc148d9958cc1d0206d9dfde9858d735eb5e4884467eae,positive_parity,0,4096,31,True,False,False,False,False,False,False,False,False,False,False
532,00532.json,a9f3fbed13dd6591cb35ec5edf2e11b82469d387dbd986f8f99f3b46c9d75a69,positive_parity,0,4096,32,True,False,False,False,False,False,False,False,False,False,False
533,00533.json,539d0f0235fbd5c3e1b28bcf52f2e3efea043f9cd1e607bdfe2e574cc6151da1,positive_parity,0,4096,33,True,False,False,False,False,False,False,False,False,False,False
534,00534.json,6462f241cc7c1b27847e2dd15a3f378bd491e2805e8e0c4d9882db6276d2361d,positive_parity,0,4096,34,True,False,False,False,False,False,False,False,False,False,False
535,00535.json,140346f89e1e9c1b149177c7228ddf4a7c7aba0c4a4d569dcc802ed43ded94d6,positive_parity,0,4096,35,True,False,False,False,False,False,False,False,False,False,False
536,00536.json,a92f12d1fdf72e0c1114592361cd2e1cdf682c6d9d0fda4f69cb51d108b0aeda,positive_parity,0,4096,36,True,False,False,False,False,False,False,False,False,False,False
537,00537.json,ca0de0d2cbbdabeffea8723b665fc4f77fe1120a94670d4a59581f24ada93d5a,positive_parity,0,4096,37,True,False,False,False,False,False,False,False,False,False,False
538,00538.json,bf8867d1723066334ffda7fb0d5650842cbbec8c52ebecfd0dba31c958f79a25,positive_parity,0,4096,38,True,False,False,False,False,False,False,False,False,False,False
539,00539.json,ad270f7e41db45840ec8fbcb1b3670d28c376262a3247c84f10e10654775a99c,positive_parity,0,4096,39,True,False,False,False,False,False,False,False,False,False,False
540,00540.json,628467d2dce2f9b70e2a3ac32a9858d83049a9b20900751183be48c9c0c1c8be,positive_parity,0,4096,40,True,False,False,False,False,False,False,False,False,False,False
541,00541.json,e3692dc3698045ed66e8261c9d3f5671171c6e8b9aee3dfe872a4d57c793ae14,positive_parity,0,4096,41,True,False,False,False,False,False,False,False,False,False,False
542,00542.json,c1cc88e520bd2d1612855532cf2c41717db4efbb5967b87dbdea1b9c92fb8f34,positive_parity,0,4096,42,True,False,False,False,False,False,False,False,False,False,False
543,00543.json,75783b31b437d1fe9d55431c504b631cd2ea4d14e361cd330ff4bb7a714e05e3,positive_parity,0,4096,43,True,False,False,False,False,False,False,False,False,False,False
544,00544.json,063d6e7aa7d973462cf94d8bca993f5cc8d265d143303fd699ff1f601f568fbc,positive_parity,0,4096,44,True,False,False,False,False,False,False,False,False,False,False
545,00545.json,576457afcb25df742b8854d7979ca898b16246b78f7b843c82979871a74be21a,positive_parity,0,4096,45,True,False,False,False,False,False,False,False,False,False,False
546,00546.json,745dc190d2228ed82075f9dcc05311ab15884a46363e9aa0ffdd8c8163250dea,positive_parity,0,4096,46,True,False,False,False,False,False,False,False,False,False,False
547,00547.json,08c2cdc2bf165342bfeb9b56b641b35988b7eeeffe6d63e8294ed41a335d6d3f,positive_parity,0,4096,47,True,False,False,False,False,False,False,False,False,False,False
548,00548.json,d61f086355c73696cd4f646d42ac4379c03548cc88c7831e54a673f4a804a4f4,positive_parity,0,4096,48,True,False,False,False,False,False,False,False,False,False,False
549,00549.json,6eda5d550aed74ba12ed17bf9b9dc9799251f0dcb4b897fef4f7d7b37d6c9fe3,positive_parity,0,4096,49,True,False,False,False,False,False,False,False,False,False,False
550,00550.json,ae7d4c724045a0e06487b5da8d8bc9b26bf740afb34452003695288863eaa0ea,positive_parity,0,4096,50,True,False,False,False,False,False,False,False,False,False,False
551,00551.json,95424e82c7d37dcc068b4396bf12b87c39c663ead4dd5b7c757c4a5e2396bd37,positive_parity,0,4096,51,True,False,False,False,False,False,False,False,False,False,False
552,00552.json,3d0def4898375cdae011fc7a7f597798c2ae1d9b2407ab7661c53e9d4c9e5e23,positive_parity,0,4096,52,True,False,False,False,False,False,False,False,False,False,False
553,00553.json,1041cb2bbacb3e51cd66b8a863f55b0499d90cd943c5652f6f3570d9c8c337a8,positive_parity,0,4096,53,True,False,False,False,False,False,False,False,False,False,False
554,00554.json,24fc10b8efc0021a0949ac012ebc130e7a2384636412d6843d172a9767b2d776,positive_parity,0,4096,54,True,False,False,False,False,False,False,False,False,False,False
555,00555.json,bcb5ba89eb231cf7ee5548bab66e4a953c1eca2a5fbaebd863303ec53b64fee5,positive_parity,0,4096,55,True,False,False,False,False,False,False,False,False,False,False
556,00556.json,5c41d5d3ebbd5e44b49946f83952db6c06716f3ec5d97bbac95efa37f56071c7,positive_parity,0,4096,56,True,False,False,False,False,False,False,False,False,False,False
557,00557.json,e68958f8e55ebe86f8b1f8c1d3839c8df5639e04cb7eb949e04a756ae69d029e,positive_parity,0,4096,57,True,False,False,False,False,False,False,False,False,False,False
558,00558.json,480d3df7499eefee12a7a138b634fa50cc4a95efc7ade82b5bb0ee6ba2d9c4ba,positive_parity,0,4096,58,True,False,False,False,False,False,False,False,False,False,False
559,00559.json,cdf741a09d8f14aed638f4a5d052e37bc940e4c415ac7a14fd61889c2e086514,positive_parity,0,4096,59,True,False,False,False,False,False,False,False,False,False,False
560,00560.json,75928e9e0cb4f955924704e66274068b3074857d2b07a7dbe7f569e1d7ac8c12,positive_parity,0,4096,60,True,False,False,False,False,False,False,False,False,False,False
561,00561.json,6ddc9eb23b0b587e02a8d3a2bf30f8467a352c364f8bd6115c798c47440044bd,positive_parity,0,4096,61,True,False,False,False,False,False,False,False,False,False,False
562,00562.json,9785e05c9182725e6024f267adb3823e351c51ceaacffffb61c24588ffd6b546,positive_parity,0,4096,62,True,False,False,False,False,False,False,False,False,False,False
563,00563.json,2eded7e046923f19b2bc791a77c9799d0d708452ca49cc117a1550ec0d8c2a60,positive_parity,0,4096,63,True,False,False,False,False,False,False,False,False,False,False
564,00564.json,263f10071df51ea2ad43e980dea706f8dd747dc5afab552ee1603dfbf6c32d72,positive_parity,0,4096,64,True,False,False,False,False,False,False,False,False,False,False
565,00565.json,92b61d20ae01645bc23e44fa5985cb9ae01bb8bbb3872535a1b43a342729d591,positive_parity,0,4096,65,True,False,False,False,False,False,False,False,False,False,False
566,00566.json,aa636472fdb8438bb107b6f122167e97675fc075c2a772e639bf0302ffc91c29,positive_parity,0,4096,66,True,False,False,False,False,False,False,False,False,False,False
567,00567.json,28a82d10fa2cadeaf622be7be762b2662002a2d34136356c6b976a9bb13c5cbb,positive_parity,0,4096,67,True,False,False,False,False,False,False,False,False,False,False
568,00568.json,9330b53cb1c7eee0b0dccc1815517527c8e1aeb409dfe919c3db4c5d7099f57f,positive_parity,0,4096,68,True,False,False,False,False,False,False,False,False,False,False
569,00569.json,05d11c7c7a702368f0cbd00fb0424109d77ac6b53f8d2d5bda89c20547ba30a3,positive_parity,0,4096,69,True,False,False,False,False,False,False,False,False,False,False
570,00570.json,aa66bcb4198038e94dc7e1ef272cd0d8f3dd25f0b0b4b9d8366ca03952cb09f2,positive_parity,0,4096,70,True,False,False,False,False,False,False,False,False,False,False
571,00571.json,2816579e5f87200d5f3f6f3a66b59673f42ca0b706bdd16fa7c0063e18182311,positive_parity,0,4096,71,True,False,False,False,False,False,False,False,False,False,False
572,00572.json,1b7d4ed52944fda36f41b273087704f9db5c895c239861360b20dee4b0322861,positive_parity,0,4096,72,True,False,False,False,False,False,False,False,False,False,False
573,00573.json,cfafc4de4d65a1fe1fab521d94b817a4a398094f7ac78de827be55a7b6856da0,positive_parity,0,4096,73,True,False,False,False,False,False,False,False,False,False,False
574,00574.json,14bc0cfc4907008fd96bc21a681cdd9cf9e479e56fba2991d8cf7b48aaefbc19,positive_parity,0,4096,74,True,False,False,False,False,False,False,False,False,False,False
575,00575.json,7f7edba2313853a5d42ff23c508f69a37820779ca93ebce88dff9f39dcb33e44,positive_parity,0,4096,75,True,False,False,False,False,False,False,False,False,False,False
576,00576.json,bccc9c31da32206929379e82cd3c6658895fb29d4b57525a2f16b8a9438c1cbf,positive_parity,0,4096,76,True,False,False,False,False,False,False,False,False,False,False
577,00577.json,61bdfecfcf29f0ab26208569e77b3add386ccc05cea18497ec5fca218c355996,positive_parity,0,4096,77,True,False,False,False,False,False,False,False,False,False,False
578,00578.json,fd8e2798c98fa75bcb66aad8cfc40dc87f989e043878e54fdf692ed594cf2726,positive_parity,0,4096,78,True,False,False,False,False,False,False,False,False,False,False
579,00579.json,5815e3656be89d4fd8c89d16ef98ad6296d81f8d54d43133309c782d0a21b219,positive_parity,0,4096,79,True,False,False,False,False,False,False,False,False,False,False
580,00580.json,ac3e201b7c7040249095fd8d4c1e7b39467f8afd5bd7a92cd95d7bb3221394d8,positive_parity,0,4096,80,True,False,False,False,False,False,False,False,False,False,False
581,00581.json,2834002077798b1b0866eba9978353d56f02e406b2c6f65e7238338e8e0706d1,positive_parity,0,4096,81,True,False,False,False,False,False,False,False,False,False,False
582,00582.json,dc90d8549190d7a012f0120c0727a8e6434fa0ea0b471807c14e39d0d04eb045,positive_parity,0,4096,82,True,False,False,False,False,False,False,False,False,False,False
583,00583.json,49f4124549f0b5f16881efdb378d8aa15adc999d09fbdc5e85413d48a54b784c,positive_parity,0,4096,83,True,False,False,False,False,False,False,False,False,False,False
584,00584.json,c88b25cd20d36e1e4978cdc05ac0ff29690d69b40e9deba7f681ab1105695cef,positive_parity,0,4096,84,True,False,False,False,False,False,False,False,False,False,False
585,00585.json,8ef833628fc010a86587ecbd33a05ec7bbba52af2c519975f284447f8bf3fabd,positive_parity,0,4096,85,True,False,False,False,False,False,False,False,False,False,False
586,00586.json,69d8ac88a54e9dfeb74093ff8e6a550ab0e32e5a213c34da37aa3694112d10d1,positive_parity,0,4096,86,True,False,False,False,False,False,False,False,False,False,False
587,00587.json,3b50db1ff2a9011372dfc31e299147d2a99b0ff27311aa8543d4f3281670d368,positive_parity,0,4096,87,True,False,False,False,False,False,False,False,False,False,False
588,00588.json,a0e262daa24d7d2cb7ebe8bdbed9d059e67ce4a9ea84bfd5ea5f7add391a297e,positive_parity,0,4096,88,True,False,False,False,False,False,False,False,False,False,False
589,00589.json,35737949430bace6294bd1fffa2eca7bed04aba24470d739dac97ed6087335d5,positive_parity,0,4096,89,True,False,False,False,False,False,False,False,False,False,False
590,00590.json,d9669b79294ddf0ee07057913bd7061dd2dc51995a862af1ffb5374d7f16ddc3,positive_parity,0,4096,90,True,False,False,False,False,False,False,False,False,False,False
591,00591.json,19f87d71cad4798018417ecab486eca106e9e519f5fefdf79c35d9bbb8768840,positive_parity,0,4096,91,True,False,False,False,False,False,False,False,False,False,False
592,00592.json,edff9e7bd19d45b9b5714abb53bdb4c3bed2c76f2bc72ace439fa6f21799f8d7,positive_parity,0,4096,92,True,False,False,False,False,False,False,False,False,False,False
593,00593.json,c3023ad8079b20a048ba2e1ca1e35be23f9c979b502a5f6b422af3ff21194c9e,positive_parity,0,4096,93,True,False,False,False,False,False,False,False,False,False,False
594,00594.json,9bde57df886de704568c755301f5501fb829c8e34b907857d6b6baffebfb85ff,positive_parity,0,4096,94,True,False,False,False,False,False,False,False,False,False,False
595,00595.json,46ad1eb8700c0824dd4d9eb126a7f0e9f0997d93f8d1346c2c527123c146c66b,positive_parity,0,4096,95,True,False,False,False,False,False,False,False,False,False,False
596,00596.json,39985e4425676947f2d8eb1b174645ce58ec641821559e4cba7b0209f2a39908,positive_parity,0,4096,96,True,False,False,False,False,False,False,False,False,False,False
597,00597.json,cd3137d569b59402dd94b4c20b5897661ebc39c936764b56c20c7612252c7d4a,positive_parity,0,4096,97,True,False,False,False,False,False,False,False,False,False,False
598,00598.json,cb0bc664811df52d9017de5c28fbc9b60a246257c4486a487b7a7019a55572cf,positive_parity,0,4096,98,True,False,False,False,False,False,False,False,False,False,False
599,00599.json,3b6e540fd1881d10070b2ea8b23b45641000b81d891a1e8ee71c085d786725de,positive_parity,0,4096,99,True,False,False,False,False,False,False,False,False,False,False
600,00600.json,46d971e85bfca209156e5aa5bcbdd24dd26806692f50ff42b076f6f1c57c3203,positive_parity,0,8192,0,True,False,False,False,False,False,False,False,False,False,False
601,00601.json,266dd6c4e294d5049cc11f0a35e1de51b222f9f2fb0b9794df848fb9655ca9cd,positive_parity,0,8192,1,True,False,False,False,False,False,False,False,False,False,False
602,00602.json,760f49d4ddd2dfdc491453cb4511cdb6ed524c61033c9b382ad24c082f46950c,positive_parity,0,8192,2,True,False,False,False,False,False,False,False,False,False,False
603,00603.json,9216103d04a6a3ba0a1380561ccc563352fecf4ee41ac900c55fe9587fca0ed8,positive_parity,0,8192,3,True,False,False,False,False,False,False,False,False,False,False
604,00604.json,a92d6daa224739803b546014406b8984f36113e906a875b0f0bc7195a0d966b6,positive_parity,0,8192,4,True,False,False,False,False,False,False,False,False,False,False
605,00605.json,2de7ad4ec525e4a134247280f9f4fd3eb29129874b219a2b71bab65e74040ed7,positive_parity,0,8192,5,True,False,False,False,False,False,False,False,False,False,False
606,00606.json,efc0b2fab05d92cc8e3a9460a05e4a2f03de0940f592479a4b3e496048781921,positive_parity,0,8192,6,True,False,False,False,False,False,False,False,False,False,False
607,00607.json,4d9b25334c8fcf74fc0e861c6e10578283ec7f0ab32b774c78a756025973fe3e,positive_parity,0,8192,7,True,False,False,False,False,False,False,False,False,False,False
608,00608.json,d8193c93faf91b9d8f7860530c1634bef43651364cd764e5985729558ae7a145,positive_parity,0,8192,8,True,False,False,False,False,False,False,False,False,False,False
609,00609.json,95f288fafc3598206888d27c862aa038d2644e5cd59c1ec2329a167c154b051b,positive_parity,0,8192,9,True,False,False,False,False,False,False,False,False,False,False
610,00610.json,e03d79e0a513a64cdf35ae5cb403779a1a7bb54c8d9b89b65c90b6e554c15668,positive_parity,0,8192,10,True,False,False,False,False,False,False,False,False,False,False
611,00611.json,b5af94186a3b6b3925c3e0ec73a030412557719764d36fd0a7c55055b0e69fc9,positive_parity,0,8192,11,True,False,False,False,False,False,False,False,False,False,False
612,00612.json,f471600444d1b998b874bebd2054f0eba9851da7155213bb6db405c42f0cf2ab,positive_parity,0,8192,12,True,False,False,False,False,False,False,False,False,False,False
613,00613.json,2411ccbe936418ac7a8b5d0a9db7f7dad456d0d70c0cee39f4e25c16dc158d2d,positive_parity,0,8192,13,True,False,False,False,False,False,False,False,False,False,False
614,00614.json,ffe2e1e87922875ed027f9b950ec0f74a49ef27c48acca61e87802072d60b591,positive_parity,0,8192,14,True,False,False,False,False,False,False,False,False,False,False
615,00615.json,312d88fe15e9a075429be3f67dadb9ca9865ce5349ee51cd77b56c944d2595d3,positive_parity,0,8192,15,True,False,False,False,False,False,False,False,False,False,False
616,00616.json,ac24ab0e2369ace0818f48305c33264f1aedd9b140be583d8d01bbb4f0199f3b,positive_parity,0,8192,16,True,False,False,False,False,False,False,False,False,False,False
617,00617.json,160845c9b12ef229a7eb731820d15a21d4bebd787f719ee51c521903c1635226,positive_parity,0,8192,17,True,False,False,False,False,False,False,False,False,False,False
618,00618.json,34e60c4b2fc2cd92650f98c5f02d493cc6dbd0a7a03f27ff4f9947d0c06147ff,positive_parity,0,8192,18,True,False,False,False,False,False,False,False,False,False,False
619,00619.json,b6a24f2ce4f0ab83d368db7ed4bd89db06eae8f73a058c6be80def56e70f3f3f,positive_parity,0,8192,19,True,False,False,False,False,False,False,False,False,False,False
620,00620.json,ea05bf10a197c66b2d424b66eb44aae1d0cb39fd6bd3a122ec2de80ed5658709,positive_parity,0,8192,20,True,False,False,False,False,False,False,False,False,False,False
621,00621.json,ba2629ea0030919c886276e1dff7f433190378f2ab7b403de7d4e6bc11b13352,positive_parity,0,8192,21,True,False,False,False,False,False,False,False,False,False,False
622,00622.json,46a1df30ad763c16176ddd6afb87355507cf9335435ef978a87ad196cf2467f5,positive_parity,0,8192,22,True,False,False,False,False,False,False,False,False,False,False
623,00623.json,15730edb3805cc70544fcd5accf8f4888eab71ce5bc8bebf96f49ba76f09f69d,positive_parity,0,8192,23,True,False,False,False,False,False,False,False,False,False,False
624,00624.json,d74be742258606a9a85de03d90bf6168eacab5a40741cc515e206b594d0f022e,positive_parity,0,8192,24,True,False,False,False,False,False,False,False,False,False,False
625,00625.json,85300b740ff25720a850ea1d0f021304444ec5e386c30f695757cdf3e6feddf8,positive_parity,0,8192,25,True,False,False,False,False,False,False,False,False,False,False
626,00626.json,f59b4ff5dd5bbef7b17e10a68e119fe18d3d3e50fddc1ec7d956eb449fa7e911,positive_parity,0,8192,26,True,False,False,False,False,False,False,False,False,False,False
627,00627.json,55ade1a2231c9eb562fa5f20201f1ea3b4cf3c4b27997d4cd92edee937d2b2ec,positive_parity,0,8192,27,True,False,False,False,False,False,False,False,False,False,False
628,00628.json,fcf48a66013df98f999eccef71e6aec2b107dbc831d13b9d92d7227b8b72f557,positive_parity,0,8192,28,True,False,False,False,False,False,False,False,False,False,False
629,00629.json,4fa2d5215fc2e8fe784fe9f8e8e78670a86aec1b6817426ec41a2ba144684caf,positive_parity,0,8192,29,True,False,False,False,False,False,False,False,False,False,False
630,00630.json,b505ec4cabbd12bc5b2fbc1b51872b47b417f2e61f8aa01d1ac422766ccf97e5,positive_parity,0,8192,30,True,False,False,False,False,False,False,False,False,False,False
631,00631.json,0f575fccbe14fa71c5bbfa8e4a0c3b1486310dc35fd30dbda5bd9966a67d1bab,positive_parity,0,8192,31,True,False,False,False,False,False,False,False,False,False,False
632,00632.json,d0ed4ef6285f301c74480cfb16d0938c7f9f80c0494ce6f94672b8774e3dd9cd,positive_parity,0,8192,32,True,False,False,False,False,False,False,False,False,False,False
633,00633.json,21ff4ae542a11d097ab782144f63a4ee9e70ebec13be3107ff0488664c833152,positive_parity,0,8192,33,True,False,False,False,False,False,False,False,False,False,False
634,00634.json,9f49177c6839a8b445aa2ba4c728f4cb55a697855a8f4c8ca97323886e4cafa9,positive_parity,0,8192,34,True,False,False,False,False,False,False,False,False,False,False
635,00635.json,99b891d55df8cdba56128293e15ccae55341a310635cb9a42e5cb1ff3bdf6b5b,positive_parity,0,8192,35,True,False,False,False,False,False,False,False,False,False,False
636,00636.json,c7f27adc41684b24204070b22440196a0f378e3a917361d2596c1874bc4e3808,positive_parity,0,8192,36,True,False,False,False,False,False,False,False,False,False,False
637,00637.json,a8933c2fde3cbe0dab0a6cdf071f504e63022b83cff4dc3f66919e0bbf8142c9,positive_parity,0,8192,37,True,False,False,False,False,False,False,False,False,False,False
638,00638.json,ed03cd13d0f7387dbc8bc613b629a66d92ce00df940b31a2509c9a3e0e7786f8,positive_parity,0,8192,38,True,False,False,False,False,False,False,False,False,False,False
639,00639.json,a94e842c8a13feaa4f6dd284430154537dbf8ad6843924f8297cd93746b229a8,positive_parity,0,8192,39,True,False,False,False,False,False,False,False,False,False,False
640,00640.json,39470a68e0a9ae39195a0be59fcca21248331ffeead6175d3250cb768ab360f5,positive_parity,0,8192,40,True,False,False,False,False,False,False,False,False,False,False
641,00641.json,d15997e32dd6498cb74b3b38e2ed2188dc91db223be52179a6d494066f0f5242,positive_parity,0,8192,41,True,False,False,False,False,False,False,False,False,False,False
642,00642.json,545b1edaa3df5d8bf060d3b1a8304320b8481a9371195e5a965f7bc5c5ce2605,positive_parity,0,8192,42,True,False,False,False,False,False,False,False,False,False,False
643,00643.json,6d0981bb594260ab28af630de65def35af51b2521484f54742e78fbdb9bbb027,positive_parity,0,8192,43,True,False,False,False,False,False,False,False,False,False,False
644,00644.json,22f3b6948af7ae20e109b690be3be4631fa44b7b1e043fdaa52d55137cf9d5cf,positive_parity,0,8192,44,True,False,False,False,False,False,False,False,False,False,False
645,00645.json,4b142a457604f9746b299ef6ed570d00ac4ce52657740992837ee121f754271a,positive_parity,0,8192,45,True,False,False,False,False,False,False,False,False,False,False
646,00646.json,b77cf501b044062b7d5d4bbab4d897a09225d9a7b7f0ba73a679979469e1ee47,positive_parity,0,8192,46,True,False,False,False,False,False,False,False,False,False,False
647,00647.json,95e51de8d3eee452381e6dbba584753e7b66cb1c8074e47621e8ec411208128a,positive_parity,0,8192,47,True,False,False,False,False,False,False,False,False,False,False
648,00648.json,429295776069ac5702b90daf3487eac78adf93ac58ba71baab0cbaf7a381c7af,positive_parity,0,8192,48,True,False,False,False,False,False,False,False,False,False,False
649,00649.json,58b8be15b7f9d7f6fb828a2d86d48e32c19191cd60fa154293d8755cc10eb7f5,positive_parity,0,8192,49,True,False,False,False,False,False,False,False,False,False,False
650,00650.json,1388f10411b437a12aa1cbeec5b714ea0fbe3314f5f485d427f15cf3ed567a0d,positive_parity,0,8192,50,True,False,False,False,False,False,False,False,False,False,False
651,00651.json,7d80ed4f4ea77e854e81374b0303b52ccac7cfab59dda32ed1c935d70efdf6cd,positive_parity,0,8192,51,True,False,False,False,False,False,False,False,False,False,False
652,00652.json,15c6bdfa71fdbe2db68f09b96c2c81465538f4884fd88b48efd3212c6b642d1b,positive_parity,0,8192,52,True,False,False,False,False,False,False,False,False,False,False
653,00653.json,0fc69e90173643289c5ef181bd6fdbfa106fc558f343dfabdc33711b82749fe8,positive_parity,0,8192,53,True,False,False,False,False,False,False,False,False,False,False
654,00654.json,f36067d4c8d07903922fe75a9e18cd9101d0bcb6bcac6ecc2c0faff41814ff10,positive_parity,0,8192,54,True,False,False,False,False,False,False,False,False,False,False
655,00655.json,93a4403f3c699d124f23c79dc70286b29f0602b40142abb7973535c116ac16c1,positive_parity,0,8192,55,True,False,False,False,False,False,False,False,False,False,False
656,00656.json,67f5b80838bfe14f49cb17448718361c7f819954cb767891afbdbe1fa81373ca,positive_parity,0,8192,56,True,False,False,False,False,False,False,False,False,False,False
657,00657.json,528fe3dc3df68bcadf854a5add7092baf20d34159ab9b8364f2bb734d533111f,positive_parity,0,8192,57,True,False,False,False,False,False,False,False,False,False,False
658,00658.json,71261f8424f56d37ecc157915bf7ee2fef2ee29d66688dd9d3dd8ad07772e426,positive_parity,0,8192,58,True,False,False,False,False,False,False,False,False,False,False
659,00659.json,06f4f781ef4edb1b3a1e565a294c12c2556445156cb61ab5ed6572de665555b4,positive_parity,0,8192,59,True,False,False,False,False,False,False,False,False,False,False
660,00660.json,54a5fe4e1cc3ea7dee7ee97a43b5c251b8420f7d3d30f831b415b21b25221ea0,positive_parity,0,8192,60,True,False,False,False,False,False,False,False,False,False,False
661,00661.json,6128ae6eabda9ce8521e66812cecbc80a555412a5ff6a2069f694e09110dfc8b,positive_parity,0,8192,61,True,False,False,False,False,False,False,False,False,False,False
662,00662.json,c0c8a76d089b831c884761ee93df3c6a96a8a3ae38a13225d8922219122a4432,positive_parity,0,8192,62,True,False,False,False,False,False,False,False,False,False,False
663,00663.json,efc6eb86ccc69fe001875998eec1e084317dd64e4b8982544998a4f12f4a4f97,positive_parity,0,8192,63,True,False,False,False,False,False,False,False,False,False,False
664,00664.json,1015c20b18d0f2a207f2136beaa7621e47e8ef9f6280dcae2a1d349ee6881f65,positive_parity,0,8192,64,True,False,False,False,False,False,False,False,False,False,False
665,00665.json,aa1e24ce680e77158f38a849536ab33bcf35eac4d83c6e0ce5ba926a584a5013,positive_parity,0,8192,65,True,False,False,False,False,False,False,False,False,False,False
666,00666.json,7f1a98502af952678bb0c32ff121873b5905f0ec0860b3d37727b9a17fb29c34,positive_parity,0,8192,66,True,False,False,False,False,False,False,False,False,False,False
667,00667.json,7542afbc7fbba1666be5d822b8309a3a1673ee9b1e8d2d5fb70ce0e313b0b8e0,positive_parity,0,8192,67,True,False,False,False,False,False,False,False,False,False,False
668,00668.json,df2332433fb86fc8c91f388dc437f59b7baee5596306247491b786a06a701b78,positive_parity,0,8192,68,True,False,False,False,False,False,False,False,False,False,False
669,00669.json,64d2c833541ace53e4a77281de4dc7704a6653da94f03e8eb802d081555db984,positive_parity,0,8192,69,True,False,False,False,False,False,False,False,False,False,False
670,00670.json,d9507c8318650f4d49d74e29e1306a428c62749365e3767ab60cedf2099b9532,positive_parity,0,8192,70,True,False,False,False,False,False,False,False,False,False,False
671,00671.json,3ba98f2c2ba04fb8cd2c22b6dedad96517d74e1f80fff5f576c1f3a0fc4cad51,positive_parity,0,8192,71,True,False,False,False,False,False,False,False,False,False,False
672,00672.json,45fbddb865dd27a5328a11f8fc28f02d52400a0b664f0728b004dc58bed377e6,positive_parity,0,8192,72,True,False,False,False,False,False,False,False,False,False,False
673,00673.json,af78043305097a08002ecd7a5c6bc068662b0e214e947e233eb8eaeb8c7cc018,positive_parity,0,8192,73,True,False,False,False,False,False,False,False,False,False,False
674,00674.json,a5556fa667d141a882a92f6e493fb3d4fd92852d18c1edec23ba519ec1ea966a,positive_parity,0,8192,74,True,False,False,False,False,False,False,False,False,False,False
675,00675.json,5bb296f3df7b8915a04e141dfc8bb51710eba823ca2c5d257be035c212b966cb,positive_parity,0,8192,75,True,False,False,False,False,False,False,False,False,False,False
676,00676.json,b21c955e6b5a7e773f2aafd9a241ef067ac0d782f686da6423e5156d3c4228fb,positive_parity,0,8192,76,True,False,False,False,False,False,False,False,False,False,False
677,00677.json,48b8a09f1759c0addce0995df579805688e20a830024a5342ac1eb0e8d1bb3f6,positive_parity,0,8192,77,True,False,False,False,False,False,False,False,False,False,False
678,00678.json,f53ce6204687f14ff08f030a55be5dccc8710a3fd78df55ca91f5de2ce030e25,positive_parity,0,8192,78,True,False,False,False,False,False,False,False,False,False,False
679,00679.json,a5a7d521bedb4414a2a4729b78e069e96f8baeed39a144f458950ddc10789d65,positive_parity,0,8192,79,True,False,False,False,False,False,False,False,False,False,False
680,00680.json,448da4d13c5d9dca292f6b404589a48e673f3cac437a09e2cee4b6c58033c57e,positive_parity,0,8192,80,True,False,False,False,False,False,False,False,False,False,False
681,00681.json,3add064bfa37909432308234e214fc6f5b1b32eddc45d457069b0ba8d05392ae,positive_parity,0,8192,81,True,False,False,False,False,False,False,False,False,False,False
682,00682.json,d606b81ccbd3fdeb0618d8f925a2ddd5ab61277ed6b265f15e10a5e88aa3171b,positive_parity,0,8192,82,True,False,False,False,False,False,False,False,False,False,False
683,00683.json,521680041e3d9394333f0d49c5e2a517a96afff82929a4eaaa4f447654158792,positive_parity,0,8192,83,True,False,False,False,False,False,False,False,False,False,False
684,00684.json,c1e66a83690dfcb000fb769533f32089a942605b5e4102e3306c27dc9a54c4d1,positive_parity,0,8192,84,True,False,False,False,False,False,False,False,False,False,False
685,00685.json,9e36d46895e8ddc26c4d224c22e4f7b46f78f20cfa4be303cb8159423c847418,positive_parity,0,8192,85,True,False,False,False,False,False,False,False,False,False,False
686,00686.json,f548076b671f30e31419fffffd5e54160b2cb58cf89e444723bc0dcb1d69315c,positive_parity,0,8192,86,True,False,False,False,False,False,False,False,False,False,False
687,00687.json,5e8f0ce6c32e11446dae161d0f0c13b31f0bb6c7f89c1307d088e0aae1e34aa6,positive_parity,0,8192,87,True,False,False,False,False,False,False,False,False,False,False
688,00688.json,05f0c8479c57fadfdbee0a79e55251fc8f612b633be2263545bc15fa438cbfac,positive_parity,0,8192,88,True,False,False,False,False,False,False,False,False,False,False
689,00689.json,0c9671be95d179a22441c5b3396552797d185d1d3226f2a0676a652919aafb67,positive_parity,0,8192,89,True,False,False,False,False,False,False,False,False,False,False
690,00690.json,982bb569c3ed81c6cce761b8bca55224c031f6765747317fe0292e4d1d1d8530,positive_parity,0,8192,90,True,False,False,False,False,False,False,False,False,False,False
691,00691.json,69edfeaacf65d075d58bcbb8176705723799fa951ca9aa3a41734b3b01d02d42,positive_parity,0,8192,91,True,False,False,False,False,False,False,False,False,False,False
692,00692.json,ecb3ee09bc6bcb172748074202f111d240b2b4340a99e34cca81151590201eef,positive_parity,0,8192,92,True,False,False,False,False,False,False,False,False,False,False
693,00693.json,b674e83f0ca9fbec85330add235c3bdd432b15719276420c481cffb6c0bd0852,positive_parity,0,8192,93,True,False,False,False,False,False,False,False,False,False,False
694,00694.json,d3601cad11bc9303fd1af419074679d69d2f9cdfaad76af60093fa266daf9dc9,positive_parity,0,8192,94,True,False,False,False,False,False,False,False,False,False,False
695,00695.json,fc2991621de34dd93db703b9e1b9e770ff3d94860eb43e4548634a53272899aa,positive_parity,0,8192,95,True,False,False,False,False,False,False,False,False,False,False
696,00696.json,b57d948de695a633c6db7c9151ecf014da4bc689addbd008c677563cc09fd5d8,positive_parity,0,8192,96,True,False,False,False,False,False,False,False,False,False,False
697,00697.json,17164bf6fb380add9566c892334976526314182643a4c64c35588bfdd04d889c,positive_parity,0,8192,97,True,False,False,False,False,False,False,False,False,False,False
698,00698.json,398e93220b8eb1e55452e7642d495c6ea003f6c9c5abec58e37cea6629b5317f,positive_parity,0,8192,98,True,False,False,False,False,False,False,False,False,False,False
699,00699.json,2d1644936c936a24e70b345bb53dd980db7482ef683d9f3b593f962ec62dc04a,positive_parity,0,8192,99,True,False,False,False,False,False,False,False,False,False,False
700,00700.json,0f80dc7fa69fe24c6f881623cc62e05646082cfde9af70572ff35caec3f37c04,positive_parity,2/5,64,0,True,False,False,False,False,False,False,False,False,False,False
701,00701.json,288f7dcb59568ea78210e4ddd23679e40df43ff7b60d5a5b02dab3ed6adc30bb,positive_parity,2/5,64,1,True,False,False,False,False,False,False,False,False,False,False
702,00702.json,79be2638750f168e82185061e9ac73885e0cde3ad0223d5894f0a758d3a4fbc0,positive_parity,2/5,64,2,True,False,False,False,False,False,False,False,False,False,False
703,00703.json,b6b6290553dcb5685834e08b5d3556b0287e915dd75e0a3430fbe1c6f1f27bdc,positive_parity,2/5,64,3,True,False,False,False,False,False,False,False,False,False,False
704,00704.json,86bce2a8ff2d1a2b4434775457e8b0778244397170d8f1fd8b292dee9ebb8a0f,positive_parity,2/5,64,4,True,False,False,False,False,False,False,False,False,False,False
705,00705.json,e38652c31bdf027a73c7dbf047c3e93093867cbd6d7718fa0cd19c53acca8f2f,positive_parity,2/5,64,5,True,False,False,False,False,False,False,False,False,False,False
706,00706.json,8fe4d67acd2b93baa195086b540a069e37b8ce4d2efdf8cf83dc32a9c99c0fc0,positive_parity,2/5,64,6,True,False,False,False,False,False,False,False,False,False,False
707,00707.json,4a94f9892f1dd77aa2db7b711e2211d8f4d3e0f0a0371c54c1479805cdf8aff6,positive_parity,2/5,64,7,True,False,False,False,False,False,False,False,False,False,False
708,00708.json,a84d145c30b2143df06f21ad1a8a1f03e23ecbfb77a653b83300492d42a76988,positive_parity,2/5,64,8,True,False,False,False,False,False,False,False,False,False,False
709,00709.json,58a379f3504556a96b784856fa29c26d4abefd3fde67e124baf28e1b50d68a98,positive_parity,2/5,64,9,True,False,False,False,False,False,False,False,False,False,False
710,00710.json,0e5e66c0a1716e9689dd428866fa6feb8c8dfe9ec0b9bdf527361764f54ef8a8,positive_parity,2/5,64,10,True,False,False,False,False,False,False,False,False,False,False
711,00711.json,0f89756897620897e2a4bf0f870898ce97840cb935741d030b900e58bc7f18cd,positive_parity,2/5,64,11,True,False,False,False,False,False,False,False,False,False,False
712,00712.json,4efe42d39bd7a02aa50783c00b08e4dab6b5c88948dc22a4bac3a1abcb5b70e3,positive_parity,2/5,64,12,True,False,False,False,False,False,False,False,False,False,False
713,00713.json,98c2d20ee56e7467d851d4fc0f5458deffddb3433aa747eef12a0c0062cbce03,positive_parity,2/5,64,13,True,False,False,False,False,False,False,False,False,False,False
714,00714.json,95ec94604defe6fccb352c302f31626e21179aa4e1f1770aec3dfda1b104a79f,positive_parity,2/5,64,14,True,False,False,False,False,False,False,False,False,False,False
715,00715.json,6514ec73bec5a8f9ae095f74ebc819e06e2319eccc9a06c8ced46829d6607189,positive_parity,2/5,64,15,True,False,False,False,False,False,False,False,False,False,False
716,00716.json,24a66a8e20b642d5cfdce59c37ad62f983161565c88445821808145d1337c28a,positive_parity,2/5,64,16,True,False,False,False,False,False,False,False,False,False,False
717,00717.json,1854b7b9805e1ae0833ca2b3b9a09f480537a6a9bbe80912cc1fba01835292e3,positive_parity,2/5,64,17,True,False,False,False,False,False,False,False,False,False,False
718,00718.json,7bd0a5709ea5f3d249ba70ff947c9fd9969430fb4ce8df2a583c9897c65f6d58,positive_parity,2/5,64,18,True,False,False,False,False,False,False,False,False,False,False
719,00719.json,4a5f4f7683eb88685cd010a2be9ce53f9705dddb71eb3bf01f89a77288695d2a,positive_parity,2/5,64,19,True,False,False,False,False,False,False,False,False,False,False
720,00720.json,d91758cfc4fe960ebc9cbaabb6ce6936822565dc04cea7ebd7dc5684f1e8b5a5,positive_parity,2/5,64,20,True,False,False,False,False,False,False,False,False,False,False
721,00721.json,6249f6f404b393ae1683287fac46102fff88d81f6238cc904ff6958767921368,positive_parity,2/5,64,21,True,False,False,False,False,False,False,False,False,False,False
722,00722.json,53595e1f0808ba20b2f482009280ea88afc62289d6c4334d6aae322db7c72062,positive_parity,2/5,64,22,True,False,False,False,False,False,False,False,False,False,False
723,00723.json,ff0032b52ae19ef5a2d31c9b7924f905f4898172a860b63b6d08110aee40504e,positive_parity,2/5,64,23,True,False,False,False,False,False,False,False,False,False,False
724,00724.json,a6b1362fabbfbad14860a0ad933e8219fb3f3cb56347ba4518277f84cb2398cd,positive_parity,2/5,64,24,True,False,False,False,False,False,False,False,False,False,False
725,00725.json,3db76e68b48812a0a749d126ea6aa55662e73907b5ff44beefca426741967758,positive_parity,2/5,64,25,True,False,False,False,False,False,False,False,False,False,False
726,00726.json,7e03f58388e053f5e1d4b2375c6064e7bbafa902c41917106987b0eab2cae66e,positive_parity,2/5,64,26,True,False,False,False,False,False,False,False,False,False,False
727,00727.json,35afe49aa8b30db00c370cd1f323420ab7ac94b446731a280bdef5b8b8bb881f,positive_parity,2/5,64,27,True,False,False,False,False,False,False,False,False,False,False
728,00728.json,f052a2354a815355d1016b141ded73f7e4dc67bf0240440988827deea9668945,positive_parity,2/5,64,28,True,False,False,False,False,False,False,False,False,False,False
729,00729.json,454dbc5e662aedad606680de6d91b3fe51050b30cf204b3d593de5b0c2303b8e,positive_parity,2/5,64,29,True,False,False,False,False,False,False,False,False,False,False
730,00730.json,1477e151aeabb93718e343b5f42e70a1107bdf8069095ead64adf6dfe8d420a2,positive_parity,2/5,64,30,True,False,False,False,False,False,False,False,False,False,False
731,00731.json,0e1187c682d62c6d46ce57ced96fee2c6b950f3fa50bf18f14293d200be143ca,positive_parity,2/5,64,31,True,False,False,False,False,False,False,False,False,False,False
732,00732.json,38eef1b9e9e2a022be629c008452fa5225132bdabc03e02a43f31bfaae1c92f5,positive_parity,2/5,64,32,True,False,False,False,False,False,False,False,False,False,False
733,00733.json,11577dccd85d87be61cd78cde1c6c2539c3397de449e9b09b7bf23d29d02f2a8,positive_parity,2/5,64,33,True,False,False,False,False,False,False,False,False,False,False
734,00734.json,68114e7477b4352cf8544e81c7bc2cbd4b24ab9383950dfc4876609479f0f851,positive_parity,2/5,64,34,True,False,False,False,False,False,False,False,False,False,False
735,00735.json,3932f531bf39461a2ec15bd090d71a7016577d3bfe5cb5064fd1053ac8a5beea,positive_parity,2/5,64,35,True,False,False,False,False,False,False,False,False,False,False
736,00736.json,6039c4594e003fd4b47db67503908985be47979b1d94bd04a327a667ac9b05bc,positive_parity,2/5,64,36,True,False,False,False,False,False,False,False,False,False,False
737,00737.json,bdd884374a716bf2c8686c753e480ab12a3a0ac2bda5bd766e6d8fde1c677fff,positive_parity,2/5,64,37,True,False,False,False,False,False,False,False,False,False,False
738,00738.json,1c4303f78cde55b5160571dad235221cf9e5335654dfb4b806ccdeb27baa881b,positive_parity,2/5,64,38,True,False,False,False,False,False,False,False,False,False,False
739,00739.json,b0fd876b8d4a5df3ce327061deb3690c83617d4e9c36c9e66748648513aafe99,positive_parity,2/5,64,39,True,False,False,False,False,False,False,False,False,False,False
740,00740.json,4c625cecad6889d624c860ab6d2a55b4354560df538b9a380fd7729690506006,positive_parity,2/5,64,40,True,False,False,False,False,False,False,False,False,False,False
741,00741.json,0c82168ea60565785bc075338bcba7cc84bfadf08f7db13211f2fd436943b197,positive_parity,2/5,64,41,True,False,False,False,False,False,False,False,False,False,False
742,00742.json,7e0a7ed94f7816c99ae6a4d48acaeea87c4faa23660cc81eb0de1df3ae48f497,positive_parity,2/5,64,42,True,False,False,False,False,False,False,False,False,False,False
743,00743.json,eb4c66c278e0519ae61a5f56da1575ff9a5690e550387d4d73a3bf7ddb8b2413,positive_parity,2/5,64,43,True,False,False,False,False,False,False,False,False,False,False
744,00744.json,8c999bb76f0cbf15433dd35df1c7b481c79a7a99997d3820455bd4ccc91ef541,positive_parity,2/5,64,44,True,False,False,False,False,False,False,False,False,False,False
745,00745.json,4c1ac135d560e2eb7569bf3940f7151d9aea180da031cabeebe2d5854cf7a215,positive_parity,2/5,64,45,True,False,False,False,False,False,False,False,False,False,False
746,00746.json,e5bfbb6d61533dbaa352f3c24c8000d8557a616c453f0c850b91c9bf6b8f70b4,positive_parity,2/5,64,46,True,False,False,False,False,False,False,False,False,False,False
747,00747.json,144cc7ee9821b258d202f0c0bdf9602e5cfcf408b8ef1590db27b124dc367505,positive_parity,2/5,64,47,True,False,False,False,False,False,False,True,False,False,False
748,00748.json,ea116d3960cc7e4ef0b74e02d93db441ebde5c0364ca4721cb993c3fdb6279c3,positive_parity,2/5,64,48,True,False,False,False,False,False,False,False,False,False,False
749,00749.json,3c3a883dfbe87f176e685849ab9e5e0b25eabe7f42613bb59ed5dbc65191bd9c,positive_parity,2/5,64,49,True,False,False,False,False,False,False,False,False,False,False
750,00750.json,838ef194dd2d55fb00512618ae173d456fa744dd4df93fbac321fc176b901f50,positive_parity,2/5,64,50,True,False,False,False,False,False,False,False,False,False,False
751,00751.json,0d41f9dbffb2307ba4642fe9d03ade2bf1a9a71e71068a88da4983605529ea7a,positive_parity,2/5,64,51,True,False,False,False,False,False,False,False,False,False,False
752,00752.json,f4a1bfde373fc05350710ce761a147f34414426d461c96a80421005a0801d7ac,positive_parity,2/5,64,52,True,False,False,False,False,False,False,False,False,False,False
753,00753.json,feca390b9f29dccedf41ef8a35f280e114e4a8e79a5ae25c66717b777fe9bc7c,positive_parity,2/5,64,53,True,False,False,False,False,False,False,False,False,False,False
754,00754.json,e72adb9c4f9c14819839f8ed0fd786fe6773bbd36896c33150842b984b6c700b,positive_parity,2/5,64,54,True,False,False,False,False,False,False,False,False,False,False
755,00755.json,959ac94e59125c126ca7ba5d1f463d1856f292cd70faf34811e25c7838814d06,positive_parity,2/5,64,55,True,False,False,False,False,False,False,False,False,False,False
756,00756.json,ff5305afd825a318735a217b381040784ec297a6f5c7949919f21665e6363409,positive_parity,2/5,64,56,True,False,False,False,False,False,False,False,False,False,False
757,00757.json,eab271f26a8ccd4e12dfc27274434a3ada965fdc304226a2390ed0e2a076a0c6,positive_parity,2/5,64,57,True,False,False,False,False,False,False,False,False,False,False
758,00758.json,281cafb128d166d7c04a062d5950f1d8e22bfbb6ff8b89996b5bdf5ebf2c2c20,positive_parity,2/5,64,58,True,False,False,False,False,False,False,False,False,False,False
759,00759.json,0acf549ba0ebd7dc32e5c3a6fc9194f9323f499243709dbde7ce8d3d06370f76,positive_parity,2/5,64,59,True,False,False,False,False,False,False,False,False,False,False
760,00760.json,05de13309521bab13c152c7b9dff8dd98e3d5ae6d8388472fdbfaaf23ab6d304,positive_parity,2/5,64,60,True,False,False,False,False,False,False,False,False,False,False
761,00761.json,e62666cb789ab6151eb1d9c02e4aa8345135bc161c59f754bccc517d56e6be57,positive_parity,2/5,64,61,True,False,False,False,False,False,False,False,False,False,False
762,00762.json,170f51dd266b57736d8fee6ccdd45aae59df19ffb96555fbfa23482ac8cfd348,positive_parity,2/5,64,62,True,False,False,False,False,False,False,False,False,False,False
763,00763.json,4508bb0ee33d3712df62eef611eb6cb43a7e1733591b0b4f2429d94d0e8ae587,positive_parity,2/5,64,63,True,False,False,False,False,False,False,False,False,False,False
764,00764.json,2f0f851dbce16533a58544b7fd2b8cd09f5d6f627795b068e130ad2bfced3f7b,positive_parity,2/5,64,64,True,False,False,False,False,False,False,False,False,False,False
765,00765.json,735c67006e83aba677adf311e91053659329d95180ae9821829d31d7bf5aadc9,positive_parity,2/5,64,65,True,False,False,False,False,False,False,False,False,False,False
766,00766.json,f9acd1a96079f3bfbfef3479c50008e55debc848c40d94b21c675aa6bd1cdf25,positive_parity,2/5,64,66,True,False,False,False,False,False,False,False,False,False,False
767,00767.json,1fb43b05911597333aeacf7af4d07e7493b134cbbd7353b8e275f9fff1cf1dcb,positive_parity,2/5,64,67,True,False,False,False,False,False,False,False,False,False,False
768,00768.json,8ef7c53159b7acf3de289c923761570e966cf6be1800126e214b6b0ad7ae425e,positive_parity,2/5,64,68,True,False,False,False,False,False,False,False,False,False,False
769,00769.json,ce96462029b036df766e44b3af9c8f6b0f2116cf31f3b9637f25077e6c7a33b8,positive_parity,2/5,64,69,True,False,False,False,False,False,False,False,False,False,False
770,00770.json,a6332ee72753c74ed80487a448c7804afd0be0a4ebf6f0817ad23ad0e012663b,positive_parity,2/5,64,70,True,False,False,False,False,False,False,False,False,False,False
771,00771.json,371f9bd62d7fa180f2fb1ae309edccd43114a546fe6835c9eeb8cae6979793a6,positive_parity,2/5,64,71,True,False,False,False,False,False,False,False,False,False,False
772,00772.json,8a93500001990c83e348068325ab36833afcfd7a1600f053b43ad3f7cfbea49e,positive_parity,2/5,64,72,True,False,False,False,False,False,False,False,False,False,False
773,00773.json,6c9ab5488abfaad06ac08d37cc59b6585b245a2b959fb9dc380638ad74b58aff,positive_parity,2/5,64,73,True,False,False,False,False,False,False,False,False,False,False
774,00774.json,79b64d44df30b70bc9a5e25c8d6b93cd868837b2d67bbac841c027ce5a6eee5c,positive_parity,2/5,64,74,True,False,False,False,False,False,False,False,False,False,False
775,00775.json,f0860fbda036e0601f193a011cf8c367307313644abce9b805950719896cd3e0,positive_parity,2/5,64,75,True,False,False,False,False,False,False,False,False,False,False
776,00776.json,ab42ee9c740ac39a6b96ffa433d9dbc987e5a6fd898f5f192d03341b2d111f5f,positive_parity,2/5,64,76,True,False,False,False,False,False,False,False,False,False,False
777,00777.json,3b2bf65ce5ec08ed5f06404c4901a167db2b2ae85cae2dff68ce0419e429a2c6,positive_parity,2/5,64,77,True,False,False,False,False,False,False,False,False,False,False
778,00778.json,5310b023e81603c397ca21dff83f3fdcbc5b0024a3333acf7ff0a914672efae1,positive_parity,2/5,64,78,True,False,False,False,False,False,False,False,False,False,False
779,00779.json,da57e596395ef58645f7a95acd3d84138b9d37952747486f0920be0bc0d02dba,positive_parity,2/5,64,79,True,False,False,False,False,False,False,False,False,False,False
780,00780.json,9fe40e95320b54c28172a349e43133aa665b3257428eeeb9284876423c9196f9,positive_parity,2/5,64,80,True,False,False,False,False,False,False,False,False,False,False
781,00781.json,e125b2d8426f6d8108ed33b19f799dfbca3abfe111ae9ad65e010e9d4d4c1c9d,positive_parity,2/5,64,81,True,False,False,False,False,False,False,False,False,False,False
782,00782.json,f34840a6784c9731edc9c7bc1f5c7796670975d6905bc7bfb97b5c9d382d08ad,positive_parity,2/5,64,82,True,False,False,False,False,False,False,False,False,False,False
783,00783.json,6c14919cf261ac27deed36fb6a52861c97872f58fc1120d5f2e2f051c3925297,positive_parity,2/5,64,83,True,False,False,False,False,False,False,False,False,False,False
784,00784.json,d9d66958e90f84127a6629b314f999b622e39d526bcc87b961849748063a8b61,positive_parity,2/5,64,84,True,False,False,False,False,False,False,False,False,False,False
785,00785.json,7879416ec47666786c881b133629c9fbcca2e0a1c93174d3ae7f04b706cf2c14,positive_parity,2/5,64,85,True,False,False,False,False,False,False,False,False,False,False
786,00786.json,3fee36e5dfd189e151eed349f05cf2c9921771ca029249a8fbe0aff985107796,positive_parity,2/5,64,86,True,False,False,False,False,False,False,False,False,False,False
787,00787.json,06b58b57d561492a2c324dbb14c3238d515311de9a1244e2344bb646fdda23c2,positive_parity,2/5,64,87,True,False,False,False,False,False,False,False,False,False,False
788,00788.json,6c79483c2b7ffe7631cda8d21bed8bcda91559a2952c5504bbc9920f88be74c6,positive_parity,2/5,64,88,True,False,False,False,False,False,False,False,False,False,False
789,00789.json,6c18e51c24820869bed7f88ca4df82c83d51b8f08db7dd48808295117685a807,positive_parity,2/5,64,89,True,False,False,False,False,False,False,False,False,False,False
790,00790.json,00f05e2bb77f6d976cae129f876e49b2716f0f1b554312cf908f703f326dcb93,positive_parity,2/5,64,90,True,False,False,False,False,False,False,False,False,False,False
791,00791.json,f629a34398bc19eaada337ff6c8d91e99d6590c98b179b4a7deeac54c32d3fca,positive_parity,2/5,64,91,True,False,False,False,False,False,False,False,False,False,False
792,00792.json,4a3d648d2f38c37d1f491957791712819db5cab8951e2645fffa32bd1fc0f494,positive_parity,2/5,64,92,True,False,False,False,False,False,False,False,False,False,False
793,00793.json,9fb97641c6a3aad12eae1980f9aad2807b065df75a00f633a2f26b0ab5fcbeeb,positive_parity,2/5,64,93,True,False,False,False,False,False,False,False,False,False,False
794,00794.json,d6727ea690f8dc9f5b70e4c5ca426c620a743d6e831c9416c40f59881bf8805b,positive_parity,2/5,64,94,True,False,False,False,False,False,False,False,False,False,False
795,00795.json,1066e7379a17ad8f113dea6bedcf5292b8759ef7366437a91fce756306c55c10,positive_parity,2/5,64,95,True,False,False,False,False,False,False,False,False,False,False
796,00796.json,8062c8b5df1fba1004980a8ea2e912e20e47c98ea81034d33518e3a4e9504735,positive_parity,2/5,64,96,True,False,False,False,False,False,False,False,False,False,False
797,00797.json,62d08a6c49dd64af1718f881a2802315df5b2b2f099393b2e2050b4ba746df65,positive_parity,2/5,64,97,True,False,False,False,False,False,False,False,False,False,False
798,00798.json,cdcc7a7909dc5a204c5d102a1c2d858fc6fef6904fd7e19b5f505e4fba182ce2,positive_parity,2/5,64,98,True,False,False,False,False,False,False,False,False,False,False
799,00799.json,fcc9e10fb06d13df63b91bf35cf2ec061ac1e688cafae18b8649a75491d78ef0,positive_parity,2/5,64,99,True,False,False,False,False,False,False,False,False,False,False
800,00800.json,59a48e0310ddd5acab9778cbb837666211e3f475d6f933be20798ab0ce5a64d9,positive_parity,2/5,128,0,True,False,False,False,False,False,False,False,False,False,False
801,00801.json,d1fa94acd6881c6ce8876dafc6b1f05db86d98a0c77dd44ed5740797d1cd0d8f,positive_parity,2/5,128,1,True,False,False,False,False,False,False,False,False,False,False
802,00802.json,1a2fe7cb825409576193e84ed90579e16bc7becbfc8c623e2b7522c0d6936a7a,positive_parity,2/5,128,2,True,False,False,False,False,False,False,False,False,False,False
803,00803.json,da1fb42ed590d95101c2461218a6aba4f4ad21c7978bb4f864e7b302a5e7a0a2,positive_parity,2/5,128,3,True,False,False,False,False,False,False,False,False,False,False
804,00804.json,26fc085b1aaccb34b83b445af733026f423d46e92419fe68b52f8659b437433d,positive_parity,2/5,128,4,True,False,False,False,False,False,False,False,False,False,False
805,00805.json,f008f7859a7958879f1b003489f0c5aeb828e836d25e4c034e04505ba2dd9b4a,positive_parity,2/5,128,5,True,False,False,False,False,False,False,False,False,False,False
806,00806.json,4d6f86e2b8f08dc85c3dd59711c27073fc1095747c79143d3440f8367a762666,positive_parity,2/5,128,6,True,False,False,False,False,False,False,False,False,False,False
807,00807.json,2efedac885fe7d2e7d735eaa7ee75b878efed303e72161421bd91b9c98723536,positive_parity,2/5,128,7,True,False,False,False,False,False,False,False,False,False,False
808,00808.json,dc20f48560e4fb6347c1e6f3fecd3d0365548f2a8c7996c1df4b78c3914a0913,positive_parity,2/5,128,8,True,False,False,False,False,False,False,False,False,False,False
809,00809.json,ffca9b32fb2bcf4b782dfc34f85f36da8122324fda8ebe8515db048a1b86ae11,positive_parity,2/5,128,9,True,False,False,False,False,False,False,False,False,False,False
810,00810.json,140c915b1145eb80ab582a9151c0c4269faf8c7337899789bb5ed75f017acdb3,positive_parity,2/5,128,10,True,False,False,False,False,False,False,False,False,False,False
811,00811.json,dfd8fb664231438de77a91b228eeb14d3e31d1db32effe379b3bfd03425737b7,positive_parity,2/5,128,11,True,False,False,False,False,False,False,False,False,False,False
812,00812.json,a5856aa428d351b4e62b4a033f2f19b5c47e34d9edc5efa53d97c5d947a0e67a,positive_parity,2/5,128,12,True,False,False,False,False,False,False,False,False,False,False
813,00813.json,6e8f187e845e1e6cc1e95868fcb42199858bc11d7fc23451659d3d2d6a9b0968,positive_parity,2/5,128,13,True,False,False,False,False,False,False,False,False,False,False
814,00814.json,1ecbaa23970bc8c712e6af6a05c246b0f5057f6dff259b820a05b92bdc817899,positive_parity,2/5,128,14,True,False,False,False,False,False,False,False,False,False,False
815,00815.json,16cdaf4a86a622ad71f62697be774f7bbc5a1b63d62c0ef146df1278965c5c05,positive_parity,2/5,128,15,True,False,False,False,False,False,False,False,False,False,False
816,00816.json,a1b1aecb27b706c3a5129c1ea7fd6c726a5a25d9aba1f80df9512e787f91db24,positive_parity,2/5,128,16,True,False,False,False,False,False,False,False,False,False,False
817,00817.json,d395eeed632511b5a526d7360c370ddecfb821cac4abeed2c86908135c5e0648,positive_parity,2/5,128,17,True,False,False,False,False,False,False,False,False,False,False
818,00818.json,af90554770b0346b7983b532b98b0b3823c59b09beb3eb0a5f6a722fa70be78d,positive_parity,2/5,128,18,True,False,False,False,False,False,False,False,False,False,False
819,00819.json,1e13adc40ff6be8f5b70fdb0c89565499d39286bb72ce3fce70ba5e1d33a5200,positive_parity,2/5,128,19,True,False,False,False,False,False,False,False,False,False,False
820,00820.json,599f4080d26b1ffa276d8ddc8ef3ffc3e4d1cb5f7d4a2b5ed1bbb36ea19ca5b1,positive_parity,2/5,128,20,True,False,False,False,False,False,False,False,False,False,False
821,00821.json,29071db29bba478601043bfdfb21cf4a330b4be2f5eec4e8830648b550d65735,positive_parity,2/5,128,21,True,False,False,False,False,False,False,False,False,False,False
822,00822.json,b9fb57fa5cba880920533bdd81bba7a4d3b5dbdafa8b92c7d69e19c36f4f593a,positive_parity,2/5,128,22,True,False,False,False,False,False,False,False,False,False,False
823,00823.json,b95026d60cc9bedae37f94f035865ae7a6380fc303c6463e25246ee80ac773d8,positive_parity,2/5,128,23,True,False,False,False,False,False,False,False,False,False,False
824,00824.json,7f76ffc620858f0d778dfb1657f28a2a2f57da0e7874e209cb50809c9b25859a,positive_parity,2/5,128,24,True,False,False,False,False,False,False,False,False,False,False
825,00825.json,64262f3223fb2f7ffce33d53911fd4a71abb7c5c7044e258f1f9025e8e994092,positive_parity,2/5,128,25,True,False,False,False,False,False,False,False,False,False,False
826,00826.json,eb6f6976612b7524a7176b832645c8a1a5c702243c43f56c505caef958f61c74,positive_parity,2/5,128,26,True,False,False,False,False,False,False,False,False,False,False
827,00827.json,2f5a5719f19efe46c3d2d3dc12669117176718f1205fb5cd1179f109a6b6cca2,positive_parity,2/5,128,27,True,False,False,False,False,False,False,False,False,False,False
828,00828.json,7cf57ed0659257efe17d6d4e96bdcc49f407caff41d38e5d6b1e19649552fb6e,positive_parity,2/5,128,28,True,False,False,False,False,False,False,False,False,False,False
829,00829.json,b8ea6393239c30a5001f59d9d110f6062eab688c5c430f9010ec29f5211ffe99,positive_parity,2/5,128,29,True,False,False,False,False,False,False,False,False,False,False
830,00830.json,156b7e7e3a5fcc1876a1280d02dd4a8bfb232f10708933d564f5e420c4741704,positive_parity,2/5,128,30,True,False,False,False,False,False,False,False,False,False,False
831,00831.json,7e79208e45e673fa8fbb28a25968c65a0e6b632998ac42b30180675c6c462f57,positive_parity,2/5,128,31,True,False,False,False,False,False,False,False,False,False,False
832,00832.json,0539789e83100a44245faaf9690f52d2be74afc787d66b3c94977c053d160360,positive_parity,2/5,128,32,True,False,False,False,False,False,False,False,False,False,False
833,00833.json,81c224891dc7a6f2189902cf20d7429cee22c72c056e4b37b31a9040852f7464,positive_parity,2/5,128,33,True,False,False,False,False,False,False,False,False,False,False
834,00834.json,2ef9e0c1780fabfd759502636aa681baa11292e092d5fe1ada10ecd38771138c,positive_parity,2/5,128,34,True,False,False,False,False,False,False,False,False,False,False
835,00835.json,7894b7459b49879d43fd50df698fb899ccfa66e03698d7b06ef40802053930ae,positive_parity,2/5,128,35,True,False,False,False,False,False,False,False,False,False,False
836,00836.json,f5eb189665449ee87a00059ee68be863f7f409af8f0c1c3011c8ae0368c6d61a,positive_parity,2/5,128,36,True,False,False,False,False,False,False,False,False,False,False
837,00837.json,036ccb8030b1abb8dfe54bdd3b8be1537798698247f650febbb96e1a947929ab,positive_parity,2/5,128,37,True,False,False,False,False,False,False,False,False,False,False
838,00838.json,4f2fe7a58b808dabf6f85b30e4f2c69efaf4aadac8087da28ca775ffcebf2dba,positive_parity,2/5,128,38,True,False,False,False,False,False,False,False,False,False,False
839,00839.json,49c1e4a6a4f1438d883787f198d6296aa86f8e27263628d836e8e1c8e25ee2f3,positive_parity,2/5,128,39,True,False,False,False,False,False,False,False,False,False,False
840,00840.json,fb578aaafffd8db939a97924737dc370dd6d857695da5084dee26f8a1c063b29,positive_parity,2/5,128,40,True,False,False,False,False,False,False,False,False,False,False
841,00841.json,09bbf2e7ba6a6f760227ae71c76c26d9669122705a075a5731f9e431fed5bbbb,positive_parity,2/5,128,41,True,False,False,False,False,False,False,False,False,False,False
842,00842.json,5c7940c9d3ba4471de55e188dd8093e3db8fd0823f225363c59cceb7a8b31b41,positive_parity,2/5,128,42,True,False,False,False,False,False,False,False,False,False,False
843,00843.json,e8b9f92cf5a7789b1b72027d64199a934d1cbe136dde135f8ce413c7c71ca75e,positive_parity,2/5,128,43,True,False,False,False,False,False,False,False,False,False,False
844,00844.json,c3b2c85ff90c5f7d4948e9a291555b244efd3202a4a9c0b8721f7cf9737b845f,positive_parity,2/5,128,44,True,False,False,False,False,False,False,False,False,False,False
845,00845.json,667f978c8319d7fdd01586dbd24dec94c016c88dbeaaacf0f33574833f287965,positive_parity,2/5,128,45,True,False,False,False,False,False,False,False,False,False,False
846,00846.json,8e3636199c82c407dce7ed623396ff63fac5f73f6944d39374d43f8da4658e59,positive_parity,2/5,128,46,True,False,False,False,False,False,False,False,False,False,False
847,00847.json,a164c206d663df5adb97dd73c5cef8811426a65691fd442a5cab74c24d891633,positive_parity,2/5,128,47,True,False,False,False,False,False,False,False,False,False,False
848,00848.json,90070ad5eb7df344c3a2debbfa19fdb1518abeb9219dc5318198728ad92b7a6d,positive_parity,2/5,128,48,True,False,False,False,False,False,False,False,False,False,False
849,00849.json,f96d47421cdbe289b91da984da9dbbbebaea81d05e6df7a1c4ce585e8001096d,positive_parity,2/5,128,49,True,False,False,False,False,False,False,False,False,False,False
850,00850.json,2ee1ad99183cd4d411e7d021218b062d882fac36bf78d95b22b1dc1c01dbcf2d,positive_parity,2/5,128,50,True,False,False,False,False,False,False,False,False,False,False
851,00851.json,0bd92cf48ddb2e67a5ddef127f39e0f2bebb59f233b544bbc6018b090f491d46,positive_parity,2/5,128,51,True,False,False,False,False,False,False,False,False,False,False
852,00852.json,cd24d3db80f767b90ceb4f37b78658524c4c28fb2511c9feccf13e379fcf6f23,positive_parity,2/5,128,52,True,False,False,False,False,False,False,False,False,False,False
853,00853.json,0d4f6949b9883ad5336d8eadd143a7e66d2ebe5ede6800af8d179fc07c4e3131,positive_parity,2/5,128,53,True,False,False,False,False,False,False,False,False,False,False
854,00854.json,a46901f2d0987a5a01cfa545f5b93ca0fd53ce9d2f3098bae735424adfb1bbeb,positive_parity,2/5,128,54,True,False,False,False,False,False,False,False,False,False,False
855,00855.json,8d82839156592dd33920188f92d5bfa4c68a361faea89eb55a70e922658a53d6,positive_parity,2/5,128,55,True,False,False,False,False,False,False,False,False,False,False
856,00856.json,50fa6e08917c230c08fb2f519858e7c50c4f9ae154d6fb8e88c22ebebcd0aa23,positive_parity,2/5,128,56,True,False,False,False,False,False,False,False,False,False,False
857,00857.json,aa9cb3d90f78cd317fe3c229d23b7cc3efa6e22ce7b812162b5855b3200145a6,positive_parity,2/5,128,57,True,False,False,False,False,False,False,False,False,False,False
858,00858.json,93d3aaa99620c60e703ea5f7e056418d7f3d13fa8acb28f787b7902873eb3626,positive_parity,2/5,128,58,True,False,False,False,False,False,False,False,False,False,False
859,00859.json,dd68bf919b5b2919dd82f3aa58a3bdc6b9459bedb250aa908dd1145259e0d21a,positive_parity,2/5,128,59,True,False,False,False,False,False,False,False,False,False,False
860,00860.json,441c24b6fe56ad1f6995e746451416469cadd65d63d709cc39b2eb502f30ccfe,positive_parity,2/5,128,60,True,False,False,False,False,False,False,False,False,False,False
861,00861.json,d0923d9c20ed0eaa69747107efcf54d603b78c6a2a61bd25a95022853d6564c2,positive_parity,2/5,128,61,True,False,False,False,False,False,False,False,False,False,False
862,00862.json,db54d88969d56333802c5ed94284ebf4c7b78517bb61b3d61759a5b57884bbdd,positive_parity,2/5,128,62,True,False,False,False,False,False,False,False,False,False,False
863,00863.json,6b0f53816b63e8c654b3e90a0451bac1b7e55bae28426d475cb3731b6ea01bc2,positive_parity,2/5,128,63,True,False,False,False,False,False,False,False,False,False,False
864,00864.json,c3b8992ea3394ecaff38da7f7f21a324e8c6b28ead63db30cc641b67c36657ac,positive_parity,2/5,128,64,True,False,False,False,False,False,False,False,False,False,False
865,00865.json,5146e8140f104e6eef238b3057e1867ea13def353721bd5e8e9bb89a7d9530e2,positive_parity,2/5,128,65,True,False,False,False,False,False,False,False,False,False,False
866,00866.json,05b32ed9a46467f892e3e807ed22f1e479aa620adb4414c20405d21bae1691eb,positive_parity,2/5,128,66,True,False,False,False,False,False,False,False,False,False,False
867,00867.json,8633481daea8e304fbeea5bb049a8b89d791f24aedc46678a7736c374e7da6aa,positive_parity,2/5,128,67,True,False,False,False,False,False,False,False,False,False,False
868,00868.json,9f4e397b9f563fd391650d9cfebbccd7fd5afee7fbad6bb701de40070f8ca0d1,positive_parity,2/5,128,68,True,False,False,False,False,False,False,False,False,False,False
869,00869.json,1de1062f464503359f20bd061213d46c314e034580896305907a768322c4284d,positive_parity,2/5,128,69,True,False,False,False,False,False,False,False,False,False,False
870,00870.json,d946901c9ae91bf86637f27a3ad3be113e2e59dd23c6f5d52bc6f912e8218cad,positive_parity,2/5,128,70,True,False,False,False,False,False,False,False,False,False,False
871,00871.json,c92cff80c5fd6392195d727bd75f5791efb2a269c08e0d6e9393366b251e5ed6,positive_parity,2/5,128,71,True,False,False,False,False,False,False,False,False,False,False
872,00872.json,70341b4aa463d1d3dba76fe806fb1282931440692467f7afa5947df13c874db6,positive_parity,2/5,128,72,True,False,False,False,False,False,False,False,False,False,False
873,00873.json,44962ca64c784ee4bd356db9a3d70173fbac494a19ab5bfb0ad2613574c9d4f5,positive_parity,2/5,128,73,True,False,False,False,False,False,False,False,False,False,False
874,00874.json,671fb7ecfa7d9603e1d5004230f7dade5ab89ad15fda83b9195b51562d3e4096,positive_parity,2/5,128,74,True,False,False,False,False,False,False,False,False,False,False
875,00875.json,47f1d3e7a0ef404d02f5cb0f7e4e487e7e914f4b43320449ed497f928e38c611,positive_parity,2/5,128,75,True,False,False,False,False,False,False,False,False,False,False
876,00876.json,a97519971af0a48baff7e4a21b36e5b90ce403fa62d478b048d347029914f8da,positive_parity,2/5,128,76,True,False,False,False,False,False,False,False,False,False,False
877,00877.json,ecc4e26da50d806c82c990ede9b1119e3ba491ae260f96cf12618512d0f111cd,positive_parity,2/5,128,77,True,False,False,False,False,False,False,False,False,False,False
878,00878.json,dd3f67593bc5b8171b1a96f80b0f6bac68dc3d6fd9aaba520559bb8335af8c95,positive_parity,2/5,128,78,True,False,False,False,False,False,False,False,False,False,False
879,00879.json,a620c96ac453e50b6d7ea4b5916dd0312e815e2ea8e6653ed1112302ab6dd952,positive_parity,2/5,128,79,True,False,False,False,False,False,False,False,False,False,False
880,00880.json,ea4fc643b18cd7fb18b0e9685a2856f6a293e2029ef9afa40bf95fd37285ae3f,positive_parity,2/5,128,80,True,False,False,False,False,False,False,False,False,False,False
881,00881.json,a4fda3243608baca52b4398471c3c3a4e5dedef8cd919d32f6188ff5cddbf151,positive_parity,2/5,128,81,True,False,False,False,False,False,False,False,False,False,False
882,00882.json,64bc3af000abde36c4a88e657544eab5198ae4067ecac2e25475315828512dbd,positive_parity,2/5,128,82,True,False,False,False,False,False,False,False,False,False,False
883,00883.json,63a2e07c206a906a1ba07d6c5e46405d8d13b49941c650053d2becd0135f9f3e,positive_parity,2/5,128,83,True,False,False,False,False,False,False,False,False,False,False
884,00884.json,a0a638732a56e360b142731c790bccfd774808f8ad4b83aaa65c67b72eb37c02,positive_parity,2/5,128,84,True,False,False,False,False,False,False,False,False,False,False
885,00885.json,7cd6f188ab1f1eb49f65085ebaf43e5aa29a3d01cbd41c0dad3313d5c3f0fbe5,positive_parity,2/5,128,85,True,False,False,False,False,False,False,False,False,False,False
886,00886.json,3eba16438fbeea24241f09357ea354384ce3bfa6a2f48e95ba94f823230aafb0,positive_parity,2/5,128,86,True,False,False,False,False,False,False,False,False,False,False
887,00887.json,0586a297b04e20294b97a5ab049944bc3e1ec459e977b66daded2908f1f85afc,positive_parity,2/5,128,87,True,False,False,False,False,False,False,False,False,False,False
888,00888.json,df565e0386133d03d1d316ad49b34836f29fbf68cc8c8e8ed2f410612fe4f9bb,positive_parity,2/5,128,88,True,False,False,False,False,False,False,False,False,False,False
889,00889.json,8d114e412030c9d110ca0c9ba71829d39b2dda2a360838e3e71014404b762797,positive_parity,2/5,128,89,True,False,False,False,False,False,False,False,False,False,False
890,00890.json,b1bf03d0a02a9afda674001c0dca3b08c6db94b5a72867a231a5916f45b41b67,positive_parity,2/5,128,90,True,False,False,False,False,False,False,False,False,False,False
891,00891.json,e93d6234ece5d2e414c56c08fe18e3b078d88db06834914fc487a7ca607c0cb4,positive_parity,2/5,128,91,True,False,False,False,False,False,False,False,False,False,False
892,00892.json,d0202a54d71d0129f718e66014d167b3461a56e266a66f53ae9bdb87cbe258be,positive_parity,2/5,128,92,True,False,False,False,False,False,False,False,False,False,False
893,00893.json,3f823e631788f2253c9b6caefa5f5861a9ba4cf898f50eab5934409499b43dfa,positive_parity,2/5,128,93,True,False,False,False,False,False,False,False,False,False,False
894,00894.json,d6f6810ccf123e5bd6093fcb3fb9846a4ee1969247aee76f45f92b22b1ed7549,positive_parity,2/5,128,94,True,False,False,False,False,False,False,False,False,False,False
895,00895.json,143d9c9720e8c7543334471e5c02025b5dfdd7a274d8b4998a72cd99fa72845a,positive_parity,2/5,128,95,True,False,False,False,False,False,False,False,False,False,False
896,00896.json,6ad81b298967003af42e9d74a52a13e815b2757c6a659cde8f2863eacf73122d,positive_parity,2/5,128,96,True,False,False,False,False,False,False,False,False,False,False
897,00897.json,f8734cb1d865fd6744c7d413c558f56493772bbdb09cc6b67a6de69a94dc48a1,positive_parity,2/5,128,97,True,False,False,False,False,False,False,False,False,False,False
898,00898.json,06d3bd3ba5abc13000f2bb7f85144429b4316c6047e3ea332929cf390b36d2ce,positive_parity,2/5,128,98,True,False,False,False,False,False,False,False,False,False,False
899,00899.json,a6f77e1daeb6cf47e025830d90d72783b75fe9a9e420eb98d9b69a4ab7941251,positive_parity,2/5,128,99,True,False,False,False,False,False,False,False,False,False,False
900,00900.json,e6571560c0defe218a9ba4b49aa6d32dac0e7b3ad4145ba1b29a373c7fda485a,positive_parity,2/5,256,0,True,False,False,False,False,False,False,False,False,False,False
901,00901.json,4e99376a935fef6ae0bebffc66e388c86442b52b1fc0fa4c34f5f5ea73a4d305,positive_parity,2/5,256,1,True,False,False,False,False,False,False,False,False,False,False
902,00902.json,4f9e6dde2ab857657a18e41e78c8f8cbfe606846ae38eb77b6462bced92cb951,positive_parity,2/5,256,2,True,False,False,False,False,False,False,False,False,False,False
903,00903.json,8a2e2b75ad247ff871dbf0405989ea432b1d0c741a86e1df9417ae74710b274f,positive_parity,2/5,256,3,True,False,False,False,False,False,False,False,False,False,False
904,00904.json,b12af78239d0fdeab48d8cd68f293c1a11463efd5c7c494c4838dec24b2ddb4c,positive_parity,2/5,256,4,True,False,False,False,False,False,False,False,False,False,False
905,00905.json,600c66d65829b2819cbe18a771fa0309ceee9e856af8103682fcf38ce3765046,positive_parity,2/5,256,5,True,False,False,False,False,False,False,False,False,False,False
906,00906.json,2d799006bad94d23f95e558d809496bd4c10cab949afe208d2703e37a748403d,positive_parity,2/5,256,6,True,False,False,False,False,False,False,False,False,False,False
907,00907.json,8b1ff54f3258a39278ef699a9310875c632f46b7e8de58cec4adfcaffc88b217,positive_parity,2/5,256,7,True,False,False,False,False,False,False,False,False,False,False
908,00908.json,89a51db930f618f392ccd8fb59b670ed123819932d130caacb3e2a7437a1239a,positive_parity,2/5,256,8,True,False,False,False,False,False,False,False,False,False,False
909,00909.json,f04d68931fc735d01e85205c25184193cad03431f2444957acba9b76f1f45803,positive_parity,2/5,256,9,True,False,False,False,False,False,False,False,False,False,False
910,00910.json,202ab37b201602d444bbb477915a4b64deb7840fa717f27e01891816315086fa,positive_parity,2/5,256,10,True,False,False,False,False,False,False,False,False,False,False
911,00911.json,e5882177142947e8302bf0f70869d02267355521099cb18768041de877b92f38,positive_parity,2/5,256,11,True,False,False,False,False,False,False,False,False,False,False
912,00912.json,0839a5cb9e2292966a327c59a6d6bc972a7839ebce7755741f9bba7ff569160f,positive_parity,2/5,256,12,True,False,False,False,False,False,False,False,False,False,False
913,00913.json,c077fd2e19fde09c65f530a4b315e48d5f9d72da187942435d82da506c022ccb,positive_parity,2/5,256,13,True,False,False,False,False,False,False,False,False,False,False
914,00914.json,521059945877d10924a593d4a8880bb65b4466ae0788098b6d88058a9700effb,positive_parity,2/5,256,14,True,False,False,False,False,False,False,False,False,False,False
915,00915.json,3e335deb0764ab0198ba83a4f4b688d6f75e425905a0a1443e5056e7c7ea686d,positive_parity,2/5,256,15,True,False,False,False,False,False,False,False,False,False,False
916,00916.json,f11e3c76d1927cb69c242312985afca29d304fef0264e0a029bb7de2d3220d62,positive_parity,2/5,256,16,True,False,False,False,False,False,False,False,False,False,False
917,00917.json,7d2e8b4f9bf32fcd3608194e24f0c0ceea4ff3a9df67b851494721148371db03,positive_parity,2/5,256,17,True,False,False,False,False,False,False,False,False,False,False
918,00918.json,b5df78c1bf4c1e018c3be7bbdbc44f38d7cebd2ba86f8125a2b934fc242c63c9,positive_parity,2/5,256,18,True,False,False,False,False,False,False,False,False,False,False
919,00919.json,1da463664cfb72e7fe8ff69e0d2d4a8e2a0ac69830b31e4c0b176cd956fb7069,positive_parity,2/5,256,19,True,False,False,False,False,False,False,False,False,False,False
920,00920.json,1a0d6a385215f5cc63a20e8ede779ab425d12b64e5d2d24ed307bac7d5ea86d4,positive_parity,2/5,256,20,True,False,False,False,False,False,False,False,False,False,False
921,00921.json,6f113efb4250f3c67bca21845ff6834c8b0a371a0c1f2f24027260d78a60752f,positive_parity,2/5,256,21,True,False,False,False,False,False,False,False,False,False,False
922,00922.json,47cb52e4a142fdad9c8b30e88c99ccc0667d8088df9677a6e06cd810ddd7f5ba,positive_parity,2/5,256,22,True,False,False,False,False,False,False,False,False,False,False
923,00923.json,b636eb53a3fcc10b139785801c4efef7598f3fbbf3b3b03629272c77165053dd,positive_parity,2/5,256,23,True,False,False,False,False,False,False,False,False,False,False
924,00924.json,ad65bb655f682812f8763b1c3107119ee16c736eb16c200f125c7e754b1c8b5c,positive_parity,2/5,256,24,True,False,False,False,False,False,False,False,False,False,False
925,00925.json,e35e97a6aa6798a7d960acf6bcdc0c8905917ef6110bd7bd8a4d83ef1a2775c2,positive_parity,2/5,256,25,True,False,False,False,False,False,False,False,False,False,False
926,00926.json,b6550e2f1bd590e6bdb90abd4d172e215cd46a4dba0d7fa4a5f99df4f88dbdc2,positive_parity,2/5,256,26,True,False,False,False,False,False,False,False,False,False,False
927,00927.json,298211bc8e099b1c51884ce5af246c627baae69e4f0fca69d393f53aaec42ad0,positive_parity,2/5,256,27,True,False,False,False,False,False,False,False,False,False,False
928,00928.json,911217c92ca52e3502c4c06ce5c831b787eecd86a00e13a6cf09a026b4009a05,positive_parity,2/5,256,28,True,False,False,False,False,False,False,False,False,False,False
929,00929.json,e34dc8415084adfa4c2db3354e0c3b5cefa7164e6ade86224b75225968e3a772,positive_parity,2/5,256,29,True,False,False,False,False,False,False,False,False,False,False
930,00930.json,1711e846be9a1c62d0e3e656201bb901fef0180165335c1da55614e65b0ce3d2,positive_parity,2/5,256,30,True,False,False,False,False,False,False,False,False,False,False
931,00931.json,47b984b9ad880a6564a565c8ef2c4e86b187777cb493931b0706d9d04b5a6f10,positive_parity,2/5,256,31,True,False,False,False,False,False,False,False,False,False,False
932,00932.json,d9f3bb7b6a91e177299766560aaffcc7772baf68edb41f711d2c7d47ba74d219,positive_parity,2/5,256,32,True,False,False,False,False,False,False,False,False,False,False
933,00933.json,bc08c418f482f408e5dc7e3bdae80855c279755e4fe13adeab8ba11008c1d4e7,positive_parity,2/5,256,33,True,False,False,False,False,False,False,False,False,False,False
934,00934.json,24b3b81cb390ea7428e0990aeae94b191e2749ca0e8441362c4397b2b0119695,positive_parity,2/5,256,34,True,False,False,False,False,False,False,False,False,False,False
935,00935.json,2e21b35e2c584c6987f4963aa397cdbf8ad1a3c3149c59cf441e8cee929c20d0,positive_parity,2/5,256,35,True,False,False,False,False,False,False,False,False,False,False
936,00936.json,d9787ddccff7e512ee1a2f59cfe53a05f25266210cadc03b89cbdf8ac6f14b0e,positive_parity,2/5,256,36,True,False,False,False,False,False,False,False,False,False,False
937,00937.json,704ebe0a6e1f781200b9a509f0d5642b59c1c02d64935ca18aea2d348f7abc14,positive_parity,2/5,256,37,True,False,False,False,False,False,False,False,False,False,False
938,00938.json,8cbfeba5427af54682e1e63bcc132f2e8a012625a188c536874e988adf2e1641,positive_parity,2/5,256,38,True,False,False,False,False,False,False,False,False,False,False
939,00939.json,83e22c122cef2ab994c6b2b1ebe5cb240ebbc9a86ac5b93396047a7308df41b2,positive_parity,2/5,256,39,True,False,False,False,False,False,False,False,False,False,False
940,00940.json,59422e038a678545582e2cf7074ad2ab7cfefe40ecaf01802a9b8c1a80002b6e,positive_parity,2/5,256,40,True,False,False,False,False,False,False,False,False,False,False
941,00941.json,927009e2b91cd9063cd3df8f594106cdea4b7f2c4bbb01779eece5d59b489eec,positive_parity,2/5,256,41,True,False,False,False,False,False,False,False,False,False,False
942,00942.json,95e080a7dfe6de6329c993b68b900d571443df3fe9aa751900f1c50a507a857c,positive_parity,2/5,256,42,True,False,False,False,False,False,False,False,False,False,False
943,00943.json,5c3184f85574b6312d78cbf3892f2c4ac655d46f2a926ad62f43008d156df9a9,positive_parity,2/5,256,43,True,False,False,False,False,False,False,False,False,False,False
944,00944.json,14c00a3ca0ce2561b4e712331118823213260623c5b53ae98ae893e7b0993f1e,positive_parity,2/5,256,44,True,False,False,False,False,False,False,False,False,False,False
945,00945.json,88096a06e1c7d66268779784cfb7c8f39be7c074cd38e5c305512b19b07a2555,positive_parity,2/5,256,45,True,False,False,False,False,False,False,False,False,False,False
946,00946.json,6ced7c7a565c3c46f8d9adbfdc6622a711113a0bd453ee355e4f75cbf944986f,positive_parity,2/5,256,46,True,False,False,False,False,False,False,False,False,False,False
947,00947.json,deeb77e5c3ff88c02e604160bbe0bca8b11f80c7175d2b255f473086eb5e2977,positive_parity,2/5,256,47,True,False,False,False,False,False,False,False,False,False,False
948,00948.json,b8b9781b24abecc01c3526b55e5eca75aed3fe3d8eb3dc3bbe40fb6cabbf1f26,positive_parity,2/5,256,48,True,False,False,False,False,False,False,False,False,False,False
949,00949.json,c421ce8b1d8d78602eec17f3a2c49aedf2de2754c70de7de7e53f116c6b43e8b,positive_parity,2/5,256,49,True,False,False,False,False,False,False,False,False,False,False
950,00950.json,8f05d2c16323c7a2c92bfb71f038dff380ed954a27603b18da45039dedad36e9,positive_parity,2/5,256,50,True,False,False,False,False,False,False,False,False,False,False
951,00951.json,a6a1b51ef56795f1bcc9a1b9ca673a80a468e8f74d261e4eb6ad494928be366b,positive_parity,2/5,256,51,True,False,False,False,False,False,False,False,False,False,False
952,00952.json,450de3df937bea6140aa916c57f258b80343f4562d6727e591b9f02103e28594,positive_parity,2/5,256,52,True,False,False,False,False,False,False,False,False,False,False
953,00953.json,ed9847b6f1523efa6ff5fce182d3a542ad62578b4b803563e5d5b3fc7a9515d9,positive_parity,2/5,256,53,True,False,False,False,False,False,False,False,False,False,False
954,00954.json,19002d6b651f3fb0b1352ec0b8a83f85391dddd8833baea9b0c4fad1593f79fa,positive_parity,2/5,256,54,True,False,False,False,False,False,False,False,False,False,False
955,00955.json,a4fb78d995c320b316ab7be081b2699e3739508fbfb66c0046aa69516130a1f4,positive_parity,2/5,256,55,True,False,False,False,False,False,False,False,False,False,False
956,00956.json,dcddd506d38f0c9bf0cd87246743b67947a5e059cd431ec75e7cfe10e465a481,positive_parity,2/5,256,56,True,False,False,False,False,False,False,False,False,False,False
957,00957.json,5253f6ceccc8c1aa8f70c7db27ff32ff521ab5ee2f31d8aab015cd7c960ab3b4,positive_parity,2/5,256,57,True,False,False,False,False,False,False,False,False,False,False
958,00958.json,4ab51cace859410fc8aaf1ccdb0b921462bf36654f2420a905ea7a4741314cf7,positive_parity,2/5,256,58,True,False,False,False,False,False,False,False,False,False,False
959,00959.json,ca99e1c340c27d8bd14e1dedc232a8a314926b8486d11112526e302840832a4c,positive_parity,2/5,256,59,True,False,False,False,False,False,False,False,False,False,False
960,00960.json,d1b4906343a8ed5d8dba8db63b48c7df0e076e77aead8acf7fe2dd229718126d,positive_parity,2/5,256,60,True,False,False,False,False,False,False,False,False,False,False
961,00961.json,595117a807b2611bc84fd0025d8a887995c649b0956279d6441a291aefa7902c,positive_parity,2/5,256,61,True,False,False,False,False,False,False,False,False,False,False
962,00962.json,a073452c7b865e0cf9eb6be9a6d1a6bf53562d8c5b5ad88cdcf46942b143969f,positive_parity,2/5,256,62,True,False,False,False,False,False,False,False,False,False,False
963,00963.json,a0b71d877f73a72ffe17f64074af673a673c51fd0d66f552bf17a0250e6e3221,positive_parity,2/5,256,63,True,False,False,False,False,False,False,False,False,False,False
964,00964.json,3f28ee024c8a3a1f9b6e0bf16e307b9054747a51dc9855476367f45bf5651d18,positive_parity,2/5,256,64,True,False,False,False,False,False,False,False,False,False,False
965,00965.json,8f4d9b11e87306fff501bf377f8ffa0f497ee206520715c34aa11c60d4c9d3f8,positive_parity,2/5,256,65,True,False,False,False,False,False,False,False,False,False,False
966,00966.json,6a0deb7a5a0a8ff793924e67b00f4988ef8bb9203e92481f746029720a499c43,positive_parity,2/5,256,66,True,False,False,False,False,False,False,False,False,False,False
967,00967.json,2390aa3badf3ea16ecc645012214d0bd6f2950814560160a9249627daa70cb0c,positive_parity,2/5,256,67,True,False,False,False,False,False,False,False,False,False,False
968,00968.json,af3d16520eddc76585d4c580cf3b7cda5c50cc5bbda0b6e9b3fbb96b938a70dc,positive_parity,2/5,256,68,True,False,False,False,False,False,False,False,False,False,False
969,00969.json,81ca01b21744656df477590a85e3dfa43d98f0bad7ce9599f258e49be3c8e72d,positive_parity,2/5,256,69,True,False,False,False,False,False,False,False,False,False,False
970,00970.json,4971bfb3b1bcda11627ebe9b19b616bc1b1a6af0597d2dabb6cb0543573e5124,positive_parity,2/5,256,70,True,False,False,False,False,False,False,False,False,False,False
971,00971.json,914201f6b348f83799e995b3155a909988ed18e6b779ca3328facc43858ffda8,positive_parity,2/5,256,71,True,False,False,False,False,False,False,False,False,False,False
972,00972.json,a9d41888a47c4c62374a4fdea8e8cac787d2db9830ca48f6b2e0ea19d052c91b,positive_parity,2/5,256,72,True,False,False,False,False,False,False,False,False,False,False
973,00973.json,32d542fd7a5e6626db2b8e451aca8ce6a0d1135432b693876764be6ce94744f7,positive_parity,2/5,256,73,True,False,False,False,False,False,False,False,False,False,False
974,00974.json,abf0a7218a522345faa4df93cf2c2b3e1c29956b9049e4aedccb1778b63d939a,positive_parity,2/5,256,74,True,False,False,False,False,False,False,False,False,False,False
975,00975.json,eff121d3bd420c412c67bb278ed8a3b0ba2fe2d64e2897444b0048f0b39c2aa8,positive_parity,2/5,256,75,True,False,False,False,False,False,False,False,False,False,False
976,00976.json,0f20d9afdec797eecbddf87123793d40ce24727548e22ebbe6977dc267d3199f,positive_parity,2/5,256,76,True,False,False,False,False,False,False,False,False,False,False
977,00977.json,fe72e070b342b5e0c78e1e2bc42c961a993bb3e514a061a56f04705c3ab9b711,positive_parity,2/5,256,77,True,False,False,False,False,False,False,False,False,False,False
978,00978.json,bc4db5be2a60e7fb527e2932a1d0b02bf76b47ef99a54e224277dcc42f71c68e,positive_parity,2/5,256,78,True,False,False,False,False,False,False,False,False,False,False
979,00979.json,0374e4329ca212e6c2ed6805fd44c5e950a072d2de46f85aa1562638c5ec5df8,positive_parity,2/5,256,79,True,False,False,False,False,False,False,False,False,False,False
980,00980.json,32f39d87d4f260a1d5123270665fb4d81a0b484ce21b7097029ddba22a578df9,positive_parity,2/5,256,80,True,False,False,False,False,False,False,False,False,False,False
981,00981.json,dcfc358de301745e612b2cb291f309e68b8da48d806569402f349ad05b28c6e9,positive_parity,2/5,256,81,True,False,False,False,False,False,False,False,False,False,False
982,00982.json,51303bd6c7c718dc7edb3bc32e8a3f1293e7693313b3340025099254b2cb0bc5,positive_parity,2/5,256,82,True,False,False,False,False,False,False,False,False,False,False
983,00983.json,6d2ec0f350b1100e69b6c92a0da16a8d60fe5537426dda22d1d0b91abd935ec6,positive_parity,2/5,256,83,True,False,False,False,False,False,False,False,False,False,False
984,00984.json,796b2bf4c3b268558441822efd5de87e65d9e4bed90e1694aafab64d4643cb1c,positive_parity,2/5,256,84,True,False,False,False,False,False,False,False,False,False,False
985,00985.json,ea8d0d136adc80aab18743c85505a15386a32b3e51ce0fa2bfc440332629bb13,positive_parity,2/5,256,85,True,False,False,False,False,False,False,False,False,False,False
986,00986.json,59ef8a0316bb4b5e138012766d3294a2ec294cca483256b07a0a53f539c5c5da,positive_parity,2/5,256,86,True,False,False,False,False,False,False,False,False,False,False
987,00987.json,abe99a767392b7284d21da629032b9882294cbe39411c04406ed35d88e59b7f0,positive_parity,2/5,256,87,True,False,False,False,False,False,False,False,False,False,False
988,00988.json,3e40a35aa01db3e0ca9ba072b4dc23582bc585a1dec93d2b29eba2d2dc6ccfa2,positive_parity,2/5,256,88,True,False,False,False,False,False,False,False,False,False,False
989,00989.json,a7bccc5a4430c9910fcf83fa385c12225da471f1ca69f132fe75458b77a15cca,positive_parity,2/5,256,89,True,False,False,False,False,False,False,False,False,False,False
990,00990.json,5baf60f7a0d99abd34b9c817b153328fe9e3d9d1ca0666d0588e8748f0ad44bd,positive_parity,2/5,256,90,True,False,False,False,False,False,False,False,False,False,False
991,00991.json,119dca983406450db90a71c5a73eb8a267a13b90305662f794498fc23fc758ca,positive_parity,2/5,256,91,True,False,False,False,False,False,False,False,False,False,False
992,00992.json,2dfade34554669381977ccc95dd51364dc99b05a054b553bfcac2e1238a89317,positive_parity,2/5,256,92,True,False,False,False,False,False,False,False,False,False,False
993,00993.json,626c2c87fb5ddcce44a6d59d75cd2a3fa66be5f77402257bb2af8fd98aeb3944,positive_parity,2/5,256,93,True,False,False,False,False,False,False,False,False,False,False
994,00994.json,62d3405436f0e8064c06b72fd0582fbf3d75b98113104a294b3170386aa81729,positive_parity,2/5,256,94,True,False,False,False,False,False,False,False,False,False,False
995,00995.json,0fc89dcb2ba593b340e4c0f0699a572d8b577590361fb31e8ee5db0b3db5b15b,positive_parity,2/5,256,95,True,False,False,False,False,False,False,False,False,False,False
996,00996.json,37a3452d81429df22a0b8dbb7019ddcd57fbcff8a292a93c6ff4d439fb7d799f,positive_parity,2/5,256,96,True,False,False,False,False,False,False,False,False,False,False
997,00997.json,82f012318b48ecb391bb06f0c403513c16d6b0e932a06ecdf1de13d9afc354f8,positive_parity,2/5,256,97,True,False,False,False,False,False,False,False,False,False,False
998,00998.json,e94b9b0b0f9e8e6dcdc431441b8bb323cf6bbe44351b806125feb1503b6cea2b,positive_parity,2/5,256,98,True,False,False,False,False,False,False,False,False,False,False
999,00999.json,37b28c3afddaa92dcad15992bab18ad874bd9aaba0fd278e43973a5a7aef6a45,positive_parity,2/5,256,99,True,False,False,False,False,False,False,False,False,False,False
1000,01000.json,43defe7c68ce258c79d034b287605770980228b60fb32e2c2c9e0a69bd2fdc36,positive_parity,2/5,512,0,True,False,False,False,False,False,False,False,False,False,False
1001,01001.json,1c0c7432f9a55cd1790f4f21535a25d28959f838f002f4df8e323bab38fcfe5a,positive_parity,2/5,512,1,True,False,False,False,False,False,False,False,False,False,False
1002,01002.json,5804b70ee20903ae217132d569bbab2caac20460b62c8e9acd34ffad22a40a77,positive_parity,2/5,512,2,True,False,False,False,False,False,False,False,False,False,False
1003,01003.json,c37e5f5851991980d8b5e7f222c5a91d7397c5a62a3ce073aa25f51ccc3f6ad3,positive_parity,2/5,512,3,True,False,False,False,False,False,False,False,False,False,False
1004,01004.json,89bb7cff04ff695b5635f49b64f5fb4e0c780d8b8cd6a18309d3441383de0c29,positive_parity,2/5,512,4,True,False,False,False,False,False,False,False,False,False,False
1005,01005.json,5d94f20077c1a878ff0c4e8ad7d140a13024cc0a8024528077c2305043eb25f1,positive_parity,2/5,512,5,True,False,False,False,False,False,False,False,False,False,False
1006,01006.json,a6b6ae92895c6a16e8f402567c6d70df5dab1a2dd8b00e9f23944177212f37fe,positive_parity,2/5,512,6,True,False,False,False,False,False,False,False,False,False,False
1007,01007.json,3ec7a7491da026673f30c9ad03ada5efadf6a59c993279a98d5f3407d1e3b24b,positive_parity,2/5,512,7,True,False,False,False,False,False,False,False,False,False,False
1008,01008.json,9293272d82620945b600e7a082bb84716d8a59c6f6423b42952ef22fe97d1bc4,positive_parity,2/5,512,8,True,False,False,False,False,False,False,False,False,False,False
1009,01009.json,7baeb0991f4d9681b68321950201aff19deb882c1d3886fcbe881be771bd9581,positive_parity,2/5,512,9,True,False,False,False,False,False,False,False,False,False,False
1010,01010.json,d17c37f36c17a7f2c39f1f2e1a519edc9e195c619e1124596ed353bb01957f65,positive_parity,2/5,512,10,True,False,False,False,False,False,False,False,False,False,False
1011,01011.json,a5ee08e02d567521ec482941a1d9a42d8c5af73373e777e2be1553ca0637c0d3,positive_parity,2/5,512,11,True,False,False,False,False,False,False,False,False,False,False
1012,01012.json,01ad61722d00afb716eb70017338b4287c84fd408d1dc1be5ff360847a7cc9d6,positive_parity,2/5,512,12,True,False,False,False,False,False,False,False,False,False,False
1013,01013.json,b112da2fb37d92b7e5bdc9c712096516670042ab3b1f6c44f820f706b50f24ec,positive_parity,2/5,512,13,True,False,False,False,False,False,False,False,False,False,False
1014,01014.json,01aae36093773c8b99af49debd9f093137d9709ad64e8df09a8ca3826295e31c,positive_parity,2/5,512,14,True,False,False,False,False,False,False,False,False,False,False
1015,01015.json,57c5d4e947f12ff424452a31d597acec04da4de4519133729b62924c49028e21,positive_parity,2/5,512,15,True,False,False,False,False,False,False,False,False,False,False
1016,01016.json,1aa83f30fe7f5df940fe827357a9e0525d55e26ff6f5b4251de3af03266ebfd7,positive_parity,2/5,512,16,True,False,False,False,False,False,False,False,False,False,False
1017,01017.json,f76c4833f1cd6587daea789a22c9e4aabdd390d6cf96f1b99098f413da8805a8,positive_parity,2/5,512,17,True,False,False,False,False,False,False,False,False,False,False
1018,01018.json,02e4beb40301ce9df7852070773698415374fde0f9f95097294cff4e18c745a5,positive_parity,2/5,512,18,True,False,False,False,False,False,False,False,False,False,False
1019,01019.json,d5e4b43e8f43e529370db1014e40cd34002cb9b3ac2ffc3a659bac74fd759d82,positive_parity,2/5,512,19,True,False,False,False,False,False,False,False,False,False,False
1020,01020.json,9edb5b859ad55f13a76ac448f8306632d16f8fe494822f46579a7f1766e22804,positive_parity,2/5,512,20,True,False,False,False,False,False,False,False,False,False,False
1021,01021.json,f6bc4564e7faaa6bfab4c0c2ced4f160e7a1f97c461c9c6c53d8053d7aab6182,positive_parity,2/5,512,21,True,False,False,False,False,False,False,False,False,False,False
1022,01022.json,490435bf0cddc7aae310a6d7f8813a07830a63a629000e34d15f7afe09d529e9,positive_parity,2/5,512,22,True,False,False,False,False,False,False,False,False,False,False
1023,01023.json,906c7c4ef570e9d6b5855d0544fb44925f941bc8ca5dfb0b8b857fc884c861e8,positive_parity,2/5,512,23,True,False,False,False,False,False,False,False,False,False,False
1024,01024.json,6792d74b6ee329e49ac2327675db629b4e61714c5c7d6376157230227d511347,positive_parity,2/5,512,24,True,False,False,False,False,False,False,False,False,False,False
1025,01025.json,1dfe4c07cd9cddbee3d1e62778778c0d35db89b6f79c598b282189913e0cccc1,positive_parity,2/5,512,25,True,False,False,False,False,False,False,False,False,False,False
1026,01026.json,b8a6acb666f433b5290bb7528214b43837c06d8e1986f706fb65e51f1c313e3f,positive_parity,2/5,512,26,True,False,False,False,False,False,False,False,False,False,False
1027,01027.json,35df9c64b7451b38c3276aeb108b52759ad1ec0363387d805d354ae31b34a8b6,positive_parity,2/5,512,27,True,False,False,False,False,False,False,False,False,False,False
1028,01028.json,fa6c63d9989abd0b1d4083391a089753201088c64903d19d26deace7f4c5c596,positive_parity,2/5,512,28,True,False,False,False,False,False,False,False,False,False,False
1029,01029.json,1769a3f1f1aec20da493050dbf4e8f4a6ff02067c242939f920ef0374ab807f3,positive_parity,2/5,512,29,True,False,False,False,False,False,False,False,False,False,False
1030,01030.json,328e6bec546bb706685938ec40ef5aec3c684e5267c830e9cf6d02c1260c64db,positive_parity,2/5,512,30,True,False,False,False,False,False,False,False,False,False,False
1031,01031.json,edfc2cc63c425e5c2e3785cfb4ceae6712645ca85417983a028a8c0c482b43c3,positive_parity,2/5,512,31,True,False,False,False,False,False,False,False,False,False,False
1032,01032.json,524b230706246e4a4b8a80bd72f4c05fb9a4214ea72425387e7ba0a023ca8712,positive_parity,2/5,512,32,True,False,False,False,False,False,False,False,False,False,False
1033,01033.json,adffdd76b90b86ed0e00f1046e373a9b750d19099529de6ca306c06592591c9a,positive_parity,2/5,512,33,True,False,False,False,False,False,False,False,False,False,False
1034,01034.json,98c8a36427a92efc66e96079cb3621beb133510922002b6603c97c906601a76a,positive_parity,2/5,512,34,True,False,False,False,False,False,False,False,False,False,False
1035,01035.json,111b160014e4d9325c976e099b0666ac5a87066179f9caa4eab0ab19bd5ccbeb,positive_parity,2/5,512,35,True,False,False,False,False,False,False,False,False,False,False
1036,01036.json,8bf20eb598cdc1573c81a389b37b158ce793741400375688ffe36e9db52edd6d,positive_parity,2/5,512,36,True,False,False,False,False,False,False,False,False,False,False
1037,01037.json,9956eaa5d3640dc4194e9c3d116c9e32479cfe582c36872d8ce1e943acd0c10f,positive_parity,2/5,512,37,True,False,False,False,False,False,False,False,False,False,False
1038,01038.json,7f27be78d6395a7adbcaa95aadd5c97202137dac10eb0f6cebb2a9161c46d03b,positive_parity,2/5,512,38,True,False,False,False,False,False,False,False,False,False,False
1039,01039.json,6629b015f0395dbe9506f303e34b94982d21632505d2d60453e150afa0331180,positive_parity,2/5,512,39,True,False,False,False,False,False,False,False,False,False,False
1040,01040.json,f108631aff992836d8bd5d92ac69b15368d87249270739182da5f76df965c43a,positive_parity,2/5,512,40,True,False,False,False,False,False,False,False,False,False,False
1041,01041.json,0b60cd6668b0bc5ab6549dea37d95bcc1c861d1479b1c34ba99a7c2a638c0488,positive_parity,2/5,512,41,True,False,False,False,False,False,False,False,False,False,False
1042,01042.json,5c048c24b97de474481066674db7dcb362709114e4f38f30cd34e8bb51c0c433,positive_parity,2/5,512,42,True,False,False,False,False,False,False,False,False,False,False
1043,01043.json,e327283808e10c13e2e4c95d92255e29f316614ae174edae7d9e92e2e0e30fec,positive_parity,2/5,512,43,True,False,False,False,False,False,False,False,False,False,False
1044,01044.json,7813b7a6d844aba3b578e8102d257db1f7017b8478632d0d8685900502544b94,positive_parity,2/5,512,44,True,False,False,False,False,False,False,False,False,False,False
1045,01045.json,a48fb134f065aeced5ded0ad50a13054bf83bd4f3d5a4c9bfc763c8076c65d52,positive_parity,2/5,512,45,True,False,False,False,False,False,False,False,False,False,False
1046,01046.json,711e7dde5e17e7f64c8b4c6274dbb6647098226cb364037fbbf8993b2bf5f33a,positive_parity,2/5,512,46,True,False,False,False,False,False,False,False,False,False,False
1047,01047.json,f6910c8855819bfe516816d48406ccd4e234bbe926ed3736ed30378570ba3c89,positive_parity,2/5,512,47,True,False,False,False,False,False,False,False,False,False,False
1048,01048.json,00b636b09e4675e40a5c5b3a8d67a0fa09faeab751d11062291553ee6044e234,positive_parity,2/5,512,48,True,False,False,False,False,False,False,False,False,False,False
1049,01049.json,3ff7e6dc97c5a1a7f203479376df1ab104bf4afdffadd1982fb52a0115901ea5,positive_parity,2/5,512,49,True,False,False,False,False,False,False,False,False,False,False
1050,01050.json,354c4b5fd57ad9840bb4460ca294c840b7413e95bc654d588e25cc337aed3856,positive_parity,2/5,512,50,True,False,False,False,False,False,False,False,False,False,False
1051,01051.json,947f344b1885b82cbbaa746d6ca16606b6d10de41dc3c50a6d646b7a892adc1f,positive_parity,2/5,512,51,True,False,False,False,False,False,False,False,False,False,False
1052,01052.json,f15e8af918bce36220bd86f59845b8bb2a732bc62d4baff70ccd23a1beeab5ae,positive_parity,2/5,512,52,True,False,False,False,False,False,False,False,False,False,False
1053,01053.json,940c50ee188b7b081713a1dbe47c13ebb27155ba8321cba32ec9f776fef3eab8,positive_parity,2/5,512,53,True,False,False,False,False,False,False,False,False,False,False
1054,01054.json,cbda5e67768dcafd2c5f8b35c932998aaea0647693943108f19e0d72aa900c98,positive_parity,2/5,512,54,True,False,False,False,False,False,False,False,False,False,False
1055,01055.json,ca8a4cb37cf2a44072cdcca3e0f7def73d11697d4a129c14c7d126c59011369a,positive_parity,2/5,512,55,True,False,False,False,False,False,False,False,False,False,False
1056,01056.json,889a0f2c0fa0fa9afdc62a9218e2ee462357101e303a416cc3ad9d2d0a31d574,positive_parity,2/5,512,56,True,False,False,False,False,False,False,False,False,False,False
1057,01057.json,0f149827d2cd278c817fcf84adcb5482124e72814274453fb5fd03e36a79b8f4,positive_parity,2/5,512,57,True,False,False,False,False,False,False,False,False,False,False
1058,01058.json,2bd34982d1a153a1c6106e722461db3e2fefd5cb2d0a5b9b980d7379bdfd92c9,positive_parity,2/5,512,58,True,False,False,False,False,False,False,False,False,False,False
1059,01059.json,958a6c7c90b267f2075e060a2642e35b6bab907fe260642ab3b0a83b0887e08f,positive_parity,2/5,512,59,True,False,False,False,False,False,False,False,False,False,False
1060,01060.json,50c6d66ffc0f08d9830fb076452bcaaa8ef193149baa57b832c63c422b318208,positive_parity,2/5,512,60,True,False,False,False,False,False,False,False,False,False,False
1061,01061.json,d2d41e0e9487eb037c9828f70d345c75e2c3a26240b1e0bf46811c5aae98e825,positive_parity,2/5,512,61,True,False,False,False,False,False,False,False,False,False,False
1062,01062.json,d4ffb81d14e08099b22e3a9f38f169e4ba8582aedbb726b7deb7399d77048709,positive_parity,2/5,512,62,True,False,False,False,False,False,False,False,False,False,False
1063,01063.json,cc25e69d041cb0427a888556513a287e188357999f7e334d6643a410b6fb9800,positive_parity,2/5,512,63,True,False,False,False,False,False,False,False,False,False,False
1064,01064.json,494bfee6b9cb10f358db4864e25545c9cd912d449685c918d37c42536d9fefd3,positive_parity,2/5,512,64,True,False,False,False,False,False,False,False,False,False,False
1065,01065.json,2316900ac9ad418326f3330e12d820437c366fe4b572d610ac004b007ef9eddb,positive_parity,2/5,512,65,True,False,False,False,False,False,False,False,False,False,False
1066,01066.json,c437e7811d42127046afeabf11c80b14390d084580666d3b7116579221dfa4d9,positive_parity,2/5,512,66,True,False,False,False,False,False,False,False,False,False,False
1067,01067.json,ce7c009816672f44a81c5f18044192abcfa180744aecb21a4a30339555142271,positive_parity,2/5,512,67,True,False,False,False,False,False,False,False,False,False,False
1068,01068.json,faf528e91e88e2c046b884089ef78403ec3cf26de4664278ca7d7740368715c7,positive_parity,2/5,512,68,True,False,False,False,False,False,False,False,False,False,False
1069,01069.json,943a1e08f908fb7cbab0eabee68ffc6335b7670ed4a2cd1759f17e66fe6196e1,positive_parity,2/5,512,69,True,False,False,False,False,False,False,False,False,False,False
1070,01070.json,ec48518caa78f687ee2ca321740d94af8c7ae45027ef0de2a3de8cd15d8df99f,positive_parity,2/5,512,70,True,False,False,False,False,False,False,False,False,False,False
1071,01071.json,475814e50978eca9c6ef3f4d8d6c90e795dd52e92eb29ad93fec88472669831d,positive_parity,2/5,512,71,True,False,False,False,False,False,False,False,False,False,False
1072,01072.json,ecd04443cf8d51f12f29629812790ea9934643f4fb7704fe02919c057d71b2be,positive_parity,2/5,512,72,True,False,False,False,False,False,False,False,False,False,False
1073,01073.json,bf21d224c4366b4d5c33b078744e6060011c72cac903e7d3dd35f88b958b13c0,positive_parity,2/5,512,73,True,False,False,False,False,False,False,False,False,False,False
1074,01074.json,c473657b09b5a4c1e8ab02cfd8d7dd4e2f702c43df8c09a8ba9f0e8012cc8507,positive_parity,2/5,512,74,True,False,False,False,False,False,False,False,False,False,False
1075,01075.json,f5fad20f5bbce23d40f5ecd1d2f182bc21ee979087791e41b00340167d948852,positive_parity,2/5,512,75,True,False,False,False,False,False,False,False,False,False,False
1076,01076.json,f0ea819904de75be9a8beedbdc08a32383c0e2c60bd0561ad1269a23b0590303,positive_parity,2/5,512,76,True,False,False,False,False,False,False,False,False,False,False
1077,01077.json,db21cbfd69e1757bc03dae255a6cbe91d256ac43096186be348680a9bf8845fe,positive_parity,2/5,512,77,True,False,False,False,False,False,False,False,False,False,False
1078,01078.json,27df6027c80ef17d26e1928a56bd281c678a09f6f2c034dfeeff8e281c523905,positive_parity,2/5,512,78,True,False,False,False,False,False,False,False,False,False,False
1079,01079.json,50b869b79c8fc1de9b76c67d28121092515a4fb76be5f853598ad876c7298def,positive_parity,2/5,512,79,True,False,False,False,False,False,False,False,False,False,False
1080,01080.json,e33b51368f75ed85f72988e126c41d54b5d2747b985a84240184722adbb8cb09,positive_parity,2/5,512,80,True,False,False,False,False,False,False,False,False,False,False
1081,01081.json,ff6bceac3a5a6da3499dd6fc22da9cb4dcbc7699ccd3da6292b761dd786deb69,positive_parity,2/5,512,81,True,False,False,False,False,False,False,False,False,False,False
1082,01082.json,507df1a7378b6a9875df4c6f59d552c4a6f990ec5187109588f7f17a6dfe04a7,positive_parity,2/5,512,82,True,False,False,False,False,False,False,False,False,False,False
1083,01083.json,83be4c6b0c7222996e1aaee9f8af52d08c5d014be019d37697f56052af74a70e,positive_parity,2/5,512,83,True,False,False,False,False,False,False,False,False,False,False
1084,01084.json,d3e9bb74d95ca62a26075d8892dd527009e41f3ce26cd483db6d69ccffbefee5,positive_parity,2/5,512,84,True,False,False,False,False,False,False,False,False,False,False
1085,01085.json,9d9445aa53788d005d3a02f11a651106a1406a84e04f4fb38ba73ecb976545e5,positive_parity,2/5,512,85,True,False,False,False,False,False,False,False,False,False,False
1086,01086.json,3d8c25f22a85dc4910c8b6c77448b52d370db20b083f8e27280ac2858daa7bf1,positive_parity,2/5,512,86,True,False,False,False,False,False,False,False,False,False,False
1087,01087.json,e903e836d98dd61fb2b7bef77f626dbde8d021b40f28bf4759ab9155b93249c0,positive_parity,2/5,512,87,True,False,False,False,False,False,False,False,False,False,False
1088,01088.json,73ed244f245de444f4ec5c4c1fa0a716d05f3f839a132e53b7786213104b30e6,positive_parity,2/5,512,88,True,False,False,False,False,False,False,False,False,False,False
1089,01089.json,3afd4fea3184d6d3d8d518158630ff26cd558f1b21cf70f7dba52e9758c536fa,positive_parity,2/5,512,89,True,False,False,False,False,False,False,False,False,False,False
1090,01090.json,9fd458c7e9456ed45a0cdd35400bdf0cf2fa7b09a239624744daef7be4d2430f,positive_parity,2/5,512,90,True,False,False,False,False,False,False,False,False,False,False
1091,01091.json,5a3ecc702d0e452f14c535953d8e7f88159980173765c15be278ad0b95d90d6d,positive_parity,2/5,512,91,True,False,False,False,False,False,False,False,False,False,False
1092,01092.json,44e7a2f7568a1c9a37466a85cec615a4a98525b9713af0b68b12dbfefecff274,positive_parity,2/5,512,92,True,False,False,False,False,False,False,False,False,False,False
1093,01093.json,e3fd8a66129e3b60578976838d49d28e2d15376f7bbfffb4792f9daf903a1bc2,positive_parity,2/5,512,93,True,False,False,False,False,False,False,False,False,False,False
1094,01094.json,3fc921ceb2ca7497be53b8b2ee5ee731f0982b5b3c273bb682885550b1b2d1f6,positive_parity,2/5,512,94,True,False,False,False,False,False,False,False,False,False,False
1095,01095.json,f9845cb705bbef7d1e4c50cb3956d820983f17ec047dfe249e45d4aea00720d1,positive_parity,2/5,512,95,True,False,False,False,False,False,False,False,False,False,False
1096,01096.json,25fd4f237f1ba75c470c1d9e07d713b3b90411e921b24793bf972510e6b538e8,positive_parity,2/5,512,96,True,False,False,False,False,False,False,False,False,False,False
1097,01097.json,d7b039ba086a5d2f5b371f16e103855f8a3f450353c4524d7501b942fd616f8e,positive_parity,2/5,512,97,True,False,False,False,False,False,False,False,False,False,False
1098,01098.json,b361fe35f002a1da8432607b6684693a219a6f6da64235045b7db9a068f7e1db,positive_parity,2/5,512,98,True,False,False,False,False,False,False,False,False,False,False
1099,01099.json,d68fd7af51c0391be580385d9f213323cb7f0df101c88e397efe73095c866afb,positive_parity,2/5,512,99,True,False,False,False,False,False,False,False,False,False,False
1100,01100.json,214186f978b314812d3ea9ea6486fb2bf73b765cdd16bad4fb89c0293d89a18c,positive_parity,2/5,1024,0,True,False,False,False,False,False,False,False,False,False,False
1101,01101.json,54515985657c560456b721eb119ee98db0637e831b7083b2e8a1c3016c84cb03,positive_parity,2/5,1024,1,True,False,False,False,False,False,False,False,False,False,False
1102,01102.json,ada104a0286455d58ef2f4d11a47852972e9afd53bcfa29f8f259203201eb270,positive_parity,2/5,1024,2,True,False,False,False,False,False,False,False,False,False,False
1103,01103.json,008cf69b11ff4013bc59038d80a3ca1939e9eb4980ce0faace29dceb191d9551,positive_parity,2/5,1024,3,True,False,False,False,False,False,False,False,False,False,False
1104,01104.json,b76090c34c49da9ae2b312e69e9f3793616315e39ef93e56145565193cff19b1,positive_parity,2/5,1024,4,True,False,False,False,False,False,False,False,False,False,False
1105,01105.json,303d38838b3f2df9962919bd20dce2560f7e72c31c97befdebbc2a98e9a40a80,positive_parity,2/5,1024,5,True,False,False,False,False,False,False,False,False,False,False
1106,01106.json,f9732a260e10183ccc0e5461ea607ff1d052edbef5cf8f831a3e9ec4382371cc,positive_parity,2/5,1024,6,True,False,False,False,False,False,False,False,False,False,False
1107,01107.json,6740960f348b1a61ca9cead10c1bd3da9989e88e19ad5860b5ccf72a4df71437,positive_parity,2/5,1024,7,True,False,False,False,False,False,False,False,False,False,False
1108,01108.json,195ef67f82b0880bdfd83a371ccd84e51cfc27c4e7b3e82fe9f04cf14880f823,positive_parity,2/5,1024,8,True,False,False,False,False,False,False,False,False,False,False
1109,01109.json,b4a19ac30447a149bbb545ca4b8b67b218edcce9727eeed0114b26da568f0a30,positive_parity,2/5,1024,9,True,False,False,False,False,False,False,False,False,False,False
1110,01110.json,888e5faca881487eda77ebf9fe7e22ff8bd163227593f4313931e634b3492794,positive_parity,2/5,1024,10,True,False,False,False,False,False,False,False,False,False,False
1111,01111.json,a83f4fd9d89ba96592e66d3c8b0a8b06f1e7a7c4dfd8fb9c599f46c0846be0cf,positive_parity,2/5,1024,11,True,False,False,False,False,False,False,False,False,False,False
1112,01112.json,497fe35bcf4fe688933dec6e6d6e3bc250e2b43f2c824f05ac24b0c3af21a9cd,positive_parity,2/5,1024,12,True,False,False,False,False,False,False,False,False,False,False
1113,01113.json,577355da6f63efb959bcec652afe2074a567b96170dd1cc39f77b51e8d2f09a7,positive_parity,2/5,1024,13,True,False,False,False,False,False,False,False,False,False,False
1114,01114.json,3e5202961dd830b4358cfc18a0986bdd12768aed52e069c10f76064655cebbb2,positive_parity,2/5,1024,14,True,False,False,False,False,False,False,False,False,False,False
1115,01115.json,f504a7f15c8a344726a910d6000f7200bf6dea79505d9566597db13c362b4a11,positive_parity,2/5,1024,15,True,False,False,False,False,False,False,False,False,False,False
1116,01116.json,debf6cecd2ca98c7a3e4ba0f0e4f7ada1772efe6ed5d5b2fb3eb1ff421dd41bc,positive_parity,2/5,1024,16,True,False,False,False,False,False,False,False,False,False,False
1117,01117.json,58b8342cffa32655df63cdbf808b0904a1bd6a45c97aa1a45804b3aac8b7a3d3,positive_parity,2/5,1024,17,True,False,False,False,False,False,False,False,False,False,False
1118,01118.json,fd9155bcb0e4c4538480d35437c6fb911872d6447dd26750aeb4c278f5744888,positive_parity,2/5,1024,18,True,False,False,False,False,False,False,False,False,False,False
1119,01119.json,b23c6d6d67112b9f6dcd3045e5859499443f4066cb31d539103c0acec81bbc95,positive_parity,2/5,1024,19,True,False,False,False,False,False,False,False,False,False,False
1120,01120.json,85016db8dfd8f1101ce4d5c24b26c3248a3f1a6eb005e242f8a9afe1a54d1027,positive_parity,2/5,1024,20,True,False,False,False,False,False,False,False,False,False,False
1121,01121.json,3ed3cf6849540d3a902167fbe51739f99ff757c47aa79db20833e9064b2d7d5c,positive_parity,2/5,1024,21,True,False,False,False,False,False,False,False,False,False,False
1122,01122.json,66afcaca73a9b63e5f361cc55ca6c59e65ac5b091104368692d2f24c71f721d2,positive_parity,2/5,1024,22,True,False,False,False,False,False,False,False,False,False,False
1123,01123.json,bf3057aaefb5cb569b7d48441310696b90a100818d0d03667ff90616672e2e02,positive_parity,2/5,1024,23,True,False,False,False,False,False,False,False,False,False,False
1124,01124.json,bf96b09974860021e006377d2cf39473be318298cb75e57ba3362e9aa030edd1,positive_parity,2/5,1024,24,True,False,False,False,False,False,False,False,False,False,False
1125,01125.json,8b2f21482d50d76e68bea77b83871381041f1f3254420e84588fed60b4207ad7,positive_parity,2/5,1024,25,True,False,False,False,False,False,False,False,False,False,False
1126,01126.json,1a4a07dae7a4e233465e93c8b65881c3fbe6388fe9dbaecaa39b2b2b92545f24,positive_parity,2/5,1024,26,True,False,False,False,False,False,False,False,False,False,False
1127,01127.json,b16ff50238dfdff18dbd4aef799993b81d3de492625095b2862f3b8e6a0b48d5,positive_parity,2/5,1024,27,True,False,False,False,False,False,False,False,False,False,False
1128,01128.json,3a99fb745f5997b01356e70f4cc3406e3c5fa051d6a7dceb46c18aba90e39707,positive_parity,2/5,1024,28,True,False,False,False,False,False,False,False,False,False,False
1129,01129.json,e989b0c38395e6c04213daf9302278c7ed5774780c6de465ef4e5649069d8650,positive_parity,2/5,1024,29,True,False,False,False,False,False,False,False,False,False,False
1130,01130.json,e2270681dfbc0d95a1e42a59376e0de3df9fedadd2282775709a8a1142e5ce6f,positive_parity,2/5,1024,30,True,False,False,False,False,False,False,False,False,False,False
1131,01131.json,f46b70788fcf31b6461c995e9990ce71a67bd40f501ed3329c64f6191ac59c70,positive_parity,2/5,1024,31,True,False,False,False,False,False,False,False,False,False,False
1132,01132.json,6f0e317e06864fa055438c91028105a04c827e4c099f840b0ebcd41e32a671ba,positive_parity,2/5,1024,32,True,False,False,False,False,False,False,False,False,False,False
1133,01133.json,5dd9e2dbc57acf9d6122069f6d7e3639fd3f22d4c1e1720723ab44d611ae549e,positive_parity,2/5,1024,33,True,False,False,False,False,False,False,False,False,False,False
1134,01134.json,a28fecf7fe9839201db2c36c08aacfaa91d9f0659a25a33dc541fbea0750344a,positive_parity,2/5,1024,34,True,False,False,False,False,False,False,False,False,False,False
1135,01135.json,1f4c07e1438bbb0293e736d993f4a6f76791981aab3c52ac08adf635d7cc2832,positive_parity,2/5,1024,35,True,False,False,False,False,False,False,False,False,False,False
1136,01136.json,8d1bd716da4de681ed236c377bb3e03b85383325fc6b4e9f0b141a58159236b7,positive_parity,2/5,1024,36,True,False,False,False,False,False,False,False,False,False,False
1137,01137.json,fd404728f9bd40526a0981521d28ffb7c0a666125ebeffea5b3dffd4732a6063,positive_parity,2/5,1024,37,True,False,False,False,False,False,False,False,False,False,False
1138,01138.json,545a46feab385bb48b286e0e747b5d4497b0bea1e80b03ffdb1abe9cd5ff826f,positive_parity,2/5,1024,38,True,False,False,False,False,False,False,False,False,False,False
1139,01139.json,ea4c3991839a473e4dfcf5894584f2f8ae98f611c8f8fd2c25716809292b338a,positive_parity,2/5,1024,39,True,False,False,False,False,False,False,False,False,False,False
1140,01140.json,645e25403111805cd9feda22cbf5a0a27d6084828fde78cb73018742bb9f281e,positive_parity,2/5,1024,40,True,False,False,False,False,False,False,False,False,False,False
1141,01141.json,b0f20e3881fc98c114020d92fb5dab1eabd1e6ea9ab3594054d8a67ece199f70,positive_parity,2/5,1024,41,True,False,False,False,False,False,False,False,False,False,False
1142,01142.json,20814357f37416f0111f0d4085c650e1e9798cb6db8ce49f3795a5c087b4d7ec,positive_parity,2/5,1024,42,True,False,False,False,False,False,False,False,False,False,False
1143,01143.json,44006083f1d26e0171b2ac493f5705a0d1d776442a932050dbbd35f3669b6f61,positive_parity,2/5,1024,43,True,False,False,False,False,False,False,False,False,False,False
1144,01144.json,fcfaa2d4a16783bbc398a46c76ad8cc3f3bfdb417a3bf6f073ff07f33f0bab94,positive_parity,2/5,1024,44,True,False,False,False,False,False,False,False,False,False,False
1145,01145.json,6c08b350dbf6c9277f697f6f766a6b9ab05e8cb8006420cdc9315ff0afb1dec8,positive_parity,2/5,1024,45,True,False,False,False,False,False,False,False,False,False,False
1146,01146.json,eabe898d383bb668e2074ff9fc7fa5d16af2d01e72384c89b2e531a9448c63b9,positive_parity,2/5,1024,46,True,False,False,False,False,False,False,False,False,False,False
1147,01147.json,35636a06826f39f05855b4669b21c44412bebc58d70af9eb459d75656e67cb50,positive_parity,2/5,1024,47,True,False,False,False,False,False,False,False,False,False,False
1148,01148.json,29f61509aba22be263df685bc4814473ab57505d3a1df14e269c0a1a36180936,positive_parity,2/5,1024,48,True,False,False,False,False,False,False,False,False,False,False
1149,01149.json,fb5faa67afc94d6cb8ad340b9ee3270f3510378d1a2381add5c0eefcd7c48cad,positive_parity,2/5,1024,49,True,False,False,False,False,False,False,False,False,False,False
1150,01150.json,65f6cff254ecb2e90c150c9657688474efaa5850c4858f6c0d1d9c81c4c1a4ce,positive_parity,2/5,1024,50,True,False,False,False,False,False,False,False,False,False,False
1151,01151.json,58853023bd6f93aa87c037d36b464120d6009461a018baf6901d029516b4f465,positive_parity,2/5,1024,51,True,False,False,False,False,False,False,False,False,False,False
1152,01152.json,b81618e7aad48179ecf2735d134e03be42f02faa0e227aeef2152cf59a66d7c5,positive_parity,2/5,1024,52,True,False,False,False,False,False,False,False,False,False,False
1153,01153.json,e7e2dd9a16c81474729ef5c81599cc6136af23c066bb3be5149a10db58a7c320,positive_parity,2/5,1024,53,True,False,False,False,False,False,False,False,False,False,False
1154,01154.json,34162440f7f00a560fce521ffbce7234c6fa5ffd55022b84f2d4d6f0c7a688bc,positive_parity,2/5,1024,54,True,False,False,False,False,False,False,False,False,False,False
1155,01155.json,626fb87c657c995c95657c71fde32f5b8eba2d010ff9b7e89f470f3a1162e791,positive_parity,2/5,1024,55,True,False,False,False,False,False,False,False,False,False,False
1156,01156.json,456cb04df2b36e3ca7ad6e57f2992b22c27fbf9b8136267f1320fc92175a662c,positive_parity,2/5,1024,56,True,False,False,False,False,False,False,False,False,False,False
1157,01157.json,c8272f5f9428237e065daf6a87eea5116ed16b1f7bc0cb7073f8bd7937745839,positive_parity,2/5,1024,57,True,False,False,False,False,False,False,False,False,False,False
1158,01158.json,e9421eedcdc9ff9ce09ff325b75b393e93be7ed60b322f1286eb90b69ab37948,positive_parity,2/5,1024,58,True,False,False,False,False,False,False,False,False,False,False
1159,01159.json,649d0122361c88098ac2c65f1d6d67dfd23429e5ba390792517aca0ed5aa57f0,positive_parity,2/5,1024,59,True,False,False,False,False,False,False,False,False,False,False
1160,01160.json,8715301a4791b0beb066574cbdd0806d1487cfef71fae086c4eb3005acee225f,positive_parity,2/5,1024,60,True,False,False,False,False,False,False,False,False,False,False
1161,01161.json,2d35e1b3466c1b8f34a46eb861bfd4e0ed9604adb0a9b06562626623f5963d8d,positive_parity,2/5,1024,61,True,False,False,False,False,False,False,False,False,False,False
1162,01162.json,3422653fd1fc3ddb8acae7b9fd6f94080caef439b5ff83008ada5de67ca37786,positive_parity,2/5,1024,62,True,False,False,False,False,False,False,False,False,False,False
1163,01163.json,eca040cca8ea9f66add1c8537a4ef3c6571cb14335843343dacc1c8f3392fc6e,positive_parity,2/5,1024,63,True,False,False,False,False,False,False,False,False,False,False
1164,01164.json,df836d47f579c270a7edcb0a29b30549922b7bc0e22c777a23cce5245d4927a1,positive_parity,2/5,1024,64,True,False,False,False,False,False,False,False,False,False,False
1165,01165.json,b9d2e93d6c24c7993abf63c581b1e6e189f035b25d5d4d42b84fec41b3fe2a42,positive_parity,2/5,1024,65,True,False,False,False,False,False,False,False,False,False,False
1166,01166.json,e5e6b8e7978bf42f516dc9a64fd9f913670f6c18424e21cebb205e4e4468214e,positive_parity,2/5,1024,66,True,False,False,False,False,False,False,False,False,False,False
1167,01167.json,710d03d71eb685d13d6c5be97348955e8a2c9c67b3d9b50e62b58b485b2ff271,positive_parity,2/5,1024,67,True,False,False,False,False,False,False,False,False,False,False
1168,01168.json,1585aaec6cd8e5093da4b1257dfadbd9a7fb3031214846e9ce09fbd7a85c997a,positive_parity,2/5,1024,68,True,False,False,False,False,False,False,False,False,False,False
1169,01169.json,c5a30ca62f5e63b1f6b057a63c337d002499210403b77be1e899cfa7c3d7b2af,positive_parity,2/5,1024,69,True,False,False,False,False,False,False,False,False,False,False
1170,01170.json,b520ba8789eb69bdc3422a598f1d53e2bb561d79b8d271de6f96cced7ec9b76c,positive_parity,2/5,1024,70,True,False,False,False,False,False,False,False,False,False,False
1171,01171.json,2e11fe36988b2e678bbbcb17c0ba9b143a3a3e33bb2dd6700fc227be3229dcbf,positive_parity,2/5,1024,71,True,False,False,False,False,False,False,False,False,False,False
1172,01172.json,a18c1d406c9eb72f224f345625a9f71f22b9fb1ca8b9c9a5fe619fb994d4ea02,positive_parity,2/5,1024,72,True,False,False,False,False,False,False,False,False,False,False
1173,01173.json,5fd9f649f9566829a66cf4b5b0a5b28414d8e2c2f437e32ce91ce6d04e48f1eb,positive_parity,2/5,1024,73,True,False,False,False,False,False,False,False,False,False,False
1174,01174.json,49cb255b04c16ed7f2650bb6249cfc77ecfb3633b7dca5b12a01bce05f022f39,positive_parity,2/5,1024,74,True,False,False,False,False,False,False,False,False,False,False
1175,01175.json,d6cd949fbcfd601f812efdf23fd82f649fde1f63fa98bcd2554c5923999d3d3e,positive_parity,2/5,1024,75,True,False,False,False,False,False,False,False,False,False,False
1176,01176.json,8ebe5fd73196df6c18d03074b0f7e1ece57114337c989a0c58207af3cd15374a,positive_parity,2/5,1024,76,True,False,False,False,False,False,False,False,False,False,False
1177,01177.json,755d9d694c8e7a7307b8856336955b0a925b4e5e03a75e379002e9d86ed39c04,positive_parity,2/5,1024,77,True,False,False,False,False,False,False,False,False,False,False
1178,01178.json,8d9ca0db5005e7012f62b6b2177f1ec6ce3d7fb0f6168e0b93e11845b3b37d34,positive_parity,2/5,1024,78,True,False,False,False,False,False,False,False,False,False,False
1179,01179.json,9747178b12ce4c4140b566eb54137d9fa9cf12523a3a508e6c4ca007a76ae8da,positive_parity,2/5,1024,79,True,False,False,False,False,False,False,False,False,False,False
1180,01180.json,f6b72abdaaec4382741478169cdac983765eeb6507e5d61ac259178980eb04f6,positive_parity,2/5,1024,80,True,False,False,False,False,False,False,False,False,False,False
1181,01181.json,50800a88e0ba03c63152935c501197ea9e57f0a18fdd33dba5070375dcafe527,positive_parity,2/5,1024,81,True,False,False,False,False,False,False,False,False,False,False
1182,01182.json,04e593c80fac1eb32afb8e8c8ade4f9afb29cb52236f1c91cf814190d616e170,positive_parity,2/5,1024,82,True,False,False,False,False,False,False,False,False,False,False
1183,01183.json,22ae431a7fb84fe738492da481d4568b8ab5bcf6c58b47e512f33fa5da91da47,positive_parity,2/5,1024,83,True,False,False,False,False,False,False,False,False,False,False
1184,01184.json,2aba90b6f918e3b3a9212208595173c7c9d561ce523f294bf2b6c271d0b35992,positive_parity,2/5,1024,84,True,False,False,False,False,False,False,False,False,False,False
1185,01185.json,428bca173593f2c3c72c9b4565373030d6be9aa8e8ca43fdceeff5197f670edb,positive_parity,2/5,1024,85,True,False,False,False,False,False,False,False,False,False,False
1186,01186.json,eac5c31cf1a80f0ae2f33ae8ada67628e99f01816762769533cbcb55e6c8dea3,positive_parity,2/5,1024,86,True,False,False,False,False,False,False,False,False,False,False
1187,01187.json,7804fe9adf7dd9b15ebd196ed3adf02f6c74d00de31b37231f4ed660e773018e,positive_parity,2/5,1024,87,True,False,False,False,False,False,False,False,False,False,False
1188,01188.json,ba1c3e1f4cef8a23b94784665623060528e461ec9417225e6a2c029bb40d5270,positive_parity,2/5,1024,88,True,False,False,False,False,False,False,False,False,False,False
1189,01189.json,6758e92e0e33674ac6880596ba9875f60cb8e1e3fc59987aaae32f39f4ee36c2,positive_parity,2/5,1024,89,True,False,False,False,False,False,False,False,False,False,False
1190,01190.json,5e7a70d907e47d39a0cfd0dbe674f7c7d5f6c7278867a27d175ef5beac98c109,positive_parity,2/5,1024,90,True,False,False,False,False,False,False,False,False,False,False
1191,01191.json,2773eecd7a2716945a1aef2765d15682d25f4747e08aae353f071ada70c3d734,positive_parity,2/5,1024,91,True,False,False,False,False,False,False,False,False,False,False
1192,01192.json,e18db8b18ecec8ba76856ca4d4818f8cd9c56c88cac6f0e2a52b2f88a78d7b90,positive_parity,2/5,1024,92,True,False,False,False,False,False,False,False,False,False,False
1193,01193.json,af8410d8eae389cef230e70d0445a8ee4c3e81e4bdc525f374daea44f3f226bb,positive_parity,2/5,1024,93,True,False,False,False,False,False,False,False,False,False,False
1194,01194.json,0aea44b455c74ff7e9ef1505059ccd432a493c56da3006dba5f38b83c41a7ac8,positive_parity,2/5,1024,94,True,False,False,False,False,False,False,False,False,False,False
1195,01195.json,fa360c0329fa24bc36bbd67b7b65589cd6fd36bcdd3f0cc035f5c8eb15b346ab,positive_parity,2/5,1024,95,True,False,False,False,False,False,False,False,False,False,False
1196,01196.json,cd8cee7560ac437ff67a0f5b778c8c0ad11d2f66a0ed970282f06b0bf6d95592,positive_parity,2/5,1024,96,True,False,False,False,False,False,False,False,False,False,False
1197,01197.json,1a6c9332fef8def607e9ccf5f4600bf4f40bdf281ed347e8865adac2ad0948cf,positive_parity,2/5,1024,97,True,False,False,False,False,False,False,False,False,False,False
1198,01198.json,0910287275489a8496f8e6abc1226d9d5c1b48ac0fb161f595df440a84af3b07,positive_parity,2/5,1024,98,True,False,False,False,False,False,False,False,False,False,False
1199,01199.json,48546b0517f6c4e801e7bf0497c77b8617571abc4d6da04cd522654230228832,positive_parity,2/5,1024,99,True,False,False,False,False,False,False,False,False,False,False
1200,01200.json,5aefecaa4d8c53a2b44088d8f57a25133d15f464e1f378910871e116929adaf0,positive_parity,2/5,4096,0,True,False,False,False,False,False,False,False,False,False,False
1201,01201.json,b0a1c15ce68641764f70cda94437223e44b06f41e2f565c1df3abedfe5266f00,positive_parity,2/5,4096,1,True,False,False,False,False,False,False,False,False,False,False
1202,01202.json,d0bb8b483421ebc0d96145f99ca772ed1ac2ad6f31ad03951f9154c66a465548,positive_parity,2/5,4096,2,True,False,False,False,False,False,False,False,False,False,False
1203,01203.json,6a79a89b277e07d5d913dc1fc8b75b4c17a708967cdd22bc32628a40433adb49,positive_parity,2/5,4096,3,True,False,False,False,False,False,False,False,False,False,False
1204,01204.json,c7225cd0530bad99fa223023b960b0e53433b53768bd06b9a2cdeeefd145ae9d,positive_parity,2/5,4096,4,True,False,False,False,False,False,False,False,False,False,False
1205,01205.json,53a7d4823672651d096cbae02b4e0182542fa9a5cb5e5499eed5aebee3c47f59,positive_parity,2/5,4096,5,True,False,False,False,False,False,False,False,False,False,False
1206,01206.json,7205b0aa6ecf0c1294ea3248a65d1ca0c4f54fe3e3a6076064c6346e8043e6bd,positive_parity,2/5,4096,6,True,False,False,False,False,False,False,False,False,False,False
1207,01207.json,335e9708982394480e963269da6977cbe55b9b46da1d31bdf2f6178a496986e5,positive_parity,2/5,4096,7,True,False,False,False,False,False,False,False,False,False,False
1208,01208.json,53c2bcf3dbba5909efd92b912899d04886c469ba125561f8d4a9a7f97f8d399a,positive_parity,2/5,4096,8,True,False,False,False,False,False,False,False,False,False,False
1209,01209.json,c344364e0c7e47701bab8b4173c48ea1445da448e4dfff258696fdf3b77c8a02,positive_parity,2/5,4096,9,True,False,False,False,False,False,False,False,False,False,False
1210,01210.json,cc939d650571b64bfe9b6491b270dacfa675bc6453a3257d4c663c6abf64e32b,positive_parity,2/5,4096,10,True,False,False,False,False,False,False,False,False,False,False
1211,01211.json,03c47eda30c13a32247f9b125274376767e77b97f13cb18c428ddb60085d08f4,positive_parity,2/5,4096,11,True,False,False,False,False,False,False,False,False,False,False
1212,01212.json,c280af5bdbaed8844a9a3cf076869a985e190a7a553062748482aba1f1eff2aa,positive_parity,2/5,4096,12,True,False,False,False,False,False,False,False,False,False,False
1213,01213.json,673b43991dc0860c2180d5f728e3d54ccf8b7b9a9d5c0d444a5871ae1e13fda8,positive_parity,2/5,4096,13,True,False,False,False,False,False,False,False,False,False,False
1214,01214.json,80861ecef01f44103270cb94856bd793cd83247dfae255aee7ff48f65fad39b5,positive_parity,2/5,4096,14,True,False,False,False,False,False,False,False,False,False,False
1215,01215.json,84e9b46fc6b7dac076262ae2dad0f51470722833273db0e48160c5a0657b4b0e,positive_parity,2/5,4096,15,True,False,False,False,False,False,False,False,False,False,False
1216,01216.json,868f2d43524c425678a106ff08d1c24b8d4b6130cb912280af4d905aee594d54,positive_parity,2/5,4096,16,True,False,False,False,False,False,False,False,False,False,False
1217,01217.json,0f57fef1792a3782905dd9ff883d2386a43c78156528f26a597f5ea6dbb147e2,positive_parity,2/5,4096,17,True,False,False,False,False,False,False,False,False,False,False
1218,01218.json,9e75a7ceacb466f9b032dbb34bf4c48fe467267f7583f082bb94af8d457843b4,positive_parity,2/5,4096,18,True,False,False,False,False,False,False,False,False,False,False
1219,01219.json,4bd0838c4fabb4d3836d42bb50e81ed9afcb246dd9f68374e57e74eb851078ef,positive_parity,2/5,4096,19,True,False,False,False,False,False,False,False,False,False,False
1220,01220.json,b31f2711f922870e4af37573c18042176c84c11aa7a15c9b037cda102195e51e,positive_parity,2/5,4096,20,True,False,False,False,False,False,False,False,False,False,False
1221,01221.json,36bb8425b19135eb8fd0cd0a5d3e2dc40007d4a21b2e1f00074f1db039d35307,positive_parity,2/5,4096,21,True,False,False,False,False,False,False,False,False,False,False
1222,01222.json,d5ce46fa6bf4f33f9ec9cbcbc7f7ad972fb5d868a3ca1b7f5ca1ba98b416c04a,positive_parity,2/5,4096,22,True,False,False,False,False,False,False,False,False,False,False
1223,01223.json,bbe947279c21e901be697505147e18af50b08324c8ad90e1ad0ccaff3d12971d,positive_parity,2/5,4096,23,True,False,False,False,False,False,False,False,False,False,False
1224,01224.json,928ce2fbd43318ca34caf9fecd7f96b9d81526ed14fd0f135ce9cc35887098e0,positive_parity,2/5,4096,24,True,False,False,False,False,False,False,False,False,False,False
1225,01225.json,a5ab4ca5f7b5b0336dce860cf1162dd6c7c4afcea8d9c4abe0aa1449443bfdc4,positive_parity,2/5,4096,25,True,False,False,False,False,False,False,False,False,False,False
1226,01226.json,502c8400523c98b1b84f50dc8fe24d6bd893f0b22c538213afb74fcfa12287ee,positive_parity,2/5,4096,26,True,False,False,False,False,False,False,False,False,False,False
1227,01227.json,2a9ef8ad253d2f3e97936add2edec812301376f8b524b5db237f31785d90eb96,positive_parity,2/5,4096,27,True,False,False,False,False,False,False,False,False,False,False
1228,01228.json,a32be70ae3ed3f047f224880d8aa6a3b9ebb4156b44e5b284732b1a136613dba,positive_parity,2/5,4096,28,True,False,False,False,False,False,False,False,False,False,False
1229,01229.json,f3c745f884802f8ce3faac6b7d38acc1a12faf84d361c25c011b1fad911d6644,positive_parity,2/5,4096,29,True,False,False,False,False,False,False,False,False,False,False
1230,01230.json,9c9faa48d9cfdd2fa64f31ade53d3ce45873eb34bcdbbea430819aac98d6133d,positive_parity,2/5,4096,30,True,False,False,False,False,False,False,False,False,False,False
1231,01231.json,0fe0ac5372d078acb01e029e93c21a6b10edbe4044444542843a94832ff12804,positive_parity,2/5,4096,31,True,False,False,False,False,False,False,False,False,False,False
1232,01232.json,f4b8a4e04ebbcebf9afcf4e93e5bd4c0602737a9174467258e10bc26a80db3f1,positive_parity,2/5,4096,32,True,False,False,False,False,False,False,False,False,False,False
1233,01233.json,ec6e1b86de6fa9717f2bed0b18e20500c4c94074410bf1e77f04cccdbcf0a20e,positive_parity,2/5,4096,33,True,False,False,False,False,False,False,False,False,False,False
1234,01234.json,ec6f73048ae8974dd2fd210963e54f83500a4228582335e4952521ed52a2bc09,positive_parity,2/5,4096,34,True,False,False,False,False,False,False,False,False,False,False
1235,01235.json,27d96c082734833fee9f512ff25f077b371ff908a027b0fa0c5bb213c21ffeff,positive_parity,2/5,4096,35,True,False,False,False,False,False,False,False,False,False,False
1236,01236.json,2ff0265a4e16d425f6b175a774761a494c5377b6e12404003625983cbb8a49d8,positive_parity,2/5,4096,36,True,False,False,False,False,False,False,False,False,False,False
1237,01237.json,14749defd105a269c824c82a774fd5e35eaced7598025fd6c31145fc595626c6,positive_parity,2/5,4096,37,True,False,False,False,False,False,False,False,False,False,False
1238,01238.json,0f2231acbbe7695e165e678bc4d04d63145d0ec73dd466af39e99624e625c2cd,positive_parity,2/5,4096,38,True,False,False,False,False,False,False,False,False,False,False
1239,01239.json,3b6eaea9ae9dacb00f9f70f553973e6ab8696ce2ffb448c3e0256a27cc7253db,positive_parity,2/5,4096,39,True,False,False,False,False,False,False,False,False,False,False
1240,01240.json,a610955c225d3cd55b1cf727aed3e788e2d396f5da78a58817e598c35dccfe17,positive_parity,2/5,4096,40,True,False,False,False,False,False,False,False,False,False,False
1241,01241.json,9487d2c817e599b771d424642fc93b62d68a237699b6032ba6a4c1418186dfc8,positive_parity,2/5,4096,41,True,False,False,False,False,False,False,False,False,False,False
1242,01242.json,46cbb43d7e69a415eef5ff10a48ff3e6517037a92258d258e68c904208208800,positive_parity,2/5,4096,42,True,False,False,False,False,False,False,False,False,False,False
1243,01243.json,64c659dc5b4ad231e7766dd11d289c6387037f67c69ba291dfc5ee2871c28b37,positive_parity,2/5,4096,43,True,False,False,False,False,False,False,False,False,False,False
1244,01244.json,fe0f6b2213c75a1ea0d794efabc4b1066f5def805fa901339158b18cc5927008,positive_parity,2/5,4096,44,True,False,False,False,False,False,False,False,False,False,False
1245,01245.json,9cf0e8314eb477496f3655b08b41a21e5d65a6b3082a0099b6e87b8c5c456443,positive_parity,2/5,4096,45,True,False,False,False,False,False,False,False,False,False,False
1246,01246.json,409f7630e788bac554eb33d29a3349fea34240c4da9f8ba3240db49bdf1a8967,positive_parity,2/5,4096,46,True,False,False,False,False,False,False,False,False,False,False
1247,01247.json,23d3645718cc9ff230be116ae76b791b7e6315aea429418a556eebfe7537599b,positive_parity,2/5,4096,47,True,False,False,False,False,False,False,False,False,False,False
1248,01248.json,4a2242e47f01c6f071ad14df34f6376408f70ee9260cec9d2662abb2efbabbcc,positive_parity,2/5,4096,48,True,False,False,False,False,False,False,False,False,False,False
1249,01249.json,2fef7b20449797f4c0b55debd6e9d86b9bf73ca577e81e1c31568b3f8208b4a0,positive_parity,2/5,4096,49,True,False,False,False,False,False,False,False,False,False,False
1250,01250.json,b05cc4c1bb4c1312913e057d1480b25c43717db6e4c20b47a0ca068a6df81939,positive_parity,2/5,4096,50,True,False,False,False,False,False,False,False,False,False,False
1251,01251.json,421b6ef5803374801dd7015b087be79e40b1f35fae8d99f7e78612e897c08f18,positive_parity,2/5,4096,51,True,False,False,False,False,False,False,False,False,False,False
1252,01252.json,b9715227cd7a0a348519e0ccd27fad3f611334a01b5345812aa1909cf5247687,positive_parity,2/5,4096,52,True,False,False,False,False,False,False,False,False,False,False
1253,01253.json,46083ae2cbe08243bf2fef8c381ac0fca93008eec9b1266fe5a6f44862f23db0,positive_parity,2/5,4096,53,True,False,False,False,False,False,False,False,False,False,False
1254,01254.json,ccd9a3670b4ebbb9c670ec652c8cd5e75f3b5773ee70d1957f6d0fefc6ce606a,positive_parity,2/5,4096,54,True,False,False,False,False,False,False,False,False,False,False
1255,01255.json,8c18939f907e5432fcc5de1888892fa96d65d86266c870336648e16cfa6cf98b,positive_parity,2/5,4096,55,True,False,False,False,False,False,False,False,False,False,False
1256,01256.json,2144146c08418b9506572ad8e66724c3fd00203a47217a1763e6b1fa2fe20ce4,positive_parity,2/5,4096,56,True,False,False,False,False,False,False,False,False,False,False
1257,01257.json,e410cc8ee299e209c4784d06626300c6c7577293b40e023a1de3c76d9fd15411,positive_parity,2/5,4096,57,True,False,False,False,False,False,False,False,False,False,False
1258,01258.json,70f78c64fcdb4bff8d78bb2f6ea9af6a64a6d58427c91bf7dc90326c4688ed04,positive_parity,2/5,4096,58,True,False,False,False,False,False,False,False,False,False,False
1259,01259.json,1905322a6f09386acdd135ab7f6da58e2fbca51ff49ba54645634c500a5fd018,positive_parity,2/5,4096,59,True,False,False,False,False,False,False,False,False,False,False
1260,01260.json,c505e0327b87e131774aa08660003af672d895f0228a783e576bfb568b53527c,positive_parity,2/5,4096,60,True,False,False,False,False,False,False,False,False,False,False
1261,01261.json,3dde85ce5b623a12082e40bffde3d1fb51ffc1c7d54ac0d04671023cc0fa5873,positive_parity,2/5,4096,61,True,False,False,False,False,False,False,False,False,False,False
1262,01262.json,a510e58d07cf1849a2b07aac4e3dbad4fb36e4eb912600a18d305053423757b1,positive_parity,2/5,4096,62,True,False,False,False,False,False,False,False,False,False,False
1263,01263.json,b3b07d661d5072a15f7b5d1c74af5c4646a4a2b8da7e95c49f7fa0a6325688d3,positive_parity,2/5,4096,63,True,False,False,False,False,False,False,False,False,False,False
1264,01264.json,38747b2a9fc0a02847370b967d4e1bc8054a74491399cfe98c5506e35a6c1d56,positive_parity,2/5,4096,64,True,False,False,False,False,False,False,False,False,False,False
1265,01265.json,9dd1d51e009f93f91007a0c2eaaf723f97fd1d140c4060dd14f720708139545d,positive_parity,2/5,4096,65,True,False,False,False,False,False,False,False,False,False,False
1266,01266.json,41fd0e31e3d685ce7899878049317f7bff779ec7904386c7e1000d5b88eb39d6,positive_parity,2/5,4096,66,True,False,False,False,False,False,False,False,False,False,False
1267,01267.json,6a513fa825899cf0f04dc04ef8d9396f9f4fdab33d8baf3a20fc004178295456,positive_parity,2/5,4096,67,True,False,False,False,False,False,False,False,False,False,False
1268,01268.json,aad37dede9c7b3e031f656a452b994d5c77dae716c5076198d96caf03c978720,positive_parity,2/5,4096,68,True,False,False,False,False,False,False,False,False,False,False
1269,01269.json,7a6f3d1c7fdf6a0d40f984da6712776c6f0504be610ee2c69695279a7c84dd5e,positive_parity,2/5,4096,69,True,False,False,False,False,False,False,False,False,False,False
1270,01270.json,311b4969e076577566fad5bd2d854a7b08df560088eb380d0df6a98841b05c22,positive_parity,2/5,4096,70,True,False,False,False,False,False,False,False,False,False,False
1271,01271.json,56d2d76135090c13b57ebba55218dddbd09900c3fc80d4fb83e5c98defbb4cab,positive_parity,2/5,4096,71,True,False,False,False,False,False,False,False,False,False,False
1272,01272.json,dc67fa402cabbb9805d8ba34258d777fa42875a09f968e23c03b881876834f7f,positive_parity,2/5,4096,72,True,False,False,False,False,False,False,False,False,False,False
1273,01273.json,8a7b21d26aeb822827b23dc6f9a4d040cda46d72d0bb01f6dcbf48c2b6dee0ee,positive_parity,2/5,4096,73,True,False,False,False,False,False,False,False,False,False,False
1274,01274.json,d59c76c1767a33bae6925220c52e75afed0a295e20a79452434952d97158781f,positive_parity,2/5,4096,74,True,False,False,False,False,False,False,False,False,False,False
1275,01275.json,6d2b2736990456dc371f4d09b9dcb0e68a4f2d3dd075df6df79d3113f61a7bbf,positive_parity,2/5,4096,75,True,False,False,False,False,False,False,False,False,False,False
1276,01276.json,7a35b3ca293c6d7d16277a9ec52b9393a705612c1264aef128d20e272df0de7f,positive_parity,2/5,4096,76,True,False,False,False,False,False,False,False,False,False,False
1277,01277.json,5985b4394a0019208cb1f37e16689e9b422b7fe0584db3db5144dce609d0b858,positive_parity,2/5,4096,77,True,False,False,False,False,False,False,False,False,False,False
1278,01278.json,836381f767e0fcf81b780c5daf100e4aad61682638f199c750975373d2cc866c,positive_parity,2/5,4096,78,True,False,False,False,False,False,False,False,False,False,False
1279,01279.json,94726870cac7e9e27de3263b5dde58ead1055be6c00d878790a1b1dabd88db25,positive_parity,2/5,4096,79,True,False,False,False,False,False,False,False,False,False,False
1280,01280.json,59a99cfcede797a3469e240e788e506cbb8b9024496682e4fa570e8e2c48deda,positive_parity,2/5,4096,80,True,False,False,False,False,False,False,False,False,False,False
1281,01281.json,ab800ddb7d62a560631945a03fcc1bb56948d4ce5ef93ca835a5576d64d7a024,positive_parity,2/5,4096,81,True,False,False,False,False,False,False,False,False,False,False
1282,01282.json,fb7360bfbdd423c4c82e1eb659fd81a8b541c7e6cab211b3bdb42336f43e2722,positive_parity,2/5,4096,82,True,False,False,False,False,False,False,False,False,False,False
1283,01283.json,22b39bdecdeab5ab31e3cc7832fb4be613cc7edca981596b573ad9e14b6fbf88,positive_parity,2/5,4096,83,True,False,False,False,False,False,False,False,False,False,False
1284,01284.json,e82d2feb51f06f8f06452ea98734b3b19fe3e45e28589feb36758af9fb34b9c2,positive_parity,2/5,4096,84,True,False,False,False,False,False,False,False,False,False,False
1285,01285.json,bfa8153e3e2d9d4f17d96c6a9a8f264775a7e1484d78f178111d39f0d97f51b6,positive_parity,2/5,4096,85,True,False,False,False,False,False,False,False,False,False,False
1286,01286.json,e56a5b07c2e17e3a5258d1e97713dbb4be0629ead4dfbcba3150f60542abe826,positive_parity,2/5,4096,86,True,False,False,False,False,False,False,False,False,False,False
1287,01287.json,aefc98140f122024c541fd26ceaaf987b9b4e34ee7c684c368147d765d72b758,positive_parity,2/5,4096,87,True,False,False,False,False,False,False,False,False,False,False
1288,01288.json,fd21b5b05e1d0bd30db8f9ab9b50c0397e086c0a259ece1a8760aaaeed924051,positive_parity,2/5,4096,88,True,False,False,False,False,False,False,False,False,False,False
1289,01289.json,d268dcad934423c4f941abbeed0e345949960d5874baa7873a5b737a35e34eee,positive_parity,2/5,4096,89,True,False,False,False,False,False,False,False,False,False,False
1290,01290.json,3562628adb5484746bbd25a471caca92d629101ccc045ec537f7f483aec23fee,positive_parity,2/5,4096,90,True,False,False,False,False,False,False,False,False,False,False
1291,01291.json,e21ae4c22194791bb6f9c2d95bad463a9a216e21ddde0f695999bb9d07d8d961,positive_parity,2/5,4096,91,True,False,False,False,False,False,False,False,False,False,False
1292,01292.json,7db17afc3988b3b168d0ee1c74a926f996e1e69b98c8c7721fdff111fd6c36a1,positive_parity,2/5,4096,92,True,False,False,False,False,False,False,False,False,False,False
1293,01293.json,ecf09b7fc3f061edc4ba7008a27eccfe746b11cf50fde6c8caaa464d32e45395,positive_parity,2/5,4096,93,True,False,False,False,False,False,False,False,False,False,False
1294,01294.json,a7e53d5cfbc6124fc37467f96cdf4734e17a85ff02ab52f443b68f278965ce18,positive_parity,2/5,4096,94,True,False,False,False,False,False,False,False,False,False,False
1295,01295.json,5bc0fb0954fbd05c6776f1fe8d92b85a6339fba440894541626c9347edeca171,positive_parity,2/5,4096,95,True,False,False,False,False,False,False,False,False,False,False
1296,01296.json,ac18c58eecabc214ec936ae11040fb2c40922304e3a6b7b2a8cdbea445a659b4,positive_parity,2/5,4096,96,True,False,False,False,False,False,False,False,False,False,False
1297,01297.json,56f456ad821294bca424d8981d6e3ffbb48cc7435fa1c59a02508b40fa85ceff,positive_parity,2/5,4096,97,True,False,False,False,False,False,False,False,False,False,False
1298,01298.json,79180061fc13d3ffa63ea4ec7d54f7af7606c27fa8c922b0b718b7e63ba8eba3,positive_parity,2/5,4096,98,True,False,False,False,False,False,False,False,False,False,False
1299,01299.json,133fc78a7f6154ecba2b60724026ded659d21ac630387faf08fbefba06cfd3a6,positive_parity,2/5,4096,99,True,False,False,False,False,False,False,False,False,False,False
1300,01300.json,629a585223ccc07f3c0f336fa08a7ae89a1eaaa4943cd16a77370e32c28d05dd,positive_parity,2/5,8192,0,True,False,False,False,False,False,False,False,False,False,False
1301,01301.json,a041326c833c201fd4078b9ee3b173b63e201928338ec2d0ab3640f18015df55,positive_parity,2/5,8192,1,True,False,False,False,False,False,False,False,False,False,False
1302,01302.json,95c9d3b528a19a94e109e6e8df69b2bd0c5a98a01e6d3acb60abec3086b61190,positive_parity,2/5,8192,2,True,False,False,False,False,False,False,False,False,False,False
1303,01303.json,c2199fe19321322fad7ca23b044984bd5f2a09766b2defbb2b7dd54a4d08ef4e,positive_parity,2/5,8192,3,True,False,False,False,False,False,False,False,False,False,False
1304,01304.json,9351ba4ffd7490c533b68ebda91c3a5783ac57cc15b5298cf2d194d435c615ad,positive_parity,2/5,8192,4,True,False,False,False,False,False,False,False,False,False,False
1305,01305.json,ff0d6a4e4ef0de15d618b5d06e56ecb1334a666144f18efafd1648cd9eee49cf,positive_parity,2/5,8192,5,True,False,False,False,False,False,False,False,False,False,False
1306,01306.json,96546351aba08d860c61e2e1ab59c1ec1cd78cb2f27b16bc5f4abe8756ef7437,positive_parity,2/5,8192,6,True,False,False,False,False,False,False,False,False,False,False
1307,01307.json,eb3c8ec2adad0e1b1b57b99591bbb8c524164f242b112d7739f5ca8dd06da3b4,positive_parity,2/5,8192,7,True,False,False,False,False,False,False,False,False,False,False
1308,01308.json,14dc9864dd694fc7b114c8f470f4e4451523af93fcd7a207db9e9125301e27bc,positive_parity,2/5,8192,8,True,False,False,False,False,False,False,False,False,False,False
1309,01309.json,b40a063733eed73b49eb24bca9d60cf88f38d9efafe0d2c1cee7f4f3ae5d3604,positive_parity,2/5,8192,9,True,False,False,False,False,False,False,False,False,False,False
1310,01310.json,a1fd2b4317007472bcfd90b8b4f1005894063ffe0e475e96fbbc2c246381fb52,positive_parity,2/5,8192,10,True,False,False,False,False,False,False,False,False,False,False
1311,01311.json,7c14fc71e215c94d591bc5d39fd84e0e381003119a670cc086878cf5c0433981,positive_parity,2/5,8192,11,True,False,False,False,False,False,False,False,False,False,False
1312,01312.json,42919eaafc22d5d34578a0f6f0b87b50fecab6e75441fe7bf4bea485b33e54c5,positive_parity,2/5,8192,12,True,False,False,False,False,False,False,False,False,False,False
1313,01313.json,06ec95fc741fefe3fa67c74a5e55d318d9ff4262879fa76abcc68f595ed067b9,positive_parity,2/5,8192,13,True,False,False,False,False,False,False,False,False,False,False
1314,01314.json,b48ba8f7037ad5ec6ee094907e04c7b8866d9416c5a458534722d60e51de123c,positive_parity,2/5,8192,14,True,False,False,False,False,False,False,False,False,False,False
1315,01315.json,54fd9d7e4c9f48e89d0b69f0ad661c1a45c4b3ce02a60214cdb6ba264165eb53,positive_parity,2/5,8192,15,True,False,False,False,False,False,False,False,False,False,False
1316,01316.json,9e964a830798b9b17ccae07e2ec59c768323916c2dd97f3c3d6c199195c5cffd,positive_parity,2/5,8192,16,True,False,False,False,False,False,False,False,False,False,False
1317,01317.json,44be533786a3fee3b8a88ea2af6ba1f2831ae41a494d6b62e59da9297ef4c897,positive_parity,2/5,8192,17,True,False,False,False,False,False,False,False,False,False,False
1318,01318.json,81870d037b6fa887881b6329e0008a6f015fa78b045bfb391918288f7c751966,positive_parity,2/5,8192,18,True,False,False,False,False,False,False,False,False,False,False
1319,01319.json,356f4971d0be99e5f82768f9bbb70720c9109c393f9cff18fee94142dc8e9f1c,positive_parity,2/5,8192,19,True,False,False,False,False,False,False,False,False,False,False
1320,01320.json,07559b84d57fefdaa4ac21b4bd9d6338a30dddf40cba34e85ac82e20be2b87c0,positive_parity,2/5,8192,20,True,False,False,False,False,False,False,False,False,False,False
1321,01321.json,2888512d0953682fc645eebeb5da14bf3f904b6174a0de25bbd2840b6636d877,positive_parity,2/5,8192,21,True,False,False,False,False,False,False,False,False,False,False
1322,01322.json,f8bc123f3217beaeb5ec939fe8e9323fbf1a3719a7a6b6104bd2d04026fdbef2,positive_parity,2/5,8192,22,True,False,False,False,False,False,False,False,False,False,False
1323,01323.json,18b401288aba3bcc2d76bb9c54fc71ceeb50562bd26eeb37d01da5f117c611c4,positive_parity,2/5,8192,23,True,False,False,False,False,False,False,False,False,False,False
1324,01324.json,00a70452f6e2fff4ff5b4686d41ac4318eaaba065f49fd543d46782e464440d4,positive_parity,2/5,8192,24,True,False,False,False,False,False,False,False,False,False,False
1325,01325.json,b964f01bf6ed5c0da4e29be3537df806a6932663904a30e5a32e66a639865672,positive_parity,2/5,8192,25,True,False,False,False,False,False,False,False,False,False,False
1326,01326.json,c581581bf35a56d09cb958229bcbca56d5fc932df3be06ddf423c1e399489e61,positive_parity,2/5,8192,26,True,False,False,False,False,False,False,False,False,False,False
1327,01327.json,10d5491f3a39ab73f320361e5a2a6524d0cd2c20e18e9d381b841d7651ba0a3a,positive_parity,2/5,8192,27,True,False,False,False,False,False,False,False,False,False,False
1328,01328.json,d70c6822b123740766842a5aff258e7dc173b04d87c689af8a68516f04555a7b,positive_parity,2/5,8192,28,True,False,False,False,False,False,False,False,False,False,False
1329,01329.json,2671b201eb0e344ce82a4b0887b0456c5ae6d260961029587e9c85c0de53979b,positive_parity,2/5,8192,29,True,False,False,False,False,False,False,False,False,False,False
1330,01330.json,08f74354968d1db9c705e36657e17114e28d3c676b6765f0508aa3084ec4b27b,positive_parity,2/5,8192,30,True,False,False,False,False,False,False,False,False,False,False
1331,01331.json,ce34ad8d9e541e04eb313d405e6ab9a7c131895cf9e32a7c729c38177184848e,positive_parity,2/5,8192,31,True,False,False,False,False,False,False,False,False,False,False
1332,01332.json,51595ae5096f0ac665094d9abb84d43272f102e8777ad791ff17f8e143fce2d4,positive_parity,2/5,8192,32,True,False,False,False,False,False,False,False,False,False,False
1333,01333.json,62c16f5d561b1b202c011e016d44a180ebc962bcb0cfcc8b78d6420f44728eb3,positive_parity,2/5,8192,33,True,False,False,False,False,False,False,False,False,False,False
1334,01334.json,d88761e245623baade1e635d75d3f1d46afa681fd9f6dc5d03ced602d4db11b7,positive_parity,2/5,8192,34,True,False,False,False,False,False,False,False,False,False,False
1335,01335.json,284b46ea1cd4681c1f1ab63ad25bf7ea1e86dec3f07832ec9f46dfb65dc05d90,positive_parity,2/5,8192,35,True,False,False,False,False,False,False,False,False,False,False
1336,01336.json,c03c3ad3a8b3cf22f821ad2dbb43fb32f16e110333a2ccd2dab958f8fba57ec9,positive_parity,2/5,8192,36,True,False,False,False,False,False,False,False,False,False,False
1337,01337.json,0910aad4b8c19e12a37270a862cefd15a2574208d6e8bbb76de5d36b37e583c8,positive_parity,2/5,8192,37,True,False,False,False,False,False,False,False,False,False,False
1338,01338.json,b644dee317b90e5ad13e44981cc5283b3d15543a63cc74c78d9c15a809e58894,positive_parity,2/5,8192,38,True,False,False,False,False,False,False,False,False,False,False
1339,01339.json,740be7ac40ec568025788ca399eaae98fd8b8f867f4c92f468a58e7ab29a85f3,positive_parity,2/5,8192,39,True,False,False,False,False,False,False,False,False,False,False
1340,01340.json,fb0659b6a36a28154502c7b7fe6d1d02f730c769c9f8a84099aa8195436f9d93,positive_parity,2/5,8192,40,True,False,False,False,False,False,False,False,False,False,False
1341,01341.json,fbeaaf9236bf98f46ad0b1d1491a2816bf1076ad9ad3e4dbbfd75ad44adef618,positive_parity,2/5,8192,41,True,False,False,False,False,False,False,False,False,False,False
1342,01342.json,9d9ef98d2db9e93e3cfe6d21f197f3cd491edfcd8f98af327a7d2446b145d72f,positive_parity,2/5,8192,42,True,False,False,False,False,False,False,False,False,False,False
1343,01343.json,fc60dc4339e744441494f730d62e479005f5ca9e444a8857868df78d9947d54b,positive_parity,2/5,8192,43,True,False,False,False,False,False,False,False,False,False,False
1344,01344.json,628bae7dd4f14b8234cbb5a8704a49fb0d6430c7ce5d5c4174fa4ebcb07f6f76,positive_parity,2/5,8192,44,True,False,False,False,False,False,False,False,False,False,False
1345,01345.json,9c4cc49eee8b08ce65b2daa7fe9ae73d1f8cbd05730b1a070628757396028324,positive_parity,2/5,8192,45,True,False,False,False,False,False,False,False,False,False,False
1346,01346.json,7e18355de8272165a4b56988bda5545129368ec126bf712e36115102f7490826,positive_parity,2/5,8192,46,True,False,False,False,False,False,False,False,False,False,False
1347,01347.json,fc7887b0ac322d0c357e94565a0593806c51765dda8fe4de22294518ff4d1e6e,positive_parity,2/5,8192,47,True,False,False,False,False,False,False,False,False,False,False
1348,01348.json,2a34390c473aba7d4dd243fd96bab538ce17ab360e75a83f6b64a6f48c751f23,positive_parity,2/5,8192,48,True,False,False,False,False,False,False,False,False,False,False
1349,01349.json,87586f953a4f547bdb7c46c0f5a0b407a6e1333963bde278469541ccf05e7959,positive_parity,2/5,8192,49,True,False,False,False,False,False,False,False,False,False,False
1350,01350.json,fab589984e206a42d355b3a12871184d4bef5d9994626f7a73b6a535308a6dcc,positive_parity,2/5,8192,50,True,False,False,False,False,False,False,False,False,False,False
1351,01351.json,40cf3298b086c498b4aaf6b52373240b788f04c386331ac071a6ca723562e82b,positive_parity,2/5,8192,51,True,False,False,False,False,False,False,False,False,False,False
1352,01352.json,3862aa955b27964aee96f9e05bfc8bcec538de4ae0428f62d6c679a97e3e2f5f,positive_parity,2/5,8192,52,True,False,False,False,False,False,False,False,False,False,False
1353,01353.json,82e1a70f47551c9c5323a202da8c742d3521d3b3fb7cfbb8c083625dca37c486,positive_parity,2/5,8192,53,True,False,False,False,False,False,False,False,False,False,False
1354,01354.json,85fce9f16b4fa576e6cd710a51c5e9bf88baf51dc0f0ad8ba070028bfddcb61f,positive_parity,2/5,8192,54,True,False,False,False,False,False,False,False,False,False,False
1355,01355.json,2027ba319170ec65f81547d0ad79dbec5c0dc2bb9245b309e03d57bb8a5a6750,positive_parity,2/5,8192,55,True,False,False,False,False,False,False,False,False,False,False
1356,01356.json,6c46dd49df5535e0bb473457eb3556aa4412d83dd58580fead63a3bafec1f530,positive_parity,2/5,8192,56,True,False,False,False,False,False,False,False,False,False,False
1357,01357.json,dbff8ed02022a74e678bc7e0ab3b188067f43da2a9c911e33b477bf33498f12b,positive_parity,2/5,8192,57,True,False,False,False,False,False,False,False,False,False,False
1358,01358.json,81d587d95dcdc6c7e06db4de1f99ce778e3122883116c653430b242220dccd84,positive_parity,2/5,8192,58,True,False,False,False,False,False,False,False,False,False,False
1359,01359.json,1baa837461654d152bca21ca980c62cedac090aa04c719afce8207b26b96c1ad,positive_parity,2/5,8192,59,True,False,False,False,False,False,False,False,False,False,False
1360,01360.json,4275b862376b7cd16504864d8745c77b4ed6b7c21b5b449e38ccd333fc31d19a,positive_parity,2/5,8192,60,True,False,False,False,False,False,False,False,False,False,False
1361,01361.json,5370501d280af0e187c68b549a505dd5189d0b071176ce14688f8a105afc4f3f,positive_parity,2/5,8192,61,True,False,False,False,False,False,False,False,False,False,False
1362,01362.json,e3d1da6e2e0ef9b8a62ed130ac48bb0106de8b20aed2a1b205fb5c32edbef8c5,positive_parity,2/5,8192,62,True,False,False,False,False,False,False,False,False,False,False
1363,01363.json,cff6b175d5ae828ae849116da7a88464f00368cbbe6f40bbfc70bb357a7c53ef,positive_parity,2/5,8192,63,True,False,False,False,False,False,False,False,False,False,False
1364,01364.json,1dec993c9cea1a225770c144af815408b15dc2a6b91b34af44133ea1de146bb3,positive_parity,2/5,8192,64,True,False,False,False,False,False,False,False,False,False,False
1365,01365.json,da117dac695de71a3e396c8a4b1cfafc529afd01305687a9ab97491e0861e8cf,positive_parity,2/5,8192,65,True,False,False,False,False,False,False,False,False,False,False
1366,01366.json,6f37a9140c7785db53bb6bacbd19727bcaaa5b708666dec687d41af24a0577c5,positive_parity,2/5,8192,66,True,False,False,False,False,False,False,False,False,False,False
1367,01367.json,fb52e55b399170f92662b6af8d1f60254eca78535a1522eddd3e248e83a7fc0b,positive_parity,2/5,8192,67,True,False,False,False,False,False,False,False,False,False,False
1368,01368.json,ca978157c4eb5b328e3bcd859f2cbf5c58f056106142624bab1ecab7837721ba,positive_parity,2/5,8192,68,True,False,False,False,False,False,False,False,False,False,False
1369,01369.json,f18c2c9f4b5ca6709b2a2917f260a51c0cfb7e06e8f014e8057dd24da95adc04,positive_parity,2/5,8192,69,True,False,False,False,False,False,False,False,False,False,False
1370,01370.json,95a9ea6bb2b77e7f2395a341f5123bb5a743e531163872f7c9d2907b6ac89c14,positive_parity,2/5,8192,70,True,False,False,False,False,False,False,False,False,False,False
1371,01371.json,1ea9156b7e02fe9fcd8d79f3e6aee48d095198c468d19213e3415a2a8192f901,positive_parity,2/5,8192,71,True,False,False,False,False,False,False,False,False,False,False
1372,01372.json,a79768d9d1677329c3b68a7c1a52a89d132e301dc19201446a362ade0f058c8f,positive_parity,2/5,8192,72,True,False,False,False,False,False,False,False,False,False,False
1373,01373.json,d4e8626808d213b32a30c9902081924f0a3f3cb0cf21affa5a52c7e60bcba07c,positive_parity,2/5,8192,73,True,False,False,False,False,False,False,False,False,False,False
1374,01374.json,ecbdaaf4d25b223e7536767c8981b742fcbafb340d9b7fb38b9355522d929f32,positive_parity,2/5,8192,74,True,False,False,False,False,False,False,False,False,False,False
1375,01375.json,4491898a5ea6c85d086f16d2f8d91fa0622b1be9b64bc47a7c3aec4a935c3dcc,positive_parity,2/5,8192,75,True,False,False,False,False,False,False,False,False,False,False
1376,01376.json,cb1edcc984da97fb77028b3d3ebb0ea2aa578330c17e5ddad9fc93c23129bc4d,positive_parity,2/5,8192,76,True,False,False,False,False,False,False,False,False,False,False
1377,01377.json,f2edc3b03cbf813746672e4d3ac0f7b922d36e57cc65b3c5a1388da06ae539e7,positive_parity,2/5,8192,77,True,False,False,False,False,False,False,False,False,False,False
1378,01378.json,9d2fdb51035c335ebf557789b14c0af598b66990274edaa40ef1724ba4039b49,positive_parity,2/5,8192,78,True,False,False,False,False,False,False,False,False,False,False
1379,01379.json,1610ed48ed745aa7e384ddbb37347d719302c581a6875522ed4baed9d71326d0,positive_parity,2/5,8192,79,True,False,False,False,False,False,False,False,False,False,False
1380,01380.json,17e4b65c5f6f8c012d14d2970a702baf6b692a5af8b249d747073bb88b88acd0,positive_parity,2/5,8192,80,True,False,False,False,False,False,False,False,False,False,False
1381,01381.json,78020fbd16f33fe27a8704440c03d09fa86404d68bff9deef1c0e0dc1b9e16e5,positive_parity,2/5,8192,81,True,False,False,False,False,False,False,False,False,False,False
1382,01382.json,f23fa72a2cf25abee94bc489b8f97f620e384a9410e39dac0cb0148a14258587,positive_parity,2/5,8192,82,True,False,False,False,False,False,False,False,False,False,False
1383,01383.json,3e39d08463cab3905770177c4aa7e016f5228195c440f23f510acdcdd6d19ca2,positive_parity,2/5,8192,83,True,False,False,False,False,False,False,False,False,False,False
1384,01384.json,d157d2a79ccaead9df100ff471ce2560c422d20fe6587c034523cd8f61547f2c,positive_parity,2/5,8192,84,True,False,False,False,False,False,False,False,False,False,False
1385,01385.json,dacb5e0b42583ddde16f4282554937f36bcec96c88bd31a466930317887dd1d5,positive_parity,2/5,8192,85,True,False,False,False,False,False,False,False,False,False,False
1386,01386.json,673d9d667f6ac4603ea04020f808dc74b4c55dc48325e45f8955e9e1300c3194,positive_parity,2/5,8192,86,True,False,False,False,False,False,False,False,False,False,False
1387,01387.json,aae0c96f99388b349ad6f84a3b0a8e6ce436927db5d52332e7ed62368bafe7b7,positive_parity,2/5,8192,87,True,False,False,False,False,False,False,False,False,False,False
1388,01388.json,5541d7073a9622fd8f4497292e1c412bd96c6b79dd9e3ce253fba8b8f216adde,positive_parity,2/5,8192,88,True,False,False,False,False,False,False,False,False,False,False
1389,01389.json,4e7161578fd1d6541da0319ea1cb86748fc4f66ddc3fb88975480678b797e746,positive_parity,2/5,8192,89,True,False,False,False,False,False,False,False,False,False,False
1390,01390.json,d296e0827ffc4d1d2d4e07384103bc2c95f42e0d33f22f7c37c5790073d95d4b,positive_parity,2/5,8192,90,True,False,False,False,False,False,False,False,False,False,False
1391,01391.json,fc1a1a4442c7fa02e9a85db25a8b13fe1ad5d0dc1c42e25c50c2a8d5a822d2a5,positive_parity,2/5,8192,91,True,False,False,False,False,False,False,False,False,False,False
1392,01392.json,13d2d2df6fef818fc8ead7bce436a8d1b796bb311b5d41679be5114fb83e0934,positive_parity,2/5,8192,92,True,False,False,False,False,False,False,False,False,False,False
1393,01393.json,983a9a5e11fed7d3410464d72241f9039f4b1849a51632a44a0c436061288d4a,positive_parity,2/5,8192,93,True,False,False,False,False,False,False,False,False,False,False
1394,01394.json,1a3b92f6ade3e6ddcdd5963d631f1ca9048449a2ce02ca3f1f4c1d039ac0cded,positive_parity,2/5,8192,94,True,False,False,False,False,False,False,False,False,False,False
1395,01395.json,2ccba549420c612f64b9f8b6e8db0bdf6f0c0ddc9570f534fb5e42d8981c90f6,positive_parity,2/5,8192,95,True,False,False,False,False,False,False,False,False,False,False
1396,01396.json,2daf8f696d53b55261d4d586fe5d65e230acd8bb110c3851d5d7c741d53a6d61,positive_parity,2/5,8192,96,True,False,False,False,False,False,False,False,False,False,False
1397,01397.json,37fc792afbdefaa0240e911e95d36d9530983a76bfc9338e920c57549e5722a8,positive_parity,2/5,8192,97,True,False,False,False,False,False,False,False,False,False,False
1398,01398.json,eb4fab30be86486c7033a2c04426c11e08abda15efde7ff9222f2e0090f1e6e7,positive_parity,2/5,8192,98,True,False,False,False,False,False,False,False,False,False,False
1399,01399.json,119e8c4cb78bd1c7af5836c695f64b00c45b3016bbce0804b2b536f917d57a41,positive_parity,2/5,8192,99,True,False,False,False,False,False,False,False,False,False,False
1400,01400.json,2a2415cd1b564325d30a75c379d62b627d15852a5738f12c3b484cd31120b0d2,positive_parity,1/2,64,0,True,False,False,False,False,False,False,False,False,False,False
1401,01401.json,7b7e2a081ecc02d65b2829bde46a85fb388b7636cc2bbfd35609e8ca887089d5,positive_parity,1/2,64,1,True,False,False,False,False,False,False,False,False,False,False
1402,01402.json,6f4ebaf45c0a5d16f810e363c66857e976b4e80cfa91936a11a5404820035250,positive_parity,1/2,64,2,True,False,False,False,False,False,False,False,False,False,False
1403,01403.json,5e7f70096b442ec41e72b1796279f2f55d49d9b2d036ba6353bd06ddb58895a2,positive_parity,1/2,64,3,True,False,False,False,False,False,False,False,False,False,False
1404,01404.json,f3b1855c0a840277f7a0584411874efa4e928e0cdec3ff051ebbb8ee81df2acc,positive_parity,1/2,64,4,True,False,False,False,False,False,False,False,False,False,False
1405,01405.json,37778e6b64c345d6e3f8a488df4e3811f63313e45fbc4ec26f861940e89df61b,positive_parity,1/2,64,5,True,False,False,False,False,False,False,False,False,False,False
1406,01406.json,3ba591476320d65d122928dd8caaeb6c319362e6e314a75e5625a14156290978,positive_parity,1/2,64,6,True,False,False,False,False,False,False,False,False,False,False
1407,01407.json,c6f47e9ac42db264c231474049553f12cdc01311d8d5e6e6ca84f035658df218,positive_parity,1/2,64,7,True,False,False,False,False,False,False,False,False,False,False
1408,01408.json,45c78f7807bd46f8262f6332cd45f0b50141af8b727b4d996fdea331c6672a98,positive_parity,1/2,64,8,True,False,False,False,False,False,False,False,False,False,False
1409,01409.json,d451195dfb0b1033c87984736da7d408f12d15be06d9c166ec56a28f97534d83,positive_parity,1/2,64,9,True,False,False,False,False,False,False,False,False,False,False
1410,01410.json,088d0a852506cb6c99bf37ce199cdf65a7b467af08373f6b2137c3ef71d2e90d,positive_parity,1/2,64,10,True,False,False,False,False,False,False,False,False,False,False
1411,01411.json,318637aad0fbaa3154234bc577ab7529884f297d7bca2acc04688779b023d0a9,positive_parity,1/2,64,11,True,False,False,False,False,False,False,False,False,False,False
1412,01412.json,ee3952d0162dfc7abd6c4b68a2c93d959064fe19399a736f729733d113408ea5,positive_parity,1/2,64,12,True,False,False,False,False,False,False,False,False,False,False
1413,01413.json,26c9a64d4413029d07c7a8774a89297a210baa223d46ada1b3b1c65665f9a7f1,positive_parity,1/2,64,13,True,False,False,False,False,False,False,False,False,False,False
1414,01414.json,7e5014a2c25c9c16c30b5945d26217e5273e167a408b2a6005de807216c301f0,positive_parity,1/2,64,14,True,False,False,False,False,False,False,False,False,False,False
1415,01415.json,980c7ca5559bfc834911c012aaac80095c97aca91b735b287211f77107701bba,positive_parity,1/2,64,15,True,False,False,False,False,False,False,False,False,False,False
1416,01416.json,8469ed0e497fab12cfe557b3e726cb4708b7c1d2b228652b0fc21efd202a3bf1,positive_parity,1/2,64,16,True,False,False,False,False,False,False,False,False,False,False
1417,01417.json,91713a0af327daf38be6be445b09cdd67a5d1f590a52abb85798b746c87b78ac,positive_parity,1/2,64,17,True,False,False,False,False,False,False,False,False,False,False
1418,01418.json,611447eabd0b4b52ab48c029ba643415fc36cadd6b91ecbfdbedaaeb6a77bfda,positive_parity,1/2,64,18,True,False,False,False,False,False,False,False,False,False,False
1419,01419.json,8361026325abe577ea83c3c69226d9c179f991e84ab5416111c9e17ef2aa8576,positive_parity,1/2,64,19,True,False,False,False,False,False,False,False,False,False,False
1420,01420.json,20343acc9611096f7cf8cc99e961eca5608826653757240276afe769130b8613,positive_parity,1/2,64,20,True,False,False,False,False,False,False,False,False,False,False
1421,01421.json,547b8560379a3e2e7efb535f401bfb9e18db29b66994680233a7f0cf5219d339,positive_parity,1/2,64,21,True,False,False,False,False,False,False,False,False,False,False
1422,01422.json,8dbb6199f1e3e0d057e51d620e07087bf6b975b47f22a1769d102cb4ef66a71e,positive_parity,1/2,64,22,True,False,False,False,False,False,False,False,False,False,False
1423,01423.json,c16216c68980445d603391e2f1313dbdff20bebfd6cde13f9e9c24ca60239723,positive_parity,1/2,64,23,True,False,False,False,False,False,False,False,False,False,False
1424,01424.json,c0cebf9cd20d43aca6c1667682d0caeb43d13c38121f87d743ec90b8e988cbd2,positive_parity,1/2,64,24,True,False,False,False,False,False,False,False,False,False,False
1425,01425.json,41bfcb1345555f8ead25acb4bb2873dbd94873e56f91a82a242e2d91233e55f8,positive_parity,1/2,64,25,True,False,False,False,False,False,False,False,False,False,False
1426,01426.json,5cb752da1cbab0dedf81b6547e5112919baff4850c69068168ab35cdf0be8edb,positive_parity,1/2,64,26,True,False,False,False,False,False,False,False,False,False,False
1427,01427.json,36ada5348e727dcefadd5556c86260511a615059c8fcbf0f796fe762ad6448b4,positive_parity,1/2,64,27,True,False,False,False,False,False,False,False,False,False,False
1428,01428.json,b80649a6099e7a3be76ee99991b67c6ba2236e7dc7bdca63535aa9fb44fc0199,positive_parity,1/2,64,28,True,False,False,False,False,False,False,False,False,False,False
1429,01429.json,22c84e240d34bb2f207c7bd9fb8f6336b11d56ff0f47726445def244faa8ede3,positive_parity,1/2,64,29,True,False,False,False,False,False,False,False,False,False,False
1430,01430.json,8c625d780e233f04499425ee706f84ffe0bd8edfd56310d6045ee3b589109ce8,positive_parity,1/2,64,30,True,False,False,False,False,False,False,False,False,False,False
1431,01431.json,6ee2a8c3a79668ac56e22cb53d657769ff66915f810273a409a3d21b2587a810,positive_parity,1/2,64,31,True,False,False,False,False,False,False,False,False,False,False
1432,01432.json,d5b03d65e771e190257d802bf5e22391b3ba66b9b72af3a1682853683afc65a3,positive_parity,1/2,64,32,True,False,False,False,False,False,False,False,False,False,False
1433,01433.json,e933a4444dca5fc23ed344dfdf35e58e508da1948a241750e7d5c736be991e33,positive_parity,1/2,64,33,True,False,False,False,False,False,False,False,False,False,False
1434,01434.json,b0082dfe0e6d46375c4a30815188f6cf64fb9a2aa6a2e76d1be2ede2e2881a15,positive_parity,1/2,64,34,True,False,False,False,False,False,False,False,False,False,False
1435,01435.json,366aac9b1bdc47938bd0cc0e524c093f2aa37733ea7de0493584c1f35a545d12,positive_parity,1/2,64,35,True,False,False,False,False,False,False,False,False,False,False
1436,01436.json,25cdf1b54d0990a60f6e433314a0005d793d93040b8ccba8ef849dc7a167a061,positive_parity,1/2,64,36,True,False,False,False,False,False,False,False,False,False,False
1437,01437.json,a4a450651aaa92eb0c49d254b16a26378b960318f9eca8419264122e5d3163f9,positive_parity,1/2,64,37,True,False,False,False,False,False,False,False,False,False,False
1438,01438.json,e569612c3c381d15c5db6a9dc90f63c099929e623befd9b9100d4032efeddc09,positive_parity,1/2,64,38,True,False,False,False,False,False,False,False,False,False,False
1439,01439.json,d5cea7cb102d44414e72d18cfd4137c2a1c6fbc4230380d193babee38903a618,positive_parity,1/2,64,39,True,False,False,False,False,False,False,False,False,False,False
1440,01440.json,36cec6e0028c8bc05646bf8a1b8ccdb06a90ab335769bb87b3559d867fcf3e9c,positive_parity,1/2,64,40,True,False,False,False,False,False,False,False,False,False,False
1441,01441.json,4462719193f4a558a154998795a678eea860a1338b59b349574d9a6e35b587c0,positive_parity,1/2,64,41,True,False,False,False,False,False,False,False,False,False,False
1442,01442.json,d07b21f538d97da9bf2988abbbd5e87b9182bf89b49743e2e1f23dd8b71f008f,positive_parity,1/2,64,42,True,False,False,False,False,False,False,False,False,False,False
1443,01443.json,b1c180a8d6945e94ec636862400e5bcdc3f4ee047264554e031d30b96659256c,positive_parity,1/2,64,43,True,False,False,False,False,False,False,False,False,False,False
1444,01444.json,f2c51a593db9b025aa14e18cbac30c37874d85365ca1d96dcdc3bf47c63c77e9,positive_parity,1/2,64,44,True,False,False,False,False,False,False,False,False,False,False
1445,01445.json,56f54449cc5b03134e3126398e4e530215e4bde5832abfb5e2303c9358c3d142,positive_parity,1/2,64,45,True,False,False,False,False,False,False,False,False,False,False
1446,01446.json,231b73a1cd40e476030bf3f1786199fa7631f0e5ff5d6912c694b68fb0c6c2e2,positive_parity,1/2,64,46,True,False,False,False,False,False,False,False,False,False,False
1447,01447.json,7e40362ded005cf02974c780b4b7aca5cfd2cf83e50a4810f770d3ab81f46dba,positive_parity,1/2,64,47,True,False,False,False,False,False,False,False,False,False,False
1448,01448.json,cb1fb6cabb93fdd033eafaf15d0e0fc1ff9164d81d5f37bdcdd9454b209bd5b5,positive_parity,1/2,64,48,True,False,False,False,False,False,False,False,False,False,False
1449,01449.json,8ddf54746be09dfad147a375659cbb5466f4ba0059d712a71a5f8cf0cd08bd44,positive_parity,1/2,64,49,True,False,False,False,False,False,False,False,False,False,False
1450,01450.json,c1b6758126592cc4a23461b8be33c04c95a38bd8e14799df85a03816207b6970,positive_parity,1/2,64,50,True,False,False,False,False,False,False,False,False,False,False
1451,01451.json,294f9c65f4b709c1b65e2055dc84a491f2235b5a2aa020a4f6e6f2e34bf41186,positive_parity,1/2,64,51,True,False,False,False,False,False,False,False,False,False,False
1452,01452.json,cc77a333c2dfb85fcb627193663be200770c64e794b9127512b11fc8408f3cac,positive_parity,1/2,64,52,True,False,False,False,False,False,False,False,False,False,False
1453,01453.json,70951f78589b5e25956ca2cb2cb8340474a66882f019ea60b35c853a16c7e13f,positive_parity,1/2,64,53,True,False,False,False,False,False,False,False,False,False,False
1454,01454.json,4968db0ad63cfcea430385ddb3218d28b2881545e22472eecccd830574c54016,positive_parity,1/2,64,54,True,False,False,False,False,False,False,False,False,False,False
1455,01455.json,734c1dc8ade7fb0754b5e729f9add0318b416f5b33aea84c79d0ae4c645f5d5c,positive_parity,1/2,64,55,True,False,False,False,False,False,False,False,False,False,False
1456,01456.json,091b9791b7b81293cd1d0d44960c3a52604ca283394f7c22436580b7b93e0f1b,positive_parity,1/2,64,56,True,False,False,False,False,False,False,False,False,False,False
1457,01457.json,b3a0e6d6c74110e93f65c2236bd63023528f01271cd4fd5755ee26d1b105cad6,positive_parity,1/2,64,57,True,False,False,False,False,False,False,False,False,False,False
1458,01458.json,1d3790a10525e2d564af28af98b0a16038ecccad97f53a6856ef8ac46ebe64da,positive_parity,1/2,64,58,True,False,False,False,False,False,False,False,False,False,False
1459,01459.json,0e53a2799794469c42ce622295bca6daadf12a152f8510163f98356f2268b6ed,positive_parity,1/2,64,59,True,False,False,False,False,False,False,False,False,False,False
1460,01460.json,6c3e0334e575c2734f2b36263cfbdd00c949650e7f62b0414c3904663199edd7,positive_parity,1/2,64,60,True,False,False,False,False,False,False,False,False,False,False
1461,01461.json,a01b839828a8c4f9a3f4f164417ddbc90c3faf298af5daf0c1f44626e9e2edba,positive_parity,1/2,64,61,True,False,False,False,False,False,False,False,False,False,False
1462,01462.json,96940ecb578bffc7dd523eedc00a7b6e3cfa887b37308860718ed9e007779ced,positive_parity,1/2,64,62,True,False,False,False,False,False,False,False,False,False,False
1463,01463.json,4bb99a8bb03b0a1af8a90865275453f928483e1ca356d62435075963313435b1,positive_parity,1/2,64,63,True,False,False,False,False,False,False,False,False,False,False
1464,01464.json,4790332dfb2d4c3d3a2938f70f407958849fe142dfed18f43695085672749ad0,positive_parity,1/2,64,64,True,False,False,False,False,False,False,False,False,False,False
1465,01465.json,72bfc4e1dc1edc9ca5b828fe9046c3c19e019d4be9e35afdb4e9d23a9bbd7c4b,positive_parity,1/2,64,65,True,False,False,False,False,False,False,False,False,False,False
1466,01466.json,1e26b29dbc43f42ccfbc2abc89fe6b5d88dc6a6006b0dc690ad80246c76d938b,positive_parity,1/2,64,66,True,False,False,False,False,False,False,False,False,False,False
1467,01467.json,cbe01049a46317aae17afe049a359b375c964cd06e11f707bb3f22accf0fedc3,positive_parity,1/2,64,67,True,False,False,False,False,False,False,False,False,False,False
1468,01468.json,2b1b9df12ab2fde628c8be48e3d27cdfab2a173622e00dc47ca886db8a619770,positive_parity,1/2,64,68,True,False,False,False,False,False,False,False,False,False,False
1469,01469.json,fbf810cdd4e03d6b01e8f245f5f1e0e00ec8ae5b5ac9b991d854db1ed0e75faa,positive_parity,1/2,64,69,True,False,False,False,False,False,False,False,False,False,False
1470,01470.json,472f3c76f9b19f37f0dca003887df26b36031cd83baab16330be024572a7610f,positive_parity,1/2,64,70,True,False,False,False,False,False,False,False,False,False,False
1471,01471.json,f7599860aae29b5ce80578ef061927f8f9e14028cf7f5a04a56c70e73d0fa87b,positive_parity,1/2,64,71,True,False,False,False,False,False,False,False,False,False,False
1472,01472.json,2c98c5efbf309b1333689d706d222affd8e44d1c1d332116e486e0862674e130,positive_parity,1/2,64,72,True,False,False,False,False,False,False,False,False,False,False
1473,01473.json,1fdae88c02886574cfdc92d050467998e46a10323587b7642b01b56b78faebf4,positive_parity,1/2,64,73,True,False,False,False,False,False,False,False,False,False,False
1474,01474.json,e03a1eb9750830491fe08307da2b18d40b7c92d7c415020d20a4fe8b1bf1ddc5,positive_parity,1/2,64,74,True,False,False,False,False,False,False,False,False,False,False
1475,01475.json,a4ca54743ccdaa98bbe0c7a77f3cf34bd3740a852d31aff3593a1976efadf2cb,positive_parity,1/2,64,75,True,False,False,False,False,False,False,False,False,False,False
1476,01476.json,10a4dc804dd332ef1535f464dfc3bb0471dafb0c58a59ecb50efb73f93e454af,positive_parity,1/2,64,76,True,False,False,False,False,False,False,False,False,False,False
1477,01477.json,cc37b80aa0bf71779381852c561def014c9ae0a58735bc9b6329c911bdb99204,positive_parity,1/2,64,77,True,False,False,False,False,False,False,False,False,False,False
1478,01478.json,7df380a23b2b807714dc910d9a82e18d50e4c4a3990ac9f1997524f2f6c8bf48,positive_parity,1/2,64,78,True,False,False,False,False,False,False,False,False,False,False
1479,01479.json,52fcaf330f677af151bcc6b4094817b4dd65c4c89c33b76f1faf196b205ebe56,positive_parity,1/2,64,79,True,False,False,False,False,False,False,False,False,False,False
1480,01480.json,8cdb183b91df10ec8c5b94227f7673fcefa728bda69b1c84bc35f37bc1b42b5e,positive_parity,1/2,64,80,True,False,False,False,False,False,False,False,False,False,False
1481,01481.json,9aa55b1d9883bd29fcbb50c8e6c4fb8b2d14300b27fec608599e171bcbff96f0,positive_parity,1/2,64,81,True,False,False,False,False,False,False,False,False,False,False
1482,01482.json,511d5eb5e130d08a627867db1cd440db994c86847b18fc84f5b23f60b1933cdc,positive_parity,1/2,64,82,True,False,False,False,False,False,False,False,False,False,False
1483,01483.json,c31d0da7f0992d4e6c1c5c260a1e3245998b4f82ae4cc1129830cc0d15a2b4ef,positive_parity,1/2,64,83,True,False,False,False,False,False,False,False,False,False,False
1484,01484.json,4e0653ca4fdd28598db5c8da82ed4450f50462d516e9e50e92e948c04b17ca1f,positive_parity,1/2,64,84,True,False,False,False,False,False,False,False,False,False,False
1485,01485.json,693725b4b8faf70b38f56e3fae5135934aa0d08e51efc2617dc97742015c522e,positive_parity,1/2,64,85,True,False,False,False,False,False,False,False,False,False,False
1486,01486.json,2a02a4f8aa72f8f7205464571b2d83cf2cde6ee79f7b2789fbf650f6a2ab1a27,positive_parity,1/2,64,86,True,False,False,False,False,False,False,False,False,False,False
1487,01487.json,a96fd0c2818c969ef069620430d0a56ee76ae001a728220e310e1d7946a046d4,positive_parity,1/2,64,87,True,False,False,False,False,False,False,False,False,False,False
1488,01488.json,6c917dbdb58872fda0354f0c5b7835570617cbb135a596dd16ec771fe1fea159,positive_parity,1/2,64,88,True,False,False,False,False,False,False,False,False,False,False
1489,01489.json,790e452c9c4361703c2bbcbe4355d2a5d58b144192380ce2ab0b48c509eac607,positive_parity,1/2,64,89,True,False,False,False,False,False,False,False,False,False,False
1490,01490.json,6bba1f5088137946da5c4d60a66fead2ce745d7a2f2639a986fdcb44892f9def,positive_parity,1/2,64,90,True,False,False,False,False,False,False,False,False,False,False
1491,01491.json,de27c7c0f8aa473836793bc71c44e9540da419a1eba96593da4974daf5f189e3,positive_parity,1/2,64,91,True,False,False,False,False,False,False,False,False,False,False
1492,01492.json,750ddd3d02fd7f5ba0c64c30afe2bb2bb6ffbf9dc633da8a16170e639a11aecf,positive_parity,1/2,64,92,True,False,False,False,False,False,False,False,False,False,False
1493,01493.json,e7913269bb448c49e53bd6f3b0a565354e4c4a4775be312fdde5a22a6fb9a05d,positive_parity,1/2,64,93,True,False,False,False,False,False,False,False,False,False,False
1494,01494.json,4f8ab24450d0b49d7d3a2036a6b34841855630804dfdbfcb1eacb110766199c5,positive_parity,1/2,64,94,True,False,False,False,False,False,False,False,False,False,False
1495,01495.json,5ef0034a0bf03c2f1a2f7f8a08a7df7913a5fdd7831115cf6954b6c2026359b1,positive_parity,1/2,64,95,True,False,False,False,False,False,False,False,False,False,False
1496,01496.json,d35a5da604f361c72058700b9ad90975455b98ff9906077351c17e083a949f5d,positive_parity,1/2,64,96,True,False,False,False,False,False,False,False,False,False,False
1497,01497.json,95fa4a2f898b57f768c3189b3b36629cf60ae0ae49a556f8c577f78f73e66c2d,positive_parity,1/2,64,97,True,False,False,False,False,False,False,False,False,False,False
1498,01498.json,baa33fa70d4376c48286526413bf72bf18d6f83be6ee9656003b685fbc7ea9df,positive_parity,1/2,64,98,True,False,False,False,False,False,False,False,False,False,False
1499,01499.json,b61521bf2f4cdab07689c88be5ca88b0c3c2409bd75f76938b8529e4623fd8d6,positive_parity,1/2,64,99,True,False,False,False,False,False,False,False,False,False,False
1500,01500.json,c763fd6df1c7ea6501295011d4f62f5f2db855c37e38f8c9172a3020db01d123,positive_parity,1/2,128,0,True,False,False,False,False,False,False,False,False,False,False
1501,01501.json,e02e1e26d6237fffb7163550ce9b82dab94e999a97b9091dcf8123c3da7c5933,positive_parity,1/2,128,1,True,False,False,False,False,False,False,False,False,False,False
1502,01502.json,1fdb1dbd88b9ef01779130eab07fa88e973ca6afa70986ffe6be04d36442420a,positive_parity,1/2,128,2,True,False,False,False,False,False,False,False,False,False,False
1503,01503.json,1baf3231f0adb3eedd75cc0b665a57941b984ce21caa1b828a0d315a836d1ee6,positive_parity,1/2,128,3,True,False,False,False,False,False,False,False,False,False,False
1504,01504.json,6cf1eb646051d1ddfa657983d6e62fff427daa826889183815b29c1683cb8a34,positive_parity,1/2,128,4,True,False,False,False,False,False,False,False,False,False,False
1505,01505.json,022a1ebeebcd2a167c3008a3859790c7ea15c7fed748c48bc563947c043225cc,positive_parity,1/2,128,5,True,False,False,False,False,False,False,False,False,False,False
1506,01506.json,819cd34221dc7fcf769300a538b541bb2d0ac29cd99b8ba07dbcae1dda627a26,positive_parity,1/2,128,6,True,False,False,False,False,False,False,False,False,False,False
1507,01507.json,da3560a5fe01f1fc6751d019b86890d227fcfeb826b4374d0706af7c09df6432,positive_parity,1/2,128,7,True,False,False,False,False,False,False,False,False,False,False
1508,01508.json,751f60164dd3ae517a7bb53cf8909548546ad72b21489a076a07b173530748ae,positive_parity,1/2,128,8,True,False,False,False,False,False,False,False,False,False,False
1509,01509.json,d65b063ca2e3ff6a08e1c752c35e1b0464f84cc9b0206068f99be9c2aa2c18ba,positive_parity,1/2,128,9,True,False,False,False,False,False,False,False,False,False,False
1510,01510.json,eeabe31ceaaefbd7c19c85c59272dac1980fe998205cbf0fe4a2405dbd5bd3f0,positive_parity,1/2,128,10,True,False,False,False,False,False,False,False,False,False,False
1511,01511.json,7f5bdea366bf2887c534f822233c511935671c327774d8e86d0fe561da967472,positive_parity,1/2,128,11,True,False,False,False,False,False,False,False,False,False,False
1512,01512.json,948bd285eb1a5c67592942cf7c87dd5cb2d93082ea30099d7bf3126036ba642d,positive_parity,1/2,128,12,True,False,False,False,False,False,False,False,False,False,False
1513,01513.json,7580b5a483d0a53bd48e2e2201872d18a561a9ff0c2d9f805025e86cdb91e7f9,positive_parity,1/2,128,13,True,False,False,False,False,False,False,False,False,False,False
1514,01514.json,6039b27e6de7911b61b31d91e473da32698c434a8e54515bf468e7713dc879ac,positive_parity,1/2,128,14,True,False,False,False,False,False,False,False,False,False,False
1515,01515.json,0808523d2eb9fdc83573ae7839e5cbfc7ea8013f10507266fec7143f38927c5e,positive_parity,1/2,128,15,True,False,False,False,False,False,False,False,False,False,False
1516,01516.json,f941e2360bfab0834fcfb69b9fa254e1f1a2f5f34c7a94f3ddd4ffe16b501f63,positive_parity,1/2,128,16,True,False,False,False,False,False,False,False,False,False,False
1517,01517.json,4872af21c1991336b8ba39213fbba7608ca492ea5853d463304db480ed522468,positive_parity,1/2,128,17,True,False,False,False,False,False,False,False,False,False,False
1518,01518.json,c8dacec273a3ecd04698ba87541053602c74e438721b9193bd5ff5a28c2e0904,positive_parity,1/2,128,18,True,False,False,False,False,False,False,False,False,False,False
1519,01519.json,4ac950df4950f82a94e943fb2cd6c51c07c55c4e72fc1fbad7ffb6eead2dbf54,positive_parity,1/2,128,19,True,False,False,False,False,False,False,False,False,False,False
1520,01520.json,6e47382a5cdf1a0892cea445c052b37e6d6eb0deb120b41259668643c8ddaab2,positive_parity,1/2,128,20,True,False,False,False,False,False,False,False,False,False,False
1521,01521.json,34bd9b24981bfae08f9f3d4bede1c1c81c238c951a7da15c9f07e5e24d3ba1e9,positive_parity,1/2,128,21,True,False,False,False,False,False,False,False,False,False,False
1522,01522.json,e764daf549bce7f665d4d38540a78cee727d21deea1bd0a0810995b6b99b7e95,positive_parity,1/2,128,22,True,False,False,False,False,False,False,False,False,False,False
1523,01523.json,e6f4baf100bf44fa1b9a2f634c1135e8ba03b1b31336b6d987261e9f0b325a09,positive_parity,1/2,128,23,True,False,False,False,False,False,False,False,False,False,False
1524,01524.json,36665575808d6d9f5c11fd062ae4935415b3ef187526568f8107234a71f590ce,positive_parity,1/2,128,24,True,False,False,False,False,False,False,False,False,False,False
1525,01525.json,8316e9cb86bf19062891dd6e15fdc68c77551d35991224d620a4bef8d4f8a493,positive_parity,1/2,128,25,True,False,False,False,False,False,False,False,False,False,False
1526,01526.json,4ac16b292f0bce076cbfe78523345e91e14eb211e4ad8fd7b55f5a0e743fd56a,positive_parity,1/2,128,26,True,False,False,False,False,False,False,False,False,False,False
1527,01527.json,fb53d36ad11097b6efcae251d3fea8e15a3c6e4d20a74637fe3a5db6c62fc74a,positive_parity,1/2,128,27,True,False,False,False,False,False,False,False,False,False,False
1528,01528.json,13e9a00914abe3b9b072cd64173a7673ce02841c3ed6333e2489a6924be06fb0,positive_parity,1/2,128,28,True,False,False,False,False,False,False,True,True,False,False
1529,01529.json,d83f4651a8fadfc69ac0263b1ac0dee91c89c33890864686a443bd6f10223cf2,positive_parity,1/2,128,29,True,False,False,False,False,False,False,False,False,False,False
1530,01530.json,c54bc3d379ec57930453c43302ad80fbdf14c2ee02014b652924e5b0e7cb89d2,positive_parity,1/2,128,30,True,False,False,False,False,False,False,False,False,False,False
1531,01531.json,618e122062ce03c54983bb9a467b7698d0bf7a0af3a54bced92f21236d825d9f,positive_parity,1/2,128,31,True,False,False,False,False,False,False,False,False,False,False
1532,01532.json,5a2bca0c166e29c9a25540d674237c3211bcef41de4fd22cac0629f926843e47,positive_parity,1/2,128,32,True,False,False,False,False,False,False,False,False,False,False
1533,01533.json,4561649e25fdd767d13cd9dca8ea7ba1a88effcf8ebe410b57c9352680661b3d,positive_parity,1/2,128,33,True,False,False,False,False,False,False,False,False,False,False
1534,01534.json,4dd04111c32c5e4b27be93880e1ea4b7d51251160abc90a8c93b61d5044ec016,positive_parity,1/2,128,34,True,False,False,False,False,False,False,False,False,False,False
1535,01535.json,bf859a2992cb6210f98277e4a1500407408ae05fbdbcd21a8de35562d0b6b881,positive_parity,1/2,128,35,True,False,False,False,False,False,False,False,False,False,False
1536,01536.json,3f5d9b4a1471f2e5f4d3884d5b1aacd92387f7e42cd1290804946ded65624a97,positive_parity,1/2,128,36,True,False,False,False,False,False,False,False,False,False,False
1537,01537.json,9bd28a92be1da41ffc38648559c0180c42d09ed2855fca4011c2e83b5025eb9c,positive_parity,1/2,128,37,True,False,False,False,False,False,False,False,False,False,False
1538,01538.json,7bcd9edffddf7eeebd67a3f1516a6394e4c0188af89e38c77476689cf72a158f,positive_parity,1/2,128,38,True,False,False,False,False,False,False,False,False,False,False
1539,01539.json,00e575653f7bede4808f3c56760f470a7ae688b362687e0e79662476be000006,positive_parity,1/2,128,39,True,False,False,False,False,True,True,False,False,False,False
1540,01540.json,0e77ee0d0cefc948582f4e933b16599f28bcddbf4ba6fbd063dca39a9b428ce4,positive_parity,1/2,128,40,True,False,False,False,False,False,False,False,False,False,False
1541,01541.json,e85712d624a1fd00718f49501c7c0d5c00df4a8f5bdb1a0c7802679398cd15b5,positive_parity,1/2,128,41,True,False,False,False,False,False,False,False,False,False,False
1542,01542.json,e81a620a35adb121d12125b4693987b3ba213888ae88105dd96bf2cf1d3202d8,positive_parity,1/2,128,42,True,False,False,False,False,False,False,False,False,False,False
1543,01543.json,dc7faf2c161b95c9f0c86820b6db983630cae07aac4ea36a6b307afb41e64db3,positive_parity,1/2,128,43,True,False,False,False,False,False,False,False,False,False,False
1544,01544.json,2ab610fcc80fd7d7605089d3c46494ca8a141a3236a957234da2218bda572124,positive_parity,1/2,128,44,True,False,False,False,False,False,False,False,False,False,False
1545,01545.json,1cf69274c340a24365406621ca41ded24632ad61128e93aed455de9701abe1f6,positive_parity,1/2,128,45,True,False,False,False,False,False,False,False,False,False,False
1546,01546.json,2b3e8262bc5838a9d9e765ab061da0695683672c8bc71bcbcad561c967106f7e,positive_parity,1/2,128,46,True,False,False,False,False,False,False,False,False,False,False
1547,01547.json,1523e6eab86ecda762a5262402e7d2425cac433d6f6aae5f2a82eb7c6893a1ad,positive_parity,1/2,128,47,True,False,False,False,False,False,False,False,False,False,False
1548,01548.json,a59a8d03c84d3d24512bde6960d4b906f3fa4dd61651be4dd6a5c71eff409b94,positive_parity,1/2,128,48,True,False,False,False,False,False,False,False,False,False,False
1549,01549.json,17e1ef027e83b58205f2d820d2421d776799d3a3fe32ee17f7b1508c924dd162,positive_parity,1/2,128,49,True,False,False,False,False,False,False,False,False,False,False
1550,01550.json,e9c4965577a26411a402b6d299c3f123a0237c5f0710fd5058696d2f3ebcc46b,positive_parity,1/2,128,50,True,False,False,False,False,False,False,False,False,False,False
1551,01551.json,d61adb41d04106837b2c604138a9ca09d9de5ee35f066c6589452706480958cd,positive_parity,1/2,128,51,True,False,False,False,False,False,False,False,False,False,False
1552,01552.json,94b2462ec01eb00712cfded6e3cf8eb5f75dacd646fe723c7268743e66b88f84,positive_parity,1/2,128,52,True,False,False,False,False,False,False,False,False,False,False
1553,01553.json,a40da19181f68d88918374a53233d32c99ab4e614685053086c33b036a57d764,positive_parity,1/2,128,53,True,False,False,False,False,False,False,False,False,False,False
1554,01554.json,7e336234a3b77d72b99aa318c352b3fc50da09c022c5c23c061b5ccbcdb4b1e6,positive_parity,1/2,128,54,True,False,False,False,False,False,False,False,False,False,False
1555,01555.json,0103288958df0e127038ea25021ea4d04956c1c0aff51cf7fb43d25bd19cb177,positive_parity,1/2,128,55,True,False,False,False,False,False,False,False,False,False,False
1556,01556.json,1f951758e54f63c41ff299122a76f1cf1613d2da3061145280b7a746d3d3a672,positive_parity,1/2,128,56,True,False,False,False,False,False,False,False,False,False,False
1557,01557.json,cf2c2ecd41e82fc45e66f0a6415e60b1d53784f0f8c87a1b5dfe5c8104afa5ce,positive_parity,1/2,128,57,True,False,False,False,False,False,False,False,False,False,False
1558,01558.json,8c1789e866d396b205f888f84bcaaf0107e7417eb560148106ad7d52a7b4772c,positive_parity,1/2,128,58,True,False,False,False,False,False,False,False,False,False,False
1559,01559.json,55ea88890989204d85942fe7d615be8290a2cc5918ecc16976dbb1328bf8ed79,positive_parity,1/2,128,59,True,False,False,False,False,False,False,False,False,False,False
1560,01560.json,c59e8488ce2dd38c86fd3775a5061a656aa972eb67d175623f8d5fad233b66be,positive_parity,1/2,128,60,True,False,False,False,False,False,False,False,False,False,False
1561,01561.json,d249472c89952b7ccaaa8dd196d9be7d02f2d9951d8935d617e0aaae24e73215,positive_parity,1/2,128,61,True,False,False,False,False,False,False,False,False,False,False
1562,01562.json,11b17e1508b1f055ab4e1c8972b87ab381e2855796a86e5937751e4f0f138b5f,positive_parity,1/2,128,62,True,False,False,False,False,True,True,True,True,False,False
1563,01563.json,8c6246ec9f01527ee8d64ca6ccf3166697fc90625312f149ac6a7e039a9a7d05,positive_parity,1/2,128,63,True,False,False,False,False,False,False,False,False,False,False
1564,01564.json,1946cd7231db65a403c9dc731ffdd9777aae8602c2434d38613eb08a21629771,positive_parity,1/2,128,64,True,False,False,False,False,False,False,False,False,False,False
1565,01565.json,ff55d13d2034a9d481146a47127eda3d1f90b61d890ae6832ec1313a367d7eed,positive_parity,1/2,128,65,True,False,False,False,False,False,False,False,False,False,False
1566,01566.json,8228c786b98fd45adac2cbdd69f62b9226e569342f7c5f597e5b03f0ed85596a,positive_parity,1/2,128,66,True,False,False,False,False,False,False,False,False,False,False
1567,01567.json,b94bc887544d1975a9e12c4e4e41404eb74d7724ed638f4d0ead76ac39b4d73c,positive_parity,1/2,128,67,True,False,False,False,False,False,False,False,False,False,False
1568,01568.json,089cedc109813cab4e596b68e63c6ec5229b4464924d558e25c8e3b42ca29335,positive_parity,1/2,128,68,True,False,False,False,False,False,False,False,False,False,False
1569,01569.json,7b9e44fff637328b8084fa385912cae89f73b272403f9ad15ad54421c9969e4c,positive_parity,1/2,128,69,True,False,False,False,False,True,True,True,True,False,False
1570,01570.json,9620569d212d007ebfc4bc57a0ca16605250cc908d28f87c5477a0f466a7bec1,positive_parity,1/2,128,70,True,False,False,False,False,False,False,False,False,False,False
1571,01571.json,9ccc192683a6ebcdc9de41a98ae46178ff5929150e543736d4db3c877295a207,positive_parity,1/2,128,71,True,False,False,False,False,False,False,False,False,False,False
1572,01572.json,4bbc1b0798d07831384a08037d8c8f7a63bb00249b557ce1fcf59c8a378b90c3,positive_parity,1/2,128,72,True,False,False,False,False,False,False,False,False,False,False
1573,01573.json,27413c5780c263900d68428bb424ce4bded1710603416414dc3ae05400e1b070,positive_parity,1/2,128,73,True,False,False,False,False,False,False,False,False,False,False
1574,01574.json,1d056dd58f89da04bef952df8bb55254a9e11cad04336e54dae403e54dc8637e,positive_parity,1/2,128,74,True,False,False,False,False,False,False,False,False,False,False
1575,01575.json,504b9e574bf7231d4a64c5ed8d30ba55e791af13b95ce7a94f2580f35cf1063d,positive_parity,1/2,128,75,True,False,False,False,False,False,False,False,False,False,False
1576,01576.json,436c8dbc096403ea17fe41e2954ace1e46a087772a67eb54e11d8aa8f8bd04be,positive_parity,1/2,128,76,True,False,False,False,False,False,False,False,False,False,False
1577,01577.json,24c2c9718726b4591025380a18e68dafce0565655bfc34a706dd2f22e5f9d3a3,positive_parity,1/2,128,77,True,False,False,False,False,False,False,False,False,False,False
1578,01578.json,3659c0f7ce9476b0ce099c8d469a4c6b75847d9601a1c613039d1a3b5914881d,positive_parity,1/2,128,78,True,False,False,False,False,False,False,False,False,False,False
1579,01579.json,957ccca294363169f185cc08775a448e9c5cb91bf9dd4db6a85663730a753403,positive_parity,1/2,128,79,True,False,False,False,False,False,False,False,False,False,False
1580,01580.json,5beea1b1495d92197b778b59ccb9f37addce3203cfbad527a98b7b09ebfaae03,positive_parity,1/2,128,80,True,False,False,False,False,False,False,False,False,False,False
1581,01581.json,0a2d5b1638bc49670535e382b904b8eb4df3ecc650b49ff2a143113fe84f077e,positive_parity,1/2,128,81,True,False,False,False,False,False,False,False,False,False,False
1582,01582.json,3f2148ec1ad9ad9b1aa9f4b1720fbe8d65a622b52307fb641ef1e87631aabb87,positive_parity,1/2,128,82,True,False,False,False,False,False,False,False,False,False,False
1583,01583.json,cecfa3a44042efb39359bebe1e79d080d47b5c28acb6c607083fcdbd047e0010,positive_parity,1/2,128,83,True,False,False,False,False,False,False,False,False,False,False
1584,01584.json,e3c8c84809dc031c19418ed1c3e5e19843b5d14fe45e5cd0653381d981ad0f5b,positive_parity,1/2,128,84,True,False,False,False,False,False,False,False,False,False,False
1585,01585.json,745217ed0cc98614187602b0c686f267e065efc53b6822203760d87cba047f48,positive_parity,1/2,128,85,True,False,False,False,False,False,False,False,False,False,False
1586,01586.json,8f13078108ca31b2a49155a4621b6709892209f4c2afb16a3cad00dee7f31f10,positive_parity,1/2,128,86,True,False,False,False,False,False,False,False,False,False,False
1587,01587.json,62ec8537be2417793a18b15ebe49ebd28a837f90f2b67586ed11ea841bb61eba,positive_parity,1/2,128,87,True,False,False,False,False,False,False,False,False,False,False
1588,01588.json,9af7e9ea480531705637c37a2230fde056a226e392ef2817a279769875d65444,positive_parity,1/2,128,88,True,False,False,False,False,False,False,False,False,False,False
1589,01589.json,1e5779120dcb238ac4b291cd2d9585200d67894f0f6bda01fdd971c6fe9d39ea,positive_parity,1/2,128,89,True,False,False,False,False,False,False,False,False,False,False
1590,01590.json,a35ed77aa637e5f62cffa8cb1c95526e7ea443f80c9625b2d9c5254a579dfad1,positive_parity,1/2,128,90,True,False,False,False,False,False,False,False,False,False,False
1591,01591.json,2cd5df651fbd979507eb585e4f11b34ce0c864c873ed2e1b97589ec7978fcf38,positive_parity,1/2,128,91,True,False,False,False,False,False,False,False,False,False,False
1592,01592.json,26e8379cfe4e479999a450cbcc0a051bcf81395e18a11867d46955d98f116ba0,positive_parity,1/2,128,92,True,False,False,False,False,False,False,False,False,False,False
1593,01593.json,19d71c07dfe7e12768853e4aeef8e112dbab33ff2c29fabe868c0ef39478d7e2,positive_parity,1/2,128,93,True,False,False,False,False,False,False,False,False,False,False
1594,01594.json,92a735c0f7f27a9a85e16619fdd62e5972dcc86167d891a0025108ad34da3bc0,positive_parity,1/2,128,94,True,False,False,False,False,False,False,False,False,False,False
1595,01595.json,e816a377407795cbd2609212eaf215863961b54b15c4c737be9c60718ebced84,positive_parity,1/2,128,95,True,False,False,False,False,False,False,False,False,False,False
1596,01596.json,8e93fa01815e50c1dbbcad9415357d48a01e21fe5938b3b176469fcf0495dfb2,positive_parity,1/2,128,96,True,False,False,False,False,False,False,False,False,False,False
1597,01597.json,ad725728e722547225b94a190a058ffef78d23aeb1db3ab1e59957e00cb6fb34,positive_parity,1/2,128,97,True,False,False,False,False,False,False,False,False,False,False
1598,01598.json,527f22c470e85e76e002bf0f2200a61d6313d94c27d4fb5230cbd8b04a4cf34f,positive_parity,1/2,128,98,True,False,False,False,False,False,False,False,False,False,False
1599,01599.json,2abc1681eb4ecd1fc58bb89eafa79caef144f34316733de448096732d6325484,positive_parity,1/2,128,99,True,False,False,False,False,False,False,False,False,False,False
1600,01600.json,91c3731dd5c56ba2ac48aa0153d4d946cb15c0ff59b3c805e12babe3b290a926,positive_parity,1/2,256,0,True,False,False,False,False,False,False,False,False,False,False
1601,01601.json,720ae60d5c443dad23a68e7c1b6be513846dc43e902fb8e8c96fefc444faab5d,positive_parity,1/2,256,1,True,False,False,False,False,False,False,False,False,False,False
1602,01602.json,922b6e4412f10e2c6dcc6ce573c0e5ce2e5b8b040ecd9600f308d11f0df5b9d5,positive_parity,1/2,256,2,True,False,False,False,False,False,False,False,False,False,False
1603,01603.json,bfea36bc21e80746962573dd586cb8b0b5561c3b1cb65ffab25ae2d14a6028aa,positive_parity,1/2,256,3,True,False,False,False,False,False,False,False,False,False,False
1604,01604.json,f883209c0cb3bc2e981ce975af7dcd90af8b9c01ba52b9d19bcf74134f863db0,positive_parity,1/2,256,4,True,False,False,False,False,False,False,False,False,False,False
1605,01605.json,30adcd42875b64d5a41219d30c1a136742de59ed7c0145f666d940ac70a956a6,positive_parity,1/2,256,5,True,False,False,False,False,False,False,False,False,False,False
1606,01606.json,9d9ea5d48a547754fc90cbfdd27631ff0eb25ce31810e9a31d05ce220b936186,positive_parity,1/2,256,6,True,False,False,False,False,False,False,False,False,False,False
1607,01607.json,2c5c9414f1cbabb85ac3ed1a603633179ed75f2274257c866569d95779db95aa,positive_parity,1/2,256,7,True,False,False,False,False,False,False,False,False,False,False
1608,01608.json,1e559fa1a95039a49be612ccd35b1027ca4c389e90a65eec6241d3b6b6cd61c9,positive_parity,1/2,256,8,True,False,False,False,False,False,False,False,False,False,False
1609,01609.json,79548d25c0a6a9cc0852ce406d21c350cc9f23fa8443d4fd2c6945e104557267,positive_parity,1/2,256,9,True,False,False,False,False,False,False,False,False,False,False
1610,01610.json,f581a2977b75884b2fca8d85e42fc2ed233b5eb8d2baa9780ef95b56a1cba3f0,positive_parity,1/2,256,10,True,False,False,False,False,False,False,False,False,False,False
1611,01611.json,1486688de8479c1e56d230df913586cb8a76e59de2babd3f5bcdb742693f0315,positive_parity,1/2,256,11,True,False,False,False,False,False,False,False,False,False,False
1612,01612.json,5faa6f5fc43b31df04749b83365214d8dbacb3e5b0cbab9b89f55c1d9ea49d83,positive_parity,1/2,256,12,True,False,False,False,False,False,False,False,False,False,False
1613,01613.json,4d3d67a4b4fc1da59498dfc7e23cdeb84472040ce13a45825eeaa3d49d91f47e,positive_parity,1/2,256,13,True,False,False,False,False,False,False,False,False,False,False
1614,01614.json,cc9375e49a924a6baf7492c9c45c503fd9e6fa13a3e0bc4868baa153077c5068,positive_parity,1/2,256,14,True,False,False,False,False,False,False,False,False,False,False
1615,01615.json,8e5ccfbc1127cfaf5b1b382210509d7d1f2f0bec8e5d318b92923fef2a625637,positive_parity,1/2,256,15,True,False,False,False,False,False,False,False,False,False,False
1616,01616.json,1db2c37184f44c6cac75c956e738eecaa59968f176bff3534e6398a494379e73,positive_parity,1/2,256,16,True,False,False,False,False,False,False,False,False,False,False
1617,01617.json,7b38d9fcd79103daeadb6512b4764847723e6244d10e01cc00272fa37f5eb756,positive_parity,1/2,256,17,True,False,False,False,False,False,False,False,False,False,False
1618,01618.json,95bf275a1f30f82fb4fbb05abe652396fc8cf706c11cd4960a2e810a8b0bed84,positive_parity,1/2,256,18,True,False,False,False,False,False,False,False,False,False,False
1619,01619.json,04e5f2d789b81daf863f124ebc4f103dce31c92a2027b84278970f8c461ed990,positive_parity,1/2,256,19,True,False,False,False,False,False,False,False,False,False,False
1620,01620.json,e59620c11e269f89ff0a2e3a025551386f9c79e70befdac312168f1cc16f7284,positive_parity,1/2,256,20,True,False,False,False,False,False,False,False,False,False,False
1621,01621.json,885afbf8b21164dfbf31affa2e07170871b7dcacbca6e829b7da15b38c667a79,positive_parity,1/2,256,21,True,False,False,False,False,False,False,False,False,False,False
1622,01622.json,b6e9940466910c026113e6a681246c9b982f1f98d0f17e98100da2172154625e,positive_parity,1/2,256,22,True,False,False,False,False,False,False,False,False,False,False
1623,01623.json,9b3cbb50e98badaa169aa0a9b6973978d469ab3c6850e3a9acbc43b676c3554a,positive_parity,1/2,256,23,True,False,False,False,False,False,False,False,False,False,False
1624,01624.json,0fd132209af97b0a3b00fd879a827b71675524fc94fab6179c8285dd72f6be40,positive_parity,1/2,256,24,True,False,False,False,False,False,False,False,False,False,False
1625,01625.json,0c171c0d346e36c0c57a11a48aaf7a421efc998601798b6c6243cd9222ee8aaa,positive_parity,1/2,256,25,True,False,False,False,False,False,False,False,False,False,False
1626,01626.json,6a8945814a444c752aceb98ad557cb611cbc9aa99b364320e405ef450fe4ec91,positive_parity,1/2,256,26,True,False,False,False,False,False,False,False,False,False,False
1627,01627.json,0987397a2b18bdedbf317b1b32614ff48f936c7bb0bcc711c86fab57bba39820,positive_parity,1/2,256,27,True,False,False,False,False,False,False,False,False,False,False
1628,01628.json,8008308d5bec2d6fd5beefd66720367d2a7e96c3463b2b152ea757c0d8d31811,positive_parity,1/2,256,28,True,False,False,False,False,False,False,False,False,False,False
1629,01629.json,ea6e71fab0335c788d0f46a09a5de16070d2b9c67f3ab2ecf0cee5a256cd307a,positive_parity,1/2,256,29,True,False,False,False,False,False,False,False,False,False,False
1630,01630.json,8a1584cd192202e0aad3690bcca226d4867e4346d3b207bbd5ea32deac821ea5,positive_parity,1/2,256,30,True,False,False,False,False,False,False,False,False,False,False
1631,01631.json,5c7f200f5fe40868e28e2c60bcb4e812862d9a3cb4a12a9209f455ee695f8e03,positive_parity,1/2,256,31,True,False,False,False,False,False,False,False,False,False,False
1632,01632.json,c3b81f48ec43f99f4b7af567c32e2b19e9dc040e7f57fbf57a1a6fa5aa8a240e,positive_parity,1/2,256,32,True,False,False,False,False,False,False,False,False,False,False
1633,01633.json,790a24c5575f55ae663756db4c469ede7f1393119efa842515c4b37db6fc4a3e,positive_parity,1/2,256,33,True,False,False,False,False,False,False,False,False,False,False
1634,01634.json,506695d14083d3d04308507e022c2b9e991e5216b8f79df93524d36eda1fbd01,positive_parity,1/2,256,34,True,False,False,False,False,False,False,False,False,False,False
1635,01635.json,5d81737443922945759a57a907351a7a6ab0a7177d9630d1aecf671a38c8c72f,positive_parity,1/2,256,35,True,False,False,False,False,False,False,False,False,False,False
1636,01636.json,af443bbc11e15986954625620b9e46869aa5ae849913fc236128f8d0cff496e0,positive_parity,1/2,256,36,True,False,False,False,False,False,False,False,False,False,False
1637,01637.json,d54007ceda473eb26dffac38e748fe8d32af0480b5741fc500c67544079af632,positive_parity,1/2,256,37,True,False,False,False,False,False,False,False,False,False,False
1638,01638.json,d765a1bf75257010ecb1b3d9d53854f939d0e3f4cf547783469d4517dc705170,positive_parity,1/2,256,38,True,False,False,False,False,False,False,False,False,False,False
1639,01639.json,031f40c26fc1066def2744e393e474134257d693b64b5ca0cef1b36c16fda6b8,positive_parity,1/2,256,39,True,False,False,False,False,False,False,False,False,False,False
1640,01640.json,fe66816907b4254bfe2540ad35eb705a19a0f822c20fa555ba27676032576ad7,positive_parity,1/2,256,40,True,False,False,False,False,False,False,False,False,False,False
1641,01641.json,11f0d58a7a3e030483de577c12dfb7b442b21251206d9d21e02da6cc0eb74ff1,positive_parity,1/2,256,41,True,False,False,False,False,False,False,False,False,False,False
1642,01642.json,bbd185bbb3c3e4eb0bef2b89d680dbcc05f8abbf3a8a2a5790f5b3d0b5d7b1dd,positive_parity,1/2,256,42,True,False,False,False,False,False,False,False,False,False,False
1643,01643.json,fbac755e49aefed274f414cc5f22348348937c2b14f1c5192eaadf6d3f6a77c8,positive_parity,1/2,256,43,True,False,False,False,False,False,False,False,False,False,False
1644,01644.json,256f1df0e6bad2ea2a80e6b8bf2ec8c81d32f0083654557fc58408b1aba03812,positive_parity,1/2,256,44,True,False,False,False,False,False,False,False,False,False,False
1645,01645.json,cbbd48dbb48d37ffad3b13f436b85fa10bc1c8454854bb769bd1b45d77937635,positive_parity,1/2,256,45,True,False,False,False,False,False,False,False,False,False,False
1646,01646.json,54c3121772c8c86afe51830874bf5f1549f46b952000d2b2b7b0295db0c8eeed,positive_parity,1/2,256,46,True,False,False,False,False,False,False,False,False,False,False
1647,01647.json,1dfb66ab4a647c155279911a982c12f9dcd07e07791cf6ff777613e393daed79,positive_parity,1/2,256,47,True,False,False,False,False,False,False,False,False,False,False
1648,01648.json,c680585bd1aedf42e3136325c3f5d137f5e2340fc41f6baea62b1e5bdd74ba07,positive_parity,1/2,256,48,True,False,False,False,False,False,False,False,False,False,False
1649,01649.json,612a3156f77c9d14332dd2f5a2ea2bc0d3a5df6446b2eede78d14b9cf43b9237,positive_parity,1/2,256,49,True,False,False,False,False,False,False,False,False,False,False
1650,01650.json,89719f4781c53c97045dd7cb03ae15b589ae60486a68a0b633bc07fbf6ec483f,positive_parity,1/2,256,50,True,False,False,False,False,False,False,False,False,False,False
1651,01651.json,d2d746531b5be7d384738b7a929ca231b2e97dccb508aea7b9aacf8b430cc712,positive_parity,1/2,256,51,True,False,False,False,False,False,False,False,False,False,False
1652,01652.json,b9503c3cab6b1e1d3723124c6d280966156317d8fcb42435e80fff4ec773895c,positive_parity,1/2,256,52,True,False,False,False,False,False,False,False,False,False,False
1653,01653.json,c01be4b5d0643cfe2ed8714a95d02abb966a6713e66370a62405428f2b377d29,positive_parity,1/2,256,53,True,False,False,False,False,False,False,False,False,False,False
1654,01654.json,003a46f84285bf0e77dcb7d121858e65eff5b341d4b81ca165a526d37a8943e9,positive_parity,1/2,256,54,True,False,False,False,False,False,False,False,False,False,False
1655,01655.json,83c28311e3c7372456d2b3760b41164064f9b14d03f8bc2b2ff9aab1ca46e4db,positive_parity,1/2,256,55,True,False,False,False,False,False,False,False,False,False,False
1656,01656.json,bdde4ededd2f868c0ee7812af8c8dffd94ccd16b6ed89ce4c8118382f9e12931,positive_parity,1/2,256,56,True,False,False,False,False,False,False,False,False,False,False
1657,01657.json,d027182942f66fd05b5054b62743e46f48b3ebb8c76134cdf201a7bee3c6e7c3,positive_parity,1/2,256,57,True,False,False,False,False,False,False,False,False,False,False
1658,01658.json,6edcb6e5e00f79185c40601067ccdbfca0d19996006e491ab31b58d986ef8337,positive_parity,1/2,256,58,True,False,False,False,False,False,False,False,False,False,False
1659,01659.json,01f53a152a5d3d502034663d5524e3f33f9eed317d6e1fe25342113344ebb2c3,positive_parity,1/2,256,59,True,False,False,False,False,False,False,False,False,False,False
1660,01660.json,fe4cb4fcfc0e2ade95f4609a58a7d53adc866a355657c851ce759387be10b18d,positive_parity,1/2,256,60,True,False,False,False,False,False,False,False,False,False,False
1661,01661.json,6ac42d0291b18e1b7ae5c53e1358f4c4e092e0932f17c51933978965efbe9ab7,positive_parity,1/2,256,61,True,False,False,False,False,False,False,False,False,False,False
1662,01662.json,f061e438bfe77a4570897b5648258d354d87c3effa0a7744c33d95ec7a9bcec1,positive_parity,1/2,256,62,True,False,False,False,False,False,False,False,False,False,False
1663,01663.json,436323c966f86c13a9182d1f5e932ff3c1b491fe1b93493b05f11ec6d20f005b,positive_parity,1/2,256,63,True,False,False,False,False,False,False,False,False,False,False
1664,01664.json,23180bac5484cdf015494ce9633d69367d76c7063748901f0e0456c00bd2d409,positive_parity,1/2,256,64,True,False,False,False,False,False,False,False,False,False,False
1665,01665.json,5c765e4f9261716d6968f6d46707bd9b98d3fe58875ec1aeab2896b525d4e30f,positive_parity,1/2,256,65,True,False,False,False,False,True,True,True,True,False,False
1666,01666.json,f39d4f13190bdca297ed9bb60584ed0dd6cb531548dea756b83d4faa4b477aa1,positive_parity,1/2,256,66,True,False,False,False,False,False,False,False,False,False,False
1667,01667.json,0efe9b462dd533ce09bdc11534a0ca12a0c3f53be10daa9d29427f7676858975,positive_parity,1/2,256,67,True,False,False,False,False,False,False,False,False,False,False
1668,01668.json,4c4398b9c9ca6331eb16036a854e2361c4dc0ebdfe08b518dc09e770eb40acbc,positive_parity,1/2,256,68,True,False,False,False,False,False,False,False,False,False,False
1669,01669.json,eefceacd28d29530ee406e686bebcac96688f357666dc5ca8aa93ef710a271b7,positive_parity,1/2,256,69,True,False,False,False,False,False,False,False,False,False,False
1670,01670.json,393e0ca485a5bff749df7625b7b3d102009263d662e4e9f57abce5195e91339b,positive_parity,1/2,256,70,True,False,False,False,False,False,False,False,False,False,False
1671,01671.json,1c2d7e1dda0579ac7bf186766a815cf38a62daae0669cac9b4b6421f0035e5a8,positive_parity,1/2,256,71,True,False,False,False,False,False,False,False,False,False,False
1672,01672.json,c5bb0e00537d8c6c11cc47efdd4c1792d076a40ebf0e7a2e9a8d622fb1ad6e48,positive_parity,1/2,256,72,True,False,False,False,False,False,False,True,True,False,False
1673,01673.json,483ad6e48ca5642c2a8bbc76bbf409221930dc2fb870b9b26c4c93505672b243,positive_parity,1/2,256,73,True,False,False,False,False,False,False,False,False,False,False
1674,01674.json,c6025061767a18a7bc864444166d2920a63ab7adda0f407150f48901d7cf2663,positive_parity,1/2,256,74,True,False,False,False,False,False,False,False,False,False,False
1675,01675.json,108e6409032a0748f70a2dab9b495bc155acc1ec933aa6d84e2a38c4421f2493,positive_parity,1/2,256,75,True,False,False,False,False,False,False,False,False,False,False
1676,01676.json,9642afea5f49e6cb88811d40f90454b59818bed35a47f5e9785eea28f4d8e476,positive_parity,1/2,256,76,True,False,False,False,False,False,False,False,False,False,False
1677,01677.json,c7b38f91f06e3a257603c8dca8deaaaa291efdbcde9a8d416b22b82c2ba4accb,positive_parity,1/2,256,77,True,False,False,False,False,False,False,False,False,False,False
1678,01678.json,0b3b990d3e9c5dda0b518f7062206bcab9daa49c1bc7c67de4c37598e2ce5347,positive_parity,1/2,256,78,True,False,False,False,False,False,False,False,False,False,False
1679,01679.json,a4cd1839d0e3cd571eb56b2e8a2dbaf52a7c1f6a0e243dca7528736160185d37,positive_parity,1/2,256,79,True,False,False,False,False,False,False,False,False,False,False
1680,01680.json,25d19399712c45b29ef7def0031e4bbbf283a55a3cfea208009387412525aeaa,positive_parity,1/2,256,80,True,False,False,False,False,False,False,False,False,False,False
1681,01681.json,58d30622d0ffadde2fb69cdc50f1b626d581d9b0cbf3c3118db6e73d888de9c4,positive_parity,1/2,256,81,True,False,False,False,False,False,False,False,False,False,False
1682,01682.json,85051b347fdce39ebdd8343c444d87b7ca2a317d84a9def560455723122468fd,positive_parity,1/2,256,82,True,False,False,False,False,False,False,False,False,False,False
1683,01683.json,5aca03bca63b6cf72cbc50c7fb95e8636cedccadcf75fa6e01beb3f7d3f6b3e5,positive_parity,1/2,256,83,True,False,False,False,False,False,False,False,False,False,False
1684,01684.json,7f5b788d707711744f6a1acbe2c8c3f78732ebccba069db407969935e2833c13,positive_parity,1/2,256,84,True,False,False,False,False,False,False,False,False,False,False
1685,01685.json,e93b9a570f7f95dd3aa208ce66782a089523a6a002e1a99e2a99dab0a1994f3b,positive_parity,1/2,256,85,True,False,False,False,False,True,True,False,False,False,False
1686,01686.json,ccd410becf0978599151762c4624332125744fdd88b3f0ed60910ea4519fadea,positive_parity,1/2,256,86,True,False,False,False,False,False,False,False,False,False,False
1687,01687.json,40ed85a44e48227e117d966444a8c0455b6a0b3dd9723e7be85aa28fd3879817,positive_parity,1/2,256,87,True,False,False,False,False,False,False,False,False,False,False
1688,01688.json,c87f1c525200854435363ef76e9971ccb47f707e6294db40df5ac77552b8bc39,positive_parity,1/2,256,88,True,False,False,False,False,False,False,False,False,False,False
1689,01689.json,d24a8e5bae4bd613a35fe78ed0b36c7bedfa1498e6530269e8ab545cf2d0cb48,positive_parity,1/2,256,89,True,False,False,False,False,False,False,False,False,False,False
1690,01690.json,a2ecde2359e14108d092642233360cdfd4fb489694ae79c285e6f5ea6eaaca4d,positive_parity,1/2,256,90,True,False,False,False,False,False,False,False,False,False,False
1691,01691.json,3e6d6e58037dde0b8f06bb69afb81c942aece8f5fd605ce60b7b3e66b3823419,positive_parity,1/2,256,91,True,False,False,False,False,False,False,False,False,False,False
1692,01692.json,8e8135e2cbe23e6b9dd6adb406d495a7118c2415fe010239314acc823b4cb991,positive_parity,1/2,256,92,True,False,False,False,False,False,False,False,False,False,False
1693,01693.json,615d9dec13db5a752ac8fde0259e8e3991dbf59113943ecd01d844a40027454a,positive_parity,1/2,256,93,True,False,False,False,False,False,False,False,False,False,False
1694,01694.json,93a7af91cf762583818a0189c54a1c706edf3631c5694714a50169f8a4af49b6,positive_parity,1/2,256,94,True,False,False,False,False,False,False,False,False,False,False
1695,01695.json,8d434056b9482938b1cf773ddf10417df6ab167c9e7f083400e8c2eba6d9f319,positive_parity,1/2,256,95,True,False,False,False,False,False,False,False,False,False,False
1696,01696.json,47e5ffaf12a8314e172f97af6ea20d704f91aca6007c7ad42c48e8bdfbef05f5,positive_parity,1/2,256,96,True,False,False,False,False,False,False,False,False,False,False
1697,01697.json,aed42a8c2a1e319477b02341060e35e59fd19032ccc2b379d6496a2946d3c41b,positive_parity,1/2,256,97,True,False,False,False,False,False,False,False,False,False,False
1698,01698.json,26a4b96de887bdf8c29ec49b7b8711701b98267c57fdc7832f55af78ed38881d,positive_parity,1/2,256,98,True,False,False,False,False,False,False,False,False,False,False
1699,01699.json,7cd9d428c9734aa6d6908f989f4f6daf77406cff352909f213cf0b739fb6f143,positive_parity,1/2,256,99,True,False,False,False,False,False,False,False,False,False,False
1700,01700.json,6fa4172c5b8e67f713d77bda79cb6bb8707eaac79bc5a3cf6e58f40906fb3949,positive_parity,1/2,512,0,True,False,False,False,False,False,False,False,False,False,False
1701,01701.json,9bca5faadb1d0cdc07e0d5786c38189d49a2dd68b9912ccebf5755c6b3564d33,positive_parity,1/2,512,1,True,False,False,False,False,False,False,False,False,False,False
1702,01702.json,c7323170b31f393fbdadaaa6eaf8530bc3f29a939fe2a6d3fb111f9bd9c78c26,positive_parity,1/2,512,2,True,False,False,False,False,False,False,False,False,False,False
1703,01703.json,f2e4bc2ce178eb8170317a9a58f055feeb3c863d847b4516a390b2bce52e61de,positive_parity,1/2,512,3,True,False,False,False,False,False,False,False,False,False,False
1704,01704.json,3e0bb469c6f343d5f710a583407bfc273494c4ec1c9504186849354890a44927,positive_parity,1/2,512,4,True,False,False,False,False,False,False,False,False,False,False
1705,01705.json,66ddcbb57be7515689d98d5e6ffa423366ee3dbec54d1aecacb07ecf1c2218d8,positive_parity,1/2,512,5,True,False,False,False,False,False,False,False,False,False,False
1706,01706.json,c2fc6f783c1e243de2996a3d8f4058305596eed03f4d4f4238834c6a132ea7d2,positive_parity,1/2,512,6,True,False,False,False,False,False,False,False,False,False,False
1707,01707.json,10d66abae07e4971ae661536c730cce32b1f2228a8a29a7e697f8f5718000633,positive_parity,1/2,512,7,True,False,False,False,False,False,False,False,False,False,False
1708,01708.json,8acc99b99402627bc9841bfbf16fe8b1a3f6d0de00d0a7860b4faeb7dc2bccca,positive_parity,1/2,512,8,True,False,False,False,False,True,True,False,False,False,False
1709,01709.json,f6c2c23eb0f9283dd2b12ecd1a67952653855ec053a1f6c7598e62b16b98260b,positive_parity,1/2,512,9,True,False,False,False,False,False,False,False,False,False,False
1710,01710.json,3b9c40b4d34ab9c6147dcb88bbac69796c0b19dde7bcd60d82ec38b3dfcbd5ae,positive_parity,1/2,512,10,True,False,False,False,False,False,False,False,False,False,False
1711,01711.json,a35291c5ec8de1d14ebafbe66f17637653985a381f0af057116a853684d4b8de,positive_parity,1/2,512,11,True,False,False,False,False,False,False,False,False,False,False
1712,01712.json,d6d34e471ff58c694c4f33af2e905e9df4a976c3feaeb4c305bc190381729540,positive_parity,1/2,512,12,True,False,False,False,False,False,False,False,False,False,False
1713,01713.json,9212046cb3ccc9218e2d586e4721c6ec715f7fa20ccd81684e81b0ee4b55dd27,positive_parity,1/2,512,13,True,False,False,False,False,False,False,False,False,False,False
1714,01714.json,72cac77cf0d762512b94f1f4960e84b764238759d03940917640fec019838e76,positive_parity,1/2,512,14,True,False,False,False,False,False,False,False,False,False,False
1715,01715.json,744530acc006c4584d182afca4d2c47ef7d527e3e39073d0bbafef746b1eefe0,positive_parity,1/2,512,15,True,False,False,False,False,False,False,False,False,False,False
1716,01716.json,6447d70200876c44b3961b528a1ef088ebfb04b94fbce7ce7f1d05a1ea4553ad,positive_parity,1/2,512,16,True,False,False,False,False,False,False,False,False,False,False
1717,01717.json,b809849187bcf1921b66c94f93e157f542bf12a3e67d53623eef7b0e16e2620d,positive_parity,1/2,512,17,True,False,False,False,False,False,False,False,False,False,False
1718,01718.json,d9062003fa10548db947360373340e55cad4735d72091ec22889ca4a3fa880f6,positive_parity,1/2,512,18,True,False,False,False,False,False,False,False,False,False,False
1719,01719.json,65551e8a2ea6b4be8666453a881b98d6fb0174a8a47aa1b5c21cff9499150452,positive_parity,1/2,512,19,True,False,False,False,False,False,False,False,False,False,False
1720,01720.json,24d05d56925a11c96840c241d324b46d3d2fd89776e34d2bcf9eb0acc607d91f,positive_parity,1/2,512,20,True,False,False,False,False,False,False,False,False,False,False
1721,01721.json,32d6948be463e918226942cea380ad33480655d2f020a08b5569ee37ca3afc0f,positive_parity,1/2,512,21,True,False,False,False,False,False,False,False,False,False,False
1722,01722.json,b4c8b5e8103bc11d3d0ba643b1ad6e7d48c1c3b50fcf4e4d47a5d98ff2376e95,positive_parity,1/2,512,22,True,False,False,False,False,False,False,False,False,False,False
1723,01723.json,eb69cf817ae014bb39ee1336d89b6146131e3395e0c417b0f3c0d545cd7b876a,positive_parity,1/2,512,23,True,False,False,False,False,False,False,True,True,False,False
1724,01724.json,2b55e4049792113f268bf2b6419b477e0604908426169e955479b7c10a8bd80a,positive_parity,1/2,512,24,True,False,False,False,False,False,False,False,False,False,False
1725,01725.json,4a4ae3fe2b954017556178e1e389c632f53dedc78227ab9d26165d6be7d2ba3f,positive_parity,1/2,512,25,True,False,False,False,False,False,False,False,False,False,False
1726,01726.json,b9e77447e8f6f0b7a43892a8bff49998e3c293ab91504195941619ff0e35dd26,positive_parity,1/2,512,26,True,False,False,False,False,False,False,False,False,False,False
1727,01727.json,7aa61caf9c2acb78dd6926dbb41f6e1f27aebfddfbaf2916ce1b5e6a1a7d0fd0,positive_parity,1/2,512,27,True,False,False,False,False,False,False,False,False,False,False
1728,01728.json,6e18002b646ee85dc099a79b6a0ff0a3fbe835e4d8b343cc11471dd39c78568b,positive_parity,1/2,512,28,True,False,False,False,False,False,False,False,False,False,False
1729,01729.json,b0ec14c4366df1e861d2440dcdff4d4005f2b3f19b82a9710f9d6b7aefad08d7,positive_parity,1/2,512,29,True,False,False,False,False,False,False,False,False,False,False
1730,01730.json,0a7c52d73ab484ebe80d72fac62a2a9732004ee6b1462be5e169f6dbe58706ec,positive_parity,1/2,512,30,True,False,False,False,False,False,False,False,False,False,False
1731,01731.json,db2eb8bb11c1488abad01e72de457d93ac7a2827be27255d33fdfae4e5e56e88,positive_parity,1/2,512,31,True,False,False,False,False,False,False,False,False,False,False
1732,01732.json,74cfc56d908c0ef50ff1647479fbfc25cb7b73800652d3d15e72973e851d33bd,positive_parity,1/2,512,32,True,False,False,False,False,False,False,False,False,False,False
1733,01733.json,66a48c648ece7bdcd690479f631e56f218d4e3ce5b4443a16904d8607bcbbe5e,positive_parity,1/2,512,33,True,False,False,False,False,False,False,False,False,False,False
1734,01734.json,5cce808303c3d837d85afd25fa779707419a1beaa39603b9231c8eb664271414,positive_parity,1/2,512,34,True,False,False,False,False,False,False,False,False,False,False
1735,01735.json,00f1c36a5bb9617208f78597aa0e5a5c0d4e53c8ee23c8cffaff41041df4f8b7,positive_parity,1/2,512,35,True,False,False,False,False,False,False,False,False,False,False
1736,01736.json,b14b421cb96ec843a1c02d83584a75b406291e3e2508a70c029ef0cc91e09018,positive_parity,1/2,512,36,True,False,False,False,False,False,False,False,False,False,False
1737,01737.json,62f4b0df686a9d3ba983356da645464263092e487d8af7cc3097b29e65b41b5e,positive_parity,1/2,512,37,True,False,False,False,False,False,False,False,False,False,False
1738,01738.json,b3aa4c17f2e97889ce4a58bbae3c22c20147b979e21e71d68b3e83f9c8ffcc38,positive_parity,1/2,512,38,True,False,False,False,False,False,False,False,False,False,False
1739,01739.json,058e3c5c5fecdd35b00b99aa11a9718e2af506b3d57a60417f462cd149e6796e,positive_parity,1/2,512,39,True,False,False,False,False,False,False,False,False,False,False
1740,01740.json,df614908fed60a2c858fad8d8a52f2a65e33553ead2f2e7b85592d8c27718a54,positive_parity,1/2,512,40,True,False,False,False,False,False,False,False,False,False,False
1741,01741.json,96aa6b40cfe220522a3a6771bc1f5c1952379c096f252c4f369e3007c9284457,positive_parity,1/2,512,41,True,False,False,False,False,False,False,False,False,False,False
1742,01742.json,89b1708185f509f03a14d67d8a3fe98a138b823a0c243f27a362d06bdb71d527,positive_parity,1/2,512,42,True,False,False,False,False,False,False,False,False,False,False
1743,01743.json,ab4e602fd3818a3448bab6ee2d8ae2a5bb3a139ad97827dcaa9daf9666d9a1a2,positive_parity,1/2,512,43,True,False,False,False,False,False,False,False,False,False,False
1744,01744.json,422538148ecf2ee1d265d09f12672e6128bdc474a6ee4d6def6b5ee59e13eb69,positive_parity,1/2,512,44,True,False,False,False,False,False,False,False,False,False,False
1745,01745.json,fb9972b7655a05717ba66e7ad09a89a7db61a9790f74916f478bcbdc5b943dd9,positive_parity,1/2,512,45,True,False,False,False,False,False,False,False,False,False,False
1746,01746.json,1943816eed352fe32064e243c4a75934101aaa81a04977c0fa88dcbbc8dde804,positive_parity,1/2,512,46,True,False,False,False,False,False,False,False,False,False,False
1747,01747.json,d5a7ac9ef55d9ff782c60a803f0f41e1e9dee8e89da9483271e406380b45de61,positive_parity,1/2,512,47,True,False,False,False,False,False,False,False,False,False,False
1748,01748.json,13014bc8a25de28989943b424d7b0f258cff00fd0b9bc55789caf1c42ce346c4,positive_parity,1/2,512,48,True,False,False,False,False,False,False,False,False,False,False
1749,01749.json,5ea4fb61e23ed54ecb19a8605b6c195ea543bb143739f456f80c627c236f934b,positive_parity,1/2,512,49,True,False,False,False,False,False,False,False,False,False,False
1750,01750.json,9ab654b20d2b555d34b79628bf1077af219326852258a1fe6755bd871631a7fc,positive_parity,1/2,512,50,True,False,False,False,False,False,False,False,False,False,False
1751,01751.json,6608af29dc6b6210b7bd781cff609d0806c1316a87c6eba636cc3fff586cc741,positive_parity,1/2,512,51,True,False,False,False,False,False,False,False,False,False,False
1752,01752.json,1c16c974e8c3e73c41139702533d83691caaba4f7d0d9b9721159ad6bf78949d,positive_parity,1/2,512,52,True,False,False,False,False,False,False,False,False,False,False
1753,01753.json,825f3d31bbe34b6ce6adc85ecc59075a978bf91b14b003c3e2c69c0cc7db31d6,positive_parity,1/2,512,53,True,False,False,False,False,False,False,False,False,False,False
1754,01754.json,06308d5a0fedc637cbe1c75a6ecb9eeef0eff048462f813812ca028332fe09f6,positive_parity,1/2,512,54,True,False,False,False,False,False,False,False,False,False,False
1755,01755.json,fab6fb4f2e9494c1831e7bcb967b7ba124ef42a468e4a5f86c571274fe27aa19,positive_parity,1/2,512,55,True,False,False,False,False,False,False,False,False,False,False
1756,01756.json,2a6d50cba8b00ada538993c9b94c4ec439d9be47179d7fc52282a9c9bf7c4267,positive_parity,1/2,512,56,True,False,False,False,False,True,True,False,False,False,False
1757,01757.json,b426059f723b22af4df4ad94a50adbb41910a6cf720885122160b5105f017550,positive_parity,1/2,512,57,True,False,False,False,False,False,False,False,False,False,False
1758,01758.json,e1745d9d151052f1277b4f16a86dd47cf9a383f91919de4094379cbccf2463c2,positive_parity,1/2,512,58,True,False,False,False,False,False,False,False,False,False,False
1759,01759.json,bac380e08465061a833975e7b24429d7b5addb0cf838f8e9ad21ebd4294c8614,positive_parity,1/2,512,59,True,False,False,False,False,False,False,False,False,False,False
1760,01760.json,e471c3e0c4ced5dd984eaf61447d4bd6df7ca4079c7824b88b72ce15d96b097b,positive_parity,1/2,512,60,True,False,False,False,False,False,False,False,False,False,False
1761,01761.json,8337159b1a5b65a258c7d518ac153fb0bb1c3289ea9e80ad0c9ac17ea7928f60,positive_parity,1/2,512,61,True,False,False,False,False,False,False,False,False,False,False
1762,01762.json,062fb4ad780f85b26f6d7015e4527e183bd6be6ec3fd3841dce1400b3a8537c2,positive_parity,1/2,512,62,True,False,False,False,False,False,False,False,False,False,False
1763,01763.json,c8121508cd61c6290d7b12120fc667a9a17194768c1d86068a9b33520dae0b10,positive_parity,1/2,512,63,True,False,False,False,False,False,False,False,False,False,False
1764,01764.json,903b90b4cdf781581662db513a013b7c9219db22ed1bd06904fdc3b2bbd9e0b1,positive_parity,1/2,512,64,True,False,False,False,False,False,False,False,False,False,False
1765,01765.json,2c5b802b53e3d7d0cdcb437a9cce8355da08b00b4ccead3ce847601b2c495223,positive_parity,1/2,512,65,True,False,False,False,False,False,False,False,False,False,False
1766,01766.json,ac5d7d13d2f5285170b08d88f775b99a74683b48d8c92c47e6e2524f0af0fdd9,positive_parity,1/2,512,66,True,False,False,False,False,False,False,False,False,False,False
1767,01767.json,7a3e33b89c64127e69809df19d1a2c0af18f264058bbdc44cf7ec8dc065b1f9f,positive_parity,1/2,512,67,True,False,False,False,False,False,False,False,False,False,False
1768,01768.json,7e7bd514040f50a7d483d8fc642bf5118deb89ae3d96b8705510096b88ab8cd7,positive_parity,1/2,512,68,True,False,False,False,False,False,False,False,False,False,False
1769,01769.json,2f4787ec2dcf6f2a1920b68e30584d19a61d2c89764c9ba5fa3bbce4dd865674,positive_parity,1/2,512,69,True,False,False,False,False,False,False,False,False,False,False
1770,01770.json,aa3de040907accff6c4a05073df9dde326eba78771f7157b06b93ecc71aee184,positive_parity,1/2,512,70,True,False,False,False,False,True,True,False,False,False,False
1771,01771.json,4bbcc9d69e63baba78d86e9581e9006a2c122d6150b5b26b580b6c4f5a67dfa8,positive_parity,1/2,512,71,True,False,False,False,False,False,False,False,False,False,False
1772,01772.json,cbc2552b2f40855add791f1e698f19f599eef828601319749d542dbc16418835,positive_parity,1/2,512,72,True,False,False,False,False,False,False,False,False,False,False
1773,01773.json,0f2099fda6346981b9368a73a223f939db5be4e6aa4c4f0349405e305e643ace,positive_parity,1/2,512,73,True,False,False,False,False,False,False,False,False,False,False
1774,01774.json,fd047287eed6d07659eaae6df505603e2d5c80bc8269ee04d514d66b1a0ee768,positive_parity,1/2,512,74,True,False,False,False,False,False,False,False,False,False,False
1775,01775.json,7243fa465d0a2c6523bfe35a5d333544a65f857d643205b3baf936e029269572,positive_parity,1/2,512,75,True,False,False,False,False,False,False,False,False,False,False
1776,01776.json,c12f6c53a602781625637303e5dba662128a49b7543acb315b73aa02aba8fd0a,positive_parity,1/2,512,76,True,False,False,False,False,False,False,False,False,False,False
1777,01777.json,8136be890621d8799ab8eca6178e9ea44b15eddbc5e2be17704ea707bc7297a8,positive_parity,1/2,512,77,True,False,False,False,False,False,False,False,False,False,False
1778,01778.json,1fe9d68223a2aac977df58adde46276d91cad427577e699516fd8b9b64fcb8de,positive_parity,1/2,512,78,True,False,False,False,False,False,False,False,False,False,False
1779,01779.json,6b6d4ae2ad8c1f97338cdce4162646c54b07248be6f44bb2a005efdfaf2062f1,positive_parity,1/2,512,79,True,False,False,False,False,False,False,False,False,False,False
1780,01780.json,a92afba8e37241632c94ddd492a97b8970baec1f0b44d18b5862bf40e8196d6c,positive_parity,1/2,512,80,True,False,False,False,False,False,False,False,False,False,False
1781,01781.json,aca795b71c88311747ac09b0eb3980c35f987d0f1577040deba1829277edd0a3,positive_parity,1/2,512,81,True,False,False,False,False,False,False,False,False,False,False
1782,01782.json,ef738cc594f6e8be8ac3469f92b3c6a11cf057ea93060794e5332f968b4e1853,positive_parity,1/2,512,82,True,False,False,False,False,False,False,False,False,False,False
1783,01783.json,dfd47bc9a0fa4935c89422b14c19c06286bf51a6a928d81bc55dd80d48804761,positive_parity,1/2,512,83,True,False,False,False,False,False,False,False,False,False,False
1784,01784.json,95b67ede48073d5eea2d8bd701c4ca3cc61b71adc6ec12ebcba454c61e9f6479,positive_parity,1/2,512,84,True,False,False,False,False,False,False,False,False,False,False
1785,01785.json,eaa1f4fbd6e3c45d6832d6d4d405f3023946737b2637b44dabb01c57ef9ed151,positive_parity,1/2,512,85,True,False,False,False,False,False,False,False,False,False,False
1786,01786.json,6761165ca151bd20ebc17bd8b992b4e3c7771956b1c5b432b243ea3d65b4b4f4,positive_parity,1/2,512,86,True,False,False,False,False,False,False,False,False,False,False
1787,01787.json,e20c0461ca30a0dbc5034d50e3bba1dfc3a78dbd26972a63ee1015f702e4c381,positive_parity,1/2,512,87,True,False,False,False,False,False,False,False,False,False,False
1788,01788.json,87f4c0005219b5aca5b62739db467f45ec6c6b6c46c4a08eb36af2a42fd43893,positive_parity,1/2,512,88,True,False,False,False,False,False,False,False,False,False,False
1789,01789.json,5e7316114cc7508ac52999bb03f91a4145cbf0f6bd8e2d2c9f1790065ea6f9db,positive_parity,1/2,512,89,True,False,False,False,False,False,False,False,False,False,False
1790,01790.json,18ef49265ec05a9dd903498cce0115e4a4d51a242fd4e118c25fa81d389f37d9,positive_parity,1/2,512,90,True,False,False,False,False,False,False,False,False,False,False
1791,01791.json,de50574c74581cb64345b692aeae45faf1f2d059effcef5e2c12e758abbeb73b,positive_parity,1/2,512,91,True,False,False,False,False,False,False,False,False,False,False
1792,01792.json,9e81775a8bbbcb273686a49dfa62d184589af566c814cd719a73b882b0062046,positive_parity,1/2,512,92,True,False,False,False,False,False,False,False,False,False,False
1793,01793.json,9212add00a911f9cc0ca5b8da6fce9d353ac43464e0d96fdbbc9468f7471d6ac,positive_parity,1/2,512,93,True,False,False,False,False,False,False,False,False,False,False
1794,01794.json,80732f1100ee43e823712089577d28853f0a58edd5d108ba95bf66bb3f7cabc2,positive_parity,1/2,512,94,True,False,False,False,False,False,False,False,False,False,False
1795,01795.json,d63693e98604137af1dd08423b3b223654c261b6a890804bce528e56cc644ff3,positive_parity,1/2,512,95,True,False,False,False,False,False,False,False,False,False,False
1796,01796.json,7d41f80ee3151fdb3fb5527a79d204c3390c28196c78bf3c9f2347a6bbaf7e89,positive_parity,1/2,512,96,True,False,False,False,False,False,False,False,False,False,False
1797,01797.json,efb6ce4b42d74d81cff9b32a4666b44d89e2678f74e2fb0d58dc3c41d9e8782f,positive_parity,1/2,512,97,True,False,False,False,False,False,False,False,False,False,False
1798,01798.json,03eeb7a6b65b59e075880a5b0c6548b3ab42151aa5ff36d116fa62dd786c5722,positive_parity,1/2,512,98,True,False,False,False,False,False,False,False,False,False,False
1799,01799.json,a10ef33415892f32d90bcc822d7f092317311e5a203f44e01196ff1b677d3c9f,positive_parity,1/2,512,99,True,False,False,False,False,True,True,False,False,False,False
1800,01800.json,7dd63afba5ca57a2d0f7cd8c595e9a0e99c2f292dfbcd08b30a35cac5d710d3c,positive_parity,1/2,1024,0,True,False,False,False,False,False,False,False,False,False,False
1801,01801.json,c565b069fb42039848b0b7d834fd06310b0bea1f7d2b269fece22db1d2a41aea,positive_parity,1/2,1024,1,True,False,False,False,False,False,False,False,False,False,False
1802,01802.json,cbf773e99de8887fd6344ada2a0a7275a66c916c03c4741d3e61da048cd24ea1,positive_parity,1/2,1024,2,True,False,False,False,False,False,False,False,False,False,False
1803,01803.json,476ddf15ef44035d055dae464238e09d108cc9d07dea7cc0a6b96299dbe479ac,positive_parity,1/2,1024,3,True,False,False,False,False,False,False,False,False,False,False
1804,01804.json,982ed2f054d55da001d1597075bc97eabf1f3ec63e8b858c149912441c7275d2,positive_parity,1/2,1024,4,True,False,False,False,False,False,False,False,False,False,False
1805,01805.json,97f30ead2a4c33f0a2aa064bb69d468a8253991b31591936bb1dbf3b5df94c69,positive_parity,1/2,1024,5,True,False,False,False,False,False,False,False,False,False,False
1806,01806.json,f845ff6488b40c847da888143a4f5ffd0ec5399fea0d9550ce2daf88258b60e9,positive_parity,1/2,1024,6,True,False,False,False,False,False,False,False,False,False,False
1807,01807.json,2671d992c24a8c7cdca18cf7fd6f34524adff8e1b5b3567eddbc79a4bb089737,positive_parity,1/2,1024,7,True,False,False,False,False,False,False,False,False,False,False
1808,01808.json,a490886f4e265b2bff6e1ee6cbbf39790a790b555cc36c7b5cd345a071474778,positive_parity,1/2,1024,8,True,False,False,False,False,False,False,False,False,False,False
1809,01809.json,140263758ec3b7dc33c455780ba049bd7c3167481c4929438bec45eb6b970cd3,positive_parity,1/2,1024,9,True,False,False,False,False,False,False,False,False,False,False
1810,01810.json,77e94088f7276e6bf71431809c15a1809869e55ab096b2bf0f65735c7f662d1b,positive_parity,1/2,1024,10,True,False,False,False,False,False,False,False,False,False,False
1811,01811.json,9570894d677aaaa47ce1a0e9d6b8ddf9dbe461773764754f61142cf216d027dd,positive_parity,1/2,1024,11,True,False,False,False,False,False,False,False,False,False,False
1812,01812.json,3d76f328ca9c7ee57b4b9c1f1d0286d912f4868a6d20ec478db198ef55c4f0eb,positive_parity,1/2,1024,12,True,False,False,False,False,False,False,False,False,False,False
1813,01813.json,78354f4062b3ad59188b316b32570abdb4f487461aa61ef79e09caaaef728b84,positive_parity,1/2,1024,13,True,False,False,False,False,False,False,False,False,False,False
1814,01814.json,41a455ac7d6b0ad6977d214b6bf767c90123e169ac0597a079eba79143b13008,positive_parity,1/2,1024,14,True,False,False,False,False,False,False,False,False,False,False
1815,01815.json,41824b94008d34c468d5c8f6810ea4f4d8246776ad090be5262015485a748be1,positive_parity,1/2,1024,15,True,False,False,False,False,False,False,False,False,False,False
1816,01816.json,5d2ec87df292d5d4f00660bc395d83a06a4bc0606a64a797c97f23b2e2ae5484,positive_parity,1/2,1024,16,True,False,False,False,False,False,False,False,False,False,False
1817,01817.json,6ba0faa0a6e45e2c1f34d20701cea440e5773af5ae5daa6e1531854de906bae3,positive_parity,1/2,1024,17,True,False,False,False,False,False,False,False,False,False,False
1818,01818.json,c64e67259e710ae19f67618ec206d04d23f5008faf54b08c02a66a8a9e8612f5,positive_parity,1/2,1024,18,True,False,False,False,False,False,False,False,False,False,False
1819,01819.json,c44b01f9b628c84733b162a22e2d8b56fe5b17dc3ef400f7af6c2eb7163846d7,positive_parity,1/2,1024,19,True,False,False,False,False,False,False,False,False,False,False
1820,01820.json,d32e8f4c4d6eb44933272bb76db1c45968ec4679593440d5829167de1a9c7329,positive_parity,1/2,1024,20,True,False,False,False,False,False,False,False,False,False,False
1821,01821.json,eb6a72be5f1676c5446abe6fdd183d4d23027f3313256c5377049f3c90107802,positive_parity,1/2,1024,21,True,False,False,False,False,False,False,False,False,False,False
1822,01822.json,623218dfdac9222740a9f6297302134a8ab41d4e516b2682b5c02d499620a10a,positive_parity,1/2,1024,22,True,False,False,False,False,False,False,False,False,False,False
1823,01823.json,adb4251bda9c4e8502f09d3f4c92f4ed024e1d191a47b5193f94a27d2c39da8d,positive_parity,1/2,1024,23,True,False,False,False,False,True,True,False,False,False,False
1824,01824.json,4b7821616ec33bb2b858aac3bd87cef84cd893dd70f76526cd8f804c613335c4,positive_parity,1/2,1024,24,True,False,False,False,False,False,False,False,False,False,False
1825,01825.json,75dc3860691b1a28b536d65b745116638cc500024d9df39a6f345433c4bc8e70,positive_parity,1/2,1024,25,True,False,False,False,False,False,False,False,False,False,False
1826,01826.json,7bfaa57d77afc77da293607d75639f72845c0c1b1932597e74e12251331d7c0f,positive_parity,1/2,1024,26,True,False,False,False,False,False,False,True,True,False,False
1827,01827.json,4024758f5acc5ad9f82eef6df6afa09f078198c343288b68492dfbc9fdd1766c,positive_parity,1/2,1024,27,True,False,False,False,False,False,False,False,False,False,False
1828,01828.json,f4674e610032ef444bb132b858a7ec32c6ad91ce63ff13fd6e26b59c3d53ab6e,positive_parity,1/2,1024,28,True,False,False,False,False,False,False,False,False,False,False
1829,01829.json,9651839b0161b53fc28283ce4533c3d93f26737807dd74db0e24c2a5237f8263,positive_parity,1/2,1024,29,True,False,False,False,False,False,False,False,False,False,False
1830,01830.json,3961faed0073eef066a47fc6f2577eae9cbf8f5b7037d9d1ecfa596aa4733621,positive_parity,1/2,1024,30,True,False,False,False,False,False,False,False,False,False,False
1831,01831.json,f8520761ff70fdd3a0ac659204b5635c84af6f5b6b0e469dbbf0004b778ad7e6,positive_parity,1/2,1024,31,True,False,False,False,False,False,False,False,False,False,False
1832,01832.json,f389b9721b11f17b9be76acf70018a1156afe191b6e8e329bb6ed3575ada4802,positive_parity,1/2,1024,32,True,False,False,False,False,False,False,False,False,False,False
1833,01833.json,1cf44216dc029f2979a94cd7d335e518d3cd894aecf118955b6f14a917d0ec14,positive_parity,1/2,1024,33,True,False,False,False,False,False,False,False,False,False,False
1834,01834.json,848900a36a3bb40ea2332cd05667362fb60183577c56d315e968f0a982f77eab,positive_parity,1/2,1024,34,True,False,False,False,False,False,False,False,False,False,False
1835,01835.json,2f712f1818ce0e9fb072f2ce213baca0e39b01ea878a554d276e540ce60f3b62,positive_parity,1/2,1024,35,True,False,False,False,False,False,False,False,False,False,False
1836,01836.json,5fa98bc4d15098c41e0b18ed2ee79cb4ad09d208679cbbebcb7f67277d38e26f,positive_parity,1/2,1024,36,True,False,False,False,False,False,False,False,False,False,False
1837,01837.json,b1cfbb79c1f46a8e2820d9d24b11637581ffe2f0ea991fd5e677dcc3607e580c,positive_parity,1/2,1024,37,True,False,False,False,False,False,False,False,False,False,False
1838,01838.json,a9c9db8b686e132ca1db2667de4653d7300b2610732927b7004583a267934c4f,positive_parity,1/2,1024,38,True,False,False,False,False,False,False,False,False,False,False
1839,01839.json,6e8f74f3b0acea9f32d433aa2d0a58f556e6ebdedc6120e8090149c1ea0e2e34,positive_parity,1/2,1024,39,True,False,False,False,False,False,False,False,False,False,False
1840,01840.json,f3f7fc73f3f3ee36da59c833e3f18756872ebacc3c7972bca38f58701d317af2,positive_parity,1/2,1024,40,True,False,False,False,False,False,False,False,False,False,False
1841,01841.json,c22b7eb7de234e4f5b6066a669ea9f233812c3b23e5446a359575469bc913d4a,positive_parity,1/2,1024,41,True,False,False,False,False,False,False,False,False,False,False
1842,01842.json,2742fb45295a4f8b56088062917cebb3eb780ff99c97bc4c883d63984c7a9d3a,positive_parity,1/2,1024,42,True,False,False,False,False,False,False,False,False,False,False
1843,01843.json,fba7334c17be22c927515b57cfe8ed0202a7a20ce1bca50128604a75e25119db,positive_parity,1/2,1024,43,True,False,False,False,False,False,False,False,False,False,False
1844,01844.json,4df18636b34fa3b850f78f70fff745f79fa708907ae6c0f1f97ea3e1fb5fe8c2,positive_parity,1/2,1024,44,True,False,False,False,False,False,False,False,False,False,False
1845,01845.json,eae67a0c167ce25f9b4522987bf417c1be2734f55c85a2840396028ae1d3d051,positive_parity,1/2,1024,45,True,False,False,False,False,False,False,False,False,False,False
1846,01846.json,bec6895711a28d4f2455365d8ddcdbd05cbef14a648735a190e1637eb2448bc2,positive_parity,1/2,1024,46,True,False,False,False,False,False,False,False,False,False,False
1847,01847.json,c4b4b6c29ed80b08cade88e1974152c10723702d7b627d4b6d6ea5d1bc47bba9,positive_parity,1/2,1024,47,True,False,False,False,False,False,False,False,False,False,False
1848,01848.json,16f35660224e61c423acb6b7301d0d056bae4056ef230365c8d198a66bfc5f8d,positive_parity,1/2,1024,48,True,False,False,False,False,False,False,False,False,False,False
1849,01849.json,4349267c63aa978b80753a40b9088db3b6d338897db659c6e39285dd2e31c8e4,positive_parity,1/2,1024,49,True,False,False,False,False,False,False,False,False,False,False
1850,01850.json,91081f7d0aeca8a075be3bd2c0abba1eacde18aa47623cf2dd441e8e3eabf4ee,positive_parity,1/2,1024,50,True,False,False,False,False,False,False,False,False,False,False
1851,01851.json,fe2c4fe5052b77346c5c4d1114c9ebac595d08b1bc7d6a1b19a7a11750b7562e,positive_parity,1/2,1024,51,True,False,False,False,False,False,False,False,False,False,False
1852,01852.json,5a9fc47efdb66c535536620dab71cb70d2bbfcc2ac0baf45927c8c81b5e86737,positive_parity,1/2,1024,52,True,False,False,False,False,False,False,False,False,False,False
1853,01853.json,fb613b46ed671148a3cb484006b8c71095ad0106e848a5eae840f784f664d8f7,positive_parity,1/2,1024,53,True,False,False,False,False,False,False,False,False,False,False
1854,01854.json,99ce316ef45e1c23f20ecb36b81349f118df41d3dc4f4df31b6b532f44b2acc9,positive_parity,1/2,1024,54,True,False,False,False,False,False,False,False,False,False,False
1855,01855.json,e7181a5437fcde23bb98b11fffe7ca60f0a63bdb9b1acdc1538cce13334fb510,positive_parity,1/2,1024,55,True,False,False,False,False,False,False,False,False,False,False
1856,01856.json,8fb5ab721a7f4bbfe9e19b8b101bf055dad5565d56bfc8d4e0216887ea524fb8,positive_parity,1/2,1024,56,True,False,False,False,False,False,False,False,False,False,False
1857,01857.json,1a67bcf2f1c63ea0beee557fa71e79cb3ac808aef5998e9e9ff843b028a54715,positive_parity,1/2,1024,57,True,False,False,False,False,False,False,False,False,False,False
1858,01858.json,daa9a6a952870054131c985ba3474a0bc58a7058965a070af0bff3731c6cd88c,positive_parity,1/2,1024,58,True,False,False,False,False,False,False,False,False,False,False
1859,01859.json,3203bf2f2289e8dcdf803c71744b645334494197aa969d08f67354af0e54e96e,positive_parity,1/2,1024,59,True,False,False,False,False,False,False,False,False,False,False
1860,01860.json,da52be2733a44bd8328939a2a11f65ee5eb646d56bf43431f6afa01807dd8d48,positive_parity,1/2,1024,60,True,False,False,False,False,False,False,False,False,False,False
1861,01861.json,2ee070d97c53764e4346aa83e2f65bb67b15d021f6259d8aae75e14b9592ddbc,positive_parity,1/2,1024,61,True,False,False,False,False,False,False,False,False,False,False
1862,01862.json,35022ba81abead2c57ca676bf7be5d557b0932f90498ad72f542ec77cb494c54,positive_parity,1/2,1024,62,True,False,False,False,False,False,False,False,False,False,False
1863,01863.json,c90f8e19e3e96d4803d747c80a5639d759cbab9925e0fc195a232aec7112c423,positive_parity,1/2,1024,63,True,False,False,False,False,False,False,False,False,False,False
1864,01864.json,3e838504e1d6955a953b7fb996bd3d6263a65454a4959d17ed9c98a30f287f43,positive_parity,1/2,1024,64,True,False,False,False,False,False,False,False,False,False,False
1865,01865.json,6776c25c510465982a4322492df833b9c4dc143a16ec6c03a506995f53269b1e,positive_parity,1/2,1024,65,True,False,False,False,False,False,False,False,False,False,False
1866,01866.json,5fc392f6af16dffa44334cbb30d2f6a7f3958299029a3365df441e166b7c9f5a,positive_parity,1/2,1024,66,True,False,False,False,False,False,False,False,False,False,False
1867,01867.json,1d6bc3ab39f2f64513406d8d6e508c91187e3f816efca44debb114a549b8c93e,positive_parity,1/2,1024,67,True,False,False,False,False,False,False,False,False,False,False
1868,01868.json,ef98a54f96ac3dbd51db0e66071e68513e1963fd7073d683b2af9bf9a0264a83,positive_parity,1/2,1024,68,True,False,False,False,False,False,False,False,False,False,False
1869,01869.json,441e141ebfe1e0a054c207026783df45ddc49c4d54306a0b467100c100878517,positive_parity,1/2,1024,69,True,False,False,False,False,False,False,False,False,False,False
1870,01870.json,db5141527d9a3d70da491da83ec893377f0ba1c9c8f8fe30d489f181d091241c,positive_parity,1/2,1024,70,True,False,False,False,False,False,False,False,False,False,False
1871,01871.json,f15805b9e44ec204dd41ab16136e785447ee04e592921d9b721a0eafdfde1036,positive_parity,1/2,1024,71,True,False,False,False,False,False,False,False,False,False,False
1872,01872.json,bc400c2a894cf4a78a16b515b502a4be6d282cece4eb3f3f04370f0e0f863f4d,positive_parity,1/2,1024,72,True,False,False,False,False,False,False,False,False,False,False
1873,01873.json,e493b245ce3dfa4e7a7bfa6cce64a2ed0f2a73406f5fc7e2d56445d754978b5f,positive_parity,1/2,1024,73,True,False,False,False,False,False,False,False,False,False,False
1874,01874.json,5fb8a317534dc4337d6e3ce30e1d0f342ec79ba990ef56010e3987c907db6dfa,positive_parity,1/2,1024,74,True,False,False,False,False,False,False,False,False,False,False
1875,01875.json,82942e54322ef0d0f16faa6fa40b920cee66e8a56faa5d1f64238ae6ce2b1b8f,positive_parity,1/2,1024,75,True,False,False,False,False,False,False,False,False,False,False
1876,01876.json,1f9c6e397530e475156d52ab10f4d023f324a9d6d19a1ea5209e971dcd2e8618,positive_parity,1/2,1024,76,True,False,False,False,False,False,False,False,False,False,False
1877,01877.json,8b20f283732da51024cbd4b72678a52dbfe32b9563432a67010580aa5f7b1347,positive_parity,1/2,1024,77,True,False,False,False,False,False,False,False,False,False,False
1878,01878.json,c612ae675792dce382bdb02a4f0455757ae662a4131faa3e9ceeb74d6cb82abb,positive_parity,1/2,1024,78,True,False,False,False,False,False,False,False,False,False,False
1879,01879.json,bd0bfd6c61bee091926195eb72cd569a8cf8904b67287f39c197abf60f1f0a23,positive_parity,1/2,1024,79,True,False,False,False,False,False,False,False,False,False,False
1880,01880.json,a6e0282fb8c94d12ed90e8c32002bc4fd4b4c0871b1602b0079f4b9f3cecbc1f,positive_parity,1/2,1024,80,True,False,False,False,False,False,False,False,False,False,False
1881,01881.json,02082ffdc69e3a7251ec35cdd91f3d2b1afdeb2ea21935d59d920760cdec82e0,positive_parity,1/2,1024,81,True,False,False,False,False,False,False,False,False,False,False
1882,01882.json,a11639f75bf9e9e63cc77d9cacd337cf47f658dc9841a9eccdecaba5d381148c,positive_parity,1/2,1024,82,True,False,False,False,False,False,False,False,False,False,False
1883,01883.json,e80405686a4e4f897c5c4ead513714234018ef086a0df664c664b52e08ff7e18,positive_parity,1/2,1024,83,True,False,False,False,False,False,False,False,False,False,False
1884,01884.json,42e2be0058cf78ec22c63908b8bad4eb6ba3e4a46329c0ba064b5b31a53e8744,positive_parity,1/2,1024,84,True,False,False,False,False,False,False,False,False,False,False
1885,01885.json,48f84981dc9004792ebd740cf8adfaca3d5506e617034f0360ba8d52fb96c6bd,positive_parity,1/2,1024,85,True,False,False,False,False,False,False,False,False,False,False
1886,01886.json,502847a688185c08a54d2b859a02202fb8151715cf49e1aec682fff348974206,positive_parity,1/2,1024,86,True,False,False,False,False,False,False,False,False,False,False
1887,01887.json,239ea720e7b0555e95889f36dd56d75e256e213b29c25a6d2d190d2eb2f89e36,positive_parity,1/2,1024,87,True,False,False,False,False,False,False,False,False,False,False
1888,01888.json,462e0e30cbcb104a19bc6641d88245ccbd18d517cdd02a41583fd9561fe96076,positive_parity,1/2,1024,88,True,False,False,False,False,True,True,False,False,False,False
1889,01889.json,7a9f88a351cff5d4d73e1bfef872b2e94de0494caf6d8bc53c38d265e904fd98,positive_parity,1/2,1024,89,True,False,False,False,False,False,False,False,False,False,False
1890,01890.json,a11d7eac2a0de306a7208610392e266e2d58a079989c30697ebfcbea322dda49,positive_parity,1/2,1024,90,True,False,False,False,False,False,False,False,False,False,False
1891,01891.json,9281d2ec236df94cf7a783a6ef2c29855d7a8ed4778f8b1dca004fc8ecf09bad,positive_parity,1/2,1024,91,True,False,False,False,False,False,False,False,False,False,False
1892,01892.json,f22e99467e1688959e0395c6f32da7fdc207b590967e965b220ea3f2ca8f00de,positive_parity,1/2,1024,92,True,False,False,False,False,False,False,False,False,False,False
1893,01893.json,48f0cb7d45c731073febe95308490476dcc5acfed40773924cb8e8a3bcd50d62,positive_parity,1/2,1024,93,True,False,False,False,False,False,False,False,False,False,False
1894,01894.json,9db741bb182e7ac414bd64c80edf04a877ce3013d582648f1c589e77081a14b4,positive_parity,1/2,1024,94,True,False,False,False,False,False,False,False,False,False,False
1895,01895.json,cece8ccac1e4d747ac769d6171ac681003fc5d4177101a1a120c06c9f5820ada,positive_parity,1/2,1024,95,True,False,False,False,False,False,False,False,False,False,False
1896,01896.json,8b825be921876719937eac2b734d17096ccd33afaee356ee1d1658989840ac6b,positive_parity,1/2,1024,96,True,False,False,False,False,False,False,False,False,False,False
1897,01897.json,464a782c4678a569f0694a11964a146f1181c42310dcedcb7392be6e1ad19fb2,positive_parity,1/2,1024,97,True,False,False,False,False,False,False,False,False,False,False
1898,01898.json,37f2f87d94e072b4c58465c99ebc3cb0b6458cead660ef5a2e3a7b56e76f3107,positive_parity,1/2,1024,98,True,False,False,False,False,False,False,False,False,False,False
1899,01899.json,becf3060cc4e1a7ec6ba0c98947e05bb8a77cc9bd2671ad0b2c6ae81791a168d,positive_parity,1/2,1024,99,True,False,False,False,False,True,True,False,False,False,False
1900,01900.json,a3705a61900ae85504e4667957198f6c75fc2392d311d0a69d5224e0fc680de3,positive_parity,1/2,4096,0,True,False,False,False,False,False,False,False,False,False,False
1901,01901.json,13d2e7f106509e597e6c1413df924b887542a58cdecac4f826c73697473b4410,positive_parity,1/2,4096,1,True,False,False,False,False,False,False,False,False,False,False
1902,01902.json,ca6f439176bb1571c9a47ff9d67de003d839131221991dac8f8af4cb9c9fb22a,positive_parity,1/2,4096,2,True,False,False,False,False,False,False,False,False,False,False
1903,01903.json,c56f35557adbe58d9f5e8820dc878d9e5ceaebeeb44ad1825513e9c9c861748c,positive_parity,1/2,4096,3,True,False,False,False,False,False,False,False,False,False,False
1904,01904.json,9a23eb7fede58d21a66891e18805471367cd52c4b28308dce255f4d4cba0892e,positive_parity,1/2,4096,4,True,False,False,False,False,False,False,False,False,False,False
1905,01905.json,740fca5fe7b46b53d0c607017318b17ac171895d3c000c9422a9ca531e1e9b95,positive_parity,1/2,4096,5,True,False,False,False,False,False,False,False,False,False,False
1906,01906.json,b43c9b336808e9d77ba87f17705e957f3b6d034fff096c53fb8c7f8ee6abe2ef,positive_parity,1/2,4096,6,True,False,False,False,False,False,False,False,False,False,False
1907,01907.json,ee0974f19e13a20935dfa96c883ce5be23345f8e7e9c897d03c05238bba26f67,positive_parity,1/2,4096,7,True,False,False,False,False,False,False,False,False,False,False
1908,01908.json,9ed7cf8d8457ea02671513216f131421d745e6f62514aa56d63a29e6eade71d6,positive_parity,1/2,4096,8,True,False,False,False,False,False,False,False,False,False,False
1909,01909.json,e6f07dd659ee046e4958b78390fb28974461afb53b23a5e5fd74e8f74b29defb,positive_parity,1/2,4096,9,True,False,False,False,False,False,False,False,False,False,False
1910,01910.json,10057a9e2e91b9721832309629f9af78134459f07934a47722f55f15484799b4,positive_parity,1/2,4096,10,True,False,False,False,False,False,False,False,False,False,False
1911,01911.json,b2beebd233271fcae8142ad08dbe216c61b07b803ee10a5bb1b271f51f92f7cd,positive_parity,1/2,4096,11,True,False,False,False,False,False,False,False,False,False,False
1912,01912.json,576904204a03e55dcca8702688ee089bdfc6aaaaa7d4da4c3d061432f26cdb95,positive_parity,1/2,4096,12,True,False,False,False,False,False,False,False,False,False,False
1913,01913.json,b874738db8a148c723abc6f23f25dfc38ee609f9e4dcbd42368395c6cd4370e7,positive_parity,1/2,4096,13,True,False,False,False,False,False,False,False,False,False,False
1914,01914.json,01ce36db5805e9d878913d49e0df46ecc29199bbd190b93f49415def6c53b254,positive_parity,1/2,4096,14,True,False,False,False,False,False,False,False,False,False,False
1915,01915.json,ffea7ae5b7b7fc45773f1fce67eaf410e2eb2d123d55304d57f34d4bec525329,positive_parity,1/2,4096,15,True,False,False,False,False,False,False,False,False,False,False
1916,01916.json,75b4e9c42e9d447c6f7363edc51ba1a61cba7175de6ae5822261726a1531be52,positive_parity,1/2,4096,16,True,False,False,False,False,False,False,False,False,False,False
1917,01917.json,748cea383f33195e9d1682c91f27643d1634ab0b8816010da406b26a3dfe48ad,positive_parity,1/2,4096,17,True,False,False,False,False,False,False,False,False,False,False
1918,01918.json,ca883c93aa8cea793b02449462360141f2ff52f290d3af9d7ba52a38d07d5613,positive_parity,1/2,4096,18,True,False,False,False,False,False,False,False,False,False,False
1919,01919.json,3797a965468e8f4c9d6d5a18b3844d5eb58811aef72de93eacbdb9d6f9ed62cd,positive_parity,1/2,4096,19,True,False,False,False,False,False,False,False,False,False,False
1920,01920.json,f002422bcb59c0f300f762101920bc2e719cc67f24d2810f5748cde682a87e7e,positive_parity,1/2,4096,20,True,False,False,False,False,False,False,False,False,False,False
1921,01921.json,778e20b183b61e1cba234eeb9cf30363042650a6590a4571c06fbf4f3c4f60f7,positive_parity,1/2,4096,21,True,False,False,False,False,False,False,False,False,False,False
1922,01922.json,6b634209360c287b4cbd9caa0ed30c42fc101fb6fb5b9e57d9e23f0761283aa6,positive_parity,1/2,4096,22,True,False,False,False,False,False,False,False,False,False,False
1923,01923.json,d904308dea650623f1f9b5bc61c7d0e426f988605823d0ced159621962e1502e,positive_parity,1/2,4096,23,True,False,False,False,False,False,False,False,False,False,False
1924,01924.json,da11e6769ad89b46ea5f717e1122307d4877536c84e65e8c29539ee09fac3a8e,positive_parity,1/2,4096,24,True,False,False,False,False,False,False,False,False,False,False
1925,01925.json,01a0dfb8d972de19aa4aca55edf83a00956d90a7d024062110a3a2de0133f810,positive_parity,1/2,4096,25,True,False,False,False,False,False,False,False,False,False,False
1926,01926.json,148ae28a1518cf6b9d9b8984b05b1a7390c7e6dffc23f259a468ae93b7f87149,positive_parity,1/2,4096,26,True,False,False,False,False,False,False,False,False,False,False
1927,01927.json,c9f3b006405ef0fed5f8f051938f54db6d1f16943e1c250ba74dcef54c368fa1,positive_parity,1/2,4096,27,True,False,False,False,False,False,False,False,False,False,False
1928,01928.json,ce7ff715ab83f28c16fce6f9558c16484d304fa4a105f7cedae523f85538ee3d,positive_parity,1/2,4096,28,True,False,False,False,False,False,False,False,False,False,False
1929,01929.json,868a8fd63659c21b652296f96b7917b57fa1555adda8e4fede7110235e597c4f,positive_parity,1/2,4096,29,True,False,False,False,False,False,False,False,False,False,False
1930,01930.json,48df5526fa8c5bf9532aa9011df7d0d2857b0e5cbe94b5eb38f6179fd4c9a948,positive_parity,1/2,4096,30,True,False,False,False,False,False,False,False,False,False,False
1931,01931.json,19ac5b4c2e35d5c2e618090de0e09e19db14605a5df262bfb5fce931456a4c59,positive_parity,1/2,4096,31,True,False,False,False,False,False,False,False,False,False,False
1932,01932.json,bc68b72aa2064ff4e74cb20714329672171a52d274d16747fb7d4e905375d3ef,positive_parity,1/2,4096,32,True,False,False,False,False,False,False,False,False,False,False
1933,01933.json,aa47c362fd3477267deda0d96fe82a95df42cc85749e6ea5990263120341aea7,positive_parity,1/2,4096,33,True,False,False,False,False,False,False,False,False,False,False
1934,01934.json,1038c3955b79f6c677f6685c71ff0ffbd984a345d1b711d6d1b2e1f7e1ed4826,positive_parity,1/2,4096,34,True,False,False,False,False,False,False,False,False,False,False
1935,01935.json,c838b817800b0514b094d01923c41c9fb2fb6a22004ed4c651dc1aa4c0ecb5c4,positive_parity,1/2,4096,35,True,False,False,False,False,False,False,False,False,False,False
1936,01936.json,0a7dcb1c4405e77cbd1484d6bdbbec334b4aa82b2e5bedd719d8d6020a28c429,positive_parity,1/2,4096,36,True,False,False,False,False,False,False,False,False,False,False
1937,01937.json,03eb59c23df2b7a6c0b83839295e0af8ee36ce12363152d05a8ecd624db83351,positive_parity,1/2,4096,37,True,False,False,False,False,False,False,False,False,False,False
1938,01938.json,12b9416aadeb5781f2511fc3d133b3e1cc86518295d09ac268573b5fdb803b53,positive_parity,1/2,4096,38,True,False,False,False,False,False,False,False,False,False,False
1939,01939.json,415e5631d4e7894fe273bc64cd8571bc8988ac43fab39975caa2dd2e5a20682c,positive_parity,1/2,4096,39,True,False,False,False,False,False,False,False,False,False,False
1940,01940.json,3a483ca542244c15633225e644a1c16d9fb911ad5e4ab2f211ede108e3fb1434,positive_parity,1/2,4096,40,True,False,False,False,False,False,False,False,False,False,False
1941,01941.json,0b12d8bb0729180c232a515add734b81b3171d7a7ea1cb040b6f78a2eb183a81,positive_parity,1/2,4096,41,True,False,False,False,False,False,False,False,False,False,False
1942,01942.json,fe4384395493f1b5723f616fc5e2c8c3cea235527dd4292d5e4608b8f18eb135,positive_parity,1/2,4096,42,True,False,False,False,False,False,False,False,False,False,False
1943,01943.json,b180a5cb8db15c6f7cc3a4be09eff0e5837f87b9a47ca1a664cefe8dd674780e,positive_parity,1/2,4096,43,True,False,False,False,False,False,False,False,False,False,False
1944,01944.json,4b6bde2c9c0d533c6d3314bfa7680a282b48164d9f404c94afdbd006bb96d8c3,positive_parity,1/2,4096,44,True,False,False,False,False,False,False,False,False,False,False
1945,01945.json,dea4a726148d1150a0ef9c8653a90d2ece559477e5fc91cd0cbc06ba96dc4ecb,positive_parity,1/2,4096,45,True,False,False,False,False,False,False,False,False,False,False
1946,01946.json,4311f2d0547ca9faf41d58e16ad6bb23dc976e4b921e9534273ce12027b1e127,positive_parity,1/2,4096,46,True,False,False,False,False,False,False,False,False,False,False
1947,01947.json,2ebf437023e267ff73dc8e4630c9b86976ed0cc1caa30d136a1a54def82be349,positive_parity,1/2,4096,47,True,False,False,False,False,False,False,False,False,False,False
1948,01948.json,07a516e6e1092413e2ea3e607227496dd1e8b469944332d357237355c241f1a9,positive_parity,1/2,4096,48,True,False,False,False,False,False,False,False,False,False,False
1949,01949.json,5ec98ee3864b8b4351ca5ce4dc8c3e18d4de9e4ce3f35d9413fa1677a17858d7,positive_parity,1/2,4096,49,True,False,False,False,False,False,False,False,False,False,False
1950,01950.json,8c960eabc5cd2405630e4f2d60e394f0a31ed28b39d9cd4b2b876befea948880,positive_parity,1/2,4096,50,True,False,False,False,False,False,False,False,False,False,False
1951,01951.json,6a74b4ecd0b667d7b7c7191b8c3329761bb8671a2af6b4a6677929c7cc4f2201,positive_parity,1/2,4096,51,True,False,False,False,False,False,False,False,False,False,False
1952,01952.json,e186abf61eb3dae7f2b009339a036d29c99ac8d2199671677557b89510ec3b68,positive_parity,1/2,4096,52,True,False,False,False,False,False,False,False,False,False,False
1953,01953.json,cd789e1c942537a792ffbaa55347f23e03a00973c2106e4a615f231ae7f6cb80,positive_parity,1/2,4096,53,True,False,False,False,False,False,False,False,False,False,False
1954,01954.json,89b3bc77aaefa6b7ace9fa85c6f44b64e76197726880547c6ca91f72e3797935,positive_parity,1/2,4096,54,True,False,False,False,False,False,False,False,False,False,False
1955,01955.json,64f0789efecb6138586901b9bb4bce0f3b323e310f3a83cf50e63920c185dc5f,positive_parity,1/2,4096,55,True,False,False,False,False,False,False,False,False,False,False
1956,01956.json,851facf76a5a739803d047e4da201f7f9d7e73c63283343e7b7a17dbed7e090d,positive_parity,1/2,4096,56,True,False,False,False,False,False,False,False,False,False,False
1957,01957.json,7477520252da8056ffcf17274ff2c0b017a74f0167444f40c3e9881c102d875b,positive_parity,1/2,4096,57,True,False,False,False,False,False,False,False,False,False,False
1958,01958.json,85ccd7b9697527102bee5d5bccbaa7a5132ad930c6c0f35fbd0ff684f36501b3,positive_parity,1/2,4096,58,True,False,False,False,False,False,False,False,False,False,False
1959,01959.json,b1de3f4e534b8745724d11648407f66283182dbf5c39eeb16454d8a6bad9159c,positive_parity,1/2,4096,59,True,False,False,False,False,False,False,False,False,False,False
1960,01960.json,0b36d1c8fa9e8bb3c85f2d47422cf55336c1f5c695da8d8b740c22c11313c2dc,positive_parity,1/2,4096,60,True,False,False,False,False,False,False,False,False,False,False
1961,01961.json,95775bc91066e16ffd7a0d54bf948f71a4161a61ac081097756d47eaabc1b84f,positive_parity,1/2,4096,61,True,False,False,False,False,False,False,False,False,False,False
1962,01962.json,501b00fc42b1244a412af64e08ea614126a53bfa3a6f8eb0e8625e92225393ff,positive_parity,1/2,4096,62,True,False,False,False,False,False,False,False,False,False,False
1963,01963.json,52c201c2969bc5bafe0ba27ba7024df6f54fcbc67ec6dc969e93e3d95db718eb,positive_parity,1/2,4096,63,True,False,False,False,False,False,False,False,False,False,False
1964,01964.json,bb4be25b8f4b4be04f8f2d8a0763662fe17ca91d40a3bf86d2b7a6856c2ef742,positive_parity,1/2,4096,64,True,False,False,False,False,False,False,False,False,False,False
1965,01965.json,ce1b564e10f0730eca7be916b4b512538a4357c5a5f6c5ed2f6c3fc773ae0ee3,positive_parity,1/2,4096,65,True,False,False,False,False,False,False,False,False,False,False
1966,01966.json,4ccba38affa0cee03790e9239e2eb3b029e627da9ead99a8827b9b85f43c6f1e,positive_parity,1/2,4096,66,True,False,False,False,False,False,False,False,False,False,False
1967,01967.json,8ad66aa1a1638388ad153e627ae0a6d354634bca77c23ce9437f115adc1d03b8,positive_parity,1/2,4096,67,True,False,False,False,False,False,False,False,False,False,False
1968,01968.json,4eb7ceb8b2248e5279de22914a4f7fcc70db90e9609c5bd5c679429f3140843c,positive_parity,1/2,4096,68,True,False,False,False,False,False,False,False,False,False,False
1969,01969.json,717f71c70a66b9b829f578a173b26d451a1068fdbb094d89b082265af0db8cdc,positive_parity,1/2,4096,69,True,False,False,False,False,False,False,False,False,False,False
1970,01970.json,e54afa982adfb3fdfe89c757a9b3e6bf800eef21e83b475e73c4d1541b86b70d,positive_parity,1/2,4096,70,True,False,False,False,False,False,False,False,False,False,False
1971,01971.json,dfa320c37e6bb9029c92da872d43fd6d3a7092f5cc60190a48b82b0455c27b2f,positive_parity,1/2,4096,71,True,False,False,False,False,False,False,False,False,False,False
1972,01972.json,6f800efd156dfab79d0a13df5ed12f418d40a5f73538cbc89cdafdee288df202,positive_parity,1/2,4096,72,True,False,False,False,False,False,False,False,False,False,False
1973,01973.json,aee1803553cd785dc7b6c8a7a855be8f5e6accebac1eb7379678583539785bb9,positive_parity,1/2,4096,73,True,False,False,False,False,False,False,False,False,False,False
1974,01974.json,79124830fd8e5988b96c6499fa560833b18e1af7fc33bdfacd63cf6eeb94a7f8,positive_parity,1/2,4096,74,True,False,False,False,False,False,False,False,False,False,False
1975,01975.json,c00259e43bc24b00abdd73b633653e934555c8d14ad7f9b9a76cf4b81bef4406,positive_parity,1/2,4096,75,True,False,False,False,False,False,False,False,False,False,False
1976,01976.json,5126879460e6e59b06a98e5ebef5103a684703ac0d620679f5ac7f85930ec82a,positive_parity,1/2,4096,76,True,False,False,False,False,False,False,False,False,False,False
1977,01977.json,cdd0a0220aa1ab75eda4c6232aea78cf40b8578f2b3f6d43ba3399b87b88d6f5,positive_parity,1/2,4096,77,True,False,False,False,False,False,False,False,False,False,False
1978,01978.json,09c381e7f9d1ff8f43014bba996cc7faefcb75ea9e8d6ad4c900a84ffcd9017e,positive_parity,1/2,4096,78,True,False,False,False,False,False,False,False,False,False,False
1979,01979.json,630d8354441462fdab3e2e1812663a6b567f65cb97d5caf8b7fdcd2effd8b087,positive_parity,1/2,4096,79,True,False,False,False,False,False,False,False,False,False,False
1980,01980.json,c83f0eeb55e1e0c63695d2dfe35119d5d86af8e21a32df63d269492074520c44,positive_parity,1/2,4096,80,True,False,False,False,False,False,False,False,False,False,False
1981,01981.json,3629d1af94bb62cf3f2de86b2f8288d3e0e7075e26a12bc069aa2787e1f4090f,positive_parity,1/2,4096,81,True,False,False,False,False,False,False,False,False,False,False
1982,01982.json,38126ef48b6b6bf76651017656b4574f95f5cc7a519574374d09eb4015964c2b,positive_parity,1/2,4096,82,True,False,False,False,False,False,False,False,False,False,False
1983,01983.json,3e1762ee87ac21162935bdcde799b6d817700565081fa82feec698e290026d82,positive_parity,1/2,4096,83,True,False,False,False,False,False,False,False,False,False,False
1984,01984.json,27efd6e5733b6516a237e63957e6cc4c6bdd0e1618006e2aa42caf7d360ba76b,positive_parity,1/2,4096,84,True,False,False,False,False,False,False,False,False,False,False
1985,01985.json,79373492889bc078a17a3e0f73df92b411c6016ceef5948a7453b5bb4ff2ab34,positive_parity,1/2,4096,85,True,False,False,False,False,False,False,False,False,False,False
1986,01986.json,a93dcdbd3216e14d8bc4b3b6f4d21a3fd01af9be3d8250f6a2f7a0ec53b060ce,positive_parity,1/2,4096,86,True,False,False,False,False,False,False,False,False,False,False
1987,01987.json,84f65b1968b5a451ddb0b1bb233f8fdcb193c5e33a215c960441c3ece2dc4f8a,positive_parity,1/2,4096,87,True,False,False,False,False,False,False,False,False,False,False
1988,01988.json,821434bc62f90cbbc5d727c83c6247bcb60213dd4c106614453555916387aec2,positive_parity,1/2,4096,88,True,False,False,False,False,False,False,False,False,False,False
1989,01989.json,23065ea6577d48307ae3f8a2e5c543c404a4b380cd68aa3cc1f95d4a0e5224d4,positive_parity,1/2,4096,89,True,False,False,False,False,False,False,False,False,False,False
1990,01990.json,4f60f9119d94fa3b149fe4be498c3fa811d45724835e1faceaa6baefa6f31edb,positive_parity,1/2,4096,90,True,False,False,False,False,False,False,False,False,False,False
1991,01991.json,1e7d516381297b6f3c5fa4deb2ee4166651f8cf0d7b098ced88624c125fa9949,positive_parity,1/2,4096,91,True,False,False,False,False,False,False,False,False,False,False
1992,01992.json,e61457800a08fdb12aa560144c5b0ab714d19f519eb6abcfaf7341c89a87d38c,positive_parity,1/2,4096,92,True,False,False,False,False,False,False,False,False,False,False
1993,01993.json,437f1c863b510f8f4351eb4cdcbcd94b1454788219ab993ea5925ce7b36d8090,positive_parity,1/2,4096,93,True,False,False,False,False,False,False,False,False,False,False
1994,01994.json,1102f0871688a4a4007f60b0ab8492691321ad54547c5facd6a57c0239f25297,positive_parity,1/2,4096,94,True,False,False,False,False,False,False,False,False,False,False
1995,01995.json,76805efaaf9501ff0fbef3fe25de15ee5abfceda67f0f42cea2c108aacf86ca8,positive_parity,1/2,4096,95,True,False,False,False,False,False,False,False,False,False,False
1996,01996.json,aa87c8ca07cb45a61e5bdd9f53ffcdee2b99cb7c6acccc31a3fbbe5f6d0f9cc2,positive_parity,1/2,4096,96,True,False,False,False,False,False,False,False,False,False,False
1997,01997.json,490ce737c25a4710cab9a41cb60b644a9d4394e7472e75fa718cac9da3417059,positive_parity,1/2,4096,97,True,False,False,False,False,False,False,False,False,False,False
1998,01998.json,13f568244b3a52493e9d3ed6329e84c2d7b3589918ae7e30f0c45dbb395941f7,positive_parity,1/2,4096,98,True,False,False,False,False,False,False,False,False,False,False
1999,01999.json,15443f2da6d56b3e1a6ccae0a03820860c6f35f821f706935c1f2c4c1fe38a51,positive_parity,1/2,4096,99,True,False,False,False,False,False,False,False,False,False,False
2000,02000.json,53ba4d16c472e5f520f7a9375d54e7c6e3036800675ea4fdd3db78ca8d2c8fa0,positive_parity,1/2,8192,0,True,False,False,False,False,False,False,False,False,False,False
2001,02001.json,7ce88885df9a14c850af03fe187271a8aded46d16e244a6fdadb0f0b3f594db2,positive_parity,1/2,8192,1,True,False,False,False,False,False,False,False,False,False,False
2002,02002.json,b7a8d00669f55b4195ffda85c2fa9bc1f09086a820e3a33c89876482819d00ee,positive_parity,1/2,8192,2,True,False,False,False,False,False,False,False,False,False,False
2003,02003.json,b5fe950b88936acebd7de1c69c5e0aaee779b2181481994e821dd9c5c2777cce,positive_parity,1/2,8192,3,True,False,False,False,False,False,False,False,False,False,False
2004,02004.json,b233908a718c1dd68f18762794a1c8fb2d329dcf977d69a82731022322b2217c,positive_parity,1/2,8192,4,True,False,False,False,False,False,False,False,False,False,False
2005,02005.json,b44020a7a4b0a076a37cb5df8ce93b9ff648437c993cab15edfd6d338435243f,positive_parity,1/2,8192,5,True,False,False,False,False,True,True,False,False,False,False
2006,02006.json,19dccbe4278f949bf309c3b173ce8736668af944b01909f49c24a21adf322249,positive_parity,1/2,8192,6,True,False,False,False,False,False,False,False,False,False,False
2007,02007.json,42eb7ba786bc243692fad3d82278cccb0993b4ee8a971acfc75fce1c5ec13867,positive_parity,1/2,8192,7,True,False,False,False,False,False,False,False,False,False,False
2008,02008.json,e9a097e213ec9a92c1ae0195fcad387f930dad7e883112f1d49b5a47759d16f1,positive_parity,1/2,8192,8,True,False,False,False,False,False,False,False,False,False,False
2009,02009.json,2761b1dbd8d6454e22245b470811c5264c7d9dfce92fa9b18fd5996a820adb01,positive_parity,1/2,8192,9,True,False,False,False,False,False,False,False,False,False,False
2010,02010.json,63452d086aac6252a46c6c6fac2f7437060b493fd9ea5784b3dfa5c80cc0ea07,positive_parity,1/2,8192,10,True,False,False,False,False,False,False,False,False,False,False
2011,02011.json,21fd13fea930dddce29d959c709c07d19a2c76f6a7aac3597009c7c8a2cfe667,positive_parity,1/2,8192,11,True,False,False,False,False,False,False,False,False,False,False
2012,02012.json,85a96f05e7c7e2d20051cdbbd9d51f301dfc7272c3bde598120ef31fcf8547e5,positive_parity,1/2,8192,12,True,False,False,False,False,True,True,True,True,False,False
2013,02013.json,2986b4fc8a49442a6523c02e6a7a36a1bb3aae12b56f5bb3385699d7dbdecfec,positive_parity,1/2,8192,13,True,False,False,False,False,False,False,False,False,False,False
2014,02014.json,4a5980e0ac4d5edb8fcec047ee699fe0fd187ba90fe173caee248131dcc57030,positive_parity,1/2,8192,14,True,False,False,False,False,False,False,False,False,False,False
2015,02015.json,5768de674824d9b7377e35406127ecdd3b44b7f57fad2129b568d80e0c8d5132,positive_parity,1/2,8192,15,True,False,False,False,False,False,False,False,False,False,False
2016,02016.json,d2626166e65197958abf2e9f68a112deac55e8348f64594a8042b002d1198400,positive_parity,1/2,8192,16,True,False,False,False,False,False,False,False,False,False,False
2017,02017.json,9a2db5bca8e91a3e1b0268e955f06a7a699af67a6dbc685fcdc9b55931d5048c,positive_parity,1/2,8192,17,True,False,False,False,False,False,False,False,False,False,False
2018,02018.json,4863924e2bf08e86166f1484273e564ae2ff4fc796f241e5826e88ead9d01d0e,positive_parity,1/2,8192,18,True,False,False,False,False,False,False,False,False,False,False
2019,02019.json,eb8666ce416aa815b669b24423ec7c462dde0523a0edddcac328388ac4e4496f,positive_parity,1/2,8192,19,True,False,False,False,False,False,False,False,False,False,False
2020,02020.json,b2bc7617b8e5fc518d62442fda01616b2ec45857b4109a9785f39e8a85452b28,positive_parity,1/2,8192,20,True,False,False,False,False,False,False,False,False,False,False
2021,02021.json,c463e604676cc28c7bff245db82c5055efeb8018bd62c80f3aa35c4146277547,positive_parity,1/2,8192,21,True,False,False,False,False,False,False,False,False,False,False
2022,02022.json,13469a8b102893489cd04dd4b82193eaa219df81baa8c303923a8303373ead64,positive_parity,1/2,8192,22,True,False,False,False,False,False,False,False,False,False,False
2023,02023.json,d7875159090e66825df5374c7a1261ece66db7fe52a56f2cd9271498be960bb6,positive_parity,1/2,8192,23,True,False,False,False,False,False,False,False,False,False,False
2024,02024.json,3e88f949579197a3e913ba6163403fa96597cfd4e926b343f24e4834be35ce79,positive_parity,1/2,8192,24,True,False,False,False,False,False,False,False,False,False,False
2025,02025.json,1c53dd70bf7467eb1b1602d55bd6d3b0cd2c45103b2f3f07f23b4bcbcc40102f,positive_parity,1/2,8192,25,True,False,False,False,False,False,False,False,False,False,False
2026,02026.json,02324b351889eb02b86a99c21cdb7ed571aaef9982bc16112ddc39a8f3094a8b,positive_parity,1/2,8192,26,True,False,False,False,False,False,False,False,False,False,False
2027,02027.json,6545d5cc2d9c086d3335e11345184f0c768c3e1c564be708dbd17fec5190b311,positive_parity,1/2,8192,27,True,False,False,False,False,False,False,False,False,False,False
2028,02028.json,9e08c50ea0b70ca6cd0a26eae330f1ecf90d646fb2883f8e33c554bee5ff32e5,positive_parity,1/2,8192,28,True,False,False,False,False,False,False,False,False,False,False
2029,02029.json,53c8d27e420d44df9c763e7ec0c58276806b817a4254ad940a0117fb174930e7,positive_parity,1/2,8192,29,True,False,False,False,False,False,False,False,False,False,False
2030,02030.json,4af11afbc39156baccbe18757fe2059c65d617946d29dbad08bfc931c2b4a26c,positive_parity,1/2,8192,30,True,False,False,False,False,False,False,False,False,False,False
2031,02031.json,68a2f989baa3b991f101cfb10166629ca90da7c18425280ff5243d602a15c644,positive_parity,1/2,8192,31,True,False,False,False,False,False,False,False,False,False,False
2032,02032.json,bd0d5e9fd6750cc0a3efec9b5108f615ec3388433a934686bd6a92fa341275a5,positive_parity,1/2,8192,32,True,False,False,False,False,False,False,False,False,False,False
2033,02033.json,4737949cad027803d58709edf81b1cf02f85d8e26bd673fa2f654760d472074d,positive_parity,1/2,8192,33,True,False,False,False,False,False,False,False,False,False,False
2034,02034.json,017a86cf088fcb11592e69bacea8cb06a224574b27c214dbfe4a8940c33df3ce,positive_parity,1/2,8192,34,True,False,False,False,False,True,True,False,False,False,False
2035,02035.json,94940c129f8f145f5058122d9b721eb39876b11e64f3a44f881ca543a061b2fa,positive_parity,1/2,8192,35,True,False,False,False,False,False,False,False,False,False,False
2036,02036.json,54b93ca2b2267d86ec0f0b4e8d3c0aaeaf5deed57faaedc6d210be48434b05bb,positive_parity,1/2,8192,36,True,False,False,False,False,False,False,False,False,False,False
2037,02037.json,1f6fdbe872bd2d4dc4484b19aa94b05853f6309f9236671a7e7c4bc038de045f,positive_parity,1/2,8192,37,True,False,False,False,False,False,False,False,False,False,False
2038,02038.json,319f1b921a44440efe3d91697b7245bc9e9d60be790e09aaa52c7ffd5a99fa25,positive_parity,1/2,8192,38,True,False,False,False,False,False,False,False,False,False,False
2039,02039.json,9493e190df68701aa537539137e8f10e0b3269ff3067c9a2ffbafc7f1c5fa026,positive_parity,1/2,8192,39,True,False,False,False,False,False,False,False,False,False,False
2040,02040.json,636ebe40a6614e20b2301b1fd66a1baec6f1439474485afb671fdf122e702e11,positive_parity,1/2,8192,40,True,False,False,False,False,False,False,False,False,False,False
2041,02041.json,d1a4ccd5cd4edad53255ae5736a6ae0582c8dacf0d29d82b728c89c5f5884c67,positive_parity,1/2,8192,41,True,False,False,False,False,False,False,False,False,False,False
2042,02042.json,2e486af99ab6b264f9c0092a4320bcbb480e6eb455171b35fa3a661293d55470,positive_parity,1/2,8192,42,True,False,False,False,False,False,False,False,False,False,False
2043,02043.json,025f7885850eab1cfce60e49b5377281405609d9cae164bea1605fe15d47ba71,positive_parity,1/2,8192,43,True,False,False,False,False,False,False,False,False,False,False
2044,02044.json,34995ee43b78d4b89d6944fc0206e258e45352779c1313942337cd55c857878f,positive_parity,1/2,8192,44,True,False,False,False,False,False,False,False,False,False,False
2045,02045.json,6ab73c4b0afcfbc1a82b4c019836892fcf8e47ebb0641f4745b5e5cd91d6531f,positive_parity,1/2,8192,45,True,False,False,False,False,False,False,False,False,False,False
2046,02046.json,131079329794a72c584dcca4fce408a1f56c2d1f097f08cd9c5537123eb9072e,positive_parity,1/2,8192,46,True,False,False,False,False,False,False,False,False,False,False
2047,02047.json,2dff3be728ec56398684f0d38c8661f0f23a0386be332f8c5f73b1eb0be0ae70,positive_parity,1/2,8192,47,True,False,False,False,False,False,False,False,False,False,False
2048,02048.json,8051495fadf8bf707010bf8e58c443cab2b9b5c079145943231920aa28895626,positive_parity,1/2,8192,48,True,False,False,False,False,False,False,False,False,False,False
2049,02049.json,3b62fbd28109cd380d50bcba41bd118b945d518bcbef42a232dbbd68e38b137b,positive_parity,1/2,8192,49,True,False,False,False,False,False,False,False,False,False,False
2050,02050.json,09b11538d429e72f74cb915188fbcc1701e0bdeb3eed984eca2c6d9e8bcc72d4,positive_parity,1/2,8192,50,True,False,False,False,False,False,False,False,False,False,False
2051,02051.json,00d9fa5347b7403797631a1efd1d98ee9cd16e6d3dba00cbfb524f08ca9a1a2f,positive_parity,1/2,8192,51,True,False,False,False,False,False,False,False,False,False,False
2052,02052.json,eda21597ed67e570bb271a5318127b42b79a9944e34b98ffb42c464694636d7f,positive_parity,1/2,8192,52,True,False,False,False,False,False,False,False,False,False,False
2053,02053.json,b73cc53f6e895e9c2af8039024b437eaf57e4b0552d24472a92fb16fdec1be7e,positive_parity,1/2,8192,53,True,False,False,False,False,False,False,False,False,False,False
2054,02054.json,f7c2a88ea8b4b0c7556fcf00822c3420e9fe8316a0b35759f1718060d8eaa673,positive_parity,1/2,8192,54,True,False,False,False,False,False,False,False,False,False,False
2055,02055.json,ddb1f4a9826b6d941d3f3cfaf042e5354ebfdf6db4900db39fd45ce1a16548fd,positive_parity,1/2,8192,55,True,False,False,False,False,False,False,False,False,False,False
2056,02056.json,055b7d192bf913fc6df7b8f8dfcb51e90d535432d421af7f6cdd6c94dab1ed0a,positive_parity,1/2,8192,56,True,False,False,False,False,False,False,False,False,False,False
2057,02057.json,31cb2793754ef05fa49dd3d5ba7afe138a94351182a5392d8767d042a6030682,positive_parity,1/2,8192,57,True,False,False,False,False,False,False,False,False,False,False
2058,02058.json,72ba6e9a7b345bde2b78fc4e8b1df77317d49295ac8138b7ace0b9ff4dd2b614,positive_parity,1/2,8192,58,True,False,False,False,False,False,False,False,False,False,False
2059,02059.json,06978cd5adc2f6029f4892f620325fce22f149902d10285ca049ed8e02eaf5db,positive_parity,1/2,8192,59,True,False,False,False,False,False,False,False,False,False,False
2060,02060.json,f6283b8791ba74366cdfde63648c86c81fe16a3e1d6ec60d389382a5d021278c,positive_parity,1/2,8192,60,True,False,False,False,False,False,False,False,False,False,False
2061,02061.json,64fc5880115518f13cb9e7dd46039ae0adf969f40924b31cb1f5c53c61ee59e5,positive_parity,1/2,8192,61,True,False,False,False,False,False,False,False,False,False,False
2062,02062.json,266b78006eb7ac07f66e0974b76ae5d93b18be7a51e191a42c3a9181d2fd73ef,positive_parity,1/2,8192,62,True,False,False,False,False,True,True,True,True,False,False
2063,02063.json,c5bef5f9ae8b6204053bea5192772d40e1e906b7b77d1b3f4d67c09975eca206,positive_parity,1/2,8192,63,True,False,False,False,False,False,False,False,False,False,False
2064,02064.json,cd5f7065030c092c84c5d516262711956489689f864fcdfcb8aeff8a1e1ffb19,positive_parity,1/2,8192,64,True,False,False,False,False,False,False,False,False,False,False
2065,02065.json,542f9a17dfa9301d1df8ce687d6e2745fa9b68f975ca5b14d3f7beb1a99c22b5,positive_parity,1/2,8192,65,True,False,False,False,False,False,False,False,False,False,False
2066,02066.json,533a7cbd336aaa4769265fc9cec17b2388e6778fe4c9c9a186c92e3f72fac3a0,positive_parity,1/2,8192,66,True,False,False,False,False,False,False,False,False,False,False
2067,02067.json,de8aa12a1e679910854e07bff38a28b93546518aa43d99a3c39519ebb29fdf6a,positive_parity,1/2,8192,67,True,False,False,False,False,False,False,False,False,False,False
2068,02068.json,f87ba43a1950a8f1f29b82ea9f162a9aaf8519e624a8b8894da2599008acfc05,positive_parity,1/2,8192,68,True,False,False,False,False,False,False,False,False,False,False
2069,02069.json,ee52ef0c50bf3891b0d9ed22e0331a122a1c18b2c15c2f1cc4a1ff4509deb5dd,positive_parity,1/2,8192,69,True,False,False,False,False,False,False,False,False,False,False
2070,02070.json,ec44878aea3bc93c429cc112457ea849a01c106a807858c49693c9e6d25ea09c,positive_parity,1/2,8192,70,True,False,False,False,False,False,False,False,False,False,False
2071,02071.json,3b77b0e21c250cff9c2273c2182757796d1b6839c9466f601f61e587ecfc7c47,positive_parity,1/2,8192,71,True,False,False,False,False,False,False,False,False,False,False
2072,02072.json,e78d18ebd74060b022fcad111c3f0b815f6df4f25dafa8d02732df6890ab4f6e,positive_parity,1/2,8192,72,True,False,False,False,False,False,False,False,False,False,False
2073,02073.json,4899271d3d79e4405363ceac062b30d02ddb18fea0c9d4d4a9fe60f8f186c9f8,positive_parity,1/2,8192,73,True,False,False,False,False,False,False,False,False,False,False
2074,02074.json,f94230523a8b16ecce3bc5890b3454d955fbbc6e3609e767b6944dccc3162a8e,positive_parity,1/2,8192,74,True,False,False,False,False,False,False,False,False,False,False
2075,02075.json,c4ba7eed2ab3c5a90c4d37b4154f30f962d5cf34fe9bc11687c71dccbfd38693,positive_parity,1/2,8192,75,True,False,False,False,False,False,False,False,False,False,False
2076,02076.json,9b46eca7307852454ceda5fada98cbc7a06914ddcc318c685a121a7de6ff5f3e,positive_parity,1/2,8192,76,True,False,False,False,False,False,False,False,False,False,False
2077,02077.json,bcf7ad3a871c3fdb7eac0d1d1a9fceb044d03ce18489092485b9c79d1644a961,positive_parity,1/2,8192,77,True,False,False,False,False,False,False,False,False,False,False
2078,02078.json,7ab2c35868e005a339531f6ed2265bc27e066c1c7878fa50f639719971166dec,positive_parity,1/2,8192,78,True,False,False,False,False,False,False,False,False,False,False
2079,02079.json,c0ac6158ebc50351ab0bc9aa3df0ccee4c2c46c47f00a725ade877e25a3d9fca,positive_parity,1/2,8192,79,True,False,False,False,False,False,False,False,False,False,False
2080,02080.json,61af158f64b6b0f12e141ed0540219b2314cb91d83cba56165e0bd8ccf6b3d93,positive_parity,1/2,8192,80,True,False,False,False,False,False,False,False,False,False,False
2081,02081.json,83d61e6617963c8a0a2c1453f6e49d79114528bec3bcd47a36f42d68cb2a8071,positive_parity,1/2,8192,81,True,False,False,False,False,False,False,False,False,False,False
2082,02082.json,b54a22d9336c44e90725ff0214a31a000b164e00fc7b9912219fc8b3ccbefbaf,positive_parity,1/2,8192,82,True,False,False,False,False,False,False,False,False,False,False
2083,02083.json,c8e434c24826f98734176ff8f83d60f2e94616a8818c71204578effc74ae232c,positive_parity,1/2,8192,83,True,False,False,False,False,False,False,False,False,False,False
2084,02084.json,0977433de95936da9ca054269cd7be165c570a9d12ebf8888987568413699fc4,positive_parity,1/2,8192,84,True,False,False,False,False,False,False,False,False,False,False
2085,02085.json,ca7ebb80ab1af64a8960243a40496977e93f4e2a6597cf057842fc86fb92f7ad,positive_parity,1/2,8192,85,True,False,False,False,False,False,False,False,False,False,False
2086,02086.json,200c4be11a32b07acf7b2739d442988b00a14818f69a97a350c79afadf42c4af,positive_parity,1/2,8192,86,True,False,False,False,False,False,False,False,False,False,False
2087,02087.json,f4a4f74390dfacf2312a4b016779e052c1efb2f837549b9c04be46c446f90db4,positive_parity,1/2,8192,87,True,False,False,False,False,False,False,False,False,False,False
2088,02088.json,e9797835421e0c2954ca945da002923c577fcbf68ce01a614880f45d5a6d4fa4,positive_parity,1/2,8192,88,True,False,False,False,False,False,False,False,False,False,False
2089,02089.json,c38297bee5fdb6e9b1bd5764a7a9a0c459d24f0c73bec4fcff6ddacaa7597287,positive_parity,1/2,8192,89,True,False,False,False,False,False,False,False,False,False,False
2090,02090.json,ec603bbc0469ea027b5b1f9ee5f5d95eeccf027ffeb675933996e58af35084d9,positive_parity,1/2,8192,90,True,False,False,False,False,False,False,False,False,False,False
2091,02091.json,a9d9ba54266b53468a11081f31fe8105ef4a99962fb4c951a0626e3660af405f,positive_parity,1/2,8192,91,True,False,False,False,False,False,False,False,False,False,False
2092,02092.json,c6696a29345373001871670e3058cf41b90aa44952b82147eb1173dd4094dfac,positive_parity,1/2,8192,92,True,False,False,False,False,False,False,False,False,False,False
2093,02093.json,445ad3c13e229719bd58b070cf54ee9419a56b7a7ac068fa23144f735a1dfeda,positive_parity,1/2,8192,93,True,False,False,False,False,False,False,False,False,False,False
2094,02094.json,0039c911582055d50f3201a601e88b3ef6441eef1280a4115be823e6185f7c3d,positive_parity,1/2,8192,94,True,False,False,False,False,False,False,False,False,False,False
2095,02095.json,a04df44afb96594fb2f0a9bc810f6a5b2f45625c2574b949e1935707b59a0b11,positive_parity,1/2,8192,95,True,False,False,False,False,False,False,False,False,False,False
2096,02096.json,1db512827fea9b00a93f336c7edca81a29883e55e18d142fadd5f24d73808ec2,positive_parity,1/2,8192,96,True,False,False,False,False,False,False,False,False,False,False
2097,02097.json,4166be35dff7431224bc1bbe28414a5d3b148c7f3d04787b892e4caa1c89986c,positive_parity,1/2,8192,97,True,False,False,False,False,True,True,False,False,False,False
2098,02098.json,cf6274f0598604790c6a40b459a4ccde2bca707199d28d08fb4a4307381ac380,positive_parity,1/2,8192,98,True,False,False,False,False,False,False,False,False,False,False
2099,02099.json,6679ed200b6386d08e14b9a650c54b747af115a86d94b77addc1a3ba6054cce6,positive_parity,1/2,8192,99,True,False,False,False,False,False,False,False,False,False,False
2100,02100.json,f0ac5cfa41afbffdc29a9fbb21383ed9727835ed83936379000c81480445e923,positive_parity,11/20,64,0,False,False,False,False,False,False,False,False,False,False,False
2101,02101.json,fa411f0ab28b56f9761f17a8d14066bfbcbc6ff0d7e47f5c14a608ed16f17849,positive_parity,11/20,64,1,False,False,False,False,False,True,True,False,False,False,False
2102,02102.json,97884d2356e068647fe0edc6585f06cd146c16f3727c1b26ebea48e6f645f518,positive_parity,11/20,64,2,False,False,False,False,False,False,False,False,False,False,False
2103,02103.json,df19e503498a973057c24417bfbf20fc8246363a9ab12d2e2030e7982938407b,positive_parity,11/20,64,3,False,False,False,False,False,False,False,False,False,False,False
2104,02104.json,2116f2d6785b68971aa6bf910528e95f7a738a1ab56f19d335270cd023983fff,positive_parity,11/20,64,4,False,False,False,False,False,False,False,False,False,False,False
2105,02105.json,932f70e9e69ca5d5114e52c45df9747021ff8b447a722e6d32ec9ccad5e6184d,positive_parity,11/20,64,5,False,False,False,False,False,False,False,False,False,False,False
2106,02106.json,148ba977301694d61eb38315bdadf9d145bc1b72533d24fba2eb6ead3f7031a4,positive_parity,11/20,64,6,False,False,False,False,False,False,False,False,False,False,False
2107,02107.json,f9487165405a1412d2c038b85a8edd6f8a3bb4a4994272f65d2efc407dac1df0,positive_parity,11/20,64,7,False,False,False,False,False,False,False,False,False,False,False
2108,02108.json,2e19b46f16b34394c5e0a254486260c2e4d23e220e5a40ed6201a04f76d2821b,positive_parity,11/20,64,8,False,False,False,False,False,False,False,False,False,False,False
2109,02109.json,f2fd5c24c23ed670ee2a566030eca379c870979c0148f79a01cd376419a02627,positive_parity,11/20,64,9,False,False,False,False,False,False,False,False,False,False,False
2110,02110.json,de00e6b174512879d6d710482e67b4ceb55dcf65ed7cc922e787a130008cc45c,positive_parity,11/20,64,10,False,False,False,False,False,True,True,False,False,False,False
2111,02111.json,4bb47156858d8f14ea6f71ab5ad9a2a5cd43058d45d3c2ff4b3db82bfe263947,positive_parity,11/20,64,11,False,False,False,False,False,False,False,False,False,False,False
2112,02112.json,f38cc929a163a96fe011b30e14e0152494618ff8b25c11c7cdaa79bb51a5bda8,positive_parity,11/20,64,12,False,False,False,False,False,False,False,False,False,False,False
2113,02113.json,354352007a69083a677abd1d167b14f2ae25f33026bf5e51f331bc08ca4df305,positive_parity,11/20,64,13,False,False,False,False,False,False,False,False,False,False,False
2114,02114.json,4d4635acf9da29ec987e92d2b59e82e81b25f2cd3accbd55a9bffe3b09ae643e,positive_parity,11/20,64,14,False,False,False,False,False,False,False,False,False,False,False
2115,02115.json,f95299a682616efcd3ef241ce5800c2026aad076ba92ef1902801f54436bf3bc,positive_parity,11/20,64,15,False,False,False,False,False,False,False,False,False,False,False
2116,02116.json,1edc6df8af467d5d3fe0bce9de08e152b4037e39e22d1753e8fab9cefe4a5506,positive_parity,11/20,64,16,False,False,False,False,False,False,False,False,False,False,False
2117,02117.json,f7aaa9ef29b2ea6a9321e0211300c7f121344e64a829ab864197548e4a8cbb3d,positive_parity,11/20,64,17,False,False,False,False,False,False,False,False,False,False,False
2118,02118.json,ae1498d6cf5ae3ba3315df802b302fb981b991ed9f12069f957fd863d1fe3c69,positive_parity,11/20,64,18,False,False,False,False,False,False,False,False,False,False,False
2119,02119.json,b9ae3824f38d9a167f36804e4aa2b0eb6ee5129b1dd55b7a9acebae5a930117c,positive_parity,11/20,64,19,False,False,False,False,False,False,False,False,False,False,False
2120,02120.json,3177081d6d9e98139b6af98ecdcc07b993995eabd7b05e3d2c454860aac579ce,positive_parity,11/20,64,20,False,False,False,False,False,True,True,False,False,False,False
2121,02121.json,693f35a69ef0fa2a402a02e46f31fb6047bab1cadca226b9215ac2961e146cec,positive_parity,11/20,64,21,False,False,False,False,False,True,True,False,False,False,False
2122,02122.json,e49e4fe63cd9a8c7bb541a395b105c06d11919def7863cc5115699a2327cc556,positive_parity,11/20,64,22,False,False,False,False,False,True,True,False,False,False,False
2123,02123.json,5717be20da31928289417201f65cd46112fd8a0f4c19cf55339a5ebcd4301aab,positive_parity,11/20,64,23,False,False,False,False,False,False,False,False,False,False,False
2124,02124.json,20811589d765705d1625bfa2aafc1f012ea280a6558273fc0b4f524f1444be6f,positive_parity,11/20,64,24,False,False,False,False,False,False,False,False,False,False,False
2125,02125.json,85a37435b8b9c09239e0fbbe8d747b2ac268c714b36f45f69de8e579d1b5dc67,positive_parity,11/20,64,25,False,False,False,False,False,False,False,False,False,False,False
2126,02126.json,3fedcf568f8423233e1497eae30dafa92588f0d9af7b4177cd82b1a944ec8f0a,positive_parity,11/20,64,26,False,False,False,False,False,True,True,False,False,False,False
2127,02127.json,ea6b34070aa50ba5cfb06206924b878518f08a60110027848a75540846ad641d,positive_parity,11/20,64,27,False,False,False,False,False,False,False,True,True,False,False
2128,02128.json,2061ad05f096bc064cc5013a71ed651e2afe6c74e4341883c7e6da47b9ad395d,positive_parity,11/20,64,28,False,False,False,False,False,False,False,True,True,False,False
2129,02129.json,72709cf0cd48cd592305f566a085080fec3c5e93615715f58aeba77e34333a2a,positive_parity,11/20,64,29,False,False,False,False,False,False,False,False,False,False,False
2130,02130.json,0f33beab26da57ee91456410a60173a8c877c6438c0cc4e5dfbfe6d9eb2177d2,positive_parity,11/20,64,30,False,False,False,False,False,False,False,False,False,False,False
2131,02131.json,e939b4431e911b105c7c42cd441faf8eba64986c558189797e6623aa14f3953e,positive_parity,11/20,64,31,False,False,False,False,False,False,False,False,False,False,False
2132,02132.json,da71926f35f256184bbaedec6f8713773c9fd003096e83527f343c328c390b03,positive_parity,11/20,64,32,False,False,False,False,False,False,False,False,False,False,False
2133,02133.json,382e85f6f94cb835d3419f9c10430bc0d43500d889f2c7e2ce927b959a6e4890,positive_parity,11/20,64,33,False,False,False,False,False,False,False,False,False,False,False
2134,02134.json,6399c9e8e89bdf973629587e19176f5e02a390cc988e32614026b398ccbc4a32,positive_parity,11/20,64,34,False,False,False,False,False,True,True,True,True,False,False
2135,02135.json,34c9782d06a9a90594826bebc01f2032713b81c0456f394423208f1a2ed2bed1,positive_parity,11/20,64,35,False,False,False,False,False,True,True,False,False,False,False
2136,02136.json,2791b57ffffb1c1d17d5ecd2bcc3bada0b37e1cd52aab98fd18212e703239ddd,positive_parity,11/20,64,36,False,False,False,False,False,True,True,True,True,False,False
2137,02137.json,e6fed1f205bf4a6bd829f9e024a2ef1fbcb47954730e75fca84f63fcffa67baf,positive_parity,11/20,64,37,False,False,False,False,False,False,False,False,False,False,False
2138,02138.json,27f10fd83046732f837f1a995f04c9c7dc7450dfd7316519ec769ab428d0cf2e,positive_parity,11/20,64,38,False,False,False,False,False,False,False,False,False,False,False
2139,02139.json,1c8d7c996a5b768dda8b0e01177a8f94cc4281c8a04caf1267bb90a464f1a839,positive_parity,11/20,64,39,False,False,False,False,False,False,False,False,False,False,False
2140,02140.json,8a207cf25f8a3846f8effaf2a9a12ab84d58cb36176fe74f8f13ea99eac28d13,positive_parity,11/20,64,40,False,False,False,False,False,False,False,False,False,False,False
2141,02141.json,c7534582228e386cb65fdf417176633b9ada95935748dc434bf083f22ab0465b,positive_parity,11/20,64,41,False,False,False,False,False,False,False,False,False,False,False
2142,02142.json,a7a8131c6d923fa77c74689b828fe11a5b6d88b3224d840db09ca35d823a6f56,positive_parity,11/20,64,42,False,False,False,False,False,False,False,False,False,False,False
2143,02143.json,cd68de9bf280260bd7fc4c286eeb39616d83d52543f8312025833d3a4de16533,positive_parity,11/20,64,43,False,False,False,False,False,False,False,False,False,False,False
2144,02144.json,4c76995e98234e29f1dfab0ab9074038fde9c6b279ed62d143155b8a033f356b,positive_parity,11/20,64,44,False,False,False,False,False,False,False,False,False,False,False
2145,02145.json,0478c10d7148cb2685f6eb986ac33947d969a06c117195ca2b4e4dc08aad8e19,positive_parity,11/20,64,45,False,False,False,False,False,False,False,False,False,False,False
2146,02146.json,d7edbabe52a8dd776867d7656cd558394905f0fc66132c4ac853d76e5554aaba,positive_parity,11/20,64,46,False,False,False,False,False,False,False,False,False,False,False
2147,02147.json,9c8527b72503f29496fa6c1458b355d6b0d6e0d1abd8681f8f241a9469511d9c,positive_parity,11/20,64,47,False,False,False,False,False,False,False,False,False,False,False
2148,02148.json,bd201e96ec4f13a1e96842afedd1fcd1580a3e29f53a0de75ebd1c55a8f8bd28,positive_parity,11/20,64,48,False,False,False,False,False,False,False,False,False,False,False
2149,02149.json,68f400db860bc2726d54f5af62b0a3dcdb647576776e707860288967a7c08184,positive_parity,11/20,64,49,False,False,False,False,False,False,False,False,False,False,False
2150,02150.json,cd49f34a4a4c128c6eaa365c6e180c2d1b9fbb007fd0bd655675d87c531dab1e,positive_parity,11/20,64,50,False,False,False,False,False,False,False,False,False,False,False
2151,02151.json,c3b3cc90878ef4c5f6edf7a45e50019dcef25f47b2f7505a3b3be932b07153df,positive_parity,11/20,64,51,False,False,False,False,False,False,False,False,False,False,False
2152,02152.json,d8de2cb15b0736bfd4f88a4a81cc8f0940bf742bebb608b351482aec75329978,positive_parity,11/20,64,52,False,False,False,False,False,False,False,False,False,False,False
2153,02153.json,5a0c8fc61e6f3a3e4f63cbb170acc4dcf91000f8bcd50274bdb4bdc2c0073f0b,positive_parity,11/20,64,53,False,False,False,False,False,False,False,False,False,False,False
2154,02154.json,2b028ad2e05f3c6441a38dd8f1d712ee53a1862b1c959532d29d9815ad18e0b4,positive_parity,11/20,64,54,False,False,False,False,False,False,False,False,False,False,False
2155,02155.json,eabff0e65d1d3a14a93fa2d943583bc1695d2219de1001913ae1867c1a89c5bc,positive_parity,11/20,64,55,False,False,False,False,False,False,False,False,False,False,False
2156,02156.json,d68747694866b9bde22d0b73872bbc4828e829c6dfbf277638d463ac809d16bc,positive_parity,11/20,64,56,False,False,False,False,False,False,False,False,False,False,False
2157,02157.json,37a97eb97324500a3e09cc7a7c109c1dc0df6b018b6e02556aa2e0c2eaf82ff4,positive_parity,11/20,64,57,False,False,False,False,False,True,True,False,False,False,False
2158,02158.json,0f5d04eab5a4b22578ac0b3c041d6f8ef3c39ed7cf0c5ea012e7225f90ec74c9,positive_parity,11/20,64,58,False,False,False,False,False,False,False,False,False,False,False
2159,02159.json,577795680ca6994fdfc3f44e8739550c84b0d974348a757fd845fd8d8acc3ec8,positive_parity,11/20,64,59,False,False,False,False,False,True,True,True,True,False,False
2160,02160.json,1d1a8af0c79940700622ab940cd0bc42ead2d42a6621a5787e332a5202a82be5,positive_parity,11/20,64,60,False,False,False,False,False,False,False,False,False,False,False
2161,02161.json,01371c68ddeeffa2cf5e1ea539c30cad3ed6b6cdf6b515d89701bf68805001ad,positive_parity,11/20,64,61,False,False,False,False,False,False,False,False,False,False,False
2162,02162.json,451ea81a6f87dd54bf3b843727741355bb989f66c783081e7a579d82584324bf,positive_parity,11/20,64,62,False,False,False,False,False,False,False,False,False,False,False
2163,02163.json,f3d6e5bbea4c2046e44ab6e828a572f180ba447aecde1cff875b991e790907e4,positive_parity,11/20,64,63,False,False,False,False,False,False,False,False,False,False,False
2164,02164.json,6c0efe503909f5db47995031696cce205d28beff103347cdc18c4b3607f0f9a6,positive_parity,11/20,64,64,False,False,False,False,False,True,True,False,False,False,False
2165,02165.json,a5ae989fe359781830423cbd0f513d0c83be2574481e1071ca7056107373bbff,positive_parity,11/20,64,65,False,False,False,False,False,False,False,False,False,False,False
2166,02166.json,06485ca40fbdbcee98eedcab4720e1817cd040c3f9014ab75ef10cc9437f049e,positive_parity,11/20,64,66,False,False,False,False,False,False,False,False,False,False,False
2167,02167.json,df7a273541554426041d31f6dcf343caa7ba72162a9fc50bd6a54ff911453bec,positive_parity,11/20,64,67,False,False,False,False,False,False,False,False,False,False,False
2168,02168.json,8e4d5f948a6a707a31056406d353974281a78b86e063d14427ec8fdac4a32d81,positive_parity,11/20,64,68,False,False,False,False,False,False,False,False,False,False,False
2169,02169.json,d41cf92a2dc2dde311b60a26db17ae84b61b792ff2be19e036e558b7d500c2e6,positive_parity,11/20,64,69,False,False,False,False,False,True,True,False,False,False,False
2170,02170.json,40eea38ead0166c5b2462ed5b1b29dcfdd4d767ef0f443fb5d35501873d3fa04,positive_parity,11/20,64,70,False,False,False,False,False,False,False,False,False,False,False
2171,02171.json,d0fb7ae15d9b6bef0d8f066f58c3a7aa90b8f2df39f877e386815106ac5c243d,positive_parity,11/20,64,71,False,False,False,False,False,False,False,False,False,False,False
2172,02172.json,8d13119a931ce10d971faeaf2b2904fc47d68d74b498545aea2da7517139a171,positive_parity,11/20,64,72,False,False,False,False,False,False,False,False,False,False,False
2173,02173.json,0bba6074a0e93a91435a6fa6f79254523b2324158c9ad8de8b0be72e4fdb3d07,positive_parity,11/20,64,73,False,False,False,False,False,False,False,False,False,False,False
2174,02174.json,9eb8d5c895b4d623aa74c7c8154d084d03e81d442147657aa26978b5463ec430,positive_parity,11/20,64,74,False,False,False,False,False,False,False,False,False,False,False
2175,02175.json,545478c7a2da021b9eea51d853b69392f7aa8f67a1557320daee7ebaa53f11bd,positive_parity,11/20,64,75,False,False,False,False,False,False,False,False,False,False,False
2176,02176.json,87b0e32cfcc3ca60ebcd1536f1e77e25b905784fc930d5eb4748723c9cd7c5be,positive_parity,11/20,64,76,False,False,False,False,False,True,True,False,False,False,False
2177,02177.json,892cc2b8fa89a9fda801e43c8ae68bed2b9f75610d4c00058f08dcf079859eac,positive_parity,11/20,64,77,False,False,False,False,False,False,False,False,False,False,False
2178,02178.json,3aef34542e6bf67d701765bc417d24ef37fc1d7d3c2dd5041456eeb6841f2fa0,positive_parity,11/20,64,78,False,False,False,False,False,True,True,False,False,False,False
2179,02179.json,4752a7a44cd423a46e68910db5247e87fed1c1db7a4a6a5bfbf609703b5b2ec0,positive_parity,11/20,64,79,False,False,False,False,False,False,False,False,False,False,False
2180,02180.json,c839cddc0682aef254c8d5bd8f4201723ba8d18cfcbe69cf20087f5102fdc263,positive_parity,11/20,64,80,False,False,False,False,False,False,False,False,False,False,False
2181,02181.json,419fcaaae83188d28c7efa1b45f0ca084e91155cb62474a0429a219b3b45b068,positive_parity,11/20,64,81,False,False,False,False,False,False,False,False,False,False,False
2182,02182.json,5379d985e9d6b62a041f7c8df9adbdf1619b8cd28888ffb583db49c0c7202db0,positive_parity,11/20,64,82,False,False,False,False,False,False,False,False,False,False,False
2183,02183.json,8b7d8e5a6aca9c9f9857ba47244ca2554fa0e4b6dedc81255386f32b979f10cf,positive_parity,11/20,64,83,False,False,False,False,False,False,False,False,False,False,False
2184,02184.json,5d05f33f19133de1e034a660c24ed55382cab92e20a4260deb1a6d8c4d9d64a9,positive_parity,11/20,64,84,False,False,False,False,False,True,True,False,False,False,False
2185,02185.json,e1dc69bf1b1e6ca628f5f895960b268eda300ad802b79c3bdd90025b007c0bad,positive_parity,11/20,64,85,False,False,False,False,False,False,False,False,False,False,False
2186,02186.json,60df89f537a2a9040229557a13995ba059908d29ce7e6e5797041b0a3bcae540,positive_parity,11/20,64,86,False,False,False,False,False,False,False,False,False,False,False
2187,02187.json,9f1976a4b3599277b78cbdfa9b8e002bef15d8b6b6198d152cc3932f7a9ebc9e,positive_parity,11/20,64,87,False,False,False,False,False,True,True,False,False,False,False
2188,02188.json,c4dca2a84ffaad608f1c23ffbdc2a7cb517b661d4d69bd8b2aefa6d32239dd13,positive_parity,11/20,64,88,False,False,False,False,False,False,False,False,False,False,False
2189,02189.json,c78ceab60aa606000643bd99e812fc6daa04d85e17e812012e5f884224cde40b,positive_parity,11/20,64,89,False,False,False,False,False,False,False,False,False,False,False
2190,02190.json,56216be9ebb6a1667916f9e42321c3613899a683ac5d7214ce557fe1563df60d,positive_parity,11/20,64,90,False,False,False,False,False,False,False,False,False,False,False
2191,02191.json,78d3b3db003999cb5a904cb726db2a7e4af5bb42a7de16921f05d833c15fd80c,positive_parity,11/20,64,91,False,False,False,False,False,False,False,False,False,False,False
2192,02192.json,0993bc09dee431fc7021333b9f982e6914a6509b134ed66c9a585e06a12cb32e,positive_parity,11/20,64,92,False,False,False,False,False,False,False,False,False,False,False
2193,02193.json,20d1891b47e36647213ed5e840b86d5978af05ba9120306d6a96cc1d8d62549a,positive_parity,11/20,64,93,False,False,False,False,False,False,False,False,False,False,False
2194,02194.json,12731afc7392795ecda28a18e8918a322a3b5b8607433832a1979e57a2c53ded,positive_parity,11/20,64,94,False,False,False,False,False,False,False,True,True,False,False
2195,02195.json,b9994627cfa2540c266e4347a08a2fc98815fde0fcf8384d284ca288a3825b09,positive_parity,11/20,64,95,False,False,False,False,False,True,True,True,True,False,False
2196,02196.json,c4d0ff113328dab6d60d7c16fb3a4228f0bddedd9c03a471b027c0857c6d9055,positive_parity,11/20,64,96,False,False,False,False,False,False,False,False,False,False,False
2197,02197.json,dccc545bca212be521f93f4c66138a03b0d07daaaae409eb97525ddecea40040,positive_parity,11/20,64,97,False,False,False,False,False,False,False,False,False,False,False
2198,02198.json,e21dc3df7e2ab494e19f8c71afab05a85981e835b1af3770acbe127d4656c1e0,positive_parity,11/20,64,98,False,False,False,False,False,False,False,False,False,False,False
2199,02199.json,751ddc78dea36632675d5f54b7710775b76175b0bdc976d6b139ff3b5aea911a,positive_parity,11/20,64,99,False,False,False,False,False,False,False,False,False,False,False
2200,02200.json,620034f4b6d2241e98768561b379083cc3e97b0b2888c5c944d9ab573fc3bd3d,positive_parity,11/20,128,0,False,False,False,False,False,False,False,False,False,False,False
2201,02201.json,e0d42a9a6c8f0c76c6e9fac60ee8151be3bfeaf98a6474d1e281c6ad8a3de5a2,positive_parity,11/20,128,1,False,False,False,False,False,False,False,False,False,False,False
2202,02202.json,9fa3660ba4b58e916513fe0d344775c728650dc1ab7c7e119e137725d5a44b6c,positive_parity,11/20,128,2,False,False,False,False,False,True,True,False,False,False,False
2203,02203.json,b9e985ee593f87d0afdf20c4c8a25855f476ea98abcb3ff5be19b317f620fa58,positive_parity,11/20,128,3,False,False,False,False,False,False,False,False,False,False,False
2204,02204.json,bc8b5eded5cac01afc661a724402a7b928abf037a68ba863bf592a6382cd3ad8,positive_parity,11/20,128,4,False,False,False,False,False,False,False,False,False,False,False
2205,02205.json,ae7300ebe72acbe719363068d6930d0a94402873ee4c07fb8e97665c4a86bb54,positive_parity,11/20,128,5,False,False,False,False,False,False,False,False,False,False,False
2206,02206.json,53da704b0e148ef887aace50c04e393bf1e8644e83e4bcb18288f8f0ff6c14e2,positive_parity,11/20,128,6,False,False,False,False,False,False,False,False,False,False,False
2207,02207.json,e2af9314ba40dc7fdb97f3d795ef901e47208d76aa8f8ea5bd5a746bd89a729b,positive_parity,11/20,128,7,False,False,False,False,False,True,True,False,False,False,False
2208,02208.json,0e0bfaa40bd72073cdab47b3f5cb856afc3ace691e15bdc9504b1df2537b844e,positive_parity,11/20,128,8,False,False,False,False,False,False,False,False,False,False,False
2209,02209.json,418a805647038d80a89a6819ae71d4d869aaa8e385cd1530cae7cb61941c0ad5,positive_parity,11/20,128,9,False,False,False,False,False,True,True,False,False,False,False
2210,02210.json,bfbddb68a1095fed04d216d86d26d0181196dabbdda0904bb4ffc9081ede8dfb,positive_parity,11/20,128,10,False,False,False,False,False,False,False,False,False,False,False
2211,02211.json,10d6beb706b9becaba4e9d3f9f1366addfa0eaf59692ab73dde131424a797f38,positive_parity,11/20,128,11,False,False,False,False,False,False,False,False,False,False,False
2212,02212.json,23d33c1e585a00bea631bf55df3e279c24f31209f224aacf027d9027b9833840,positive_parity,11/20,128,12,False,False,False,False,False,True,True,False,False,False,False
2213,02213.json,b48b34b88618e69d23c14f6ac33a43832edebd0bb59b3cc138de91a34244681b,positive_parity,11/20,128,13,False,False,False,False,False,True,True,False,False,False,False
2214,02214.json,a545843032a35d6e19b7a6754527d3eacd9df63e622333bdeb45447a3d12ebb2,positive_parity,11/20,128,14,False,False,False,False,False,False,False,False,False,False,False
2215,02215.json,31e5724e020560f925e111cd8d50ae77fbb7c05ac5580153aa499f2225d1fbb2,positive_parity,11/20,128,15,False,False,False,False,False,True,True,True,True,False,False
2216,02216.json,a42429f7aa17e7b376f740bd7c6cf9daeeeb8dccf931135a5e012623f0a954b6,positive_parity,11/20,128,16,False,False,False,False,False,True,True,True,True,False,False
2217,02217.json,d35fbff0667439b2d95b4d9e75a142b066d61772d5004456e8f0a8ce1066e888,positive_parity,11/20,128,17,False,False,False,False,False,False,False,False,False,False,False
2218,02218.json,2a09f670f526711787c13313f4a004cf054df7595ea02dafd629c081ac9f32cb,positive_parity,11/20,128,18,False,False,False,False,False,False,False,False,False,False,False
2219,02219.json,521c0398742a1b757f242ea8cbeec9c88d83071d7c31f32d62970deb5f9f8361,positive_parity,11/20,128,19,False,False,False,False,False,True,True,False,False,False,False
2220,02220.json,76ca3ac9919068ea61798dd5f2994fc5404eb40c3cc27c22a3adfd6b810deda0,positive_parity,11/20,128,20,False,False,False,False,False,True,True,True,True,False,False
2221,02221.json,5ad695aedce4b3c9b8acd2a245f04e8c3c8b8d07ab9ee6146281ec5847109b0d,positive_parity,11/20,128,21,False,False,False,False,False,False,False,False,False,False,False
2222,02222.json,0b1e8570eaee956daf3bc8dad6910f0939db023c3076b4d3ff43e9390a7fc6e8,positive_parity,11/20,128,22,False,False,False,False,False,True,True,True,True,False,False
2223,02223.json,d06b1008604e36c9831db94e033d9204b64bbb6b447afde1b51f6f5bd2c8b9ec,positive_parity,11/20,128,23,False,False,False,False,False,False,False,False,False,False,False
2224,02224.json,bd0b5d9d8c90a35cc544ef11760f09055a2a93d6be1b6433201a2e5a3d62248f,positive_parity,11/20,128,24,False,False,False,False,False,True,True,False,False,False,False
2225,02225.json,e83fd5f7f11b1161dfb2d1dca08d8a6aa3ae380230603d5be4b80afa6f912986,positive_parity,11/20,128,25,False,False,False,False,False,False,False,False,False,False,False
2226,02226.json,e966f45a92ffe75358d690142b4db476c47ce9f0bd5144738dcb388c2573fd20,positive_parity,11/20,128,26,False,False,False,False,False,True,True,False,False,False,False
2227,02227.json,1886e76e7272ec4bbb15113c6c8a8cce31687e196c0f6517357d1575954f1e7b,positive_parity,11/20,128,27,False,False,False,False,False,False,False,False,False,False,False
2228,02228.json,46304dbf126b03acb1cb62cd0a07f5112f0a77aba6f2fe98fb8cf799e1f5ceaa,positive_parity,11/20,128,28,False,False,False,False,False,True,True,True,True,False,False
2229,02229.json,614f45de7a7d2847365cc6ccffe342b84c29c7c0272ed8a77e554d224aff5bf7,positive_parity,11/20,128,29,False,False,False,False,False,True,True,False,False,False,False
2230,02230.json,0eb974e1918bba5a40a44b642900fbefb3cfb6dfeb807e924021405415183077,positive_parity,11/20,128,30,False,False,False,False,False,False,False,False,False,False,False
2231,02231.json,c3cfb6f99d65c056b9da9a3f3e77e212dbe228f9ab1578c066c03b9eca9c8e05,positive_parity,11/20,128,31,False,False,False,False,False,True,True,False,False,False,False
2232,02232.json,c5a72b0e59902436344585336b14c108ec4671783b32488f0ab89f2329e7d949,positive_parity,11/20,128,32,False,False,False,False,False,False,False,False,False,False,False
2233,02233.json,1a3fd22fd0d76dcd092952333506eede32acf17adfc100bf381b54a35910bf49,positive_parity,11/20,128,33,False,False,False,False,False,False,False,False,False,False,False
2234,02234.json,cc26a3aae00afdb9efa6e5400d944ef271f74a974d5e15a45d4c2d069020c2c7,positive_parity,11/20,128,34,False,False,False,False,False,True,True,False,False,False,False
2235,02235.json,5caa5401d099a03042d5e34f4e2149c837e9730541999c315e66f09fda4dd74e,positive_parity,11/20,128,35,False,False,False,False,False,False,False,False,False,False,False
2236,02236.json,e051d86c3a1ba0e87765ce2026dc586a5e6f6496e09936125ae8c4133c26aeab,positive_parity,11/20,128,36,False,False,False,False,False,False,False,False,False,False,False
2237,02237.json,46f4a93ce97f83515fd23211797eb480e740dba6804f1bc618148bbee40894b0,positive_parity,11/20,128,37,False,False,False,False,False,True,True,False,False,False,False
2238,02238.json,8724cd80bf607ba5880954b6c2ec8dbdfc3e4e1832a138a4c8c2139d0f2589ce,positive_parity,11/20,128,38,False,False,False,False,False,False,False,False,False,False,False
2239,02239.json,bf17db84e2ed159a4c83927c428f098e468ace2a489477163d16280d69aad5b1,positive_parity,11/20,128,39,False,False,False,False,False,True,True,True,True,False,False
2240,02240.json,bd4585ae3619295ef90bbd5869276934b4d73331820118e32a68f6c81388b06c,positive_parity,11/20,128,40,False,False,False,False,False,True,True,False,False,False,False
2241,02241.json,a7326f4bebc353f75ae2a1d3e0e9aa35e042f57fadb1f06ed41d08771e479b2d,positive_parity,11/20,128,41,False,False,False,False,False,True,True,False,False,False,False
2242,02242.json,ce650b6aae3ff5f46d209b27ac3415f2cde26c560a70f295cc84cd257aaa1ac2,positive_parity,11/20,128,42,False,False,False,False,False,False,False,False,False,False,False
2243,02243.json,e0360c286a844bc7251d21edd83fd61a5d6427650ca52a1c40baa94d03e52bb0,positive_parity,11/20,128,43,False,False,False,False,False,False,False,False,False,False,False
2244,02244.json,e2b9711ffa4310a27edba2439ac956c76a80bfe5247474d7923e94050cd0b928,positive_parity,11/20,128,44,False,False,False,False,False,False,False,False,False,False,False
2245,02245.json,c612baba731269d32be4d993b8f073a7d45bff58484fe9c2b457b9c124454830,positive_parity,11/20,128,45,False,False,False,False,False,False,False,False,False,False,False
2246,02246.json,a618b399afd7134b80a15ec4487be179e509f8063cf4ef6375996690a1029cf8,positive_parity,11/20,128,46,False,False,False,False,False,True,True,True,True,False,False
2247,02247.json,cee9386e3fd28e8a2bb08a522f23634df73d9da81a4f995268af93da0d28209f,positive_parity,11/20,128,47,False,False,False,False,False,False,False,False,False,False,False
2248,02248.json,8fdc9ab30d3ac68285695ca074e68251dfda578d91fc1434deda65e4f274fe00,positive_parity,11/20,128,48,False,False,False,False,False,True,True,False,False,False,False
2249,02249.json,2b40ced9835f19f243e365b2ab4436675a87b0f1e41acb0826a49e9654ec80f9,positive_parity,11/20,128,49,False,False,False,False,False,True,True,False,False,False,False
2250,02250.json,2d77565b880dc00fb60b5153fc908eb81843dfedb0530b0a4b2e4f559a158444,positive_parity,11/20,128,50,False,False,False,False,False,False,False,False,False,False,False
2251,02251.json,425765e590577de731cb46f0f741f24a5c8b6680226ec604d33ead533b1ca659,positive_parity,11/20,128,51,False,False,False,False,False,False,False,False,False,False,False
2252,02252.json,40f911141de590a5b16d3daa07a19e032dc022145d2329fb5bf99bfa4cac0703,positive_parity,11/20,128,52,False,False,False,False,False,True,True,True,True,False,False
2253,02253.json,1affb7d98f24794fc8a5a32d29b6820a4dbcdf2e263a4d7abd8e2dfd9add3d7e,positive_parity,11/20,128,53,False,False,False,False,False,False,False,False,False,False,False
2254,02254.json,0efc9e1b6f63e092c4e05c9b1ae1ef7e39d5dcb5c96775c97b3201c6ddf71c94,positive_parity,11/20,128,54,False,False,False,False,False,False,False,False,False,False,False
2255,02255.json,25f03fd919405e7d91a2398a74e3be54aed275a69a4a533ab98c97c49b61337e,positive_parity,11/20,128,55,False,False,False,False,False,False,False,False,False,False,False
2256,02256.json,ad741e05bbf0ef9e4aa60243f458454034570b245b4a17575f36635ba4ba0f6a,positive_parity,11/20,128,56,False,False,False,False,False,True,True,True,True,False,False
2257,02257.json,41b8ab6558e01f1d53ca75ca2683b0b6851483283e27b6f9428f97056c3981f5,positive_parity,11/20,128,57,False,False,False,False,False,True,True,False,False,False,False
2258,02258.json,5627bf1499d9a0f7ff1ffd9425698c9e94c3ed900434196dc6d96b4330247292,positive_parity,11/20,128,58,False,False,False,False,False,False,False,False,False,False,False
2259,02259.json,6e7803c3f8ec542cb8917823c5f1a2de5dba0e851a435974bc578a282c5bfd6d,positive_parity,11/20,128,59,False,False,False,False,False,True,True,False,False,False,False
2260,02260.json,e950dc230e8597ddda61c73d1350a20dfb0c5bc6dcb6abb21be8ff623a58e736,positive_parity,11/20,128,60,False,False,False,False,False,False,False,False,False,False,False
2261,02261.json,2ac5c28354c5b045264d0a5cb35157c370e638c4e708dc718eb5aa31e13ae1e0,positive_parity,11/20,128,61,False,False,False,False,False,False,False,False,False,False,False
2262,02262.json,3f744d514f41042d3b5864f0108bfdf360751623beff9126a1b16580821c7348,positive_parity,11/20,128,62,False,False,False,False,False,False,False,False,False,False,False
2263,02263.json,52c4c6c256dffecfac97b386ba89d3a4a47b950286ce0381b4eabe103e9069d2,positive_parity,11/20,128,63,False,False,False,False,False,False,False,False,False,False,False
2264,02264.json,a6919d964ab26a1a022bc08230bf87bdbef271c56f7830a5acb2e2f478cd558c,positive_parity,11/20,128,64,False,False,False,False,False,False,False,True,True,False,False
2265,02265.json,85d3006ce544c6b6a870205fe12029662be849bac2f8671ef81d17632d14aaf2,positive_parity,11/20,128,65,False,False,False,False,False,False,False,False,False,False,False
2266,02266.json,0671087540c7a83a90aa2548348b46519e9a6c43dcf8ddb0ae771e78317ad9b2,positive_parity,11/20,128,66,False,False,False,False,False,True,True,False,False,False,False
2267,02267.json,e5418bb97b0d3ef30712f8bb0c32fe9bcc8e92e3f99f400b1d4e1ef9c0ad41e6,positive_parity,11/20,128,67,False,False,False,False,False,False,False,False,False,False,False
2268,02268.json,346c255d2abf5f1d9af0366dcb8311adbfbb5506330f7bbbaa0a6e55dee500c6,positive_parity,11/20,128,68,False,False,False,False,False,True,True,True,True,False,False
2269,02269.json,d305c7ae88d0a5bfb47edd2c9e6f1e1458d72d3c401eef5d7f488b77ccaf88af,positive_parity,11/20,128,69,False,False,False,False,False,True,True,True,True,False,False
2270,02270.json,134e2abf8e533bd3fca0417b0d491b54eb7dc530732dac6ec157dc82bf8a4370,positive_parity,11/20,128,70,False,False,False,False,False,False,False,False,False,False,False
2271,02271.json,5cdbd274addf7ab7d194ed73558b6343722feb6510c6e1c4d2fdf7fb88ab18a4,positive_parity,11/20,128,71,False,False,False,False,False,True,True,False,False,False,False
2272,02272.json,8e240b98ce734daae353ee2bab5f1521d99bb4b8dc22da194c5ec5ba005ad7b8,positive_parity,11/20,128,72,False,False,False,False,False,True,True,False,False,False,False
2273,02273.json,10740169d20cac4ed1dd75456c5b54f83793c7bb9d7fcc0ad08da87a68844aba,positive_parity,11/20,128,73,False,False,False,False,False,False,False,False,False,False,False
2274,02274.json,2629a8f2d40e1b023d8e61e0d1a623753a3f7c3438d07cdfe8a39fa095547d35,positive_parity,11/20,128,74,False,False,False,False,False,False,False,False,False,False,False
2275,02275.json,83a448e34d689b845cec2bd895969baab1eeb1d1ae95d4777ac90e9ed4614a79,positive_parity,11/20,128,75,False,False,False,False,False,True,True,False,False,False,False
2276,02276.json,b0e1405db8dbc8dcac3b9ef0729e8cccae0c85a026309a8227205b9a6a5b7581,positive_parity,11/20,128,76,False,False,False,False,False,False,False,False,False,False,False
2277,02277.json,d1a29f9497d9ea30f7061baef98cd444ef0caa0913651f8d57f6087031ded005,positive_parity,11/20,128,77,False,False,False,False,False,False,False,False,False,False,False
2278,02278.json,17f6e05290f9e34141fece3afa05ed16182cb8f5d0304b3f1efb1cfd1b97882d,positive_parity,11/20,128,78,False,False,False,False,False,False,False,False,False,False,False
2279,02279.json,61c41f549d852aadf41d32d2b8aa7c7c5a5a6aae77dab6d9707ba9c98344aa11,positive_parity,11/20,128,79,False,False,False,False,False,True,True,False,False,False,False
2280,02280.json,0b372321d8315974ce460e89d4b590d6f019b5aca76fbe1f0f35b77ca1bc5ed7,positive_parity,11/20,128,80,False,False,False,False,False,False,False,False,False,False,False
2281,02281.json,a4f75cadba3b94aee03cf55de13275c04bc0217d59e215a3b12d054e48ad17c0,positive_parity,11/20,128,81,False,False,False,False,False,True,True,False,False,False,False
2282,02282.json,d0c0213571fd8b3d80506c104bd58a8c2c5b23bb0b8d5e7be770d9578b9470e7,positive_parity,11/20,128,82,False,False,False,False,False,True,True,False,False,False,False
2283,02283.json,44ab27397b2d2dfc642eb6b5b74f74b977e5584d44fd2e38bb674ea0da33e3e4,positive_parity,11/20,128,83,False,False,False,False,False,False,False,False,False,False,False
2284,02284.json,246c79e4b5c17d262447870fea916202725b88f7c1968cf9d3ca7a71c4219a43,positive_parity,11/20,128,84,False,False,False,False,False,True,True,True,True,False,False
2285,02285.json,c54d67b92bd9c603ec2806d6a7a82ac212d1d9301d4beabf0379b76f887a2a4f,positive_parity,11/20,128,85,False,False,False,False,False,True,True,True,True,False,False
2286,02286.json,c50ba1143f6afeace22636fd2501f7a20759182fa23b1f3f17fcb5fbd7bdbb66,positive_parity,11/20,128,86,False,False,False,False,False,False,False,False,False,False,False
2287,02287.json,074998e13f679dd8d5a9dd0b399edded0bebbe2dd95e00459df1057fb44bae5d,positive_parity,11/20,128,87,False,False,False,False,False,False,False,False,False,False,False
2288,02288.json,9eecb6fc1f5b865676d38e350c9b427fb82d48e64f8bbc82baa3a45bb310de08,positive_parity,11/20,128,88,False,False,False,False,False,False,False,False,False,False,False
2289,02289.json,98608af93cd36eca1b38fa848c81c9358d494f341b58a05740da03ac53d2c531,positive_parity,11/20,128,89,False,False,False,False,False,False,False,False,False,False,False
2290,02290.json,af9a0124b0f299fcf12bc9fd1373eb620e1009ac7038e55a0dfbbaa1e0dc1901,positive_parity,11/20,128,90,False,False,False,False,False,False,False,False,False,False,False
2291,02291.json,50dae7fa8418665b2f72f6c9a1b7f44c656718e729af1ae181b5bfc206da93e5,positive_parity,11/20,128,91,False,False,False,False,False,True,True,True,True,False,False
2292,02292.json,77d21e43e2735dfde20bd3c56a90ceb824e8a26b6e8f8a55423cdafd3694a8b1,positive_parity,11/20,128,92,False,False,False,False,False,True,True,False,False,False,False
2293,02293.json,cf06f8c85d828a0e410a73c63428546aed5f18cb4a9ff76e33fda5573764afda,positive_parity,11/20,128,93,False,False,False,False,False,False,False,False,False,False,False
2294,02294.json,30801cfb030034fa1b027b2b21a7e0e90d506ed69ec7b96611db4842cd6907d6,positive_parity,11/20,128,94,False,False,False,False,False,True,True,False,False,False,False
2295,02295.json,57d32cec502ca0134636d446c2cf633380e4a357f8723f85c0b577eeff2122c6,positive_parity,11/20,128,95,False,False,False,False,False,False,False,False,False,False,False
2296,02296.json,f56959fd6140d3b30e988a018f23234fd433d3fc956ba5343ee9ce176152ba05,positive_parity,11/20,128,96,False,False,False,False,False,False,False,False,False,False,False
2297,02297.json,d9de6551d40638749ad8dd93294910419b3c2324566fa0328b279b16fe6642b4,positive_parity,11/20,128,97,False,False,False,False,False,True,True,False,False,False,False
2298,02298.json,17abf63787595c4a769badc1d31ca6c659588de7f7f72fc712c81d46617cefa1,positive_parity,11/20,128,98,False,False,False,False,False,True,True,True,True,False,False
2299,02299.json,9878ee93b028b5960d46b48cb58dc4e202eb8923cc0908a5751411a463fb88d1,positive_parity,11/20,128,99,False,False,False,False,False,False,False,False,False,False,False
2300,02300.json,79caa095ad179e171a2b5a37e76414d0151d6af13d676c214f8514c5ac519506,positive_parity,11/20,256,0,False,False,False,False,False,True,True,True,True,False,False
2301,02301.json,595cdd763fb35a73f517b416dc2f7d6ea84ec87a928f1e7b90d3cf1d6ba54152,positive_parity,11/20,256,1,False,False,False,False,False,False,False,False,False,False,False
2302,02302.json,1f3834bd53a6dd44bbf463fa8f7ae4bc25170652f0dc3c7d5f2f976aed2b1a16,positive_parity,11/20,256,2,False,False,False,False,False,True,True,True,True,False,False
2303,02303.json,36f53821a4099c90712076a6f6c94c6121b303a0d1a40d26d053d027751aee8f,positive_parity,11/20,256,3,False,False,False,False,False,True,True,True,True,False,False
2304,02304.json,bee70cc73ea2ce3d04bbdac1a3e4126aec9527886a6dbc5a1077fa98551e2711,positive_parity,11/20,256,4,False,False,False,False,False,True,True,False,False,False,False
2305,02305.json,4fb79f058a862686072847b84801d61bebdeda757bb7f6e82506388d8906bcea,positive_parity,11/20,256,5,False,False,False,False,False,True,True,False,False,False,False
2306,02306.json,a5b1e9d9ec326174bea9525dbbbd331a597fcfbdcc666c8e34587136dc98f8f0,positive_parity,11/20,256,6,False,False,False,False,False,False,False,False,False,False,False
2307,02307.json,d79d1be88ff1e8b70a0aac0e0b22b6a7efd455ba9e606c20ece2150cb98e5c23,positive_parity,11/20,256,7,False,False,False,False,False,True,True,False,False,False,False
2308,02308.json,f08a59c846f98ec376bb75d9a87a020451c5fd1233e082e3c18e105fe91dffa4,positive_parity,11/20,256,8,False,False,False,False,False,True,True,True,True,False,False
2309,02309.json,c55f722af8ec73b629e188e81248ced2681a71814dd1212cdd86515c475e3a39,positive_parity,11/20,256,9,False,False,False,False,False,True,True,False,False,False,False
2310,02310.json,40eac5cdf7265cde799eb76bbdd0da196ef4376c161aa541c1828e683e49776b,positive_parity,11/20,256,10,False,False,False,False,False,True,True,True,True,False,False
2311,02311.json,2c44b239d2b6cf0ac6340b1186c1bdaf2b17498038b313c321a4c78159426cbe,positive_parity,11/20,256,11,False,False,False,False,False,True,True,True,True,False,False
2312,02312.json,ba350882b2b78d9c0c850d07c01eaf841dc91eda4c808a218dfe97bd77a811fc,positive_parity,11/20,256,12,False,False,False,False,False,False,False,False,False,False,False
2313,02313.json,f59a057d05a818769a6e53ba536891a3cf8a9a361053edd348d48adad8670886,positive_parity,11/20,256,13,False,False,False,False,False,True,True,True,True,False,False
2314,02314.json,d4b700215848e1e0dd40c9f68a987fdf868bdaa41d103bb9216b870ed41a0ad3,positive_parity,11/20,256,14,False,False,False,False,False,True,True,True,True,False,False
2315,02315.json,106a01cce2711e2ef8ba7c12eed4c7fafdf108a2cd096e59a7132d482f36ab8c,positive_parity,11/20,256,15,False,False,False,False,False,False,False,False,False,False,False
2316,02316.json,817fc0767973de7152ba900e8cbc27dc5b5380fd4bef786c1a5a4da558cc2f5b,positive_parity,11/20,256,16,False,False,False,False,False,True,True,False,False,False,False
2317,02317.json,6d640c57420019f2cfdfe1cd260ab8450153ea4e07f5fefae2b752a630f6ad83,positive_parity,11/20,256,17,False,False,False,False,False,True,True,False,False,False,False
2318,02318.json,c4c88d26df51e43e2952779092dd9677cabedb53cd896cc584eac4d13ec7a623,positive_parity,11/20,256,18,False,False,False,False,False,True,True,False,False,False,False
2319,02319.json,46a8d3a7fde6c6df28516fd85f6335d2ab882b29e6456a10d56aac5745d3ecee,positive_parity,11/20,256,19,False,False,False,False,False,False,False,False,False,False,False
2320,02320.json,b5b294993de7b8a8a25e72c82c8172935a512ace9255d93ab275c6bc9628948c,positive_parity,11/20,256,20,False,False,False,False,False,True,True,False,False,False,False
2321,02321.json,96dfb436b231b866a61d2f84f7722070efb2768e6f2e5cd73d6108f9fc9bb610,positive_parity,11/20,256,21,False,False,False,False,False,True,True,True,True,False,False
2322,02322.json,f8694f403a10afe4b7c2d5693ef0841eb69a3e0cea759c553a7090cbb536daf3,positive_parity,11/20,256,22,False,False,False,False,False,True,True,True,True,False,False
2323,02323.json,66ca522fd0525d74434f779c2a3881ebcf7b813b15a62b64985da88886cb5c21,positive_parity,11/20,256,23,False,False,False,False,False,True,True,True,True,False,False
2324,02324.json,f4890b5b9e271aa20ae552eb27735d2d64b58d0878f07d7bbc248f178e6c9814,positive_parity,11/20,256,24,False,False,False,False,False,True,True,True,True,False,False
2325,02325.json,72558bebbfab21d4dde03b5f8a22693861bf84faafed20a28a5e6c86815d5153,positive_parity,11/20,256,25,False,False,False,False,False,True,True,False,False,False,False
2326,02326.json,00230dc3307b71cc9e742e9be6d89b914c01ec4a530af3b5ec51490ea190e505,positive_parity,11/20,256,26,False,False,False,False,False,False,False,False,False,False,False
2327,02327.json,2bb4fa5e84f8f3cd90cd10171940987962529b32cdb17dcd4650d50192a5b6b3,positive_parity,11/20,256,27,False,False,False,False,False,False,False,False,False,False,False
2328,02328.json,a8cb33865c11ea9c3a201c0a5f598923e8c3f3e80322b33700179865517db9c5,positive_parity,11/20,256,28,False,False,False,False,False,True,True,False,False,False,False
2329,02329.json,bd78ed844c31a0a9e85dd8c5561f8ee51ed1cba90813ae607de74ff8070e38af,positive_parity,11/20,256,29,False,False,False,False,False,False,False,False,False,False,False
2330,02330.json,ab04ee96de2e49003ce8853f723cf5a7d3721ae90877ede64fa7a12da2596eeb,positive_parity,11/20,256,30,False,False,False,False,False,False,False,False,False,False,False
2331,02331.json,5f621af555b2ad7a76ed9b841babd59a78a329821794a6303a78de1c387c7505,positive_parity,11/20,256,31,False,False,False,False,False,True,True,True,True,False,False
2332,02332.json,92cb774c67640257aa8e833fc4719d9cf71a4b66d9fff55c1970b857e921717b,positive_parity,11/20,256,32,False,False,False,False,False,False,False,False,False,False,False
2333,02333.json,d6bcc53d6294531ec3c859324989a4e66c87548f58e57680fc5f727bfef162c4,positive_parity,11/20,256,33,False,False,False,False,False,False,False,False,False,False,False
2334,02334.json,d1be277662990b8904473ea2f70ba23685d02f9e1cb84fc51b19315afe63b6f1,positive_parity,11/20,256,34,False,False,False,False,False,True,True,False,False,False,False
2335,02335.json,45434512bca52310c46b55da8c120d3130690273eca3163b623a18f90c1b4da0,positive_parity,11/20,256,35,False,False,False,False,False,False,False,False,False,False,False
2336,02336.json,e73562557d10f6cbd9f8354d28464382416409495b5ae76f589962358793cd1c,positive_parity,11/20,256,36,False,False,False,False,False,False,False,False,False,False,False
2337,02337.json,e48ca8084e86e4a38acd713bec3f578e41b11f37c1bafeef10a28b0450f2af9b,positive_parity,11/20,256,37,False,False,False,False,False,True,True,True,True,False,False
2338,02338.json,7cfc9d00479909437894eddba53022b5ef1d6bbb971dbc7a9e8b656c019ea213,positive_parity,11/20,256,38,False,False,False,False,False,True,True,False,False,False,False
2339,02339.json,6f2befe545f180d9579e706881923e4aa27c70a73c7dcd98a9612484aa58e331,positive_parity,11/20,256,39,False,False,False,False,False,True,True,False,False,False,False
2340,02340.json,93321826b36fd82b6a41c766312a4803f5af23cce029b90b4843a5913469bcc4,positive_parity,11/20,256,40,False,False,False,False,False,False,False,False,False,False,False
2341,02341.json,12628be6a90e7fb83085348fca76725332019483e2a36c5cc77dcc936213db1e,positive_parity,11/20,256,41,False,False,False,False,False,True,True,False,False,False,False
2342,02342.json,cd4e4ed9a3cbe1c4754cc15f97c3451d8573e3fa9f83b3fcbeab011fca49929f,positive_parity,11/20,256,42,False,False,False,False,False,False,False,False,False,False,False
2343,02343.json,ed202ab4ec71f74254f1b3f8909ede7e3dff1a0d24ac591c71cb57261c1a047c,positive_parity,11/20,256,43,False,False,False,False,False,True,True,True,True,False,False
2344,02344.json,92cc3d0941d4ec657f743da54232b4a2ab6148228af143aa1b5f8611069f913e,positive_parity,11/20,256,44,False,False,False,False,False,True,True,True,True,False,False
2345,02345.json,7db957d59578fbc1f3618ef8e9edbc43aa19ed798bb6836263644bcad51b335e,positive_parity,11/20,256,45,False,False,False,False,False,False,False,False,False,False,False
2346,02346.json,4d13547df0eb99fd8e87183744c9bab9de153aa38618c97985dd64b6e1e4531d,positive_parity,11/20,256,46,False,False,False,False,False,False,False,False,False,False,False
2347,02347.json,c7302b4f095a0daeb454a480a43e857de68b254ce7382c0783b452beef640c4e,positive_parity,11/20,256,47,False,False,False,False,False,True,True,True,True,False,False
2348,02348.json,5fd5cdceecf5b97aa1276481188096321e1784fadb7e2c67bf037800e72eb54e,positive_parity,11/20,256,48,False,False,False,False,False,True,True,False,False,False,False
2349,02349.json,d765700dc28cf83f5e9a5a90ada250afc39759cb31df43694c7579a5c1aa6fa5,positive_parity,11/20,256,49,False,False,False,False,False,False,False,False,False,False,False
2350,02350.json,a12d5cc581cab5c8e19ce2548eadb58f48f3a50e529c680883d62397c3afc601,positive_parity,11/20,256,50,False,False,False,False,False,True,True,True,True,False,False
2351,02351.json,dcf4dbab0532640b8ba4bb39c4ac0ea71c54c8114a7cb3ae3f9a65bd2f5a5c82,positive_parity,11/20,256,51,False,False,False,False,False,True,True,True,True,False,False
2352,02352.json,2bed4d8bcc564001caf19f2d47c1e8c1921e7321db911d5c974431e02a3742cc,positive_parity,11/20,256,52,False,False,False,False,False,False,False,False,False,False,False
2353,02353.json,dc09009b983d762be2a674b920584e257021cd0bc7f3fe91048ea975c83ecd64,positive_parity,11/20,256,53,False,False,False,False,False,False,False,False,False,False,False
2354,02354.json,c02910defde0a20433e09ded997b0fe5442c20217e2b3f27d54935809541c12b,positive_parity,11/20,256,54,False,False,False,False,False,True,True,True,True,False,False
2355,02355.json,fa722c037e03a52f6672dddb5f484e54b0344c29704f6cf93f60ec521087209b,positive_parity,11/20,256,55,False,False,False,False,False,True,True,False,False,False,False
2356,02356.json,1bb69c5102eed1afd4ff4d3b90d049fd37e884625b54cfb0c23a7f92f720fa88,positive_parity,11/20,256,56,False,False,False,False,False,False,False,False,False,False,False
2357,02357.json,1c7511a1d0a57a902a2de4f87aa49987e9dd4ea8d1b5182cacede08f12e99d3c,positive_parity,11/20,256,57,False,False,False,False,False,False,False,False,False,False,False
2358,02358.json,fa9363821432af30044608e432e3b2912b88ad1c6fae9a62f4af26612b33d43e,positive_parity,11/20,256,58,False,False,False,False,False,False,False,False,False,False,False
2359,02359.json,47af683897ad3843d8109df59caa88c2aee4c958a73d5fbea473ab25ccc9b753,positive_parity,11/20,256,59,False,False,False,False,False,False,False,False,False,False,False
2360,02360.json,7645c04e5fcde7d71e86710f096ac7ba4029b68a343c87673f747aa1b493fc0f,positive_parity,11/20,256,60,False,False,False,False,False,True,True,False,False,False,False
2361,02361.json,903e38d8d9e9eceaa0513da3722bfa8f7ca577b889a4d37bcfac54e64c55be34,positive_parity,11/20,256,61,False,False,False,False,False,False,False,False,False,False,False
2362,02362.json,a57441b7ee04e35c9c88a9b6826c4fefb68077585ab829c52c90ec76a00cacac,positive_parity,11/20,256,62,False,False,False,False,False,False,False,False,False,False,False
2363,02363.json,082b4ff391bba6279a8e475c46b292c681244c32c30a8dacdce1c069a3353b7f,positive_parity,11/20,256,63,False,False,False,False,False,True,True,False,False,False,False
2364,02364.json,e1734f0c176c3e258477daf7975ad0db1e980324049987d94ebbd4e73fdb2e0b,positive_parity,11/20,256,64,False,False,False,False,False,False,False,False,False,False,False
2365,02365.json,9424096336fca7bd05486e1aa1df853f856555abca00b98c80145e8c4f246acf,positive_parity,11/20,256,65,False,False,False,False,False,True,True,False,False,False,False
2366,02366.json,32b9305f154f48637f1cb9d724f55d6d5fced19e29b1ed02f8a2ce37ee687a44,positive_parity,11/20,256,66,False,False,False,False,False,True,True,True,True,False,False
2367,02367.json,7bcc226710443c08fcf982d17a1bdeacd5d84b5b7d4ac6031daee796288d7558,positive_parity,11/20,256,67,False,False,False,False,False,True,True,False,False,False,False
2368,02368.json,e8f6e9a0e24de5a480e496d2cb8bca07c62de9c612723dbfce9a055ffa547381,positive_parity,11/20,256,68,False,False,False,False,False,True,True,False,False,False,False
2369,02369.json,f9d8e64f08c5663a0ca536ea0f814ae8d09928b7d9b8f8649d1b49b229b96090,positive_parity,11/20,256,69,False,False,False,False,False,True,True,False,False,False,False
2370,02370.json,e708d7d5079feb34f5a839ce8d3ca7f19e812f66bbf9049df8b8b51f92fdca16,positive_parity,11/20,256,70,False,False,False,False,False,False,False,False,False,False,False
2371,02371.json,b0f265efd5c22e54edafd4cef8e179c4e783d9280caed020ae63317b6b01ef39,positive_parity,11/20,256,71,False,False,False,False,False,False,False,False,False,False,False
2372,02372.json,3fccb275cbf3fdc2274c2e7b310ae0be547c47fb2dea6af62f3795daf5a43069,positive_parity,11/20,256,72,False,False,False,False,False,True,True,False,False,False,False
2373,02373.json,e8a68bebb75a2fa45221d54cdc7108b411816933a5eb8f3e31c899e88fa8019a,positive_parity,11/20,256,73,False,False,False,False,False,False,False,False,False,False,False
2374,02374.json,ed509b16967fce3fb696172989e924ec63c3bda9d448711eb81703815557b4c7,positive_parity,11/20,256,74,False,False,False,False,False,True,True,True,True,False,False
2375,02375.json,fb51e4d36f8526bbd15b27b35bda1ba3aa41ccc5babbc7a87bb3b86896ab238e,positive_parity,11/20,256,75,False,False,False,False,False,False,False,False,False,False,False
2376,02376.json,147ea7d6a91c6fec118aca420f5266a096547a27e90971287f3cbdab5778f0eb,positive_parity,11/20,256,76,False,False,False,False,False,True,True,False,False,False,False
2377,02377.json,2498b6c20dc6bdb5ec25478c0c7f01c663eed7fd1aaff0166780dd48ec88ab73,positive_parity,11/20,256,77,False,False,False,False,False,True,True,False,False,False,False
2378,02378.json,aef188b505adb22195cea639861ec7f5825e04b0c48477d80583eb7d90d30f15,positive_parity,11/20,256,78,False,False,False,False,False,False,False,False,False,False,False
2379,02379.json,811bedeae03023730d2479db7e73e3c9d808125ecf56443360ded67af0ebdfd2,positive_parity,11/20,256,79,False,False,False,False,False,True,True,False,False,False,False
2380,02380.json,f996524dc43fc41461004bff5d52bd1c09253a4292fa68c15128ef47383c16c8,positive_parity,11/20,256,80,False,False,False,False,False,True,True,True,True,False,False
2381,02381.json,17afca071f8e0726c9660795bc705bcdbedda1563d835f20d56220ad7d54a38a,positive_parity,11/20,256,81,False,False,False,False,False,True,True,False,False,False,False
2382,02382.json,7d6a40cc2510fad71c780020d8e7d344a7c08ce88d0ad9937b1bba3bedb7f3f3,positive_parity,11/20,256,82,False,False,False,False,False,True,True,False,False,False,False
2383,02383.json,627f27add8e72ad60367a50b8b0c341722929690afcd7a0e3a35ea1ab34768d2,positive_parity,11/20,256,83,False,False,False,False,False,True,True,False,False,False,False
2384,02384.json,f9b788433dc881e5d17701591a4265488571f78b9b632181f8e50e0306289ff0,positive_parity,11/20,256,84,False,False,False,False,False,True,True,True,True,False,False
2385,02385.json,87e5ced82b63153d99c0220da97a59115bd0587e7996f0ec70154684fea78f14,positive_parity,11/20,256,85,False,False,False,False,False,True,True,False,False,False,False
2386,02386.json,6ae0e82c53bc9a993ec6089061b8c9d38771f4f3766ea80761a30ef380745725,positive_parity,11/20,256,86,False,False,False,False,False,True,True,True,True,False,False
2387,02387.json,26212944ab48f1434895decaaa45edccec403d499b603f48a45aaa595dc4271f,positive_parity,11/20,256,87,False,False,False,False,False,True,True,False,False,False,False
2388,02388.json,d0bd30ae6088ec3df87433cb0532f1372c7cbac09b5f1b118081ee14878c0d52,positive_parity,11/20,256,88,False,False,False,False,False,False,False,False,False,False,False
2389,02389.json,0e8d3121a1c9514f70728edab17fb7d82beba244cee536d9e25fcd896fda38aa,positive_parity,11/20,256,89,False,False,False,False,False,True,True,True,True,False,False
2390,02390.json,e026c6d783f858286b8da569d02ff0d1c380ac1185441ce130e448b711cc9b5d,positive_parity,11/20,256,90,False,False,False,False,False,False,False,False,False,False,False
2391,02391.json,7b371fa63b2abf756cd9b193d5b2098830886054eb1aa6649a216a0f8b8e4689,positive_parity,11/20,256,91,False,False,False,False,False,False,False,False,False,False,False
2392,02392.json,49a1afb884e3ee851416c15034e3b9dbc3174e107edfb281115814add0ea2939,positive_parity,11/20,256,92,False,False,False,False,False,False,False,False,False,False,False
2393,02393.json,eb37488e9c615ee43d302166277156e82a46731b3f343e0bb9da91b488ed7ccf,positive_parity,11/20,256,93,False,False,False,False,False,False,False,False,False,False,False
2394,02394.json,094390536fccf753d31eab4ca7e2407dded8d2ece42194d5644cb49510aeddde,positive_parity,11/20,256,94,False,False,False,False,False,True,True,False,False,False,False
2395,02395.json,44cba22a6c1d5b8b6dfd4396e3589768be5704c5533e21c6d09e820afbc390e6,positive_parity,11/20,256,95,False,False,False,False,False,True,True,True,True,False,False
2396,02396.json,945ff9bc557fb6a27279a8914d96bd194dd3fac1aaa7dcb5f22471b7753ee4d4,positive_parity,11/20,256,96,False,False,False,False,False,True,True,True,True,False,False
2397,02397.json,42439770b4b6a53b5b1fc673b05f81b7fb3a1f83bcaa75e259b9efc98a9f6f37,positive_parity,11/20,256,97,False,False,False,False,False,True,True,False,False,False,False
2398,02398.json,4e6b5a5e9fc675f90006ef59b3130d4b29941edb3f7363d48a09780744c531ed,positive_parity,11/20,256,98,False,False,False,False,False,False,False,False,False,False,False
2399,02399.json,819c7675fad420b6f449b76d0ee70113841fc2b896bd1097eca7fec720728644,positive_parity,11/20,256,99,False,False,False,False,False,False,False,True,True,False,False
2400,02400.json,2d6ec8f69908b23b35ee378b0816df31307c83fdc16fdfd99efdab32cadca300,positive_parity,11/20,512,0,False,False,False,False,False,True,True,False,False,False,False
2401,02401.json,16136ac384a885387c2c85ff4aa7a552490e08628d4928f0f2329718c0bb622f,positive_parity,11/20,512,1,False,False,False,False,False,True,True,True,True,False,False
2402,02402.json,eff5355849333164d0db47b4b9c3617511c898ef8ce01a0428c4c19b267bce47,positive_parity,11/20,512,2,False,False,False,False,False,True,True,False,False,False,False
2403,02403.json,75a3b7ac0455052084bd3cd6f7ae5afc742ca29ba71c1aa0e227579428bcd7d7,positive_parity,11/20,512,3,False,False,False,False,False,True,True,True,True,False,False
2404,02404.json,1da8b7060547594a21bbadbd5f7a4002fa4a3021b33d620fffdb573ffd361212,positive_parity,11/20,512,4,False,False,False,False,False,True,True,False,False,False,False
2405,02405.json,d369ef300ffbef9827db5345d9bfe4fd9b8ded5f085825e82bf2088201436ff6,positive_parity,11/20,512,5,False,False,False,False,False,True,True,False,False,False,False
2406,02406.json,7ae72025c07a3c016fe582ba3624f378d5a0a4ee8a4e8abfe1340e77ea59076c,positive_parity,11/20,512,6,False,False,False,False,False,True,True,True,True,False,False
2407,02407.json,0f3da1a2ee56a1302e6d95128e5496b390cd6980fa583246bb9564b126ca7d56,positive_parity,11/20,512,7,False,False,False,False,False,True,True,True,True,False,False
2408,02408.json,1ee379797f16adb808fe6bc403c39111329878610f5ca68fc1205320bdb7c729,positive_parity,11/20,512,8,False,False,False,False,False,True,True,True,True,False,False
2409,02409.json,03d92b590b440a60bc72f6ed10c5a846c42d2ff8c88bb427a2fd7cc199b9d0fc,positive_parity,11/20,512,9,False,False,False,False,False,True,True,False,False,False,False
2410,02410.json,7a6fef6f2d9a79e8d8e68b2c82a8206b9ef06dcd90d4099fe2720b2f17598a30,positive_parity,11/20,512,10,False,False,False,False,False,True,True,True,True,False,False
2411,02411.json,e661d083c891ea277ba683134d8d01a31a9f7f7c7d92fa3578dcf3dc3ab64bf7,positive_parity,11/20,512,11,False,False,False,False,False,True,True,False,False,False,False
2412,02412.json,f747a1fe67bcf4dc6c0dfe9a785089ea318139b8aa0592bc9c389962d6c2f890,positive_parity,11/20,512,12,False,False,False,False,False,True,True,True,True,False,False
2413,02413.json,fa57c78e991adee0fbff76348eaa93a5970b922147061dfb6a029a4c63a131fd,positive_parity,11/20,512,13,False,False,False,False,False,True,True,False,False,False,False
2414,02414.json,b942de0e09facac2615905448ea94dda4b8a2e4505bcc5e128d670239ca22e40,positive_parity,11/20,512,14,False,False,False,False,False,True,True,True,True,False,False
2415,02415.json,d2e1d7d7fe86995f3dd5f20c8e08a599f5ec3ccd159bcd93c690b66b0812a2ec,positive_parity,11/20,512,15,False,False,False,False,False,True,True,True,True,False,False
2416,02416.json,b691c0de2fe996abe8dd75688c98bc3a4fe69291d523387ac558eb78469c6207,positive_parity,11/20,512,16,False,False,False,False,False,True,True,False,False,False,False
2417,02417.json,ef10df5c18aa8780e256a4e7b88b6a1f8fea9adb2a680edeb02f815adb0ccea8,positive_parity,11/20,512,17,False,False,False,False,False,True,True,True,True,False,False
2418,02418.json,e56c4b0fe13d01449f187871e8d45d7e9d7f809a5bf1d9c6eb6b375d63cd667e,positive_parity,11/20,512,18,False,False,False,False,False,True,True,False,False,False,False
2419,02419.json,27afc2da4a16d462c790498ac25e70caa57224821df169d55b61b3ab17745f13,positive_parity,11/20,512,19,False,False,False,False,False,False,False,False,False,False,False
2420,02420.json,b9e1e538c59c6b8f5a14ee81a7c6ab90e140833d54f91234e4e93a0f02a4ee9f,positive_parity,11/20,512,20,False,False,False,False,False,True,True,False,False,False,False
2421,02421.json,13c6df6fc54014e632b66e12eb06efff546f2c9c2a78832ab17c5bb5e6820aed,positive_parity,11/20,512,21,False,False,False,False,False,True,True,True,True,False,False
2422,02422.json,fb0258b96d9b5b0e5e70607df8b79128c496240c857d718f4339b8622e7714fc,positive_parity,11/20,512,22,False,False,False,False,False,True,True,True,True,False,False
2423,02423.json,707b2e67e74a65d455855751fbc3e2b6c3f2256217621c1485924bf4fbe4d91f,positive_parity,11/20,512,23,False,False,False,False,False,True,True,True,True,False,False
2424,02424.json,2c189769384a98658f03ac206bf13f973b3391b32de86f85b6e10a628bc1398b,positive_parity,11/20,512,24,False,False,False,False,False,True,True,True,True,False,False
2425,02425.json,f9c2474e36ba7633ba58fc4d7959fb95204eb898b01ca73dba2e829fc02be7fe,positive_parity,11/20,512,25,False,False,False,False,False,True,True,True,True,False,False
2426,02426.json,c996079caa9af0105c42954c17bc5a928b41e39534fac81d157b58c4775793f1,positive_parity,11/20,512,26,False,False,False,False,False,True,True,True,True,False,False
2427,02427.json,bc3360a10b32c0d548527e6dacf4eaa0f8ff4a3955621c249f7c51216d5dc002,positive_parity,11/20,512,27,False,False,False,False,False,True,True,False,False,False,False
2428,02428.json,e9d5784198e08167ba693348b97894469810d3d790fc4a98ae91609b9b078fc2,positive_parity,11/20,512,28,False,False,False,False,False,True,True,True,True,False,False
2429,02429.json,b4f594421803a8f3b9cd9524f593284402a085298cd676da0f3877910fc1741f,positive_parity,11/20,512,29,False,False,False,False,False,True,True,False,False,False,False
2430,02430.json,7d17decf951d2dbea5f1dd2cc427a92ca2c3fd7667b095acded6c0d6e469019a,positive_parity,11/20,512,30,False,False,False,False,False,False,False,False,False,False,False
2431,02431.json,d57e7c0e308a6d0a475e770385f65d9029731b48f5079c7fa41b2ec5f104a0c5,positive_parity,11/20,512,31,False,False,False,False,False,True,True,True,True,False,False
2432,02432.json,99cbdc775ee2a783ab56d05075edacb1f5dc7f96ec729693860cf7f748578055,positive_parity,11/20,512,32,False,False,False,False,False,True,True,True,True,False,False
2433,02433.json,3d6d7e2d3588950bce98a7af10eaed2e673575b2d07afa548f985c9adb1d7186,positive_parity,11/20,512,33,False,False,False,False,False,True,True,False,False,False,False
2434,02434.json,5dfae2c487f2b561790a44881673c57323ad0176696a373489c5695d70d89cef,positive_parity,11/20,512,34,False,False,False,False,False,True,True,True,True,False,False
2435,02435.json,d55c16c3c0bcb78e9bef64e8320286cf7d146c2d661f5e4f330d733b2785a9e8,positive_parity,11/20,512,35,False,False,False,False,False,False,False,False,False,False,False
2436,02436.json,7d8e9604f7355fac2f55a7ca95a9dd5c88e07eba0b3158a347e2b8dcd541ebdf,positive_parity,11/20,512,36,False,False,False,False,False,True,True,False,False,False,False
2437,02437.json,c08ca1e1ed7f651eaa47636d0b792d588ff58c4375b00b0ca8a40ee501118ace,positive_parity,11/20,512,37,False,False,False,False,False,True,True,True,True,False,False
2438,02438.json,b10d7d8ed72e58c622dbb1b32e77e1581cd2cdbbb145ffe99c7692cb9aa9e968,positive_parity,11/20,512,38,False,False,False,False,False,True,True,False,False,False,False
2439,02439.json,0bda1becc18a3fc19692674f6174d898f51a5c8b4508a8054da2219c89c0ebad,positive_parity,11/20,512,39,False,False,False,False,False,True,True,True,True,False,False
2440,02440.json,44baa44c4a4633748221ebba5982db28ff2225717f724918ef81271367df0163,positive_parity,11/20,512,40,False,False,False,False,False,True,True,True,True,False,False
2441,02441.json,076ffe6bb191dcf3b73617b74766c0cf7c8e9b393e01de37f0f943fbd83934e1,positive_parity,11/20,512,41,False,False,False,False,False,True,True,True,True,False,False
2442,02442.json,140ddccaf3589a1571f341e036d1515fa6358b0374d1863cecd6dcd853d4a471,positive_parity,11/20,512,42,False,False,False,False,False,True,True,False,False,False,False
2443,02443.json,d556a71aa91d3ee33c9adda916cc5e86e45ca85f2d2abeb9ab805c57093a0779,positive_parity,11/20,512,43,False,False,False,False,False,False,False,False,False,False,False
2444,02444.json,d61e7a162a4b53621f5110d8fb8fa9268fc10948e6374993353e2ce0a3e0d024,positive_parity,11/20,512,44,False,False,False,False,False,True,True,True,True,False,False
2445,02445.json,6e498b8008c67740bab254008511a71af824c5295284f5c9da4cbadcf5004a51,positive_parity,11/20,512,45,False,False,False,False,False,True,True,False,False,False,False
2446,02446.json,357129e83ebd14706af072560b3d0b177a7a9a0ff697ee37fba7cd47998828f8,positive_parity,11/20,512,46,False,False,False,False,False,True,True,False,False,False,False
2447,02447.json,c2e3d001d88fa28182a39c7fe02e8a5623afc4aa5300045a2bd1684800406927,positive_parity,11/20,512,47,False,False,False,False,False,True,True,False,False,False,False
2448,02448.json,48873ec6dc44fb2ef0c5691b99a860c71793f173545c33f590947352f58f8761,positive_parity,11/20,512,48,False,False,False,False,False,True,True,False,False,False,False
2449,02449.json,b52df9f53facf52999d3daf7aa4f4e37a61856537a61eade7840353ed3eed5ad,positive_parity,11/20,512,49,False,False,False,False,False,True,True,True,True,False,False
2450,02450.json,3f9c6cb3bb8565df4f1e1e9b8cdd110f4c2af8d23e97edbb7c52deea8eedf3eb,positive_parity,11/20,512,50,False,False,False,False,False,True,True,False,False,False,False
2451,02451.json,333fca681dc2fddaf32cb3c40ad5e31e18e09245d8c08588a567dd93d4d08b2a,positive_parity,11/20,512,51,False,False,False,False,False,True,True,True,True,False,False
2452,02452.json,fc8c4f75a556498e023969a61f8a03bca28988cffc123bfcbc8c6210d1830d42,positive_parity,11/20,512,52,False,False,False,False,False,False,False,False,False,False,False
2453,02453.json,c3a8a00e9797b782ba2bffb0aeb88b5b799e8b73898eab174f97b596892a4caa,positive_parity,11/20,512,53,False,False,False,False,False,True,True,False,False,False,False
2454,02454.json,7b9ad6de55e3fe21522748aea27b8c4fcb849a3984386c395bd86dd6dedcceac,positive_parity,11/20,512,54,False,False,False,False,False,False,False,False,False,False,False
2455,02455.json,f53b212a10d5282e87ca25f36b72c4a397ee4472e565719a2a447bc9693157d4,positive_parity,11/20,512,55,False,False,False,False,False,True,True,False,False,False,False
2456,02456.json,1afff57c0d5091c2ca9d77b3ae5bb535685d4c874f239e663e4a00d899203e95,positive_parity,11/20,512,56,False,False,False,False,False,True,True,False,False,False,False
2457,02457.json,d14dd68fac6d5c38e3e7eaba02a75a7c91bd6356c7260c381df6731714d59c22,positive_parity,11/20,512,57,False,False,False,False,False,True,True,True,True,False,False
2458,02458.json,f9c2d5b054d5485bac51c8752cdeef8e300f15c76ad77c957836a304acc33f40,positive_parity,11/20,512,58,False,False,False,False,False,True,True,True,True,False,False
2459,02459.json,d643dda6a373886d8293a1c2b60f0d2c112ff09a52ef183bb09d1a3fa4ad1fee,positive_parity,11/20,512,59,False,False,False,False,False,True,True,False,False,False,False
2460,02460.json,d4ac84e9e4993d7a3dd6c61c59209e708bb55345c8990f16dfd9668b86e91c4a,positive_parity,11/20,512,60,False,False,False,False,False,True,True,True,True,False,False
2461,02461.json,11242535b334119f16ed122cbdece15e668b345dde728dd7e64f6ff289f91b20,positive_parity,11/20,512,61,False,False,False,False,False,True,True,True,True,False,False
2462,02462.json,c5277ffae2430ef2093b35ce654bdd539d2d0676b4335e9c506040973462008b,positive_parity,11/20,512,62,False,False,False,False,False,True,True,False,False,False,False
2463,02463.json,bb4e12f42b5cfff07eb5bff5d728009936cdb340ee19dbd63eb8288fe77496b9,positive_parity,11/20,512,63,False,False,False,False,False,True,True,False,False,False,False
2464,02464.json,236c5be52c5c00b509926832ddf23994b891763f55c6f8943dd80eb5f49032db,positive_parity,11/20,512,64,False,False,False,False,False,True,True,True,True,False,False
2465,02465.json,3ba795f1c4244896d3f37d5bdcbf237ec77c6eac95f94c94acf970bc40ec81c6,positive_parity,11/20,512,65,False,False,False,False,False,True,True,True,True,False,False
2466,02466.json,04da7b4b948222dd631100e338678f51ac32b11747c4b28586efe4749bd24a4c,positive_parity,11/20,512,66,False,False,False,False,False,True,True,True,True,False,False
2467,02467.json,fdcc674541c22bff70564a846583d8744d7bb9220357cc3cc05a7f965e975f59,positive_parity,11/20,512,67,False,False,False,False,False,True,True,True,True,False,False
2468,02468.json,ac49794aa29e0fb3057a94c5f8239ac126454ffba00ae14fc12eb5d7a1a10ad8,positive_parity,11/20,512,68,False,False,False,False,False,True,True,True,True,False,False
2469,02469.json,211f90a14b0785fc314cf7a3bba3634239ac7bac04e24a182a2af3141fa87459,positive_parity,11/20,512,69,False,False,False,False,False,True,True,True,True,False,False
2470,02470.json,5ca46841f2df62879f9e806c0c2f94bd30c16e12492424dd9e16d238e6b2183e,positive_parity,11/20,512,70,False,False,False,False,False,True,True,True,True,False,False
2471,02471.json,29c130b5c8a74170577128151f8f56fc0c5338784b0f53bc6593cd68b58dba3d,positive_parity,11/20,512,71,False,False,False,False,False,True,True,False,False,False,False
2472,02472.json,ce17a2f6aaa25a9c6826de676d56d6fa222e754404a857f7a00ee62867bd7757,positive_parity,11/20,512,72,False,False,False,False,False,True,True,True,True,False,False
2473,02473.json,f9da6f50a3edefd7d25a228c1458729c80819fd49dd8a48f23f958a8b6fdbc7b,positive_parity,11/20,512,73,False,False,False,False,False,True,True,True,True,False,False
2474,02474.json,b48922da8d5d8631353a980d93e4daa455ef210ce16adcea899d49641f623a43,positive_parity,11/20,512,74,False,False,False,False,False,True,True,True,True,False,False
2475,02475.json,1fdddf74229b2d115ebc604686e7a31957e4a8c0ed55fe1496cce5e944a2c4a7,positive_parity,11/20,512,75,False,False,False,False,False,True,True,True,True,False,False
2476,02476.json,3a03ee93165fa2c8516de1086a0b39ec08a3e3d45877473b67f99c05bf346618,positive_parity,11/20,512,76,False,False,False,False,False,True,True,True,True,False,False
2477,02477.json,55df38b0699f32c506a1d107797c9f00af719f18b74029547f69e78043d882d8,positive_parity,11/20,512,77,False,False,False,False,False,True,True,True,True,False,False
2478,02478.json,b5a2886e45fb10995390a9aeb28f74914139146f78be4bacef2d114c246d3260,positive_parity,11/20,512,78,False,False,False,False,False,True,True,True,True,False,False
2479,02479.json,24cc8ea1d690db7112739b158975a6c341db129c6c49ca533b5df3016638d2fc,positive_parity,11/20,512,79,False,False,False,False,False,True,True,False,False,False,False
2480,02480.json,e275464fb6fe70f6019cc7800ac99a8c9b29ca47d1595c9a2520c933adfee0b4,positive_parity,11/20,512,80,False,False,False,False,False,True,True,True,True,False,False
2481,02481.json,4f52b392c711e09b9a66ff8c54e1a7eb0b2a67af115efdd53a437bc84e107f47,positive_parity,11/20,512,81,False,False,False,False,False,True,True,True,True,False,False
2482,02482.json,635ee9506d9a9b42a2babe1f6e8e96c021d61f009e8b0a366c9babb7b35b07fd,positive_parity,11/20,512,82,False,False,False,False,False,True,True,True,True,False,False
2483,02483.json,2e3c4477c5d8f16e762755c8faf587173dd9e3740a7811f59fee2258edf430fb,positive_parity,11/20,512,83,False,False,False,False,False,True,True,True,True,False,False
2484,02484.json,16ccbd907b657d79edd3956a3a4ed5169e2c729f8994921b8af277b9e3bc2010,positive_parity,11/20,512,84,False,False,False,False,False,True,True,True,True,False,False
2485,02485.json,33d919b1af4aee7cd5d0c0cfcb8b6b12819c66e32f65858d9780b1c2f7b4b3fd,positive_parity,11/20,512,85,False,False,False,False,False,True,True,True,True,False,False
2486,02486.json,0efd94e59e7b16a79382e0ef78990671c16529ac412c35f900766277be035e4b,positive_parity,11/20,512,86,False,False,False,False,False,True,True,True,True,False,False
2487,02487.json,f955ba171b34afbab2aa6a07f69c9b9aa903d9304852244f20ce674869358598,positive_parity,11/20,512,87,False,False,False,False,False,True,True,False,False,False,False
2488,02488.json,7e87edf0b08abb052183bd56e6070372459351ed61f1af3fbc3f161f05e57bd6,positive_parity,11/20,512,88,False,False,False,False,False,True,True,True,True,False,False
2489,02489.json,a7c330372a7e00532e581598338902308e8affdc99b576dd2691122a0b93a43d,positive_parity,11/20,512,89,False,False,False,False,False,True,True,True,True,False,False
2490,02490.json,447d53ed2665bb7175357c60770cc21dac5aa9fb6c48965c63ba40743dc7ff9d,positive_parity,11/20,512,90,False,False,False,False,False,False,False,False,False,False,False
2491,02491.json,b3ba6443d991f0f1148bb38c4148eed31000e74c6de276fac325addaff575f81,positive_parity,11/20,512,91,False,False,False,False,False,True,True,False,False,False,False
2492,02492.json,2a789f2a8babe690244178ad97cf1e2387289058b2a54d0f0be9fa5ae2220aa4,positive_parity,11/20,512,92,False,False,False,False,False,True,True,False,False,False,False
2493,02493.json,21fe1122e0a04e20bf78a6e5565627194512be75c55149d37ecc91b444f0af56,positive_parity,11/20,512,93,False,False,False,False,False,True,True,True,True,False,False
2494,02494.json,bf065656f899d6c9b05bc5a6a1d1655d64ecca60734ad0becdfe79807539e6e7,positive_parity,11/20,512,94,False,False,False,False,False,True,True,True,True,False,False
2495,02495.json,948bacdba8ea035cfafd0efbee81096176e750e5231493d1482839682f43cabb,positive_parity,11/20,512,95,False,False,False,False,False,True,True,True,True,False,False
2496,02496.json,1ad35ce4661c1e361cf55530155de157281dfa47c337a66beea4e211fd8e1fe8,positive_parity,11/20,512,96,False,False,False,False,False,True,True,False,False,False,False
2497,02497.json,76aa9fcd5940b680bd85999869a8fae9a1a25f7803c15a7c8a2dc685a393ce70,positive_parity,11/20,512,97,False,False,False,False,False,True,True,False,False,False,False
2498,02498.json,e9945c9b2716fc8782de70536477aa4b5b1ed6545b3c895455b12038c940f2a6,positive_parity,11/20,512,98,False,False,False,False,False,False,False,False,False,False,False
2499,02499.json,cbf8e63d42248bf6632600bcd80e4c399a1a92c609ebbf9195f2d906bafb6cff,positive_parity,11/20,512,99,False,False,False,False,False,False,False,False,False,False,False
2500,02500.json,a78b2d539d7ff2313505e946cd3e13020a9d8fd2a0a14bd19891a3c727172a50,positive_parity,11/20,1024,0,False,False,False,False,False,True,True,True,True,False,False
2501,02501.json,d0800b5ed26b04443b11653bb26bbd0dfa78ad04de69e110b9ed6056e4aab376,positive_parity,11/20,1024,1,False,False,False,False,False,True,True,True,True,False,False
2502,02502.json,98df391c79906f755b1952ee0bef954a5effbb043285b59ca4b750bfde0612fe,positive_parity,11/20,1024,2,False,False,False,False,False,True,True,True,True,False,False
2503,02503.json,2e8a9518195f878121839dce8e0144e69f118f1c0497ff318caeec5199bf6d52,positive_parity,11/20,1024,3,False,False,False,False,False,True,True,False,False,False,False
2504,02504.json,f3d5f3ed7be7f044baabcb51218d00563d8f4c0b6c5fd56c30955a0274363d36,positive_parity,11/20,1024,4,False,False,False,False,False,True,True,True,True,False,False
2505,02505.json,b2708f557cafa8f6be4e439360bb458ecc44d6930cc4f9837de1c399dc8f2a5d,positive_parity,11/20,1024,5,False,False,False,False,False,True,True,True,True,False,False
2506,02506.json,73e283232f5f890849b743013e344ae5355f4de1485224bde10a7870927e7c28,positive_parity,11/20,1024,6,False,False,False,False,False,True,True,True,True,False,False
2507,02507.json,8eecae0f0027c103f22627b2eaee210c4c8084274de6feaf48e8ed4cf9dc4d38,positive_parity,11/20,1024,7,False,False,False,False,False,True,True,False,False,False,False
2508,02508.json,34a46d2214219312534669e003fb6fcb001a0c5ed8827cecf6993371f7687840,positive_parity,11/20,1024,8,False,False,False,False,False,True,True,True,True,False,False
2509,02509.json,845b4516ff869f9645d4876266469a898ce88c6267f209a7a4409ea088a22987,positive_parity,11/20,1024,9,False,False,False,False,False,True,True,True,True,False,False
2510,02510.json,5c0209c6e94df312a02fcd3c4f32c5ee55ce7d1fd7eb5bdb65cf2064326322e5,positive_parity,11/20,1024,10,False,False,False,False,False,True,True,True,True,False,False
2511,02511.json,168a617eccee40ae86b12a57e342089e897906ed1b19465234b7631ee4ca2962,positive_parity,11/20,1024,11,False,False,False,False,False,True,True,True,True,False,False
2512,02512.json,407e41e1a95c86f53fafc391b0343bc44e09420e2aeb1c5086364c1129568371,positive_parity,11/20,1024,12,False,False,False,False,False,True,True,True,True,False,False
2513,02513.json,fd3bdd54e99725b547aa963779a657d1befaaba38df274ef8de0530fd14581cf,positive_parity,11/20,1024,13,False,False,False,False,False,True,True,True,True,False,False
2514,02514.json,7640c34edd9b0dbe3dcebfd210a97a68738226b53cb28391b8a591ed5de5d89d,positive_parity,11/20,1024,14,False,False,False,False,False,True,True,True,True,False,False
2515,02515.json,3cb69bee6bcff4c8e3f6dfbed9ceff9b47287d01638e3732a6effdaa2650e4ad,positive_parity,11/20,1024,15,False,False,False,False,False,True,True,False,False,False,False
2516,02516.json,009d9e2c40b1e75d3462350e3104795d311309ddc00a19ce0554a2f66b4e1c74,positive_parity,11/20,1024,16,False,False,False,False,False,True,True,True,True,False,False
2517,02517.json,227f3a7dbeb158e0dd17cd3b35f144b7b446bd5e91a919a783418e07b14e47f7,positive_parity,11/20,1024,17,False,False,False,False,False,True,True,True,True,False,False
2518,02518.json,0ca9207b41270bbc5714c7d4f573e32ff9e987ac70e3ed04733c43d6518c458b,positive_parity,11/20,1024,18,False,False,False,False,False,True,True,True,True,False,False
2519,02519.json,f349798bc647606af2b117b1bb5d8342c3579e3568ef9e709edce6980360af46,positive_parity,11/20,1024,19,False,False,False,False,False,True,True,True,True,False,False
2520,02520.json,33b07555ba91c1993f0d797d2c5254fa36fb754d85fd2342efc7a4c317d3f044,positive_parity,11/20,1024,20,False,False,False,False,False,True,True,True,True,False,False
2521,02521.json,dd626be58f568995ab57649da9e6dea33eb74d433e3bcbe7adf9ca66b13e5b09,positive_parity,11/20,1024,21,False,False,False,False,False,True,True,True,True,False,False
2522,02522.json,b9cd34215e630b076beb28a9bf65ed2b948953010efead4b203c28d3287d3c3e,positive_parity,11/20,1024,22,False,False,False,False,False,True,True,True,True,False,False
2523,02523.json,990f4c70b462702f1b4d2bc874838a38c52ecd01918b7d7172a81c77d1673d23,positive_parity,11/20,1024,23,False,False,False,False,False,True,True,True,True,False,False
2524,02524.json,6f495cecc5137bae62efd644ca6ddc184ee088bcf89e9d905e9ea54316030371,positive_parity,11/20,1024,24,False,False,False,False,False,True,True,True,True,False,False
2525,02525.json,85bdfd1179f2f862669c7548db51a4c80ab233192ac2fd61aa96a4fd91ac9e4b,positive_parity,11/20,1024,25,False,False,False,False,False,True,True,True,True,False,False
2526,02526.json,cff197b2eb7b66c9bc3094acd573a94f51deeb6279f86ce44771356514210838,positive_parity,11/20,1024,26,False,False,False,False,False,True,True,True,True,False,False
2527,02527.json,b630a8432ec5c768583fe6b243a19e5eff25f00ad6f9aeba4b1836d167a42d46,positive_parity,11/20,1024,27,False,False,False,False,False,True,True,True,True,False,False
2528,02528.json,803e77b8af5b2d3ee4488bb69baf055b6d63db4b5d711fb93e7fbedf1cd3d3d3,positive_parity,11/20,1024,28,False,False,False,False,False,True,True,True,True,False,False
2529,02529.json,a9bdf32d4d8f7048c524a37be525fb1056921cfccf6eb626c3c4ad51a851036c,positive_parity,11/20,1024,29,False,False,False,False,False,True,True,True,True,False,False
2530,02530.json,f3bade3bc663c75568997954a3b08f7c85a6a590bb7bc3f2fe6679bfaa5afea0,positive_parity,11/20,1024,30,False,False,False,False,False,True,True,True,True,False,False
2531,02531.json,547ee47ef41a07c47b0b5f64d1af6ba7b4925e2dfd1853b7fbd486f9a0060a18,positive_parity,11/20,1024,31,False,False,False,False,False,True,True,True,True,False,False
2532,02532.json,9ce6ea0062200c11b3bcc2eff9e024baf57c2c1c2a0884d81ba90619e13611eb,positive_parity,11/20,1024,32,False,False,False,False,False,True,True,False,False,False,False
2533,02533.json,e853c6a0da98d55ea5c80ff6dfe36cc083b81a07f26ed156f9b7f21c1e8c1c00,positive_parity,11/20,1024,33,False,False,False,False,False,True,True,True,True,False,False
2534,02534.json,5cbee18a7cbf5a851c0f5d3ce1868a9590d201fb84f968a08f92ac5d915bc754,positive_parity,11/20,1024,34,False,False,False,False,False,True,True,True,True,False,False
2535,02535.json,ae71e5043eee0f51f81e11a592370e80fd0bfa54cbda06cd2fa9cdcf10b7e653,positive_parity,11/20,1024,35,False,False,False,False,False,True,True,True,True,False,False
2536,02536.json,05fda1b819f7a113808a27fd76ab9f48e7ba785d8e3e199973a76f0b4e0909ad,positive_parity,11/20,1024,36,False,False,False,False,False,True,True,True,True,False,False
2537,02537.json,884da5aff1e55245eaf734552ca58420542e731352168df05cb60c388dfebb46,positive_parity,11/20,1024,37,False,False,False,False,False,True,True,True,True,False,False
2538,02538.json,e84a16340e6b02192a9f70e1e79746278fe977d68a85e303f41e497ada1551cb,positive_parity,11/20,1024,38,False,False,False,False,False,True,True,True,True,False,False
2539,02539.json,db1ad4324c2b8d1f2f91163f8af04e4e84821b50e1637083337376468e30725b,positive_parity,11/20,1024,39,False,False,False,False,False,True,True,True,True,False,False
2540,02540.json,51f134f40badf926ef7897dc266b62ed5a728a521526ad523d874cc426d2f0c0,positive_parity,11/20,1024,40,False,False,False,False,False,True,True,True,True,False,False
2541,02541.json,781b86079e25ac9ce304ebc8c5a848b75e3abc809660b9bf21f5a7fe0c32878d,positive_parity,11/20,1024,41,False,False,False,False,False,True,True,True,True,False,False
2542,02542.json,65d6d79af8e3035b397f309cd5d1257401114115b76dae956717673ca69b5348,positive_parity,11/20,1024,42,False,False,False,False,False,True,True,True,True,False,False
2543,02543.json,5458eb80014e971398782c1715a255cdc9434596153222734a065681198d1324,positive_parity,11/20,1024,43,False,False,False,False,False,True,True,True,True,False,False
2544,02544.json,419759e41790abc60a240baaa22ed79e2adeabe784acfe6592f2db760c96ecc3,positive_parity,11/20,1024,44,False,False,False,False,False,True,True,True,True,False,False
2545,02545.json,4555c487af76dfedfc6366625a7e2c87cdadcb438a7c666c823c1b142bb98241,positive_parity,11/20,1024,45,False,False,False,False,False,True,True,True,True,False,False
2546,02546.json,d3430c79687344ff49e2989d8b2e1a1cea4c7a07294a24005bd69400c8fb2ae8,positive_parity,11/20,1024,46,False,False,False,False,False,True,True,True,True,False,False
2547,02547.json,f409cab6a0c7811206a8a7d3a4c453b503f5b5e117967c24242236e48ba37350,positive_parity,11/20,1024,47,False,False,False,False,False,True,True,True,True,False,False
2548,02548.json,695cfbf847d2d86aea3bf50395131f61b07e0157a6cc201a11f919d267670145,positive_parity,11/20,1024,48,False,False,False,False,False,True,True,True,True,False,False
2549,02549.json,dffe4e184847158cf697b0f9940fa07a2dbaeb51194ba00fa17947c742f19b4e,positive_parity,11/20,1024,49,False,False,False,False,False,True,True,True,True,False,False
2550,02550.json,c6b9a984c5c2b9d32d2a5b63099fbc406ed4818342ee2da6996445b7cc2cb2df,positive_parity,11/20,1024,50,False,False,False,False,False,True,True,True,True,False,False
2551,02551.json,11c498f181ea4f07acc92aa77202230d4f75b18c71e9d71341d8e2bd953d5dec,positive_parity,11/20,1024,51,False,False,False,False,False,True,True,True,True,False,False
2552,02552.json,165bec7fa9c3a86181910ab2ae872fe21da3180b472edfdca293abcccb2187ec,positive_parity,11/20,1024,52,False,False,False,False,False,True,True,True,True,False,False
2553,02553.json,87f8a3482bff60e1050499383393510011bf6fadb8a7914ca3a7c2e6d0017fe4,positive_parity,11/20,1024,53,False,False,False,False,False,True,True,True,True,False,False
2554,02554.json,8d77ba368d3dbd3cf784bcbcf4ac82bde8a0d6d6639db954bb8edecd9aa2580a,positive_parity,11/20,1024,54,False,False,False,False,False,True,True,True,True,False,False
2555,02555.json,e1a22687f1f962036681be4b848ee7ca70065ba9148a7e6626041b12a02f7ddc,positive_parity,11/20,1024,55,False,False,False,False,False,True,True,True,True,False,False
2556,02556.json,067d95c608f3b0ef9af15f94ed9e25376b01b9a7643396db7d831d56014bae62,positive_parity,11/20,1024,56,False,False,False,False,False,True,True,False,False,False,False
2557,02557.json,86fc6bb89087c3be2d71bde1ad166021b34dcecf9b7aa220d576d3f83b04f5e9,positive_parity,11/20,1024,57,False,False,False,False,False,True,True,True,True,False,False
2558,02558.json,d8332bd4d5729f5ae4225029779dde517f01f2b3199bb532f61320a10bd6b7c0,positive_parity,11/20,1024,58,False,False,False,False,False,True,True,False,False,False,False
2559,02559.json,fdf6db9d1336fc6396bcae57da66caebb20c2a8d2a3134a6d125969bebc98d91,positive_parity,11/20,1024,59,False,False,False,False,False,True,True,True,True,False,False
2560,02560.json,6a79bed613d963e0a9c6b982634a75e81b1d317c552b47623ac483a76a7c50c9,positive_parity,11/20,1024,60,False,False,False,False,False,True,True,False,False,False,False
2561,02561.json,adbea845dea906fdbb60c42db5d80b0b11f948ef83e167c21196d34c3ed0c40d,positive_parity,11/20,1024,61,False,False,False,False,False,True,True,True,True,False,False
2562,02562.json,4ade1ef943bbb4eea20521bf923adc5b938d2caafd5676ee354cbd967a2ec3a0,positive_parity,11/20,1024,62,False,False,False,False,False,True,True,True,True,False,False
2563,02563.json,d3865d1382ffe7b110e7782edf63730f2d9c870572d6788e05837e205b545a1a,positive_parity,11/20,1024,63,False,False,False,False,False,True,True,True,True,False,False
2564,02564.json,cc1e127119667dab2ed6e8a098d8f840c9821216f4022733d89e75a95fe8e7bf,positive_parity,11/20,1024,64,False,False,False,False,False,True,True,True,True,False,False
2565,02565.json,1902aecc936f9dc603210304d9f961a6d3bddeeec845ee084eaadb45e2a285da,positive_parity,11/20,1024,65,False,False,False,False,False,True,True,True,True,False,False
2566,02566.json,a89fd3712546bbd34de80f4a498cdae9334f4c1b17bdc515d8fbbf5cc714f9d6,positive_parity,11/20,1024,66,False,False,False,False,False,True,True,False,False,False,False
2567,02567.json,cd5b4eb21a40b4d4abb6ec45ef0c20e4c7232dba4fdb3d513254c4025d1b37d6,positive_parity,11/20,1024,67,False,False,False,False,False,True,True,True,True,False,False
2568,02568.json,3ed253fd42bb1502501f117afb442164255cb642f188ff0626381cf39d610935,positive_parity,11/20,1024,68,False,False,False,False,False,True,True,True,True,False,False
2569,02569.json,72bb5d9fa1452bd777a5b259a35a619b846cb92c69a05c6fa3da2e3483574acb,positive_parity,11/20,1024,69,False,False,False,False,False,True,True,True,True,False,False
2570,02570.json,57675c6eda2afd0df9a251ab2ccfade331361fde7d9f417158cea472d06e5e25,positive_parity,11/20,1024,70,False,False,False,False,False,True,True,True,True,False,False
2571,02571.json,b0fb314f9d5c04769e3dd83753fb08f791ff532a7b90ff37e3c9de2c85878769,positive_parity,11/20,1024,71,False,False,False,False,False,True,True,True,True,False,False
2572,02572.json,81a320197dbc744e41e014b852946c1e874d1cdfc8ba976bd67d6eb41f288fbb,positive_parity,11/20,1024,72,False,False,False,False,False,True,True,True,True,False,False
2573,02573.json,3b54c5aa9882c9528a73e4d1e3112f390d7e1499db9544acbe8149073d1a6ca1,positive_parity,11/20,1024,73,False,False,False,False,False,True,True,True,True,False,False
2574,02574.json,9d4bda6efd2f129ab8086ed71e9db5fac9ee726f6990b61b038d49d60e9747a2,positive_parity,11/20,1024,74,False,False,False,False,False,True,True,True,True,False,False
2575,02575.json,6ddbf6b48acd8e76a9cf6cd4f93095bc7876c12ee0423c004fd27b142771fe69,positive_parity,11/20,1024,75,False,False,False,False,False,True,True,True,True,False,False
2576,02576.json,11127abf7b30730db1d0a57934b570fd39e98f9338b22041e95684843003db17,positive_parity,11/20,1024,76,False,False,False,False,False,True,True,True,True,False,False
2577,02577.json,60a1c95b46f57f5ea25ab38414af5c326a96bcf4ce3e70de4b8675fde15d07fb,positive_parity,11/20,1024,77,False,False,False,False,False,True,True,True,True,False,False
2578,02578.json,827a1c5c78ad6954a7fdfc4a0aa8f7a654da9d0a1b32bb09440db434752fbf12,positive_parity,11/20,1024,78,False,False,False,False,False,True,True,True,True,False,False
2579,02579.json,3b526933e999bb92b9e0f88045e217fe62be567035a64e05f5f1dd3dfb596d1f,positive_parity,11/20,1024,79,False,False,False,False,False,True,True,True,True,False,False
2580,02580.json,8b1936f66ea0fa853d85d6db9cc53c25e6155ae20606dcdf17803373dcfde37a,positive_parity,11/20,1024,80,False,False,False,False,False,True,True,True,True,False,False
2581,02581.json,475686bef1cc31f5d83170eed95c8b1ee54c45c31883a0bacd5d3c963e906cda,positive_parity,11/20,1024,81,False,False,False,False,False,True,True,True,True,False,False
2582,02582.json,8f933d5c4637b05e3ae7e1e4be69789e63c8e0d46e56c791a64fc6bb0fb770f1,positive_parity,11/20,1024,82,False,False,False,False,False,True,True,True,True,False,False
2583,02583.json,ca28f4dfb6514bfddf9b84e3abacb92bb86e3c23c5e20bf4bbe590f6b3b1323d,positive_parity,11/20,1024,83,False,False,False,False,False,True,True,True,True,False,False
2584,02584.json,0bfe3962e74f7e9bba5ed8aa37c78c3ef2e117db75e5d6f05b60b1e78dcbc176,positive_parity,11/20,1024,84,False,False,False,False,False,True,True,True,True,False,False
2585,02585.json,b88f10226fa644655f34e3cecb01a55805af5f81ac5246ef2778dd2e186816ee,positive_parity,11/20,1024,85,False,False,False,False,False,True,True,True,True,False,False
2586,02586.json,a1534f417c4ebb248c9cc078772e4ce121e22f912ba21cbf61fbba100d6c7519,positive_parity,11/20,1024,86,False,False,False,False,False,True,True,True,True,False,False
2587,02587.json,ecc6333ad966d52c9ae2fb0af5e1a8c51285fb4fc6789eb2b2bbd2ea81e4f462,positive_parity,11/20,1024,87,False,False,False,False,False,True,True,True,True,False,False
2588,02588.json,ee7b15624631e06f8697b7a91c8f54a6d5b6db0395a88b470f0f17c0f9b249c8,positive_parity,11/20,1024,88,False,False,False,False,False,True,True,True,True,False,False
2589,02589.json,fccc399e0580a41e18ce3e83ecbcd8b5f2b9ebe05d40ef8adae4581e0ee517f0,positive_parity,11/20,1024,89,False,False,False,False,False,True,True,True,True,False,False
2590,02590.json,461a41e975112104d34c7b3f2d9645337709df337516271abc535e650e26d6f1,positive_parity,11/20,1024,90,False,False,False,False,False,True,True,True,True,False,False
2591,02591.json,24f9729ba7f4c57c45261e2886e13d152160605e016d0f048c31a182d53b02d6,positive_parity,11/20,1024,91,False,False,False,False,False,True,True,True,True,False,False
2592,02592.json,a4c576749fffa4c93b855af995639dedfb49aaf1d855ce70ff1072d92b972cc4,positive_parity,11/20,1024,92,False,False,False,False,False,True,True,True,True,False,False
2593,02593.json,863eae448fa1c8912fb52b0380e90258b25ef2e541f64f09a54fad5a7d71ba24,positive_parity,11/20,1024,93,False,False,False,False,False,True,True,True,True,False,False
2594,02594.json,9feffced4a841e06dbe6789aafc623e1ab4119e5e11ed5072287c94ef0cc94ff,positive_parity,11/20,1024,94,False,False,False,False,False,True,True,False,False,False,False
2595,02595.json,11b5da86d39bad7b6cfdb0e518a588836772915e8febee84ea6472f4d300fdde,positive_parity,11/20,1024,95,False,False,False,False,False,True,True,True,True,False,False
2596,02596.json,da1c545c1ee86c496c0249683e5c6634ac6d6200c73fde0f686f34c0c7b05d53,positive_parity,11/20,1024,96,False,False,False,False,False,True,True,True,True,False,False
2597,02597.json,518db34371ee63576ec40f4a5d1defd57edfafc3930a5bbd0b2316b5a1c212d5,positive_parity,11/20,1024,97,False,False,False,False,False,True,True,False,False,False,False
2598,02598.json,a5b4f45e6c64d5f2800d23f3cb9c904e4344f53755c2cc4388ad01e5130f255d,positive_parity,11/20,1024,98,False,False,False,False,False,True,True,True,True,False,False
2599,02599.json,50303ff7638beeb3296aa5bca08bbf082e2d3b33e8268ce1939fdd54bf1effe3,positive_parity,11/20,1024,99,False,False,False,False,False,True,True,True,True,False,False
2600,02600.json,7901c7bd781b9b9694b280738fc40b2dec0a26c696b2a7ed942fbc7bec442be8,positive_parity,11/20,4096,0,False,False,False,False,False,True,True,True,True,False,False
2601,02601.json,81b0f75ecf34cbdb4b05c65cc45fae1d5b0b0a4e502b4869fec99cf6ae1b1bde,positive_parity,11/20,4096,1,False,False,False,False,False,True,True,True,True,False,False
2602,02602.json,9ba04bdb85865b9827e5477f42cc28df167a9c9c70fc30ad9fed629a26b31ba5,positive_parity,11/20,4096,2,False,False,False,False,False,True,True,True,True,False,False
2603,02603.json,165fffa945287d87b011c51284dda360fc073e9ed91e4ff441fa05ce0ad6d5bd,positive_parity,11/20,4096,3,False,False,False,False,False,True,True,True,True,False,False
2604,02604.json,45b92610f216e75187e41de8c5cbec5c79191940562260f74b2048a04e60cf6a,positive_parity,11/20,4096,4,False,False,False,False,False,True,True,True,True,False,False
2605,02605.json,9abe88e76d4df11828a89612f740c66c549ba7549eafa1986c8d9f5a8836ec03,positive_parity,11/20,4096,5,False,False,False,False,False,True,True,True,True,False,False
2606,02606.json,4283ed592a934c4b6f5279c81bcbad908e96d8d579ff94b07fc4c70f91aa1fde,positive_parity,11/20,4096,6,False,False,False,False,False,True,True,True,True,False,False
2607,02607.json,4f40fcd44e8e1c47988c1550359869481f5f5cf325bf4141ab50fb3d4e9a6d21,positive_parity,11/20,4096,7,False,False,False,False,False,True,True,True,True,False,False
2608,02608.json,a008adc4cb7c7224506665099bf641b6742532e2f7c1049dbb21c025a0329a40,positive_parity,11/20,4096,8,False,False,False,False,False,True,True,True,True,False,False
2609,02609.json,a6406885614a683d3a1d70999374b66f2b9a4eefcb6a21ff6d01f5bf01d42b3e,positive_parity,11/20,4096,9,False,False,False,False,False,True,True,True,True,False,False
2610,02610.json,99f7a63385f0c9b8945660bba9909a5824a59a69d3393d64ead6022006d5a1f6,positive_parity,11/20,4096,10,False,False,False,False,False,True,True,True,True,False,False
2611,02611.json,4669d95ab4bffc259f8a13f1d1ac182b4cac8ea7a13762666538c56ae4da1d73,positive_parity,11/20,4096,11,False,False,False,False,False,True,True,True,True,False,False
2612,02612.json,29846ce2a576d8eca8776d1d7222b9186da870a1d1ef082fe9a73562e81afe80,positive_parity,11/20,4096,12,False,False,False,False,False,True,True,True,True,False,False
2613,02613.json,d189f70ad73320cb48fd7f206c24b273a1959da101a854cf2f4ab1edef8a0010,positive_parity,11/20,4096,13,False,False,False,False,False,True,True,True,True,False,False
2614,02614.json,71e19779066336d9595b6505e7e7de23cc237e93696df5100bac9a3764c773e7,positive_parity,11/20,4096,14,False,False,False,False,False,True,True,True,True,False,False
2615,02615.json,60d5b4f3378ac26cdad7fa7c18fd711f988ef1359429d22be290bbd4e627a41a,positive_parity,11/20,4096,15,False,False,False,False,False,True,True,True,True,False,False
2616,02616.json,79d07754addf7ffb629030a96acb21c4551fb7f291a61701d91a90cadd9a44d5,positive_parity,11/20,4096,16,False,False,False,False,False,True,True,True,True,False,False
2617,02617.json,189eeb26805c9ad47530d5d66b8bf125391ccec15358d300488f16a61ef2e514,positive_parity,11/20,4096,17,False,False,False,False,False,True,True,True,True,False,False
2618,02618.json,bdbd49c79f1459e66fe033ae0e022dbe9786e1e0aa1a669e0be8d80d6ea4baff,positive_parity,11/20,4096,18,False,False,False,False,False,True,True,True,True,False,False
2619,02619.json,58dfc73133edc0d5e6bbf61edeacaea64c722b035d8b127d8e361824c0c08a2a,positive_parity,11/20,4096,19,False,False,False,False,False,True,True,True,True,False,False
2620,02620.json,cccdb115f26472ab039eaed1f6041209ea193501b96607484fef8cabee5316ef,positive_parity,11/20,4096,20,False,False,False,False,False,True,True,True,True,False,False
2621,02621.json,e73c7c5c506b7753fc1fd1921ac93a0a3822edc30f0c168239050f81136ebbb7,positive_parity,11/20,4096,21,False,False,False,False,False,True,True,True,True,False,False
2622,02622.json,8f22a57eca8ac6645fbac4b50ac3867c49909d7964905ff1af3322a88ad5062f,positive_parity,11/20,4096,22,False,False,False,False,False,True,True,True,True,False,False
2623,02623.json,047b498180ecd1ca1e700c066e09ed5033ebbe4a06b338492116d59227d4e94d,positive_parity,11/20,4096,23,False,False,False,False,False,True,True,True,True,False,False
2624,02624.json,d1780210d99a165db90cc96c5df086c7fb7619bb7a019571d0323567a1e1c28d,positive_parity,11/20,4096,24,False,False,False,False,False,True,True,True,True,False,False
2625,02625.json,5c70be87c2d86ac19ac043d05ab408465f45bfc2b7c33a077bdb90c6146ded47,positive_parity,11/20,4096,25,False,False,False,False,False,True,True,True,True,False,False
2626,02626.json,a0b255f6a96dad9fac0db3499ad400480b90c6956394d4eaa4fb0880b73ea119,positive_parity,11/20,4096,26,False,False,False,False,False,True,True,True,True,False,False
2627,02627.json,4af5fb8c48334c6e6bf72906589d9d3bf43dffa1420bcf41a6525d76f03d0d99,positive_parity,11/20,4096,27,False,False,False,False,False,True,True,True,True,False,False
2628,02628.json,bdc64b69cd486f834975949fa571716854f1eb0e518557deffbc09f534d4325f,positive_parity,11/20,4096,28,False,False,False,False,False,True,True,True,True,False,False
2629,02629.json,4914e40ad196f1cd8b7a5b023c0157c7c68b926ee9a71e7cbf191fa7c99512b9,positive_parity,11/20,4096,29,False,False,False,False,False,True,True,True,True,False,False
2630,02630.json,430935e2b26f8f0146a496ab9474c49326513ae097c3829b882224a78034394e,positive_parity,11/20,4096,30,False,False,False,False,False,True,True,True,True,False,False
2631,02631.json,a741b8cbe07291d2236d82a59058d139e79548ef9e3c7d7f6c2236c830a03f74,positive_parity,11/20,4096,31,False,False,False,False,False,True,True,True,True,False,False
2632,02632.json,d6086bf27810bad865cc306b159d3b2a4c586b2efbf6d942a5f196ca696f5ddd,positive_parity,11/20,4096,32,False,False,False,False,False,True,True,True,True,False,False
2633,02633.json,0aae2b5b3cf51dec12455a103731b5798e5dee70220a76bbd268210381f5d9e1,positive_parity,11/20,4096,33,False,False,False,False,False,True,True,True,True,False,False
2634,02634.json,fa039a13815bb4913d9b3679764664286d1ff3308a8c35a42e036f6be3e813db,positive_parity,11/20,4096,34,False,False,False,False,False,True,True,True,True,False,False
2635,02635.json,f50e36c41975797788ebfd1d41ea9bd4844d744c37d1adaa0fbd035bbeaf7fea,positive_parity,11/20,4096,35,False,False,False,False,False,True,True,True,True,False,False
2636,02636.json,bae0ad0693487072e26b3140bb24ee9fdf152bce9326e3a85a9fb18a19513595,positive_parity,11/20,4096,36,False,False,False,False,False,True,True,True,True,False,False
2637,02637.json,cbd115f6bc39757e6ec5f98e2b1a301795ef638e95ad593fdf3d23425d492ab0,positive_parity,11/20,4096,37,False,False,False,False,False,True,True,True,True,False,False
2638,02638.json,62b2eb50046f31d1275e56564c9fde34a56361c04eb778d77cbf6d630f328a2c,positive_parity,11/20,4096,38,False,False,False,False,False,True,True,True,True,False,False
2639,02639.json,27a1d492587bfea78478996857bceef24e19f59fcaecffe5b979055422b5619c,positive_parity,11/20,4096,39,False,False,False,False,False,True,True,True,True,False,False
2640,02640.json,d002be62baa431abbd8197f6fd717d057079c5e4609bbb1f7e6a78ece962c915,positive_parity,11/20,4096,40,False,False,False,False,False,True,True,True,True,False,False
2641,02641.json,7230fcfd6b1288fdb67b97e8971f0a9714833fa5a40919925d5e1413d4b095e5,positive_parity,11/20,4096,41,False,False,False,False,False,True,True,True,True,False,False
2642,02642.json,2cd9e46bc2b2ace81dae1799773c51bba630e29186ef10e75f4533527098cf5a,positive_parity,11/20,4096,42,False,False,False,False,False,True,True,True,True,False,False
2643,02643.json,b4ab37ca4989921f094c4f607c48fb82a3c2bd71fc5ed0fe09d6ca695b227539,positive_parity,11/20,4096,43,False,False,False,False,False,True,True,True,True,False,False
2644,02644.json,b621b4899b367e38381ff7e434fd6b4b674a16ceab8cba82c47894d79e9961b9,positive_parity,11/20,4096,44,False,False,False,False,False,True,True,True,True,False,False
2645,02645.json,1b1595b39a4ade7824b5d0497d4bc6fd61fdbf86ee59d0e35465932cddaf10db,positive_parity,11/20,4096,45,False,False,False,False,False,True,True,True,True,False,False
2646,02646.json,458bb015ec6c7ed3a7678656eed35bc35883bdc8c3d380a44f0971e6957dfc1c,positive_parity,11/20,4096,46,False,False,False,False,False,True,True,True,True,False,False
2647,02647.json,48713f4b678984cf638b91b749615bef7da5881976617b7186a2e6e644e247eb,positive_parity,11/20,4096,47,False,False,False,False,False,True,True,True,True,False,False
2648,02648.json,c7a582698b325594577942e3709085201fa03294d92651ebff1652c5809db219,positive_parity,11/20,4096,48,False,False,False,False,False,True,True,True,True,False,False
2649,02649.json,674b7364046553ce9cff82d4fab1baaf22cbe34514a482c5d0b03cf92d1844c3,positive_parity,11/20,4096,49,False,False,False,False,False,True,True,True,True,False,False
2650,02650.json,78bf60a84cdbd6e88e0adfad22faada39a5348ae9bb25f02ac6c1db179a82560,positive_parity,11/20,4096,50,False,False,False,False,False,True,True,True,True,False,False
2651,02651.json,ab12886cdc1e8cf250632cf0338eea681762ff83dc1667f1ec32d5e7f49cf75a,positive_parity,11/20,4096,51,False,False,False,False,False,True,True,True,True,False,False
2652,02652.json,c5ce40a38911d93d02b66b09552488be8bc72d615e5887c825b49f75072e145e,positive_parity,11/20,4096,52,False,False,False,False,False,True,True,True,True,False,False
2653,02653.json,e50ff02f2d6ced51750f62c5b0f802e62d64e94cb962a2405c1a0e5f408f478b,positive_parity,11/20,4096,53,False,False,False,False,False,True,True,True,True,False,False
2654,02654.json,07280ef66196511831ae9d775ad653e361e6d78f32d07cae4cf4c2c8913a6708,positive_parity,11/20,4096,54,False,False,False,False,False,True,True,True,True,False,False
2655,02655.json,86e89b3329145397b6dc7e3d4cd6999a002c61fbf980bbac196efdf87248a690,positive_parity,11/20,4096,55,False,False,False,False,False,True,True,True,True,False,False
2656,02656.json,21b34616e6c0c550cf39320d21dac329c73b0ecb99a70c45059e41b1ba421e98,positive_parity,11/20,4096,56,False,False,False,False,False,True,True,True,True,False,False
2657,02657.json,6428e9d012e51bc57b6062b77d064500b082598752d42fc2d9d432e38970e013,positive_parity,11/20,4096,57,False,False,False,False,False,True,True,True,True,False,False
2658,02658.json,428e487ed49481b3aa8f561f6c1869851dafd5c1266999dbb9f05f57608ecfd0,positive_parity,11/20,4096,58,False,False,False,False,False,True,True,True,True,False,False
2659,02659.json,002b162269b9eabc5ceb3026b374a7b274aca848947fe42d27b6d08a3884c44c,positive_parity,11/20,4096,59,False,False,False,False,False,True,True,True,True,False,False
2660,02660.json,f971b3975c8c6fec44a5b5133ab8d41193bfae32fa4957beb03793e2449e8214,positive_parity,11/20,4096,60,False,False,False,False,False,True,True,True,True,False,False
2661,02661.json,9dd7ce94359ac18611efb177e2f81d6c45acc4e58f8bb97eb420efd848155c70,positive_parity,11/20,4096,61,False,False,False,False,False,True,True,True,True,False,False
2662,02662.json,4c0c554fda10d180a5a662b5e8e82c2785c28e23196062578d9eddd7b0926b34,positive_parity,11/20,4096,62,False,False,False,False,False,True,True,True,True,False,False
2663,02663.json,182eda3ddca521bf64314d398f098e41220e866a914524dfd15ca26e038cf998,positive_parity,11/20,4096,63,False,False,False,False,False,True,True,True,True,False,False
2664,02664.json,ebb2598f0988d5600b20a21d0cc3e01e9765bece2b028ee6c33e7ede4ef8e6f3,positive_parity,11/20,4096,64,False,False,False,False,False,True,True,True,True,False,False
2665,02665.json,0e2d0feda1659e8c0b27cfeeefc2d9ac57f7af742e6926c4ddb7849dc787965f,positive_parity,11/20,4096,65,False,False,False,False,False,True,True,True,True,False,False
2666,02666.json,d02995d7b6eab4cd35dabc0047b033465bd25df93380d70948848ac3a18e0197,positive_parity,11/20,4096,66,False,False,False,False,False,True,True,True,True,False,False
2667,02667.json,b1559d1a13cde63d77dd37cd8106124fa7aca5af37d4520d9f9b8ab6f2179a8a,positive_parity,11/20,4096,67,False,False,False,False,False,True,True,True,True,False,False
2668,02668.json,737193d13ae16985e6aaf687aa73b1da9c8d172ca5f561eec203e59fde2e24d8,positive_parity,11/20,4096,68,False,False,False,False,False,True,True,True,True,False,False
2669,02669.json,5cff0385029e947326349e8874c5c8cd31cecd667cf7d295c051871aca48d530,positive_parity,11/20,4096,69,False,False,False,False,False,True,True,True,True,False,False
2670,02670.json,73789c463ae07ee800972bb673f40c8443d40bacf435fe3ab9ff7ac5cda12b45,positive_parity,11/20,4096,70,False,False,False,False,False,True,True,True,True,False,False
2671,02671.json,3e2dbeb24ec2ac9cb88c621fd77d6e0147403596e1e3c5cab42b0d9a7e7867c7,positive_parity,11/20,4096,71,False,False,False,False,False,True,True,True,True,False,False
2672,02672.json,3a196152964663675e9e828e6e925f625925b7d5a02b098757ab8eb43650bb05,positive_parity,11/20,4096,72,False,False,False,False,False,True,True,True,True,False,False
2673,02673.json,e75aec091f38bb1bb48216c39c77430de2f9789e60f1a14638421128c739cda8,positive_parity,11/20,4096,73,False,False,False,False,False,True,True,True,True,False,False
2674,02674.json,955422e580414ee37fc6a2e6649991bcd8eb88efee1c39e5d65383a6e528000a,positive_parity,11/20,4096,74,False,False,False,False,False,True,True,True,True,False,False
2675,02675.json,721b77e8dae0d5eac80ae8d0ad0b8b31e3b120b9f3a085dd580d43bfad5f55d1,positive_parity,11/20,4096,75,False,False,False,False,False,True,True,True,True,False,False
2676,02676.json,2e26ad83a2698a6fdfcceaeecbba7ad88ccecb63e4e89d035ba47ebd76d52797,positive_parity,11/20,4096,76,False,False,False,False,False,True,True,True,True,False,False
2677,02677.json,15073999e54cf0a21cf1bd648ea28f933dfc9bc87b8d92499d6ca58489507d0b,positive_parity,11/20,4096,77,False,False,False,False,False,True,True,True,True,False,False
2678,02678.json,b6a6abee114e660060870451105fdba59c4b9592a8703a9030c14cb07c69664f,positive_parity,11/20,4096,78,False,False,False,False,False,True,True,True,True,False,False
2679,02679.json,0492b1de08d81484b4f5fb09ddf6a903760597cb9b136a6c77894d40557353f5,positive_parity,11/20,4096,79,False,False,False,False,False,True,True,True,True,False,False
2680,02680.json,e67417f900ce1dca2605edeace2b7a4ac2bbbaa6ba874b5c0b68e10061e8f699,positive_parity,11/20,4096,80,False,False,False,False,False,True,True,True,True,False,False
2681,02681.json,1105f9f46e5a1c4c6149c70771b4eaf5ec24c88e4deefe2836447472295b65c0,positive_parity,11/20,4096,81,False,False,False,False,False,True,True,True,True,False,False
2682,02682.json,01bbfa554c17f73094e1de4e62bf79cc21d56fbfaec5f43a6ca217b4a1931d95,positive_parity,11/20,4096,82,False,False,False,False,False,True,True,True,True,False,False
2683,02683.json,b3c7eae8d630a95da4fdb35c5599dcd1898f90030c734b9285099d119e151e98,positive_parity,11/20,4096,83,False,False,False,False,False,True,True,True,True,False,False
2684,02684.json,70b2c8fa78f76de121e97d2a94504167eb48042eda5f1bdf1120d8f03b033cf3,positive_parity,11/20,4096,84,False,False,False,False,False,True,True,True,True,False,False
2685,02685.json,d05c507614b634e3325151fe84deeb979f8f78a6144d10140719d4c8d5c6ce01,positive_parity,11/20,4096,85,False,False,False,False,False,True,True,True,True,False,False
2686,02686.json,ae350459eb4354125e1e3c1ae844cacd4c7d11fe61d31e366c5d0cfd014d92f9,positive_parity,11/20,4096,86,False,False,False,False,False,True,True,True,True,False,False
2687,02687.json,9fe1529ad46d284e2c8f958b58ddaaf49b97f4e038370c1f0741b42cc2629d07,positive_parity,11/20,4096,87,False,False,False,False,False,True,True,True,True,False,False
2688,02688.json,f61f7aa88d58f4d0bac74ce6c2027de6a395b6e79ac5adb4f19c22bf9426b4a0,positive_parity,11/20,4096,88,False,False,False,False,False,True,True,True,True,False,False
2689,02689.json,87ca6a65c984941ed70963d4672687b849abdc0792c34d66379140fad0ea2e0a,positive_parity,11/20,4096,89,False,False,False,False,False,True,True,True,True,False,False
2690,02690.json,e32a3ff8725c253a1604e409cfe4d8eabdbc2050284f30f352a6ba3871c89973,positive_parity,11/20,4096,90,False,False,False,False,False,True,True,True,True,False,False
2691,02691.json,a3acf81f8ddb1a940c7c2a30b6858603dcc471e664c84af2c4a3e4ef91044f68,positive_parity,11/20,4096,91,False,False,False,False,False,True,True,True,True,False,False
2692,02692.json,729d8521b90b8ca289cdece56d1a64076678447c753ab3257d9c6ec7bd4cc99e,positive_parity,11/20,4096,92,False,False,False,False,False,True,True,True,True,False,False
2693,02693.json,bc119528f650dba7bb8355ebb8faed37b7dd6fbb658fd7053c513fa9c29b39b3,positive_parity,11/20,4096,93,False,False,False,False,False,True,True,True,True,False,False
2694,02694.json,226bc6f78913a31c2c60cccc78f762abde61607d4a56e9698269046bf65c4c5d,positive_parity,11/20,4096,94,False,False,False,False,False,True,True,True,True,False,False
2695,02695.json,b967c8f58c086284d19b48920225e89cf86275f77dca03ad44dc1b09a3d3b331,positive_parity,11/20,4096,95,False,False,False,False,False,True,True,True,True,False,False
2696,02696.json,a59fb937ddacd4369927b8cccd055d7c24d80600b1c0603ac6290af42ffffbc2,positive_parity,11/20,4096,96,False,False,False,False,False,True,True,True,True,False,False
2697,02697.json,51c86e238042931f5cd666d90c6a3600fb4071c8789600da83f12773f5e4cd06,positive_parity,11/20,4096,97,False,False,False,False,False,True,True,True,True,False,False
2698,02698.json,b3e8e239361379d7aa054bf6b1c8f63f441b41e97547ab73a5716defe468a320,positive_parity,11/20,4096,98,False,False,False,False,False,True,True,True,True,False,False
2699,02699.json,60e166a66a3987a9291290f042d988fa48a10a1c45e3ad56da2cacc2bfdd683f,positive_parity,11/20,4096,99,False,False,False,False,False,True,True,True,True,False,False
2700,02700.json,ac127c97bb1fb3f46e5f6ab5f34910fc6d4baaf70034aed122d932253f29354a,positive_parity,11/20,8192,0,False,False,False,False,False,True,True,True,True,False,False
2701,02701.json,5ed8a1a599e243751da46dcd8b1d64063b497c25b1accb879f535a6294bf4d64,positive_parity,11/20,8192,1,False,False,False,False,False,True,True,True,True,False,False
2702,02702.json,f630bdbf68ad7be03df43d2d54f742af54a80b078551749fe8e7784d83872122,positive_parity,11/20,8192,2,False,False,False,False,False,True,True,True,True,False,False
2703,02703.json,d4e4c7f15afeacb42bd2847872d1c63208aea8a026e364fa6aeec9b937576eda,positive_parity,11/20,8192,3,False,False,False,False,False,True,True,True,True,False,False
2704,02704.json,4973d6717946f7aef72fc7cf5fdc58e4bd33d5fde58510fe8d93de185bb343c9,positive_parity,11/20,8192,4,False,False,False,False,False,True,True,True,True,True,True
2705,02705.json,bf23f25ef1e2a4b822c9b6dfec68c9f5c76c189a4dfc8067b25b1b1333b359dd,positive_parity,11/20,8192,5,False,False,False,False,False,True,True,True,True,False,False
2706,02706.json,ec48e5619606c0f39dcc7c6f38a68bcb5a3535a7c095d1cc7e6c40a8b0118b4b,positive_parity,11/20,8192,6,False,False,False,False,False,True,True,True,True,False,False
2707,02707.json,3aa7531a459ec7de510e2f54b1be5d7a0a0bda35c6c647cbdc78d7a8f3a71081,positive_parity,11/20,8192,7,False,False,False,False,False,True,True,True,True,False,False
2708,02708.json,b8a8210da8d50be22c879b04e28b349d761ac1ef493c31f69d9bc7416eae89d1,positive_parity,11/20,8192,8,False,False,False,False,False,True,True,True,True,False,False
2709,02709.json,0126746f7d7a529a72fcc2281114272bc9b0cf2293a8ce41c54e429ff88e9438,positive_parity,11/20,8192,9,False,False,False,False,False,True,True,True,True,False,False
2710,02710.json,3ccf7680e508aa0ba7627eafd7e1d348822a1b116e865ad00e85941de3c7cb88,positive_parity,11/20,8192,10,False,False,False,False,False,True,True,True,True,False,False
2711,02711.json,d8f4103fb67be37bb7c73478134d7cd9ea7047a7418abfbdb6e6c41929956218,positive_parity,11/20,8192,11,False,False,False,False,False,True,True,True,True,True,True
2712,02712.json,237d27e94919e084738711c5ea1228a51c8801103d0acf81c4344d5be555c5ac,positive_parity,11/20,8192,12,False,False,False,False,False,True,True,True,True,False,False
2713,02713.json,64e64b58983a4ff04e5185adabf8f5112a06c71e158578699de064fefaa2be6d,positive_parity,11/20,8192,13,False,False,False,False,False,True,True,True,True,False,False
2714,02714.json,4e4a3691b3998ac39864dca177b2a494f98fd7b1f04170c5969305fc747737b2,positive_parity,11/20,8192,14,False,False,False,False,False,True,True,True,True,False,False
2715,02715.json,7dd0f791b560fa5fc1d5e4f7c16d978465a508936c62e30a902f72208e623b1f,positive_parity,11/20,8192,15,False,False,False,False,False,True,True,True,True,False,False
2716,02716.json,7ad93a06494b856283512a751ae4c829f784ba90d5e1d6d0cba0070aa49af225,positive_parity,11/20,8192,16,False,False,False,False,False,True,True,True,True,False,False
2717,02717.json,46cb44263c06113a2bb9bd6e9d931d0b4d33cdb6e9d8be8371c0331b497d9dd9,positive_parity,11/20,8192,17,False,False,False,False,False,True,True,True,True,False,False
2718,02718.json,aeb720b9b36b6163ed7e318119a78423840aec01b1fa02aa42dd977eae5b5112,positive_parity,11/20,8192,18,False,False,False,False,False,True,True,True,True,False,False
2719,02719.json,1c80f9691a28f9b1b91d4277a7e70643ba73a0d4da10896be113b7ab5c43aa00,positive_parity,11/20,8192,19,False,False,False,False,False,True,True,True,True,False,False
2720,02720.json,e77cd4933950de980739787982ab213ec62507ec090bfad167d8b542cb14d800,positive_parity,11/20,8192,20,False,False,False,False,False,True,True,True,True,False,False
2721,02721.json,3d9ce54117cfe974d6a14e679cdbe1d6c5fd19bd09181ca2269825506a4e008d,positive_parity,11/20,8192,21,False,False,False,False,False,True,True,True,True,True,True
2722,02722.json,08fe800100d73747f9b7acf7515c2d9f181d779474e05b2148ff4054a2ec7720,positive_parity,11/20,8192,22,False,False,False,False,False,True,True,True,True,False,False
2723,02723.json,f07ddc5352e7b3ab748bf90e242e364064e7536bc191db79a160bedaa095ef62,positive_parity,11/20,8192,23,False,False,False,False,False,True,True,True,True,False,False
2724,02724.json,d434fbdf6b9d06865ffe76ff58f4ecc4f770f3aab1479ee128cb890fcf5ab883,positive_parity,11/20,8192,24,False,False,False,False,False,True,True,True,True,False,False
2725,02725.json,d714de3980b4967f5d6d13a0dc30a8b395957a8f3a7154d96c7f719c8f6d14e7,positive_parity,11/20,8192,25,False,False,False,False,False,True,True,True,True,False,False
2726,02726.json,993fa36dee710fb0d7b3de945dbdb1dc7ec440e7cf99fdbd162fd95feb70e6de,positive_parity,11/20,8192,26,False,False,False,False,False,True,True,True,True,False,False
2727,02727.json,99054e85a0ef282b51844e551f328862ae72e0f1617daceda2d33a981b4b7eb1,positive_parity,11/20,8192,27,False,False,False,False,False,True,True,True,True,False,False
2728,02728.json,b4b53426aec38f63576ad75a0d55b332c4ba92e8af156cd5724f73bb086ce036,positive_parity,11/20,8192,28,False,False,False,False,False,True,True,True,True,False,False
2729,02729.json,8ca928020c711ff5c94a8286a9cd08e7ebfa7f8c434af19484519dfb163c5c5b,positive_parity,11/20,8192,29,False,False,False,False,False,True,True,True,True,False,False
2730,02730.json,ff55d789731d5d6b2984513ff1a724911309e6c3469e6afda40d697e99a41760,positive_parity,11/20,8192,30,False,False,False,False,False,True,True,True,True,False,False
2731,02731.json,47f224f05c994b974630091fc41314666743022fe9d3331c1e40673d739fa5cb,positive_parity,11/20,8192,31,False,False,False,False,False,True,True,True,True,True,True
2732,02732.json,6ec9a05db5eee234e284758d3da60bac235c7ddd2590e2f99c96be16ef2c98b7,positive_parity,11/20,8192,32,False,False,False,False,False,True,True,True,True,False,False
2733,02733.json,7427fcd746315151fd0925086363f872b3b28e483f9149d9a59f78795b6eb8ab,positive_parity,11/20,8192,33,False,False,False,False,False,True,True,True,True,False,False
2734,02734.json,2bcad3d765dc8f6172716f25224671557f688181e07ea3fb4769c612d4553fa9,positive_parity,11/20,8192,34,False,False,False,False,False,True,True,True,True,False,False
2735,02735.json,fb953eac05a25276cf4732bc4d66aa25f36892fd4630b2905701211d228b0ea0,positive_parity,11/20,8192,35,False,False,False,False,False,True,True,True,True,False,False
2736,02736.json,7db0afe47ac550c25a073e294ff6120cdbb143f28e8a2480aa1ee5e3283039ce,positive_parity,11/20,8192,36,False,False,False,False,False,True,True,True,True,False,False
2737,02737.json,590bb87ed52ec2cc7ae0d89074bdc76e3a2b2f625d928c2b9ee940dcdd9809ad,positive_parity,11/20,8192,37,False,False,False,False,False,True,True,True,True,False,False
2738,02738.json,ae541ac9b3853fb2f60a335bfb4543e65b5124c9faaf09d358f74ad15596453e,positive_parity,11/20,8192,38,False,False,False,False,False,True,True,True,True,False,False
2739,02739.json,f75d47c33b95a293bd796968d77bb941ee4d20b68f9f4675a5b37b68266b2a70,positive_parity,11/20,8192,39,False,False,False,False,False,True,True,True,True,False,False
2740,02740.json,11e6b332213dfff0059e00d04601be0959802940a42ce0859f5fcc961e88bd6c,positive_parity,11/20,8192,40,False,False,False,False,False,True,True,True,True,False,False
2741,02741.json,b726e7833a9f6c75cb82f809c920d5d2f5c788134cfac4c7e8acc838d68a62c8,positive_parity,11/20,8192,41,False,False,False,False,False,True,True,True,True,False,False
2742,02742.json,d4081d5cf45cc07f3fd45c64c777984126ef10e366ffcdcba2d179333e499e83,positive_parity,11/20,8192,42,False,False,False,False,False,True,True,True,True,False,False
2743,02743.json,4a8618b52fdd9a19a1456801b1be80910308b24f03f669ecf147fe2a4030f96f,positive_parity,11/20,8192,43,False,False,False,False,False,True,True,True,True,False,False
2744,02744.json,2e89aa9bfa5a548941717bbd62c29f9e72634273c36b508880ca9c92aa6b7320,positive_parity,11/20,8192,44,False,False,False,False,False,True,True,True,True,False,False
2745,02745.json,69c7f1e3c04637232798df5bf64044f4e6eb8248ca604ad5883a939049fbcc8a,positive_parity,11/20,8192,45,False,False,False,False,False,True,True,True,True,False,False
2746,02746.json,20b165e0df56453671faae84183885c9efaf8e6552d5431dd4677d0b082fe69c,positive_parity,11/20,8192,46,False,False,False,False,False,True,True,True,True,False,False
2747,02747.json,5a32b93104a7ca97f582ac541bd75a39c00f209b22b238075dd658001469ac31,positive_parity,11/20,8192,47,False,False,False,False,False,True,True,True,True,False,False
2748,02748.json,b7c99a807277fc4b6863d23d0cb399eb20932ffe6a61ea745975e2e3c69f85ef,positive_parity,11/20,8192,48,False,False,False,False,False,True,True,True,True,False,False
2749,02749.json,e786ed2f48916996b09bd5385603b74471ded67a881c32acfc35e176ee521a5f,positive_parity,11/20,8192,49,False,False,False,False,False,True,True,True,True,True,True
2750,02750.json,51a24076ece80437c78788e2bd34809e815ebf7564bf14d274882bc507212afa,positive_parity,11/20,8192,50,False,False,False,False,False,True,True,True,True,False,False
2751,02751.json,dc6423dc00f51bf9eccf09f33fc6c37896d45b52c0a8cf57ece13fd9cd2fcc07,positive_parity,11/20,8192,51,False,False,False,False,False,True,True,True,True,False,False
2752,02752.json,93c0810e71356d6e93c1318fdef74b1a31c830af0c047dba868c1ffff2536861,positive_parity,11/20,8192,52,False,False,False,False,False,True,True,True,True,True,True
2753,02753.json,9bd1e955148be1e8126a9f2f435490ce3ad029dd184c4ebee8a280d4ad278d79,positive_parity,11/20,8192,53,False,False,False,False,False,True,True,True,True,False,False
2754,02754.json,c7ef9cd41acbeedbb3e9f09cb287b7c4128e5c86ad942ec34538e34dce1ae749,positive_parity,11/20,8192,54,False,False,False,False,False,True,True,True,True,True,True
2755,02755.json,2b93ecced83567c37432e52a05d0f4a127542ca20b0516c3c004e680dc3da558,positive_parity,11/20,8192,55,False,False,False,False,False,True,True,True,True,False,False
2756,02756.json,ceb8afc83e1a2e70f0eb688d8385ddedff70130778a9cdc46fb10852a8cb86a1,positive_parity,11/20,8192,56,False,False,False,False,False,True,True,True,True,False,False
2757,02757.json,586503ffc83d96daafcd990fa106d37cc842a832cee096ea9e36a8824a4143a1,positive_parity,11/20,8192,57,False,False,False,False,False,True,True,True,True,False,False
2758,02758.json,39ad4333a647fd5bf13a714219f67059fe11026eb74a90388b70f5deb7ff00a3,positive_parity,11/20,8192,58,False,False,False,False,False,True,True,True,True,False,False
2759,02759.json,3a73ec589ab8ffd56f07225c7e688437e41cf0cbef4fa0e99b8d0260884ab3e7,positive_parity,11/20,8192,59,False,False,False,False,False,True,True,True,True,False,False
2760,02760.json,799cf5fcf1711f5c717656674f3eb43dddb84e2150e39e9df7ffcc0848be6156,positive_parity,11/20,8192,60,False,False,False,False,False,True,True,True,True,False,False
2761,02761.json,44e4523e9e29519053b0d91ec2081ba700416e7baf42e2f97c14ace9a201c2af,positive_parity,11/20,8192,61,False,False,False,False,False,True,True,True,True,False,False
2762,02762.json,4b51888e43495ac89de536a0f40baa6eef98058f7179ba17cb7e46dc566f3a90,positive_parity,11/20,8192,62,False,False,False,False,False,True,True,True,True,False,False
2763,02763.json,9d80e705f7ffd66582d26a0efb33d2ebe7c6ecc93079840a4dd6ddb82fbcc8cb,positive_parity,11/20,8192,63,False,False,False,False,False,True,True,True,True,False,False
2764,02764.json,78da33fb99bd24645b7eaabd829d89c14870446839e473b8b380f592811ff72a,positive_parity,11/20,8192,64,False,False,False,False,False,True,True,True,True,False,False
2765,02765.json,e64446baa7b5a2f5e28e9ad6bc1b09fa2a89691433e495e82f345b8888a5bf42,positive_parity,11/20,8192,65,False,False,False,False,False,True,True,True,True,True,True
2766,02766.json,c36fdbf9870f160c46a9730c27477ef25fcc9f0a9fd14c01ba407087f9482fd5,positive_parity,11/20,8192,66,False,False,False,False,False,True,True,True,True,False,False
2767,02767.json,0093b1af7dac1d8a85749f96fc8848034e6909b28713758e637f53fd2a86decf,positive_parity,11/20,8192,67,False,False,False,False,False,True,True,True,True,False,False
2768,02768.json,d1848f8fcdf5d292b6120cbda248e11cfa793597496bbeb748a113d78fa66eb2,positive_parity,11/20,8192,68,False,False,False,False,False,True,True,True,True,False,False
2769,02769.json,3caba2405f91a9aced270b8f2f72158d58fa38f441c46b29a06654673ed460ff,positive_parity,11/20,8192,69,False,False,False,False,False,True,True,True,True,False,False
2770,02770.json,b0a05bfb7e7385160296319ae99732aaae6ee3ec2a663a254bdd2e1c135276b0,positive_parity,11/20,8192,70,False,False,False,False,False,True,True,True,True,False,False
2771,02771.json,f40882b359b9dc0972aa16bd16fcd8c4b5ba1a1f8188f32575278e1357bc1b5b,positive_parity,11/20,8192,71,False,False,False,False,False,True,True,True,True,False,False
2772,02772.json,57ff920e826cebb7351795922a5c749be12f7d3ef6fec4945bc9c07333b8d0af,positive_parity,11/20,8192,72,False,False,False,False,False,True,True,True,True,False,False
2773,02773.json,f69135e30471bd5d217ad28a5d1f00ce97443da7d3daa1f398bc866dec2dbb2a,positive_parity,11/20,8192,73,False,False,False,False,False,True,True,True,True,False,False
2774,02774.json,16a5678f3522a1201bf22658fd873fcb6e81415be223dfea7dc452ef42746820,positive_parity,11/20,8192,74,False,False,False,False,False,True,True,True,True,False,False
2775,02775.json,be8c22d71d93461daba66ace670f5183a68867349782923d4badf64f3de641f5,positive_parity,11/20,8192,75,False,False,False,False,False,True,True,True,True,True,True
2776,02776.json,4dc38820f4c9646c6e441e9eab54ce48152f6e4e2b4ae311988a60d8687818b9,positive_parity,11/20,8192,76,False,False,False,False,False,True,True,True,True,False,False
2777,02777.json,764ef42a962a0043825eba8591efdbb068f437635add6838c727638b32bd74de,positive_parity,11/20,8192,77,False,False,False,False,False,True,True,True,True,True,True
2778,02778.json,a65ef15771e5ac5b86caac86e0cc5cad4fb2d7327d4944ccef8fc4956f234218,positive_parity,11/20,8192,78,False,False,False,False,False,True,True,True,True,False,False
2779,02779.json,b03fa0b86d0829e6fc50c5e211f35b20c45efca5a1662103cea585b6fab54b15,positive_parity,11/20,8192,79,False,False,False,False,False,True,True,True,True,False,False
2780,02780.json,e7f8f529be2279b30e14c0ab1cd2561c58de14e065edd84b530c8c1797d9dd67,positive_parity,11/20,8192,80,False,False,False,False,False,True,True,True,True,False,False
2781,02781.json,bce97b3c2d6a03545f053bdbbd96f9d83d69c371c2470347488bcbd35c56d348,positive_parity,11/20,8192,81,False,False,False,False,False,True,True,True,True,False,False
2782,02782.json,9b2179f55d7aa8df02c64c60891a0e54880ef2ae8ada1bc0334d76de931c71f4,positive_parity,11/20,8192,82,False,False,False,False,False,True,True,True,True,False,False
2783,02783.json,ad75a275b50926b775873a03fe8bfbcf2ae0ac3f778752508a6e701d740d36a6,positive_parity,11/20,8192,83,False,False,False,False,False,True,True,True,True,False,False
2784,02784.json,471d764f29a002074486f180190ab2075abaf33a54386679f503a1efab682b79,positive_parity,11/20,8192,84,False,False,False,False,False,True,True,True,True,True,True
2785,02785.json,9bf5eec5dc289a0a51ed8b1d1ef179f27a948b14b1f93710df90848e76e01461,positive_parity,11/20,8192,85,False,False,False,False,False,True,True,True,True,False,False
2786,02786.json,9403e23a6e61fb7fbdf927f697e3f62ff8e9f7cd0756ddf83bdc46bf2e77b330,positive_parity,11/20,8192,86,False,False,False,False,False,True,True,True,True,False,False
2787,02787.json,75a69a407510a6ad11afab01d91521a01437ee776c506a9fcc2019aacfc90ce4,positive_parity,11/20,8192,87,False,False,False,False,False,True,True,True,True,False,False
2788,02788.json,5e59678d61dc8ae3908097d5d4a77a257612795d3eac8aad7a9725a76307a52f,positive_parity,11/20,8192,88,False,False,False,False,False,True,True,True,True,False,False
2789,02789.json,67d082b01a03cd43af0c6ea274a9daf116d85376b73c6ceb13d757aaa4c788e7,positive_parity,11/20,8192,89,False,False,False,False,False,True,True,True,True,True,True
2790,02790.json,4a87b05d811e32b42ab5808378e9896562a0ed3608b078ef7ecb56310217b437,positive_parity,11/20,8192,90,False,False,False,False,False,True,True,True,True,False,False
2791,02791.json,e57e3272d09de3c69ee89a1ae79971bedf08c42b1db4ee25b06970ae169abe2b,positive_parity,11/20,8192,91,False,False,False,False,False,True,True,True,True,False,False
2792,02792.json,e140c32a46f0fc62fc4ab3cfb728b7c4136d659f312e32ec4c6a95215dd3b30b,positive_parity,11/20,8192,92,False,False,False,False,False,True,True,True,True,True,True
2793,02793.json,fad5ab9f81eecbfa254a1babccc3775e74031b13556ee707f1199124e1a33cb4,positive_parity,11/20,8192,93,False,False,False,False,False,True,True,True,True,False,False
2794,02794.json,e60306f6b9947a9391a98e3177f052e2284cbe189bd5315a2950684f760f6402,positive_parity,11/20,8192,94,False,False,False,False,False,True,True,True,True,False,False
2795,02795.json,8f149c910ddc8d5028ce06df852694a550afb32a205ab4bb929fd116b4a5f0f1,positive_parity,11/20,8192,95,False,False,False,False,False,True,True,True,True,False,False
2796,02796.json,eb2941f7117e3f6c36ac4fbbd9fa0a5668a0b96953f2af9ad0fa697afaaa987f,positive_parity,11/20,8192,96,False,False,False,False,False,True,True,True,True,False,False
2797,02797.json,f4fd73ed86ce6410c5be06ee687523b170bb3906ce6ac1dcb371d992b050052e,positive_parity,11/20,8192,97,False,False,False,False,False,True,True,True,True,False,False
2798,02798.json,5a6c85e0f249c6594a25b71b1198e6b667d045c3d901b269a293ffa8fafff095,positive_parity,11/20,8192,98,False,False,False,False,False,True,True,True,True,False,False
2799,02799.json,fa6a5146f911d7c8a40bfcb3bf0ee26f7b934501844d20f151caed6f1f7820c1,positive_parity,11/20,8192,99,False,False,False,False,False,True,True,True,True,False,False
2800,02800.json,24bc05a52f2ea68d79b46da3e979645a4b91146537865507789120cdd3f7bb1d,positive_parity,3/5,64,0,False,False,False,False,False,True,True,False,False,False,False
2801,02801.json,809e14f02bda8dea4a022b255b69150b0c03b9f4a830d3b0b64cb1c5253d114d,positive_parity,3/5,64,1,False,False,False,False,False,False,False,False,False,False,False
2802,02802.json,6af93d8a6840874e65a11f4547efa567419a58d9102432a97b43a1fdb4838029,positive_parity,3/5,64,2,False,False,False,False,False,True,True,False,False,False,False
2803,02803.json,b7bf6ab80b423fed60f7d5a2297710a82749ac4626151bd1fdfbc0b31c8bc29a,positive_parity,3/5,64,3,False,False,False,False,False,True,True,False,False,False,False
2804,02804.json,8755540fcba56f393423f2a93d58e7dec63eee8b08a4c692bfdd9866fa969e04,positive_parity,3/5,64,4,False,False,False,False,False,True,True,True,True,False,False
2805,02805.json,3d003cad0c8a644532cdf0718838761c83f3573dd29c685ad21315d58d55604b,positive_parity,3/5,64,5,False,False,False,False,False,True,True,True,True,False,False
2806,02806.json,861a955e307656d3811327fdef5b1c84b294fe10090fcee7c0fb1c6aff68f48f,positive_parity,3/5,64,6,False,False,False,False,False,True,True,True,True,False,False
2807,02807.json,df58a8dedb6dad4379ab7ec9f8b40241a4963dc2edb708e310acae52fd2a9b2f,positive_parity,3/5,64,7,False,False,False,False,False,True,True,True,True,False,False
2808,02808.json,c32b5f65343ebc4d2b2cf1c0b9d32b45e064dec0d09f4cdd0d00c3e203025f10,positive_parity,3/5,64,8,False,False,False,False,False,True,True,False,False,False,False
2809,02809.json,9ba31efd34674d2808c0175d6a79bd9edb5782b9e1dc04116a0c0dadd7f85410,positive_parity,3/5,64,9,False,False,False,False,False,True,True,True,True,False,False
2810,02810.json,91a36dd32ab008a13fe4df526ccdad181cbc62fc19576721cd528996a568c00e,positive_parity,3/5,64,10,False,False,False,False,False,True,True,True,True,False,False
2811,02811.json,ccbe709bd90831ff745858e41cf4251d468001c43aed97eaccf3fcef25644fb5,positive_parity,3/5,64,11,False,False,False,False,False,True,True,True,True,False,False
2812,02812.json,220e6bd008e0e05ee19552d8e1c668caf85e7b3f8bd792608a0f7eb553323e16,positive_parity,3/5,64,12,False,False,False,False,False,True,True,True,True,False,False
2813,02813.json,2cf8e6073f22e6dfd9c218f83fd3fc4352199b1dcc3654e182e9250532a32954,positive_parity,3/5,64,13,False,False,False,False,False,True,True,True,True,False,False
2814,02814.json,c3be91af03050016c42de24515fc5a3bb03082492081cc57c041182b3753d8fc,positive_parity,3/5,64,14,False,False,False,False,False,True,True,False,False,False,False
2815,02815.json,cd2f052f82083232f270f0bff3bf929543760b62bdb2f95c994ff71837078412,positive_parity,3/5,64,15,False,False,False,False,False,False,False,False,False,False,False
2816,02816.json,bac19dc0de238f88972d4bd3a5e14ff0d58674136d4155bc1670b94472d30e16,positive_parity,3/5,64,16,False,False,False,False,False,False,False,False,False,False,False
2817,02817.json,b99fd86b2a731ee7089bf56965b7e7e612354e2727ee4eebcf1ed87e58aaa2ee,positive_parity,3/5,64,17,False,False,False,False,False,False,False,False,False,False,False
2818,02818.json,d2d2d9ace889465ae38c1bfcf64f64e22245fef7e4e358441e14051b06131dcf,positive_parity,3/5,64,18,False,False,False,False,False,True,True,True,True,False,False
2819,02819.json,77680fb818fb05bb95d6a069771e51df72cf4fa94fc61721599a0214098e764a,positive_parity,3/5,64,19,False,False,False,False,False,True,True,False,False,False,False
2820,02820.json,31b9eaefd5fbc8b3419c79ecdf43338c4cd86b1015a921f2a6402281b3ddb4a3,positive_parity,3/5,64,20,False,False,False,False,False,True,True,False,False,False,False
2821,02821.json,1cd8b1de78a68803a566c23be6ac9c9cdab5d2b1a7d9087934c10edb067eeb05,positive_parity,3/5,64,21,False,False,False,False,False,False,False,False,False,False,False
2822,02822.json,70d326d0652b7bf99f19ab7afaca4f6da766efbee3df80ab9d0d36f6e2b17291,positive_parity,3/5,64,22,False,False,False,False,False,True,True,True,False,False,False
2823,02823.json,e41b7e527fa471ecefdf29464a4068e8957ebbb556a6ddd5e9f16a0a6047c178,positive_parity,3/5,64,23,False,False,False,False,False,True,True,False,False,False,False
2824,02824.json,6392e38876e0c59cd8dc3001b21849deaeb591f987b4745bcef570e05334eb5e,positive_parity,3/5,64,24,False,False,False,False,False,False,False,False,False,False,False
2825,02825.json,464f69cff13299ba8383a9c72c3228491b894fd045df531b96c3e578768dbbf9,positive_parity,3/5,64,25,False,False,False,False,False,True,True,False,False,False,False
2826,02826.json,2125d7c6e004c3450f588dc7233ae4d2d998b067627cfef7d9eb92ebca253259,positive_parity,3/5,64,26,False,False,False,False,False,True,True,True,True,False,False
2827,02827.json,c3463ff767c05356ff7f36c97155e26a548a73964aca87ddc090ae78ecde59a5,positive_parity,3/5,64,27,False,False,False,False,False,True,True,False,False,False,False
2828,02828.json,f7b6fd654ee18c30b0fee50bbc506f8eaa593212ddd0d600a79cc843ff605398,positive_parity,3/5,64,28,False,False,False,False,False,False,False,False,False,False,False
2829,02829.json,33aac6d484ebea9c5efbc7f9364687fa703587c17f981f783e5f55c8d44a6287,positive_parity,3/5,64,29,False,False,False,False,False,True,True,False,False,False,False
2830,02830.json,7ed4614f9cc1d8c485f75b1ac78dbedca4ec629bd2b268a85bfc744a8f117114,positive_parity,3/5,64,30,False,False,False,False,False,True,True,False,False,False,False
2831,02831.json,3e051eac4ec94600e0530946b3aabbb34990a7126d04a35c6cdae6a319b90e5e,positive_parity,3/5,64,31,False,False,False,False,False,True,True,False,False,False,False
2832,02832.json,5c2a2b29e019beb1fb2f52c602be77b72c634ffdf867442a4ffafa8fbf1a87c1,positive_parity,3/5,64,32,False,False,False,False,False,True,True,True,True,False,False
2833,02833.json,afc30466bbdddf21e479944baab28d5ba5e454b5a1314b6e8c45ef2af9191a94,positive_parity,3/5,64,33,False,False,False,False,False,True,True,True,True,False,False
2834,02834.json,c9efde0b98fdd204f3e1f019fe39e781949daa8c2a6e932e168b2393947c9623,positive_parity,3/5,64,34,False,False,False,False,False,True,True,False,False,False,False
2835,02835.json,a87a4108d6aefec35a8f1f1870573cd6c9c84f10ec41b2e7c15f2dd3c289b79b,positive_parity,3/5,64,35,False,False,False,False,False,True,True,False,False,False,False
2836,02836.json,a3504dd36d6f07a017e03b1fc85bd6cc6663d138af24d99411c895d833f2cdfc,positive_parity,3/5,64,36,False,False,False,False,False,False,False,False,False,False,False
2837,02837.json,e12f91acf01e5c6e95a61946d76efa10a35a36b4c13e2f7b0125c8ecb3154c24,positive_parity,3/5,64,37,False,False,False,False,False,True,True,True,True,False,False
2838,02838.json,d20c597b1d221ab651aec4afa775f8b05d13b5fbd37f5cb53b7b44c201f3fe12,positive_parity,3/5,64,38,False,False,False,False,False,True,True,True,True,False,False
2839,02839.json,47abdfc1009c57c66264d5c9c0f5784e435f3644936b511ebd2a2d8699fca5bc,positive_parity,3/5,64,39,False,False,False,False,False,True,True,False,False,False,False
2840,02840.json,4b1aa2d0d0166448065d256137143913846f8d79b6824d3aaa418061ce9a1939,positive_parity,3/5,64,40,False,False,False,False,False,True,True,False,False,False,False
2841,02841.json,a836a83c78c0a7a9d02046678b1310daa4dffde3642824c89f31ea94ef95032a,positive_parity,3/5,64,41,False,False,False,False,False,True,True,False,False,False,False
2842,02842.json,08d4b4d55224de5d76aac62ce93c2cca4d51de6022113a0cee82a6dd5ff08811,positive_parity,3/5,64,42,False,False,False,False,False,True,True,False,False,False,False
2843,02843.json,d9870d2623c7c66ef9b240692f458129c91754dbba9a3f9003710ac7e5110ed3,positive_parity,3/5,64,43,False,False,False,False,False,True,True,True,True,False,False
2844,02844.json,6d2231850f66c2e8edc84a1452608f577df39b708388976fff871268781da532,positive_parity,3/5,64,44,False,False,False,False,False,True,True,False,False,False,False
2845,02845.json,de16cf506b4dfcd73bae2775d500df3218103fcc1559b27a3d46989598728c34,positive_parity,3/5,64,45,False,False,False,False,False,False,False,False,False,False,False
2846,02846.json,083ceb4d9b4e9e89d1e11275c50e570fa5770650ff948340b649dd9c798993f5,positive_parity,3/5,64,46,False,False,False,False,False,True,True,False,False,False,False
2847,02847.json,8bea533d03877894eeceea60aebd5bce33944e324c79c362342e257ddc36bbad,positive_parity,3/5,64,47,False,False,False,False,False,True,True,True,True,False,False
2848,02848.json,e738071d797626f551479be8392f0cd56ca82060e54b0f59e6ae6783d618b75f,positive_parity,3/5,64,48,False,False,False,False,False,False,False,False,False,False,False
2849,02849.json,31ac6640ecf6396e24abf141e9d981b2b52fe5f847b75539fc6bb736df769fc3,positive_parity,3/5,64,49,False,False,False,False,False,True,True,False,False,False,False
2850,02850.json,0c38d6e72d8b023ef8fd72b2244907fb44aba5d328712900dff927973ae0eb3c,positive_parity,3/5,64,50,False,False,False,False,False,True,True,False,False,False,False
2851,02851.json,d0bd88c24d41c5addd6f8e98831f38021286fabdbefb9e39d2d548dc2c99f00b,positive_parity,3/5,64,51,False,False,False,False,False,True,True,False,False,False,False
2852,02852.json,72f4e54575223accd7ed8923b711e6f2d905d8fb9977fe1fe64e29a749623b97,positive_parity,3/5,64,52,False,False,False,False,False,True,True,False,False,False,False
2853,02853.json,2e084fff7d427734b4f29aee805cf43d3b32d8edd84b8f2874f77c5e92c85f54,positive_parity,3/5,64,53,False,False,False,False,False,True,True,False,False,False,False
2854,02854.json,7bf314e65847c066c36f8edc39a0693b9ff9e1df25fc5db244f51eac7834f8a8,positive_parity,3/5,64,54,False,False,False,False,False,True,True,True,True,False,False
2855,02855.json,567fba2ac5353b7f41f3836cf0be770b243b1e689c857dc1cf39a993f7ba9628,positive_parity,3/5,64,55,False,False,False,False,False,True,True,True,True,False,False
2856,02856.json,97c9a9f7146a42a23cd6bfb931d3a12dc7b5f99ae8e3bfe936d19feaf17deb3a,positive_parity,3/5,64,56,False,False,False,False,False,False,False,False,False,False,False
2857,02857.json,2bbd9b7d9607eab4f90707b9f15a725ead027e1ee626c66584f54ef3cd04781e,positive_parity,3/5,64,57,False,False,False,False,False,True,True,True,True,False,False
2858,02858.json,48ab182a0a97ca3944564e68c32e5d856fc42845dcafd0fb28d37ffd03daeb8b,positive_parity,3/5,64,58,False,False,False,False,False,True,True,True,True,False,False
2859,02859.json,58ae4fecc4cc2c58b4deba2badfe0ccd60e97f2cc3b16cc5680304f61ca0aa41,positive_parity,3/5,64,59,False,False,False,False,False,True,True,False,False,False,False
2860,02860.json,7eef73d3c7b6cf6b1d8e8ac9c97cda2e170cf2245e367d747a956bc2fda8f33a,positive_parity,3/5,64,60,False,False,False,False,False,True,True,True,True,False,False
2861,02861.json,314549e218e5c0602560bdaeec30344319d7798656775551988d7fd878530afb,positive_parity,3/5,64,61,False,False,False,False,False,True,True,False,False,False,False
2862,02862.json,b481da8f178ac7fedd20571241f14dad3d05edc985f8e970be968806641bbd11,positive_parity,3/5,64,62,False,False,False,False,False,True,True,False,False,False,False
2863,02863.json,c8ba00dde3b87b96e7306439fa213bcd17c6b02ee0f59f18240322c596b2cff4,positive_parity,3/5,64,63,False,False,False,False,False,True,True,False,False,False,False
2864,02864.json,e853e709fb2cfbc1c25d15f525c482c2a812d06aae5ce53bba63a1753bc491d4,positive_parity,3/5,64,64,False,False,False,False,False,False,False,False,False,False,False
2865,02865.json,c96531f60b30d20b4d4be5ec87649edc5140b2149d0ec33b2875a041f545d9cc,positive_parity,3/5,64,65,False,False,False,False,False,True,True,True,True,False,False
2866,02866.json,649f6ca427d57d44b39e02f987577dab79a7d798bd7aecdcff596900abb65dc6,positive_parity,3/5,64,66,False,False,False,False,False,False,False,False,False,False,False
2867,02867.json,2bcd40a45c61d3349cfe5f6ad2b35a73e1efb61f46574c06e6d0da5b4fd8f8cb,positive_parity,3/5,64,67,False,False,False,False,False,True,True,False,False,False,False
2868,02868.json,2263bbe2dc7c0812deb13f64e813a409f898f7853a6cfef0b82186c83c9cbbc7,positive_parity,3/5,64,68,False,False,False,False,False,True,True,True,True,False,False
2869,02869.json,aa27bfc98560cc1f2c58188e1ac382240ac349dff4ecc34502ee190a3f2038f4,positive_parity,3/5,64,69,False,False,False,False,False,True,True,True,True,False,False
2870,02870.json,4cd5d01eea9f7627438409b08354edc221fa3f3c3770aff0c0a276512f63a5c5,positive_parity,3/5,64,70,False,False,False,False,False,False,False,False,False,False,False
2871,02871.json,3dc2e85fc64f30cd873d22132bf87c611f1e47bdb90dff2dae55616bc2e406ee,positive_parity,3/5,64,71,False,False,False,False,False,True,True,True,True,False,False
2872,02872.json,191be688493082b266c1773e568788cd77dfac50a6d32be33f2072bbc6e5a130,positive_parity,3/5,64,72,False,False,False,False,False,True,True,True,True,False,False
2873,02873.json,1e434a5b0d1eff27f1d812bef12a9e4cd0c74e441f7259e80b5ca419a9f9bfdb,positive_parity,3/5,64,73,False,False,False,False,False,True,True,True,True,False,False
2874,02874.json,eb171b5b134b0f71de180da2414e0cca5a6c2a07d2d6055be5c0bcec00b3e0ad,positive_parity,3/5,64,74,False,False,False,False,False,False,False,False,False,False,False
2875,02875.json,ce06fea87356b912b065dab1297008c8179d30507bb0e48b2ccdd8b7bbdbad76,positive_parity,3/5,64,75,False,False,False,False,False,True,True,False,False,False,False
2876,02876.json,636fb0d3ef5ddd0ab3fe25f8b9d7a6a9901a3123a7d3b9f2f3160ea80e315a28,positive_parity,3/5,64,76,False,False,False,False,False,False,False,False,False,False,False
2877,02877.json,f7c01205c7c0de26977740ff9ce09113f499ff0828c60f54285b9b7c7a78144b,positive_parity,3/5,64,77,False,False,False,False,False,True,True,True,True,False,False
2878,02878.json,2ee66e822a9c4d53b739b2cb42021d44b91186faed8f2efa70a8746b69098de6,positive_parity,3/5,64,78,False,False,False,False,False,True,True,True,True,False,False
2879,02879.json,5f9fafc290a67503816dd3390692cb43a9f4b26bcd7554c30a2451b17aa05daf,positive_parity,3/5,64,79,False,False,False,False,False,True,True,True,True,False,False
2880,02880.json,982ca2d1c44ac14a3bb1fc8f1ee0f5783473d92bc9b4ae139876e016d63a7747,positive_parity,3/5,64,80,False,False,False,False,False,True,True,True,True,False,False
2881,02881.json,e7839cd94821aa578665b94e3610248f7c95a09c719f2bbd20134420ae787e6a,positive_parity,3/5,64,81,False,False,False,False,False,True,True,False,False,False,False
2882,02882.json,c505dd9b434b257b0f22e9fe55ea4a8251df11ec8355150b1f112e9f9b7aea63,positive_parity,3/5,64,82,False,False,False,False,False,True,True,True,True,False,False
2883,02883.json,2c6da4110f7ceb8ce310e61303ff114fe065fd0e3165f9958f1acd905cdbc8e5,positive_parity,3/5,64,83,False,False,False,False,False,True,True,False,False,False,False
2884,02884.json,ac5a126a6ea74597cf34085f170df064598ec011c3fdd6c5afffdbc72b570701,positive_parity,3/5,64,84,False,False,False,False,False,True,True,True,True,False,False
2885,02885.json,675e9fd08f6c6dde58804ca7de30278e509018c6b940e5a6bbf82f98bc76ef6f,positive_parity,3/5,64,85,False,False,False,False,False,True,True,False,False,False,False
2886,02886.json,772d7a7118135a6d757f08d37843e4ef8d852ee401f7899602d983d84923d699,positive_parity,3/5,64,86,False,False,False,False,False,True,True,True,True,False,False
2887,02887.json,a5d54735af03e5e3c8760b8ef125031f21c7845747ce7762cf37d36f1e198816,positive_parity,3/5,64,87,False,False,False,False,False,True,True,True,True,False,False
2888,02888.json,917eed2d4edc1d4e59d950fe31ffa0bf8cf312289aac56b715e90c4b3cdb9e50,positive_parity,3/5,64,88,False,False,False,False,False,True,True,True,True,False,False
2889,02889.json,f6bbe4b70c966830b092eb9438d86324533dce9b3fb7f4bda47a47e4c84decdf,positive_parity,3/5,64,89,False,False,False,False,False,True,True,True,True,False,False
2890,02890.json,12ce0d5674e4c5fc3e3b8df7f2ce99dc588e265cc9b5c1c3f901cafd4e315f09,positive_parity,3/5,64,90,False,False,False,False,False,True,True,False,False,False,False
2891,02891.json,77a60628b05854cb4c7671c3ec9a3b5f8c2a41f973e0ea0b091f30cfa17acae6,positive_parity,3/5,64,91,False,False,False,False,False,True,True,False,False,False,False
2892,02892.json,1af639ed8b2a39391af2ea3a72ac40c2331d5609a53a6c5cc43239125d7c2e00,positive_parity,3/5,64,92,False,False,False,False,False,True,True,True,True,False,False
2893,02893.json,7e4c9cd6cfc7361464609785075dcb452d5c0b9b1724d7e346c51e4a634e7d88,positive_parity,3/5,64,93,False,False,False,False,False,True,True,True,True,False,False
2894,02894.json,40cd3c9d923482fd1fa702345fdf31befb9314fa52917ff2d22a088933b3753a,positive_parity,3/5,64,94,False,False,False,False,False,True,True,True,True,False,False
2895,02895.json,20af1d4d059178bc8b86dcd5b84bda2c3405b7038755d8bd0d17f168a19bffef,positive_parity,3/5,64,95,False,False,False,False,False,True,True,False,False,False,False
2896,02896.json,c8c7b28c3639ced2498e54f8bf7ad4c372dea0329041842bf9a1796561f49961,positive_parity,3/5,64,96,False,False,False,False,False,True,True,True,True,False,False
2897,02897.json,fc0f2d0e38139cbce8628bb8348f3a61e9b066fa3d899db297bbe20d8572d9b7,positive_parity,3/5,64,97,False,False,False,False,False,True,True,False,False,False,False
2898,02898.json,261b25ff828e55e9d0247711bcedabc098ab132815cf263a254156ec559147fa,positive_parity,3/5,64,98,False,False,False,False,False,True,True,True,True,False,False
2899,02899.json,882c005c6d6e2c4eaf095f9b0ca82753eef30a9429adb99e113216e1d9bd4ada,positive_parity,3/5,64,99,False,False,False,False,False,True,True,False,False,False,False
2900,02900.json,a78e5dc046968ffa3319ce6d99c00bf625304067ed3aa4c78f4398478825e97b,positive_parity,3/5,128,0,False,False,False,False,False,True,True,True,True,False,False
2901,02901.json,f128a2c54958d87a0922998e3c71469c5e7974ef37a21e0d88f4a857d2883c9b,positive_parity,3/5,128,1,False,False,False,False,False,True,True,True,True,False,False
2902,02902.json,a370b98edab148345473ce2edcb651c8ab74e95959e977eaae2bdc3ce3cbcf99,positive_parity,3/5,128,2,False,False,False,False,False,True,True,True,True,False,False
2903,02903.json,9951a898c29f6ae74d9dea6dddbc2a243fde8d393f98af610a373c047a90b181,positive_parity,3/5,128,3,False,False,False,False,False,True,True,False,False,False,False
2904,02904.json,b3d4afdb7885d179be41324a5e1af893386cbbc5b00812a06eda3f8812905d18,positive_parity,3/5,128,4,False,False,False,False,False,True,True,True,True,False,False
2905,02905.json,510ec6f0fbcb4b9f718eb0c7e76cad30c07a99a755e00e2affb49ca8f715aaa8,positive_parity,3/5,128,5,False,False,False,False,False,True,True,True,True,False,False
2906,02906.json,397cb616715109ea7f2a94f30c67996514d1fff8dc5cef73c82224ff063b2e7e,positive_parity,3/5,128,6,False,False,False,False,False,True,True,True,True,False,False
2907,02907.json,6ab08234054a3e64ad9eaed760803331ed0bc4145528671295b548a05ba6027c,positive_parity,3/5,128,7,False,False,False,False,False,True,True,True,True,False,False
2908,02908.json,b85535fcfee08697eaa06fb86e9ca413bb4ddd5860c242fdfb5cc21199aeadc5,positive_parity,3/5,128,8,False,False,False,False,False,True,True,True,True,False,False
2909,02909.json,d7f6e502a3fe0b380890a8096e74472fc187753af57100661008d3386c290719,positive_parity,3/5,128,9,False,False,False,False,False,True,True,True,True,False,False
2910,02910.json,26cdbcfe3c8529c631b4e27586412d0703fb63897020d86f09ebb7ad889c1b3e,positive_parity,3/5,128,10,False,False,False,False,False,True,True,False,False,False,False
2911,02911.json,1d6e9cd5776a8a67ceac6c9558aa43d89262e547c8e346867b5fe7199aac55a6,positive_parity,3/5,128,11,False,False,False,False,False,True,True,True,True,False,False
2912,02912.json,67577cae54c1d541f0841a47c9e787dbe72282be980d5accf0628b5fa7bf4647,positive_parity,3/5,128,12,False,False,False,False,False,True,True,False,False,False,False
2913,02913.json,8774bbeb73063a1df3eca265ceaaa654a9ea3f5b668bd0df692493f82ee29000,positive_parity,3/5,128,13,False,False,False,False,False,True,True,True,True,False,False
2914,02914.json,120d65d0c0a261ca71d2d360bd51a4478b148709b1f7e3e5f032aa3caa759a61,positive_parity,3/5,128,14,False,False,False,False,False,True,True,True,True,False,False
2915,02915.json,e5d8230631b780cb9859087c9cffb78175a98e56517fd68e34628e5aaaf23bd0,positive_parity,3/5,128,15,False,False,False,False,False,True,True,True,True,False,False
2916,02916.json,ec388567cf03921953167fe9beea070d1b73a9b38579eb54063c7ecd1bba2b6e,positive_parity,3/5,128,16,False,False,False,False,False,True,True,False,False,False,False
2917,02917.json,e1d55d5b8a7da0011ec038fd7be9ee0465c71db672994d7fc2d93a1767c4cbe7,positive_parity,3/5,128,17,False,False,False,False,False,True,True,False,False,False,False
2918,02918.json,c1f2fa8c0da7b964e145693a8807725d202274d05920b08171b81d004a51318f,positive_parity,3/5,128,18,False,False,False,False,False,True,True,False,False,False,False
2919,02919.json,2f4610d7ad16cf77721ffe7c6a1798305315eea9d7ed91cfe1097cc5a0c40833,positive_parity,3/5,128,19,False,False,False,False,False,True,True,True,True,False,False
2920,02920.json,a74e82510fce03c300b09cbac8cf5eb8a7d8947d58c753cf4572e3f71c2bca33,positive_parity,3/5,128,20,False,False,False,False,False,True,True,True,True,False,False
2921,02921.json,6c301367d72f489d249924e6e1214ae533e5b333d85aa6b4bc3a050ab06ad6bb,positive_parity,3/5,128,21,False,False,False,False,False,True,True,False,False,False,False
2922,02922.json,10ba95dfb4449c1b41d626222a6d75686f2541f6cbe87c09b420b0fcfa060356,positive_parity,3/5,128,22,False,False,False,False,False,True,True,True,True,False,False
2923,02923.json,1f6826f2dc33995d35f174114e710d7c3cd4f4333339789e166ae8e31d1afc82,positive_parity,3/5,128,23,False,False,False,False,False,True,True,True,True,False,False
2924,02924.json,11e7d8f11451590fe386e536eb9956e4e9c545dae169eb6a21905785d9b68343,positive_parity,3/5,128,24,False,False,False,False,False,False,False,False,False,False,False
2925,02925.json,a65c07da6f5f09eb1f4c06d7b1053ada870b4c40feef68c987f2e1b20ca382cb,positive_parity,3/5,128,25,False,False,False,False,False,True,True,True,True,False,False
2926,02926.json,38e105dfc123eb875244f51e8c91e6898a8d1651f0d11948a8a0977fd8c6e278,positive_parity,3/5,128,26,False,False,False,False,False,True,True,True,True,False,False
2927,02927.json,2e3588a9f63471c07312c986d1af22a3b3bb2d7f32a773b43ae7c046fafaf5a6,positive_parity,3/5,128,27,False,False,False,False,False,True,True,True,True,False,False
2928,02928.json,d5e14933a862079a17e1b284a9da780e2d5d25ccc21827e367a9a35d81b5988a,positive_parity,3/5,128,28,False,False,False,False,False,True,True,True,True,False,False
2929,02929.json,c5dc247f408e2359f6b722c9fea749fb45271c5f9e4cd2827ffa43db1d5e51db,positive_parity,3/5,128,29,False,False,False,False,False,True,True,True,True,False,False
2930,02930.json,bf80998534c71e7c1c19ac2bcd2d9607a653c606e546e54f175a98133b0d3aee,positive_parity,3/5,128,30,False,False,False,False,False,True,True,True,True,False,False
2931,02931.json,1120b56d9a908ce25fc1cc6ff98d12e044137feaa66bb200bd01549816485dea,positive_parity,3/5,128,31,False,False,False,False,False,True,True,True,True,False,False
2932,02932.json,868b198ef1d78567581116d681dc8e90f0c8b42c4c14d5d575bc8627fabbb181,positive_parity,3/5,128,32,False,False,False,False,False,True,True,True,True,False,False
2933,02933.json,42442492f7a2ccb83dee740749b78e509969eddbbd923baf6f2063961a01ac38,positive_parity,3/5,128,33,False,False,False,False,False,True,True,True,True,False,False
2934,02934.json,5ab8ce1715b4f34eae036e66706c574d0e5e44d8fbd12a3cf3678ab1ab2f56cf,positive_parity,3/5,128,34,False,False,False,False,False,True,True,True,True,False,False
2935,02935.json,f9afc3af3dd8106b58d660c5e4eb905d9504c370c055fefe657165a50f393ec8,positive_parity,3/5,128,35,False,False,False,False,False,True,True,True,True,False,False
2936,02936.json,45ad019e5892dce063f5e80a4952992883a9b4b3384d1e328a3dd216ade41521,positive_parity,3/5,128,36,False,False,False,False,False,True,True,True,True,False,False
2937,02937.json,0a052314e4cd78e357b8f2620f7241129d3a38fce702d32e471070acbd1aad9c,positive_parity,3/5,128,37,False,False,False,False,False,True,True,True,True,False,False
2938,02938.json,8499c4e821c27a47f1d9f093b6ab71b10e8fa8b4ef5b56d23ebbc8f72a734deb,positive_parity,3/5,128,38,False,False,False,False,False,True,True,True,True,False,False
2939,02939.json,438dc33645f22363614132dc36098a0272b3c48c3196dd517b3f82335e6f46d0,positive_parity,3/5,128,39,False,False,False,False,False,True,True,True,True,False,False
2940,02940.json,7678af704aa27ced21973f5dadf48ceeb4a53466f86e886d038a1b6968039a13,positive_parity,3/5,128,40,False,False,False,False,False,True,True,True,True,False,False
2941,02941.json,d9c0bf891e4685c79a5b6bf2600c92a3ca732ba4381eb3599c1308f783fdc897,positive_parity,3/5,128,41,False,False,False,False,False,True,True,True,True,False,False
2942,02942.json,0d07c97e3aa7e347a53d265c6d1f25862273fcc8d1ed57b729331c7417727e25,positive_parity,3/5,128,42,False,False,False,False,False,True,True,False,False,False,False
2943,02943.json,102b1a8a4085ac67265ca2f1a89b34011d827fbb6f83406181663e653c9d1fe6,positive_parity,3/5,128,43,False,False,False,False,False,True,True,False,False,False,False
2944,02944.json,764b943cf38d59c7b97f5cb83b40ed54145ad9413bcae22cc82540e655dcb4ab,positive_parity,3/5,128,44,False,False,False,False,False,True,True,True,True,False,False
2945,02945.json,e3306f3369099be59677be36b2600c04bb64e82f97d0692b981c9440f29570a5,positive_parity,3/5,128,45,False,False,False,False,False,True,True,True,True,False,False
2946,02946.json,4b1dc38633721c13aa6ce44b015d7a0f00d2b8c646ed2da6c5d4a50e724a4814,positive_parity,3/5,128,46,False,False,False,False,False,True,True,True,True,False,False
2947,02947.json,ed16d6c3e09a358b75ca8c7a5346193319678894457c443a256b0551189257fd,positive_parity,3/5,128,47,False,False,False,False,False,False,False,False,False,False,False
2948,02948.json,ba336cd04cde8e3cf143ae9e5f92aff0220fae8e7b03f61a769df735e3fcaf6e,positive_parity,3/5,128,48,False,False,False,False,False,True,True,True,True,False,False
2949,02949.json,2df4518a2d3b5b4484c76fabeceaeef3f6460346e2a5f4332d4f4f3eae0f7bc0,positive_parity,3/5,128,49,False,False,False,False,False,True,True,True,True,False,False
2950,02950.json,62946f647ef2bb40f6c2e8b0dfafca923e956c17b83e51c284ccd63a90a1e373,positive_parity,3/5,128,50,False,False,False,False,False,True,True,True,True,False,False
2951,02951.json,5c6ef344d01f49c88df4ce22522fd9d2d633ada648869dd66a025da3e172f349,positive_parity,3/5,128,51,False,False,False,False,False,True,True,True,True,False,False
2952,02952.json,847ad80e4c1054c8d5527a31e10c7c1a5308ff2d1bf600f35394f04ee0a3252d,positive_parity,3/5,128,52,False,False,False,False,False,True,True,False,False,False,False
2953,02953.json,8aa61bfa34c330acf9aaab5a4ddcd7d970ae292238074e2ef4295f2b943a5536,positive_parity,3/5,128,53,False,False,False,False,False,True,True,True,True,False,False
2954,02954.json,eff2c16a128afdb87cd4744a06758efa24ccff3e6eeb919d59e4314c987b2ded,positive_parity,3/5,128,54,False,False,False,False,False,True,True,True,True,False,False
2955,02955.json,2a3f9c44f46015a053cfc9c2a179f4ba5a4b008e99186d2838d78636af453215,positive_parity,3/5,128,55,False,False,False,False,False,True,True,True,True,False,False
2956,02956.json,4885de90742f6360cf2aef5ec2ea6b8c94f764c40f32ce34c999ce347d842564,positive_parity,3/5,128,56,False,False,False,False,False,True,True,True,True,False,False
2957,02957.json,e39c0a5d76d0badde4f1206b8edbbb50b802b3d4cc5f56710e4ad67aafbed26a,positive_parity,3/5,128,57,False,False,False,False,False,True,True,True,True,False,False
2958,02958.json,6b9d3253ba05c9491eb101cb4f5acee7765ad04a9f76f07096cd79bd5a59b5b5,positive_parity,3/5,128,58,False,False,False,False,False,True,True,True,True,False,False
2959,02959.json,bdef7034adf3e23829948e57869424448af5e50ce5b397eab2fe20ba67046df6,positive_parity,3/5,128,59,False,False,False,False,False,True,True,False,False,False,False
2960,02960.json,2c8af70732719d1a8f5fc69116a01ed5f684c07afad10b22f5983d8ef849cf6e,positive_parity,3/5,128,60,False,False,False,False,False,True,True,True,True,False,False
2961,02961.json,3fa925568abbbd4a3448cc0f82d6cbf58503e97396799edbcd85d02ef6f7db2a,positive_parity,3/5,128,61,False,False,False,False,False,True,True,True,True,False,False
2962,02962.json,fa882725084aaf0ee9462be04be5d5e0d99bfa69ed006b36bb9f6ef42b57a376,positive_parity,3/5,128,62,False,False,False,False,False,True,True,True,True,False,False
2963,02963.json,58281f873cd7bf9b7e9c82df70f86ab780207b7bc0fec2e2a9cdb73a92e570fe,positive_parity,3/5,128,63,False,False,False,False,False,True,True,True,True,False,False
2964,02964.json,2cd9d3204f9ae2c207f90e9aa1af09892aada0f508834ed818bef73a36e74868,positive_parity,3/5,128,64,False,False,False,False,False,True,True,False,False,False,False
2965,02965.json,38845c22a51b9ce77c1166c03900c0315e08e2196d0d5d85dfa5210cdb59e7aa,positive_parity,3/5,128,65,False,False,False,False,False,True,True,False,False,False,False
2966,02966.json,528b20d9a43fd98e47832c12a9f6fba7dbc1193ab046571f8e120fb440d0bbd2,positive_parity,3/5,128,66,False,False,False,False,False,True,True,True,True,False,False
2967,02967.json,2f7e74f0ddcf95026c28b03007f3bedd025f6ad52859d0bfb42c8b4a58f2ecf4,positive_parity,3/5,128,67,False,False,False,False,False,True,True,False,False,False,False
2968,02968.json,cffd346e1462f30d4241385bd3e936f579975f07508082a828b169884d0678bc,positive_parity,3/5,128,68,False,False,False,False,False,True,True,True,True,False,False
2969,02969.json,fd44b58257a8a02baf9353e5d2399cb7a68f2c1922980336507bc4e2e053394c,positive_parity,3/5,128,69,False,False,False,False,False,True,True,True,True,False,False
2970,02970.json,1deaf7b7855fa66ff1d984ef51175d68ba5038a18352504dc8cf315689d5e4b4,positive_parity,3/5,128,70,False,False,False,False,False,True,True,True,True,False,False
2971,02971.json,1ed5c9b0fc56c8a4328b89ef3fee075396a8446978ab71446e1ec3c17babf3c3,positive_parity,3/5,128,71,False,False,False,False,False,True,True,True,True,False,False
2972,02972.json,c6e01a29a9bb40162b2e6269e6635b5a2125ab7bf21f106ae7fd8e0b1f872e6c,positive_parity,3/5,128,72,False,False,False,False,False,True,True,True,True,False,False
2973,02973.json,b6ce5d30e48376676df78939d5d91a09a6d3790e724e4e2d883ad9702ebe8f9e,positive_parity,3/5,128,73,False,False,False,False,False,True,True,True,True,False,False
2974,02974.json,9e8b8703277edb4a93109d8671d468412f6b21331024818ed61776153f09c27d,positive_parity,3/5,128,74,False,False,False,False,False,True,True,True,True,False,False
2975,02975.json,3ec6b3503ba6a368387b08a10d86e308a840dfa539e4a05c1ca4784cfaaed301,positive_parity,3/5,128,75,False,False,False,False,False,True,True,True,True,False,False
2976,02976.json,2f558c274eef19f015e77a97a528617af250ab456c54523700c775f60bdc0930,positive_parity,3/5,128,76,False,False,False,False,False,True,True,True,True,False,False
2977,02977.json,1d6e6d6f691a611e8fbdb618f07dbb8e7f84f3c2fdeb697d3878e367f236afa3,positive_parity,3/5,128,77,False,False,False,False,False,True,True,True,True,False,False
2978,02978.json,88f690eefe92e2cf0d3c6c5937e6cf3ef32d445a2c4e298a4015dd6c9e875537,positive_parity,3/5,128,78,False,False,False,False,False,True,True,False,False,False,False
2979,02979.json,353c2874b13a435196e564cb08a39c6840dce1f3ab7b665e77dc40299f3aac64,positive_parity,3/5,128,79,False,False,False,False,False,True,True,True,True,False,False
2980,02980.json,9fee15653772d147dbb7f8ff2582925d60969ad49e6eb3514fab9262903c93ab,positive_parity,3/5,128,80,False,False,False,False,False,True,True,True,True,False,False
2981,02981.json,380de18bf55ee650dd16a22eabbd80e379614af7e0d95fe67114430ae9eea9d8,positive_parity,3/5,128,81,False,False,False,False,False,True,True,True,True,False,False
2982,02982.json,b56194d2ce948a268a3562f9fe48df7b40b63a1e60118a58aa6252051e450269,positive_parity,3/5,128,82,False,False,False,False,False,True,True,True,True,False,False
2983,02983.json,02c82bf6ee042e7c7c4e35265733f85bb063bf4ccd0ad15a78d8cf0faf8d1300,positive_parity,3/5,128,83,False,False,False,False,False,True,True,False,False,False,False
2984,02984.json,3dd1b0a2fdf6de0bd958a1b8b45ecd67e9859ed81bee6cea86fa1f9840fe819e,positive_parity,3/5,128,84,False,False,False,False,False,True,True,False,False,False,False
2985,02985.json,0af16f1431693006c62827afa33265d56226de458ca14a3dc71e7d53a363cffb,positive_parity,3/5,128,85,False,False,False,False,False,True,True,True,True,False,False
2986,02986.json,d47c123aec658c4ecf2c546a5cdbfe4f04992d3b3fdc4d08142bf322362f4636,positive_parity,3/5,128,86,False,False,False,False,False,True,True,True,True,False,False
2987,02987.json,f78eca1abf6dcbc63553b65bd55712f1cdc67f08aaf7c2794bbbeef5766acb25,positive_parity,3/5,128,87,False,False,False,False,False,True,True,True,True,False,False
2988,02988.json,9e2c551427dd94dbffdb7390d7473a631d078da1e74d8f1a0bec3e32fb6569ca,positive_parity,3/5,128,88,False,False,False,False,False,True,True,False,False,False,False
2989,02989.json,eee78a5afe4b1cf5bd50f4a2bf82ef322d3177cc3f072fbbb6df481f6dca72c1,positive_parity,3/5,128,89,False,False,False,False,False,True,True,False,False,False,False
2990,02990.json,b9dea35f3c1455d2f583018398a72779d83e30b4222706bfee3bb0c7bd94ff12,positive_parity,3/5,128,90,False,False,False,False,False,True,True,True,True,False,False
2991,02991.json,949b67207f0745560e1afb64f0dfff8391e6e493dab6b0050154816dc2d0e4af,positive_parity,3/5,128,91,False,False,False,False,False,True,True,True,True,False,False
2992,02992.json,e233421683f394b0d63fb465b44245f41cd67a1a188b9d0ca6a5f0b04ed47ea4,positive_parity,3/5,128,92,False,False,False,False,False,True,True,True,True,False,False
2993,02993.json,0a5b82b4e75c978778c132c225c99f3d07fee3aa554001391e40441a9f6d7ce9,positive_parity,3/5,128,93,False,False,False,False,False,True,True,True,True,False,False
2994,02994.json,6e4adeddc813ee7726e8483027ccb936e9e0a4a2f627dcdd7a67db1bb45c6725,positive_parity,3/5,128,94,False,False,False,False,False,True,True,True,True,False,False
2995,02995.json,181f8c3c6ac777c518f80d658a39e0b048d36f4f5153256f1204e9fd4e8bd4a5,positive_parity,3/5,128,95,False,False,False,False,False,True,True,False,False,False,False
2996,02996.json,fa8cf1ebf540b65619c02bbdc5f73e2d940f04f495a009239ea246a1dd7b671b,positive_parity,3/5,128,96,False,False,False,False,False,True,True,True,True,False,False
2997,02997.json,43b7cc6c0bc594db14c14b2a148c287d22b2f0fd4ed9d3f0dc581d932efbd6b7,positive_parity,3/5,128,97,False,False,False,False,False,True,True,True,True,False,False
2998,02998.json,35ffaf18ad01ddae60c91d2ba1a303ce676000ffa2bc7390980c18efb140731c,positive_parity,3/5,128,98,False,False,False,False,False,True,True,True,True,False,False
2999,02999.json,b414aae6e77424781f367f6d5695cd31c7b6ea291ed1d022140cecd35f3ade40,positive_parity,3/5,128,99,False,False,False,False,False,True,True,True,True,False,False
3000,03000.json,c0836e664ad49f660ea3e0d93b844934f4296d073829ddc3b7b8c9891481d3e7,positive_parity,3/5,256,0,False,False,False,False,False,True,True,True,True,False,False
3001,03001.json,94fd6f50da393bb67732da4c9f6e51f4754cd8a68babadf34ee67ad3c5801ebd,positive_parity,3/5,256,1,False,False,False,False,False,True,True,True,True,False,False
3002,03002.json,07c1135e0c0e6687e73fbedac86390f9bc5af3644ae1fece0523fbb082706343,positive_parity,3/5,256,2,False,False,False,False,False,True,True,True,True,False,False
3003,03003.json,476d5648d878947e463ef9efacf41146f8c27542ed242b60e17df8391458336f,positive_parity,3/5,256,3,False,False,False,False,False,True,True,True,True,False,False
3004,03004.json,12d56b7c3f29500a9fc49fb847e0c42e0a218f4ae835c95b6f8dac99bc4a91e6,positive_parity,3/5,256,4,False,False,False,False,False,True,True,True,True,False,False
3005,03005.json,b47666442937363cdf9007855c4ef8ed95e5c2aaaf3f310cd1747548f1fbd3cc,positive_parity,3/5,256,5,False,False,False,False,False,True,True,True,True,False,False
3006,03006.json,92c2cf7abd0397400338c67778fb30bca51b4a5a9147ebc76c44a1ef4f9b1e4d,positive_parity,3/5,256,6,False,False,False,False,False,True,True,True,True,False,False
3007,03007.json,7cc6824951784ad52686ee27095a169ecc8d151b7054ccfd4a42448f00017505,positive_parity,3/5,256,7,False,False,False,False,False,True,True,True,True,False,False
3008,03008.json,fd5fa056877c937508f19e3a2f94b61eb5eff34be1214edb0d4fee745aad34af,positive_parity,3/5,256,8,False,False,False,False,False,True,True,True,True,False,False
3009,03009.json,7674411f26aa4687afd92f24896689adc9811ad3f1b0890ec1d6179bf62eb778,positive_parity,3/5,256,9,False,False,False,False,False,True,True,True,True,False,False
3010,03010.json,b86906b6e45d06c3334edaf6ce2243c998f8dfdabf81962e5d69219de4171166,positive_parity,3/5,256,10,False,False,False,False,False,True,True,True,True,False,False
3011,03011.json,fc881d2c277a20c1c0a87079bdcb5cbd1158c55f9bb24df27aeb8ccb2a27affe,positive_parity,3/5,256,11,False,False,False,False,False,True,True,True,True,False,False
3012,03012.json,2488d8ee9836be5e73cac5170c325f7cbfd0b231bb17d5bf1601d33d9d27b5bb,positive_parity,3/5,256,12,False,False,False,False,False,True,True,True,True,False,False
3013,03013.json,51a6b7fb97b0e8190fe930d55982f5b44293498d40e98c69491e04657ce724bf,positive_parity,3/5,256,13,False,False,False,False,False,True,True,True,True,False,False
3014,03014.json,9cce20c09eaac8227a3fa067686dfc9a44acc93905a489a788d78a7310f2e138,positive_parity,3/5,256,14,False,False,False,False,False,True,True,False,False,False,False
3015,03015.json,2d7eb90e49a6489b5791bc85b9d12435525f5c08e2db2dbbbe6aa0e7894fc7db,positive_parity,3/5,256,15,False,False,False,False,False,True,True,True,True,False,False
3016,03016.json,1f1ff898fe5d41efc26ce81973001553131465e3abaabcd3f0d19d537c380497,positive_parity,3/5,256,16,False,False,False,False,False,True,True,True,True,False,False
3017,03017.json,5eaa6bc8b884a3c1cda5c8a6ccba7a7b80868a591210be3cacea485827e426ae,positive_parity,3/5,256,17,False,False,False,False,False,True,True,True,True,False,False
3018,03018.json,fc75916cf5d9eda42f06b4a8e7734acf34cec4c854c678a4e7785b11af02c162,positive_parity,3/5,256,18,False,False,False,False,False,True,True,True,True,False,False
3019,03019.json,982c002d6467a68b70028d387aa5d928451413e931eba0e55d5808b9a2bc0765,positive_parity,3/5,256,19,False,False,False,False,False,True,True,True,True,False,False
3020,03020.json,5658fb247d7a366aaa3e46725970987b6d0367a715b720caac96893c29f7b797,positive_parity,3/5,256,20,False,False,False,False,False,True,True,True,True,False,False
3021,03021.json,50dda0f86c60369e65013818e717f14743d7e8c6d8fdbe274e15f7c940e2d8d1,positive_parity,3/5,256,21,False,False,False,False,False,True,True,True,True,False,False
3022,03022.json,a85c9361a3987909fd348caf1cea3c0b1ef717a3f831d10659e6870207232558,positive_parity,3/5,256,22,False,False,False,False,False,True,True,True,True,False,False
3023,03023.json,8992ef28b8c96f324e27e459ec60df81a80b19fda429432739f580ab5b7ac872,positive_parity,3/5,256,23,False,False,False,False,False,True,True,True,True,False,False
3024,03024.json,ed9a9f5a8469727d1f5ce72282c58e1741e5017bf79544954c9f021234408383,positive_parity,3/5,256,24,False,False,False,False,False,True,True,True,True,False,False
3025,03025.json,6278165d9b7866cdce7a6bbcb7c4bdfb53a875f5a03a258b28d8f819e5b14107,positive_parity,3/5,256,25,False,False,False,False,False,True,True,True,True,False,False
3026,03026.json,17395bdc2f4e4205106bc532c2b827ac74b2747aa0b351f100d99a658167fceb,positive_parity,3/5,256,26,False,False,False,False,False,True,True,True,True,False,False
3027,03027.json,97f357e39689a3ff110a27ac7ab8811eba4d1a23e3d688e241e64ac00c06ffc1,positive_parity,3/5,256,27,False,False,False,False,False,True,True,True,True,False,False
3028,03028.json,c4828ef36366e35bdf095c6f471015727b9bba81b17b787bdb756a087f65a303,positive_parity,3/5,256,28,False,False,False,False,False,True,True,True,True,False,False
3029,03029.json,76cc6525a48f7fcc8414a4cb0e71739b4c6efa47eb105fe26690afd15fcbed06,positive_parity,3/5,256,29,False,False,False,False,False,True,True,True,True,False,False
3030,03030.json,ef4f87fa05515c816721cd44c886f554c873a863ad5dbf0eddf10f25626b3297,positive_parity,3/5,256,30,False,False,False,False,False,True,True,True,True,False,False
3031,03031.json,d7697f01cf0774ead85dc6a354454e7e761815c588b2feeec4abb3e988373876,positive_parity,3/5,256,31,False,False,False,False,False,True,True,True,True,False,False
3032,03032.json,09103d2c6a4106b60ba3a8a383e7269bc6637877ce17bb4f7215e13a937b9d23,positive_parity,3/5,256,32,False,False,False,False,False,True,True,True,True,False,False
3033,03033.json,475b83e2f8c46b6d3cdd0eea936e3dbcd94be4fce0bf6440ff9041c13674bcfc,positive_parity,3/5,256,33,False,False,False,False,False,True,True,True,True,False,False
3034,03034.json,b0707052e4e7de2499947de19b4002f046f3f26ebbeeef154e0e486c3d954c13,positive_parity,3/5,256,34,False,False,False,False,False,True,True,True,True,False,False
3035,03035.json,ace9b8066bdf31804ad93a63902f611c0ae7b0dfc8321a29ffa8e24746172345,positive_parity,3/5,256,35,False,False,False,False,False,True,True,True,True,False,False
3036,03036.json,5b7be5b5a924e1026303f8db4a847ea5188cd8953ec9add7b681a09217642717,positive_parity,3/5,256,36,False,False,False,False,False,True,True,True,True,False,False
3037,03037.json,ae069c0f5106f436eeead2addb1330683146523acc451b3e486d1b48cfdb4651,positive_parity,3/5,256,37,False,False,False,False,False,True,True,True,True,False,False
3038,03038.json,9cf04dd87d6bade28cf84c0c0d297473e070942e01964a381e2dcaaf3fe7a34b,positive_parity,3/5,256,38,False,False,False,False,False,True,True,True,True,False,False
3039,03039.json,6d23b56252bf93c120b4e4188f22630c1130c28079560c6bec0b99d1870522f7,positive_parity,3/5,256,39,False,False,False,False,False,True,True,True,True,False,False
3040,03040.json,64de8f4ef8d2679aace261c65b665d3a7eeab78aa7e0285e588cc786c5409a99,positive_parity,3/5,256,40,False,False,False,False,False,True,True,True,True,False,False
3041,03041.json,f9b594f98216ed87007132b5141742e243af8dd31dc2452a3177fe78d57c401f,positive_parity,3/5,256,41,False,False,False,False,False,True,True,True,True,False,False
3042,03042.json,d43bf6b143241688778300495781242431063eee2be0d64841e99e38fbd570e8,positive_parity,3/5,256,42,False,False,False,False,False,True,True,True,True,False,False
3043,03043.json,c5ae8a8a842b9a024a46ac4e64facbb20819730abbe27b57fd63238b469e4550,positive_parity,3/5,256,43,False,False,False,False,False,True,True,True,True,False,False
3044,03044.json,43542c6c66a695f96a6f987341c53899d236ed15f186297ad45165f5d86c64b9,positive_parity,3/5,256,44,False,False,False,False,False,True,True,True,True,False,False
3045,03045.json,0113c51c543f7f9b60cbfa35ef661feb244e38eef4e6a4ab7b4818772c6c8b07,positive_parity,3/5,256,45,False,False,False,False,False,True,True,True,True,False,False
3046,03046.json,30b9b7337ca020d7b420fa2d1194bf406dbbbc23a0b9d37675c56c21053d9cd3,positive_parity,3/5,256,46,False,False,False,False,False,True,True,True,True,False,False
3047,03047.json,cec7698beb55d6a67fd79b442e1c62b9db30bc994dba7aaebeaadfa2cef1d685,positive_parity,3/5,256,47,False,False,False,False,False,True,True,True,True,False,False
3048,03048.json,7f843615eadea7ce20e90dd770ee13efd9a919ce1742acce79fa9515d9d187cd,positive_parity,3/5,256,48,False,False,False,False,False,True,True,True,True,False,False
3049,03049.json,715caff7a76ac6a0b24a99044f99f87583dd4031df576a3141b073b7c7318c80,positive_parity,3/5,256,49,False,False,False,False,False,True,True,True,True,False,False
3050,03050.json,ebfa3345eeca672fdee31ecec83eb7459c254a8334f30c23268e615eb801727d,positive_parity,3/5,256,50,False,False,False,False,False,True,True,True,True,False,False
3051,03051.json,dc54e0d9ed261e6eb61371c6f1a56b5024e62960cfb59e569db15bd9b4360690,positive_parity,3/5,256,51,False,False,False,False,False,True,True,True,True,False,False
3052,03052.json,2f44fb38b17b0e2b6b379fd08aaf9467e98f9e8aef8aed60f6ee53fc185c1bab,positive_parity,3/5,256,52,False,False,False,False,False,True,True,True,True,False,False
3053,03053.json,a3007938621562eae14682688cf123d28a801a50b738e053baad9ffc713f2ac0,positive_parity,3/5,256,53,False,False,False,False,False,True,True,True,True,False,False
3054,03054.json,88f096b9e88443ff15f9f80bd86df2e83733cbbed4455a2ca3c93086965d57c3,positive_parity,3/5,256,54,False,False,False,False,False,True,True,True,True,False,False
3055,03055.json,0e65312d17db3981b30c4c09fdafacb24b2d2678fe1ac6642627485a0b5479c9,positive_parity,3/5,256,55,False,False,False,False,False,True,True,True,True,False,False
3056,03056.json,99e53ec458f80a41576b6919217ca92f09daff2ff03236cecbd747e4cc631069,positive_parity,3/5,256,56,False,False,False,False,False,True,True,True,True,False,False
3057,03057.json,58bf489bf21ece90aa5623fc9afec3e2fde0c84383a9c40575481b4252f692bb,positive_parity,3/5,256,57,False,False,False,False,False,True,True,True,True,False,False
3058,03058.json,313f5ff657b01390c4bd34540898a5e7dfcc0ee8e45deff46ca5767b90efcd8f,positive_parity,3/5,256,58,False,False,False,False,False,True,True,True,True,False,False
3059,03059.json,b4814fc155dc0e6bb79423672bd3e6c0e2c671456375f976531d0408d9a08977,positive_parity,3/5,256,59,False,False,False,False,False,True,True,True,True,False,False
3060,03060.json,4d99450285c18c0771a521ec2240049b00d735086b90a96ebde6f37b193e6f67,positive_parity,3/5,256,60,False,False,False,False,False,True,True,True,True,False,False
3061,03061.json,3cb57c06f96dc7c6f5045d567effe3e7a99828db3a383da26ec2dbb214c60bcf,positive_parity,3/5,256,61,False,False,False,False,False,True,True,True,True,False,False
3062,03062.json,4681276881e1bcd72a15b7bb5ddd7a5a68f994a98561b9e303b7f0c7fba4fae9,positive_parity,3/5,256,62,False,False,False,False,False,True,True,True,True,False,False
3063,03063.json,c727f161c3146568571bb6dd7c11e7bd5953aef7eef83a5dbe5b94b4ae325193,positive_parity,3/5,256,63,False,False,False,False,False,True,True,True,True,False,False
3064,03064.json,9bbf23ad09965041aaa3407bbe6db0c921e785b74644ed17b9657b54565d9dbc,positive_parity,3/5,256,64,False,False,False,False,False,True,True,True,True,False,False
3065,03065.json,5ed65f817953e314991a974e7533faa047904f138068bc176a04618c9859eaef,positive_parity,3/5,256,65,False,False,False,False,False,True,True,True,True,False,False
3066,03066.json,8932d24ccdad1ed655b5ffee5118665fc26eb2508b4fecc04608fc86b8ddc85a,positive_parity,3/5,256,66,False,False,False,False,False,True,True,True,True,False,False
3067,03067.json,1cfadd11bc003f5e40fcbe34a5ab94d7182c84725e47b3fda89b7f8e178cc8b2,positive_parity,3/5,256,67,False,False,False,False,False,True,True,True,True,False,False
3068,03068.json,e2328103cbc8df2a2e338a54f1b10e01230ccf59911143284fe19140ad624983,positive_parity,3/5,256,68,False,False,False,False,False,True,True,True,True,False,False
3069,03069.json,ff2e94a4df8475ae2ab3ed73949e3a0d60f2c4263b8ffade3e6e4cf837812b8a,positive_parity,3/5,256,69,False,False,False,False,False,True,True,True,True,False,False
3070,03070.json,6d03edd349e966365a8d225276ea7738f69afc44a8574f6c58e13e71e65d836a,positive_parity,3/5,256,70,False,False,False,False,False,True,True,True,True,False,False
3071,03071.json,e10ebb92350600a4614cd664d40532e11aeaafad3d1c01ea51f376028d47e356,positive_parity,3/5,256,71,False,False,False,False,False,True,True,True,True,False,False
3072,03072.json,c3294c8c1fc376aecb0f57464477d10a7ec9eb8a5e21a4e080c3eac7c635c054,positive_parity,3/5,256,72,False,False,False,False,False,True,True,True,True,False,False
3073,03073.json,e0870a2d1705fde4aef6c9a5ac90af8c51ddba9d6c98dc1674973c6928426980,positive_parity,3/5,256,73,False,False,False,False,False,True,True,True,True,False,False
3074,03074.json,fa8e739d8ebac3a2bed7ba8cd46f4490bfc62f7d220160fecdf47c540b2e18ad,positive_parity,3/5,256,74,False,False,False,False,False,True,True,True,True,False,False
3075,03075.json,d09073fe94f2c331b66291d7bc6dbaf5c413e355eb0ca5bba675c3baa317aa4a,positive_parity,3/5,256,75,False,False,False,False,False,True,True,True,True,False,False
3076,03076.json,7e4469ca2fa1003799ed6702f3d21b6ca1e83aaac22010319f337658554a9b3f,positive_parity,3/5,256,76,False,False,False,False,False,True,True,True,True,False,False
3077,03077.json,29fcc48e3a346d93a7b9e561eafda6456ba5087ae32f325b1f2335340c67a994,positive_parity,3/5,256,77,False,False,False,False,False,True,True,True,True,False,False
3078,03078.json,134f9f1fee31269de5a44c2654d481e474df039f9be8483bbd9e79af20184a6b,positive_parity,3/5,256,78,False,False,False,False,False,True,True,True,True,False,False
3079,03079.json,345c2b2dd01039841310893815d2aa279dfef6c61d30893c2501d7e1e0ca1f1c,positive_parity,3/5,256,79,False,False,False,False,False,True,True,True,True,False,False
3080,03080.json,c7da4df54af446f5245c83ec74d59f5a432c8d80e9ea741d55b742d1d9e42eab,positive_parity,3/5,256,80,False,False,False,False,False,True,True,True,True,False,False
3081,03081.json,b0672acf8f33be1619c40efc87cdfc24104b3315d73786cee53d5f9ef546a4dc,positive_parity,3/5,256,81,False,False,False,False,False,True,True,True,True,False,False
3082,03082.json,fdf2f9c56e7737fa026decaa9b60ba22cd2897df1408e9bd1630ee558be13aba,positive_parity,3/5,256,82,False,False,False,False,False,True,True,True,True,False,False
3083,03083.json,b99f8fbd3582cfd1534c4c94c0672f0221134b579ad4767c6e3df05af5eef7cd,positive_parity,3/5,256,83,False,False,False,False,False,True,True,True,True,False,False
3084,03084.json,5b22f91cc53648742950180c33a8295664169b3f38ebf9d251ca83109b8d35f9,positive_parity,3/5,256,84,False,False,False,False,False,True,True,True,True,False,False
3085,03085.json,e7926f13c0b439f9c05338126e1b9cfcf1a561df657db09fec3060e6c58045aa,positive_parity,3/5,256,85,False,False,False,False,False,True,True,True,True,False,False
3086,03086.json,7dcde7afa074e2f7367c77ef5da1f1152c803a50daeabed846c6f8e08c3174a9,positive_parity,3/5,256,86,False,False,False,False,False,True,True,True,True,False,False
3087,03087.json,378601e7d910fa5773adb12193d847557fad12d75c65855ccc7653a117ce7b1e,positive_parity,3/5,256,87,False,False,False,False,False,True,True,True,True,False,False
3088,03088.json,ce354ee0a440a79c90988eb9b81986337b80ace66687edd3eae86ba517aeeca0,positive_parity,3/5,256,88,False,False,False,False,False,True,True,True,True,False,False
3089,03089.json,9acf473dc5c02397a16a2e4c7a63a7e930a55c9c0738e6c06666c0e57f68f2e2,positive_parity,3/5,256,89,False,False,False,False,False,True,True,True,True,False,False
3090,03090.json,11edcfe9835539bd102d310e80aa7d1e1c89b347a4b9a50d3590e6ce6d3e81bf,positive_parity,3/5,256,90,False,False,False,False,False,True,True,True,True,False,False
3091,03091.json,e221342581ce4a49b61200597a5b29e8ac09e136c9be843f3ac0a159255e588b,positive_parity,3/5,256,91,False,False,False,False,False,True,True,True,True,False,False
3092,03092.json,be931ed5e13c1f44dc1a8ce28c31f0ca7b01797a1faa2f42a6aad68cec803c38,positive_parity,3/5,256,92,False,False,False,False,False,True,True,True,True,False,False
3093,03093.json,ab8cc1df1b785e4eed501b71925a6972ae8a22b6349986cf4df239848f152b64,positive_parity,3/5,256,93,False,False,False,False,False,True,True,True,True,False,False
3094,03094.json,64ff20c9304da51052c1336d30d746e5fe1405e38d6680326277bee0184400a0,positive_parity,3/5,256,94,False,False,False,False,False,True,True,True,True,False,False
3095,03095.json,010036da379cdc6026e40a739f4ba76d187781a1b6daa94a28d2437dc74afee6,positive_parity,3/5,256,95,False,False,False,False,False,True,True,True,True,False,False
3096,03096.json,93263febbe0404ca5186ec972b44c89bad535b38f5c51e2e88d2f1558bf7f296,positive_parity,3/5,256,96,False,False,False,False,False,True,True,True,True,False,False
3097,03097.json,0701d7b84af0a42f60f02618f61e65a5c506719928439278267c60b743006111,positive_parity,3/5,256,97,False,False,False,False,False,True,True,True,True,False,False
3098,03098.json,f8d1e849c30f6e765c8ddfab25a819c212a42846a9dd5bade737ff3a86e01276,positive_parity,3/5,256,98,False,False,False,False,False,True,True,True,True,False,False
3099,03099.json,1fd99eeb8e4bb33b53d30f1280b234f7b3908bcecbb91d27e10834e21b5296b8,positive_parity,3/5,256,99,False,False,False,False,False,True,True,True,True,False,False
3100,03100.json,57fee97a9f175ccc3128f510307cb012d7d185e36aa2ee66cb685f971da9235c,positive_parity,3/5,512,0,False,False,False,False,False,True,True,True,True,False,False
3101,03101.json,22dea91410059a05a36223e1623f2b387161c16530c4dc56c6a7587c5d1ac3a9,positive_parity,3/5,512,1,False,False,False,False,False,True,True,True,True,False,False
3102,03102.json,dbc742c56f44a0f74f17c573328b8e656fcdfb9694570e0f601c4aa57a5f7f6b,positive_parity,3/5,512,2,False,False,False,False,False,True,True,True,True,False,False
3103,03103.json,c59b3f61a7026d33359cb148f1823d121813650a6bcc50d522d010cb2a093392,positive_parity,3/5,512,3,False,False,False,False,False,True,True,True,True,False,False
3104,03104.json,cf0f3d76ccc4027e615fdd576a6fbcd39d1ef388d85a1b2e5141cc43f9328bfd,positive_parity,3/5,512,4,False,False,False,False,False,True,True,True,True,False,False
3105,03105.json,be84ea89bfbc7cf626998d22924bfa7c751a3bad1f6fd12dbf2a19cd93cfd5b2,positive_parity,3/5,512,5,False,False,False,False,False,True,True,True,True,False,False
3106,03106.json,2e01d8daa2528ce5d8419cbf5529f5e742d3416254afdea5140ce2ddde308bbf,positive_parity,3/5,512,6,False,False,False,False,False,True,True,True,True,False,False
3107,03107.json,3ae0e1e5c6ef745cb5d00236da6334adbd08c063bddf3b7431e013ca44f34069,positive_parity,3/5,512,7,False,False,False,False,False,True,True,True,True,False,False
3108,03108.json,7fc7652f14f4badbfe657178297a4ece38cc903fe311fb48cb417e4f5ea357c5,positive_parity,3/5,512,8,False,False,False,False,False,True,True,True,True,False,False
3109,03109.json,8e41aab2cc11577834ee12a5c72522671e7cc3f2795808c9f2af2c09ce2bfae4,positive_parity,3/5,512,9,False,False,False,False,False,True,True,True,True,False,False
3110,03110.json,671dd440eb4ffa5367c74fb43969e4df33ca2b4a76e18713bc6607628f4474de,positive_parity,3/5,512,10,False,False,False,False,False,True,True,True,True,False,False
3111,03111.json,67343996b1eacdd43185f4903e429be214c68c86cbf5ceda46cc1d7d8c90ae02,positive_parity,3/5,512,11,False,False,False,False,False,True,True,True,True,False,False
3112,03112.json,e616db116e91ecc6fb6f75096afa389b8b1f56efe689d16c93caf23e0ff0c5d4,positive_parity,3/5,512,12,False,False,False,False,False,True,True,True,True,False,False
3113,03113.json,bb593c118ca5a47f102e70df1bf5fb155e0a20844b1f35731d397bf7be2a2bdc,positive_parity,3/5,512,13,False,False,False,False,False,True,True,True,True,False,False
3114,03114.json,18bb6e2323e6a2e72f19f6af65e10ac27ce3587510275d764cb91a87632bffb6,positive_parity,3/5,512,14,False,False,False,False,False,True,True,True,True,False,False
3115,03115.json,6bf6f6c90f03f3e5b9eed2c74cacc17079b432f19d03e3cd88a680cdb688c754,positive_parity,3/5,512,15,False,False,False,False,False,True,True,True,True,False,False
3116,03116.json,32e59bf2ee07f2ae68a45fffb0f63d3f1f8d88864b7a9bdf60a296f308b09599,positive_parity,3/5,512,16,False,False,False,False,False,True,True,True,True,False,False
3117,03117.json,219b2aecc2163ba393cb61d38ac86eeb9601750e5b04213c97f26cc1bed05b44,positive_parity,3/5,512,17,False,False,False,False,False,True,True,True,True,False,False
3118,03118.json,a85b31be158189eeb3bff815a85211937dc7f106d486499e3dc79ef463a7e7c9,positive_parity,3/5,512,18,False,False,False,False,False,True,True,True,True,False,False
3119,03119.json,9d290a4d90cfcb20b30e36ee60e4d0a337e73e619c6b6bcc8bcf40f1bdbaefd1,positive_parity,3/5,512,19,False,False,False,False,False,True,True,True,True,False,False
3120,03120.json,b4ab998705afbc455f40c542074ac4f05144a134e405a0fa80e1cc11016bab43,positive_parity,3/5,512,20,False,False,False,False,False,True,True,True,True,False,False
3121,03121.json,89bc831c59bc58973f6ca27616bf9d0c194a1d6b67e004f9128f981885640c73,positive_parity,3/5,512,21,False,False,False,False,False,True,True,True,True,False,False
3122,03122.json,1a7445da33d15d54d98a289df6ee63c00553cd20f4334c2fc8fd1489e8071847,positive_parity,3/5,512,22,False,False,False,False,False,True,True,True,True,False,False
3123,03123.json,73cee6dc7cf38fc9e25788c493a848eda3d67056cb0eb1d9fa08f6e67819819b,positive_parity,3/5,512,23,False,False,False,False,False,True,True,True,True,False,False
3124,03124.json,043d40c4c2e04f755bac78e5c88a59ed37b1811758b981529024dd7cb0224b88,positive_parity,3/5,512,24,False,False,False,False,False,True,True,True,True,False,False
3125,03125.json,c891b37307fd420ecbb663c82932e427c778913f8b2992c762061bd466f0b317,positive_parity,3/5,512,25,False,False,False,False,False,True,True,True,True,False,False
3126,03126.json,40ed3c1d673283a954ae4ea489cdecab0fc5b3d94e7d3b8f3306922f16a53b25,positive_parity,3/5,512,26,False,False,False,False,False,True,True,True,True,False,False
3127,03127.json,4897c73df174fba2912e8c79c21b2849802afbbaf0148bb7efb50c07663f2962,positive_parity,3/5,512,27,False,False,False,False,False,True,True,True,True,False,False
3128,03128.json,89aa1c7d96202fe3aac60b931c40fc7ed2570f51b46724bc01d9b3140107dfef,positive_parity,3/5,512,28,False,False,False,False,False,True,True,True,True,False,False
3129,03129.json,4277673fdd31e23e9897bca5b85afb4dd46055d04a0aab2711a67509a05e3f62,positive_parity,3/5,512,29,False,False,False,False,False,True,True,True,True,False,False
3130,03130.json,c1363f159571af2f42711c131299fd767c88f722016dbfcc657f0c46f7257022,positive_parity,3/5,512,30,False,False,False,False,False,True,True,True,True,False,False
3131,03131.json,a2ee8fd6701725a294eaf65ba40d6969f22fffed930a5fa06bfb5faf1153da37,positive_parity,3/5,512,31,False,False,False,False,False,True,True,True,True,False,False
3132,03132.json,7a136c9ac80ad5e74b62573f4bf9b0387255c564c18947dd4072a3a6530aa74f,positive_parity,3/5,512,32,False,False,False,False,False,True,True,True,True,False,False
3133,03133.json,5e0c0f148e52473437b294e785a69683dc4f66139391e5de5b0b5de86dfda864,positive_parity,3/5,512,33,False,False,False,False,False,True,True,True,True,False,False
3134,03134.json,033cb02b40543213263c33b891e3957cb4de61e1594d5c13e6f5321c7dee975d,positive_parity,3/5,512,34,False,False,False,False,False,True,True,True,True,False,False
3135,03135.json,23883716f8b94a0e52c7ebe3c4d4290bc392520e3176325813e4b42533db76e0,positive_parity,3/5,512,35,False,False,False,False,False,True,True,True,True,False,False
3136,03136.json,84a013e32d3f964151b998c82b4cb3ef80f40051233e07b9872d65e4e6948f59,positive_parity,3/5,512,36,False,False,False,False,False,True,True,True,True,False,False
3137,03137.json,b4bbd9cfc672a6030226e29f97a9b763d5fb13cf861cdf5792d6db8eb3c92499,positive_parity,3/5,512,37,False,False,False,False,False,True,True,True,True,False,False
3138,03138.json,7193418948a739ad9a41f49feab87626848a7f72848523e7cec436253f25f9a6,positive_parity,3/5,512,38,False,False,False,False,False,True,True,True,True,False,False
3139,03139.json,03e67ea0a6a00c4aa2d1671ddf7c448ebe5d51b3136d892858e088f17e694317,positive_parity,3/5,512,39,False,False,False,False,False,True,True,True,True,False,False
3140,03140.json,9baf40e32e5db4908225dcb923bb50dce1bf4dbf86534c603844561d488f9b8f,positive_parity,3/5,512,40,False,False,False,False,False,True,True,True,True,False,False
3141,03141.json,35c13cf9a3d6c77aff147bf7151aef2a449d2e4d51ec479ffa12bb4bf71d202f,positive_parity,3/5,512,41,False,False,False,False,False,True,True,True,True,False,False
3142,03142.json,4715c76977c0a97266f36e98d45dd380f41913b21cb451bfab5a47db529d5030,positive_parity,3/5,512,42,False,False,False,False,False,True,True,True,True,False,False
3143,03143.json,4e05819cd7f4b1b51d30973e1fc23520049f4cff376fabb0847490eac6b53831,positive_parity,3/5,512,43,False,False,False,False,False,True,True,True,True,False,False
3144,03144.json,46888e16144a64a018e4030fed479a349cf2f25a2f4ecdfd56c434dd581d9ba4,positive_parity,3/5,512,44,False,False,False,False,False,True,True,True,True,False,False
3145,03145.json,a16d6cedad72f090b14bdd1b079da2d8102825c71a88f3632ba1e9c8cc918df9,positive_parity,3/5,512,45,False,False,False,False,False,True,True,True,True,False,False
3146,03146.json,448f35233cbeac32f296b74f60485bcdeb9a8dc6629c0067f7fe17394beecf2d,positive_parity,3/5,512,46,False,False,False,False,False,True,True,True,True,False,False
3147,03147.json,e717b1e1dbeef1f6b466a5fe52a96a1bceff499a07a29d61f699cb2ee9970146,positive_parity,3/5,512,47,False,False,False,False,False,True,True,True,True,False,False
3148,03148.json,c48d81c481ca723bd24bcc1e77fb3155c0219ac07902c28460547d0a3de89b90,positive_parity,3/5,512,48,False,False,False,False,False,True,True,True,True,False,False
3149,03149.json,06bb9ade1d46963b013faf62136213ba511862252cd19bf9adb793441468765f,positive_parity,3/5,512,49,False,False,False,False,False,True,True,True,True,False,False
3150,03150.json,54dd64f5bc5d85a1578784a81ec22e9cb75aa5e02acf40a0c9d5171ff668cc9c,positive_parity,3/5,512,50,False,False,False,False,False,True,True,True,True,False,False
3151,03151.json,b08927bd7bb6b8971c7aae5d467353d49b79a522d2a99c2c021395974efc721e,positive_parity,3/5,512,51,False,False,False,False,False,True,True,True,True,False,False
3152,03152.json,de0c01d1a92c2467e74fcf3af9b88f4660e4b5b83fa45365794b761b0cffb6ff,positive_parity,3/5,512,52,False,False,False,False,False,True,True,True,True,False,False
3153,03153.json,7c6b47d454aeb4b90de30bb4d4e9736aa62d19f558ea93ed5a2bc9a55bb811b2,positive_parity,3/5,512,53,False,False,False,False,False,True,True,True,True,False,False
3154,03154.json,b9a79f4c8545fa4522bc324da2621c5f8814bd1e254030b6e357649ceb55d8c2,positive_parity,3/5,512,54,False,False,False,False,False,True,True,True,True,False,False
3155,03155.json,aa992d5b2398ce35e6b15ae4b0c3bda8c145a0b6be4e60c0c1c5c0643bfe82bd,positive_parity,3/5,512,55,False,False,False,False,False,True,True,True,True,False,False
3156,03156.json,4f942fb1286c732cc2fc36b5ad96d3867261ed2bf89f152209bb937e8c0f4e08,positive_parity,3/5,512,56,False,False,False,False,False,True,True,True,True,False,False
3157,03157.json,bf0bb24bf75b1b7046db90049bcb83f252f084be9dc4e92b3dcfcce52b92aa0f,positive_parity,3/5,512,57,False,False,False,False,False,True,True,True,True,False,False
3158,03158.json,915418ba34189e7ad519084682ef8f729c81a8f980a82fef809c82353a18e58e,positive_parity,3/5,512,58,False,False,False,False,False,True,True,True,True,False,False
3159,03159.json,43eb4c919b3ca05a28b224b74b4788aa62ae01dc56e95dda65c1c8d14f024885,positive_parity,3/5,512,59,False,False,False,False,False,True,True,True,True,False,False
3160,03160.json,bfa154c8d18762a9573f0dd6c692b1021dd7a5ed357b327a298a20d0a127de69,positive_parity,3/5,512,60,False,False,False,False,False,True,True,True,True,False,False
3161,03161.json,82a9979294ca098f45497427ce3f629965aa93af4d57e5656ffcfa95b15dd37c,positive_parity,3/5,512,61,False,False,False,False,False,True,True,True,True,False,False
3162,03162.json,02261f7d1716b5a4bd420490153d100b33da01d5a6d20a1f299742433e98b83f,positive_parity,3/5,512,62,False,False,False,False,False,True,True,True,True,False,False
3163,03163.json,e3bb0654e50f59458476da466889d994939cfae86c227344ca14dc2627520eea,positive_parity,3/5,512,63,False,False,False,False,False,True,True,True,True,False,False
3164,03164.json,fb9ba229e82b7456c8c9f491ea57af5185e6414c8aad72dea63fd48c0a130394,positive_parity,3/5,512,64,False,False,False,False,False,True,True,True,True,False,False
3165,03165.json,0e8f781a8844954208c486b46f029ee3ee2fab1c3e17fb0aba31434deb7b786b,positive_parity,3/5,512,65,False,False,False,False,False,True,True,True,True,False,False
3166,03166.json,695683d0d96a17ccc74d51134c227e49d91ebd2d0daf6ccc9392a80ad3c7dc77,positive_parity,3/5,512,66,False,False,False,False,False,True,True,True,True,False,False
3167,03167.json,f0ae9e5443444d18f40a6950f86bd8078b575a8bc59a5ee1da1efc04ccb024c4,positive_parity,3/5,512,67,False,False,False,False,False,True,True,True,True,False,False
3168,03168.json,8e304a635318de982b61b50c63af43a1356a83f469def841e959d6a1c1f4bb35,positive_parity,3/5,512,68,False,False,False,False,False,True,True,True,True,False,False
3169,03169.json,6065b94ee3e3542c254e62b7c97997b2f88774238b4efb51494ab917428261b6,positive_parity,3/5,512,69,False,False,False,False,False,True,True,True,True,False,False
3170,03170.json,7595abd1ece52b0ff11df04151a668846f8421a561eb8b18dd759336c98d015e,positive_parity,3/5,512,70,False,False,False,False,False,True,True,True,True,False,False
3171,03171.json,68a721bab127e89253abc50ff30d057a4f8979aaaefb2a21cdcf802fd18ee780,positive_parity,3/5,512,71,False,False,False,False,False,True,True,True,True,False,False
3172,03172.json,8b330f272384e09922acf170094a7d19c0d73aef0dd645889cf69723e00f1145,positive_parity,3/5,512,72,False,False,False,False,False,True,True,True,True,False,False
3173,03173.json,e8dc27d45f32efd365909d0d8547960c9ad4e4256230cf720a14bc8ebed016bb,positive_parity,3/5,512,73,False,False,False,False,False,True,True,True,True,False,False
3174,03174.json,470f2f02235b86631c21f8670ffb0faf6a59746a8a9aa63037acfbd4bc2d67e6,positive_parity,3/5,512,74,False,False,False,False,False,True,True,True,True,False,False
3175,03175.json,b35df9e61e5d3e1173522f9742b2e9ee712dfd55515efd1f780a2e3f21a8c72e,positive_parity,3/5,512,75,False,False,False,False,False,True,True,True,True,False,False
3176,03176.json,57ce120bc91725c028fdc9c7a3da57f1833923505ec430b4dcd714d5b6ded67a,positive_parity,3/5,512,76,False,False,False,False,False,True,True,True,True,False,False
3177,03177.json,68471730489dc9705d6d95ec8e5d91b7ae62cef705af9612f38963b63499bf83,positive_parity,3/5,512,77,False,False,False,False,False,True,True,True,True,False,False
3178,03178.json,b07efb849359103600cb1f78ad21a17844e04bf0cfb221bcb15dfa4c50052d70,positive_parity,3/5,512,78,False,False,False,False,False,True,True,True,True,False,False
3179,03179.json,9b28f0a96f71e56b75567cfe73d82d0b21f558a83e0e641745d78e0361b6adfc,positive_parity,3/5,512,79,False,False,False,False,False,True,True,True,True,False,False
3180,03180.json,d831dccb22d56dad8610f9ece3fb1290092da87b9b4bdd0d20936732e176bb3c,positive_parity,3/5,512,80,False,False,False,False,False,True,True,True,True,False,False
3181,03181.json,24dd32c3e80cd304a17263cb26170fc672e99226800329e891878bc2acee33b1,positive_parity,3/5,512,81,False,False,False,False,False,True,True,True,True,False,False
3182,03182.json,2e985eff2c7771a40a5dbc959ad203fe3892b2d7a66d38313e9fde9ea82ba9ec,positive_parity,3/5,512,82,False,False,False,False,False,True,True,True,True,False,False
3183,03183.json,9a48ebc2a8f07d0b04af8bab1f1e1c6164b704e35206523788cd1eeacec1f42a,positive_parity,3/5,512,83,False,False,False,False,False,True,True,True,True,False,False
3184,03184.json,ac27dbd273efbe63ba2108e2488ec0a40ac3b0ecce57cf682c406053ce55920d,positive_parity,3/5,512,84,False,False,False,False,False,True,True,True,True,False,False
3185,03185.json,5518b78072ee5e4500097a3404fe47974729462b5d3df0c56715b6fc1317782c,positive_parity,3/5,512,85,False,False,False,False,False,True,True,True,True,False,False
3186,03186.json,026fd8c3cf6f750326c39c54f54d43259cd799566bf70e2c929eb4c6cff1522a,positive_parity,3/5,512,86,False,False,False,False,False,True,True,True,True,False,False
3187,03187.json,4e0429f280684732a920c591dd8fe0fb7abe2b3076ab692ae5ffa7191f14a14a,positive_parity,3/5,512,87,False,False,False,False,False,True,True,True,True,False,False
3188,03188.json,6bda0c3f1ebb83e59153c790f253fe116c4fcf64671368ca4df5367c4f61a5a0,positive_parity,3/5,512,88,False,False,False,False,False,True,True,True,True,False,False
3189,03189.json,62df042a5f51449f26c72f15b852c827a7c9d28ccc03a709105885af97dd3fde,positive_parity,3/5,512,89,False,False,False,False,False,True,True,True,True,False,False
3190,03190.json,d9fc31f446bca671c36801ff0b733c3c54adac7400784e722ce531308decea0f,positive_parity,3/5,512,90,False,False,False,False,False,True,True,True,True,False,False
3191,03191.json,0f8a05aa3971fdee043cee14e4d953bda02731cd8e6e2f848d83eb9aceb79823,positive_parity,3/5,512,91,False,False,False,False,False,True,True,True,True,False,False
3192,03192.json,0037009a956b3334b45a169b5398ff854b6e7ec6912fcff594070f08209cf267,positive_parity,3/5,512,92,False,False,False,False,False,True,True,True,True,False,False
3193,03193.json,0d941844d7321b1526c2c79a4c3d35564028bfe9a87d409fe602cc98e15bbfad,positive_parity,3/5,512,93,False,False,False,False,False,True,True,True,True,False,False
3194,03194.json,39bfed6b2be9992966dd2e2531a63d27254f13bc21081132e699d0509b8bda7f,positive_parity,3/5,512,94,False,False,False,False,False,True,True,True,True,False,False
3195,03195.json,f1dccb1cb5e9c81bfc8c1bbd3fe408843c4e67bc615558079a311545b4a08ae9,positive_parity,3/5,512,95,False,False,False,False,False,True,True,True,True,False,False
3196,03196.json,fddb83cb91fb597b9f41cb6fe26fb0f431216f66a82ce5c3a9f3beb371f74d4b,positive_parity,3/5,512,96,False,False,False,False,False,True,True,True,True,False,False
3197,03197.json,a9200e63682d5645ce1df770547b511f4660af459a590199c18d8d9b0d806e71,positive_parity,3/5,512,97,False,False,False,False,False,True,True,True,True,False,False
3198,03198.json,8133940e01db10f40005a584d104b77a4c01dc15b742bd41ff2325e532b715ff,positive_parity,3/5,512,98,False,False,False,False,False,True,True,True,True,False,False
3199,03199.json,637915e57ad8705fd9f2c2d370f5a9dfeb6e7d4792dcb01525780fa29eaa9a12,positive_parity,3/5,512,99,False,False,False,False,False,True,True,True,True,False,False
3200,03200.json,2c83fb7f2c55aec5e349bbfdea7961dacf7782028e786f1496aeea06b59dd237,positive_parity,3/5,1024,0,False,False,False,False,False,True,True,True,True,False,False
3201,03201.json,54bfbb7e65908176c81852aaeb0f57cbb8db06d82c1552e17c8fce13fb8a81dc,positive_parity,3/5,1024,1,False,False,False,False,False,True,True,True,True,False,False
3202,03202.json,810f8bbd0e1efc7a09858595fb94386ffa2eaee8c28dce696b82026843ba0d61,positive_parity,3/5,1024,2,False,False,False,False,False,True,True,True,True,False,False
3203,03203.json,f5a933c584cf975ac51f6a900516acf5bcfaf4f4f020f238c5d5da4c2aabe5f4,positive_parity,3/5,1024,3,False,False,False,False,False,True,True,True,True,False,False
3204,03204.json,3a99a4ccae66e76cf245bf6a22724c9d2256254a175c7bafdca3441c79943929,positive_parity,3/5,1024,4,False,False,False,False,False,True,True,True,True,False,False
3205,03205.json,2f691ab321daf6656fd7e375c2eea8b7fb3f986477a53226c866deace7b722be,positive_parity,3/5,1024,5,False,False,False,False,False,True,True,True,True,False,False
3206,03206.json,e6cbd88e958d4895b56bb9b1bcd0c778fb524be2a27751ea12f8099e42d5de97,positive_parity,3/5,1024,6,False,False,False,False,False,True,True,True,True,False,False
3207,03207.json,c15683da0dcd7261ea5c446a12f6c1b849f529310479b6700120b9a7798f8720,positive_parity,3/5,1024,7,False,False,False,False,False,True,True,True,True,False,False
3208,03208.json,ff7c7c5f7d47c4799d61d187136a0521d14cee33ba173e16151f73e0518ef4c1,positive_parity,3/5,1024,8,False,False,False,False,False,True,True,True,True,False,False
3209,03209.json,f4bbfe44465d55b1530e997644d8f15353c496e20024c8d0742b6e7e350f6e1a,positive_parity,3/5,1024,9,False,False,False,False,False,True,True,True,True,False,False
3210,03210.json,3327ee01a1b723e5bc25dba986b32e5efe74db02711dc5d1465cb6cefa0453b1,positive_parity,3/5,1024,10,False,False,False,False,False,True,True,True,True,False,False
3211,03211.json,d4c8616ee59180c2545cac178d266c5737129d13746d2a31dc41a88795ae4266,positive_parity,3/5,1024,11,False,False,False,False,False,True,True,True,True,False,False
3212,03212.json,d1488d3509754cef7e1f610a42afacc2fae6cf71ef0d3afa22a3b48cd50f2b33,positive_parity,3/5,1024,12,False,False,False,False,False,True,True,True,True,False,False
3213,03213.json,d1f5bff5d9041047196804b4020d304184371c2f16e6ea5df1b784ff3579ae09,positive_parity,3/5,1024,13,False,False,False,False,False,True,True,True,True,False,False
3214,03214.json,8175fb6ef99480e4c2bfaa3d599a4c7c6d31226a7e461af8d389b2906bbd1de7,positive_parity,3/5,1024,14,False,False,False,False,False,True,True,True,True,False,False
3215,03215.json,7f2fb80544464d1dd884dd753bb3c9bacbcb830889b5f7e5e476609c95e86453,positive_parity,3/5,1024,15,False,False,False,False,False,True,True,True,True,False,False
3216,03216.json,7c92a1a685a6d760ba75ea93e4a37b7310695adf3bac12dafca39843718882ac,positive_parity,3/5,1024,16,False,False,False,False,False,True,True,True,True,False,False
3217,03217.json,8f01b41f18ac3bbe8534b3f45329de43bdcd1f9ebd15d9e9bc529640f89113f9,positive_parity,3/5,1024,17,False,False,False,False,False,True,True,True,True,False,False
3218,03218.json,f58d06bfb0c166442b593870699a1cdd2da63825c83c2718fd67ebaa8dd87a23,positive_parity,3/5,1024,18,False,False,False,False,False,True,True,True,True,False,False
3219,03219.json,9be5a39f41ff03edec55dc78ae93d98eeaef7c6ce8112bceb2017d9c52dc9197,positive_parity,3/5,1024,19,False,False,False,False,False,True,True,True,True,False,False
3220,03220.json,31889f603ff7013267cb2e6fadb100f1665e10839b956fe9942cf29d8a9d6163,positive_parity,3/5,1024,20,False,False,False,False,False,True,True,True,True,False,False
3221,03221.json,0866ec25714ae7d1f894a7e2714a01639e66feaa5bcfde3fa0748eb894819b1c,positive_parity,3/5,1024,21,False,False,False,False,False,True,True,True,True,False,False
3222,03222.json,b700840030af357210c33afdec96cd6620e6a9516db5f3a107a62702c21279ec,positive_parity,3/5,1024,22,False,False,False,False,False,True,True,True,True,False,False
3223,03223.json,80312fcf3ace2ba0cff38e33bab872eab8bc46873b24ec53b0c8c9fa551414aa,positive_parity,3/5,1024,23,False,False,False,False,False,True,True,True,True,False,False
3224,03224.json,2ab4f1cfd210f7afa5bb9869e559a794a6a73bece6df8affaf255193c5b47976,positive_parity,3/5,1024,24,False,False,False,False,False,True,True,True,True,False,False
3225,03225.json,74cda92d84a1cd0f4da48e302a5ef7da97f0380347fe2edae0f9c21d406f1244,positive_parity,3/5,1024,25,False,False,False,False,False,True,True,True,True,False,False
3226,03226.json,93d86d0924514a193546d4264fe1dfce0cf7c2daed245a5d6f3ab6f6f637ed89,positive_parity,3/5,1024,26,False,False,False,False,False,True,True,True,True,False,False
3227,03227.json,848b45cbbb69377151ecc6c906938dfbcac9cf1a998e6f53caf1f75b20143443,positive_parity,3/5,1024,27,False,False,False,False,False,True,True,True,True,False,False
3228,03228.json,eb35ebc70a7686694b157b1f57456f6aa76727b301bee3ff7ff7c52fc2debaf5,positive_parity,3/5,1024,28,False,False,False,False,False,True,True,True,True,False,False
3229,03229.json,ad74da3f8c96ef9452d888427e427b9595103f20ad26d5122e1e8b299f8f5db7,positive_parity,3/5,1024,29,False,False,False,False,False,True,True,True,True,False,False
3230,03230.json,dff6bb5bab51dbe16bc12d4df56e3143e1d02652d7c31827d9f0e0183ddb5281,positive_parity,3/5,1024,30,False,False,False,False,False,True,True,True,True,False,False
3231,03231.json,d0a5716f021eb6635408ee49844ae1c87b70ad8bee701e0f58a9e6011dd17513,positive_parity,3/5,1024,31,False,False,False,False,False,True,True,True,True,False,False
3232,03232.json,663bab9426e458fbabd73482c06bda33fd67391cce8d65f16105251e086af020,positive_parity,3/5,1024,32,False,False,False,False,False,True,True,True,True,False,False
3233,03233.json,2ea02903b19115face8099c79b4f38f8ff24361f384ea0792343f54fbedf99c0,positive_parity,3/5,1024,33,False,False,False,False,False,True,True,True,True,False,False
3234,03234.json,d871d78fe272b469bb3f4b4aefe82ab349fbbf2c7a75d340ea7a6f1d0be3ffba,positive_parity,3/5,1024,34,False,False,False,False,False,True,True,True,True,False,False
3235,03235.json,5ecd8dab8a8c3486713671c7e70d404f3b456bb21e5fbad7b8b85d218e490656,positive_parity,3/5,1024,35,False,False,False,False,False,True,True,True,True,False,False
3236,03236.json,0bc8d1034efe0d7466e1eb41359a84ac0717a43572a2366ccd3b6a40fc9dca4b,positive_parity,3/5,1024,36,False,False,False,False,False,True,True,True,True,False,False
3237,03237.json,075f736a70d1ad5889d7e2511ff877e7b215503187ae490882c0209d91b21fad,positive_parity,3/5,1024,37,False,False,False,False,False,True,True,True,True,False,False
3238,03238.json,bd2e0b134f984799c6fd81da82407f469325b0057147e9e0667d0d988ac0b20e,positive_parity,3/5,1024,38,False,False,False,False,False,True,True,True,True,False,False
3239,03239.json,ae210cbae87789743c49b2fed4d16324a67aae6e590608849bbcee8319737fca,positive_parity,3/5,1024,39,False,False,False,False,False,True,True,True,True,False,False
3240,03240.json,ac91c5ba0a313721dc7216c3a053103290a7f72b20b8af86f21159978f4ba4d2,positive_parity,3/5,1024,40,False,False,False,False,False,True,True,True,True,False,False
3241,03241.json,38ce3dee818a5eca2fc106713ac635f5a1af30ef6cb0e73c6035552f93c265b6,positive_parity,3/5,1024,41,False,False,False,False,False,True,True,True,True,False,False
3242,03242.json,8a3daa67b9d231d5a623732a23208c6173a5628d26a734b6b99a6e30cbe4bf16,positive_parity,3/5,1024,42,False,False,False,False,False,True,True,True,True,False,False
3243,03243.json,2b1b1e0878c3790c3e9f25905ca29435ecbb39e58238cc53c9d5b48fc81b1b5a,positive_parity,3/5,1024,43,False,False,False,False,False,True,True,True,True,False,False
3244,03244.json,631a7c94d287a24322544c6cee2a0d124fb1d5ec8768b0ae6e4c44ccb145d326,positive_parity,3/5,1024,44,False,False,False,False,False,True,True,True,True,False,False
3245,03245.json,8c50fc0d7d33eadfbcb9e85cd0e11f67ca651ab666aa41d84619b4120faf62e7,positive_parity,3/5,1024,45,False,False,False,False,False,True,True,True,True,False,False
3246,03246.json,426e9099bae4332988728108761556bd21fd381c5c33d100f33a17dddb7b6145,positive_parity,3/5,1024,46,False,False,False,False,False,True,True,True,True,False,False
3247,03247.json,0903a8af26420e197f94d80f69c406cfe3e46abd129021ab94d8462da2a94b1b,positive_parity,3/5,1024,47,False,False,False,False,False,True,True,True,True,False,False
3248,03248.json,39de0112df58b781f12f2f3072eb6844cc432060bbe19ccb5c1b2872385029ca,positive_parity,3/5,1024,48,False,False,False,False,False,True,True,True,True,False,False
3249,03249.json,1ade0c262d4cab9b3e7817575aca78c55188e0b199fb3de4852f819236f8dab1,positive_parity,3/5,1024,49,False,False,False,False,False,True,True,True,True,False,False
3250,03250.json,bdae0330fbd6fd296dec2bd0a4a9046c23ecd2ce9a591bac8dad07b7c01c552c,positive_parity,3/5,1024,50,False,False,False,False,False,True,True,True,True,False,False
3251,03251.json,ea62a5524da734453b8762d20c6114b39011c4305ab4674a256612ee242f471e,positive_parity,3/5,1024,51,False,False,False,False,False,True,True,True,True,False,False
3252,03252.json,da7300f0cbf93e367f55304dd6e85e62482ef3bcaa89dd1bedcda3d9b75d057b,positive_parity,3/5,1024,52,False,False,False,False,False,True,True,True,True,False,False
3253,03253.json,64ee7180387da514ba3483ab608b2223b87476d18c2e1350ef8f1eeb1996a444,positive_parity,3/5,1024,53,False,False,False,False,False,True,True,True,True,False,False
3254,03254.json,06fa047646bd60e8fcb0562f590a07128c9200a0bef5e94d89fad4eae719fd8f,positive_parity,3/5,1024,54,False,False,False,False,False,True,True,True,True,False,False
3255,03255.json,efa15f66468f680e3ef0fbecf5768bd6478293a741c24434a4b77871acd185d5,positive_parity,3/5,1024,55,False,False,False,False,False,True,True,True,True,False,False
3256,03256.json,54e2ccc8c64b0f071febf311b17d49bb122a1e77c6627368561903be96f1ce1b,positive_parity,3/5,1024,56,False,False,False,False,False,True,True,True,True,False,False
3257,03257.json,dee1f08b209f499aa1d040463828710d6e620e421c6225183e9ac4cfa8350f89,positive_parity,3/5,1024,57,False,False,False,False,False,True,True,True,True,False,False
3258,03258.json,0d3e6ded4370bcbe816d84b859ec546497b4ca5c06cdedada6511a9a715baef3,positive_parity,3/5,1024,58,False,False,False,False,False,True,True,True,True,False,False
3259,03259.json,ab79503df7fab0fe37d4e07baa8ec6109db540bababbb86366e679ffc6cb5986,positive_parity,3/5,1024,59,False,False,False,False,False,True,True,True,True,False,False
3260,03260.json,77fcdbb1884a06f0ce6b561a14cf555e2510f0977a84c4ea4df6dd152fb708f8,positive_parity,3/5,1024,60,False,False,False,False,False,True,True,True,True,False,False
3261,03261.json,b4da8e9a8c29af383c612fb7b8dedd32ea0e5e1ef9db6e8d88d74a192300f701,positive_parity,3/5,1024,61,False,False,False,False,False,True,True,True,True,False,False
3262,03262.json,62b211384fcc019fa902760a7f4ec4979d5492bfb0d70812cc33b4f9168be8ff,positive_parity,3/5,1024,62,False,False,False,False,False,True,True,True,True,False,False
3263,03263.json,1bdcd5932f1e58f0ab0010195ee9f4ed4a87680e8ae68487515b7f90c98940a8,positive_parity,3/5,1024,63,False,False,False,False,False,True,True,True,True,False,False
3264,03264.json,eccc70ee9c39ab20f102aaaa3e34df99c208289521518c27da4412e9de779b11,positive_parity,3/5,1024,64,False,False,False,False,False,True,True,True,True,False,False
3265,03265.json,e090b4c8d3157bae96b881f2235a02f27bcde9c5f922eb47510ffd3239100b0a,positive_parity,3/5,1024,65,False,False,False,False,False,True,True,True,True,False,False
3266,03266.json,6530420b6a98eafb0a7c8395352bfd5e97d4a0e694ff6b9b32a11af1dd81b0ac,positive_parity,3/5,1024,66,False,False,False,False,False,True,True,True,True,False,False
3267,03267.json,c6d15c436eedf18c73d42514eb84c9ecebc0bf2df239a28531a3273945417d98,positive_parity,3/5,1024,67,False,False,False,False,False,True,True,True,True,False,False
3268,03268.json,f0b1602e76f607eb678df1b97737af5e0644152be1c132a1d115ac4ad1a276c7,positive_parity,3/5,1024,68,False,False,False,False,False,True,True,True,True,False,False
3269,03269.json,fc2e96b490bde023ab319918e89806dec69514c7fb8f394ffde3b9dc968527d6,positive_parity,3/5,1024,69,False,False,False,False,False,True,True,True,True,False,False
3270,03270.json,c84bbfdf8770e33e69deaf00704b11eba43037e21d569de2c88927c10482c5c9,positive_parity,3/5,1024,70,False,False,False,False,False,True,True,True,True,False,False
3271,03271.json,9c81d5f05906bd10690a5a0affbdbd31bb173c0d7a45562d3b7c02d14be883f2,positive_parity,3/5,1024,71,False,False,False,False,False,True,True,True,True,False,False
3272,03272.json,fdca6d92a30447563fdb3c0eb9eef3ebf429f9379829b3f9f92aa1543bb421b0,positive_parity,3/5,1024,72,False,False,False,False,False,True,True,True,True,False,False
3273,03273.json,e97c1f033aecbc69a8d3f09b1b5a027f2b2bba2d2895bdb188401a4dbc7de0ce,positive_parity,3/5,1024,73,False,False,False,False,False,True,True,True,True,False,False
3274,03274.json,b5b3ed7beff0ce54c5d6522105ecfca3644097fa527531c32c915d8313af2563,positive_parity,3/5,1024,74,False,False,False,False,False,True,True,True,True,False,False
3275,03275.json,f3d947afe395108f478f52875335457f6f33599d6f249b4fe552cf03ed8cb9ed,positive_parity,3/5,1024,75,False,False,False,False,False,True,True,True,True,False,False
3276,03276.json,5f316f62f72a7f72f9a531e2b7fb79416630e0933e2108cb175f3b9913b96474,positive_parity,3/5,1024,76,False,False,False,False,False,True,True,True,True,False,False
3277,03277.json,76273e08e5c60c6d7c4d6b75890c438e4320c608234488c1c31a0656c6554e7f,positive_parity,3/5,1024,77,False,False,False,False,False,True,True,True,True,False,False
3278,03278.json,9586fa5f5efca7e1c52bd9ed8856c563f9df800b5ae76604b412cf9a7cea688a,positive_parity,3/5,1024,78,False,False,False,False,False,True,True,True,True,False,False
3279,03279.json,ac491e176bf92fbc2d489f69447eee05725c047086c291d508c57e26194136fc,positive_parity,3/5,1024,79,False,False,False,False,False,True,True,True,True,False,False
3280,03280.json,f01bfa97ca097160335cb8dacfe63861454a434f75fb7f5674a17719204e02fc,positive_parity,3/5,1024,80,False,False,False,False,False,True,True,True,True,False,False
3281,03281.json,346bb3680403bb7237f0c03ddacf28dfe6158be859b2a443c3ae3eff1b0bfa40,positive_parity,3/5,1024,81,False,False,False,False,False,True,True,True,True,False,False
3282,03282.json,dedc3dbb4d9f4a8a907a2ebbd7925911be9729f416616282464c38c739d7c23f,positive_parity,3/5,1024,82,False,False,False,False,False,True,True,True,True,False,False
3283,03283.json,c2f422dd72302986fd413f4bc1203927cd80271d8d224450bc5ff0430bdb92ee,positive_parity,3/5,1024,83,False,False,False,False,False,True,True,True,True,False,False
3284,03284.json,2e431f5ab225eb6c3f23b7aaf2b5b836b4861d0ed8a4d9ea61813aea163ff820,positive_parity,3/5,1024,84,False,False,False,False,False,True,True,True,True,False,False
3285,03285.json,5c77fa7f683f1bbd7d4c79f3705f5167705806a4c3842a33e2beaf37541e6407,positive_parity,3/5,1024,85,False,False,False,False,False,True,True,True,True,False,False
3286,03286.json,45dd3a57d37e0895c1d80a28a2943cda448ba28c69cf0aecbdfaf924ece86c1e,positive_parity,3/5,1024,86,False,False,False,False,False,True,True,True,True,False,False
3287,03287.json,e5b5dca89095a8eea2d1cf76edf0f666ce6d9189d34d3999bcdd3f71de952124,positive_parity,3/5,1024,87,False,False,False,False,False,True,True,True,True,False,False
3288,03288.json,1bdc5ee575326105a262f86c4ba7929a71725a3e2e1d1767b28975458fb8b13c,positive_parity,3/5,1024,88,False,False,False,False,False,True,True,True,True,False,False
3289,03289.json,4c7faa9edb3080e74943ad6ba3139cced00617151a2c6d22d4a223050c28acae,positive_parity,3/5,1024,89,False,False,False,False,False,True,True,True,True,False,False
3290,03290.json,f2139d9b9bafcfdd71afd1360e68b5e8d8e9a772e182b397cbf1f50c91b25890,positive_parity,3/5,1024,90,False,False,False,False,False,True,True,True,True,False,False
3291,03291.json,ec8c0529a007f10d9b547b7d782cf500e7487a378a4829d6ad027561cdecceac,positive_parity,3/5,1024,91,False,False,False,False,False,True,True,True,True,False,False
3292,03292.json,dad9c73d4a259ff03e028b014d479a445ae99fcc06f6e5e40ce591639b0e2999,positive_parity,3/5,1024,92,False,False,False,False,False,True,True,True,True,False,False
3293,03293.json,ed58723e14d07d8b289f9fe7123839f3d27e49e665d4be51aa8ebb1be54106d3,positive_parity,3/5,1024,93,False,False,False,False,False,True,True,True,True,False,False
3294,03294.json,5574965dee660bf19d3c6a7f6c215e8673efe240b99613c507976af51284d321,positive_parity,3/5,1024,94,False,False,False,False,False,True,True,True,True,False,False
3295,03295.json,fc20c7b0e6bafec6c488a4d0185851af6762c6ea928ab2866bedb0f6bb70b451,positive_parity,3/5,1024,95,False,False,False,False,False,True,True,True,True,False,False
3296,03296.json,59ca54e6de3bb35f88195c343981d9be3c106ecf48527a4933c81a04c2dbf42d,positive_parity,3/5,1024,96,False,False,False,False,False,True,True,True,True,False,False
3297,03297.json,cfd47ad293e1ef7a7d1dd0ab22346ee17dccfec3b29c97d3697f7cd20e715bac,positive_parity,3/5,1024,97,False,False,False,False,False,True,True,True,True,False,False
3298,03298.json,7b94ec6c08a34b5f999c579a5c771dbc8f0228ed62ab865543707d768b80af32,positive_parity,3/5,1024,98,False,False,False,False,False,True,True,True,True,False,False
3299,03299.json,fe9c59da22c3f6f280e6cd5393efba402343f41075789952adb07f8a69a7daa1,positive_parity,3/5,1024,99,False,False,False,False,False,True,True,True,True,False,False
3300,03300.json,c777a7989c60380b32461c8482d9dafe6918d06841c16cbbad56fa74177d0597,positive_parity,3/5,4096,0,False,False,False,False,False,True,True,True,True,True,True
3301,03301.json,0ec2b8afa2cba2b1843c734c4251a3ccf64d2bd1842bb26cb4c28281553aa211,positive_parity,3/5,4096,1,False,False,False,False,False,True,True,True,True,True,True
3302,03302.json,f589e56c32bba3ae6c588b98dc168d22ad2879b766e5ba57284211142058f207,positive_parity,3/5,4096,2,False,False,False,False,False,True,True,True,True,True,True
3303,03303.json,290988cf348648c635f5017587be8f6e296f6b279d0aafa35f17b9644c748ff9,positive_parity,3/5,4096,3,False,False,False,False,False,True,True,True,True,True,True
3304,03304.json,6c5d90298e4497ce2fcf080d25470349dc80e9797c46244e24ea73f779e45c5e,positive_parity,3/5,4096,4,False,False,False,False,False,True,True,True,True,True,True
3305,03305.json,9ecbb3ec8f71b1fa66dee9bb6c2ac61d15fe7d90f55a6655ebff9ce9fa4c1623,positive_parity,3/5,4096,5,False,False,False,False,False,True,True,True,True,True,True
3306,03306.json,8d60d610289ee4ecc162d051899d6cdedcac614df7360764fe177737fb7dd8e5,positive_parity,3/5,4096,6,False,False,False,False,False,True,True,True,True,True,True
3307,03307.json,ed622a3e9d375cc48191a5578e4cd1b9ac7e991c13c1b1958c80aec594e25ac2,positive_parity,3/5,4096,7,False,False,False,False,False,True,True,True,True,True,True
3308,03308.json,081e0b360e0c252810b4240a5b5d394a292125560f30dfc2303ed7913301d36c,positive_parity,3/5,4096,8,False,False,False,False,False,True,True,True,True,True,True
3309,03309.json,6a6cbef88dbbbab4312798ca459e2b1e22cb3bc023ef4cd6190fb26331c8f09f,positive_parity,3/5,4096,9,False,False,False,False,False,True,True,True,True,True,True
3310,03310.json,5a4fc8e2b36832ace3bd47caaca42364fd54fe60ded4ec03876ff1f0ba48e728,positive_parity,3/5,4096,10,False,False,False,False,False,True,True,True,True,True,True
3311,03311.json,e6fb8e2ddb589b14ec0073c92c17485cda0faf691021f5b4d7f253bab6896d22,positive_parity,3/5,4096,11,False,False,False,False,False,True,True,True,True,True,True
3312,03312.json,4a263cc16293606eaa4c70e9c07306c89ed95dd64ebf53f0083c3c58eb5384dc,positive_parity,3/5,4096,12,False,False,False,False,False,True,True,True,True,True,True
3313,03313.json,fda6fd9479940d55347f43fb9ddec89525ef63f58abbf5a4dd56e7c0dfc8113b,positive_parity,3/5,4096,13,False,False,False,False,False,True,True,True,True,True,True
3314,03314.json,a850401317fbd9b8913f2ac23567948bd01c2de0e3b170ab155fa3adca3c451e,positive_parity,3/5,4096,14,False,False,False,False,False,True,True,True,True,True,True
3315,03315.json,d36836ccac2df9ba945507d19ae8d7f0cee5a6357a96f21c1c2e3848dbc1d4c5,positive_parity,3/5,4096,15,False,False,False,False,False,True,True,True,True,True,True
3316,03316.json,4f72532433974170eb33ad9a05143b7b7f375a42f7718bb053482c1a6161458d,positive_parity,3/5,4096,16,False,False,False,False,False,True,True,True,True,True,True
3317,03317.json,cddedbe31b587063cb8bb6f4451f550164e4472d9e647e57a7a911de09c83a42,positive_parity,3/5,4096,17,False,False,False,False,False,True,True,True,True,True,True
3318,03318.json,ffcf26e6db1b1bf372c5c6d3f43477ad234b7ad0623fd9727f9bdc500b15efa9,positive_parity,3/5,4096,18,False,False,False,False,False,True,True,True,True,True,True
3319,03319.json,3728937d8b89f8c7503f24209be4d2b4467124bc00ac265cb4c91243fb43e1ce,positive_parity,3/5,4096,19,False,False,False,False,False,True,True,True,True,True,True
3320,03320.json,83765df5dd8c8e8170d473a75cbe9d7153b8242db632753754bb2e0b3ea76d1a,positive_parity,3/5,4096,20,False,False,False,False,False,True,True,True,True,True,True
3321,03321.json,b060c54d90e07081e53f0b022440afa93814848dc900ad173279fca8312768d9,positive_parity,3/5,4096,21,False,False,False,False,False,True,True,True,True,True,True
3322,03322.json,fe36617ceb9d504118a48a58270d8d9fcb90d4e317a524e3189665b3648bfc8a,positive_parity,3/5,4096,22,False,False,False,False,False,True,True,True,True,True,True
3323,03323.json,cbe44c2a7d467edae95e21c34d3d995e0869c8e518f037a54d364abeddbfbc7c,positive_parity,3/5,4096,23,False,False,False,False,False,True,True,True,True,True,True
3324,03324.json,d13084b8c2ce372a3d97cdf60d7afefcd05d71b58bf331b97b450b6e9f9f758d,positive_parity,3/5,4096,24,False,False,False,False,False,True,True,True,True,True,True
3325,03325.json,b35c5fd1c340b42ba315b0473b7a13a2f668cdee9c1d1f9064dfb1b6acb2bf46,positive_parity,3/5,4096,25,False,False,False,False,False,True,True,True,True,True,True
3326,03326.json,532ffbc1cd9a6d754c0cb7a4bcb413382f6cb17326235fc62f1a8446357c791d,positive_parity,3/5,4096,26,False,False,False,False,False,True,True,True,True,True,True
3327,03327.json,9e6c507a3a94cad4733e4d922f40d461659eed5f7f9e233bab44834772342d69,positive_parity,3/5,4096,27,False,False,False,False,False,True,True,True,True,True,True
3328,03328.json,85194bb65a04d4e0fe7f1b9f9a2ef6def271a8c20b5f210cb071dcd99556cf96,positive_parity,3/5,4096,28,False,False,False,False,False,True,True,True,True,True,True
3329,03329.json,43dd3551f265a397827b7fded03d6cbcc9895aceec25ce001e8657d7fef5deb4,positive_parity,3/5,4096,29,False,False,False,False,False,True,True,True,True,True,True
3330,03330.json,0a44d212fe3a75d53cd9f231fbd03ac0e1a1efac459a6479ea6c9a774c71efbb,positive_parity,3/5,4096,30,False,False,False,False,False,True,True,True,True,True,True
3331,03331.json,9f5ae3ef760c32b1675ca8e893e7a337ac059585886bf25f897e188880b0fe47,positive_parity,3/5,4096,31,False,False,False,False,False,True,True,True,True,True,True
3332,03332.json,13c257f0d8cd2d94067d9dc89bdc4704fd07fe3cab83895ae2956ad6d2248a6c,positive_parity,3/5,4096,32,False,False,False,False,False,True,True,True,True,True,True
3333,03333.json,ce120ec5c7adfd29167a4e305415fbf445fbc81acccab67a26ceebecad6815b2,positive_parity,3/5,4096,33,False,False,False,False,False,True,True,True,True,True,True
3334,03334.json,60d17f7d0bc2aa9a997ccd67c9dbf0c1c1ee71d55f95ab35a59aa23eb00762f8,positive_parity,3/5,4096,34,False,False,False,False,False,True,True,True,True,True,True
3335,03335.json,4a84d896c2ffa4e1b95ca907db6c9e4d95adcf2477ec331971e38db7625befcb,positive_parity,3/5,4096,35,False,False,False,False,False,True,True,True,True,True,True
3336,03336.json,910e62b02b1d7a56c712ac59bd99e808576797dbb0170df8103bd48a2b00acc6,positive_parity,3/5,4096,36,False,False,False,False,False,True,True,True,True,True,True
3337,03337.json,84b5f817f98375a8068c1be0b3a143e9510dedc7216f02fa4049e751e6acd5c2,positive_parity,3/5,4096,37,False,False,False,False,False,True,True,True,True,True,True
3338,03338.json,0c9bea540c804931944e90424190f0b2dc4fa924ea51c8da527cfb3c3e99a6d0,positive_parity,3/5,4096,38,False,False,False,False,False,True,True,True,True,True,True
3339,03339.json,9973702e72988f93fb837720e2e1aed9850d537d93dc7b4fb79265d3b9a847cf,positive_parity,3/5,4096,39,False,False,False,False,False,True,True,True,True,True,True
3340,03340.json,fb442e9ef5aaec9d5c9212bbdd48449e06f6924b12d2116c1ea16068f206c010,positive_parity,3/5,4096,40,False,False,False,False,False,True,True,True,True,True,True
3341,03341.json,5496f2d4123d9a9bc1065559add3b82e8492a28cf7861fe4f131c340a3dde076,positive_parity,3/5,4096,41,False,False,False,False,False,True,True,True,True,True,True
3342,03342.json,a047928336a6481262bc405e47bc7841be708def877dc4f470d5ce060476861d,positive_parity,3/5,4096,42,False,False,False,False,False,True,True,True,True,True,True
3343,03343.json,4676aac173471c4aeadf209b9eb9fe03efd38cff6045699d0a072156b1d569e5,positive_parity,3/5,4096,43,False,False,False,False,False,True,True,True,True,True,True
3344,03344.json,73411299046089273d2539689c60d398e1f03693e5afefe8cd6eb996c5fb64b0,positive_parity,3/5,4096,44,False,False,False,False,False,True,True,True,True,True,True
3345,03345.json,443ffde10e1259c97129314477dfbf08fd695a8475e96a4b05b3a396d5733ef9,positive_parity,3/5,4096,45,False,False,False,False,False,True,True,True,True,True,True
3346,03346.json,9a04054b9a5ceb9770c42fce8ec17da301aa41fb84ec6d2dd86e8c6ccb97e539,positive_parity,3/5,4096,46,False,False,False,False,False,True,True,True,True,True,True
3347,03347.json,09562f8e8cf632927ce7223bd9cee6cb68743c667376ee9176d65ecbdf3532b5,positive_parity,3/5,4096,47,False,False,False,False,False,True,True,True,True,True,True
3348,03348.json,7807169e37fe31f3cad2b7be05324b986c9a92874bfe7de4f3ea0db1ed2dacf0,positive_parity,3/5,4096,48,False,False,False,False,False,True,True,True,True,True,True
3349,03349.json,168f79d442baf5fbb355c7c658be321a753d1c00d48538ae553be36cc4d78ae4,positive_parity,3/5,4096,49,False,False,False,False,False,True,True,True,True,True,True
3350,03350.json,ed0519ac8e54c8db4e366faad6ab7e37644cd59458345fa1c82cb239cd321819,positive_parity,3/5,4096,50,False,False,False,False,False,True,True,True,True,True,True
3351,03351.json,29f9e956956ad99aebb7a7ac43490072f03b5347fbcaa2e26133003d79f375e2,positive_parity,3/5,4096,51,False,False,False,False,False,True,True,True,True,True,True
3352,03352.json,f71b65e2e2ac6b773c72bdc12e7e11f08fa90e2c11e6d3aa1a5954e78ceb5157,positive_parity,3/5,4096,52,False,False,False,False,False,True,True,True,True,True,True
3353,03353.json,642582b2e7d238bba4329539b830e6922a60bce2162dab7396b7473aaa9f303a,positive_parity,3/5,4096,53,False,False,False,False,False,True,True,True,True,True,True
3354,03354.json,9a1165689b7eae3c37a22fd4af7e39971a6544033713136bc27c04fd21295cfa,positive_parity,3/5,4096,54,False,False,False,False,False,True,True,True,True,True,True
3355,03355.json,a5dca9516d33a25657b447a600650eb006d26ff074299188619bd327ea770f21,positive_parity,3/5,4096,55,False,False,False,False,False,True,True,True,True,True,True
3356,03356.json,5ae9eba1e3da1d6dc7598219717f6ba79ec3372dbf34a07600f8f512edebaf83,positive_parity,3/5,4096,56,False,False,False,False,False,True,True,True,True,True,True
3357,03357.json,879ed62e3c87776e8e9036eb3280f2676fc4a33fdc4a908b887fd90f724e9613,positive_parity,3/5,4096,57,False,False,False,False,False,True,True,True,True,True,True
3358,03358.json,b59403ac16ff188503176167ee0e40e4f8a1e0c058408c3b1680e0a8769291dd,positive_parity,3/5,4096,58,False,False,False,False,False,True,True,True,True,True,True
3359,03359.json,5b745521e5b283be5bd3d1203276509c84d030e0fa314b27889c6ca56af3dab4,positive_parity,3/5,4096,59,False,False,False,False,False,True,True,True,True,True,True
3360,03360.json,1b1a5fbafb3f249eb094c191d6da90b1355ad853adca4202d612fb33c49b50bb,positive_parity,3/5,4096,60,False,False,False,False,False,True,True,True,True,True,True
3361,03361.json,07c29bce4de282e96ee3b1f4cb8a5354013491136097a197157d819e89cba5bc,positive_parity,3/5,4096,61,False,False,False,False,False,True,True,True,True,True,True
3362,03362.json,efb0dd1d394b43cf4d0233c91adf38f405a42c00494c7a2ad55328c04246f875,positive_parity,3/5,4096,62,False,False,False,False,False,True,True,True,True,True,True
3363,03363.json,8b7e0212c250ed2f03d107044e6a569f654ade70c09efc3cb632cb2fa73bc0e4,positive_parity,3/5,4096,63,False,False,False,False,False,True,True,True,True,True,True
3364,03364.json,28c6fdd4fb1516ae9168d0d6ee3e631ccc1a55c749a5f6fc9356878a68de8d84,positive_parity,3/5,4096,64,False,False,False,False,False,True,True,True,True,True,True
3365,03365.json,2ec008930b660a011314009f547ae29d4ded7a7092c1ca7521bc985d0e46762a,positive_parity,3/5,4096,65,False,False,False,False,False,True,True,True,True,True,True
3366,03366.json,7f454c2f59e554b30b6dced282d47e5b5f0dfb9bd65efde29d9ddf570b424238,positive_parity,3/5,4096,66,False,False,False,False,False,True,True,True,True,True,True
3367,03367.json,6e447c0a251cdac1d4bc755df6ef874a02b298b35cf435da416ebfbac69a63fd,positive_parity,3/5,4096,67,False,False,False,False,False,True,True,True,True,True,True
3368,03368.json,f61636ea4ede62be66a57ba211826822151f075c2ce5aac125fa10d01d3667b4,positive_parity,3/5,4096,68,False,False,False,False,False,True,True,True,True,True,True
3369,03369.json,62ff23476e94234da39af524b73b90c1a0dd6be6137f16ba4464ad79bab8794c,positive_parity,3/5,4096,69,False,False,False,False,False,True,True,True,True,True,True
3370,03370.json,02fd4d4a22cd1c9a3e9c8826b7f131a21ec7c9a946c90cf33fce6e197aac678f,positive_parity,3/5,4096,70,False,False,False,False,False,True,True,True,True,True,True
3371,03371.json,6ee23c0c18aac3d13eee5fec483ec263a2ab28f6981c7294a6c4d487377328eb,positive_parity,3/5,4096,71,False,False,False,False,False,True,True,True,True,True,True
3372,03372.json,21f1452914c6693828c782a81472b3abb512cca2a42c074c6f7cb13d320f4bd2,positive_parity,3/5,4096,72,False,False,False,False,False,True,True,True,True,True,True
3373,03373.json,efa92c1042854370559f1ee982ba8b05559c285d42074d3fde11980bb6ccaf90,positive_parity,3/5,4096,73,False,False,False,False,False,True,True,True,True,True,True
3374,03374.json,9800edb3150b11f4dc6649bb32ea4b83f14d6f242fbd3d5f2b2dc95674a2e3bd,positive_parity,3/5,4096,74,False,False,False,False,False,True,True,True,True,True,True
3375,03375.json,7cb08e6ac022f04f5b7a93d36005e726fc18a5a39839dcbcc59052f8b2a0ac5d,positive_parity,3/5,4096,75,False,False,False,False,False,True,True,True,True,True,True
3376,03376.json,c5dc8ff766da876ca35885a936b9aa84c23581d9097c8c0ac8cbad3f348aae77,positive_parity,3/5,4096,76,False,False,False,False,False,True,True,True,True,True,True
3377,03377.json,ba5e4febffe4ca92f5f247cd73a2a9c7e07e6e17c67479e5f59a98d42c0c64d1,positive_parity,3/5,4096,77,False,False,False,False,False,True,True,True,True,True,True
3378,03378.json,156369465073d94f697dc78f9c6b2f7f6ecedf1bcf4e504237cd1a0404c253b9,positive_parity,3/5,4096,78,False,False,False,False,False,True,True,True,True,True,True
3379,03379.json,0c40a194d211b2d4de79a30da391af6cbf8c1eac2e3f32efdb110bf3ec0de502,positive_parity,3/5,4096,79,False,False,False,False,False,True,True,True,True,True,True
3380,03380.json,b37622222b83fecbeb61d3c0f59a192e13bb92f570560c91a920e5a9395484a7,positive_parity,3/5,4096,80,False,False,False,False,False,True,True,True,True,True,True
3381,03381.json,855ac6da4bb34385194d2bfa1ec837166985c11b616a860e86e6415b82d74d10,positive_parity,3/5,4096,81,False,False,False,False,False,True,True,True,True,True,True
3382,03382.json,1f63c7d3a80ddb4f301a2608b47d0bbd353e9551b26abfb6a9b32e1f67fde3e2,positive_parity,3/5,4096,82,False,False,False,False,False,True,True,True,True,True,True
3383,03383.json,08a0260117dc7af0f76e3ee1ee4975e839a5d5d545c254a5fe1644b681b625df,positive_parity,3/5,4096,83,False,False,False,False,False,True,True,True,True,True,True
3384,03384.json,8f0ca73c4d85fe041a301528848ba068d7cb2233ee8ed2decfcbc971cf99d71c,positive_parity,3/5,4096,84,False,False,False,False,False,True,True,True,True,True,True
3385,03385.json,2ea75fa89b52718adaabce7d4ac393cabfa08d471c1799eef8e5dbe04b06cd84,positive_parity,3/5,4096,85,False,False,False,False,False,True,True,True,True,True,True
3386,03386.json,180931291fe4b145b91bc6549089f18c675fa4457a3318a79fa1dfcc52a90196,positive_parity,3/5,4096,86,False,False,False,False,False,True,True,True,True,True,True
3387,03387.json,1a19474878ea4257c0cb0d6170053ef0ac1f4592fbe932db1a6701859cee83e7,positive_parity,3/5,4096,87,False,False,False,False,False,True,True,True,True,True,True
3388,03388.json,e5709e6805ad9c6a0fc3556706a2b2e0e4d9dc204e8623be8effe85f898f7d30,positive_parity,3/5,4096,88,False,False,False,False,False,True,True,True,True,True,True
3389,03389.json,cc54a2d7cc67d1e530c7cb74b05e72f92394a1b3adbf11f93ca3364d862475c0,positive_parity,3/5,4096,89,False,False,False,False,False,True,True,True,True,True,True
3390,03390.json,d7b35eb1ec57c29ad6f9ec241ed32cccfcc874834997829d08c035612f8406e6,positive_parity,3/5,4096,90,False,False,False,False,False,True,True,True,True,True,True
3391,03391.json,4bbb79d88fc18968b9be8fef583a4799d1a16fd294c2c64dc56e8ab4f60b3c2f,positive_parity,3/5,4096,91,False,False,False,False,False,True,True,True,True,True,True
3392,03392.json,4c480a2b640365e9c38831a03497c55bccf8f85524bdc29103540921c8524792,positive_parity,3/5,4096,92,False,False,False,False,False,True,True,True,True,True,True
3393,03393.json,93d2ffb1272ca6a1329f6da588c5f25181d93d1909ddeb54976c43c587761924,positive_parity,3/5,4096,93,False,False,False,False,False,True,True,True,True,True,True
3394,03394.json,150cb90622243da274a534c064c90c6136158ec7b62bdd52ffbc948d94245a35,positive_parity,3/5,4096,94,False,False,False,False,False,True,True,True,True,True,True
3395,03395.json,0afc24d4e4f4ee3a37dd8a6d2b1f3e73c0f8c324b560f3ba0ce98f4cfeea4c8d,positive_parity,3/5,4096,95,False,False,False,False,False,True,True,True,True,True,True
3396,03396.json,e7cdac0430f2be549816f4109bb72dc8174e98cd28483a7c1b26a654efe77286,positive_parity,3/5,4096,96,False,False,False,False,False,True,True,True,True,True,True
3397,03397.json,e30118ee331707630e7d6dc3f76e5f4c482e2a197094d10c50de76b75d84a384,positive_parity,3/5,4096,97,False,False,False,False,False,True,True,True,True,True,True
3398,03398.json,db255573eaa3ec58d4eb8a65b9e9d7225ee349c918b1a2c781c475a1437a1acc,positive_parity,3/5,4096,98,False,False,False,False,False,True,True,True,True,True,True
3399,03399.json,5495603312d05adb8bf246a932feeed096b1f1e8eb415ca8c5cf976a76c38596,positive_parity,3/5,4096,99,False,False,False,False,False,True,True,True,True,True,True
3400,03400.json,a25f999ecb7c331229362b61eabb0fceb6c35ff2ba46e9c28be4233c612d2a63,positive_parity,3/5,8192,0,False,False,False,False,False,True,True,True,True,True,True
3401,03401.json,0cc4bad2e80ea416f78d55a896fc3b0616f19abd073ba628928c1ae795f6a3a5,positive_parity,3/5,8192,1,False,False,False,False,False,True,True,True,True,True,True
3402,03402.json,0d3d7548f549f1649ae9591e0545c0337f8a4aaddbee83d8f3381c676a63459f,positive_parity,3/5,8192,2,False,False,False,False,False,True,True,True,True,True,True
3403,03403.json,d5f9ae219170b1bbc81dc01636655ec47f34acc5bd26280a2ea35902377aaefb,positive_parity,3/5,8192,3,False,False,False,False,False,True,True,True,True,True,True
3404,03404.json,8508e7dc2cc0c431ecd6f05c0b7d464c510cfc284b3de9977f8528922eba348e,positive_parity,3/5,8192,4,False,False,False,False,False,True,True,True,True,True,True
3405,03405.json,9eb30e19120fb28204e40edf4dfe34b360e6dd496742be9da83a7d842878f514,positive_parity,3/5,8192,5,False,False,False,False,False,True,True,True,True,True,True
3406,03406.json,9b5f7752358af88e03752522710c5ebe8d344b1acc5f5c1b5c084bcfc961e970,positive_parity,3/5,8192,6,False,False,False,False,False,True,True,True,True,True,True
3407,03407.json,816a4f3c9abbd39270e5a26cf8292dfaaa8180c963b5c4fdaca75ba65ae97169,positive_parity,3/5,8192,7,False,False,False,False,False,True,True,True,True,True,True
3408,03408.json,abd1231240e5e1d4fbf5805b4131864e6b986776e04d101e772d7ad6295bba34,positive_parity,3/5,8192,8,False,False,False,False,False,True,True,True,True,True,True
3409,03409.json,b13cb5ba8bbee5c136ed89a2d1c3653a5f137fbfc5582f18232cf88ae5bb6106,positive_parity,3/5,8192,9,False,False,False,False,False,True,True,True,True,True,True
3410,03410.json,820160bf01b70908a771a6d54433e5937a6e287f166c8e3a25ddddc04934373a,positive_parity,3/5,8192,10,False,False,False,False,False,True,True,True,True,True,True
3411,03411.json,d6f468e8aec7a17b2ec65ef989d901d35df3654765be9cdbc206b779add304fd,positive_parity,3/5,8192,11,False,False,False,False,False,True,True,True,True,True,True
3412,03412.json,8c48ba0fad61e1888adf5ad39d2dc2f8af0f5c0a9bdba3e1609d73865370bc39,positive_parity,3/5,8192,12,False,False,False,False,False,True,True,True,True,True,True
3413,03413.json,672ac24127f61a8faf297e8da97c3a96cc62a1c6df83c18d495009e59164cc9e,positive_parity,3/5,8192,13,False,False,False,False,False,True,True,True,True,True,True
3414,03414.json,155d4e07786bd85078364195c21fe4508ff95725761528752253839fedc755e3,positive_parity,3/5,8192,14,False,False,False,False,False,True,True,True,True,True,True
3415,03415.json,34846c30df3b558ebb9932719e1e076164c5fbe5e34ac17670c59492b4a5bd7d,positive_parity,3/5,8192,15,False,False,False,False,False,True,True,True,True,True,True
3416,03416.json,d7998c83927e35e6b6340d4eb7b050f38b666e6d7554ccfd3b3ac5e2a0ae3cfd,positive_parity,3/5,8192,16,False,False,False,False,False,True,True,True,True,True,True
3417,03417.json,f736899bd309dbd5af8753ff3d4edade059c741be5407e7faca8a456bec579ec,positive_parity,3/5,8192,17,False,False,False,False,False,True,True,True,True,True,True
3418,03418.json,09357efb34a8de78aff7a0d9a730fcccb095319e21539ff871c279d79bb97fe6,positive_parity,3/5,8192,18,False,False,False,False,False,True,True,True,True,True,True
3419,03419.json,1af83763788d979322a1934f321dce68e2925a4646547b5e51a77ebc2097fcee,positive_parity,3/5,8192,19,False,False,False,False,False,True,True,True,True,True,True
3420,03420.json,ec336c2e05bb68a22cd45b34d81266c9080186ab6ba0d21911776e6be392084c,positive_parity,3/5,8192,20,False,False,False,False,False,True,True,True,True,True,True
3421,03421.json,adbac3b3c6478893711335a794832f3c9c86ebdb000d0f98f968c92a64a5c455,positive_parity,3/5,8192,21,False,False,False,False,False,True,True,True,True,True,True
3422,03422.json,1205aa3cc37a2c24f105c1bb9d8e8ced405654225aa67d2361a5b72d14638f8f,positive_parity,3/5,8192,22,False,False,False,False,False,True,True,True,True,True,True
3423,03423.json,89a3448e1c87040e643885c931552611ca3f2ffb1a5e04cc08be597deaad79d2,positive_parity,3/5,8192,23,False,False,False,False,False,True,True,True,True,True,True
3424,03424.json,cfe82eeaff8583958c61b4ec165331381a5489c627bbf724374c2185913cef8d,positive_parity,3/5,8192,24,False,False,False,False,False,True,True,True,True,True,True
3425,03425.json,342473fbda20699705b1e8a7db2015ec2cba82b7c0fb103baa7a37eb587a355c,positive_parity,3/5,8192,25,False,False,False,False,False,True,True,True,True,True,True
3426,03426.json,ba0be6f80eff4df6b71ac27b656d7c41a591ef5acaa65b6d2513317b40ac73e4,positive_parity,3/5,8192,26,False,False,False,False,False,True,True,True,True,True,True
3427,03427.json,3cca2378d908abb79d9e4f2d3189c9a32aa8d58c05af27d646266e93ddd447d1,positive_parity,3/5,8192,27,False,False,False,False,False,True,True,True,True,True,True
3428,03428.json,5d9811a8c0409785afd3012c23facd0ce8cabcf9ee3b6cc8a6b585aaabd34de4,positive_parity,3/5,8192,28,False,False,False,False,False,True,True,True,True,True,True
3429,03429.json,f57a767d9bd5334bc0b5460dad53cb19e2f3299a3b576feb81fd385b4a8aec1c,positive_parity,3/5,8192,29,False,False,False,False,False,True,True,True,True,True,True
3430,03430.json,ff1e60d5f9e8b24b7fe3652317d8ba38833dbac4ded56913c47b8c7841d525fa,positive_parity,3/5,8192,30,False,False,False,False,False,True,True,True,True,True,True
3431,03431.json,3fc56b496ece781f69672ec76124575751c65adf0592162efdec759d70b466c2,positive_parity,3/5,8192,31,False,False,False,False,False,True,True,True,True,True,True
3432,03432.json,c8ed19a90aa9dd40a5a8f6ea9ff04cd0a6eb6a85675c898dc21270628efdb0bb,positive_parity,3/5,8192,32,False,False,False,False,False,True,True,True,True,True,True
3433,03433.json,4886eb1898b115127de92c3ccfb320aee3f6714e3111fd07a76ce1fafaff8d95,positive_parity,3/5,8192,33,False,False,False,False,False,True,True,True,True,True,True
3434,03434.json,31f5ca0c89e53f24836f4b238ba3080d84371bda860f280216c7ffffea5e1592,positive_parity,3/5,8192,34,False,False,False,False,False,True,True,True,True,True,True
3435,03435.json,5c04ad846227c19927b599cb088183566e8e740e606b72788bb80ff685265b35,positive_parity,3/5,8192,35,False,False,False,False,False,True,True,True,True,True,True
3436,03436.json,92447f928ff2dee18dd9a7ee9976f1d2c796cc143f0021ab0b252cedf2854d1a,positive_parity,3/5,8192,36,False,False,False,False,False,True,True,True,True,True,True
3437,03437.json,234a630157723d6424d4013a50b33fcd6ffaa58de69142dccc0c47daa51d904f,positive_parity,3/5,8192,37,False,False,False,False,False,True,True,True,True,True,True
3438,03438.json,7991768542e8c693c8290449d153c14c2805f69d5371005da924209392d92d85,positive_parity,3/5,8192,38,False,False,False,False,False,True,True,True,True,True,True
3439,03439.json,882d789ca9ddfd57488fce9d2e00bcee1f1420112af84904e27ef76586906eee,positive_parity,3/5,8192,39,False,False,False,False,False,True,True,True,True,True,True
3440,03440.json,8dfd7b427082da6f39ac312246627227671c6cda05cd45b8ad1b98b8fcc37dbd,positive_parity,3/5,8192,40,False,False,False,False,False,True,True,True,True,True,True
3441,03441.json,72b3b365eefb6415890d634983cafd49ebbfe8e289e257b6f8ad5292e1cdd65d,positive_parity,3/5,8192,41,False,False,False,False,False,True,True,True,True,True,True
3442,03442.json,16fd9c62e68fde1df418be55bc60fa513097bbd6580152b982d78e236cf4795d,positive_parity,3/5,8192,42,False,False,False,False,False,True,True,True,True,True,True
3443,03443.json,63a7e943c35e89118ab823e7f9b05b9cdccbf31e22a70beaaa55ae87fa0babcb,positive_parity,3/5,8192,43,False,False,False,False,False,True,True,True,True,True,True
3444,03444.json,6fb2d0a2a9914ba2dcfb9bc302c9d59e29bf8bea6c83f7bedcf4fe8c2769e8fd,positive_parity,3/5,8192,44,False,False,False,False,False,True,True,True,True,True,True
3445,03445.json,68f6e5f7889e4060ebbc9960e67c1c91efee7599b7f4a30cae889f9db796d010,positive_parity,3/5,8192,45,False,False,False,False,False,True,True,True,True,True,True
3446,03446.json,568c5b49e16000cc98217c365e861272335a57b8eeedac1e7564a2f1d809deb2,positive_parity,3/5,8192,46,False,False,False,False,False,True,True,True,True,True,True
3447,03447.json,7f329995306ae6308ae9af5f166073ecb01d28fad480a797b67492d06dbd0af2,positive_parity,3/5,8192,47,False,False,False,False,False,True,True,True,True,True,True
3448,03448.json,bb45bc2be473116562da37ebd91727b9bedf3190c1ae322b8cb52ddbb4eef9bb,positive_parity,3/5,8192,48,False,False,False,False,False,True,True,True,True,True,True
3449,03449.json,401984c1e39d31eb60c2fe77aaf1c8504c7ab657c3f18c8dde2e8a8f8587dc59,positive_parity,3/5,8192,49,False,False,False,False,False,True,True,True,True,True,True
3450,03450.json,a6faa92898fc9748efe4ed7077798b2919538a3f43a15245cdabfb0d65c972f5,positive_parity,3/5,8192,50,False,False,False,False,False,True,True,True,True,True,True
3451,03451.json,44c7273deee241f9bfe2448de267d3b54b4fdc68edb7763d019068705b28c7f6,positive_parity,3/5,8192,51,False,False,False,False,False,True,True,True,True,True,True
3452,03452.json,15db5d7a399a26449fc5f81b91011a0699bc90e8cdcfdb5ead4f5e0b3e3cbabd,positive_parity,3/5,8192,52,False,False,False,False,False,True,True,True,True,True,True
3453,03453.json,96c98b18c7adf636296018793c282d621aebf1d8e5a01117ebbf060ac046f3ff,positive_parity,3/5,8192,53,False,False,False,False,False,True,True,True,True,True,True
3454,03454.json,1b2f7f563ca13bb1d01ea1d51bdf216273fc8ad1501e9a8803c2a7171fc456b8,positive_parity,3/5,8192,54,False,False,False,False,False,True,True,True,True,True,True
3455,03455.json,d7a7a3a83b12f33171f57082e6ce4fe7aa42dd3a414b8db92f14f67846cf013a,positive_parity,3/5,8192,55,False,False,False,False,False,True,True,True,True,True,True
3456,03456.json,f4d5c1e5524bc2c798cf740c151512952a5cd8af437c9f66e605dd02640936ef,positive_parity,3/5,8192,56,False,False,False,False,False,True,True,True,True,True,True
3457,03457.json,b304c18043d72a6fca65604b6c41faacbadd2e5d0b7b5151c31e5f1377aafe85,positive_parity,3/5,8192,57,False,False,False,False,False,True,True,True,True,True,True
3458,03458.json,fa2c725e6d424c3250ad924ba9e9fc73cb9e8eb0dcb2a3b0dd8d4999c7f0ea9d,positive_parity,3/5,8192,58,False,False,False,False,False,True,True,True,True,True,True
3459,03459.json,aa505880612a0e7ee25e7394d073d194ec289919faa8ab8117bd299fbd4a2bb2,positive_parity,3/5,8192,59,False,False,False,False,False,True,True,True,True,True,True
3460,03460.json,148f7ab3a5716b4e12c18256652bdfe5292de9b521e5368eb7ff3e93cd2fe631,positive_parity,3/5,8192,60,False,False,False,False,False,True,True,True,True,True,True
3461,03461.json,02e67dc6b79bc49a633217914ad80a3354c3f32ca059b2ae277137bedcdcee33,positive_parity,3/5,8192,61,False,False,False,False,False,True,True,True,True,True,True
3462,03462.json,b338fcc71312f0a593980645eb317ca289a4781975c397d61950ee8aead78a24,positive_parity,3/5,8192,62,False,False,False,False,False,True,True,True,True,True,True
3463,03463.json,40cda39fab671c144aed90e5744cb8462e6a94e77eb7e275809ca927ef7edd8e,positive_parity,3/5,8192,63,False,False,False,False,False,True,True,True,True,True,True
3464,03464.json,f35480eb694909fd26e158b1934062409de951673e0db6629db44d324a7c50bf,positive_parity,3/5,8192,64,False,False,False,False,False,True,True,True,True,True,True
3465,03465.json,5a7698cd1db60e474b7023e82fa8307f0f63143119331b498f595e491b43cf28,positive_parity,3/5,8192,65,False,False,False,False,False,True,True,True,True,True,True
3466,03466.json,7794e941bd879865787c4f9beb2eee948ed672562693477c581c9883c1d7f093,positive_parity,3/5,8192,66,False,False,False,False,False,True,True,True,True,True,True
3467,03467.json,1d7ad71ab0bbb6a66288bac8f88e3d104a478c8c33656b7bbeb0123e7492e874,positive_parity,3/5,8192,67,False,False,False,False,False,True,True,True,True,True,True
3468,03468.json,cbb5f6039dce0d27eff04d3a907f908b511eec974f0e2e0369b8181080d828cd,positive_parity,3/5,8192,68,False,False,False,False,False,True,True,True,True,True,True
3469,03469.json,83efa3c286047410224dd4cb4470eb1c6ca2c725dcd72db92dfc75170d4c0af3,positive_parity,3/5,8192,69,False,False,False,False,False,True,True,True,True,True,True
3470,03470.json,764212d62cf4d25919cb8c2e274bdcd037733d798366b44b27116876890df47b,positive_parity,3/5,8192,70,False,False,False,False,False,True,True,True,True,True,True
3471,03471.json,9de6e8b7f5d146fff192dea2f3e8f16ab6f7e45dea9ddeb3811d6176359078a0,positive_parity,3/5,8192,71,False,False,False,False,False,True,True,True,True,True,True
3472,03472.json,0eaa2cbe60901aa3d115ea6a5f7c884afe59d0ee0ff1907e986d69c3c9e8fa39,positive_parity,3/5,8192,72,False,False,False,False,False,True,True,True,True,True,True
3473,03473.json,29fe7ed3d8f062b63d3f539c361477e4af68e7f7ed351f40dab2b6dcd48b5529,positive_parity,3/5,8192,73,False,False,False,False,False,True,True,True,True,True,True
3474,03474.json,5e80165f8607deadf55800065a10ec3df42ad94dbc94c3b770087da08957996d,positive_parity,3/5,8192,74,False,False,False,False,False,True,True,True,True,True,True
3475,03475.json,2e0b081136d61c5b7205a0b2641eafcec26d9f78f3892ba0ae8371c54d5f54ef,positive_parity,3/5,8192,75,False,False,False,False,False,True,True,True,True,True,True
3476,03476.json,a9c24017794e00e6f8a6fd423cf51aaf4dd9dcf92e10089d2833db4e04159074,positive_parity,3/5,8192,76,False,False,False,False,False,True,True,True,True,True,True
3477,03477.json,36d82fe9dce673d2af610fe6217efe6ab2af7a601bba75e46935b5f34b0c7cf7,positive_parity,3/5,8192,77,False,False,False,False,False,True,True,True,True,True,True
3478,03478.json,8c09a1d0611a461785e581a2f6024992ab79e41e45ccf79e733e62ece550c7b6,positive_parity,3/5,8192,78,False,False,False,False,False,True,True,True,True,True,True
3479,03479.json,b36eaf6d75cc923338bab6d4426cab92c9de27e05fd176b445cbf7e919a4a8ff,positive_parity,3/5,8192,79,False,False,False,False,False,True,True,True,True,True,True
3480,03480.json,aeebff68447a9660c9e203b1def5c05b41b3c836704330b032c36252dabc2b7b,positive_parity,3/5,8192,80,False,False,False,False,False,True,True,True,True,True,True
3481,03481.json,3f1c2d9ce5efc75398925c3f4192a0a9f9b90a5de0a0c8359a39b2d07e479968,positive_parity,3/5,8192,81,False,False,False,False,False,True,True,True,True,True,True
3482,03482.json,90b41be2af7bbdec475c97d58cfa2925fc7b71b1c9eb308c0a1db057534cb5fc,positive_parity,3/5,8192,82,False,False,False,False,False,True,True,True,True,True,True
3483,03483.json,8a77f486c07ab924830f7528c110a32e4910f8eeb7dd2f699fbbdc2f44ad464c,positive_parity,3/5,8192,83,False,False,False,False,False,True,True,True,True,True,True
3484,03484.json,0b46bda8c092af1442637c5771af930ef1dd28b8b456714e99ac31a0ce3a0d3e,positive_parity,3/5,8192,84,False,False,False,False,False,True,True,True,True,True,True
3485,03485.json,579a8b5742ae004746bddeea377d4450370c526f9767048325595545d7bee68f,positive_parity,3/5,8192,85,False,False,False,False,False,True,True,True,True,True,True
3486,03486.json,95d682af78719f741577f6cbfcf899c18ae7bfcedc12819a1f233b1ea49a1101,positive_parity,3/5,8192,86,False,False,False,False,False,True,True,True,True,True,True
3487,03487.json,f16fdd5f76c18443298de7918c47a9285e49abc067df8e3611b4e3d0be6bc1af,positive_parity,3/5,8192,87,False,False,False,False,False,True,True,True,True,True,True
3488,03488.json,f275dc766280f114ada568bd9da139a20396c9307f0db78bc9592ae3159cc0d4,positive_parity,3/5,8192,88,False,False,False,False,False,True,True,True,True,True,True
3489,03489.json,1fa9697f01949652ce4bb0113515498e7f5ca424d509d3786c94904b995a2e3a,positive_parity,3/5,8192,89,False,False,False,False,False,True,True,True,True,True,True
3490,03490.json,59082d805b00b690f02dce6de4aa857d5df07396e7ea1167f15ce32945224b1b,positive_parity,3/5,8192,90,False,False,False,False,False,True,True,True,True,True,True
3491,03491.json,088b3d2fe667c36b31429bb7c94e26220dd01954edcca0eae62175dc20c51f60,positive_parity,3/5,8192,91,False,False,False,False,False,True,True,True,True,True,True
3492,03492.json,faa205b38b9f1615ba098e8413b90c268465d94404c704dda331de7c3c977151,positive_parity,3/5,8192,92,False,False,False,False,False,True,True,True,True,True,True
3493,03493.json,1b5ed896a745fbef14a80cc3ebc8da5ea74d2b79fcc9554b9d8b843af063108c,positive_parity,3/5,8192,93,False,False,False,False,False,True,True,True,True,True,True
3494,03494.json,01c61860ce335f5ecbabf45d6077cc673f7048938c0af55b1d4b20535ae11ef4,positive_parity,3/5,8192,94,False,False,False,False,False,True,True,True,True,True,True
3495,03495.json,c3b1ccc56d10a4cf3e19ad20715013a24d5d9e94a3bd5e2f44b02e87d6fda5e7,positive_parity,3/5,8192,95,False,False,False,False,False,True,True,True,True,True,True
3496,03496.json,2ca277c9ccaf8ea9cebbd8c8bc721b8b900e479cb17dd1a3ad5514d9b6866f9c,positive_parity,3/5,8192,96,False,False,False,False,False,True,True,True,True,True,True
3497,03497.json,8fef0ff45a8ce4740a8e14ae99eb6b89fb08c565cf4cfed18ce378cbfb9abfd3,positive_parity,3/5,8192,97,False,False,False,False,False,True,True,True,True,True,True
3498,03498.json,495a9161eaae6002177d062870206ca4b19d5e78f81dda4089119ff14af6406c,positive_parity,3/5,8192,98,False,False,False,False,False,True,True,True,True,True,True
3499,03499.json,78229f9f024da8e6c27004fa91e7c2df599d8852a96e31266fb5bbd809113cb3,positive_parity,3/5,8192,99,False,False,False,False,False,True,True,True,True,True,True
3500,03500.json,0ab04088bb711ef128b01f3db4cfec4461ea76296414b2d581bbc7870f2524fc,positive_parity,17/25,64,0,False,False,False,False,False,True,True,True,True,False,False
3501,03501.json,fa9da22cf475d8aa26d84e4d8e62e81f1cc297b60b18c080d73ac130d1ba59a1,positive_parity,17/25,64,1,False,False,False,False,False,True,True,True,True,False,False
3502,03502.json,fd02cdb5858578a4204fbe492e97a5245783035e39c73a7f131f78bb59b7bca1,positive_parity,17/25,64,2,False,False,False,False,False,True,True,True,True,False,False
3503,03503.json,914c88666cc14035ca4649d04b86979eca0a380f4bd1b37d4d63624c371614af,positive_parity,17/25,64,3,False,False,False,False,False,True,True,True,True,False,False
3504,03504.json,706a7ea942767475a3ec683efb19101eb7740aa3d7e1e2032d5929c71210f463,positive_parity,17/25,64,4,False,False,False,False,False,True,True,True,True,False,False
3505,03505.json,3f802cb497bc0d04542fd7c1f3d9569e1628cb60ff2b9c863f1f264cf660c6d2,positive_parity,17/25,64,5,False,False,False,False,False,True,True,True,True,False,False
3506,03506.json,d5138e12364364b47135488a61678afab3c703d4570f6c399d64991379054948,positive_parity,17/25,64,6,False,False,False,False,False,True,True,True,True,False,False
3507,03507.json,aca3fe60892e8d2bb1c3dbcd530ca05f4cc027d18888356b34393d6fcbac673c,positive_parity,17/25,64,7,False,False,False,False,False,True,True,True,True,False,False
3508,03508.json,143f069128641306da6be2611fe0b70564c0a5e29fb9b16b2a9f4aea3feed5c2,positive_parity,17/25,64,8,False,False,False,False,False,True,True,True,True,False,False
3509,03509.json,7f6bd42ac12a0f71e7ab7171e6ee9c6bd50ccc20db971a0203bc4619527e271b,positive_parity,17/25,64,9,False,False,False,False,False,True,True,True,True,False,False
3510,03510.json,e8b02710c9193fed6ee72aabb6f0d3cf99a2ea19d041aa7369fe3c3987512bd7,positive_parity,17/25,64,10,False,False,False,False,False,True,True,True,True,False,False
3511,03511.json,48352174b67c525e0589fa692eff42e0551601ba067e96a080432a13bd271090,positive_parity,17/25,64,11,False,False,False,False,False,True,True,True,False,False,False
3512,03512.json,29c03fc84389d249c5e9b2036df1863616b0c05e16bf8325e3cd1b8f5df36b1b,positive_parity,17/25,64,12,False,False,False,False,False,True,True,True,True,False,False
3513,03513.json,e1a3e13f1e9a18841d9ddd1d8b0f560396fda91a2b4e2adf5e26eb9a63af53a4,positive_parity,17/25,64,13,False,False,False,False,False,True,True,True,True,False,False
3514,03514.json,5ae53f192311e53e2e073f30f958a36f048b6e17b7de98723b79b5d015aa533b,positive_parity,17/25,64,14,False,False,False,False,False,True,True,True,True,False,False
3515,03515.json,6b13403038b2322da66cb606c25514f6ee67e9be913bd33d15cdb55b09d2ab07,positive_parity,17/25,64,15,False,False,False,False,False,True,True,True,True,False,False
3516,03516.json,b1ec3aad88ed2e6708c450084fe40d7cb1c9091e6146bcd208fe6abef3cc6dc0,positive_parity,17/25,64,16,False,False,False,False,False,True,True,True,True,False,False
3517,03517.json,ad99e1d26493ea725cfc47f0fe88e2f1ca3d674cfeab183fc110602e8a316b9b,positive_parity,17/25,64,17,False,False,False,False,False,True,True,True,True,False,False
3518,03518.json,4f798ce3da8ce7129bace5ac1edb1e1f16074546d8519849375db5df87618c87,positive_parity,17/25,64,18,False,False,False,False,False,True,True,True,True,False,False
3519,03519.json,2cbd1e55d1cddec203b7f7c81a8c005436ea57653de5479a74be643455426b77,positive_parity,17/25,64,19,False,False,False,False,False,True,True,True,True,False,False
3520,03520.json,961888afe49446ef4b9f990dc746d9884d93151a84f1caebdf417adaf38955da,positive_parity,17/25,64,20,False,False,False,False,False,True,True,True,True,False,False
3521,03521.json,98712b96266e1277c2e914fa05b21a02c24626f5278642b8f8011cc7eee00310,positive_parity,17/25,64,21,False,False,False,False,False,True,True,True,True,False,False
3522,03522.json,b130c53c43b4de874f3c96830a2db090b898da0c042a6a2eebf76916e060b72d,positive_parity,17/25,64,22,False,False,False,False,False,True,True,True,True,False,False
3523,03523.json,df088083f7621ad9914588dca5eb94a0909946015babbd3cb5ed1b280dcde406,positive_parity,17/25,64,23,False,False,False,False,False,True,True,True,True,False,False
3524,03524.json,cd85bfd18a747f2c6b5dcba06cfb75e1f83895ca863ccc8bcec344cd143e7060,positive_parity,17/25,64,24,False,False,False,False,False,True,True,True,True,False,False
3525,03525.json,48055d5d5165776a27c6063a51792093670e3ae196f66b818432c1a9245e0337,positive_parity,17/25,64,25,False,False,False,False,False,True,True,True,True,False,False
3526,03526.json,7be24629de98b44c2b05bbac43e5bce232c4f6db78a82e9cfdc4fb3a60acf369,positive_parity,17/25,64,26,False,False,False,False,False,True,True,True,True,False,False
3527,03527.json,cd34423779d8bdd2dc39cbc35a41e8628eb4b056686015512b558cc0403644b6,positive_parity,17/25,64,27,False,False,False,False,False,True,True,True,True,False,False
3528,03528.json,3717c50cee1a4955e81253703eab8b617b74275fb239e10f26d276412fb5ba0a,positive_parity,17/25,64,28,False,False,False,False,False,True,True,True,True,False,False
3529,03529.json,4cfb2e066ec2de128173c5d2a02d785f77fc6ba3448e7cde888047bf07f4d7aa,positive_parity,17/25,64,29,False,False,False,False,False,True,True,True,True,False,False
3530,03530.json,f8f4376166570508a2a48011409c4f18636660afa2f46ed14764e60f1b0d4378,positive_parity,17/25,64,30,False,False,False,False,False,True,True,True,True,False,False
3531,03531.json,9b1e9ca98ce381bf93986f5cdcd1e6e792870b370d092a500a27749ce0740438,positive_parity,17/25,64,31,False,False,False,False,False,True,True,True,True,False,False
3532,03532.json,ddaa7c1fa15dccc0544d8658fed2a05cbbcc55d834bdbaadefde4a1ace0cd4c7,positive_parity,17/25,64,32,False,False,False,False,False,True,True,True,True,False,False
3533,03533.json,452341b67b18c35f95189a7e0281dc373010928a0ab75a2afbc4eb3e35b4133a,positive_parity,17/25,64,33,False,False,False,False,False,True,True,True,True,False,False
3534,03534.json,0ab2acf5605e849f38bcd7d56c73df0572b47451836f3e3edd423cbb4340f676,positive_parity,17/25,64,34,False,False,False,False,False,True,True,True,True,False,False
3535,03535.json,9fd42bd02cd0a38a275f8a09f01cdb454870d46197ef144fa2d732033659f1b9,positive_parity,17/25,64,35,False,False,False,False,False,True,True,True,False,False,False
3536,03536.json,08c498c1a4e51eafaf03433c388b4b1b518e3ab225e1f7efaea35af8afef3662,positive_parity,17/25,64,36,False,False,False,False,False,True,True,True,True,False,False
3537,03537.json,cbaa704c2a8c9c263cd576cb80e0703f862a98d305be9e21cc5f06aa8dcf6d3e,positive_parity,17/25,64,37,False,False,False,False,False,True,True,True,True,False,False
3538,03538.json,cc51c82104e16c7161cafe0cd68e40a21ff03cefa755a388d1d4670857af2df6,positive_parity,17/25,64,38,False,False,False,False,False,True,True,True,True,False,False
3539,03539.json,ffecbd2da6bcdcb149f8f31b106735c89a19e08f6e9864f5e2799c405b6fddd4,positive_parity,17/25,64,39,False,False,False,False,False,True,True,True,True,False,False
3540,03540.json,945894ad8d6ccf467f889bef88132b4dda893e80b58695a7b56bf91bba212b3a,positive_parity,17/25,64,40,False,False,False,False,False,True,True,True,True,False,False
3541,03541.json,5d00219a53f18b68b9dd5c7a54fd2fb12a2591f34f7d1d197150fb73a02ee317,positive_parity,17/25,64,41,False,False,False,False,False,True,True,True,True,False,False
3542,03542.json,9e8f6ff9c574c5d8787348178343ba0e0b7dd6ad85e27a7fa19cf44e856bbdc2,positive_parity,17/25,64,42,False,False,False,False,False,True,True,True,True,False,False
3543,03543.json,452d8cb3a92b2191ab2776fec1285e4b95ee6ce10caa84e99ca48544061dbfc5,positive_parity,17/25,64,43,False,False,False,False,False,True,True,True,True,False,False
3544,03544.json,2c608cf18ad474197d208d399fff6499189782f893691dac7547cd2ac6e9e622,positive_parity,17/25,64,44,False,False,False,False,False,True,True,True,True,False,False
3545,03545.json,54b52facdd370204184cdb43e308e52fb65a5b26346dace6ec23e682a0f7033d,positive_parity,17/25,64,45,False,False,False,False,False,True,True,True,True,False,False
3546,03546.json,7861f6cd8f20885a606f0e24a2c2f59646a86de95397c272e01e4bdf8d55b4a1,positive_parity,17/25,64,46,False,False,False,False,False,True,True,True,True,False,False
3547,03547.json,01d886eb6e4e0def0e457da953eddeab6f03f954e0f93c60be430cab02a64d18,positive_parity,17/25,64,47,False,False,False,False,False,True,True,True,True,False,False
3548,03548.json,5344c875e7f0a69b1320e59752b4c00630133bf0eae1bc816518cef6b6ac4e76,positive_parity,17/25,64,48,False,False,False,False,False,True,True,True,True,False,False
3549,03549.json,513df1b01581e7e52f560eee490696a5bcc815522b52aa78e95ffa3df2da10c3,positive_parity,17/25,64,49,False,False,False,False,False,True,True,True,True,False,False
3550,03550.json,eec7b1369edf07394bbe3062144adfac1772a1a7d4938e80a83f49296da28fa5,positive_parity,17/25,64,50,False,False,False,False,False,True,True,True,True,False,False
3551,03551.json,505cf7f50fb8c6c19b276042028adf40277a875621d3fc407efbfccf94dc62c7,positive_parity,17/25,64,51,False,False,False,False,False,True,True,True,True,False,False
3552,03552.json,0c7990071a0ff477b2a07e5394097748246649d564054ba02ae51b805de078d0,positive_parity,17/25,64,52,False,False,False,False,False,True,True,True,True,False,False
3553,03553.json,295b894c4adfab002efe96876113688f5d5f644a25f16a582c906865e16239a6,positive_parity,17/25,64,53,False,False,False,False,False,True,True,True,True,False,False
3554,03554.json,e3a5e31e67de8c14a9109564fe51eedff75ee8c6ab2769350df8a2fc97cf7fd8,positive_parity,17/25,64,54,False,False,False,False,False,True,True,True,True,False,False
3555,03555.json,bb31d11806a5ef54954805d5a86d47374d0f73d925d56067da317f480e60404b,positive_parity,17/25,64,55,False,False,False,False,False,True,True,True,True,False,False
3556,03556.json,b319f43c25351f9ef72d7d239b61f2d00f14212f49b52e05256a1dadc526df02,positive_parity,17/25,64,56,False,False,False,False,False,True,True,True,True,False,False
3557,03557.json,cacf6dd9af94255b3508c91382d6b89008cf972468a00c5e68b7eac1fa3a24dc,positive_parity,17/25,64,57,False,False,False,False,False,True,True,True,True,False,False
3558,03558.json,92179b260307cc6f14ae0be37893584988227b6e31ada170e4338c79c23b19a2,positive_parity,17/25,64,58,False,False,False,False,False,True,True,True,True,False,False
3559,03559.json,0f68b65a790f73c9f1accd7868f828e3984057ecf08a73ed0da8e84869f6e35d,positive_parity,17/25,64,59,False,False,False,False,False,True,True,True,True,False,False
3560,03560.json,f43b6a7338a3cc83bca5e5c617db499581ffd10d0def8962ada72441d61328d8,positive_parity,17/25,64,60,False,False,False,False,False,True,True,True,True,False,False
3561,03561.json,a7e9234865d8d08f67042ff87b6f26839aeb7dfca655696b2cd11de8e1a59e0e,positive_parity,17/25,64,61,False,False,False,False,False,True,True,True,True,False,False
3562,03562.json,3140b2cb6119b2ed0e256d98e8710eaa9e84aa3d2bd4c2838c6d97b985446769,positive_parity,17/25,64,62,False,False,False,False,False,True,True,True,True,False,False
3563,03563.json,ebcefcdaf8fb1c3dbb8550d1f30ddcff0d4ee9d8e9cdec238b1a4ade759922fc,positive_parity,17/25,64,63,False,False,False,False,False,True,True,True,False,False,False
3564,03564.json,294c80f7acd64b1be098842324e46b95de694f2acba77c1cf1cb2eeeb18a2ae5,positive_parity,17/25,64,64,False,False,False,False,False,True,True,True,True,False,False
3565,03565.json,0b4f1ee1f90a6184790ec1864a21edddc168458ed649e43bea668888009fc6cb,positive_parity,17/25,64,65,False,False,False,False,False,True,True,True,True,False,False
3566,03566.json,55ef0c422704662e0bd988f125b166e4406bfa82ad746869630a6ad371f9ac6f,positive_parity,17/25,64,66,False,False,False,False,False,True,True,True,True,False,False
3567,03567.json,6b86d0e73a52ee3054e724c8d895072f2260dc7730d74b1b1985dbaff67ac738,positive_parity,17/25,64,67,False,False,False,False,False,True,True,True,True,False,False
3568,03568.json,52e80464690d69c26986a57882331e4790a80e517f553752804ac49271411cea,positive_parity,17/25,64,68,False,False,False,False,False,True,True,True,True,False,False
3569,03569.json,57e64d820d2407b88aa72a7e92d684f91da5c7782a8618f1548f0084bfed2fba,positive_parity,17/25,64,69,False,False,False,False,False,True,True,True,True,False,False
3570,03570.json,17bd1472f133c2cd879e46f739b21635a7718159f561f6f5a2a6f362191f3ade,positive_parity,17/25,64,70,False,False,False,False,False,True,True,True,True,False,False
3571,03571.json,f648d73fbb6c96082538cba0a0dcf5d928ee177ba4a54be39b12acc3a107b05a,positive_parity,17/25,64,71,False,False,False,False,False,True,True,True,True,False,False
3572,03572.json,4686dd6ed0405d1ddcc9964275a390a9ceccab57eb312c59c536a7217de34e9c,positive_parity,17/25,64,72,False,False,False,False,False,True,True,True,True,False,False
3573,03573.json,84e79d054d982b469e969215eb72db3e7302f02e0c93554fba5cc5dfeb1a683c,positive_parity,17/25,64,73,False,False,False,False,False,True,True,True,True,False,False
3574,03574.json,ca086198d1059e7415f27ce75e28d395ef011612cd1caf6a6e502bb4024a6324,positive_parity,17/25,64,74,False,False,False,False,False,True,True,True,True,False,False
3575,03575.json,c089f48bab486e8230f68594c12e880ca9def756255a69f29ac82475043b89ce,positive_parity,17/25,64,75,False,False,False,False,False,True,True,True,True,False,False
3576,03576.json,7795ed575479fdf89cb4b05716d1e03ea2c1bf89f434d3983976a008f0c02293,positive_parity,17/25,64,76,False,False,False,False,False,True,True,True,True,False,False
3577,03577.json,142042c351bd49cf4536b438b6357131ff8f1cf31ac2b875e226a2857bb1aa67,positive_parity,17/25,64,77,False,False,False,False,False,True,True,True,True,False,False
3578,03578.json,9cb755e60775f06d53d70f6f795891f5636a582a74e0501395e66bfe9e3bdf67,positive_parity,17/25,64,78,False,False,False,False,False,True,True,True,True,False,False
3579,03579.json,cbbdd0162324a6d9dc8a85dee4bbd8746bf32bed7e910625cb56630364389ca8,positive_parity,17/25,64,79,False,False,False,False,False,True,True,True,True,False,False
3580,03580.json,23d55360d3903e4c2f8b61553cee98c91cf2785f3e8fd86e8fd5ba162521ef28,positive_parity,17/25,64,80,False,False,False,False,False,True,True,True,True,False,False
3581,03581.json,25e509a080b8f25d9fa219fc94f8aa363c62f039031a9df59445a81b664b74cb,positive_parity,17/25,64,81,False,False,False,False,False,True,True,True,True,False,False
3582,03582.json,a184076fa0cb30c3b98dd11cd2219fb7d9f27042035904451d567240e6daea91,positive_parity,17/25,64,82,False,False,False,False,False,True,True,True,True,False,False
3583,03583.json,93c3005c479c53099afc01bdbf4df475b50d85c7620644d139bc760e2195045c,positive_parity,17/25,64,83,False,False,False,False,False,True,True,True,True,False,False
3584,03584.json,6d3207a3e89e68533c4cd8c3177f23f52cf74fc42c067ee5b310013fbde8f185,positive_parity,17/25,64,84,False,False,False,False,False,True,True,True,True,False,False
3585,03585.json,680d396a5f5af5809d2f87867c49c79d37bf0c5f6bd51db57d4009313bd839a8,positive_parity,17/25,64,85,False,False,False,False,False,True,True,True,True,False,False
3586,03586.json,583f243a086d93f09c62dbf9d76998ff1df76ac1dd009ec872235787ce71ce67,positive_parity,17/25,64,86,False,False,False,False,False,True,True,True,True,False,False
3587,03587.json,695d588b8651dd256f474a0cf8a561f56641947115d82b7d935fd535cf05d3fa,positive_parity,17/25,64,87,False,False,False,False,False,True,True,True,True,False,False
3588,03588.json,8bff1e3d077215f19db034025ee76d694b0741a367b7b7b7e925c0c7f2115e94,positive_parity,17/25,64,88,False,False,False,False,False,True,True,True,True,False,False
3589,03589.json,cef1f03aab112e9f0e7706696eda0bdfe473f15ed34448e85f0461d6be219139,positive_parity,17/25,64,89,False,False,False,False,False,True,True,True,True,False,False
3590,03590.json,1d3f1ebbd6067129896c11229acc474275022e327d69c8c7f770ec92753eba1b,positive_parity,17/25,64,90,False,False,False,False,False,True,True,True,True,False,False
3591,03591.json,56b472443fdd13cbfeb5e5051a2a52e5c5046279672eed8c4afc0b7a7671c1eb,positive_parity,17/25,64,91,False,False,False,False,False,True,True,True,True,False,False
3592,03592.json,40139dc40e5de2534d64ba574cc2094418d979476bb13eb5c4c75b9aea908b5d,positive_parity,17/25,64,92,False,False,False,False,False,True,True,True,True,False,False
3593,03593.json,31da8a3fe3caf3f12a16083478f712c12fd4c2ddb4a57e02fe4b8da3b86f9e6b,positive_parity,17/25,64,93,False,False,False,False,False,True,True,True,True,False,False
3594,03594.json,f7d4de816d87dd661dc7e32363d48e9e1fd08038efbcd1dc0e71ca201aac10a4,positive_parity,17/25,64,94,False,False,False,False,False,True,True,True,True,False,False
3595,03595.json,17ff162653dff114e1d6eae99f0cdc812ca27604a528e0be2446e25b26a470f9,positive_parity,17/25,64,95,False,False,False,False,False,True,True,True,True,False,False
3596,03596.json,85e683f3bdd3ccae78b6ea5b4b1ec8de5b9aaf558b6a774189b18c832304a601,positive_parity,17/25,64,96,False,False,False,False,False,True,True,True,True,False,False
3597,03597.json,ef12740f0ef31492956c5a7a541bc262aa2b608b32747a5af7dab4e69d1ffe49,positive_parity,17/25,64,97,False,False,False,False,False,True,True,True,True,False,False
3598,03598.json,8d2d373de5fe014127445263d4b5bde2d41bcddb5668d78bf36efa81d7e41a5c,positive_parity,17/25,64,98,False,False,False,False,False,True,True,True,True,False,False
3599,03599.json,d1ca5442aaede56bfefb5c2efd72a622daea8ac54c34aaf5cb4a6df9d3f6dd7d,positive_parity,17/25,64,99,False,False,False,False,False,True,True,True,True,False,False
3600,03600.json,8e9ac2642cea898e99ab5c06585a10b1e17fe1f4764f1bec39544077e0ce922f,positive_parity,17/25,128,0,False,False,False,False,False,True,True,True,True,False,False
3601,03601.json,8a6e555a1a3a4bd9cd5e56a89e315bd93895ae2e1206e6a8cab2b0669b0f90cb,positive_parity,17/25,128,1,False,False,False,False,False,True,True,True,True,False,False
3602,03602.json,ecb0c98e035e098f9d2942bcb1062829645e45412c8700a1e20e5c3f3b52f9f9,positive_parity,17/25,128,2,False,False,False,False,False,True,True,True,True,False,False
3603,03603.json,5a53fe2fa64fbfb0e7b0c6aceb00711785f7aaf96c0cfd011fc07cf6cf9cdc47,positive_parity,17/25,128,3,False,False,False,False,False,True,True,True,True,False,False
3604,03604.json,6541bb635b25bc572a77937baf234aef02a77b01b9008c06ca613d1abe62ac7a,positive_parity,17/25,128,4,False,False,False,False,False,True,True,True,True,False,False
3605,03605.json,562801c7971dc69ebb00ef8d040551a2274e522f515bdb2f93b5723d726c66e2,positive_parity,17/25,128,5,False,False,False,False,False,True,True,True,True,False,False
3606,03606.json,1b901d8d6ac973f9067c384ca57ce1f1a08112fe39440dbb3f57807889010bd3,positive_parity,17/25,128,6,False,False,False,False,False,True,True,True,True,False,False
3607,03607.json,63510b5630046ab67c45eedbaf746e406f27d591ecee35a5140952f2a48f1ca1,positive_parity,17/25,128,7,False,False,False,False,False,True,True,True,True,False,False
3608,03608.json,8cbac749b3873bf753f957e374aeb0d29925b520e643512bc229c3e9d150dac7,positive_parity,17/25,128,8,False,False,False,False,False,True,True,True,True,False,False
3609,03609.json,d506dd3d4ab04d032fba5019d0e5e991e276a89e7fd8704d7873a56602c00fb5,positive_parity,17/25,128,9,False,False,False,False,False,True,True,True,True,False,False
3610,03610.json,20e568cec80a3c44cb7354a9849632bc55edc6ef869e9c9d6e6aa3ec5b26e66d,positive_parity,17/25,128,10,False,False,False,False,False,True,True,True,True,False,False
3611,03611.json,d7467234b0487a0881c0829eca4bcca5158aea44d332da0851b36e62fa1331f9,positive_parity,17/25,128,11,False,False,False,False,False,True,True,True,True,False,False
3612,03612.json,179abd870e6b52e16dbcb6cac0e1680b5fb3ce89fa4d107675205f999a94ce54,positive_parity,17/25,128,12,False,False,False,False,False,True,True,True,True,False,False
3613,03613.json,e16e28865058110eb7376224c821ba54325d76bac7e57c6fea1d23539212827a,positive_parity,17/25,128,13,False,False,False,False,False,True,True,True,True,False,False
3614,03614.json,4738031e3e2a0b06f90e845f9b30b89dbf4eff73308d80865d2694bd615957c6,positive_parity,17/25,128,14,False,False,False,False,False,True,True,True,True,False,False
3615,03615.json,b22b09e6cb40ab6ac503efcc98d25e0607c5e916a419d9dc24aa4a8469e716fb,positive_parity,17/25,128,15,False,False,False,False,False,True,True,True,True,False,False
3616,03616.json,bb1f1561055a510f1ef20ee67479dcb36fe4f3946b630adf86739de968b3094b,positive_parity,17/25,128,16,False,False,False,False,False,True,True,True,True,False,False
3617,03617.json,0b47c74051cb3ba8f2888ceff847e94c1e072bf84ee95ae6607e61959355ddd9,positive_parity,17/25,128,17,False,False,False,False,False,True,True,True,True,False,False
3618,03618.json,dfdfc90529a13e9071914ca9f152b6195ad6438b54b4f2b822ed42dc6b233ff3,positive_parity,17/25,128,18,False,False,False,False,False,True,True,True,True,False,False
3619,03619.json,71a084f37ee6965059d53e7939a945597a11d2053f7a6534e292c783b3e53fc8,positive_parity,17/25,128,19,False,False,False,False,False,True,True,True,True,False,False
3620,03620.json,3c6b017f68368a5558077289745d1e0be6466ed52ed9c9c6cea84521ac2eb1b3,positive_parity,17/25,128,20,False,False,False,False,False,True,True,True,True,False,False
3621,03621.json,c9966c3e6eedd0b51d75c048a8b379432cffb4742a5a9077cfa62886f99e9c1b,positive_parity,17/25,128,21,False,False,False,False,False,True,True,True,True,False,False
3622,03622.json,15234606a605e94f7f7df281c76bcc5fd859ae5d1b473b4125b7420d3911616b,positive_parity,17/25,128,22,False,False,False,False,False,True,True,True,True,False,False
3623,03623.json,63801c1b3b75c4efd9fabb7486f212b35433da8d64fdb371e58335f9feae7e46,positive_parity,17/25,128,23,False,False,False,False,False,True,True,True,True,False,False
3624,03624.json,c49a63c640a4b858ad923039d36df81891d63b366782bcb82bf656ad71a04cbe,positive_parity,17/25,128,24,False,False,False,False,False,True,True,True,True,False,False
3625,03625.json,4b843401412f1c3c8f4562f1c8ce401101c342806c9bd52e60953b35a6c1aaf1,positive_parity,17/25,128,25,False,False,False,False,False,True,True,True,True,False,False
3626,03626.json,a1eb3a51603753828135899c548729268c7abc646fe2f4ac83e8c1f77316546c,positive_parity,17/25,128,26,False,False,False,False,False,True,True,True,True,False,False
3627,03627.json,b2608a7ba8414b683ecc8d90478c0a4ce2cfe4b6be982cbca870d250bd876c38,positive_parity,17/25,128,27,False,False,False,False,False,True,True,True,True,False,False
3628,03628.json,4e4647070c60c8575da492c3128e8c44baa94386bd9f66d08e094998a8440de9,positive_parity,17/25,128,28,False,False,False,False,False,True,True,True,True,False,False
3629,03629.json,9baed52e53ac9bca1670b6062c35fee5d8b262e3856719c4b280e55dbf4c7997,positive_parity,17/25,128,29,False,False,False,False,False,True,True,True,True,False,False
3630,03630.json,da37ffa5cc93d7b45cde9b10f1cb8a95da57a3213396edb33584d858ea32097b,positive_parity,17/25,128,30,False,False,False,False,False,True,True,True,True,False,False
3631,03631.json,bbf4bf6dfa43bc9b84528ebedfa9efa8aaac9c41ef12eb4b3f0468ad5048766f,positive_parity,17/25,128,31,False,False,False,False,False,True,True,True,True,False,False
3632,03632.json,538fbb784dcbea2f128578efc0633da4c911b8ea0f0daa07d3d159a2fb47a32e,positive_parity,17/25,128,32,False,False,False,False,False,True,True,True,True,False,False
3633,03633.json,889e8df3a6d051b1ddcc5d2b1b428ad6a5d6084da9793e1ccad6079a775c6d3c,positive_parity,17/25,128,33,False,False,False,False,False,True,True,True,True,False,False
3634,03634.json,00ebdf1191aa96f227b6f998d80c8f8152e3eebd881f48e5b60983d7ac4537c5,positive_parity,17/25,128,34,False,False,False,False,False,True,True,True,True,False,False
3635,03635.json,8731e09f91f1e96cd8fa37fa690db7c427185dd4d18cbd9da7157f5f9fb47413,positive_parity,17/25,128,35,False,False,False,False,False,True,True,True,True,False,False
3636,03636.json,91a909975e00af6b24f850fce6e43c13df6bab0993a701c3ca922f1da8107729,positive_parity,17/25,128,36,False,False,False,False,False,True,True,True,True,False,False
3637,03637.json,64c061e643454b9f339aa8a9b75ff668d814a38ac149c22d26379ec4c9852eee,positive_parity,17/25,128,37,False,False,False,False,False,True,True,True,True,False,False
3638,03638.json,fc6f80a93ecfb508dc7690294e664fb92adb515afbc401ff9ae511013e0ddd0d,positive_parity,17/25,128,38,False,False,False,False,False,True,True,True,True,False,False
3639,03639.json,78be9f2aa3eda4bd7eab122392398fca4924e3ee08c204b11df7d323e8c1dfa9,positive_parity,17/25,128,39,False,False,False,False,False,True,True,True,True,False,False
3640,03640.json,372e39397317ea916453e1acbf002d6358995e41eda67d05b21cc9e22572e4db,positive_parity,17/25,128,40,False,False,False,False,False,True,True,True,True,False,False
3641,03641.json,1681ff059ae9a50b6e03295024190456c147ac827e68e16d86100a8acf3bfd5c,positive_parity,17/25,128,41,False,False,False,False,False,True,True,True,True,False,False
3642,03642.json,e290461949fd7860f34a0f9df8cc44642ea0737842c2b19171b5847709530d17,positive_parity,17/25,128,42,False,False,False,False,False,True,True,True,True,False,False
3643,03643.json,18a283dcdbea6f0c4da035e75beba1f3aea29ff962ea1183c65720f24577ab55,positive_parity,17/25,128,43,False,False,False,False,False,True,True,True,True,False,False
3644,03644.json,4c83ffccdc394d3a3b7c95df9a15faa65640e36df8589aba53f10afc0aba4915,positive_parity,17/25,128,44,False,False,False,False,False,True,True,True,True,False,False
3645,03645.json,d72915ae6d563acba6707537998dc78ef35ca585013e31a263668f6e1fe050fa,positive_parity,17/25,128,45,False,False,False,False,False,True,True,True,True,False,False
3646,03646.json,5b68ce6bd7bb8490121457b308ef2d06480680a0dfffffb563be0d11979f2e7a,positive_parity,17/25,128,46,False,False,False,False,False,True,True,True,True,False,False
3647,03647.json,9646029a0e917fb4dac8a605d5682871e1271d38116c5a0c7d491c1e8cd9a0d1,positive_parity,17/25,128,47,False,False,False,False,False,True,True,True,True,False,False
3648,03648.json,de32e1b85c37e4e36ffe835f07778e2f760c2ceab1b7547b4226fd68de9d6eca,positive_parity,17/25,128,48,False,False,False,False,False,True,True,True,True,False,False
3649,03649.json,efb6fd3c4434536b6e32728f4ba85891e38da857535207fa3791689c3905b334,positive_parity,17/25,128,49,False,False,False,False,False,True,True,True,True,False,False
3650,03650.json,3fa8fa05f306cb64fa61f67bfda67537678c4e5bb24bb96883bdb24833edd403,positive_parity,17/25,128,50,False,False,False,False,False,True,True,True,True,False,False
3651,03651.json,89e0732262a39f5e9987862b631f76b4190f67022f1f2ff6fea36b34baa1608e,positive_parity,17/25,128,51,False,False,False,False,False,True,True,True,True,False,False
3652,03652.json,6585ac0b24e546f689644d93ede5f391e163ac9672684ec5c81d3c4cfb194be5,positive_parity,17/25,128,52,False,False,False,False,False,True,True,True,True,False,False
3653,03653.json,3481621d3389968d063208f1243e2409053b33fa031286a7d8c362dbd0078bcb,positive_parity,17/25,128,53,False,False,False,False,False,True,True,True,True,False,False
3654,03654.json,ffb36b4add484c8ad0671504bcf59d3163bbb9a7e086170adb5b3aced0929546,positive_parity,17/25,128,54,False,False,False,False,False,True,True,True,True,False,False
3655,03655.json,53d2d161b2053e959d7e9b8fc951dc8651dfb67172380b9c8b86b1e61ef12c14,positive_parity,17/25,128,55,False,False,False,False,False,True,True,True,True,False,False
3656,03656.json,48a97c27a1664de632996793942d1ee590a56ea3b40e045ae670e40233df7a10,positive_parity,17/25,128,56,False,False,False,False,False,True,True,True,True,False,False
3657,03657.json,00209d14661bc6a19d2739fcc162da7dd5b330c9faec95962ea437245b10ccfc,positive_parity,17/25,128,57,False,False,False,False,False,True,True,True,True,False,False
3658,03658.json,7b8e664f1a60887bbcdab0fb9359b5d8c68f7fb793188a292be8b0a25fcc17ec,positive_parity,17/25,128,58,False,False,False,False,False,True,True,True,True,False,False
3659,03659.json,10e642b712f1a15d98c8741778b654024f5f6397ca242d67c877f393a40c1a52,positive_parity,17/25,128,59,False,False,False,False,False,True,True,True,True,False,False
3660,03660.json,3a9493c5028d4e311b9ef89257c78087e663895e689c78104c72e4d2adaa4e47,positive_parity,17/25,128,60,False,False,False,False,False,True,True,True,True,False,False
3661,03661.json,080e46b7dc52c5bc878a261df448a6e1625b237b0d4874343c196394073bbf44,positive_parity,17/25,128,61,False,False,False,False,False,True,True,True,True,False,False
3662,03662.json,28166167c1d4e53ad214ce79a6896545218de53b312bee9fa69ae74681edab41,positive_parity,17/25,128,62,False,False,False,False,False,True,True,True,True,False,False
3663,03663.json,6020105fdc56fb490b338fb0a450933b450f188173aa8e1b302c8e9eccf8cc05,positive_parity,17/25,128,63,False,False,False,False,False,True,True,True,True,False,False
3664,03664.json,1d952a369e40769b87236b60c32d13193655cdf1ede6d319fef872e242e41629,positive_parity,17/25,128,64,False,False,False,False,False,True,True,True,True,False,False
3665,03665.json,993d598f1fd3a249f87401b4dc81234a1342ddefb70cb70ba769c8ab2a626cf0,positive_parity,17/25,128,65,False,False,False,False,False,True,True,True,True,False,False
3666,03666.json,9823e5323a5eb1c2c3db6ea072761767049aed054b5845355e3d1df73fa4dd50,positive_parity,17/25,128,66,False,False,False,False,False,True,True,True,True,False,False
3667,03667.json,f99c66fd13b285bd9a87e24231a4b846b12c629229a881eb32f9f585e967f46b,positive_parity,17/25,128,67,False,False,False,False,False,True,True,True,True,False,False
3668,03668.json,bc9fc2b3659373704e31b9c8f7c1ff20d64917353ee862c9a822b6c70a470945,positive_parity,17/25,128,68,False,False,False,False,False,True,True,True,True,False,False
3669,03669.json,7f89beda0381b3aec33e0a57d03d55f08590267ef938218fe34b33d6f9b5cc35,positive_parity,17/25,128,69,False,False,False,False,False,True,True,True,True,False,False
3670,03670.json,faeae7749bdea0ca0185991680a92293ebf1ac5868efd66e41520fd74e55898d,positive_parity,17/25,128,70,False,False,False,False,False,True,True,True,True,False,False
3671,03671.json,2a3620b3b3aeca4886f6f5bdf355c663d07c3ec97ce4511a49af5ca60972ea0f,positive_parity,17/25,128,71,False,False,False,False,False,True,True,True,True,False,False
3672,03672.json,aa2bf928b48bae72bbe2f9d300885c110df8563ab15fbfccb625801a0028ef2f,positive_parity,17/25,128,72,False,False,False,False,False,True,True,True,True,False,False
3673,03673.json,e8c8a8d71d348090f4e71b7b9aafd398bfbf7df6dee770906494fb8c1c95fa65,positive_parity,17/25,128,73,False,False,False,False,False,True,True,True,True,False,False
3674,03674.json,6d88268dc47936cb2b97b628e5c5e728a8af65a26a7b91f73bcef469e1093af8,positive_parity,17/25,128,74,False,False,False,False,False,True,True,True,True,False,False
3675,03675.json,53f16d27e4badbbf537760357ae835ed54a30992283f6bf24fc069fa5adcd90f,positive_parity,17/25,128,75,False,False,False,False,False,True,True,True,True,False,False
3676,03676.json,6ae1bc65728b814b484b2e02dc96627885038e6fb068877eb38321e2c19f7e7d,positive_parity,17/25,128,76,False,False,False,False,False,True,True,True,True,False,False
3677,03677.json,f5301ef154fb4275530c2f0a2f0c7eb5ba39bd6a45ec2d06cf45c24359544ce5,positive_parity,17/25,128,77,False,False,False,False,False,True,True,True,True,False,False
3678,03678.json,2b50ce298d979286e5177cf8179bea4f3510e91246cc63b99f34f13fa208531a,positive_parity,17/25,128,78,False,False,False,False,False,True,True,True,True,False,False
3679,03679.json,1140e3a90bc181a6d4759bb0b8ee28db94556253fd22bcea05ea4cf29d01e1bf,positive_parity,17/25,128,79,False,False,False,False,False,True,True,True,True,False,False
3680,03680.json,85f7fe8740d970ac98391d192d67cca09f6016b3995665bc8f47d0441c57dd2c,positive_parity,17/25,128,80,False,False,False,False,False,True,True,True,True,False,False
3681,03681.json,1a25cdde508e573de09d768e8b99ba3c169deb88d41c03d53436499be2219a03,positive_parity,17/25,128,81,False,False,False,False,False,True,True,True,True,False,False
3682,03682.json,d3854105d67112d07f39d1aea23c6a7ea67ee5126be1e01682993e43201202c3,positive_parity,17/25,128,82,False,False,False,False,False,True,True,True,True,False,False
3683,03683.json,280168d5a3486bd8d9a361b168fcce548327c3c440d5dc2ac9e37703047fcbe7,positive_parity,17/25,128,83,False,False,False,False,False,True,True,True,True,False,False
3684,03684.json,ca7c924251870411c4f3b24a614cbde7bae0026c8ae524d516c6f47606b1686a,positive_parity,17/25,128,84,False,False,False,False,False,True,True,True,True,False,False
3685,03685.json,a2266e7e8539b1e2e444852e14bd3827ffd6d0841cd6fd2e35c7b212d72f1cf4,positive_parity,17/25,128,85,False,False,False,False,False,True,True,True,True,False,False
3686,03686.json,bad54046b389a28f7cf4484b5fdbbc6a5f80f4c63a5829669e75fde82f9577f2,positive_parity,17/25,128,86,False,False,False,False,False,True,True,True,True,False,False
3687,03687.json,c2b0cdaab4d780ce7e2f1cfd9ea1cad765248e8d90f393e2d024f9d4e274c1d6,positive_parity,17/25,128,87,False,False,False,False,False,True,True,True,True,False,False
3688,03688.json,873e1c08865ba935642997c88064c3485f4da8f08f0e18fdfee2e3d74f9b0e07,positive_parity,17/25,128,88,False,False,False,False,False,True,True,True,True,False,False
3689,03689.json,d22e908e50def2e567b59e313ca45ae0cff82cfd459e8a217fa91bf933deca34,positive_parity,17/25,128,89,False,False,False,False,False,True,True,True,True,False,False
3690,03690.json,c24bc8913dc7cb045f9c7889032ea979f99c3d84c012fa38e8713a0455482a2f,positive_parity,17/25,128,90,False,False,False,False,False,True,True,True,True,False,False
3691,03691.json,8b1981bd75ad5fa9913a342ac322c8afd165e72d41801813bee29e9d63305f83,positive_parity,17/25,128,91,False,False,False,False,False,True,True,True,True,False,False
3692,03692.json,87a97f6ffd83b27a7bcfd79442f12acdc96d308e7656f67a2e6b5a3248a9c6b9,positive_parity,17/25,128,92,False,False,False,False,False,True,True,True,True,False,False
3693,03693.json,31e2f1360b291597e3090f79e2c6dcac727ef9af1a105dca4e78392a9691a86b,positive_parity,17/25,128,93,False,False,False,False,False,True,True,True,True,False,False
3694,03694.json,b99200a9b6209f0083a657c297c9a92b7ea0017f0c7837a73d2f89dd6e429f68,positive_parity,17/25,128,94,False,False,False,False,False,True,True,True,True,False,False
3695,03695.json,9b504277b8d28964a41355cff65907f3126c6dedc7e50d81f167958eef4f797f,positive_parity,17/25,128,95,False,False,False,False,False,True,True,True,True,False,False
3696,03696.json,d0338608f8a7bcfba4244adc52bd9b0adef7f5eea15455d2cca8fb62d2d04a8b,positive_parity,17/25,128,96,False,False,False,False,False,True,True,True,True,False,False
3697,03697.json,eb085a65ac3a235e7aeb9a520cf6abc5e68b2528287bb0c0b853079de954e989,positive_parity,17/25,128,97,False,False,False,False,False,True,True,True,True,False,False
3698,03698.json,5da93f8689b7209d0f30ef0fd32801e076d04a388cdcec23875f0e2911b449da,positive_parity,17/25,128,98,False,False,False,False,False,True,True,True,True,False,False
3699,03699.json,3de3d89d4e6e6a069013f2cd1f0f1e57ce0b06288a2fa0ab829b4c086eb75e90,positive_parity,17/25,128,99,False,False,False,False,False,True,True,True,True,False,False
3700,03700.json,5d4ddb751338f895c197599b257f42333b00f25458e6d645ea8e45e003e0a97b,positive_parity,17/25,256,0,False,False,False,False,False,True,True,True,True,False,False
3701,03701.json,dfb453e0c79f705e0b4ca6b27752babe61495f7a29eb6f9ac61a320cbbfe2ac2,positive_parity,17/25,256,1,False,False,False,False,False,True,True,True,True,False,False
3702,03702.json,38a7d21efb5c94a08d07684cd0f089867100b86a8e7e3cad34387f707c60ab74,positive_parity,17/25,256,2,False,False,False,False,False,True,True,True,True,False,False
3703,03703.json,0d42e59bad4df82267326c08e75e4140c299d0cc3dd47ca6a674a00c6f6f03c3,positive_parity,17/25,256,3,False,False,False,False,False,True,True,True,True,False,False
3704,03704.json,b9e295861932615ec30e28c3ec5fc4d362f9e7bec61da7bd24eb8ea6b7b50205,positive_parity,17/25,256,4,False,False,False,False,False,True,True,True,True,False,False
3705,03705.json,4fa5f3b0720e590cdaa8da291efd1994e9827b717c09004f00c1beb1bbb81a81,positive_parity,17/25,256,5,False,False,False,False,False,True,True,True,True,False,False
3706,03706.json,79a178a4cad57d0552daa62465cddb495d71c737a946d46f48d2f526ff4c7745,positive_parity,17/25,256,6,False,False,False,False,False,True,True,True,True,False,False
3707,03707.json,45584c482fa30f05df3757baee031aa0873824fa9a0ba9272800d32f5ed6f16e,positive_parity,17/25,256,7,False,False,False,False,False,True,True,True,True,False,False
3708,03708.json,39b23f2e076e9892c0573abd2c1e983f1a03d0128638656b513984e3bc007216,positive_parity,17/25,256,8,False,False,False,False,False,True,True,True,True,False,False
3709,03709.json,6ad639ee5f67754e0cc954d5a27dd4363f751607fac86d9e74f12d1382c5d9eb,positive_parity,17/25,256,9,False,False,False,False,False,True,True,True,True,False,False
3710,03710.json,7834a57b20eb7fd9b8d95f94e2154403488900a73703f9479b72655a13500e88,positive_parity,17/25,256,10,False,False,False,False,False,True,True,True,True,False,False
3711,03711.json,717b9ffdbc53c05cc7b6ebb0973dde59424f0b7de8871897fa514c60077aceae,positive_parity,17/25,256,11,False,False,False,False,False,True,True,True,True,False,False
3712,03712.json,48ddedda14b53fe76765c2e9b00c98a4970de46ffb2650df22c81f729601b72a,positive_parity,17/25,256,12,False,False,False,False,False,True,True,True,True,False,False
3713,03713.json,f12b3a685f368f1089c2172ca7a5ed23ca199f78d154f56180b9ec63681333e6,positive_parity,17/25,256,13,False,False,False,False,False,True,True,True,True,False,False
3714,03714.json,6951276ce6ab8e6b6f72762edba55a1c44475506022243048a9b9ecc2198968b,positive_parity,17/25,256,14,False,False,False,False,False,True,True,True,True,False,False
3715,03715.json,9b2300fffeb97394b33408284ad04ea75e8ae8cebb31035900b825f7fd09ef99,positive_parity,17/25,256,15,False,False,False,False,False,True,True,True,True,False,False
3716,03716.json,4a176a74abcd99e6d0daf6afc143c58ee41acd2710f9094b2fcf77e06c207a34,positive_parity,17/25,256,16,False,False,False,False,False,True,True,True,True,False,False
3717,03717.json,cb93c4afd49c2e87b6771ffb7110b83f4b4350c460c0c4acd97a52ebee7ed831,positive_parity,17/25,256,17,False,False,False,False,False,True,True,True,True,False,False
3718,03718.json,884a681a1c09f2d181141d77497925e77254836d5f61d0a17752887ea150bec8,positive_parity,17/25,256,18,False,False,False,False,False,True,True,True,True,False,False
3719,03719.json,7d7ca11d2fed3bf754ac960b12311b53182016fede2540ae2966c17594571179,positive_parity,17/25,256,19,False,False,False,False,False,True,True,True,True,False,False
3720,03720.json,b5a3357f1c05d9d35e559e7e735efc117aa2474d06ecc7dc9deb8bfb72b71b37,positive_parity,17/25,256,20,False,False,False,False,False,True,True,True,True,False,False
3721,03721.json,0efc1b65153d650860f3a195f6aabfdb15d6b2f4c9de1a98d4338c025e702a90,positive_parity,17/25,256,21,False,False,False,False,False,True,True,True,True,False,False
3722,03722.json,4552e99d397192bf7dd418cc7e76a3fb2b903251fb50a0446aad565d1c93330c,positive_parity,17/25,256,22,False,False,False,False,False,True,True,True,True,False,False
3723,03723.json,0e6d3e480ea607019742ac975396b33cfcc70d042ddc5e9d0244ea873ecb75af,positive_parity,17/25,256,23,False,False,False,False,False,True,True,True,True,False,False
3724,03724.json,d1f55eec767be50e731d4c009f0a293b70c553fbc5ffa6b820f1d56fa4de7b4b,positive_parity,17/25,256,24,False,False,False,False,False,True,True,True,True,False,False
3725,03725.json,0c1464994e6c7f3e6d7d05f992716d42ccaeee46fbc6324e1587c56266abc980,positive_parity,17/25,256,25,False,False,False,False,False,True,True,True,True,False,False
3726,03726.json,8317e390bb50fc420fbbf9e0e5cfd5fbeee600fd7f60a57ccd32124d04d42fc2,positive_parity,17/25,256,26,False,False,False,False,False,True,True,True,True,False,False
3727,03727.json,3132e6d67e68ec0d33c9576311e2c7698568337f2fe8991e4155b8ffe4b51ce7,positive_parity,17/25,256,27,False,False,False,False,False,True,True,True,True,False,False
3728,03728.json,16e5a5286264e19e08652ecaf857897e49c83c072cc02f8eaffb0fab5996d1b0,positive_parity,17/25,256,28,False,False,False,False,False,True,True,True,True,False,False
3729,03729.json,cdad85824859c3f53e230bee5d5ba2c7881995e604cc7c6576bd91b151841b49,positive_parity,17/25,256,29,False,False,False,False,False,True,True,True,True,False,False
3730,03730.json,4f0b488527fdd260e6718d425b95f7b352db4eda691e67a39a5ad2eb17478f2b,positive_parity,17/25,256,30,False,False,False,False,False,True,True,True,True,False,False
3731,03731.json,9902dbebbc550c2fd9456efb46dfae373e8525c52c8ab34e2e9564a26009f997,positive_parity,17/25,256,31,False,False,False,False,False,True,True,True,True,False,False
3732,03732.json,e5abd752c4375971ea43748dd8c6786a514ad27eb03835c54481daf6d7f5b40b,positive_parity,17/25,256,32,False,False,False,False,False,True,True,True,True,False,False
3733,03733.json,8264ad2c0d6624ea3f2912f9740c25c88559c955958782d78b9180fc6f73cd6a,positive_parity,17/25,256,33,False,False,False,False,False,True,True,True,True,False,False
3734,03734.json,d679b6415e4fe491ce81646c6f2b1ded0606f7e6fc6a231b0f39440ed73d5050,positive_parity,17/25,256,34,False,False,False,False,False,True,True,True,True,False,False
3735,03735.json,0ec336393bdbee614788f92800f778d4ac992053d7c2ff3952a83afccf451be0,positive_parity,17/25,256,35,False,False,False,False,False,True,True,True,True,False,False
3736,03736.json,47af10e5f1e07cad4029429ec689a4fa35aba908f635fc2ef4517acd6b25d500,positive_parity,17/25,256,36,False,False,False,False,False,True,True,True,True,False,False
3737,03737.json,909e3e82d5d077cd26c687f759e5b4fff62ad0a8ef465a870577ae75b81ab5f3,positive_parity,17/25,256,37,False,False,False,False,False,True,True,True,True,False,False
3738,03738.json,2f179d891378000c10b9a06cf2c768b13d7571e429c65bde7e2605d2484b4298,positive_parity,17/25,256,38,False,False,False,False,False,True,True,True,True,False,False
3739,03739.json,baa7acd74447251fafd92656aff7c39c580c879bff2d550d1182142021ae804a,positive_parity,17/25,256,39,False,False,False,False,False,True,True,True,True,False,False
3740,03740.json,183a0f842ed1baedeb726877ba81d677cc6a01d08c4b7e7ef44d0bf0edf70510,positive_parity,17/25,256,40,False,False,False,False,False,True,True,True,True,False,False
3741,03741.json,bd190ca26e7237483e67a2429e3f580f75c53b39794cbcb19792d7e4c817d9d3,positive_parity,17/25,256,41,False,False,False,False,False,True,True,True,True,False,False
3742,03742.json,5ebd8ec363ecf611bbe460cbe4eda54993d35a5e0621dcc108eec5cf0baf71eb,positive_parity,17/25,256,42,False,False,False,False,False,True,True,True,True,False,False
3743,03743.json,813598110cbf925fd12b5e011d604dcb27c341c8700da5e56826072119f5497a,positive_parity,17/25,256,43,False,False,False,False,False,True,True,True,True,False,False
3744,03744.json,ad19ef8ce918b3d2c83ee8ef904fd0f88c62b6ba0779a85a65c7b659d0f1d52d,positive_parity,17/25,256,44,False,False,False,False,False,True,True,True,True,False,False
3745,03745.json,9a82a3b7524fc4dbc0329da0ffbb64a26bc320b2d52149b8489a624b274e4dfe,positive_parity,17/25,256,45,False,False,False,False,False,True,True,True,True,False,False
3746,03746.json,727ce1349367ee5c76b31fdb3640e9a40f01c7ce237780d250ff0d83ad8e3049,positive_parity,17/25,256,46,False,False,False,False,False,True,True,True,True,False,False
3747,03747.json,837cf86449dd5b4102bbfe7d27015e34454cf6c34ca0eb0162cf3fc3e07a02bc,positive_parity,17/25,256,47,False,False,False,False,False,True,True,True,True,False,False
3748,03748.json,db2f5d546a478e6983bb980596de50e63554b3390f9a08f4e4927d7bfbd2ea59,positive_parity,17/25,256,48,False,False,False,False,False,True,True,True,True,False,False
3749,03749.json,d238a19aafd6e1ba1ce703dba5b532ecc70da3fc9e271f304c7986c238f845ce,positive_parity,17/25,256,49,False,False,False,False,False,True,True,True,True,False,False
3750,03750.json,5eb4851548b148aa08574124f978cc8467f2b5163ea9e2b71356bda22ef594a4,positive_parity,17/25,256,50,False,False,False,False,False,True,True,True,True,False,False
3751,03751.json,7e1a5c7e3fa1360249366a8d848aa00140382fcce81d918a415550a6f26f5139,positive_parity,17/25,256,51,False,False,False,False,False,True,True,True,True,False,False
3752,03752.json,9188f7afe84daaf21c87f72a0200cd1a0e904ddc741d6dfd02e8032c3014d5d8,positive_parity,17/25,256,52,False,False,False,False,False,True,True,True,True,False,False
3753,03753.json,664be1e3496e8b26ba7321010ec6e5b44d7ce4fc49d6649b1cd38e9a5ac87818,positive_parity,17/25,256,53,False,False,False,False,False,True,True,True,True,False,False
3754,03754.json,fc54380d53305151affe23626b6ed080819e0560af3d8aa1a6720dd864aff8ca,positive_parity,17/25,256,54,False,False,False,False,False,True,True,True,True,False,False
3755,03755.json,ad5e5b451228481e999456c0edada0b9bb877914851afc35a9eb2895d0109e6a,positive_parity,17/25,256,55,False,False,False,False,False,True,True,True,True,False,False
3756,03756.json,a9d70adec3b9d0cfa00aacef044624b020c3d2f7abbc7169b72fc4b61efd741a,positive_parity,17/25,256,56,False,False,False,False,False,True,True,True,True,False,False
3757,03757.json,a54425711981d83dab9b758f9ecb7a15be8fb32fd014f140edd3603475820740,positive_parity,17/25,256,57,False,False,False,False,False,True,True,True,True,False,False
3758,03758.json,5ad88d9dc0ec769ff6378fc07b04ec4d7ec3742cd0bc1d4bc69c9b702dde6651,positive_parity,17/25,256,58,False,False,False,False,False,True,True,True,True,False,False
3759,03759.json,452ddc4bbffdbbeea8c5a11dc695bd90652e050ba3989269226613d032360241,positive_parity,17/25,256,59,False,False,False,False,False,True,True,True,True,False,False
3760,03760.json,c0d6a58f00897fc7295907b27e0b397f2273038c4d868fd150da43e4b66f94e4,positive_parity,17/25,256,60,False,False,False,False,False,True,True,True,True,False,False
3761,03761.json,e3eeb76a300ff8eef1f11178ea80a1212ce08591deff1336a213c75cadfbc770,positive_parity,17/25,256,61,False,False,False,False,False,True,True,True,True,False,False
3762,03762.json,e0b5aea675747cecc0087cad66cac20ec54c1219cb09eea9e44082034e6b821e,positive_parity,17/25,256,62,False,False,False,False,False,True,True,True,True,False,False
3763,03763.json,b35a1b0efe78d8808bcf258eb0117c54938db4f01a6337ae877b8309b4cf311b,positive_parity,17/25,256,63,False,False,False,False,False,True,True,True,True,False,False
3764,03764.json,c0dc8181f764b6a3514873b7c1ab1378b9533b150839e311f278b2fb27a5ec01,positive_parity,17/25,256,64,False,False,False,False,False,True,True,True,True,False,False
3765,03765.json,c05bbc515588953462c584fbd5bf8cb3665b5d69c9b4044edfb545acb20277fc,positive_parity,17/25,256,65,False,False,False,False,False,True,True,True,True,False,False
3766,03766.json,016c4fcc4470ece0d8d7c41c05aad02092d3e248c8dab6f918a635a81d6deaed,positive_parity,17/25,256,66,False,False,False,False,False,True,True,True,True,False,False
3767,03767.json,7022a7832110888a7dc88b522aaeae13036acc6551b232519e2a3331a137fe14,positive_parity,17/25,256,67,False,False,False,False,False,True,True,True,True,False,False
3768,03768.json,d478c1d9bb8914e39dd2fef4d1325aced3352620098df3fe58aef4c09e72887d,positive_parity,17/25,256,68,False,False,False,False,False,True,True,True,True,False,False
3769,03769.json,0dc2fa89711b1e6700bcd019209a793f49c3ffe7e17315b0ae9b11f2ae451ed9,positive_parity,17/25,256,69,False,False,False,False,False,True,True,True,True,False,False
3770,03770.json,32e505c24ceff5648767a76a80f709243b1b39b32419b3ac85587fcbfab70d75,positive_parity,17/25,256,70,False,False,False,False,False,True,True,True,True,False,False
3771,03771.json,5f2b5a39d4761c08fe56641e3759331159a07c59f02948d48fb2afa12f42550a,positive_parity,17/25,256,71,False,False,False,False,False,True,True,True,True,False,False
3772,03772.json,51767096da1bd5a296028735fec09bf4b8b6f9d89f7c19fdddd0c8b709870969,positive_parity,17/25,256,72,False,False,False,False,False,True,True,True,True,False,False
3773,03773.json,40f62b6a9073bafe3a3e677f5dab10a0cf29bc2e9dca28a9d2e42eee4102b3a1,positive_parity,17/25,256,73,False,False,False,False,False,True,True,True,True,False,False
3774,03774.json,e5de3df782748996f39747e8366305a661f39f3904e276d571d0814e48d38733,positive_parity,17/25,256,74,False,False,False,False,False,True,True,True,True,False,False
3775,03775.json,f6d52eacf98fa3ee0e02508cc24ac0a5eefc5ec1706a213507f1b8680630f5a3,positive_parity,17/25,256,75,False,False,False,False,False,True,True,True,True,False,False
3776,03776.json,1c76ed60fbe42ddc68457a97c71879c96df92282423139b88d45857606a72980,positive_parity,17/25,256,76,False,False,False,False,False,True,True,True,True,False,False
3777,03777.json,9253e35138d5fb12cbad3f4c8585b91dc4c158dd4e2bc79a0a7f240eb1e01ad5,positive_parity,17/25,256,77,False,False,False,False,False,True,True,True,True,False,False
3778,03778.json,c084352a28afd11080d2c0898d0e10c4210e0c1f2e8df5a494c19717f9d36dd8,positive_parity,17/25,256,78,False,False,False,False,False,True,True,True,True,False,False
3779,03779.json,b2df94a4daacd49b09e33ea6c261e3ced7449e2ae38b8683955b00c80c20f73c,positive_parity,17/25,256,79,False,False,False,False,False,True,True,True,True,False,False
3780,03780.json,ae74cb495d55c3a5a03cfac8c9d229a5628c217d4a1455cefd1c35e95c652f38,positive_parity,17/25,256,80,False,False,False,False,False,True,True,True,True,False,False
3781,03781.json,e0c374c20c430f33c4971d519c255a35319693c9c9433bb692c4fee79c07022a,positive_parity,17/25,256,81,False,False,False,False,False,True,True,True,True,False,False
3782,03782.json,967b382ad28d6089dc90f7cfec04499dacd4a1eb9ae61ba3124e2f76a8e735a2,positive_parity,17/25,256,82,False,False,False,False,False,True,True,True,True,False,False
3783,03783.json,e70328641fe3dfa1236d33e199e6ee902eddaea54cf0765686578c70e9b32050,positive_parity,17/25,256,83,False,False,False,False,False,True,True,True,True,False,False
3784,03784.json,0e6e8f1e81f244bb05e8e7bf1b8b8b5180d5f8fdcfcfcd864cf749f3861cc354,positive_parity,17/25,256,84,False,False,False,False,False,True,True,True,True,False,False
3785,03785.json,b6d7aa38c1237c2d71671319741b7bd9068afcd6e79826bafb4eab1f188ddcd2,positive_parity,17/25,256,85,False,False,False,False,False,True,True,True,True,False,False
3786,03786.json,6376a3bd54c312374cdd04475fec639f0b31fae0f1d598e6d68c089f60b0dc45,positive_parity,17/25,256,86,False,False,False,False,False,True,True,True,True,False,False
3787,03787.json,68db330cbb54fc8df4b3bbbaa17cf2b9891c96bd17240cd1ea581fb996b9710e,positive_parity,17/25,256,87,False,False,False,False,False,True,True,True,True,False,False
3788,03788.json,ddc0d59ec4dadc980129cd1a53b9a6da1f4e7c2782c1333834585e4457ee096c,positive_parity,17/25,256,88,False,False,False,False,False,True,True,True,True,False,False
3789,03789.json,9be730b09f1f0cd543c0de29cd139eabb71ce689669679830a82b9fcac3be47b,positive_parity,17/25,256,89,False,False,False,False,False,True,True,True,True,False,False
3790,03790.json,d9fd2081a2b495b3e8291db71a78ad7641f45a79b8ad26587e5b6023589266c9,positive_parity,17/25,256,90,False,False,False,False,False,True,True,True,True,False,False
3791,03791.json,e5d7eb082da39db132b11bcf629d8ba723dcd430f5a2211e6a38a2ac1c024d17,positive_parity,17/25,256,91,False,False,False,False,False,True,True,True,True,False,False
3792,03792.json,67cbd1a4bb7665b81eee969624df64c54f72158fa7281e03cee91e0bb07ec375,positive_parity,17/25,256,92,False,False,False,False,False,True,True,True,True,False,False
3793,03793.json,8cff1d12fdcc465733ac12c7509b23f49b5dfc7092e89e0d57d7ea39bc81785b,positive_parity,17/25,256,93,False,False,False,False,False,True,True,True,True,False,False
3794,03794.json,d33652eaf322fc9d22624ebb74a89743c53911d82febbb6e51d7a036ad02aade,positive_parity,17/25,256,94,False,False,False,False,False,True,True,True,True,False,False
3795,03795.json,36a350e54f4f25c5f84813951b2b4f3b73388ceec38568df863400ecc7d7f0ad,positive_parity,17/25,256,95,False,False,False,False,False,True,True,True,True,False,False
3796,03796.json,0cbeee89f15156e06a897186ada6fbe4a60cc925176726b456aecf956940fd97,positive_parity,17/25,256,96,False,False,False,False,False,True,True,True,True,False,False
3797,03797.json,edac13f9c85b081dee787724ee6089702dec594cf115a83cedaf8a4af5bfe8f0,positive_parity,17/25,256,97,False,False,False,False,False,True,True,True,True,False,False
3798,03798.json,c345084d93f53f075c00fb2c385b2426f52c48bd82dab163af1d010350d2e241,positive_parity,17/25,256,98,False,False,False,False,False,True,True,True,True,False,False
3799,03799.json,9564e492597136332a434dbe2a00aa58b437761b6e422012e6b218319b538aef,positive_parity,17/25,256,99,False,False,False,False,False,True,True,True,True,False,False
3800,03800.json,84d106b8f16ed7e3f37f6c433657bd6926e67dfcdb2b61aa42c94fc62ce01242,positive_parity,17/25,512,0,False,False,False,False,False,True,True,True,True,False,False
3801,03801.json,c6020ab5a2ca40e77257d1fc407231406a400dea55d684aed6c56ef3c1cdfc06,positive_parity,17/25,512,1,False,False,False,False,False,True,True,True,True,False,False
3802,03802.json,feaf8294266286abcbfdfdf7a8f4bfc9710c4e157181ac6b7bfddf867506b795,positive_parity,17/25,512,2,False,False,False,False,False,True,True,True,True,False,False
3803,03803.json,4dfa74e1c394aed40e9ed348ae461ad40cd5bf50ed8433d8f7f1f80f42e0c189,positive_parity,17/25,512,3,False,False,False,False,False,True,True,True,True,False,False
3804,03804.json,18f72c103099be7f8a009ad4d59c7af0808fad36cbf76e485271052a360f92db,positive_parity,17/25,512,4,False,False,False,False,False,True,True,True,True,False,False
3805,03805.json,0ee9c335e8bb3c4aecc4347db39debca78f4e3976f58e9f50990b1e410571487,positive_parity,17/25,512,5,False,False,False,False,False,True,True,True,True,False,False
3806,03806.json,79ab26f77535e7d0b748ed0d9e31845a0690e0de975a916647dc122cb3c34bc5,positive_parity,17/25,512,6,False,False,False,False,False,True,True,True,True,False,False
3807,03807.json,1ccc499585299b981c544a657fac2d7f1c8314cfcd745c86495619294ea2ddad,positive_parity,17/25,512,7,False,False,False,False,False,True,True,True,True,False,False
3808,03808.json,e640cbd7bd04782f75c8ca406ef521a2c4ac22ae90d1d3066e4a34b91d2e6de8,positive_parity,17/25,512,8,False,False,False,False,False,True,True,True,True,False,False
3809,03809.json,29caa221fc83711c7413b9b7dbb6e54ab6eae24c0f31765a820f2c55a4827da8,positive_parity,17/25,512,9,False,False,False,False,False,True,True,True,True,False,False
3810,03810.json,ffe0c49870e824e4c1a609db92044087a8594964b435d3bdbbd118335059d70f,positive_parity,17/25,512,10,False,False,False,False,False,True,True,True,True,False,False
3811,03811.json,cdfb34776d2c7f88b324a45c93120a3c877f7c311e14ec984cb8565de37fa555,positive_parity,17/25,512,11,False,False,False,False,False,True,True,True,True,True,True
3812,03812.json,bb289a14db13cc2e716cfe64509fcf01aad0c823f1317f6ce4f166d669fd3bb3,positive_parity,17/25,512,12,False,False,False,False,False,True,True,True,True,False,False
3813,03813.json,6bab05ead2a160e9220368cda18ca0a68fc3b88d178aaf95ca396189710809d0,positive_parity,17/25,512,13,False,False,False,False,False,True,True,True,True,False,False
3814,03814.json,5a6b363254a752f444f913cb711e726a35e49df2c7983a186a0cf67600da204d,positive_parity,17/25,512,14,False,False,False,False,False,True,True,True,True,False,False
3815,03815.json,9dcafda7a17eabcfa924aacac42fddbc3e81897f9f3ab3e6ef692f6518095c69,positive_parity,17/25,512,15,False,False,False,False,False,True,True,True,True,False,False
3816,03816.json,0269f2b4822132631a7ddb4ade63762594153899aecd987761c04500cd95a616,positive_parity,17/25,512,16,False,False,False,False,False,True,True,True,True,False,False
3817,03817.json,8428847107eee16eb5cbd834fa6044c843f41f9b58c17f138327acbad0addd03,positive_parity,17/25,512,17,False,False,False,False,False,True,True,True,True,False,False
3818,03818.json,6b4beb633284c954fbb4f1292d944492b95d4da4f648261b1a9ada81515a211f,positive_parity,17/25,512,18,False,False,False,False,False,True,True,True,True,True,True
3819,03819.json,d6ecf986c778b6740523097db5ef270d16b16fb10466d4d4d4dd1d5e7a41bf6c,positive_parity,17/25,512,19,False,False,False,False,False,True,True,True,True,False,False
3820,03820.json,b56418f6e8b63e495f73a9c775dd4c6a5cb2dda4907703c5f345b0926d7c7977,positive_parity,17/25,512,20,False,False,False,False,False,True,True,True,True,False,False
3821,03821.json,a8eb1c1fb15343f66948ea5eb3e62ea988a70131caf348b33902ab9d71a3330d,positive_parity,17/25,512,21,False,False,False,False,False,True,True,True,True,False,False
3822,03822.json,e7077d4baa538cca9cb8a3be6f0160fe87c222c2786ba0e7f3e5ce834777b755,positive_parity,17/25,512,22,False,False,False,False,False,True,True,True,True,False,False
3823,03823.json,ee625712f20cfc3fdfdb3667b82232a0f2b7f7294b725d9f9833ba7aa47ab0cf,positive_parity,17/25,512,23,False,False,False,False,False,True,True,True,True,False,False
3824,03824.json,1d825798ff58084902a74ae26cd6d63114466dbedff390dbedb6c70083983f43,positive_parity,17/25,512,24,False,False,False,False,False,True,True,True,True,False,False
3825,03825.json,a5e8481c7f8b2bc4295be4952563493e5fb619a825b8c0767050393c3b0ab570,positive_parity,17/25,512,25,False,False,False,False,False,True,True,True,True,False,False
3826,03826.json,88f183e56907a3ec3fc54ab1270e807e3cf21d9e90ac6e373b600da53a170873,positive_parity,17/25,512,26,False,False,False,False,False,True,True,True,True,False,False
3827,03827.json,6ad21cde819994782a25c61448efa6cb681c7b91846eea6f6be35b7371731793,positive_parity,17/25,512,27,False,False,False,False,False,True,True,True,True,False,False
3828,03828.json,959c00d58bfe7a59c1956e1f3d5971b0c561cf002f5aeecfc34e123378e267b9,positive_parity,17/25,512,28,False,False,False,False,False,True,True,True,True,False,False
3829,03829.json,125737c6fbe3f0e50f695b1fa5e346f5ff703896f53e9a072c75c5456da598bb,positive_parity,17/25,512,29,False,False,False,False,False,True,True,True,True,False,False
3830,03830.json,a633b5b08348ef5904f63354204b21a7a3f37a1b066b9e711270b38bc9065899,positive_parity,17/25,512,30,False,False,False,False,False,True,True,True,True,False,False
3831,03831.json,c85e65636aeb8dbdb7e8850945e71a4b88f9ee2cd8c44f32c73f9e6ca332c7cf,positive_parity,17/25,512,31,False,False,False,False,False,True,True,True,True,False,False
3832,03832.json,9b88358855ac7a48c07a1785b9574c62c5f167dd1b560bd8ffc2ad486d6b3763,positive_parity,17/25,512,32,False,False,False,False,False,True,True,True,True,False,False
3833,03833.json,f5e75e6110dbe96dd4d3b43737a55849e3a11ede193cb1003b8891789eaae26b,positive_parity,17/25,512,33,False,False,False,False,False,True,True,True,True,False,False
3834,03834.json,334757bccf1f2b9111492f8d03cdeff73d79bd20d315f322841661c5579d4328,positive_parity,17/25,512,34,False,False,False,False,False,True,True,True,True,False,False
3835,03835.json,bedd44a8118eee6c289d1f0fcc39046210aab8e4b5321c5a671f22a9024c2773,positive_parity,17/25,512,35,False,False,False,False,False,True,True,True,True,False,False
3836,03836.json,5090044540363581c670d5ec39b2a26ca53148a58e559afdd5aff58d3b1e4315,positive_parity,17/25,512,36,False,False,False,False,False,True,True,True,True,False,False
3837,03837.json,8eb186d9becfd7cb4e92a5959575ca5846f15e9f013c74404d02e5e7a287115a,positive_parity,17/25,512,37,False,False,False,False,False,True,True,True,True,False,False
3838,03838.json,370577a4e32e88acb5fa2396f68ab7d080e60ae6012470dd60a1910c30ecb09e,positive_parity,17/25,512,38,False,False,False,False,False,True,True,True,True,False,False
3839,03839.json,c1abfcaf28f0bb69bb22a1eae8f8b993d31d0f511fa565824842f80cdcdf8f91,positive_parity,17/25,512,39,False,False,False,False,False,True,True,True,True,False,False
3840,03840.json,327e88bc61eefacf3a4754cc5c8413f57abd46c47319bdabc9d3bd71a1ced5a9,positive_parity,17/25,512,40,False,False,False,False,False,True,True,True,True,True,True
3841,03841.json,c22a233c3121d91c54ae540d2af1999d6afd9b5bebc36d3250a31cc8754e31ce,positive_parity,17/25,512,41,False,False,False,False,False,True,True,True,True,False,False
3842,03842.json,375e2c67e36b57ebeefc383a7a389d5200eba352bf7f864fe27b894f48379693,positive_parity,17/25,512,42,False,False,False,False,False,True,True,True,True,False,False
3843,03843.json,95d7588d8223ff00716a1ee67ff973e10361e7ade4565427b539f1d4b04d3a74,positive_parity,17/25,512,43,False,False,False,False,False,True,True,True,True,False,False
3844,03844.json,45045b43f293c1fdc12ff6d1e4e7013044fe1e502689eca740992ec0c32d0b1f,positive_parity,17/25,512,44,False,False,False,False,False,True,True,True,True,False,False
3845,03845.json,1c94342c7455594dcd5754496be1611ba50db6d168bbfba29acd2a935471c779,positive_parity,17/25,512,45,False,False,False,False,False,True,True,True,True,False,False
3846,03846.json,a100c12e6c84ceff38f44ed047862e0d44d3290a0b855bd471d7c635aa84bd2a,positive_parity,17/25,512,46,False,False,False,False,False,True,True,True,True,False,False
3847,03847.json,7ae998367b00a1d504a1d7834425e09c1679a1388cc2c9707f57dbb1a64079f1,positive_parity,17/25,512,47,False,False,False,False,False,True,True,True,True,False,False
3848,03848.json,f03596e1e97797509b75b85d84426dc0dec7eeb9c33c46173b464d90755965d2,positive_parity,17/25,512,48,False,False,False,False,False,True,True,True,True,False,False
3849,03849.json,f5b3b0ccb89b9682e2a7269d00abbf422ab7d9f0c82c50306bf13021d4aeefa6,positive_parity,17/25,512,49,False,False,False,False,False,True,True,True,True,False,False
3850,03850.json,507994df87760a2e1a97758dbf6c4a35332c0816a980b4f683e53a6f9c771092,positive_parity,17/25,512,50,False,False,False,False,False,True,True,True,True,False,False
3851,03851.json,649eca13fe2a75b353710bda402fc178a31a62a0b2b8d102c359504e938f4221,positive_parity,17/25,512,51,False,False,False,False,False,True,True,True,True,False,False
3852,03852.json,b2af805f122d490920e6a95ba6872d7cc1f6444cb8d36c07a88149c374ddaf78,positive_parity,17/25,512,52,False,False,False,False,False,True,True,True,True,False,False
3853,03853.json,88882f95cf32b848531518b525a38689db01509aa0bc3dabd43356152f30bfb3,positive_parity,17/25,512,53,False,False,False,False,False,True,True,True,True,False,False
3854,03854.json,2ab75a6594a3c172e5d3af9ac187283160279bd95a61a9e4a21695e569fd219e,positive_parity,17/25,512,54,False,False,False,False,False,True,True,True,True,False,False
3855,03855.json,41148422a1c43d1b2c423fd24a6ee52e14ed04be508b7b97bd348ff1d0b7d3a9,positive_parity,17/25,512,55,False,False,False,False,False,True,True,True,True,False,False
3856,03856.json,224b37de91844896a1fe71a8bb77ba87ebc9325e00fcf780556c7a34f22a6d36,positive_parity,17/25,512,56,False,False,False,False,False,True,True,True,True,False,False
3857,03857.json,7cf80cb41c5da35d691245976eecb5c4757361176716e941f1b2d13cc8b86ec9,positive_parity,17/25,512,57,False,False,False,False,False,True,True,True,True,False,False
3858,03858.json,435bfe9cc7e9f682b4fae6d0162b6d05dde5c2f45a3c8532e3f93dfa0f98bbd7,positive_parity,17/25,512,58,False,False,False,False,False,True,True,True,True,False,False
3859,03859.json,e8093be4231361c3bec36c5fec52a641bb9d71165c75dbc1968c58d6ec0996a2,positive_parity,17/25,512,59,False,False,False,False,False,True,True,True,True,False,False
3860,03860.json,370544d130d69ce9cee9836b0ad1966c2629b64203d1cd978ccb7d7d8c96ee37,positive_parity,17/25,512,60,False,False,False,False,False,True,True,True,True,False,False
3861,03861.json,c48830fa8081656513b948676078f239695ba1b54c4ecebe873f74903030b210,positive_parity,17/25,512,61,False,False,False,False,False,True,True,True,True,False,False
3862,03862.json,05c2a60f21f8a9b173616035d12347f9a01fb44a7b728aecdc669e1df09f1475,positive_parity,17/25,512,62,False,False,False,False,False,True,True,True,True,False,False
3863,03863.json,e3b989dc3668a1a1282cae3e2921bd6ed5019d776318d6f1c01f35bf1b6d5072,positive_parity,17/25,512,63,False,False,False,False,False,True,True,True,True,False,False
3864,03864.json,1fafb54b9080dcd6f8a34c6ad9eaeaa691fb34f5b79cb6b33f41e23c5784f7a9,positive_parity,17/25,512,64,False,False,False,False,False,True,True,True,True,False,False
3865,03865.json,c4df76c15f3e209ea3612047a7595cdb6409cd5bd940f8cb140c1c7d5825e5d4,positive_parity,17/25,512,65,False,False,False,False,False,True,True,True,True,False,False
3866,03866.json,24bd250321d5b1396672a6f9742367853efdb9d6c703ad75f8bc68f3ee251476,positive_parity,17/25,512,66,False,False,False,False,False,True,True,True,True,False,False
3867,03867.json,ad99308a07dc47998ede0abe2e32b5012b217746a049e8eec1b578133c8bd938,positive_parity,17/25,512,67,False,False,False,False,False,True,True,True,True,False,False
3868,03868.json,ae221c747929fd1c4d9812fadec3a711254b43c15b8421729af88696920b2fe2,positive_parity,17/25,512,68,False,False,False,False,False,True,True,True,True,False,False
3869,03869.json,44801dc26f749d0663a600f62e91952ae622bbc92f44e98d443d47cda298a629,positive_parity,17/25,512,69,False,False,False,False,False,True,True,True,True,False,False
3870,03870.json,47f0246a38086d76f58e4485c2171cfc5819984a416e0a7162ef94a9e324502a,positive_parity,17/25,512,70,False,False,False,False,False,True,True,True,True,False,False
3871,03871.json,f032e30a1cef2cf76e8c0dad93782ff35dc5ec38c749fed21a4692418a1dbcb8,positive_parity,17/25,512,71,False,False,False,False,False,True,True,True,True,False,False
3872,03872.json,fe00c6837525bc05b091c434378f423c1d9be4a3d705c82b3fc40b041a5c6ec8,positive_parity,17/25,512,72,False,False,False,False,False,True,True,True,True,False,False
3873,03873.json,c44ac0272d668398ccd9cc2b992bc31efa5a15196692ba9146c5ac3fabf59877,positive_parity,17/25,512,73,False,False,False,False,False,True,True,True,True,False,False
3874,03874.json,3a4ee27054f602b13215b05ef5e36c26924c18b972251b1a75569c306306e042,positive_parity,17/25,512,74,False,False,False,False,False,True,True,True,True,False,False
3875,03875.json,6a129995830305f897852aba9def927781f1d0c59b9777ed3c9efe40d30ade32,positive_parity,17/25,512,75,False,False,False,False,False,True,True,True,True,True,True
3876,03876.json,ec3fd56b8f7169ccf6b97b8b4c4e7aba0c090cc2e75d79f687a6b093e5a3d4c0,positive_parity,17/25,512,76,False,False,False,False,False,True,True,True,True,False,False
3877,03877.json,77696be8243d650b22a40d444b961216bdae86d833096602d43d7a80c84fc11c,positive_parity,17/25,512,77,False,False,False,False,False,True,True,True,True,False,False
3878,03878.json,bc1b3cfc10e1ee60a06077c886c1a99fbaee77054e7eef4acb30d457f277c680,positive_parity,17/25,512,78,False,False,False,False,False,True,True,True,True,False,False
3879,03879.json,74473408f5198d33b088d7d39876f8870b7099be92fdebdca7a2c1b1322983c2,positive_parity,17/25,512,79,False,False,False,False,False,True,True,True,True,False,False
3880,03880.json,a38847a8e937b060b68974a674f1668e667ded95df86eaf0e924afd664caeae8,positive_parity,17/25,512,80,False,False,False,False,False,True,True,True,True,True,True
3881,03881.json,1f1570ea9e5b1ebf2c2ebd39958c56fa70db0b10b571fdd14756fea0173c452c,positive_parity,17/25,512,81,False,False,False,False,False,True,True,True,True,False,False
3882,03882.json,df6d9463d98c40204ea0fee1ac7f4be4752a24aeacfa2e44eee28533f3b579bd,positive_parity,17/25,512,82,False,False,False,False,False,True,True,True,True,False,False
3883,03883.json,c64f2925dbe6f9578d3b95f322374a968c1fbbb120343259cff7efafb4017d1f,positive_parity,17/25,512,83,False,False,False,False,False,True,True,True,True,False,False
3884,03884.json,6722c17ded8404c675f6340aac190a8950708d29181ca511e1c903cf31bfa0f0,positive_parity,17/25,512,84,False,False,False,False,False,True,True,True,True,False,False
3885,03885.json,bbb446f8bb9b63bea7c8ce2fcc951a61de19fe8af5e7aca3334d25bdf5125898,positive_parity,17/25,512,85,False,False,False,False,False,True,True,True,True,False,False
3886,03886.json,dd2ee6a04be376fed9efbaf189e771c342ef62acac67bfb2a741bd05d3a1d5c9,positive_parity,17/25,512,86,False,False,False,False,False,True,True,True,True,False,False
3887,03887.json,3161c5c7a4445bf3d309495aba611772169dfab1c3b5e43f3663150c209a4563,positive_parity,17/25,512,87,False,False,False,False,False,True,True,True,True,False,False
3888,03888.json,5595a6664bedf7412fd26bc037df661fbd64de8d6d52c5c76e7173a61230af86,positive_parity,17/25,512,88,False,False,False,False,False,True,True,True,True,False,False
3889,03889.json,7497c22dbf930bd17ab061d3ae9513298708eb708dcec5ef77cae51df0a0b460,positive_parity,17/25,512,89,False,False,False,False,False,True,True,True,True,True,True
3890,03890.json,5cd60fa21f7499269065d1e8ecf245fff0c9b46f622e0b3befe92de5e68a44f4,positive_parity,17/25,512,90,False,False,False,False,False,True,True,True,True,False,False
3891,03891.json,e6049a95d88a1b34135858a1650ec70fdfb1e9e6abcf577307f96badd7fce2a4,positive_parity,17/25,512,91,False,False,False,False,False,True,True,True,True,False,False
3892,03892.json,8dfbbf44741e043db47e4e291cb13ef12820dfce9e81a26d623e654f5cd4054b,positive_parity,17/25,512,92,False,False,False,False,False,True,True,True,True,False,False
3893,03893.json,36fb17caa0a6543e0747790fd35b8780cfbc40b504fb164abd2f5d0edb1f56bf,positive_parity,17/25,512,93,False,False,False,False,False,True,True,True,True,False,False
3894,03894.json,b1d71a15948e78c58d0d010bbe344a5195a50b9d09ed144137684b870626951a,positive_parity,17/25,512,94,False,False,False,False,False,True,True,True,True,False,False
3895,03895.json,4785e85bd21d78325baa4bc64ea8136a171607963f454f541be3d9770b56bf1a,positive_parity,17/25,512,95,False,False,False,False,False,True,True,True,True,False,False
3896,03896.json,97a745bfc1fb9c2c3145ca1bd549ccf0d404e55ea97a44d383ce93bda68f64b3,positive_parity,17/25,512,96,False,False,False,False,False,True,True,True,True,False,False
3897,03897.json,d5c4686d5ff79ebc5cbb7c9b9ea381721aa2af14bbb15821caa4b498caf7c111,positive_parity,17/25,512,97,False,False,False,False,False,True,True,True,True,False,False
3898,03898.json,ca938b0c07206d6b5cd080d976594e10c0abf26db6a5e03d8b88760e4f4e253c,positive_parity,17/25,512,98,False,False,False,False,False,True,True,True,True,False,False
3899,03899.json,e8cfc0f01351e98df12bd26279c524e77d599859b53330be5e04f8448f189984,positive_parity,17/25,512,99,False,False,False,False,False,True,True,True,True,False,False
3900,03900.json,0c21f3da07ffdf310fc73972282b3400b9d7c6d43a5d62ab907e32fabbf44345,positive_parity,17/25,1024,0,False,False,False,False,False,True,True,True,True,True,True
3901,03901.json,dd9629ec9dc5c972ad570f8c151422abe2a316017672633ec0b75f19ab712056,positive_parity,17/25,1024,1,False,False,False,False,False,True,True,True,True,True,True
3902,03902.json,c05765e6be0fe9a4f34947481f7f2a15dbc43ee289e374e40749de7da99c828f,positive_parity,17/25,1024,2,False,False,False,False,False,True,True,True,True,True,True
3903,03903.json,a1501f8255be96ffdb43744ad3ba5dc67e6899cf977a6cffab21b8e4f0aa9426,positive_parity,17/25,1024,3,False,False,False,False,False,True,True,True,True,True,True
3904,03904.json,7899523e0f9ba32dd69cf89d2448be08f062d4483a13820cc538453d0c095f8c,positive_parity,17/25,1024,4,False,False,False,False,False,True,True,True,True,True,True
3905,03905.json,509200f95dde346232d2d933824b0fc4290d3595430941a9f0620680758f9279,positive_parity,17/25,1024,5,False,False,False,False,False,True,True,True,True,True,True
3906,03906.json,e1b10fd3ce52f3b3954ed6fcb48510597a33dc83f3d4bb4a5310ee93b8edc334,positive_parity,17/25,1024,6,False,False,False,False,False,True,True,True,True,True,True
3907,03907.json,f7324264492ec407b56e0a60884b84f5f8eacfed0a28e9511a3bb9b462a35b50,positive_parity,17/25,1024,7,False,False,False,False,False,True,True,True,True,True,True
3908,03908.json,a4e1f6ccaefb210f0a03fe96f85994b9e819b2c504eb2725063b58b32c7c309d,positive_parity,17/25,1024,8,False,False,False,False,False,True,True,True,True,True,True
3909,03909.json,af85f95cfd96b3a29ab30ca39c331fc95053031d864fbb60cc8fdec650f8f67a,positive_parity,17/25,1024,9,False,False,False,False,False,True,True,True,True,True,True
3910,03910.json,602dbde55ec4e1e134df85227590c93b5bcab15c86d84c909204980f008163a1,positive_parity,17/25,1024,10,False,False,False,False,False,True,True,True,True,True,True
3911,03911.json,c3079d14ad457800e1b80f9a97cdbeabf9f8e51cd1ddf8b3918b935fab9568e2,positive_parity,17/25,1024,11,False,False,False,False,False,True,True,True,True,True,True
3912,03912.json,88451f6354a6a5b3760b99a8e46b07c8c1b2dbaf3c043fbe5b0ce759027b1de4,positive_parity,17/25,1024,12,False,False,False,False,False,True,True,True,True,True,True
3913,03913.json,f054b47c820f5536e0ea239dea1c576409776332ca51240c59c0ac72c7de8716,positive_parity,17/25,1024,13,False,False,False,False,False,True,True,True,True,True,True
3914,03914.json,f70c21174a5f524b62b375b769262b2a3f5d33401a2b98eac5dd5d6753aa5e65,positive_parity,17/25,1024,14,False,False,False,False,False,True,True,True,True,True,True
3915,03915.json,2f2ae6dc12aa055e5a8097f0b45b6f68f23ca7da6dde22e58db69098e514b378,positive_parity,17/25,1024,15,False,False,False,False,False,True,True,True,True,True,True
3916,03916.json,cd63c8e710adfc1a15052200193451a0072ff855f230c566ced179d6cf3c54d0,positive_parity,17/25,1024,16,False,False,False,False,False,True,True,True,True,True,True
3917,03917.json,7dbda83d3a9114c732bebdab15a98235b6d2790583bed026eb80f461df14518a,positive_parity,17/25,1024,17,False,False,False,False,False,True,True,True,True,True,True
3918,03918.json,13df2ba3a75327ee5ea69175c78f11bae52979f4c6e2bf6f2bf6aec3a210fc59,positive_parity,17/25,1024,18,False,False,False,False,False,True,True,True,True,True,True
3919,03919.json,fe205a05c9cecfeb7b21569e89394860461aa8fd20e914411167a41ba1dab608,positive_parity,17/25,1024,19,False,False,False,False,False,True,True,True,True,True,True
3920,03920.json,4446603fbd4240c3689aaa2d6fc44aaeb87c0f743560e00dfc7c1b87c5f202cf,positive_parity,17/25,1024,20,False,False,False,False,False,True,True,True,True,True,True
3921,03921.json,bd46205f81865e5d8999849e8c3d045b0e82244fac82b0e6178d3b27276c6b7c,positive_parity,17/25,1024,21,False,False,False,False,False,True,True,True,True,True,True
3922,03922.json,afc88b8a98d65c9f5b9f6805730d78b6db17f44ec42b5785e32ef2c2de8ca972,positive_parity,17/25,1024,22,False,False,False,False,False,True,True,True,True,True,True
3923,03923.json,1c8dea16cc86991bdcdf73a5e20dfa80405cb7d3ed2753f1fb385349b718d967,positive_parity,17/25,1024,23,False,False,False,False,False,True,True,True,True,True,True
3924,03924.json,b7cea00c211891babe5c78c28749a05abeb906410e4fbdcae649a6ec7b7c487c,positive_parity,17/25,1024,24,False,False,False,False,False,True,True,True,True,True,True
3925,03925.json,684f6fa60821ab8ad7629351f94b659dd6cde2c3f7164e3a6ae32f57688f209c,positive_parity,17/25,1024,25,False,False,False,False,False,True,True,True,True,True,True
3926,03926.json,10c6bd7bc0441cea46fe3f927d26b9e0376c7093025bd3cc55e66eb08348a49b,positive_parity,17/25,1024,26,False,False,False,False,False,True,True,True,True,True,True
3927,03927.json,7a2b28aa8b579dd0720538f5c1acd03c2e5a410d9a9b79fe2764057c3d3ccadc,positive_parity,17/25,1024,27,False,False,False,False,False,True,True,True,True,True,True
3928,03928.json,6cd4f9ee401d6cfead5053f7bdfec5fb017e01225c989e212da6b423e873f31d,positive_parity,17/25,1024,28,False,False,False,False,False,True,True,True,True,True,True
3929,03929.json,2e17087e6e29e7131bebf7c9247d1b974341b3289e5f3319adececeaef28f4e0,positive_parity,17/25,1024,29,False,False,False,False,False,True,True,True,True,True,True
3930,03930.json,358f63be6cc1295f9e76bd6f1524d840b410016da573ff746ba0436978a391ea,positive_parity,17/25,1024,30,False,False,False,False,False,True,True,True,True,True,True
3931,03931.json,c72ca0cc857ff45f8efbcc5523c8bc98b63967a15c56b3db2000ba9327df344e,positive_parity,17/25,1024,31,False,False,False,False,False,True,True,True,True,True,True
3932,03932.json,923f6cc021fdb7e152e81caca9c923022265e8a0f9e9d73b0a2194be9de20b8b,positive_parity,17/25,1024,32,False,False,False,False,False,True,True,True,True,True,True
3933,03933.json,b5514a7c3262f216e0dd49440e20abc43467fb51aa7a6196914e9064c4352cd3,positive_parity,17/25,1024,33,False,False,False,False,False,True,True,True,True,True,True
3934,03934.json,69a49963b6439364db5b15a491c806765ab70f05120cd38be9f39078ba13ce0c,positive_parity,17/25,1024,34,False,False,False,False,False,True,True,True,True,True,True
3935,03935.json,f0983a280e6b22028e9e4e4382df0dd7c6d4eeadf1e78af8904a7613589dd26b,positive_parity,17/25,1024,35,False,False,False,False,False,True,True,True,True,True,True
3936,03936.json,3c7430f6a2325a8bedc5bd0a381affcd6574a695c53e5aa731ab4d5cf6f7842d,positive_parity,17/25,1024,36,False,False,False,False,False,True,True,True,True,True,True
3937,03937.json,8f8311cd3428f4ca07bed09b8fb0a2bd08539a90fdd0d98e1b3df1ca0262741e,positive_parity,17/25,1024,37,False,False,False,False,False,True,True,True,True,True,True
3938,03938.json,0c375260e92e4f6f10c52d59b28778ea34a4b378f8d49902575b3cadad57ea24,positive_parity,17/25,1024,38,False,False,False,False,False,True,True,True,True,True,True
3939,03939.json,3ac9bbe452690ee88e9298fb129bcdecf35fddd785ec4f11121fd5673008969d,positive_parity,17/25,1024,39,False,False,False,False,False,True,True,True,True,True,True
3940,03940.json,a97caee89b85dd18170df0e5f3870be14df2000f2146831a6d019af18a17b5a7,positive_parity,17/25,1024,40,False,False,False,False,False,True,True,True,True,True,True
3941,03941.json,50c006566ddd567a0b7fcd9d36e44eeba9579e9755675abc203efc85d7c5f588,positive_parity,17/25,1024,41,False,False,False,False,False,True,True,True,True,True,True
3942,03942.json,b7b76c2595ecef0a2fd7c3561a9a5902ac7f7b4820299db8ec97041c87b5a54e,positive_parity,17/25,1024,42,False,False,False,False,False,True,True,True,True,True,True
3943,03943.json,4f1e8c36e19b741ad1a3e22de6e8977fc4603f64390e38f35e0fd39b6ea2c513,positive_parity,17/25,1024,43,False,False,False,False,False,True,True,True,True,True,True
3944,03944.json,b626ecfa58d68a6ed7f36e2eb91516774947f547b2afd2a655e2de122a09485b,positive_parity,17/25,1024,44,False,False,False,False,False,True,True,True,True,True,True
3945,03945.json,1b7e1db818db82f7abc7b0c2eadf20bb744007033340b4d5987d739fcaf73332,positive_parity,17/25,1024,45,False,False,False,False,False,True,True,True,True,True,True
3946,03946.json,d24e62bf1d47b839a91c60647b0d12592ae42a5ed4a1c287c2861d5d27951c15,positive_parity,17/25,1024,46,False,False,False,False,False,True,True,True,True,True,True
3947,03947.json,bc48f26dd8231a7a3cc1bbd0ccfb61da904c40369b43b054d1a8694c8b9f9400,positive_parity,17/25,1024,47,False,False,False,False,False,True,True,True,True,True,True
3948,03948.json,5ddaf133cddb84b72b88d6982a35b9502d8511a757a28774fce287cdcdb7eec5,positive_parity,17/25,1024,48,False,False,False,False,False,True,True,True,True,True,True
3949,03949.json,b1fafc97b2212d783e23718098534a3800b7b0d344a400e028d25687bd3e1bb6,positive_parity,17/25,1024,49,False,False,False,False,False,True,True,True,True,True,True
3950,03950.json,88a0b058edd6815efb00d8a343e75df71d926315cb092de8482c1523c4a44afd,positive_parity,17/25,1024,50,False,False,False,False,False,True,True,True,True,True,True
3951,03951.json,88e9a85d32b11510f1f925156f8f91574290da4d010ee32f1ef396d08e27bed7,positive_parity,17/25,1024,51,False,False,False,False,False,True,True,True,True,True,True
3952,03952.json,ed36265a9bf384bac6e2c9098366ef1c8ce5a2559a0e64185d94d4f90159553d,positive_parity,17/25,1024,52,False,False,False,False,False,True,True,True,True,True,True
3953,03953.json,e92e8358a709e43f53a1b555829a197fd31c49db03f7c7d317238d3412fe37e3,positive_parity,17/25,1024,53,False,False,False,False,False,True,True,True,True,True,True
3954,03954.json,1055aaa62b77a1dea80a23d01c6a8d01fd217c39cc25cb944143c2759e47dc22,positive_parity,17/25,1024,54,False,False,False,False,False,True,True,True,True,True,True
3955,03955.json,4ff4b282dadb3dba9b825cb2dfbfa2954ac624f258a1ecdae815c9f37b977424,positive_parity,17/25,1024,55,False,False,False,False,False,True,True,True,True,True,True
3956,03956.json,5d8a07d02101c6094ef768ab17c1fc45d1014e212d145fcbd060642b2daecad8,positive_parity,17/25,1024,56,False,False,False,False,False,True,True,True,True,True,True
3957,03957.json,a860960a52ba88e5ab1fff384cab8443ff6ebb95067eea00f997d206d485c5eb,positive_parity,17/25,1024,57,False,False,False,False,False,True,True,True,True,True,True
3958,03958.json,64c196755284f48022469877802a659fac2172ec23c3dfc97cdca72e4bda494e,positive_parity,17/25,1024,58,False,False,False,False,False,True,True,True,True,True,True
3959,03959.json,3ee0453ffd795c7849dd899f59c4e3e57aa97aed41f9c2cc85e3df539501fbe7,positive_parity,17/25,1024,59,False,False,False,False,False,True,True,True,True,True,True
3960,03960.json,248bdd45d07f007c6aaf0b23874a7187005f6838d6e08fa24a517f2a1be0c0d2,positive_parity,17/25,1024,60,False,False,False,False,False,True,True,True,True,True,True
3961,03961.json,4724c64b60606d61b43c8f31696dd2670727963762f3e80c04b2bdb3c242745a,positive_parity,17/25,1024,61,False,False,False,False,False,True,True,True,True,True,True
3962,03962.json,c73a6d089181b6c2069e33268661a83d1a682c8ab625c0aba7b11edcd71caeb2,positive_parity,17/25,1024,62,False,False,False,False,False,True,True,True,True,True,True
3963,03963.json,c444eef3702ee8a47c0323e74c56dd8ecbd9a72a352c70bfefc1909992b390ab,positive_parity,17/25,1024,63,False,False,False,False,False,True,True,True,True,True,True
3964,03964.json,80030a8c5105d86fcb5fdcc083db5bada91de8f8d19f920af8ec2c84afe68769,positive_parity,17/25,1024,64,False,False,False,False,False,True,True,True,True,True,True
3965,03965.json,3883078cc91500230cb100b483440d88d2884191f1d1bc9f71279ef48f657b72,positive_parity,17/25,1024,65,False,False,False,False,False,True,True,True,True,True,True
3966,03966.json,748cb5987183acf8c4c7ee069aea9126c8377aec39c3c7885bc2de84ade0127f,positive_parity,17/25,1024,66,False,False,False,False,False,True,True,True,True,True,True
3967,03967.json,02b2035c94e5292b44a80c4c02aa2a0c544fd325274fe4bb5dc9508ef9652f71,positive_parity,17/25,1024,67,False,False,False,False,False,True,True,True,True,True,True
3968,03968.json,786c874bfc6c63407401831650c430a0a82eacd4781f058d9f9c8f4a63aec7c1,positive_parity,17/25,1024,68,False,False,False,False,False,True,True,True,True,True,True
3969,03969.json,544f18225d64bfa2e1fd06685f07ce6effe534d87638fc5b450d94744f170b6f,positive_parity,17/25,1024,69,False,False,False,False,False,True,True,True,True,True,True
3970,03970.json,82236ffe3a0d063146dcceaeff550131cdcfabd117491c034006dfe70d29eeb7,positive_parity,17/25,1024,70,False,False,False,False,False,True,True,True,True,True,True
3971,03971.json,7b0d05c0780a181a136a4750176cd2dceb2c39f4b5eccd440253bc6f2f22845f,positive_parity,17/25,1024,71,False,False,False,False,False,True,True,True,True,True,True
3972,03972.json,93047d5b60b32553a00f5cbe5c569004ec73703de1ee1614531e3454841e49cd,positive_parity,17/25,1024,72,False,False,False,False,False,True,True,True,True,True,True
3973,03973.json,35e4518eb6b20dd388f45cd57536f0b2c19a373fda4875d9908240706e760789,positive_parity,17/25,1024,73,False,False,False,False,False,True,True,True,True,True,True
3974,03974.json,557687c73f727352b2375da978bc15a806cb99a7876b06cdca18977f98faeb59,positive_parity,17/25,1024,74,False,False,False,False,False,True,True,True,True,True,True
3975,03975.json,1f8b610fd89c1fba3cb04106cd70caac5eb3cf092b1d4e6a7423daf8569626be,positive_parity,17/25,1024,75,False,False,False,False,False,True,True,True,True,True,True
3976,03976.json,bd79ce217107a34ccf78c680660939c89b087c85db999b455a4bc84df4d2525c,positive_parity,17/25,1024,76,False,False,False,False,False,True,True,True,True,True,True
3977,03977.json,b67993c59856726304968450a2d9a4631f2c2e8968db04bbf2721bdcad55f677,positive_parity,17/25,1024,77,False,False,False,False,False,True,True,True,True,True,True
3978,03978.json,b51a129b11075e9f40d4df6475b221f2e8f85e00bafd0b2a5a164ab106fb3629,positive_parity,17/25,1024,78,False,False,False,False,False,True,True,True,True,True,True
3979,03979.json,c77c93f09aeafda98c1f2551337df8392eaba8674c20d35f21a2b44d18499c07,positive_parity,17/25,1024,79,False,False,False,False,False,True,True,True,True,True,True
3980,03980.json,81dec3d1378590f6f000a5246b3a4fb153a3199e6588d896ec8673a88950984a,positive_parity,17/25,1024,80,False,False,False,False,False,True,True,True,True,True,True
3981,03981.json,c1b17953b8f562f98a98566bc45d317b47aaf829f5628227db0de85478a3c0de,positive_parity,17/25,1024,81,False,False,False,False,False,True,True,True,True,True,True
3982,03982.json,e828296dee73f88d56b751ffdcdf3726472d030bcc053437e621a188b655a79d,positive_parity,17/25,1024,82,False,False,False,False,False,True,True,True,True,True,True
3983,03983.json,8404249969f6e7ec6123ae9860e9bc5d96d3251de19a56fce9538e84fe740d09,positive_parity,17/25,1024,83,False,False,False,False,False,True,True,True,True,True,True
3984,03984.json,4ed04fdf14f9053460dd551a19e8d1011b1c9f1a3c89863a2ce68680b28c9899,positive_parity,17/25,1024,84,False,False,False,False,False,True,True,True,True,True,True
3985,03985.json,5781cec998c07bda2de1466dfef92ab7907814ed48756e1eafc452e77b0a3c1a,positive_parity,17/25,1024,85,False,False,False,False,False,True,True,True,True,True,True
3986,03986.json,5383a880b8ada29f676b45cb4b6b605033a383e139f0c2f78f0477345d655ca3,positive_parity,17/25,1024,86,False,False,False,False,False,True,True,True,True,True,True
3987,03987.json,6cf193d8eac3ce5567eae8cec042412973ae8f71e106134e2cf2bb79d7cfedeb,positive_parity,17/25,1024,87,False,False,False,False,False,True,True,True,True,True,True
3988,03988.json,ad138a6992f2c039e6ac65984e4b5f0971a7266b4db686652f4c0db96b683857,positive_parity,17/25,1024,88,False,False,False,False,False,True,True,True,True,True,True
3989,03989.json,e162f21b6a50360a7a6d3bf527061af92830738b35eb4cc70f6bab2bcf83eb59,positive_parity,17/25,1024,89,False,False,False,False,False,True,True,True,True,True,True
3990,03990.json,326daba4fdfaf6e50728b9ed2a964ac8c444cf8dc5516cdb438c535fec7a1c77,positive_parity,17/25,1024,90,False,False,False,False,False,True,True,True,True,True,True
3991,03991.json,18bb2715c015874765c408f002b836f155620bb3b0d3c9afa94b3d30a248eb76,positive_parity,17/25,1024,91,False,False,False,False,False,True,True,True,True,True,True
3992,03992.json,0d7593cda1cf4228fa8ed3f123848ecd37cc5b6549e7f64049070cec33114576,positive_parity,17/25,1024,92,False,False,False,False,False,True,True,True,True,True,True
3993,03993.json,d59a24557f4f42864fe4f09801e0f79a941db370eadcb9409cf07d197cdc61ec,positive_parity,17/25,1024,93,False,False,False,False,False,True,True,True,True,True,True
3994,03994.json,996b1ce3fbb51c86a5aab4d1c592f3707409fa3ac6d7f8de8d401ad2c371fb1d,positive_parity,17/25,1024,94,False,False,False,False,False,True,True,True,True,True,True
3995,03995.json,e584626eb1a602907a6f34e68be6201f6cfad693fb9e5e335f9158e1ccc8ae47,positive_parity,17/25,1024,95,False,False,False,False,False,True,True,True,True,True,True
3996,03996.json,506f32ea69b7a139c8dec18e01cd5b07e5e8b262f1cb482ad343d09a215ab727,positive_parity,17/25,1024,96,False,False,False,False,False,True,True,True,True,True,True
3997,03997.json,b22f69c8dea84abab7a1e059b0a03cde5e30b42b34f851e4a6caf4122cca02f3,positive_parity,17/25,1024,97,False,False,False,False,False,True,True,True,True,True,True
3998,03998.json,67e189bc823e504e9a0e9e08fac0bf0a9895b91c886b232d0e5fa0e086732af7,positive_parity,17/25,1024,98,False,False,False,False,False,True,True,True,True,True,True
3999,03999.json,9555a8b3bab9a7f39034788e2fab566c82e0b928d1978ef1fec6aa19025b9284,positive_parity,17/25,1024,99,False,False,False,False,False,True,True,True,True,True,True
4000,04000.json,067f1387bfd39d481efcf7978672edf7f3e256ee006c4fde7f0ccbd854698f06,positive_parity,17/25,4096,0,False,False,False,True,True,True,True,True,True,True,True
4001,04001.json,cdad49e10444b68691df3107c7a8a42a17e691d6a2d2d5d2f5eace1adf82146e,positive_parity,17/25,4096,1,False,False,False,True,True,True,True,True,True,True,True
4002,04002.json,2cf5dc506e97e682e42f0d4e5c6422a37f8fef8396cb410f9032eaa0b378fe70,positive_parity,17/25,4096,2,False,False,False,True,True,True,True,True,True,True,True
4003,04003.json,c6cf741aa2d4da24720f5a110c24663ca2383e6b87c5b5fe94d2d9969538e77f,positive_parity,17/25,4096,3,False,False,False,True,True,True,True,True,True,True,True
4004,04004.json,ac7248c189453a75b90aed7948a8631f18c5bb49f6b5887d721bd404da2919f6,positive_parity,17/25,4096,4,False,False,False,True,True,True,True,True,True,True,True
4005,04005.json,12f49beb42ff043e2525dc15cc496c7a6a45c7fcee517f971857561f9a8a2137,positive_parity,17/25,4096,5,False,False,False,True,True,True,True,True,True,True,True
4006,04006.json,c7bfd8f979c1e2a0bae7c7ab9a7095dfb8cc842271aaafe613c5c3487f399422,positive_parity,17/25,4096,6,False,False,False,True,True,True,True,True,True,True,True
4007,04007.json,b2407080c5b592670b8abdc9c31d0d8ba0516ee0552ea8a973feb336c41729cb,positive_parity,17/25,4096,7,False,False,False,True,True,True,True,True,True,True,True
4008,04008.json,504b97a5bd6066d1f31ac1170c00fdbe887f35264a0e1fac74994f127abadd87,positive_parity,17/25,4096,8,False,False,False,True,True,True,True,True,True,True,True
4009,04009.json,369ac2766634def1d5c73aa75a3b94aab2c28ced4e325e2411465676870a5a56,positive_parity,17/25,4096,9,False,False,False,True,True,True,True,True,True,True,True
4010,04010.json,95a79ed2edbe3a15af377d66f09e4da918ef83b54c0f6b0a477dbccea1810d70,positive_parity,17/25,4096,10,False,False,False,True,True,True,True,True,True,True,True
4011,04011.json,733fd90485b7194cc01e35a2792dcbe8706b135b607985fa4b916a6e8e415ecf,positive_parity,17/25,4096,11,False,False,False,True,True,True,True,True,True,True,True
4012,04012.json,4462b5e8a3dd08dc83517aa16773e8f99ba2ef652f8a3836d04d251eab46feea,positive_parity,17/25,4096,12,False,False,False,True,True,True,True,True,True,True,True
4013,04013.json,fa0b178ce672a101167d051313171339afc250a00a206651adc8be08c5eb215f,positive_parity,17/25,4096,13,False,False,False,True,True,True,True,True,True,True,True
4014,04014.json,c5f6eaffebefcef42a504df1062bcd6bf147af005a9128ab1815e52f0526bd62,positive_parity,17/25,4096,14,False,False,False,True,True,True,True,True,True,True,True
4015,04015.json,0ca1370df53b614b7d35c3e30d0acc9237acff86c4420bd42ec21e56c7fc6c61,positive_parity,17/25,4096,15,False,False,False,True,True,True,True,True,True,True,True
4016,04016.json,f41c9155e4c69ec4576b0467bb5708592d2353b3358336b2cdee01810be60ada,positive_parity,17/25,4096,16,False,False,False,True,True,True,True,True,True,True,True
4017,04017.json,e2dc49718604d59c770ae64363ac5f76370c7be312343d8492c84f3a57aaff74,positive_parity,17/25,4096,17,False,False,False,True,True,True,True,True,True,True,True
4018,04018.json,58d9267783882f1acf70769bc090a2c1fbd478e4820863319d2377ad60b6c10e,positive_parity,17/25,4096,18,False,False,False,True,True,True,True,True,True,True,True
4019,04019.json,9a5f2c3d5b5292c6c80e02fa9f81be92acb657b972225fdb54db11a1708fd34a,positive_parity,17/25,4096,19,False,False,False,True,True,True,True,True,True,True,True
4020,04020.json,4df805cdae06b2c20b21642e5a839173e44537fc76533a6c05aa93e19b80b43f,positive_parity,17/25,4096,20,False,False,False,True,True,True,True,True,True,True,True
4021,04021.json,39c33cf4fc6c27f72390d6881acd320bbd8a506bb4bc8c92e9135c088b2f14dd,positive_parity,17/25,4096,21,False,False,False,True,True,True,True,True,True,True,True
4022,04022.json,a2ef8ac8f2b16af30a5c1291439ad0e05a4c689b099b0426ae8c4ead90cd5cb6,positive_parity,17/25,4096,22,False,False,False,True,True,True,True,True,True,True,True
4023,04023.json,1e2a7c103217a08a2e8486e6c61f133070b0e1349c3ef71d705e804d274c0995,positive_parity,17/25,4096,23,False,False,False,True,True,True,True,True,True,True,True
4024,04024.json,7d489c4114ee046769521fe5943c7e6559c5fab3d5fc43d129bda3d09e5f3988,positive_parity,17/25,4096,24,False,False,False,True,True,True,True,True,True,True,True
4025,04025.json,1f3244f5a55196a3ce69d9affe09c82543bc8b3fe7a42ad6e2327cdddaef2e9b,positive_parity,17/25,4096,25,False,False,False,True,True,True,True,True,True,True,True
4026,04026.json,d6d63893834bd4cc7f46e7c0e222400cc7f1fd44c979a27cd876da19276e3a3e,positive_parity,17/25,4096,26,False,False,False,True,True,True,True,True,True,True,True
4027,04027.json,d8884747df292b9f5ee49d7083acdf81a251ffaa41967d38fabef57549fab2be,positive_parity,17/25,4096,27,False,False,False,True,True,True,True,True,True,True,True
4028,04028.json,8c0f8f0422fa988ec705b0824f2828521e7a015af9f2ce91d4e0435867154056,positive_parity,17/25,4096,28,False,False,False,True,True,True,True,True,True,True,True
4029,04029.json,cf44464c80dcdc7e0f79836cf8d5f9a0794064d2c9a991ee002955bd7357850a,positive_parity,17/25,4096,29,False,False,False,True,True,True,True,True,True,True,True
4030,04030.json,7292cd59616c2b5898a01db7f425401dd6829e09e4c4c99b49cbad938d75871c,positive_parity,17/25,4096,30,False,False,False,True,True,True,True,True,True,True,True
4031,04031.json,ba0be544bde6028720da92499a71c9ffda83dcf9b1c841efa51fa029625462a5,positive_parity,17/25,4096,31,False,False,False,True,True,True,True,True,True,True,True
4032,04032.json,919f2a356355545922cdf444c9a06b46083a177d49ca754ea7ce91f205780bf9,positive_parity,17/25,4096,32,False,False,False,True,True,True,True,True,True,True,True
4033,04033.json,f674e2a3ec8521958875b2c50cbf7ccc67f1580af2d8236eaf627ea6a878b984,positive_parity,17/25,4096,33,False,False,False,True,True,True,True,True,True,True,True
4034,04034.json,755878469dcf6d860ee4382219657b4dec9b7918cd5a99a485243d83852f39fa,positive_parity,17/25,4096,34,False,False,False,True,True,True,True,True,True,True,True
4035,04035.json,65a46d964b3889a36ee4beca86195bdc4d4ca4467f5fd6752726588050c04525,positive_parity,17/25,4096,35,False,False,False,True,True,True,True,True,True,True,True
4036,04036.json,e50efaab1de58d9a2628662b1bc16abd67f6a93b7406a4df0fb47784248035fb,positive_parity,17/25,4096,36,False,False,False,True,True,True,True,True,True,True,True
4037,04037.json,4d3100aa6bf413fb601de78a2d19cd7f8509721cf7b3fc311f6ea71d8b87d8c5,positive_parity,17/25,4096,37,False,False,False,True,True,True,True,True,True,True,True
4038,04038.json,ef6604d297727cb1b0d64472c351524c2ab82703f39c288bca00fb938a4be14d,positive_parity,17/25,4096,38,False,False,False,True,True,True,True,True,True,True,True
4039,04039.json,092fab68fac5f126351fba487caa201c9b55c392eaa21e4ef015f6ebf61fe6e9,positive_parity,17/25,4096,39,False,False,False,True,True,True,True,True,True,True,True
4040,04040.json,34cacf06f64c8548a09a7d9589158dcf308f9f6d8acc21a408ba84fe02fa6cc2,positive_parity,17/25,4096,40,False,False,False,True,True,True,True,True,True,True,True
4041,04041.json,911d764048fee173a69a7c3de5608ec8356221544f7915450336cb970e68b68a,positive_parity,17/25,4096,41,False,False,False,True,True,True,True,True,True,True,True
4042,04042.json,f61d86e16492f4e5b58365c2852473bc5ec81a652f309a8af0468704d9316f5f,positive_parity,17/25,4096,42,False,False,False,True,True,True,True,True,True,True,True
4043,04043.json,3c35ea9d0266597ff5d2b269ef5123128fbe2ee8fdd27f6231f56dc67a657773,positive_parity,17/25,4096,43,False,False,False,True,True,True,True,True,True,True,True
4044,04044.json,b4368f8fd8cc7011ced86f580add5f2606122f1ba68c0d7d9d35afadf37e0cf2,positive_parity,17/25,4096,44,False,False,False,True,True,True,True,True,True,True,True
4045,04045.json,25078dfdad2cb24a46f9ab67d27f595e7b556a5e6510ba44494c06eddfede774,positive_parity,17/25,4096,45,False,False,False,True,True,True,True,True,True,True,True
4046,04046.json,c0525d9de2920cb08ff8f3d3a6b12931310fa86f4c6dc9920e8af115e2a807d4,positive_parity,17/25,4096,46,False,False,False,True,True,True,True,True,True,True,True
4047,04047.json,6b5977b1420cd5c8ad8250eba57209889d3c346033b1cc1988e3d3e4a93f5b14,positive_parity,17/25,4096,47,False,False,False,True,True,True,True,True,True,True,True
4048,04048.json,13da0fb21ff9a8fecb51b848cc5e96e518a9b1a65d4869a637e34702dd23e9c6,positive_parity,17/25,4096,48,False,False,False,True,True,True,True,True,True,True,True
4049,04049.json,4e6c46e0424c83520daae8d105f9a020c57d7b6dc76a614ca5345e31d521c582,positive_parity,17/25,4096,49,False,False,False,True,True,True,True,True,True,True,True
4050,04050.json,992c3b2b770f8af9de3fb5516c4fca977295f8d4c91c46c5fc4158e9e9c433bf,positive_parity,17/25,4096,50,False,False,False,True,True,True,True,True,True,True,True
4051,04051.json,7904dbe0b3eb5b4de239f14e4ab097ac6be08a111132e0cbd5f0a3a9feb06cd8,positive_parity,17/25,4096,51,False,False,False,True,True,True,True,True,True,True,True
4052,04052.json,dac78a1900168224478cfb3b8f47e17de5924cafef911c802c37d970b509b74f,positive_parity,17/25,4096,52,False,False,False,True,True,True,True,True,True,True,True
4053,04053.json,47e43c7da380b5ab4bc3e6fd4847e10c1caa5d25f66c8be7314ce0f38a3b3d32,positive_parity,17/25,4096,53,False,False,False,True,True,True,True,True,True,True,True
4054,04054.json,99a0892adcf91d9f185b50933beed08e1d1841827443e43d44716a980cd657de,positive_parity,17/25,4096,54,False,False,False,True,True,True,True,True,True,True,True
4055,04055.json,fdc031b0f463afbb512fcfcd810df2ef80ef96393c4f167be13838dd38c68d42,positive_parity,17/25,4096,55,False,False,False,True,True,True,True,True,True,True,True
4056,04056.json,fb0f739ce11f64dfa40caa3ae87861e4341cb0120a8795be03c5baaa49ad7810,positive_parity,17/25,4096,56,False,False,False,True,True,True,True,True,True,True,True
4057,04057.json,2fdb951410434d81d7d8a393f9bdbc7324527d664f232276aeea219c60a15301,positive_parity,17/25,4096,57,False,False,False,True,True,True,True,True,True,True,True
4058,04058.json,e48ce4687c0d9941242bff6375f1613aff1d3383d36a2fbc65e16b7b29b64d98,positive_parity,17/25,4096,58,False,False,False,True,True,True,True,True,True,True,True
4059,04059.json,271c51a2fb537036cff4ec02e958661fe5d8f7b1ea80a3ef4e538161e8d8b917,positive_parity,17/25,4096,59,False,False,False,True,True,True,True,True,True,True,True
4060,04060.json,0844542655526f152471e3e40626a4eda9093df15908e2a1ada4cb58bcb39d25,positive_parity,17/25,4096,60,False,False,False,True,True,True,True,True,True,True,True
4061,04061.json,8acf2db2d4899ae21451c680e58b3c8f3ae47b2f85997fcc8ac5d2f2deef14f9,positive_parity,17/25,4096,61,False,False,False,True,True,True,True,True,True,True,True
4062,04062.json,7030914a036ec4c3e73f9625a547c786021bd48a87c7c82b0ab7d2e923d4e1fa,positive_parity,17/25,4096,62,False,False,False,True,True,True,True,True,True,True,True
4063,04063.json,9c2fa2eb24aee01d54547ef235500044641051a9c272fe9122b62037511ece75,positive_parity,17/25,4096,63,False,False,False,True,True,True,True,True,True,True,True
4064,04064.json,997f160cc3e0b4616c05ea152d1fc2696e2ed8508370c173487d6ddea46d42d2,positive_parity,17/25,4096,64,False,False,False,True,True,True,True,True,True,True,True
4065,04065.json,11a7eb383b4b4aec26d1b890650118ee1801f6e6123177a58391b6fb65b3db75,positive_parity,17/25,4096,65,False,False,False,True,True,True,True,True,True,True,True
4066,04066.json,8361b04c7e16dedea8ea6c49a6ca83596b79a968f4136b89d00dd56bf352e546,positive_parity,17/25,4096,66,False,False,False,True,True,True,True,True,True,True,True
4067,04067.json,c9fc0aeddfcdf3cf60d5a87b34bfa22a3f505ba99d41ff9c9ae9c27d19e9703a,positive_parity,17/25,4096,67,False,False,False,True,True,True,True,True,True,True,True
4068,04068.json,140c072094e9da1266a499005d020de7c0206971bdff8f26dfe1f1fc5d216f42,positive_parity,17/25,4096,68,False,False,False,True,True,True,True,True,True,True,True
4069,04069.json,e5441f5c1d9c86e7d54937558c05e8facb607787f3cf5253888f33eb094576c9,positive_parity,17/25,4096,69,False,False,False,True,True,True,True,True,True,True,True
4070,04070.json,ab8d0fafb446284b08fd63423112acd9c36e934b6db866899ec572e6614b5b59,positive_parity,17/25,4096,70,False,False,False,True,True,True,True,True,True,True,True
4071,04071.json,997e133261b0ed0fa058ed09cfa3eed7ea58345934e7aa9f73561d5d002ab428,positive_parity,17/25,4096,71,False,False,False,True,True,True,True,True,True,True,True
4072,04072.json,0313e6855719d50ed90dd097927c69bb089fbfbfc423528538945dbe8d98f621,positive_parity,17/25,4096,72,False,False,False,True,True,True,True,True,True,True,True
4073,04073.json,d708f5aa97b7d76ceddb3ec5e7d24c4e9c2887aa2a06cfddf4ee32f73bbbaf0b,positive_parity,17/25,4096,73,False,False,False,True,True,True,True,True,True,True,True
4074,04074.json,9c1cdb9ff395dcbaf7208463db46ddeae3e46e3a649cf171bf8937751fbef84f,positive_parity,17/25,4096,74,False,False,False,True,True,True,True,True,True,True,True
4075,04075.json,6a2b5377279b1d6f3ecd3e0cbe5fb15f59403acc7dbd27a103389241d6a17cb9,positive_parity,17/25,4096,75,False,False,False,True,True,True,True,True,True,True,True
4076,04076.json,ff60b3124f1ba5c56ec44c82b364644edf326ef8d63621c82b5595095987afe6,positive_parity,17/25,4096,76,False,False,False,True,True,True,True,True,True,True,True
4077,04077.json,b01bd434c67859af6a7174624389c359b5cc09768dbac724fbe57e9c4906ca55,positive_parity,17/25,4096,77,False,False,False,True,True,True,True,True,True,True,True
4078,04078.json,0f28a5c9d1923331afb80725b19afb434586c3dfb3a72a8353c2ce99532618d4,positive_parity,17/25,4096,78,False,False,False,True,True,True,True,True,True,True,True
4079,04079.json,e93ac501086f1fcdff6803361018e01389f69be9dce1a5ca084c2c87a0356353,positive_parity,17/25,4096,79,False,False,False,True,True,True,True,True,True,True,True
4080,04080.json,7c6ba61562d64302c0484bbc48721a80d0b10992a59c5ab4d59ed7337716fa3f,positive_parity,17/25,4096,80,False,False,False,True,True,True,True,True,True,True,True
4081,04081.json,b77cb016b560496d95caf1c871f9e60bc70fb8dc4d60104a12253dca89d95a06,positive_parity,17/25,4096,81,False,False,False,True,True,True,True,True,True,True,True
4082,04082.json,88c4b48313f60f54f5af0c7905e9ff3993e0ab1480825131edfa359d312f541a,positive_parity,17/25,4096,82,False,False,False,True,True,True,True,True,True,True,True
4083,04083.json,5c3804302cbe03f0d95c68a8ed706f89f05c425d15aa6aa6ccb4b6e06d0abb1d,positive_parity,17/25,4096,83,False,False,False,True,True,True,True,True,True,True,True
4084,04084.json,34d1feaaf20edee8f40d058512ac17b2660712ec7fb638051d1ac77367caff99,positive_parity,17/25,4096,84,False,False,False,True,True,True,True,True,True,True,True
4085,04085.json,727c9ef36dd3ba4cf573cc66512e4e1a6bfa0e511eaf9de95f28dfac53707513,positive_parity,17/25,4096,85,False,False,False,True,True,True,True,True,True,True,True
4086,04086.json,9cedc7217153745120fb7138670d9bcd354e3453e2bf883b3b747cf82441d57d,positive_parity,17/25,4096,86,False,False,False,True,True,True,True,True,True,True,True
4087,04087.json,5dbfba8b57b2c0c60f5884d6ba28d0fcd9d632b3a7cd0c9dd7384d19769826b9,positive_parity,17/25,4096,87,False,False,False,True,True,True,True,True,True,True,True
4088,04088.json,1967b05eb4af75bd69f9dad576e8f90588538d5eac644c1456446c12c804b066,positive_parity,17/25,4096,88,False,False,False,True,True,True,True,True,True,True,True
4089,04089.json,67c39c98d20678dd36402d01886327950fd4a7d203b91921b3586f0226e210a7,positive_parity,17/25,4096,89,False,False,False,True,True,True,True,True,True,True,True
4090,04090.json,fb53e11770eaec75377cd75d03cbf9b922322b5c01fe6b7a16ba09fdcecdb384,positive_parity,17/25,4096,90,False,False,False,True,True,True,True,True,True,True,True
4091,04091.json,4b7d3b0ea2ed916a5b0a90ac3bb7d0f4993427d1e0e70184bcbfb1ab3a9a0037,positive_parity,17/25,4096,91,False,False,False,True,True,True,True,True,True,True,True
4092,04092.json,f651732da706bb71977ecb7b088f0502bc5c942bf9afa75e7896badd10a5acde,positive_parity,17/25,4096,92,False,False,False,True,True,True,True,True,True,True,True
4093,04093.json,2ad9b9e63e4ea771b154b3aae810d2246d228cfffb38b0f316eb9703ce939270,positive_parity,17/25,4096,93,False,False,False,True,True,True,True,True,True,True,True
4094,04094.json,7caab8605f75880b4424fae6afc5def9f8b7ea4cbdaa667f0f6d9a51fd2c39b3,positive_parity,17/25,4096,94,False,False,False,True,True,True,True,True,True,True,True
4095,04095.json,203b0f5536092ecd463d8b605f5c50c7a4d8a2420cebe519ce4c034a5e93f313,positive_parity,17/25,4096,95,False,False,False,True,True,True,True,True,True,True,True
4096,04096.json,c9cc3c51f6a3d597b9a583a059a9d78e5b1843cb45fe916893b794fd3649e6d3,positive_parity,17/25,4096,96,False,False,False,True,True,True,True,True,True,True,True
4097,04097.json,5d4c35bf0f58a74f078a83cf1a904a2766423370c1c0daaed335cb3574181f8d,positive_parity,17/25,4096,97,False,False,False,True,True,True,True,True,True,True,True
4098,04098.json,824c33af951ccd34a564d9283527bfe1da63b2ebd3be3e2677539a5666c9c5fe,positive_parity,17/25,4096,98,False,False,False,True,True,True,True,True,True,True,True
4099,04099.json,ee9794ab2b55f0b8648aaa153b6c683f407e83c973ace4ab6e1b60fb308d47a8,positive_parity,17/25,4096,99,False,False,False,True,True,True,True,True,True,True,True
4100,04100.json,8b5e67542ce5e6cf559ed496ea914649b0b9fb5a66b3e4721abdf299e904e846,positive_parity,17/25,8192,0,False,False,False,True,True,True,True,True,True,True,True
4101,04101.json,6604e26a17f5104fa706971b6f2e701f8694d8e386fa03da708946685f747687,positive_parity,17/25,8192,1,False,False,False,True,True,True,True,True,True,True,True
4102,04102.json,e7f74c9a6d78ec8ab8919f01acf14d48738856091004b9bad55f67fbb9c4fd2b,positive_parity,17/25,8192,2,False,False,False,True,True,True,True,True,True,True,True
4103,04103.json,7baab7bce474a107ca8f0a4af30ccbca387c89e9efb93f46f5a7d48e908b0b19,positive_parity,17/25,8192,3,False,False,False,True,True,True,True,True,True,True,True
4104,04104.json,cb70692783ea6b533f2cdc243bf972bc0b77f60544846c4b2d34f71aab844486,positive_parity,17/25,8192,4,False,False,False,True,True,True,True,True,True,True,True
4105,04105.json,30aa15a5e7013615919184ae0be86f198e7f9c89ebd0ac79531e515199b87da1,positive_parity,17/25,8192,5,False,False,False,True,True,True,True,True,True,True,True
4106,04106.json,c5f06bdc4d60e39864d96eed9a01803381845d048e6ebada16eb9939c7d33e51,positive_parity,17/25,8192,6,False,False,False,True,True,True,True,True,True,True,True
4107,04107.json,c6ff603f1237c7a7195f1142e6c77ab4045316a71c85dea52d80aa025c679b9d,positive_parity,17/25,8192,7,False,False,False,True,True,True,True,True,True,True,True
4108,04108.json,baa81efa7f84cd585b1aba6a0410a2c4c4f3de82a43367bec1f165dc39d95e24,positive_parity,17/25,8192,8,False,False,False,True,True,True,True,True,True,True,True
4109,04109.json,3b66d36f8e873b41e47a25af8fe229e9bd244eac29b19391351a8620593c6890,positive_parity,17/25,8192,9,False,False,False,True,True,True,True,True,True,True,True
4110,04110.json,7b775e84d81814e95610a3bea7f6c117b66e546ea4f6a3a7e886fd69a7d5c980,positive_parity,17/25,8192,10,False,False,False,True,True,True,True,True,True,True,True
4111,04111.json,3aa0334046a48f8bbe675d8ecbb3700adc49390d686c88a09f50ff976bf6633a,positive_parity,17/25,8192,11,False,False,False,True,True,True,True,True,True,True,True
4112,04112.json,40f9f5badc1204eabeb1e7a87df6192582f1ca1d7bf6d6c8560736a5e6851ab4,positive_parity,17/25,8192,12,False,False,False,True,True,True,True,True,True,True,True
4113,04113.json,aaad2d4d34ee05cfc1c0f7423d98b971460ff7868eff0aceed4fbb879f08a6b8,positive_parity,17/25,8192,13,False,False,False,True,True,True,True,True,True,True,True
4114,04114.json,759690584c80db8dfee2ca3c77f12b18119b2ddaa80e287e4b1c783924d9dbbd,positive_parity,17/25,8192,14,False,False,False,True,True,True,True,True,True,True,True
4115,04115.json,138f3b7f250b06f80972a254ca83591d9f5f72166eb6b00d0d31a71d4f82f9f7,positive_parity,17/25,8192,15,False,False,False,True,True,True,True,True,True,True,True
4116,04116.json,cf2bbb40079e86dc1eff467057baa3a18c99f171007da190f899ad3644869174,positive_parity,17/25,8192,16,False,False,False,True,True,True,True,True,True,True,True
4117,04117.json,0b6aef9644111e414296b8b3f9612836bff814afca7439f08124bf9363dba6bc,positive_parity,17/25,8192,17,False,False,False,True,True,True,True,True,True,True,True
4118,04118.json,ba59b2462683cc2cab478f6cc2fdf132f15b7fca65ca701abeb0e1ae42b637a3,positive_parity,17/25,8192,18,False,False,False,True,True,True,True,True,True,True,True
4119,04119.json,eeea5084df3b2cbd99b0373176108e9099155ac03815a477c77ee326e21a5e6d,positive_parity,17/25,8192,19,False,False,False,True,True,True,True,True,True,True,True
4120,04120.json,e4321eadfdbfaf367a0da70efc92db6889af7acdb80460f21b00bf1bf0d79cc4,positive_parity,17/25,8192,20,False,False,False,True,True,True,True,True,True,True,True
4121,04121.json,e442d8bb84e582a99ff26e79af32de3539b8a68b35cd13a2204abca140776af0,positive_parity,17/25,8192,21,False,False,False,True,True,True,True,True,True,True,True
4122,04122.json,acafd37cef269cd103c58c70bf53401873c5203ad4526905741a3789dddee99c,positive_parity,17/25,8192,22,False,False,False,True,True,True,True,True,True,True,True
4123,04123.json,95ff95f2dab1d3bc626665ac88c05cb55e1bb4a42c0d1fe3845d68622b833ba6,positive_parity,17/25,8192,23,False,False,False,True,True,True,True,True,True,True,True
4124,04124.json,dca7393e86aa92917b417882ac331a8c011de7abf3f07eeca5951d1a66e18b80,positive_parity,17/25,8192,24,False,False,False,True,True,True,True,True,True,True,True
4125,04125.json,ec422a8fe1c128fcbbf88f3ece73837efb35f70e5e7c8c36948d1d3e2c8f9f17,positive_parity,17/25,8192,25,False,False,False,True,True,True,True,True,True,True,True
4126,04126.json,43ead026ef51dbc2cb9ad8df658d4ebb0b6b3090cf2adfa3ed15c8fcd02dab6a,positive_parity,17/25,8192,26,False,False,False,True,True,True,True,True,True,True,True
4127,04127.json,63d2982102e1ae2db5af0b778b268016c325832df097aa6d0a384461045073de,positive_parity,17/25,8192,27,False,False,False,True,True,True,True,True,True,True,True
4128,04128.json,0c9897509ff9a147d51a4833d33b1176ac3b6d5beadf6718a0fa1ee9acae46fb,positive_parity,17/25,8192,28,False,False,False,True,True,True,True,True,True,True,True
4129,04129.json,0626335c06166d07d9e2350c867660acfbf30e38e4ac4cb4cab6777e024a35ad,positive_parity,17/25,8192,29,False,False,False,True,True,True,True,True,True,True,True
4130,04130.json,dbd3200bede592dce637a599dc7b6b1622a8904e09b11f03b71e26e2bc3b576d,positive_parity,17/25,8192,30,False,False,False,True,True,True,True,True,True,True,True
4131,04131.json,78e03ceaaa7c886073dab348cdccd13f8fc3433ea780ae3cbb5dbf7e79a927c8,positive_parity,17/25,8192,31,False,False,False,True,True,True,True,True,True,True,True
4132,04132.json,fda6b51f9f01a24b7f1eba1117e9be728d74614d9dd90f7546ec33f968b5f4ea,positive_parity,17/25,8192,32,False,False,False,True,True,True,True,True,True,True,True
4133,04133.json,6159e6bf886b9dd44fb8066a09407ad4b7a914a777fc1ea4dee859f6d80f1f01,positive_parity,17/25,8192,33,False,False,False,True,True,True,True,True,True,True,True
4134,04134.json,2dc55ebc6c95768571c4cd3a1aa460fc838b99da1413097e0bc97c89b295acf0,positive_parity,17/25,8192,34,False,False,False,True,True,True,True,True,True,True,True
4135,04135.json,08912d0395f2768ddd7d098845b02432ac39c5c6cd19a95db5b6c9b70dc7fd26,positive_parity,17/25,8192,35,False,False,False,True,True,True,True,True,True,True,True
4136,04136.json,34cc10b3d9c8f40dd6751eae0fc423d08b254d5363e708f903eaed4dea54f4f9,positive_parity,17/25,8192,36,False,False,False,True,True,True,True,True,True,True,True
4137,04137.json,06fa3cad6b12c82e368719c19e3149df22d9dd1e002132b1f8af2c749e6f48cc,positive_parity,17/25,8192,37,False,False,False,True,True,True,True,True,True,True,True
4138,04138.json,c41b7c98e889c984375dca5cc45622d5fa2e441ce83539920cdccefa57839349,positive_parity,17/25,8192,38,False,False,False,True,True,True,True,True,True,True,True
4139,04139.json,2bc0ddf3f4838df0e052f608468a9a172568a1149183d2d025b5e4c5fef9303b,positive_parity,17/25,8192,39,False,False,False,True,True,True,True,True,True,True,True
4140,04140.json,abe7b66fe2d3990d8adcb339cff4f7e74e7213f44a7aa952f6bb019afe7c808f,positive_parity,17/25,8192,40,False,False,False,True,True,True,True,True,True,True,True
4141,04141.json,8330a2e53ec771e9003b414b9fce08d095669ed8a0b0b627d1e07a4927900327,positive_parity,17/25,8192,41,False,False,False,True,True,True,True,True,True,True,True
4142,04142.json,a4853f3cb2631cf5d0ce497d5ab7af19634d0d5ad45d9dc643eaa3e5d7a417f1,positive_parity,17/25,8192,42,False,False,False,True,True,True,True,True,True,True,True
4143,04143.json,713b37dd846d17bdb957b48bb2f213cf0b37a05de70535bff44139a44a4f5047,positive_parity,17/25,8192,43,False,False,False,True,True,True,True,True,True,True,True
4144,04144.json,6c05847f04a18955ebb77dd99aad19e655e10dd56ac713d43a93a83ed53f99cf,positive_parity,17/25,8192,44,False,False,False,True,True,True,True,True,True,True,True
4145,04145.json,2c65e06a228bd0012c1ddd72c66955daf8d9f7b04d426dd3964d764e0641fb49,positive_parity,17/25,8192,45,False,False,False,True,True,True,True,True,True,True,True
4146,04146.json,8cd5a5ed6057d0988f00136c4ef24e1745ef57257360aa142968ffe52f9db2f4,positive_parity,17/25,8192,46,False,False,False,True,True,True,True,True,True,True,True
4147,04147.json,f6f27534995c30da339f943fd765c95f92924d36a272f77f7b864da8c9a769d1,positive_parity,17/25,8192,47,False,False,False,True,True,True,True,True,True,True,True
4148,04148.json,01fb3463bce8c7aa5f7735e7b81e8d3487c42ac19927b875eaf884de2e2ae272,positive_parity,17/25,8192,48,False,False,False,True,True,True,True,True,True,True,True
4149,04149.json,de202fc6a2ff235d38aac9c0f131697ec3e980751337659cb1d5d0c012809708,positive_parity,17/25,8192,49,False,False,False,True,True,True,True,True,True,True,True
4150,04150.json,bdf1b0e5bcf58624ac888829dd41648dcf2f24ae571f752538ac6113acedf21a,positive_parity,17/25,8192,50,False,False,False,True,True,True,True,True,True,True,True
4151,04151.json,e66c31a4054d4f5153051e66109a380c826afb8d178bf9af5e58663cd88004d6,positive_parity,17/25,8192,51,False,False,False,True,True,True,True,True,True,True,True
4152,04152.json,41ed9a7496a9d408d8bfa15a0e2a809220e8fbcca35b76819f10edc6cdf3aea7,positive_parity,17/25,8192,52,False,False,False,True,True,True,True,True,True,True,True
4153,04153.json,58b4de43c89ba0773e35aebb1ced19138fe8da6c57f5eb26c38194a24d30dccb,positive_parity,17/25,8192,53,False,False,False,True,True,True,True,True,True,True,True
4154,04154.json,cf6b9741a1d6a38019a6607f3deda06891ca9e1a8d6cf203c4f0d8c08a28c0ae,positive_parity,17/25,8192,54,False,False,False,True,True,True,True,True,True,True,True
4155,04155.json,975441c2d85a483488455173eab0220f0cbd9d577a7430dda953758b3d98137a,positive_parity,17/25,8192,55,False,False,False,True,True,True,True,True,True,True,True
4156,04156.json,20852570fa3c6cc988ee600aba928062856dec5e09aafea0e2a1213c42cf02ea,positive_parity,17/25,8192,56,False,False,False,True,True,True,True,True,True,True,True
4157,04157.json,9f1664580a44c718376109c53c5a07019c7c2cf91ec7baf55f216b71bf21c896,positive_parity,17/25,8192,57,False,False,False,True,True,True,True,True,True,True,True
4158,04158.json,6aecfd466854b1cd2371b92c50fadab4776c13628e62728bca8db1dde7a5d6ca,positive_parity,17/25,8192,58,False,False,False,True,True,True,True,True,True,True,True
4159,04159.json,c30665c82f81040793e73ded3c9296d52a013170ab0708ffdf14a10e082466ae,positive_parity,17/25,8192,59,False,False,False,True,True,True,True,True,True,True,True
4160,04160.json,97c153be9630c0bf0e2c13e5a0757837f16ea8b300d25792616bd7457db456ab,positive_parity,17/25,8192,60,False,False,False,True,True,True,True,True,True,True,True
4161,04161.json,23f30af04666e0087543db34eead806284b4de146ce0a7ad7ff72ee0d9dec3ef,positive_parity,17/25,8192,61,False,False,False,True,True,True,True,True,True,True,True
4162,04162.json,e1cb73c352fc857757ad11519761f8a7a1dc4064288517352dc6dee2a159d03d,positive_parity,17/25,8192,62,False,False,False,True,True,True,True,True,True,True,True
4163,04163.json,e2cc0b910f437980c495bbbdfab94f113406cf3d9dce325f3109941d980f1789,positive_parity,17/25,8192,63,False,False,False,True,True,True,True,True,True,True,True
4164,04164.json,d8cb3912639f918649494f430dd71bf35b9d12c0ef25153bb6e33feae2e7fd32,positive_parity,17/25,8192,64,False,False,False,True,True,True,True,True,True,True,True
4165,04165.json,f516ca55101e6f816e10170edf93409ffce9fa201e1b6c5ceac6a12f52988826,positive_parity,17/25,8192,65,False,False,False,True,True,True,True,True,True,True,True
4166,04166.json,af44feeb8db14041e779c187f199a8808e36626b1943e718561de132bef171a8,positive_parity,17/25,8192,66,False,False,False,True,True,True,True,True,True,True,True
4167,04167.json,b719e360257a09d26017fce18c2c1df0efec4b28a10dd36f6684e6e6585e45a2,positive_parity,17/25,8192,67,False,False,False,True,True,True,True,True,True,True,True
4168,04168.json,80774e15d84feb5ecb6417f0e12e4bc59983e988f9fa882789ba5db6ccecd11b,positive_parity,17/25,8192,68,False,False,False,True,True,True,True,True,True,True,True
4169,04169.json,28266d97aac345f55a11952d41c04a81f505aa072472dc90ea168571cde85c52,positive_parity,17/25,8192,69,False,False,False,True,True,True,True,True,True,True,True
4170,04170.json,b891e0a8c1ea4dc3084bc41f8bca49428ba50e47be95266f3e90bc5289fdff72,positive_parity,17/25,8192,70,False,False,False,True,True,True,True,True,True,True,True
4171,04171.json,d0b13e35135c7389595aaf59d6bb9e5ccdd033b728b8b939d2f7796cd9a02515,positive_parity,17/25,8192,71,False,False,False,True,True,True,True,True,True,True,True
4172,04172.json,2f0f15a4b217987072728f3e781ff739dc6a5c1d06a3e280f40286e2d0502ca8,positive_parity,17/25,8192,72,False,False,False,True,True,True,True,True,True,True,True
4173,04173.json,d4e08290092024a9dd79a4cfd14d87740c3582d5835bafdee462df6f9b110f0c,positive_parity,17/25,8192,73,False,False,False,True,True,True,True,True,True,True,True
4174,04174.json,472c37d55f736b6d5e38bfe1c06b556421d188bcf595705e4ba5ff933f372fc1,positive_parity,17/25,8192,74,False,False,False,True,True,True,True,True,True,True,True
4175,04175.json,fd3119a1b46b1da7dff4d39f338c9cad55ae51fc959b210656398fa8f6f1d1e8,positive_parity,17/25,8192,75,False,False,False,True,True,True,True,True,True,True,True
4176,04176.json,63735f259075d3e2a55914b9adab65710322926728c3b61d533558a54b16cd54,positive_parity,17/25,8192,76,False,False,False,True,True,True,True,True,True,True,True
4177,04177.json,74fc1baa9f46adc55ec3b10eaae4945b73016f10d4d18e8545144461a40ec77d,positive_parity,17/25,8192,77,False,False,False,True,True,True,True,True,True,True,True
4178,04178.json,64770894849d47d80f13d6812057b8af33d4e30f80497cecaff08f23e7ffc683,positive_parity,17/25,8192,78,False,False,False,True,True,True,True,True,True,True,True
4179,04179.json,b78a80b9575b1c9a93175f8f038c53af33bce77e4e5d2103a3f9ef0202864c47,positive_parity,17/25,8192,79,False,False,False,True,True,True,True,True,True,True,True
4180,04180.json,901d988edff52857a2a2bcfa510d4b372f589163142c633f1cbf83b1793f5d71,positive_parity,17/25,8192,80,False,False,False,True,True,True,True,True,True,True,True
4181,04181.json,92189e6a9a9e486ba68dbbaf237a163dc7eb583039936e1e4eb7a565c2f8c798,positive_parity,17/25,8192,81,False,False,False,True,True,True,True,True,True,True,True
4182,04182.json,e86c40f94877865bca930b38dd166522873f0698d0e393e489abfa37fe0e7d13,positive_parity,17/25,8192,82,False,False,False,True,True,True,True,True,True,True,True
4183,04183.json,33aaaa797e3e200f7a1261158bad6c0a95e6fd3198289219ad429b81bcdeedc5,positive_parity,17/25,8192,83,False,False,False,True,True,True,True,True,True,True,True
4184,04184.json,f36ce79d0929bb0456a84f455f15c872697288a1368babdbffcfce9391120b6d,positive_parity,17/25,8192,84,False,False,False,True,True,True,True,True,True,True,True
4185,04185.json,c570d38c8f17c49369970a0d2543183ce6a361fb6fe6c7c3598e576df0390b72,positive_parity,17/25,8192,85,False,False,False,True,True,True,True,True,True,True,True
4186,04186.json,ae14c0c222654cb6ec4118f30ecb456ef619cd9c605100f831497b768e1bc6d1,positive_parity,17/25,8192,86,False,False,False,True,True,True,True,True,True,True,True
4187,04187.json,d70ec1777648765deb8445008f0bdd316bee6f172cb4cd4b874e0fdda27c9242,positive_parity,17/25,8192,87,False,False,False,True,True,True,True,True,True,True,True
4188,04188.json,ab3342cbb01b683a5b201ddbabdc1ac8170520e549d047a3fb091889e18b9df0,positive_parity,17/25,8192,88,False,False,False,True,True,True,True,True,True,True,True
4189,04189.json,7a9c0fbf57eebdb6cdbfa9ff34524b2fef809f039487d705832524a1509b6a2d,positive_parity,17/25,8192,89,False,False,False,True,True,True,True,True,True,True,True
4190,04190.json,fb031deda006ef16d855f992a5165310cbe96952fe1b6cfbe1f1d1e5e11cc401,positive_parity,17/25,8192,90,False,False,False,True,True,True,True,True,True,True,True
4191,04191.json,803272974a291363d6efb6e66094b34037d8a879731d8664e7358877deccdfee,positive_parity,17/25,8192,91,False,False,False,True,True,True,True,True,True,True,True
4192,04192.json,56179ac00b2595923276f2f16f8c84db52d8904858923044576319bb555e9880,positive_parity,17/25,8192,92,False,False,False,True,True,True,True,True,True,True,True
4193,04193.json,7de31eccb1ba5015dadfa3103ca0072aac30af0201af518a54a6d12371adc324,positive_parity,17/25,8192,93,False,False,False,True,True,True,True,True,True,True,True
4194,04194.json,399aeaf806a9f6fc9f3b18a67f34a6a0cb9e526d35d2c5841b9497fbb7544794,positive_parity,17/25,8192,94,False,False,False,True,True,True,True,True,True,True,True
4195,04195.json,0b095b34cc0a4139e3e6c868b5d53304737ee8b5c9bb1ee1c5b41072b2802283,positive_parity,17/25,8192,95,False,False,False,True,True,True,True,True,True,True,True
4196,04196.json,a417e92aa8856d38e7f9c2c2e1cc2d91dc666d8e3ac69f1b7caf87e07156e334,positive_parity,17/25,8192,96,False,False,False,True,True,True,True,True,True,True,True
4197,04197.json,9e9f3ae503f23e18137a52ff54f20f915021b206a41e3fab0ffa42249be8cc32,positive_parity,17/25,8192,97,False,False,False,True,True,True,True,True,True,True,True
4198,04198.json,3bdaeb5227ab4dd84095dc3ad6573bdc5faeb0f485c982284b8bc27f2c76486d,positive_parity,17/25,8192,98,False,False,False,True,True,True,True,True,True,True,True
4199,04199.json,9383f5a9af33c1ca572dede5251195e0ecd3b23fc92b447182fef91e0c1cf547,positive_parity,17/25,8192,99,False,False,False,True,True,True,True,True,True,True,True
4200,04200.json,f4506de7308f7f7f1416af00fdd31fce1a60a6ed01d93814c43c42d27a975b4a,negative_parity,1/2,128,0,True,False,False,False,False,False,False,False,False,False,False
4201,04201.json,3bcbbe27d42e540ce263e5fa3378d4c99102818ee607538ff9597d03758b7c2d,negative_parity,1/2,128,1,True,False,False,False,False,False,False,False,False,False,False
4202,04202.json,6036eaafeb0d98ac93d485c78447f8b607fa7e1309979dfb977498e45720fb8e,negative_parity,1/2,128,2,True,False,False,False,False,False,False,False,False,False,False
4203,04203.json,67516ff006a8c947de28477edd8796bebfc028031900d51345418615183f816d,negative_parity,1/2,128,3,True,False,False,False,False,False,False,False,False,False,False
4204,04204.json,be10e3a7a5a9d1fe98394715ddc73623a6c971008aa2109d1b7e432e7e9395f0,negative_parity,1/2,128,4,True,False,False,False,False,False,False,False,False,False,False
4205,04205.json,65c2eb172c761bc4527d09c58ebb3186c33ed28954fd79a8232478a62b2c6f6a,negative_parity,1/2,128,5,True,False,False,False,False,False,False,False,False,False,False
4206,04206.json,852f5e1b9d14ffcfd60673324f044842b8b77fbfa0a61998dd5f4a1e1702ec07,negative_parity,1/2,128,6,True,False,False,False,False,False,False,False,False,False,False
4207,04207.json,45ef8452e29ee62f8c9a074710c36eaff90064c5fd458f13157f9b688ea5f659,negative_parity,1/2,128,7,True,False,False,False,False,False,False,False,False,False,False
4208,04208.json,97b36451fd1e1f9a3e72d8b34dfd2c4c5a657abdbb2bbb87a4f38cc0ad8cf035,negative_parity,1/2,128,8,True,False,False,False,False,False,False,False,False,False,False
4209,04209.json,a2958fedb197d5532719efc9b5e106c5328a21c68e1ee39f720b90e2cfd485f7,negative_parity,1/2,128,9,True,False,False,False,False,False,False,False,False,False,False
4210,04210.json,cd6b4ad78f2dcae819776414cdaa5ad33f2b7f9f1d135a3367a6c899af2b670f,negative_parity,1/2,128,10,True,False,False,False,False,False,False,False,False,False,False
4211,04211.json,f4e6d7e23cc796e474f6145fa499e810b07c3ee40fd96c206c64add36e1f4dc9,negative_parity,1/2,128,11,True,False,False,False,False,False,False,False,False,False,False
4212,04212.json,d2201e79201ad0023bfeefdd0e3abc00f0e8c82dea419826d926d34d16d0ca18,negative_parity,1/2,128,12,True,False,False,False,False,False,False,False,False,False,False
4213,04213.json,7098adc830dad64e0d034be40adc0e36777d3178d2840a4dbaedeb3bb91054c3,negative_parity,1/2,128,13,True,False,False,False,False,False,False,False,False,False,False
4214,04214.json,1980d2b5522029a01ad7782f5e3448ea2032f410ce88312f2cb8190ba6358d50,negative_parity,1/2,128,14,True,False,False,False,False,False,False,False,False,False,False
4215,04215.json,2efa16c153da99a9a8b3568fd8025b8f7b5a13ddd1e5f5238fbaf3b291557b2f,negative_parity,1/2,128,15,True,False,False,False,False,False,False,False,False,False,False
4216,04216.json,6013ad1969abac4084e1fcc48d10d92596f79169dc0a6f0e10508a212657d396,negative_parity,1/2,128,16,True,False,False,False,False,False,False,False,False,False,False
4217,04217.json,b6a3a2e3f64132db5b441886eecf5ee4d93ec7160a3933fe86dc73b231e35520,negative_parity,1/2,128,17,True,False,False,False,False,False,False,False,False,False,False
4218,04218.json,91b97f758416a02a3616f8a21c35bb6e24d641e7b3f0e6fcb270cbde881899e0,negative_parity,1/2,128,18,True,False,False,False,False,False,False,False,False,False,False
4219,04219.json,0d29f3223d4da6f4ab00e33b476f68e3dbb9e5ae4ff35b249546010b134a1a98,negative_parity,1/2,128,19,True,False,False,False,False,False,False,False,False,False,False
4220,04220.json,0e4872ab54c8ff4b11c15b93d74ca89dfb41f1fd6b6f3fad8fe227f615a5350d,negative_parity,1/2,128,20,True,False,False,False,False,False,False,False,False,False,False
4221,04221.json,2ca6f549805c3abf30447be49d7b007595ff2c1610cce025bf21aa666b2fc779,negative_parity,1/2,128,21,True,False,False,False,False,False,False,False,False,False,False
4222,04222.json,07f2cae43c5766b77a4133e201d0f39306e123980eddc735a2876f38f06a0c5a,negative_parity,1/2,128,22,True,False,False,False,False,False,False,False,False,False,False
4223,04223.json,4bba6eedc485a1eb98332b8208a0e141f8bce2b9319b0b8a9285ca030969dab5,negative_parity,1/2,128,23,True,False,False,False,False,False,False,False,False,False,False
4224,04224.json,516814568ff6d5d0106abfb0ee6c38be0c8bfdb269e977ddc2c747bbe900de52,negative_parity,1/2,128,24,True,False,False,False,False,False,False,False,False,False,False
4225,04225.json,28177b1d6f9e4db1a310ee9acd79b8242587f38a51a1b1b6fa58c2e174b10e7d,negative_parity,1/2,128,25,True,False,False,False,False,False,False,False,False,False,False
4226,04226.json,790944baa463110d9b42603bf12636e66d554780693e480166612550b7527e33,negative_parity,1/2,128,26,True,False,False,False,False,False,False,False,False,False,False
4227,04227.json,a80b3eea235f68c767c16c2923600e5b3666a0eb99227ecdbd5de50995f4574f,negative_parity,1/2,128,27,True,False,False,False,False,False,False,False,False,False,False
4228,04228.json,f6405eaa6f047d1bf0b24f39ea7e091cef75560aa9378c212a2c3e7b1ae28ab9,negative_parity,1/2,128,28,True,False,False,False,False,False,False,False,False,False,False
4229,04229.json,76d5f1e6c02204af26277140d4bd55787489bc9adc6266aea01d4f4c2d86a8ac,negative_parity,1/2,128,29,True,False,False,False,False,False,False,False,False,False,False
4230,04230.json,768cc144e7ef4a94732b44a2aa2cd0bb1962fc2ae47400b8bdc0fdf4033add86,negative_parity,1/2,128,30,True,False,False,False,False,False,False,False,False,False,False
4231,04231.json,24e6e91cd6fb4da4830d7be300e8dbef238a931484f85ea82d4e1355958eb6ac,negative_parity,1/2,128,31,True,False,False,False,False,False,False,False,False,False,False
4232,04232.json,3c35498288f52195da51c9ad1c0db8e0c7114ac785423b1a8d37d313cef8ef19,negative_parity,1/2,128,32,True,False,False,False,False,False,False,False,False,False,False
4233,04233.json,04f01a29795bc2930a47f47b4d54c18c2ecd87c39b283a0ea67031ad736adaf9,negative_parity,1/2,128,33,True,False,False,False,False,False,False,False,False,False,False
4234,04234.json,4a3c0e339be4ef8a271261314724ac73062f1e352fdda470ac1760bd0dad1fe9,negative_parity,1/2,128,34,True,False,False,False,False,False,False,False,False,False,False
4235,04235.json,a20147b02963e08bbd9dd7c49453ef5e2bbc2b6ff35c5ce55645a9645fe49725,negative_parity,1/2,128,35,True,False,False,False,False,False,False,False,False,False,False
4236,04236.json,6ce625303a9509127da2ad6f9354d5fa5199c3df3d4941393e4bf88a9de378ea,negative_parity,1/2,128,36,True,False,False,False,False,False,False,False,False,False,False
4237,04237.json,d8bcf29b1489477bfac8bf75780b630970025d5deff253f795b3e7bcc5066a26,negative_parity,1/2,128,37,True,False,False,False,False,False,False,False,False,False,False
4238,04238.json,2b6004cd2c9cec05e0d78e46c5d7f2794e7c24d5278faee77389048d86ca08dd,negative_parity,1/2,128,38,True,False,False,False,False,False,False,False,False,False,False
4239,04239.json,4b56cd94e460e109d990d6a280dca92156c95bad78b9d806e08eb0df7bb3010a,negative_parity,1/2,128,39,True,False,False,False,False,False,False,False,False,False,False
4240,04240.json,732f4dd46b72557cdf813ed50ecf4791a1c03767c0e07dc71fb43aaf5518d9b0,negative_parity,1/2,128,40,True,False,False,False,False,False,False,False,False,False,False
4241,04241.json,a71fac9b82491e137f23a080d8f65541b3b3efb1d4a2f77eacc7aac715b136d1,negative_parity,1/2,128,41,True,False,False,False,False,False,False,False,False,False,False
4242,04242.json,709530055f348152cdd7b01be188579df9320c91d0224354e96e62f345bdef76,negative_parity,1/2,128,42,True,False,False,False,False,False,False,False,False,False,False
4243,04243.json,41098d9bb43bbb494ca1acadbf6e5f3ec1f76cbdc04d396a9af7bf8fa3d0f9f3,negative_parity,1/2,128,43,True,False,False,False,False,False,False,False,False,False,False
4244,04244.json,0e3921316b53e9c71c5ccdc982c58e57ff74ce1ffdfa5bb9977b909c35a8fb2b,negative_parity,1/2,128,44,True,False,False,False,False,False,False,False,False,False,False
4245,04245.json,af9589c6e128475246e2b682117a6e39db9ee0d2c604fbabfcb69ccc8abe212b,negative_parity,1/2,128,45,True,False,False,False,False,False,False,False,False,False,False
4246,04246.json,4e2cc8834363bab520a8515621abd8123718fdb69a96c612c5e9e291dafdcf13,negative_parity,1/2,128,46,True,False,False,False,False,False,False,False,False,False,False
4247,04247.json,9c3a4d76406a827f3203ca11b0d4a0ea292983178355fa4056e08d2d8a404472,negative_parity,1/2,128,47,True,False,False,False,False,False,False,False,False,False,False
4248,04248.json,8c7874e3c0f4fa4cfb469cec68b83972dc2181d05aa72b1a04805b065e69f98e,negative_parity,1/2,128,48,True,False,False,False,False,False,False,False,False,False,False
4249,04249.json,bc8df988f06db50e13e146ed884b39b449ec2f3134760fd04b0ceaf1321af2c0,negative_parity,1/2,128,49,True,False,False,False,False,False,False,False,False,False,False
4250,04250.json,1b7c4df8b8ae977665102580032092736fafb150602e4ebf895446ba943ae078,negative_parity,1/2,128,50,True,False,False,False,False,False,False,False,False,False,False
4251,04251.json,99223e1168ab6968cac68ddee21d4f7191b33d867f1039dcbe44fbea91b3a835,negative_parity,1/2,128,51,True,False,False,False,False,False,False,False,False,False,False
4252,04252.json,2e003d0400c9a8488230af78437746394e4a7098f7797af234e234b03690cd27,negative_parity,1/2,128,52,True,False,False,False,False,False,False,False,False,False,False
4253,04253.json,2506c7afee35201597c251b205bd8982a37ddeb9274e35e02653dc2d3b8ca04b,negative_parity,1/2,128,53,True,False,False,False,False,False,False,False,False,False,False
4254,04254.json,b882fea688d86803dcaa59135e6c79d5670c1aaa132b5cb669c7a16902b8bde9,negative_parity,1/2,128,54,True,False,False,False,False,False,False,False,False,False,False
4255,04255.json,fd6035f975bb1d4d670dd6557a08060d78ab7cd2c794f07e94d09323f9a3208d,negative_parity,1/2,128,55,True,False,False,False,False,False,False,False,False,False,False
4256,04256.json,29e3d150256c9d68776a6b6b796b52139d56b56e194be7158fab3b2f73f5fb8a,negative_parity,1/2,128,56,True,False,False,False,False,False,False,False,False,False,False
4257,04257.json,42d1d13b2cfe9d09c381f9d828c1a0eef159e110d2b78a87bc282b8496c2e0ee,negative_parity,1/2,128,57,True,False,False,False,False,False,False,False,False,False,False
4258,04258.json,0bf19fb574e5a1149a3abf1c93a01017ca2a54dc62608f4faececf7bfef82395,negative_parity,1/2,128,58,True,False,False,False,False,False,False,False,False,False,False
4259,04259.json,8505b70ffff7083e7f8edfb200689e173c0fe2a270b462aa77bd741e5b027322,negative_parity,1/2,128,59,True,False,False,False,False,False,False,False,False,False,False
4260,04260.json,2b2193182b4401f786064aed68c488f30a2faf12f69b2b4c5b34d044f69643f5,negative_parity,1/2,128,60,True,False,False,False,False,False,False,False,False,False,False
4261,04261.json,84f330f7a19c85966f382273fd3539cc1de9e86e964752d98357a373072a98b1,negative_parity,1/2,128,61,True,False,False,False,False,False,False,False,False,False,False
4262,04262.json,fc467410ae677b931a48cafd7440b5d02a082ee4ed46c0b940ae61c07e8c52ac,negative_parity,1/2,128,62,True,False,False,False,False,False,False,False,False,False,False
4263,04263.json,5a0751813344b87b284a21f828fa5f0640e86ae51a3ea65f43fffc6ec108d281,negative_parity,1/2,128,63,True,False,False,False,False,False,False,False,False,False,False
4264,04264.json,3dbb002cb3c4258604a2a03f53be8b64274cfd76d69d444305dc8eae5ec3ef04,negative_parity,1/2,128,64,True,False,False,False,False,False,False,False,False,False,False
4265,04265.json,19094ab42b3f615214b4638e84583b7b11993093a9fd944f8f9fcaedd13273d3,negative_parity,1/2,128,65,True,False,False,False,False,False,False,False,False,False,False
4266,04266.json,01e12b4d7388b51b2934d5af0c5c91da096b15a68b00a412ecab9874e0e61abe,negative_parity,1/2,128,66,True,False,False,False,False,False,False,False,False,False,False
4267,04267.json,1217700334fb938136c7e779a2971ef59865ff1f6b2f445261b12758c5d6bdf5,negative_parity,1/2,128,67,True,False,False,False,False,False,False,False,False,False,False
4268,04268.json,116ac0165e480185721aacc6eeea4f9e2615ae86a9fdb1783a5ee42353ed143c,negative_parity,1/2,128,68,True,False,False,False,False,False,False,False,False,False,False
4269,04269.json,369f446111886766823d2cd66e03013cf8317e6b0441a34ac9c89d1578292f81,negative_parity,1/2,128,69,True,False,False,False,False,False,False,False,False,False,False
4270,04270.json,6f5a6784c40797e7ce5312bfba74ec8e9b3fb2a897a056b0ab633594b831f31b,negative_parity,1/2,128,70,True,False,False,False,False,False,False,False,False,False,False
4271,04271.json,9b80fc5746abb24e9a91a4451850dc0fd4d5b6d9e4ed4abcc026bc47007e36c4,negative_parity,1/2,128,71,True,False,False,False,False,False,False,True,True,False,False
4272,04272.json,f66d4cb160089d0dcfdadb2b3ecffcd26e48f89c46ee2e21852845c64fcb9cd9,negative_parity,1/2,128,72,True,False,False,False,False,False,False,False,False,False,False
4273,04273.json,c14f3fefee414257885c5edf844c03969fef6db70495508bbd707d337087bf88,negative_parity,1/2,128,73,True,False,False,False,False,False,False,False,False,False,False
4274,04274.json,938dde8ed8cc3ae3ef7bab4ca2eb9bd0e1dcda93a26d59f96d8d0ecec618d6bd,negative_parity,1/2,128,74,True,False,False,False,False,False,False,False,False,False,False
4275,04275.json,f01b158431793e7ba5ead9824e8f9cd36dfd6e63b586df2bc5c83f8cb36669e9,negative_parity,1/2,128,75,True,False,False,False,False,False,False,False,False,False,False
4276,04276.json,34a713687d04eedfc1ad921174ee9ff00abcb87eb541a6859a972edfb3f84676,negative_parity,1/2,128,76,True,False,False,False,False,False,False,False,False,False,False
4277,04277.json,337f69e28fdf13e7aba7a879553db2d48bbfcd445d81f5c512d64676e8d1e31b,negative_parity,1/2,128,77,True,False,False,False,False,False,False,False,False,False,False
4278,04278.json,1e5eb4070aa0a2f378f347ad015932bdec8a58989e3ca9a22ba739c9a1cf9d36,negative_parity,1/2,128,78,True,False,False,False,False,False,False,False,False,False,False
4279,04279.json,953669b11afe61f0be05b018e101db65cce4eeaccbca1666075b1c4a84eb88c6,negative_parity,1/2,128,79,True,False,False,False,False,False,False,False,False,False,False
4280,04280.json,fa896c57153aed0de5ea658199b8e5941e7be9e32d9fd8b654eee25c6317ef7d,negative_parity,1/2,128,80,True,False,False,False,False,False,False,False,False,False,False
4281,04281.json,fe9dc056bd275cd94227899f1e7f440a3bab3059f0c93cff3579e12764f4247e,negative_parity,1/2,128,81,True,False,False,False,False,False,False,False,False,False,False
4282,04282.json,9d6c0ebff6a1b668bd7dd411734f4b6200749cc30e82e13c4b874baca4915e1d,negative_parity,1/2,128,82,True,False,False,False,False,False,False,False,False,False,False
4283,04283.json,12d8aa1394a3e2ad4fc626b58e03c3331273b839754d7d38670935885b274745,negative_parity,1/2,128,83,True,False,False,False,False,False,False,False,False,False,False
4284,04284.json,015471418d3dd6de67bc4b4436dc395da6bca622d7abc0ad13e06cc9c115094f,negative_parity,1/2,128,84,True,False,False,False,False,False,False,False,False,False,False
4285,04285.json,51f5b29f012cdd50b8ce69794c030e0f16fcf53b19e1b76ec3451c7bb4ead35d,negative_parity,1/2,128,85,True,False,False,False,False,False,False,False,False,False,False
4286,04286.json,9bac80af7bd324a71c49bca25629e694e8364e4a71fdeb466fd81fabba3d9b0f,negative_parity,1/2,128,86,True,False,False,False,False,False,False,False,False,False,False
4287,04287.json,1f3f05eadf143caa4bea3afbe62f96dad13d0a817db1c240e80bbb1fa845f911,negative_parity,1/2,128,87,True,False,False,False,False,False,False,False,False,False,False
4288,04288.json,d3a6f4c6434ea1f76c1121375d90f0768e220475d84ff6eab6769463bfa56794,negative_parity,1/2,128,88,True,False,False,False,False,False,False,False,False,False,False
4289,04289.json,091f98515ada425976d1f9aae3a17bce67e1d28a5018bf7e692827fb046b06d8,negative_parity,1/2,128,89,True,False,False,False,False,False,False,False,False,False,False
4290,04290.json,76acc9653a8941e1904363fbaac3c433f099f405b94098d1fca7d25cde5808a9,negative_parity,1/2,128,90,True,False,False,False,False,False,False,False,False,False,False
4291,04291.json,b412bb15943dcde8189197a75fd7ff47d11533890f3005463d076b1ca6ae774b,negative_parity,1/2,128,91,True,False,False,False,False,False,False,False,False,False,False
4292,04292.json,96ced755a2ae1f47f3fc93ba7a9f60791810b514425ac80734b6212d9b9b9798,negative_parity,1/2,128,92,True,False,False,False,False,False,False,False,False,False,False
4293,04293.json,faa47eaea423ec3ed7b64ad8269315341acdd93c92f177e6e148419e10b45c3b,negative_parity,1/2,128,93,True,False,False,False,False,False,False,False,False,False,False
4294,04294.json,0aa0e551e6bda65f8aba81ef971494a5f0b4fda384a088c91315b3bf5ebc42f5,negative_parity,1/2,128,94,True,False,False,False,False,False,False,False,False,False,False
4295,04295.json,9728c7e98222aec6bf981cfd08198747a972632c40a476a88a0b348ceaa7867c,negative_parity,1/2,128,95,True,False,False,False,False,False,False,False,False,False,False
4296,04296.json,ac3c6166aa0a7967cc566b64f9e150a62a199401528bfdfc507dbd9136b9d1a0,negative_parity,1/2,128,96,True,False,False,False,False,False,False,False,False,False,False
4297,04297.json,019dc8cf299d9bc7cb1f957975155ac37578b45bed22345b2c7396e4ab53b24a,negative_parity,1/2,128,97,True,False,False,False,False,False,False,False,False,False,False
4298,04298.json,dcf08247983cdba01ec2f10ca4c96a1ee95faeb42fa2c9e1cee48b3aa7b58c78,negative_parity,1/2,128,98,True,False,False,False,False,False,False,False,False,False,False
4299,04299.json,8a2361ee75a60f6e1e43486e5e6445cc096089c34e1a30435e5c8ef4cc2d9f99,negative_parity,1/2,128,99,True,False,False,False,False,False,False,False,False,False,False
4300,04300.json,ca7e8bace6195fa1e4d2a42d72c55d6c2b65fa5f2cb2c859d1d78f4cf75aee78,negative_parity,1/2,512,0,True,False,False,False,False,False,False,False,False,False,False
4301,04301.json,0e2b66f9560c13f600b88cedf2cdc5f9d6dae67d65fec565fb86fc3b9c8af20f,negative_parity,1/2,512,1,True,False,False,False,False,False,False,False,False,False,False
4302,04302.json,eeec627959f7d5d70a02f50c0b98ca87219ea79592ea13c826fed66d34e3a848,negative_parity,1/2,512,2,True,False,False,False,False,False,False,False,False,False,False
4303,04303.json,16119f519cdc188303a1bc83603d22f7560db1c3015d2e2ac29ebbd81ff095ca,negative_parity,1/2,512,3,True,False,False,False,False,False,False,False,False,False,False
4304,04304.json,241454bcda60b38566b7e579ae9a979eca4f213bc6e361467441ecf09157d409,negative_parity,1/2,512,4,True,False,False,False,False,False,False,False,False,False,False
4305,04305.json,437c581ba10048858197d3d45935e891ef59e56abbe5356cae85fde1b774a171,negative_parity,1/2,512,5,True,False,False,False,False,False,False,False,False,False,False
4306,04306.json,45f306ee28387e806cd471039d66e18006b22a40f57e3efe191098e8ba4972b9,negative_parity,1/2,512,6,True,False,False,False,False,False,False,False,False,False,False
4307,04307.json,83e49bb8fbf02f260fc6c00de70bdaa36e39b83bced702de5f7203a35234b9b9,negative_parity,1/2,512,7,True,False,False,False,False,False,False,False,False,False,False
4308,04308.json,488a36fb1b761fb55113b6f9eb4898843b1e4ff3361323947c50286372a554ce,negative_parity,1/2,512,8,True,False,False,False,False,False,False,False,False,False,False
4309,04309.json,01feab7347d66a56fdba126ade35f29bb81ef75cc3de9a7d51b2492133e45dc8,negative_parity,1/2,512,9,True,False,False,False,False,False,False,False,False,False,False
4310,04310.json,7c3b53a8c86a0b3bce53364292d358977e66588a5a28579f4257137e0c9b7bb6,negative_parity,1/2,512,10,True,False,False,False,False,False,False,False,False,False,False
4311,04311.json,b6b32667a3f31c24e2333b6bc8d46f10f35edb865f4addd7f946387a5c4a9039,negative_parity,1/2,512,11,True,False,False,False,False,False,False,False,False,False,False
4312,04312.json,a9f719ea8429d97f5e4101cfc34ac57d0e014883248cc88a79ee103e7b84d80c,negative_parity,1/2,512,12,True,False,False,False,False,False,False,False,False,False,False
4313,04313.json,f215f303c8ea9e7b433eb83bc58ff5e8fd8a605e738f17f08e2a5e46f8912198,negative_parity,1/2,512,13,True,False,False,False,False,False,False,False,False,False,False
4314,04314.json,80af62c623e171074e6a6646df14f8a9846aa5228ad5f0cf167bb0e78f27e211,negative_parity,1/2,512,14,True,False,False,False,False,False,False,False,False,False,False
4315,04315.json,bb44ffcb4fa592ff91e26c5494c0fcbb0e878a7de281947708e786ad5788c6e3,negative_parity,1/2,512,15,True,False,False,False,False,False,False,False,False,False,False
4316,04316.json,9932a0d2c40aa3f60167fa156e147ee8869a02022e9d907cb30a53d0c8314fd9,negative_parity,1/2,512,16,True,False,False,False,False,False,False,False,False,False,False
4317,04317.json,73f4402cebc8c63cc182593f022c9be552962adcb9772393449567f05b719ff3,negative_parity,1/2,512,17,True,False,False,False,False,False,False,False,False,False,False
4318,04318.json,91e1bcf784bc389626ed3aee3e12417e3fe1813c2738274dfaa378ac3eb47a4b,negative_parity,1/2,512,18,True,False,False,False,False,False,False,False,False,False,False
4319,04319.json,8aee6461a86359ccc0699928b34cfa395d94480bccb588833bcf876af6e80019,negative_parity,1/2,512,19,True,False,False,False,False,False,False,False,False,False,False
4320,04320.json,0f74a044328df021007b373751d0a8531c0a53e542cb35fdc308e7a4d66a1c3a,negative_parity,1/2,512,20,True,False,False,False,False,False,False,False,False,False,False
4321,04321.json,d8f202ac62913cb4d83f3ff1ed77b8fc97f722cb078a5428ab78fae7ba3c64f0,negative_parity,1/2,512,21,True,False,False,False,False,False,False,False,False,False,False
4322,04322.json,ed592670143341766939da5567209f1f21cfa76ef4c667f06a4d4aa8abe915e3,negative_parity,1/2,512,22,True,False,False,False,False,False,False,False,False,False,False
4323,04323.json,f14fd676392f515cd4a6ccdc3bb27b33945aaa030ac786a5da0ed0f6ea223f42,negative_parity,1/2,512,23,True,False,False,False,False,False,False,False,False,False,False
4324,04324.json,fadcc4f1be9c29d8291786b6e29d4e8ac713cf9ace3380cd05c3c205540e80e5,negative_parity,1/2,512,24,True,False,False,False,False,False,False,False,False,False,False
4325,04325.json,99066a687a5fb5209c9bc95b0be1ba3e58f6e8287220b54c934ff3d6bf6f4f8b,negative_parity,1/2,512,25,True,False,False,False,False,False,False,False,False,False,False
4326,04326.json,854378320149138dd5e6849988e13a403ee92da4daeedf59685dd4a5cbfe2fb7,negative_parity,1/2,512,26,True,False,False,False,False,False,False,False,False,False,False
4327,04327.json,4f75db4d5d4a3ca0a1b3c10f81bb6390767c15a44c829575efb22dfc65b90d50,negative_parity,1/2,512,27,True,False,False,False,False,False,False,False,False,False,False
4328,04328.json,60ce8911710cbec86b208d65caa0e5333767653e7beeb33fa3ec91dce3934fa7,negative_parity,1/2,512,28,True,False,False,False,False,False,False,False,False,False,False
4329,04329.json,e7a9636da869240bbd8b9ce5e62cd5c075cd344282a4be4cafaf6dada377e1de,negative_parity,1/2,512,29,True,False,False,False,False,False,False,False,False,False,False
4330,04330.json,abd9def839775bc14e0a1f521aabe81427bf07d27d3f050b32bbeb3fac45a0fe,negative_parity,1/2,512,30,True,False,False,False,False,False,False,False,False,False,False
4331,04331.json,02cac612cda5a20c4cac68a6dfc236cd9f3b6d489b22fa2395398d00867790f9,negative_parity,1/2,512,31,True,False,False,False,False,False,False,False,False,False,False
4332,04332.json,afc04ca6391f10d6153e6b0adaad03b8adcfcb0dcdc011d1affe9de4251abf55,negative_parity,1/2,512,32,True,False,False,False,False,False,False,False,False,False,False
4333,04333.json,69821b66f70f8d9034668b2e05e47e6c6cd7047c5e7c45af74504b8d50b334e1,negative_parity,1/2,512,33,True,False,False,False,False,False,False,False,False,False,False
4334,04334.json,005507b988de837bc4ba1678a137c3b6afe54145376acefd4150b0ea3db89245,negative_parity,1/2,512,34,True,False,False,False,False,False,False,False,False,False,False
4335,04335.json,26d095ef51e01eeb06d4720ba3ae6c1cd2d9d6ccb316fa8b0c8f13c9d3886e63,negative_parity,1/2,512,35,True,False,False,False,False,False,False,False,False,False,False
4336,04336.json,73444c73e44f0b379c518ef6e7e57bdd6e35e01b2954446843e2b7b2f0695f49,negative_parity,1/2,512,36,True,False,False,False,False,False,False,False,False,False,False
4337,04337.json,e4407a3866abfa8cb9d3dbade466a37f0651c5797ae1df55f9c500d61bf1c006,negative_parity,1/2,512,37,True,False,False,False,False,False,False,False,False,False,False
4338,04338.json,8def54552b9e4a613de80bb3783fe4bdec64d12303c1543f4faf1c3359c5c06a,negative_parity,1/2,512,38,True,False,False,False,False,False,False,False,False,False,False
4339,04339.json,2bfaedc3f5fb19cd60e60339cc546236a73fc7e995165c5f8f2b734d33318141,negative_parity,1/2,512,39,True,False,False,False,False,False,False,False,False,False,False
4340,04340.json,6a80ceb69ff14c277f62408667a525c0996e4f29590ac96401381cdb0b7ba55d,negative_parity,1/2,512,40,True,False,False,False,False,False,False,False,False,False,False
4341,04341.json,a0c099fd1a17a575e52d265bc185e606d4747e8f8e1356312a14143772abd8a3,negative_parity,1/2,512,41,True,False,False,False,False,False,False,False,False,False,False
4342,04342.json,c2e73cc43cb1c070a38ed6398356ecf3f48e0f3e2d758460f4483485554e95b8,negative_parity,1/2,512,42,True,False,False,False,False,False,False,False,False,False,False
4343,04343.json,e9865efcc9f68a6540ee9aa272c00961b3a2e4e8601f7759ec36489ff3a2bded,negative_parity,1/2,512,43,True,False,False,False,False,False,False,False,False,False,False
4344,04344.json,7bdbd67b042092878963ed4b7205fc5c5b5e47947b61873cd34723c619014610,negative_parity,1/2,512,44,True,False,False,False,False,False,False,False,False,False,False
4345,04345.json,baad57d0b282b7510fcb17caf95793342605028f408b7b0e486c668d19a492e1,negative_parity,1/2,512,45,True,False,False,False,False,False,False,False,False,False,False
4346,04346.json,65adb5a6fc292efe9b7e424ed01811868473f359a5b6d9ade066d87ec9fc298d,negative_parity,1/2,512,46,True,False,False,False,False,False,False,False,False,False,False
4347,04347.json,7c5910904fe60fc2364d77f4d3b8b63de2aee4eddc547c5245196efc9af5b3da,negative_parity,1/2,512,47,True,False,False,False,False,False,False,False,False,False,False
4348,04348.json,e167755139762e661a5e6e37ff61af330da03c5929bc0b17f31e3eec487eb2a0,negative_parity,1/2,512,48,True,False,False,False,False,False,False,False,False,False,False
4349,04349.json,eeb35b48c123d037360f42165d8de3f4b7cbb38630d66cbfc507392a93820631,negative_parity,1/2,512,49,True,False,False,False,False,False,False,False,False,False,False
4350,04350.json,2eb99d284e68f31deea062fcb044edc81650cb692cd97a36ec17015efed62e6a,negative_parity,1/2,512,50,True,False,False,False,False,False,False,False,False,False,False
4351,04351.json,d940ade8c331d1b39d77590b5eb0d3a6155d2ba5ad0e7be4fb6d1d27ab984f95,negative_parity,1/2,512,51,True,False,False,False,False,False,False,False,False,False,False
4352,04352.json,c9ef4e255d5b408ef4e45329b8c4c4f339f41ee03c9ae91b191493b4e818307e,negative_parity,1/2,512,52,True,False,False,False,False,False,False,False,False,False,False
4353,04353.json,9a831d7e837a2fc8352a5a9c2c5e675ff18a587949728983d3378c1304dc1553,negative_parity,1/2,512,53,True,False,False,False,False,False,False,False,False,False,False
4354,04354.json,14f927ebb619aa52c268924ac9fa77774b04cce98616a30fd66e9bfe5b676fe2,negative_parity,1/2,512,54,True,False,False,False,False,False,False,False,False,False,False
4355,04355.json,3988f3c3252a73cab10f463827fde1401ce39a3061fd0a840734832aa5b72d8c,negative_parity,1/2,512,55,True,False,False,False,False,False,False,False,False,False,False
4356,04356.json,4869524c041e7ec2c41ef50a2656ea4370a32261efcfbe40ff3017c5db5fcadf,negative_parity,1/2,512,56,True,False,False,False,False,False,False,False,False,False,False
4357,04357.json,83d812bb3810ca820e9c0df7b6ccf68a7028ac882112e1e7f933f29c331dea8c,negative_parity,1/2,512,57,True,False,False,False,False,False,False,False,False,False,False
4358,04358.json,e2ee2edc83732d96cf8bd193db0aee1cdd3861ce0af100750b6bb2f968e76710,negative_parity,1/2,512,58,True,False,False,False,False,False,False,False,False,False,False
4359,04359.json,73fefac8d8f068b59f148dd54d981331d9b2d53bf1b8971f7d72373fbdfee258,negative_parity,1/2,512,59,True,False,False,False,False,False,False,False,False,False,False
4360,04360.json,e74e0b12175b668fc82a597dfdbb6a5fee9ac1835fdf83637791c9d4f1dad641,negative_parity,1/2,512,60,True,False,False,False,False,False,False,False,False,False,False
4361,04361.json,ab551ba21fe240dbf9d9b5b78e209abdb3cf6356ef66293bc3ac79200ae9c5f0,negative_parity,1/2,512,61,True,False,False,False,False,False,False,False,False,False,False
4362,04362.json,93a4bedc270d4c3df17195df3c718608fc92623b07fe31a86f1c60802058b695,negative_parity,1/2,512,62,True,False,False,False,False,False,False,False,False,False,False
4363,04363.json,c4949a95477deddfdf159047371c27b8c0381ce09ad97927b54304fce458f5f8,negative_parity,1/2,512,63,True,False,False,False,False,False,False,False,False,False,False
4364,04364.json,e955bed81ea9e2c2acc22a2c9c75603a4576edf230752c3b759ee9f0b8f7c82b,negative_parity,1/2,512,64,True,False,False,False,False,False,False,False,False,False,False
4365,04365.json,1694397c26224e06541bd81973e016ceb409b2b3afcad51bbcb1aee6de1ea58f,negative_parity,1/2,512,65,True,False,False,False,False,False,False,False,False,False,False
4366,04366.json,38f0d8bcd809d56aa7f7671d850da37a3b4c8084a88a374043c0e3eb7963201b,negative_parity,1/2,512,66,True,False,False,False,False,False,False,False,False,False,False
4367,04367.json,e804d50fbbd2fb921983d3994a10b1ca7e4e5a91ee1fd663c1461b40497b9c92,negative_parity,1/2,512,67,True,False,False,False,False,False,False,False,False,False,False
4368,04368.json,cf9492079659e510a158a1585a076548afe9f2c21380115e5eff79031e6101bb,negative_parity,1/2,512,68,True,False,False,False,False,False,False,False,False,False,False
4369,04369.json,182aafb08264685ef66e269a35cc398a3247d04482adc7d044318052ecb69c85,negative_parity,1/2,512,69,True,False,False,False,False,False,False,False,False,False,False
4370,04370.json,d5055912a4f74d3a0a3098ea6dfe3d47ea35a1acd8da427d2541b1edd567b2de,negative_parity,1/2,512,70,True,False,False,False,False,False,False,False,False,False,False
4371,04371.json,386c1e81f20d4f977846ea5f4223217e0e3bcc4a6300b35d218d1c67fe0c34af,negative_parity,1/2,512,71,True,False,False,False,False,False,False,False,False,False,False
4372,04372.json,794ec57999240c15ee0a85ac8024c441ded9eac097419b69caa824f86113a690,negative_parity,1/2,512,72,True,False,False,False,False,False,False,False,False,False,False
4373,04373.json,cd46caf43fb874ab0bbea35d83bdc51bb12c0bf188eeec907ee41837464628f8,negative_parity,1/2,512,73,True,False,False,False,False,False,False,False,False,False,False
4374,04374.json,7f23f753b51c168042e07d48cfe9899f9ad426b4d430149011f2a082abc91147,negative_parity,1/2,512,74,True,False,False,False,False,False,False,False,False,False,False
4375,04375.json,f290294864e126190020476b13e4f134c8345f7a3dfc7ad0cbab53c18fb4a36f,negative_parity,1/2,512,75,True,False,False,False,False,False,False,False,False,False,False
4376,04376.json,5befb4259bb9bf539a1aed19c80193a14388a2f099e180041777a0e66726e596,negative_parity,1/2,512,76,True,False,False,False,False,False,False,False,False,False,False
4377,04377.json,a02816c924a71f0934cb573b3d9d68eed3f0815adaa45bb8bf157008c58f061c,negative_parity,1/2,512,77,True,False,False,False,False,False,False,False,False,False,False
4378,04378.json,414ea54887143e24fe407d16b91bb11cdbfe5fc1a570d9505350f14ffd818709,negative_parity,1/2,512,78,True,False,False,False,False,False,False,False,False,False,False
4379,04379.json,170f612e5e15f1e4bb667099544fa7b13bde14607dd7790ef1cb748cd650283c,negative_parity,1/2,512,79,True,False,False,False,False,False,False,False,False,False,False
4380,04380.json,f787c8f2c380fe0a6a778ec3d9544b93be3e0dd879b5fa593279ecafb1ba455e,negative_parity,1/2,512,80,True,False,False,False,False,False,False,False,False,False,False
4381,04381.json,8f9386cf303d274ddc328155f4894630d7237492d30a3f6c834c6eee04ced635,negative_parity,1/2,512,81,True,False,False,False,False,False,False,False,False,False,False
4382,04382.json,1fa0830cd6bae7a4fb42dfcf109d3c8a6138e7f2470838831e614ce166e0e1d6,negative_parity,1/2,512,82,True,False,False,False,False,False,False,False,False,False,False
4383,04383.json,fa4c688fd05d5e1c610b3791c7bcd09d7cc0264a87e027f3f0a8ff17319c53df,negative_parity,1/2,512,83,True,False,False,False,False,False,False,False,False,False,False
4384,04384.json,adafa24e1053df42796b1ae6f3ed0ad21b19ebe9bfa29b8a4aba3ff75872d3e8,negative_parity,1/2,512,84,True,False,False,False,False,False,False,False,False,False,False
4385,04385.json,05106e5c9decba6ad06f2ed4333e9cf34bd3b1d9f05641e688f39d7e2de699b6,negative_parity,1/2,512,85,True,False,False,False,False,False,False,False,False,False,False
4386,04386.json,96ae5cd47ffa3c24dd2594f7f059f37fcf6f50a98651c2244c8577745995a214,negative_parity,1/2,512,86,True,False,False,False,False,False,False,False,False,False,False
4387,04387.json,fff288445a63f90659f9fdb84b87351fa7f38395e248fd4556d33a50098289d6,negative_parity,1/2,512,87,True,False,False,False,False,False,False,False,False,False,False
4388,04388.json,61c65889939f0448f24ed8419c68c1ef59df4de764274fbb7e09f705fc838e84,negative_parity,1/2,512,88,True,False,False,False,False,False,False,False,False,False,False
4389,04389.json,f8dfe872a3e3ed03a079c05d3ee8b4db8c9777c7964d7952e3fdfd73c48a4836,negative_parity,1/2,512,89,True,False,False,False,False,False,False,False,False,False,False
4390,04390.json,e43f62da04ea5cd738f811ad1f23a3e2e484aeabbf1bf3a22db03b1e1a767855,negative_parity,1/2,512,90,True,False,False,False,False,False,False,False,False,False,False
4391,04391.json,7b2c620fc803299a047de7ee9dd36f4e654f39a81b83f846d772cba61b4a2a0e,negative_parity,1/2,512,91,True,False,False,False,False,False,False,False,False,False,False
4392,04392.json,76351f3654971fcb7a66a19dd219adb1c0ee5d880c9c7d1c5e01707436caa7e7,negative_parity,1/2,512,92,True,False,False,False,False,False,False,False,False,False,False
4393,04393.json,50cb7cbfc57f6f95b780c59fd941117ab4c62dfb44a975888af2038b4d36dad7,negative_parity,1/2,512,93,True,False,False,False,False,False,False,False,False,False,False
4394,04394.json,7590a26574d945197d45d2bb6eeaafe735d66d8cf09e9a459c376dbab17ca5f1,negative_parity,1/2,512,94,True,False,False,False,False,False,False,False,False,False,False
4395,04395.json,46da9a255c0ad92e42ff969c0f122639eca267a0ed4859d4f9fcdbe33ac896ef,negative_parity,1/2,512,95,True,False,False,False,False,False,False,False,False,False,False
4396,04396.json,adec956c44e019985ce653c69d08a0c471f853d729d30dfc4204479e7c33b4ec,negative_parity,1/2,512,96,True,False,False,False,False,False,False,False,False,False,False
4397,04397.json,457b13b778f8646459fb5811f350ed0fd977ba53bb7b89dd2cc815b71b3fa757,negative_parity,1/2,512,97,True,False,False,False,False,False,False,False,False,False,False
4398,04398.json,24b06982af476a066da28f3384124de9d52f7fed850bd2a7537e5744aa93a951,negative_parity,1/2,512,98,True,False,False,False,False,False,False,False,False,False,False
4399,04399.json,5995727162acca8791f84cec66d3c5125fa89ffa354c27854c96d7e1b396a1c0,negative_parity,1/2,512,99,True,False,False,False,False,False,False,False,False,False,False
4400,04400.json,8baabee4deee0930bb5d4a58bd7c867f8072fc0b8351e5e532f4661c092b3ba3,negative_parity,3/5,128,0,False,False,False,False,False,False,False,True,True,False,False
4401,04401.json,8200b911b8ff92c054e04e86af28c205fafc16e7c50a19b91ca6f462836bd255,negative_parity,3/5,128,1,False,False,False,False,False,False,False,True,True,False,False
4402,04402.json,91409a175cb6878475721f3db5beebd8b15ace4a649a006fd9207f8eeea7275f,negative_parity,3/5,128,2,False,False,False,False,False,False,False,True,True,False,False
4403,04403.json,29057eb60e0e0cdefd36b6b6041ed33d318195331269fde1280a7f3b2f268a0c,negative_parity,3/5,128,3,False,False,False,False,False,False,False,True,True,False,False
4404,04404.json,096cb58910a486cd0c5d97a182329826e3ac340451fec5afe88d5a7f44da4ad2,negative_parity,3/5,128,4,False,False,False,False,False,False,False,True,True,False,False
4405,04405.json,4fdf2c71b2aa10e27dd1f5805608f36a83324e8705013d3811675a0e6ba7b9d2,negative_parity,3/5,128,5,False,False,False,False,False,False,False,False,False,False,False
4406,04406.json,c9894742cb6a771443a52752a9dcbfed1d580b1fdb7788016058d384c555ceba,negative_parity,3/5,128,6,False,False,False,False,False,False,False,True,True,False,False
4407,04407.json,7f7fbc74eaadbe670fe2bfc267da4b2796c88df113014330c1f462c120026fea,negative_parity,3/5,128,7,False,False,False,False,False,False,False,True,True,False,False
4408,04408.json,5e1bcdca9ba9c470972e5a09045a9406395881745ed1979b672a34221482dcbc,negative_parity,3/5,128,8,False,False,False,False,False,False,False,True,True,False,False
4409,04409.json,a71788b7ef0ce1f2fcf8e3fdc0504dae2055e6f4d967548890fbb2dbb4d49e95,negative_parity,3/5,128,9,False,False,False,False,False,False,False,True,True,False,False
4410,04410.json,5e0bd12e916b75b9ea06d14352af9305851c40a1d640b3d448e401b0bc580851,negative_parity,3/5,128,10,False,False,False,False,False,False,False,True,True,False,False
4411,04411.json,435964f5f413c5ecf386869434e0b42b245a47b0a8c2ba040d2df1cd365c9627,negative_parity,3/5,128,11,False,False,False,False,False,False,False,True,True,False,False
4412,04412.json,4959596198bfdb9abb7639175562b26be0b017fe0665e80d0c7d08cc10459f6b,negative_parity,3/5,128,12,False,False,False,False,False,False,False,True,True,False,False
4413,04413.json,9f2882bffe03d479bde2f355dd628fa305041e550610fe6b45ca791a67c46804,negative_parity,3/5,128,13,False,False,False,False,False,False,False,True,True,False,False
4414,04414.json,64fc201a5ef7c15496fc30f9430df78c51d11adc61c98bfc87a742f316b9134e,negative_parity,3/5,128,14,False,False,False,False,False,False,False,True,True,False,False
4415,04415.json,3c6f65647bfb0c81fc0996973bd99b7306e3fc4c54de89d597bfef8747dd0679,negative_parity,3/5,128,15,False,False,False,False,False,False,False,True,True,False,False
4416,04416.json,239650cc5c469d455967669cdb95928bce7c285f84b1fcd72272b848a57aa54b,negative_parity,3/5,128,16,False,False,False,False,False,False,False,True,True,False,False
4417,04417.json,fd008c784c913e866fa03bcf9f5155886dede7f187f540e572520ec9f773c728,negative_parity,3/5,128,17,False,False,False,False,False,False,False,False,False,False,False
4418,04418.json,858cd20f7337114d158e24c9d01fab7101c0805a5f54fd3e24796eda29532152,negative_parity,3/5,128,18,False,False,False,False,False,False,False,True,True,False,False
4419,04419.json,fd07404cb4c391a2468bcad975f44894173564792afba9be7f36fcf24fe4d6df,negative_parity,3/5,128,19,False,False,False,False,False,False,False,True,True,False,False
4420,04420.json,c8dbb568187f91e33fd869a5d41071a4a7efc4c7dd7e41e15194559f9235e3e7,negative_parity,3/5,128,20,False,False,False,False,False,False,False,False,False,False,False
4421,04421.json,85d42bb25e982e1f9b089b52d9af56895975612907da2aade4d615b0a6288e1d,negative_parity,3/5,128,21,False,False,False,False,False,False,False,True,True,False,False
4422,04422.json,15558c095da80344100fe2d4b25e1d5b1867bcab9d978b5fcd13e431dfb247cd,negative_parity,3/5,128,22,False,False,False,False,False,False,False,False,False,False,False
4423,04423.json,18af1b758ee4cce468c2ec61214136ff4770dfefa7d009d4bbbaa2223c2339a2,negative_parity,3/5,128,23,False,False,False,False,False,False,False,True,True,False,False
4424,04424.json,4dfb7538a3710bdbbaf1e5ae0cfa680e88525aca9f09ae1c65832f1c24008573,negative_parity,3/5,128,24,False,False,False,False,False,False,False,False,False,False,False
4425,04425.json,3f534c7cfe72f30979c105fdeeb58084a0448a8896c5015bd628b4274e4b2ae5,negative_parity,3/5,128,25,False,False,False,False,False,False,False,False,False,False,False
4426,04426.json,cca41e6b3694432c0148aac542bab296c7cac0d959cd6fa87fdd6fe7ef1c8e47,negative_parity,3/5,128,26,False,False,False,False,False,False,False,False,False,False,False
4427,04427.json,54c74d1b471ce65b84737ccb1eae01abcc6f895d37417ec0fc74450bc3a55a70,negative_parity,3/5,128,27,False,False,False,False,False,False,False,True,True,False,False
4428,04428.json,933c64ffb42d08f3d03f4bce18ff3f8742b5a5e0edb192b77394421de505e400,negative_parity,3/5,128,28,False,False,False,False,False,False,False,False,False,False,False
4429,04429.json,a1357f09784f850781b279de0274486a8efe68d5aee805b01cc1bfe7d532ea06,negative_parity,3/5,128,29,False,False,False,False,False,False,False,True,True,False,False
4430,04430.json,ba489086d16eca0e3b465cdbe792b7bb97611d9474e510d6352e8415f75dcda0,negative_parity,3/5,128,30,False,False,False,False,False,False,False,True,True,False,False
4431,04431.json,d8dc5608b3ce9cb4ce382e775461722aa8c751985dd2bd631ff2891a66a25964,negative_parity,3/5,128,31,False,False,False,False,False,False,False,True,True,False,False
4432,04432.json,fbc5a30040e6f4bcb94961ded55e9e20c18a8e556980509120e048b7a8b3320a,negative_parity,3/5,128,32,False,False,False,False,False,False,False,True,True,False,False
4433,04433.json,0789ddf0dcadd44dfd7a41d93f689cc4efb6e40398831b92faaa67903468a23f,negative_parity,3/5,128,33,False,False,False,False,False,False,False,True,True,False,False
4434,04434.json,dd35b2589cc56513249248f8398f98eb5fd002d31cde63bbe73b37072f6946c3,negative_parity,3/5,128,34,False,False,False,False,False,False,False,True,True,False,False
4435,04435.json,52473d46a608d6057a746a1b3225335ae8149537b0e5e5538997df15efec1fa0,negative_parity,3/5,128,35,False,False,False,False,False,False,False,False,False,False,False
4436,04436.json,3efb1a9fa3c4b19b3b264dec3e882ca1f4921ed4a31f0c9240a8beca2f035028,negative_parity,3/5,128,36,False,False,False,False,False,False,False,False,False,False,False
4437,04437.json,024f78ed88e2f89c4d033dde94e88f20fb902d2b4a1235e7162c7a3c7d434655,negative_parity,3/5,128,37,False,False,False,False,False,False,False,True,True,False,False
4438,04438.json,24cd043c834b791d1d11ac5f74fd388bee25f4b5426877f1e60a6004ca78ea80,negative_parity,3/5,128,38,False,False,False,False,False,False,False,True,True,False,False
4439,04439.json,33d82805696ec4609dc1069b30c9904643b22b49dc4302e0c5352426dff4fcda,negative_parity,3/5,128,39,False,False,False,False,False,False,False,True,True,False,False
4440,04440.json,f9f4acdba92e3983369137c4812516fc199634f324a1e251e7ad190fa5f79055,negative_parity,3/5,128,40,False,False,False,False,False,False,False,True,True,False,False
4441,04441.json,362524b20b60597b3ff54bbd4f0857bb241169c8d277f923ad02e97d46073d0f,negative_parity,3/5,128,41,False,False,False,False,False,False,False,True,True,False,False
4442,04442.json,3e39cd65342ab0644c14db5e2955b600c5ce426820ac7255e037b5afd83c482e,negative_parity,3/5,128,42,False,False,False,False,False,False,False,True,True,False,False
4443,04443.json,42622efd027413147ce67b9766c45e6a747587ad95479805420ef435864dd5a9,negative_parity,3/5,128,43,False,False,False,False,False,False,False,True,True,False,False
4444,04444.json,cfbc108182a178831d76898e434c3be078b86141beb120dc9538ccb76f2a68a2,negative_parity,3/5,128,44,False,False,False,False,False,False,False,True,True,False,False
4445,04445.json,a301e0818f55edbf98730db6ff4654e75fb9ed5d8009be39c3c9030b4c4d8bdc,negative_parity,3/5,128,45,False,False,False,False,False,False,False,True,True,False,False
4446,04446.json,ed733325f32a2ae57e0a1834213cd25fae60eddacf972366b34d8110151b9279,negative_parity,3/5,128,46,False,False,False,False,False,False,False,True,True,False,False
4447,04447.json,8cd6e4128b24eff9d2c7842436b7124e62d7a404671a7cbd86cceb40231b4624,negative_parity,3/5,128,47,False,False,False,False,False,False,False,True,True,False,False
4448,04448.json,97b2b15f48bb2fd162aa93260cde1ae68c4f5d6fa4bc979a85003a64eaa9325b,negative_parity,3/5,128,48,False,False,False,False,False,False,False,True,True,False,False
4449,04449.json,4862353cb2c67316c90c3a7f8e19b09ac659ae8c5d6c2cba709792cdc1982334,negative_parity,3/5,128,49,False,False,False,False,False,False,False,True,True,False,False
4450,04450.json,f01235374e8623442f220415a302a3eea6814e4aa05bbf501617954db5991dc4,negative_parity,3/5,128,50,False,False,False,False,False,False,False,True,True,False,False
4451,04451.json,9ab1835520eec6cf44a0365e3e819a9e5c83ed3478f072f63af35e88748e1a83,negative_parity,3/5,128,51,False,False,False,False,False,False,False,True,True,False,False
4452,04452.json,a60c19add6aa94ff149e1a8a95bd0813b6abcbc74036e85f85e6160b6b4f5ddf,negative_parity,3/5,128,52,False,False,False,False,False,False,False,True,True,False,False
4453,04453.json,22bda3b686387ee6362312a67e2ca72ef3846ea658e2dad15b8807eefd7132ed,negative_parity,3/5,128,53,False,False,False,False,False,False,False,True,True,False,False
4454,04454.json,4f76ce4516c1881ed4c832dff1773fcf1edc9f9a06690f115902661b2aaa5a85,negative_parity,3/5,128,54,False,False,False,False,False,False,False,False,False,False,False
4455,04455.json,2fdb8ff2fc602aac0f92e23eddd302525a14d40f5354df969e69119a2dfa55c5,negative_parity,3/5,128,55,False,False,False,False,False,False,False,True,True,False,False
4456,04456.json,b9cbb735bfd68b852a5be7d13ca268eee8517e8bb29abb59417270ed10d2032c,negative_parity,3/5,128,56,False,False,False,False,False,False,False,True,True,False,False
4457,04457.json,d95b89bdd665b035c3ee704dd9a99afdb608967031dbae4b43e7ae9a016e6a21,negative_parity,3/5,128,57,False,False,False,False,False,False,False,True,True,False,False
4458,04458.json,76030a5c2764a1c215cd2fbeff98457d16d4e7cc21c86be785858000c5ebf12f,negative_parity,3/5,128,58,False,False,False,False,False,False,False,True,True,False,False
4459,04459.json,dac764b89b1b45e341d20e6832db438770df4aa38b2d86d7ab38898dad9375bb,negative_parity,3/5,128,59,False,False,False,False,False,False,False,True,True,False,False
4460,04460.json,fa55232cc500f25c789350de07dfc65dfd13213da7e9a51c6db568b71c87d923,negative_parity,3/5,128,60,False,False,False,False,False,False,False,True,True,False,False
4461,04461.json,61a39f9efbe11ca81328e695ef8904d5257b1901b82e507b5b5bbdaf5de26b38,negative_parity,3/5,128,61,False,False,False,False,False,False,False,True,True,False,False
4462,04462.json,678c0d5bf0c51ad3f28d81a2471f3c220d7485eddf07da6882988c86b645b19a,negative_parity,3/5,128,62,False,False,False,False,False,False,False,True,True,False,False
4463,04463.json,4c42ee3000a13358f2864e9f5227683ed3cfa207d298ccb40dc2ec5efdd3d028,negative_parity,3/5,128,63,False,False,False,False,False,False,False,False,False,False,False
4464,04464.json,b1d575191dd2111fb4c6bc2a8766cb40f075bf16e0753b94b4eea1ad004c125c,negative_parity,3/5,128,64,False,False,False,False,False,False,False,True,True,False,False
4465,04465.json,0a104d0b4994dc179f7aebce02528bf329287eb09f47c17a7a576e772f38dd5e,negative_parity,3/5,128,65,False,False,False,False,False,False,False,False,False,False,False
4466,04466.json,dcc64f895785f4825d6a972665efc57f78463d7790d811093826be33141bde5c,negative_parity,3/5,128,66,False,False,False,False,False,False,False,False,False,False,False
4467,04467.json,383c8023ddb90de919c1452521d3d29939fd0d1112fa8599b86212ec8b6027a2,negative_parity,3/5,128,67,False,False,False,False,False,False,False,True,True,False,False
4468,04468.json,033da253a81c92848748f3abef761752ebe72e15ede6d2133fdaa805381dea61,negative_parity,3/5,128,68,False,False,False,False,False,False,False,True,True,False,False
4469,04469.json,14d6313629eb02eefd722ffd2303c29129aab5bef2e23368f2da8968ec46f756,negative_parity,3/5,128,69,False,False,False,False,False,False,False,False,False,False,False
4470,04470.json,2ffa441d6e4f8a32b3e6dd8bdd532665362e8fc7049a5260c86d0b8a88c0355b,negative_parity,3/5,128,70,False,False,False,False,False,False,False,True,True,False,False
4471,04471.json,5787d690c2545766f47993fd171733e2165b79b5e093aca98b9b915502c6b245,negative_parity,3/5,128,71,False,False,False,False,False,False,False,True,True,False,False
4472,04472.json,f6c6c4b856dc18c66ad819b5293aadfaf4fde84f55c5108ec3ff5220b2362b84,negative_parity,3/5,128,72,False,False,False,False,False,False,False,True,True,False,False
4473,04473.json,f79e7b6bbe8fbc249752fd51d7e7986fe6f58cbd670b9f9f50fffc56ce490623,negative_parity,3/5,128,73,False,False,False,False,False,False,False,True,True,False,False
4474,04474.json,9884c5106853d1c3d10ae4a1b91332dd5b63123328d305ae5d4b82edb0be4579,negative_parity,3/5,128,74,False,False,False,False,False,False,False,True,True,False,False
4475,04475.json,8d184658f228e8d6e98d3ea562eba911113a11922119f2238e89383d61b5527d,negative_parity,3/5,128,75,False,False,False,False,False,False,False,True,True,False,False
4476,04476.json,9d35329cb16e953656130bfd2a19338841915e67d81c3ec299b230406a9e133a,negative_parity,3/5,128,76,False,False,False,False,False,False,False,True,True,False,False
4477,04477.json,46cb77a9dac8c551cf725ebdbbae811669b66fd2cf23b2a0e77deaee2fa6dad2,negative_parity,3/5,128,77,False,False,False,False,False,False,False,True,True,False,False
4478,04478.json,edce28ea69b20e4a1caedfc7e5b294fdbd9bedea2a30455edef2363acc9af049,negative_parity,3/5,128,78,False,False,False,False,False,False,False,True,True,False,False
4479,04479.json,1eb41b2be4feb5d3231d4ce8c313415b4b99610a0e30a0a7856a3d3fd5a712e9,negative_parity,3/5,128,79,False,False,False,False,False,False,False,True,True,False,False
4480,04480.json,0732d0a53c6b670302420380195654bd5574d70c322a73b44ff60085532b7cdd,negative_parity,3/5,128,80,False,False,False,False,False,False,False,True,True,False,False
4481,04481.json,c7c77921ccd94a838cad246472bce153e80523503042cb6b8e2da36bd656f3ad,negative_parity,3/5,128,81,False,False,False,False,False,False,False,True,True,False,False
4482,04482.json,58b96a0301ab97b3fe5924bc3d9147f1a6902e2f35f604724b9385cf015d2121,negative_parity,3/5,128,82,False,False,False,False,False,False,False,True,True,False,False
4483,04483.json,ed431d66c1dbc94283cc45f71235a043c05c2ea06b6caab8e22d2a04a8b91938,negative_parity,3/5,128,83,False,False,False,False,False,False,False,False,False,False,False
4484,04484.json,3e32d9d23f92828445cc9bf31a5f1ecf5dc9e67155d02f3f348d805a24624bd7,negative_parity,3/5,128,84,False,False,False,False,False,False,False,False,False,False,False
4485,04485.json,ca59908af99432176d11d4b2b0d828848c8e8e5ba1cc9589641b58971a473a47,negative_parity,3/5,128,85,False,False,False,False,False,False,False,True,True,False,False
4486,04486.json,aa70f447ca133f75f9b4ab5aacc9abaf12fe84ad2dd1489e8dacafb8ab0b38bc,negative_parity,3/5,128,86,False,False,False,False,False,False,False,True,True,False,False
4487,04487.json,ee65f5edd2ba53bc1b6cda9095d87da1054a8f1e62e3cb96a2b6d123fb87c85e,negative_parity,3/5,128,87,False,False,False,False,False,False,False,False,False,False,False
4488,04488.json,20cb9cfb108a27dfe7a8c161f46f75a6ea2bfa7a27bc044748b442e2bf34f8e6,negative_parity,3/5,128,88,False,False,False,False,False,False,False,True,True,False,False
4489,04489.json,280d3f6676ff7b518dbc8d598a279137d9ba1616db634dde0332629c7cd0868a,negative_parity,3/5,128,89,False,False,False,False,False,False,False,False,False,False,False
4490,04490.json,f61957b2d0c6a023ce1a453355c0f11637a99b5d457d80688abd789f57c777d9,negative_parity,3/5,128,90,False,False,False,False,False,False,False,True,True,False,False
4491,04491.json,4004281e8774b5ef62209a02a9899f64731454a977aedcd7e9d0581b8fbd2ad8,negative_parity,3/5,128,91,False,False,False,False,False,False,False,True,True,False,False
4492,04492.json,85456073730245eb2933530ddb739e73127effbfaf6113bc4a2007ccaf01c588,negative_parity,3/5,128,92,False,False,False,False,False,False,False,True,True,False,False
4493,04493.json,9900cf811bafe3adf65be03a4c49ecb9638ff4102f2796bc795805ac95bb8507,negative_parity,3/5,128,93,False,False,False,False,False,False,False,True,True,False,False
4494,04494.json,e3a123013e62f54b1f7b05a698398aa498f583dff900b298e01fd181930ee182,negative_parity,3/5,128,94,False,False,False,False,False,False,False,True,True,False,False
4495,04495.json,e3278c823aa3f6f6bfc1f185eac29264e403bd15634fade620e6b0df7cffe6a0,negative_parity,3/5,128,95,False,False,False,False,False,False,False,False,False,False,False
4496,04496.json,a1a1b687d576172728a20feb8b655065569e5aac4d1418f7ff6ee2b6c06570a8,negative_parity,3/5,128,96,False,False,False,False,False,False,False,True,True,False,False
4497,04497.json,44c02368dc0f9e38ea77e51a8cd208dc635cb011ce5c6b9b20c93d56bca209ac,negative_parity,3/5,128,97,False,False,False,False,False,False,False,False,False,False,False
4498,04498.json,f8541fab9ecdcac4c7d82920b5daf65f1c6cfe8bda72722d769a8b59ce12b08a,negative_parity,3/5,128,98,False,False,False,False,False,False,False,True,True,False,False
4499,04499.json,43a0a70eabc1aae73e28f1a21ccdb59bfa0fcfecb377c45623409cbeee7df785,negative_parity,3/5,128,99,False,False,False,False,False,False,False,True,True,False,False
4500,04500.json,13e0124af7f6a73815b64d48582f6a46cdba79bad28d4058ca2c229163d8813c,negative_parity,3/5,512,0,False,False,False,False,False,False,False,True,True,False,False
4501,04501.json,16959e8f9b3bb695c4d67b67d1c68adfdf6045867d21163a9ffd3bfcebc263d5,negative_parity,3/5,512,1,False,False,False,False,False,False,False,True,True,False,False
4502,04502.json,e66a6c6a236bb6e6f5bd8f6b2b4ceaf0301d98468afa2235704a76bcc5a4c900,negative_parity,3/5,512,2,False,False,False,False,False,False,False,True,True,False,False
4503,04503.json,c5f61285c9e279147681fdedc6dd7c1c96ebd35b31f1b54acc08a23858634f44,negative_parity,3/5,512,3,False,False,False,False,False,False,False,True,True,False,False
4504,04504.json,6666a3bdd91dde79e3415190329c8ae78a3cee0cf915d240eaba4bcbc9a376c4,negative_parity,3/5,512,4,False,False,False,False,False,False,False,True,True,False,False
4505,04505.json,b2d12588b31c2933f065c9b55ea2961e033f12211ce0fe52ba92951b60ee275c,negative_parity,3/5,512,5,False,False,False,False,False,False,False,True,True,False,False
4506,04506.json,982ece1674c2cad01efc874bd24d70a72883f38e1023bd1e5730efda43b36b3f,negative_parity,3/5,512,6,False,False,False,False,False,False,False,True,True,False,False
4507,04507.json,a4ff03444e58d2b2a86b0499e9275e977fd43dc4b5e5429fe536639ed24b8181,negative_parity,3/5,512,7,False,False,False,False,False,False,False,True,True,False,False
4508,04508.json,3524c625e79fe795cc1a5204bbe7da34b1504f3ca5ba47e8950ac03065344ccd,negative_parity,3/5,512,8,False,False,False,False,False,False,False,True,True,False,False
4509,04509.json,c171b0981ddb81b4320cfa75f492918002f459a238c2509ffcf56d3030eb0f4a,negative_parity,3/5,512,9,False,False,False,False,False,False,False,True,True,False,False
4510,04510.json,9d27a8571534b3f487077934ab270a9efe7cc6363fb262593813a1e28677e5ac,negative_parity,3/5,512,10,False,False,False,False,False,False,False,True,True,False,False
4511,04511.json,2d8479b0f6cd26168a689062de038ed7040e8eb393074f107774268bf55e5a5d,negative_parity,3/5,512,11,False,False,False,False,False,False,False,True,True,False,False
4512,04512.json,69f5fe1769e8faa19fbfedc975ca1be2c0425d3b08ab680e28cacbde8bab0265,negative_parity,3/5,512,12,False,False,False,False,False,False,False,True,True,False,False
4513,04513.json,ae93d0b123f6f645af552780f0ffe8d0866ec718bc07cc97e3e921c503db20d3,negative_parity,3/5,512,13,False,False,False,False,False,False,False,True,True,False,False
4514,04514.json,25ce323c4d24b2a0d5c7c6e67fa3e0e1690fbd98d5f5f07bfe9d09d3baf08802,negative_parity,3/5,512,14,False,False,False,False,False,False,False,True,True,False,False
4515,04515.json,48ceff4be3ee4cbeb7d3ca3ec29ae9d3cdd5352d6e9d5a64048300c55826f60d,negative_parity,3/5,512,15,False,False,False,False,False,False,False,True,True,False,False
4516,04516.json,f8252a768013cd731d2f510dbf879a12477c8ee5f0b1faa3d6eb1d764ef7a9a8,negative_parity,3/5,512,16,False,False,False,False,False,False,False,True,True,False,False
4517,04517.json,2c0d7da5d896c9fc6c2542c4a9a6883c0a1dcf34aace894e416565ae6e71abba,negative_parity,3/5,512,17,False,False,False,False,False,False,False,True,True,False,False
4518,04518.json,6ee0543e9073696449de0e269cf39d48022149e13804d8060a9eebeb16d5b50a,negative_parity,3/5,512,18,False,False,False,False,False,False,False,True,True,False,False
4519,04519.json,6a3e4b4f22b22281e194fe3567160abe96a334d77263fc9c4cd50f411c8e8a33,negative_parity,3/5,512,19,False,False,False,False,False,False,False,True,True,False,False
4520,04520.json,723c438220877d4c6bf2f705cbcc8e17835fcd0f3a7c7793a56930c1919f4493,negative_parity,3/5,512,20,False,False,False,False,False,False,False,True,True,False,False
4521,04521.json,d216351cd6acf5b39fccda50f3049a592f969e4c27de3c7b31cd76e0c25071ee,negative_parity,3/5,512,21,False,False,False,False,False,False,False,True,True,False,False
4522,04522.json,d0f5c1f0ddfa1c9b1a407db2f6c5f29fde43cdd67dfef8473e1c9a0230d0a723,negative_parity,3/5,512,22,False,False,False,False,False,False,False,True,True,False,False
4523,04523.json,8dcc0772ec228a227f88f35b5225e1f4aadbf57c39439b404d6832c4dc1a7055,negative_parity,3/5,512,23,False,False,False,False,False,False,False,True,True,False,False
4524,04524.json,0845ba0c32ac94ebe0ad9a68b925d2561fe8b083e95537f0d33619d8917a8368,negative_parity,3/5,512,24,False,False,False,False,False,False,False,True,True,False,False
4525,04525.json,d6357f40a445ebc03ab5dc9ba4ff1877757b5d2ec1d7e492f3660bd69be2bd8f,negative_parity,3/5,512,25,False,False,False,False,False,False,False,True,True,False,False
4526,04526.json,31f7af118867d6a7f3f14419d865d73e97fe47750d6d1df6eb812cdec86543c3,negative_parity,3/5,512,26,False,False,False,False,False,False,False,True,True,False,False
4527,04527.json,168cff8c70c62f6f35043e146038cc08dbf92de01c2259cdfd53e257c6894f7c,negative_parity,3/5,512,27,False,False,False,False,False,False,False,True,True,False,False
4528,04528.json,7e635134eab0019157710667a56b4c6b1e5cb3e1fdbf4b8b50e8ffab3de4ec09,negative_parity,3/5,512,28,False,False,False,False,False,False,False,True,True,False,False
4529,04529.json,8152a3aed413adeb4cfff6abc3c20d528d05c3c79aa74afda972b482cdbe4dfd,negative_parity,3/5,512,29,False,False,False,False,False,False,False,True,True,False,False
4530,04530.json,c4508796c09e9e4aa2fb66d9658a45c66538373289aed5a356f05e5d189dcc2d,negative_parity,3/5,512,30,False,False,False,False,False,False,False,True,True,False,False
4531,04531.json,e6ce8624943549d8c5e6700c9466c47e957d1b24e66489137934f1d1a3f2de0d,negative_parity,3/5,512,31,False,False,False,False,False,False,False,True,True,False,False
4532,04532.json,ff3dfd76da45db14ec041c2958042a8f33baab3162cf871a60e53a10360443cd,negative_parity,3/5,512,32,False,False,False,False,False,False,False,True,True,False,False
4533,04533.json,55ef5664c9d78d03de7ff1feafed2ffbe6eadc3d3cf55aab8d341608e8ba9715,negative_parity,3/5,512,33,False,False,False,False,False,False,False,True,True,False,False
4534,04534.json,46db65e832f18af2721bf1547fb98d65e25b8114de9bf887d4d7cd98045fea3c,negative_parity,3/5,512,34,False,False,False,False,False,False,False,True,True,False,False
4535,04535.json,a4bbc851cfb023c4fe153e330d5b2849ae8b6e0513b77a80f0ece7afc4ad2910,negative_parity,3/5,512,35,False,False,False,False,False,False,False,True,True,False,False
4536,04536.json,2d77163c379f531f709cea6ade7e93d751f5c2eb748ed989f4eb270f6e3fdd42,negative_parity,3/5,512,36,False,False,False,False,False,False,False,True,True,False,False
4537,04537.json,cbd9d36656a9240f68edda999cb43356a2e19696327a293cf2efd8a2ab038f40,negative_parity,3/5,512,37,False,False,False,False,False,False,False,True,True,False,False
4538,04538.json,ed74521c4712dfcce2c56c6bb32cb4cbf95003255cbb1d23d7bf73ac7c701246,negative_parity,3/5,512,38,False,False,False,False,False,False,False,True,True,False,False
4539,04539.json,10a3f35e9faf93a6cf0e987394e896ece7b3edc572b2804f739271ad14e6c4b7,negative_parity,3/5,512,39,False,False,False,False,False,False,False,True,True,False,False
4540,04540.json,debba2420f09d14ec034348012bdc2de3c1ef7857e74a306accb0e75916c8c2b,negative_parity,3/5,512,40,False,False,False,False,False,False,False,True,True,False,False
4541,04541.json,d9ac29fc64cd17e03d9973f1547477f726aba25cbeb44781410e7c4b2083a83e,negative_parity,3/5,512,41,False,False,False,False,False,False,False,True,True,False,False
4542,04542.json,b89326396ff854d37d7412ca28a4695aca756bbd13d5d8b214c1fcb6b2ae5510,negative_parity,3/5,512,42,False,False,False,False,False,False,False,True,True,False,False
4543,04543.json,fb728d027bb90d5a796375d81003098cf4d23383477de2d1852d43a4c8690dab,negative_parity,3/5,512,43,False,False,False,False,False,False,False,True,True,False,False
4544,04544.json,74ae272a01da42c352ae4ac7e7d6b46125f72bd2650d560b2a757ab49df43494,negative_parity,3/5,512,44,False,False,False,False,False,False,False,True,True,False,False
4545,04545.json,b5b5e4dc11464afae6e86fe72e90bd4833cb4fd5ca4204ed8cbdee21f1b6f1bd,negative_parity,3/5,512,45,False,False,False,False,False,False,False,True,True,False,False
4546,04546.json,fd1e79cb2a3563fc3c8c6c7e3a1d56f89c6f4fd05681eed0ae9bc1b1d1839747,negative_parity,3/5,512,46,False,False,False,False,False,False,False,True,True,False,False
4547,04547.json,5366c0f97aa42a455721c7988acddc49709ab10fc6e887b187d0b10a99da1d5d,negative_parity,3/5,512,47,False,False,False,False,False,False,False,True,True,False,False
4548,04548.json,e90e065e1887bef4d2d6cc176318710d8daf590718a580843bde42423f1ba232,negative_parity,3/5,512,48,False,False,False,False,False,False,False,True,True,False,False
4549,04549.json,95673b544e82dea04acf71b81db3ef9b1d26891ecd60ebc0582ae5b405cfc5d2,negative_parity,3/5,512,49,False,False,False,False,False,False,False,True,True,False,False
4550,04550.json,1f2e62916e6741680693bb8693d82c17cb321f3ccc124451b6352d76c6fe6484,negative_parity,3/5,512,50,False,False,False,False,False,False,False,True,True,False,False
4551,04551.json,7f0d75ccf614616390373c68c11d274d4a3cb0e23265c52ffaf75c58d4bdd9f8,negative_parity,3/5,512,51,False,False,False,False,False,False,False,True,True,False,False
4552,04552.json,1e51210a2a5f1efb3ff2e35d50738b1e09e88b8611bc47147474e554dee974f7,negative_parity,3/5,512,52,False,False,False,False,False,False,False,True,True,False,False
4553,04553.json,fab420b193a0b1a423bbe1be9e4e0fdb15e5362a9c24226ca9dc7709160a9558,negative_parity,3/5,512,53,False,False,False,False,False,False,False,True,True,False,False
4554,04554.json,a7090548551acc14f1d13a33cc9ceebe7f581441814004d7f6297a12940266b0,negative_parity,3/5,512,54,False,False,False,False,False,False,False,True,True,False,False
4555,04555.json,9e7ee9ff4d8d6f59910937702b1bd2ce8a287d434351ab5b22c3472f45e7e8da,negative_parity,3/5,512,55,False,False,False,False,False,False,False,True,True,False,False
4556,04556.json,5eb29ba122872a95c9cc3129f9fde81421e8d9b1e02458078556a6a34441cfaa,negative_parity,3/5,512,56,False,False,False,False,False,False,False,True,True,False,False
4557,04557.json,080c3701975b1d1cd46d51d4d720b5a8cfe4616031a0c4c2becebda819690b5d,negative_parity,3/5,512,57,False,False,False,False,False,False,False,True,True,False,False
4558,04558.json,01ec1b67c26ed8cb9b433b52a7eadfbd8cca4eba0a0e46401401d4225418c7e0,negative_parity,3/5,512,58,False,False,False,False,False,False,False,True,True,False,False
4559,04559.json,61ba5b0f2af2dd06226ab7e15dbef774f4f4ff0dc97708d8677a21ef5f105780,negative_parity,3/5,512,59,False,False,False,False,False,False,False,True,True,False,False
4560,04560.json,10b6849055d259095c313aaed5be100ff4d3a7176f26e7888cf16288953ac441,negative_parity,3/5,512,60,False,False,False,False,False,False,False,True,True,False,False
4561,04561.json,3ce02107701f46a50d4cccf4449279ccaee874f433fa61e174ee5ac936cf139b,negative_parity,3/5,512,61,False,False,False,False,False,False,False,True,True,False,False
4562,04562.json,55937fb628418650684c1458e57371594bf76453d78689e0dadfd713077b1994,negative_parity,3/5,512,62,False,False,False,False,False,False,False,True,True,False,False
4563,04563.json,e0a0aab992bb650e38d8e2515812a986e11a06116e7b4f2935cb246b9331ec26,negative_parity,3/5,512,63,False,False,False,False,False,False,False,True,True,False,False
4564,04564.json,8d7c780dc140c8cc58e7a82799f23163f902e7a9c0ab4c39444ab4c2e058bcbb,negative_parity,3/5,512,64,False,False,False,False,False,False,False,True,True,False,False
4565,04565.json,f9bcda910cddedf6614767285477b86bb3b9f55911fd1bf88c19b9789785b25e,negative_parity,3/5,512,65,False,False,False,False,False,False,False,True,True,False,False
4566,04566.json,8d2ed69a3c1889ed524a65e7879d9ce5b13e8dcaac2452c57b1018cb97c5f530,negative_parity,3/5,512,66,False,False,False,False,False,False,False,True,True,False,False
4567,04567.json,1b1f63b66d76bf09f139608a92f5680f41b133f37cd97ec84ff79765fbe53e0b,negative_parity,3/5,512,67,False,False,False,False,False,False,False,True,True,False,False
4568,04568.json,e71f7b4dd276df53375e30d1fbe5954a108159184efa3d7103b24a903e0ef446,negative_parity,3/5,512,68,False,False,False,False,False,False,False,True,True,False,False
4569,04569.json,a5e322be297b138cdba43d7f0dd0b1b4a57f4f08d17e239e2b834f1a3845b9a3,negative_parity,3/5,512,69,False,False,False,False,False,False,False,True,True,False,False
4570,04570.json,b9ac6dca332b6c713070c0c8dc72c3835c699dfafbc925ced1e80bb2c1340202,negative_parity,3/5,512,70,False,False,False,False,False,False,False,True,True,False,False
4571,04571.json,7623c7b1f6e00c5f7c664e13c1e0c84694261baa834be6b5bb192d5a3d2b60d5,negative_parity,3/5,512,71,False,False,False,False,False,False,False,True,True,False,False
4572,04572.json,86fab17f8af0c1ff5d361f16ab9cb4275e7831bf78c2fc70e8a3b48720ea6171,negative_parity,3/5,512,72,False,False,False,False,False,False,False,True,True,False,False
4573,04573.json,7dbfb38ac61771a947780d1865b50beced9d571fd883e181f7a3cc77d3c7b9f2,negative_parity,3/5,512,73,False,False,False,False,False,False,False,True,True,False,False
4574,04574.json,aa6b741392cc4e30d94a8178fb4892fbaa24212db4fac4651f3727b05b3f17c2,negative_parity,3/5,512,74,False,False,False,False,False,False,False,True,True,False,False
4575,04575.json,e0fe92129e9e76dfaeaf772a840c268c823099219e4c9b35c90b19f609a38d0c,negative_parity,3/5,512,75,False,False,False,False,False,False,False,True,True,False,False
4576,04576.json,244174cc364184151c0565177c4a7d670a17e4dd249a1a6c93d6f7bb5793b20a,negative_parity,3/5,512,76,False,False,False,False,False,False,False,True,True,False,False
4577,04577.json,f6d62ac1c6dff12f0be0ced98c86be4965e3e047721ddbb2ded0d459996e63f5,negative_parity,3/5,512,77,False,False,False,False,False,False,False,True,True,False,False
4578,04578.json,c4cbcd51bafb8afb7fbdcb0833f41f9a93cf06c69717baeb4a303615491dc3ef,negative_parity,3/5,512,78,False,False,False,False,False,False,False,True,True,False,False
4579,04579.json,d17c839ce2cba6746553ce57d0e61a2cecd81f5e2bf590d4599153c814b6805c,negative_parity,3/5,512,79,False,False,False,False,False,False,False,True,True,False,False
4580,04580.json,2aa07e033dd3d94bda31f47a77e51ed8eb447079814612df11e19420abaa77da,negative_parity,3/5,512,80,False,False,False,False,False,False,False,True,True,False,False
4581,04581.json,ede278532ff06bd75b6985560f5b2a19b210c6ecb201b8b7dee5d0b129eb27e3,negative_parity,3/5,512,81,False,False,False,False,False,False,False,True,True,False,False
4582,04582.json,38fe2e1bf73ecbfb0844a2ac29a27c12917ce0387588edc1442d2dbfa28a7d06,negative_parity,3/5,512,82,False,False,False,False,False,False,False,True,True,False,False
4583,04583.json,77710443c51bb5a15199254670fd0d0182fbe5ad1ec7e3c29edfe74f5f79a599,negative_parity,3/5,512,83,False,False,False,False,False,False,False,True,True,False,False
4584,04584.json,5069373f7627a3464b2fb170905c7a4f8470fd72b11144fb6c436db2b495f427,negative_parity,3/5,512,84,False,False,False,False,False,False,False,True,True,False,False
4585,04585.json,eb0cdb8cee28201cec337490d5a9ff36cdd91e52198bf5ef2135af2dd1db803f,negative_parity,3/5,512,85,False,False,False,False,False,False,False,True,True,False,False
4586,04586.json,995c5057ae31159005c1a82903d9d400deb37d978a9b6050b66eaefb1a6e8975,negative_parity,3/5,512,86,False,False,False,False,False,False,False,True,True,False,False
4587,04587.json,5be2ba6f1a95f818a0dc536a1ae67b7d61a4f1c7d1e66faec0fd93bb374a5bd1,negative_parity,3/5,512,87,False,False,False,False,False,False,False,True,True,False,False
4588,04588.json,2e43ff557b438d97a106c01ce1b0d7625f0ad2e6a1c227434a33206001ea7e98,negative_parity,3/5,512,88,False,False,False,False,False,False,False,True,True,False,False
4589,04589.json,11c705426b88b2a18e07dfbddd9af747cc7af9422779e1f161888502487c3751,negative_parity,3/5,512,89,False,False,False,False,False,False,False,True,True,False,False
4590,04590.json,cf5566025178508adcce4fc40e41c0619354d601887cabf6d5ac57f36ba5c657,negative_parity,3/5,512,90,False,False,False,False,False,False,False,True,True,False,False
4591,04591.json,fcaf9c53916ed780d6e42eddd4d03ebf9cb67f405795fb3f3611a1cbe03ddc01,negative_parity,3/5,512,91,False,False,False,False,False,False,False,True,True,False,False
4592,04592.json,3fa3e561ccb45b239f5b4167978a0abe042b6e7d9930f9802f45557f6414bb00,negative_parity,3/5,512,92,False,False,False,False,False,False,False,True,True,False,False
4593,04593.json,02f389d3fdbb2cabc7606ac30733527b9da33f25760d17fa013c459ed998dff4,negative_parity,3/5,512,93,False,False,False,False,False,False,False,True,True,False,False
4594,04594.json,b352585548d3d82b2f4dfc2b4692a472644591b22b06565ac467cdffbcd2529e,negative_parity,3/5,512,94,False,False,False,False,False,False,False,True,True,False,False
4595,04595.json,f09c291113ed6e063ebd69ea48bbc9ee3ab3fedf081ecaa181c12dcd57b29ba8,negative_parity,3/5,512,95,False,False,False,False,False,False,False,True,True,False,False
4596,04596.json,37b2d5ee424ede3474269a1e6ab01b0c1eefdfedce3643215062c95a1b51004b,negative_parity,3/5,512,96,False,False,False,False,False,False,False,True,True,False,False
4597,04597.json,0d38f62f7d4dbb2e2dff0dc274ff07782f236190f4f09a1e543aebed13a84230,negative_parity,3/5,512,97,False,False,False,False,False,False,False,True,True,False,False
4598,04598.json,6596940c6e6be4196191d0d89b29ffeb0c012cc83610d8e68c53fd41bf2c11ea,negative_parity,3/5,512,98,False,False,False,False,False,False,False,True,True,False,False
4599,04599.json,e066113863fb83d6d6fdc3c35278affd14873c80821080d7f68a120a0dfa9568,negative_parity,3/5,512,99,False,False,False,False,False,False,False,True,True,False,False
4600,04600.json,f5b90bc13c4380024bdade279310f42a26616864de5892ddfdbfe1a27aa56d4a,scaled_channel,1/2,128,0,True,False,False,False,False,False,False,False,False,False,False
4601,04601.json,84a383d24c09c63b4ae5e6c363aa817e2249d6132f16213718c4cb5c12864da9,scaled_channel,1/2,128,1,True,False,False,False,False,False,False,False,False,False,False
4602,04602.json,f79e737c7d585293ea3867a9c495a49864728ac337a8f469ee0efa3482f3c1db,scaled_channel,1/2,128,2,True,False,False,False,False,False,False,False,False,False,False
4603,04603.json,bfe1fb1192d405b3e12700933eff58800ce7f929c325c85d74a77bb35efb91ff,scaled_channel,1/2,128,3,True,False,False,False,False,False,False,False,False,False,False
4604,04604.json,13336ae371f623ce958bff8a93bd306d7b8ad18d6cee5d97a9dab3a713758414,scaled_channel,1/2,128,4,True,False,False,False,False,False,False,False,False,False,False
4605,04605.json,46b61b8842151667a64c6f9465c99a039d9ed200331e2b7b67a58109ec7de1b1,scaled_channel,1/2,128,5,True,False,False,False,False,False,False,False,False,False,False
4606,04606.json,8b5666abb6c7950630d95b22477143218d32535818aff27fea7093a3162ed09e,scaled_channel,1/2,128,6,True,False,False,False,False,False,False,False,False,False,False
4607,04607.json,0eb508dc511376d240a73b003dd969a37041526974a05f295deee9000d63b40f,scaled_channel,1/2,128,7,True,False,False,False,False,False,False,False,False,False,False
4608,04608.json,7be62f1c57ea36aecd147c0d732622be3e6c60fc9a9a92415a8f79326050f0c5,scaled_channel,1/2,128,8,True,False,False,False,False,False,False,False,False,False,False
4609,04609.json,36b7826a22250d3f2c1f3827a8bb08a8b5e50f96aa5eb8ce8504668ffa1cd678,scaled_channel,1/2,128,9,True,False,False,False,False,False,False,False,False,False,False
4610,04610.json,fdcb702a8370d004ef1eecef06081e5908f8f146409b938deb97576db68ccf93,scaled_channel,1/2,128,10,True,False,False,False,False,False,False,False,False,False,False
4611,04611.json,69ac55dec42999b40b9be50aadc6fef0058ba671cbc3e0f5cb0afc0418dd0388,scaled_channel,1/2,128,11,True,False,False,False,False,False,False,False,False,False,False
4612,04612.json,62e1dc49b6f7fce7746b8e4fc5751e9e08ffaee9718bb97fccb74222b96f3c62,scaled_channel,1/2,128,12,True,False,False,False,False,False,False,False,False,False,False
4613,04613.json,10b0c472baece5fc208f26dbb7d829909a0f2fe80154a62c609d9316f4dff119,scaled_channel,1/2,128,13,True,False,False,False,False,False,False,False,False,False,False
4614,04614.json,3579119d08fa0f33c34a2ded4704c2224246cffc1ee7b64962bba6559546e06a,scaled_channel,1/2,128,14,True,False,False,False,False,False,False,False,False,False,False
4615,04615.json,2651a0297eb46f58dd14a71ea7410ed569567aab8c539fac3fee9b8be21f0d0f,scaled_channel,1/2,128,15,True,False,False,False,False,False,False,False,False,False,False
4616,04616.json,95fc6ac457b77d03a53108ec0de6ff8783fb9c300a0ef2ee19a012ca37c9e0d0,scaled_channel,1/2,128,16,True,False,False,False,False,False,False,False,False,False,False
4617,04617.json,a2cf23fb0a73cf5fc7cd1d9e5baff624d018b7b96a718034d4f280a5c78c5ecd,scaled_channel,1/2,128,17,True,False,False,False,False,False,False,False,False,False,False
4618,04618.json,27e0ff43db395691689f8cc1ae6a9bdea5304560ed286b4fed485d1ec53f9f56,scaled_channel,1/2,128,18,True,False,False,False,False,False,False,False,False,False,False
4619,04619.json,27ecd8763bb2e383af035d4f9257c6e864f6c12f8af00ea7b8470899692d674c,scaled_channel,1/2,128,19,True,False,False,False,False,False,False,False,False,False,False
4620,04620.json,aa77b053ff5bdbb388457d867ce731a1545d7227ddb67f07df5de475108b59be,scaled_channel,1/2,128,20,True,False,False,False,False,False,False,False,False,False,False
4621,04621.json,54593ccfb4feca55b5574e83d73d19a8f7962ad020b49fc697b7581138eb7a01,scaled_channel,1/2,128,21,True,False,False,False,False,False,False,False,False,False,False
4622,04622.json,a9838939585c9ec9ebfc386134580f048e5566bedc0931b483f41d845f136677,scaled_channel,1/2,128,22,True,False,False,False,False,False,False,False,False,False,False
4623,04623.json,034c392ec5f23fbad390b6cbf88dcc962a9aa7e3464af0d222206eeacd49942e,scaled_channel,1/2,128,23,True,False,False,False,False,False,False,False,False,False,False
4624,04624.json,618d46b630f73a1dbaaffded3dca991e87e9ba8339caa692e89bc16bac133da4,scaled_channel,1/2,128,24,True,False,False,False,False,False,False,False,False,False,False
4625,04625.json,dfcf1041d467574bf35297015131952e3d76fd7ed02161b2da644e9ed89dd64a,scaled_channel,1/2,128,25,True,False,False,False,False,False,False,False,False,False,False
4626,04626.json,f9b2bcc064b3cab9f81b02812ccd9ce6b92acded9d0c1cad489107b8c6dd9d71,scaled_channel,1/2,128,26,True,False,False,False,False,False,False,False,False,False,False
4627,04627.json,ee9b89b8c614ee289854523296ba618a9427fd7fd3b7532c5f057a189c2b0168,scaled_channel,1/2,128,27,True,False,False,False,False,False,False,False,False,False,False
4628,04628.json,621c2a13f6c9d629263f4d035cf2c9d0719050241a5b9c094816b41e06a7ae74,scaled_channel,1/2,128,28,True,False,False,False,False,False,False,False,False,False,False
4629,04629.json,87bc0be1c8bda5180c8c68894ecefc01cc5771edc64a20a95feedc3f7bc9c3d9,scaled_channel,1/2,128,29,True,False,False,False,False,False,False,False,False,False,False
4630,04630.json,7ef2950db87f633bd8ba8316e418a0019adb44450514590e2c4e2071543ea503,scaled_channel,1/2,128,30,True,False,False,False,False,False,False,False,False,False,False
4631,04631.json,8535637009be47f310581f5929cbbbaa838991824f95f76a4be92a8e9f3959bf,scaled_channel,1/2,128,31,True,False,False,False,False,False,False,False,False,False,False
4632,04632.json,af0b7e800d094ad3cb6f2b8a29e58805ccd1f89630304bcbde3e6b997a1273a5,scaled_channel,1/2,128,32,True,False,False,False,False,False,False,False,False,False,False
4633,04633.json,3e823313f9eb97203d551d5cb7e43209f030427be848f931669c8a221b2abe86,scaled_channel,1/2,128,33,True,False,False,False,False,False,False,False,False,False,False
4634,04634.json,891b1d8ec19a91bd34bf78159b74bc63accece7004d10a027b674a200f2dc26d,scaled_channel,1/2,128,34,True,False,False,False,False,False,False,False,False,False,False
4635,04635.json,d521eb3d57023d4dc4a9dac67e6598f95f83a3fa24255783f7fc5baf7e76bb89,scaled_channel,1/2,128,35,True,False,False,False,False,False,False,False,False,False,False
4636,04636.json,498ef0ec458a18f47bad651d1d612014b134d01a0f8fe763c66c9873a1459030,scaled_channel,1/2,128,36,True,False,False,False,False,False,False,False,False,False,False
4637,04637.json,ae87d8f653d951491288a1501e6ed1e6de328a056a86f980fa0e58e30dfbf366,scaled_channel,1/2,128,37,True,False,False,False,False,False,False,False,False,False,False
4638,04638.json,3a365bf38824f25fc788b96d64225016adb2d9c108b89db3af66c723f2ca5ecb,scaled_channel,1/2,128,38,True,False,False,False,False,False,False,False,False,False,False
4639,04639.json,90b881a3a3755bcd0c63a3c7a18f964ad8b77972d90613c46e0f12030fafefd5,scaled_channel,1/2,128,39,True,False,False,False,False,False,False,False,False,False,False
4640,04640.json,a12159277ce06ca167cf6899d438d36edee480d8d6e93f4db5629c328652b101,scaled_channel,1/2,128,40,True,False,False,False,False,False,False,False,False,False,False
4641,04641.json,3e4b380a10f1bce0df6510eb3c3424fd02d6272b0f3946a2ff36622e1672963b,scaled_channel,1/2,128,41,True,False,False,False,False,False,False,False,False,False,False
4642,04642.json,7eec568c5c949f8e8d66c6d5ad368d61a29d29f2ecdcd10a6af8d80b2431463b,scaled_channel,1/2,128,42,True,False,False,False,False,False,False,False,False,False,False
4643,04643.json,3985d927f629c9b2816d19e85cf927043f6e323680e9dee6a4fe718096ad3404,scaled_channel,1/2,128,43,True,False,False,False,False,False,False,False,False,False,False
4644,04644.json,b4c7b55d3e788dbe2962c4afddf25ea50b22e8efb4c84f3010b27a346e6905c9,scaled_channel,1/2,128,44,True,False,False,False,False,False,False,False,False,False,False
4645,04645.json,13fa0ea8dd8e0dd746e1b8e75f7c5da38bddef27c85cfcbc91df744782e964e7,scaled_channel,1/2,128,45,True,False,False,False,False,False,False,False,False,False,False
4646,04646.json,96a2514c40f8a6fb35136da63c9765672f422667eda2d72acb686f6bba43b5d5,scaled_channel,1/2,128,46,True,False,False,False,False,False,False,False,False,False,False
4647,04647.json,2f985aa52a5618f2322db8991bf30bbc729a8b0b41697cb6913b897607540309,scaled_channel,1/2,128,47,True,False,False,False,False,False,False,False,False,False,False
4648,04648.json,6650ddfca99f93450679866199f96c8298faf979971739f96f0bdc3ccba235f8,scaled_channel,1/2,128,48,True,False,False,False,False,False,False,False,False,False,False
4649,04649.json,d2f7969526a1ff83606f1137bc50f8e55f7eca4ad88b9190ed9eef24b9bb7541,scaled_channel,1/2,128,49,True,False,False,False,False,False,False,False,False,False,False
4650,04650.json,0f988f9fe0bb165d3aed23012701aa90bce1eab93b1dfe6032cd202187409f53,scaled_channel,1/2,128,50,True,False,False,False,False,False,False,False,False,False,False
4651,04651.json,5f7d214c3aba4680fab73111b69f4203ca4fbaa72eebee87f023f7fa3773ee4b,scaled_channel,1/2,128,51,True,False,False,False,False,False,False,False,False,False,False
4652,04652.json,ee56c97e16dd44cb2fef95d3c60f395481b1f5ec98b05b41cfbc2490a57420a4,scaled_channel,1/2,128,52,True,False,False,False,False,False,False,False,False,False,False
4653,04653.json,33858c8b776f9cbfd05516e44fd879ab70f6fcfe3e477881ea77221aecc6ad21,scaled_channel,1/2,128,53,True,False,False,False,False,False,False,False,False,False,False
4654,04654.json,5389ee06cc4290c979694ac76c129f33e905ed6c779e197b95b031cdcafe9272,scaled_channel,1/2,128,54,True,False,False,False,False,False,False,False,False,False,False
4655,04655.json,bf241f5b7a2db83b283b60521f861318e56cbbe532d402459a2e21354ddc6aca,scaled_channel,1/2,128,55,True,False,False,False,False,False,False,False,False,False,False
4656,04656.json,41a41c960103eaf02354232b08281cac67f2f6cb6ac4c243224e1084691ba8ae,scaled_channel,1/2,128,56,True,False,False,False,False,False,False,False,False,False,False
4657,04657.json,9024fd52398aca439dbfe842b0f3147c045698b069d6462181fed01ae8bc1ff2,scaled_channel,1/2,128,57,True,False,False,False,False,False,False,False,False,False,False
4658,04658.json,4ff1b15dc9fd152bf36503f6b8a66545a51a6c47141905b68134838e6589a171,scaled_channel,1/2,128,58,True,False,False,False,False,False,False,True,True,False,False
4659,04659.json,0e9adb24d7af54990f1a1ea20af8727b821e5ce41fc19555d04b0003a2fa27be,scaled_channel,1/2,128,59,True,False,False,False,False,False,False,False,False,False,False
4660,04660.json,f4aebd2b01518a25b8f7b7026b43970d0437a8ec0a8c3223411b13c5ad614085,scaled_channel,1/2,128,60,True,False,False,False,False,False,False,False,False,False,False
4661,04661.json,5cfc06e883d379dc37b8487e29fce3a5651010f6beda73fe420ba97e72c147df,scaled_channel,1/2,128,61,True,False,False,False,False,False,False,False,False,False,False
4662,04662.json,f7224b85f195762647656768f05d946a58f083ccbfef099dc77d3dbe84d022f2,scaled_channel,1/2,128,62,True,False,False,False,False,False,False,False,False,False,False
4663,04663.json,a4131a9e0979547a9c664eb4c5c9c1f572846f8cce439ec311527eef73a66c12,scaled_channel,1/2,128,63,True,False,False,False,False,False,False,False,False,False,False
4664,04664.json,f6737b5d974ab8f6e1663f6f40e8fa949399175e4b317d4ebdd088af1a8d2558,scaled_channel,1/2,128,64,True,False,False,False,False,False,False,False,False,False,False
4665,04665.json,9b82adfc2ab2876fc0712599407b6127efeb5d2f35f7c0d9097714533d0c4360,scaled_channel,1/2,128,65,True,False,False,False,False,False,False,False,False,False,False
4666,04666.json,b7ed54186c7d477391d856f702866bb7fe2b1445023c81812321dcc10c598410,scaled_channel,1/2,128,66,True,False,False,False,False,False,False,False,False,False,False
4667,04667.json,6215e3efed5bc642d0ee8c9cc32669736dc4d12d482325f2b7c269c0afd13c15,scaled_channel,1/2,128,67,True,False,False,False,False,False,False,False,False,False,False
4668,04668.json,ad8db94c058ebf77cc0330f414503ab8f431a8c67ce9adae92b4c093ab18ebd8,scaled_channel,1/2,128,68,True,False,False,False,False,False,False,False,False,False,False
4669,04669.json,5fe08a07e7dbf8793150887f8ad8f945c30113de71ec4775c4757d82d96e3dfb,scaled_channel,1/2,128,69,True,False,False,False,False,False,False,False,False,False,False
4670,04670.json,51a97959e681a32761d613f7b9a137146e06f209792cb696b3973f3fa3bc10e9,scaled_channel,1/2,128,70,True,False,False,False,False,False,False,False,False,False,False
4671,04671.json,f8d08491bc45dfb226d53962e75a619258c1d5a451e539b73527575a9fa70d9f,scaled_channel,1/2,128,71,True,False,False,False,False,False,False,False,False,False,False
4672,04672.json,e1baba7bfe36e2739d8049bd5266f7218ca6e9e22d31d0cc7eea48a984b2b1ed,scaled_channel,1/2,128,72,True,False,False,False,False,False,False,False,False,False,False
4673,04673.json,ed3e4c25999cb57cefdb7715620b1238a072b8b58cbf029d8af63de61a7d005f,scaled_channel,1/2,128,73,True,False,False,False,False,False,False,False,False,False,False
4674,04674.json,e4a2cc9b895cb0972d81ac218a1f7d96db17d4353d285bc6ea7d6d51823da9cd,scaled_channel,1/2,128,74,True,False,False,False,False,False,False,False,False,False,False
4675,04675.json,2653ba79c24e693cf733ecab7bbe3bff054a9f2d643c2ab26d825ae22e6633f6,scaled_channel,1/2,128,75,True,False,False,False,False,False,False,False,False,False,False
4676,04676.json,274fea8f1309de5ca5ff5a50ca9269ab4a2ced08b715d85d0a92e7a6d2deb0ed,scaled_channel,1/2,128,76,True,False,False,False,False,False,False,False,False,False,False
4677,04677.json,681ee15b843e23193dcd214571bb2737fe60bd322a6aef40de19465a830b04d5,scaled_channel,1/2,128,77,True,False,False,False,False,False,False,False,False,False,False
4678,04678.json,102ea158b41910f1b46d8b0b009c840922937a28a6490c4ea0c278922d83e573,scaled_channel,1/2,128,78,True,False,False,False,False,False,False,False,False,False,False
4679,04679.json,4f3e4d0026cb837cf606c73452ff7932e706ffe6a49e2df0c0ffec3c780a54fe,scaled_channel,1/2,128,79,True,False,False,False,False,False,False,False,False,False,False
4680,04680.json,49d3a821268b511f5a11f3913335fe8f90fcfb2814111e9f78b82439ad8fbf9a,scaled_channel,1/2,128,80,True,False,False,False,False,False,False,False,False,False,False
4681,04681.json,ee0b48406bdc56219ffe77f3efc6151a7366e6c38bfbaf8186b6319eae1bc61e,scaled_channel,1/2,128,81,True,False,False,False,False,False,False,False,False,False,False
4682,04682.json,a4db2e15e66a0d097505720a4e1a8d416091199646e75d4f2322800234379eaf,scaled_channel,1/2,128,82,True,False,False,False,False,False,False,False,False,False,False
4683,04683.json,8a068662ab5c7bb409fea2ebfb4c04b13ca09e4549be81982b03e9dd7ae4e988,scaled_channel,1/2,128,83,True,False,False,False,False,False,False,False,False,False,False
4684,04684.json,0fc73672598fc8c84a64273e74cfbdc3de7a14686e7f173a6bb721a450c6479a,scaled_channel,1/2,128,84,True,False,False,False,False,False,False,False,False,False,False
4685,04685.json,5873c14c7f7c92eab2f5422e609e177173b3ff681f02a2d1e5790d6abed311ed,scaled_channel,1/2,128,85,True,False,False,False,False,False,False,False,False,False,False
4686,04686.json,840dd58639046c0038dd0ecb1a871250c7c5d9ffe09c82f1c534a325e39bfb96,scaled_channel,1/2,128,86,True,False,False,False,False,False,False,False,False,False,False
4687,04687.json,b3eff91458582fb0f310fb8e573cb89d0491c42750ce8cc96010d5e0454b5f0e,scaled_channel,1/2,128,87,True,False,False,False,False,False,False,False,False,False,False
4688,04688.json,614de07c74d0c9a014d10d94a587c918c53732e94445228b85ea738d3669d3cf,scaled_channel,1/2,128,88,True,False,False,False,False,False,False,False,False,False,False
4689,04689.json,63a3e8548741a5e54fbde8ef20ea83b7a0124af6c49a3bd742ba19bac7163c35,scaled_channel,1/2,128,89,True,False,False,False,False,False,False,False,False,False,False
4690,04690.json,ac9774cc1bc62c003230af02ca9e941f157d18b388a088ab632b8fff15719944,scaled_channel,1/2,128,90,True,False,False,False,False,False,False,False,False,False,False
4691,04691.json,3f8248c3358f71a69419ee282dddbf28e841bdb12df9b8388cb84c5db4ffbdbe,scaled_channel,1/2,128,91,True,False,False,False,False,False,False,False,False,False,False
4692,04692.json,e7162acd11c3dcecde25d10313b4a1dfaa94f46ab981eb072f8d4159d55bd364,scaled_channel,1/2,128,92,True,False,False,False,False,False,False,False,False,False,False
4693,04693.json,23d110ebda0b10328fe5d80e1c6c09f3ecb6185b23fe9eb6e02cd60210eb83bb,scaled_channel,1/2,128,93,True,False,False,False,False,False,False,False,False,False,False
4694,04694.json,f0a9403401aeeea404970873f89b38a908647222174ce8cb0d036eb726ed2901,scaled_channel,1/2,128,94,True,False,False,False,False,False,False,False,False,False,False
4695,04695.json,f44334231c0e626978eb13866813ff9cc262d29a32d4d6a5be7c52f317c55472,scaled_channel,1/2,128,95,True,False,False,False,False,False,False,False,False,False,False
4696,04696.json,a3672654eb9e9ae1d81656691c3b85452e535acd24f5f138f580a836260dc63a,scaled_channel,1/2,128,96,True,False,False,False,False,False,False,False,False,False,False
4697,04697.json,ae2339d9198793c3dffa252c49441bf7d67b887b8c8053f9a80fc3af1936bf8c,scaled_channel,1/2,128,97,True,False,False,False,False,False,False,False,False,False,False
4698,04698.json,ee2c9029450721eeb9b00dd6c728df3ff533480b336875021d635b7191b55940,scaled_channel,1/2,128,98,True,False,False,False,False,False,False,False,False,False,False
4699,04699.json,7b2bf609c890ca14a5e92ce2386c8d6682e059393b23cddad4c594d9e5822c87,scaled_channel,1/2,128,99,True,False,False,False,False,False,False,False,False,False,False
4700,04700.json,167d53b6d866e4882719bea144d2ed9cceceb518a03b049d2a03fd64dc2c800b,scaled_channel,1/2,512,0,True,False,False,False,False,False,False,False,False,False,False
4701,04701.json,95d7b961d406e2d3592608bc4dbed2ecaca880a364097b1a098962da9cbeb15c,scaled_channel,1/2,512,1,True,False,False,False,False,False,False,False,False,False,False
4702,04702.json,16468599b311418de5d783c524323f6d9a726e0cfb850b7c8dbc63f92fa78aef,scaled_channel,1/2,512,2,True,False,False,False,False,False,False,False,False,False,False
4703,04703.json,b4d10ef87e8dc90da1786d0e84c30983383f1f12bb45fe9c0af7427bd980b1a6,scaled_channel,1/2,512,3,True,False,False,False,False,False,False,False,False,False,False
4704,04704.json,2c3cef2e6c35b734930de2ed1b0b19388379a4bcc78cd5e20529df7d553ad2c3,scaled_channel,1/2,512,4,True,False,False,False,False,False,False,False,False,False,False
4705,04705.json,284630c265245978a269167a1826d7b650834910e385cac096c02e379a4f411d,scaled_channel,1/2,512,5,True,False,False,False,False,False,False,False,False,False,False
4706,04706.json,939bded7e5d08897ff460e7e6ae0c23c0ea761990a3ed358977ecacfcba286a1,scaled_channel,1/2,512,6,True,False,False,False,False,False,False,False,False,False,False
4707,04707.json,b6a4e0d4a053c760a7991afa01cf2dc73bf4de02abcf1e1ddf250f1d6db8de7b,scaled_channel,1/2,512,7,True,False,False,False,False,False,False,False,False,False,False
4708,04708.json,98a88e00bf032fda5667b746105dbe50008c34fcdd292e4e8dfef15a77322d40,scaled_channel,1/2,512,8,True,False,False,False,False,False,False,False,False,False,False
4709,04709.json,b0dd28f8eef2a5cf2c269b909aafc9bbb0bcadbd84dfe5085478f27a2bf60b3d,scaled_channel,1/2,512,9,True,False,False,False,False,False,False,False,False,False,False
4710,04710.json,fe4034924a5330b2f3755821d1b3c369046a6036bc0337fd618d877ed34bb6ca,scaled_channel,1/2,512,10,True,False,False,False,False,False,False,False,False,False,False
4711,04711.json,d48ece11799a96b691f1a0182f915b05eead9af47839c49bd882616bc825d2c8,scaled_channel,1/2,512,11,True,False,False,False,False,False,False,False,False,False,False
4712,04712.json,fe69dfc690ebb9ef45ae13ed7ca122b1b0e162f57149d5a3339f084deb6f9953,scaled_channel,1/2,512,12,True,False,False,False,False,False,False,False,False,False,False
4713,04713.json,87b438a04bb5f34196dd84eadcf9b535cf9491f3419a26e77f7a2cfa06522b0e,scaled_channel,1/2,512,13,True,False,False,False,False,False,False,False,False,False,False
4714,04714.json,5ae6536e2b0b3f3703f92e38ac08b709700fce0d06c56bfa4507613fff3a0abb,scaled_channel,1/2,512,14,True,False,False,False,False,False,False,False,False,False,False
4715,04715.json,e7af63fb062795fd0fa0aec09b1e9ad0f93fd4a4319c08dc58274ae82f28c50e,scaled_channel,1/2,512,15,True,False,False,False,False,False,False,False,False,False,False
4716,04716.json,6276e116837ef7c35dc7f8edcd034d65cbfe69534df0a383fc2df82c23cf38cf,scaled_channel,1/2,512,16,True,False,False,False,False,False,False,False,False,False,False
4717,04717.json,9cab2d6207e0e4834b2c3d5c1b9e0a3333a9758f7cf1c0fe7581ac2130322d1b,scaled_channel,1/2,512,17,True,False,False,False,False,False,False,False,False,False,False
4718,04718.json,62acc47d2ae8d456be584287477991b8216f05f0ab998c2485e85e30820eda27,scaled_channel,1/2,512,18,True,False,False,False,False,False,False,False,False,False,False
4719,04719.json,5964fb59a5cd37ce036b82950c470338b4d0836483a657a98b77398a62a20d73,scaled_channel,1/2,512,19,True,False,False,False,False,False,False,False,False,False,False
4720,04720.json,9edba6df500e72a079aad386f526ada7ab4dd3ba30e043c6447e7b36031ae7fa,scaled_channel,1/2,512,20,True,False,False,False,False,False,False,False,False,False,False
4721,04721.json,e788d40622cb8220f0234474db1c29a03d7fef4b90d7e69334c89cc019a99d03,scaled_channel,1/2,512,21,True,False,False,False,False,False,False,False,False,False,False
4722,04722.json,725a95b978dfe40c8746aee4421076c8692b2e06f4d0917a505f42788f62892e,scaled_channel,1/2,512,22,True,False,False,False,False,False,False,False,False,False,False
4723,04723.json,b1563b6222f99f95b0e2891ee0da76e862a56ccb55be028fbb4ca03a3b97cf0c,scaled_channel,1/2,512,23,True,False,False,False,False,False,False,False,False,False,False
4724,04724.json,8b7b54f405e82835cae31232d7a006a11416bf5032f2f80db76a7661fc6d8980,scaled_channel,1/2,512,24,True,False,False,False,False,False,False,False,False,False,False
4725,04725.json,b15c0d8f5596f8dcd44c112d23c1fdfe4ed3f0a87c3e80017dc6a6a0e9535212,scaled_channel,1/2,512,25,True,False,False,False,False,False,False,False,False,False,False
4726,04726.json,ef2f70a704bb02169f3225936889d48ddbeef063828eabf86318a067c82bcbdb,scaled_channel,1/2,512,26,True,False,False,False,False,False,False,False,False,False,False
4727,04727.json,544dbbea0bbe8a81664af8afde97a2dea7bceb1bfe6f6bfe639c6875d19987d9,scaled_channel,1/2,512,27,True,False,False,False,False,False,False,False,False,False,False
4728,04728.json,1cc4080e75a7c13d1a2ac93ac9cd84e45a7d9b1c35fc4d6de031050fef40df0c,scaled_channel,1/2,512,28,True,False,False,False,False,False,False,False,False,False,False
4729,04729.json,d820e5856826afca1beafa14f04474cbaf81284733231031adaece085827f4c8,scaled_channel,1/2,512,29,True,False,False,False,False,False,False,False,False,False,False
4730,04730.json,fed174722315058b1cd377be48d2b6a76816ed95de32e122d063c783daac42f6,scaled_channel,1/2,512,30,True,False,False,False,False,False,False,False,False,False,False
4731,04731.json,b84790b0f3868dbc263897a93b153d2e69d4c75df2ee45a49a25405a7d974ce7,scaled_channel,1/2,512,31,True,False,False,False,False,False,False,False,False,False,False
4732,04732.json,ad49f99721f22a032b67fc23eb5e0cb99784345736b0516e9200cd58b21cd3ca,scaled_channel,1/2,512,32,True,False,False,False,False,False,False,False,False,False,False
4733,04733.json,6ea1be6f6773150f8bdc5faca3208440fe1f6300751027a312d2b31b2fda53ba,scaled_channel,1/2,512,33,True,False,False,False,False,False,False,False,False,False,False
4734,04734.json,ac78daadfee2d53d8b9a62d67d9039e98c187acd70806614497a3f91a222b48c,scaled_channel,1/2,512,34,True,False,False,False,False,False,False,False,False,False,False
4735,04735.json,9548bebd3c95eb6c0901351c2dccc9713c9f97eb6f7476c925cd95554779d52e,scaled_channel,1/2,512,35,True,False,False,False,False,False,False,False,False,False,False
4736,04736.json,9177cfc1760d60a6af8b42f8cb9049fba1547de2659cc78dde75d631d4a2ad88,scaled_channel,1/2,512,36,True,False,False,False,False,False,False,False,False,False,False
4737,04737.json,7846630732be83d4680bf7f6c636381133a8001c639ca331717a853375d135ec,scaled_channel,1/2,512,37,True,False,False,False,False,False,False,False,False,False,False
4738,04738.json,c3ce1b6e5570f6a08f44afe072acb333ce131b1ddf10e44f6335afc1d6fec5b5,scaled_channel,1/2,512,38,True,False,False,False,False,False,False,False,False,False,False
4739,04739.json,f4cd7c8dc6e87f3df5a3d4cbc6edd07743d9dd7b672099138c698da751cc6358,scaled_channel,1/2,512,39,True,False,False,False,False,False,False,False,False,False,False
4740,04740.json,b724d2b80e0a06b50cdda45bafda5b6a60cb9bdc60d10354816327a61702464a,scaled_channel,1/2,512,40,True,False,False,False,False,False,False,False,False,False,False
4741,04741.json,bcc0fa3d3c5858e12e29d18d0ae550231e6d9ffb14867313357934f301958de2,scaled_channel,1/2,512,41,True,False,False,False,False,False,False,False,False,False,False
4742,04742.json,fad5f382348e59507dad8f8f5b6e03a0cb3c7b27c3aba8f66a2c3e545dd12aef,scaled_channel,1/2,512,42,True,False,False,False,False,False,False,False,False,False,False
4743,04743.json,7ddca125b59930e4a8cb1100e1c6c735a9cdb7fafab662cda504b1bc8c66a4b1,scaled_channel,1/2,512,43,True,False,False,False,False,False,False,False,False,False,False
4744,04744.json,549c78a8ff5116754d0b32f8c7d58a67cef8eb2f8e0d9b642f3422b38bb7487a,scaled_channel,1/2,512,44,True,False,False,False,False,False,False,False,False,False,False
4745,04745.json,79a4c82c887634561bc7ca33fb377c773ee65833e216b4c448d745b66858f597,scaled_channel,1/2,512,45,True,False,False,False,False,False,False,False,False,False,False
4746,04746.json,6ff38c569d3151241008dff9b564ad7fc21b19038b86032a5876349f583c6ab8,scaled_channel,1/2,512,46,True,False,False,False,False,False,False,False,False,False,False
4747,04747.json,eb9e52d57c296af51e24fc9e16ff298a3600a61b204692365b50565bd6846f8a,scaled_channel,1/2,512,47,True,False,False,False,False,False,False,False,False,False,False
4748,04748.json,273312567e93fa4e47a03841c161f4b70d7243c2c87c8708756b99a250c631bb,scaled_channel,1/2,512,48,True,False,False,False,False,False,False,False,False,False,False
4749,04749.json,dc4dd2d76893f50ff05e4276da908feac8c20bf758f6ee570da7c897c3cf5c8e,scaled_channel,1/2,512,49,True,False,False,False,False,False,False,False,False,False,False
4750,04750.json,512b7931657be0aaf959f147e9a340792fbc229852184f7f93a09afcda56bb8d,scaled_channel,1/2,512,50,True,False,False,False,False,False,False,False,False,False,False
4751,04751.json,93215f6179e8cd026cdf0df2df9aaeea01a5d931c132775f5b43783232bb3f22,scaled_channel,1/2,512,51,True,False,False,False,False,False,False,False,False,False,False
4752,04752.json,00537bf2227dfd6b8502a6c31e4a427bce3787fa1e86271262de239111b677ee,scaled_channel,1/2,512,52,True,False,False,False,False,False,False,False,False,False,False
4753,04753.json,be4dce20a9edb84091ddc4b0c6c046044bca282761e8bbe7571b530e71b37a0d,scaled_channel,1/2,512,53,True,False,False,False,False,False,False,False,False,False,False
4754,04754.json,487966368508f1ed0f59f88aea87344692ff95d51db19a98b393833856f371b9,scaled_channel,1/2,512,54,True,False,False,False,False,False,False,False,False,False,False
4755,04755.json,105fb96f9a8a01cfab82d418eb851f18c411509bfd0081a9ee5dce04e14539b8,scaled_channel,1/2,512,55,True,False,False,False,False,False,False,False,False,False,False
4756,04756.json,92a1dd89e9ee58057a70819d55b5ad8f20546b41ceda899a1a450cb6382c19d6,scaled_channel,1/2,512,56,True,False,False,False,False,False,False,False,False,False,False
4757,04757.json,829088dabf898e7a814e61f12ad17b27180abdb06787205f31d8f3c2ed3e40b4,scaled_channel,1/2,512,57,True,False,False,False,False,False,False,False,False,False,False
4758,04758.json,586fcaa941236dc5e6dc8b20e1cee256b12508b1f19ad8e946973236538099f4,scaled_channel,1/2,512,58,True,False,False,False,False,False,False,False,False,False,False
4759,04759.json,89cab4d9f2a5653dfa738d591e08239678048b2161f8ffddf6220c13a340518c,scaled_channel,1/2,512,59,True,False,False,False,False,False,False,False,False,False,False
4760,04760.json,ee9be322117c802d2f4e62cc0c6421d642fef9e11cffceaec4b36b7a6f69aaba,scaled_channel,1/2,512,60,True,False,False,False,False,False,False,False,False,False,False
4761,04761.json,8b599800425cc0196502b4b04d19ffc62c814f84d54540820dad31f55539fdbe,scaled_channel,1/2,512,61,True,False,False,False,False,False,False,False,False,False,False
4762,04762.json,bb64de98524569babdf6fee028009dd11455a814b1a1fdbbf388d418e457939d,scaled_channel,1/2,512,62,True,False,False,False,False,False,False,False,False,False,False
4763,04763.json,fdea90e76ce76768a215b7bef648aed2f85add872d1c283a6da0ef1feea9935e,scaled_channel,1/2,512,63,True,False,False,False,False,False,False,False,False,False,False
4764,04764.json,f053a342bbfbe44a4688028cbec58f5a6449ee743865d8684586bf3449e2cc62,scaled_channel,1/2,512,64,True,False,False,False,False,False,False,False,False,False,False
4765,04765.json,706eb69341df5e5b1ad27047099667689b424138e87243671b47783be5aa996c,scaled_channel,1/2,512,65,True,False,False,False,False,False,False,False,False,False,False
4766,04766.json,c70a8a239712dfa348b13cce3ef777cb16d2375f0e28f55d99b455db2be84811,scaled_channel,1/2,512,66,True,False,False,False,False,False,False,False,False,False,False
4767,04767.json,8b7d9bb5e6bf9468bfafd3827e7360c36e490c467b1cf20741de13bad2940428,scaled_channel,1/2,512,67,True,False,False,False,False,False,False,False,False,False,False
4768,04768.json,4473fdb1102d555e635992222c631c14583192fcee1f7ac167bbef8cd7a5308c,scaled_channel,1/2,512,68,True,False,False,False,False,False,False,False,False,False,False
4769,04769.json,361e2afac7d5a72bbcc9298908771925de5f8bab9b576891dc3b5a79349e82bb,scaled_channel,1/2,512,69,True,False,False,False,False,False,False,False,False,False,False
4770,04770.json,d783ac49bf8325703d06fb46d87e8084622727d36f09c6faaa7355fc7ec7abe6,scaled_channel,1/2,512,70,True,False,False,False,False,False,False,False,False,False,False
4771,04771.json,d5973ca03ef8fd1c18c606af8e339ca5bd8a773a417af910e2e6ac2fca50cb62,scaled_channel,1/2,512,71,True,False,False,False,False,False,False,False,False,False,False
4772,04772.json,be053140a52a1220a72db4b206f1655a11b439bff387991ea74e740da50f69e7,scaled_channel,1/2,512,72,True,False,False,False,False,False,False,False,False,False,False
4773,04773.json,f0cb78acb934c8be37a9ad32d6fd588bb132ade398c764b3597ec7e791ea770b,scaled_channel,1/2,512,73,True,False,False,False,False,False,False,False,False,False,False
4774,04774.json,7b303b459a40d7c2c8b8d602dbd21a2f846c7b03e174ae43ab37361845bd5cd8,scaled_channel,1/2,512,74,True,False,False,False,False,False,False,False,False,False,False
4775,04775.json,ed05d17b6f09804eee0576f44b545ebd463d346f2522c09101284e71782ef251,scaled_channel,1/2,512,75,True,False,False,False,False,False,False,False,False,False,False
4776,04776.json,3fe7281c219e3ea462b46ff61e3f767ceb2a63514bb7817e951225fa2488d297,scaled_channel,1/2,512,76,True,False,False,False,False,False,False,False,False,False,False
4777,04777.json,c27f504ecba98943c2563f983d8de9cbee04e58794bb2d542eeb555efdf603b3,scaled_channel,1/2,512,77,True,False,False,False,False,False,False,False,False,False,False
4778,04778.json,49dd8aac0caa80fcd4f9d70a634d7fb44bb1b7be1dbc1e8266c00201cfe23af0,scaled_channel,1/2,512,78,True,False,False,False,False,False,False,False,False,False,False
4779,04779.json,249f99cc98835eaac5350f08f1b4329f6fef8d1d1369d7fcc736720897162dd4,scaled_channel,1/2,512,79,True,False,False,False,False,False,False,False,False,False,False
4780,04780.json,463e3c0d6c85034f965bc2f6f11eb8353c8c7969437e9e942cd57952854db705,scaled_channel,1/2,512,80,True,False,False,False,False,False,False,False,False,False,False
4781,04781.json,fb0037364d5309bad1f09e52dedeb323c4971d896d5a8b3ba643fab6683474d6,scaled_channel,1/2,512,81,True,False,False,False,False,False,False,True,True,False,False
4782,04782.json,657bf8fe7df811cfe77c05c88048fd4c7cb67485a6b5eb87f21591823e2dbd38,scaled_channel,1/2,512,82,True,False,False,False,False,False,False,False,False,False,False
4783,04783.json,27962aee47076d7d31facceaa9bfbc07a2efd86bc2f040fc9894b242ba2f9bc7,scaled_channel,1/2,512,83,True,False,False,False,False,False,False,False,False,False,False
4784,04784.json,07b0d038f719e4e9bb3a52d3a58a74fabc016870762c9bccf045ee7c0053203c,scaled_channel,1/2,512,84,True,False,False,False,False,False,False,False,False,False,False
4785,04785.json,a4ae00261112ed78bedeb6d4285636288e17a9db0adeee1d7bd8a6244fa633ca,scaled_channel,1/2,512,85,True,False,False,False,False,False,False,False,False,False,False
4786,04786.json,f879e21185ed4c330257c6e1f27d5c217deb5414d2c4479aa0bc2bcf73fbbcff,scaled_channel,1/2,512,86,True,False,False,False,False,False,False,False,False,False,False
4787,04787.json,733f76cdb0dd8e92b03703b5d47af7674dd20d2274adfec58406d5bed42ec4b5,scaled_channel,1/2,512,87,True,False,False,False,False,False,False,False,False,False,False
4788,04788.json,6c6be31080e7b6159bd9961d627e994f81607a0c02026c78528a3879993a911a,scaled_channel,1/2,512,88,True,False,False,False,False,False,False,False,False,False,False
4789,04789.json,56122567098f677849d736d8e6ba01321d7478a1fb89bedcf17500a8c57e7bd5,scaled_channel,1/2,512,89,True,False,False,False,False,False,False,False,False,False,False
4790,04790.json,50528f8bb853b13076bcaeb452a53a579dc23da0173c71bf29bb9a33a68a4099,scaled_channel,1/2,512,90,True,False,False,False,False,False,False,False,False,False,False
4791,04791.json,a76b5ebe69e4c01ac4f8bcb28acc684ef4720480af061a4e8b9e1753dadc1c9d,scaled_channel,1/2,512,91,True,False,False,False,False,False,False,False,False,False,False
4792,04792.json,9748e5c162306369a87119278677fecd98d88cfcf0a2e8b0f3d0b857b5b7db58,scaled_channel,1/2,512,92,True,False,False,False,False,False,False,False,False,False,False
4793,04793.json,843813280283953a547789d5954ac0533368a953e86a8475ddae6567a4d74267,scaled_channel,1/2,512,93,True,False,False,False,False,False,False,False,False,False,False
4794,04794.json,633ad29375463c3f56051938495314c9aaff654744461b898c0e4806a81ee7d0,scaled_channel,1/2,512,94,True,False,False,False,False,False,False,False,False,False,False
4795,04795.json,ee2b12f485689efa9da0b0310835473581f58df8708d466b13c890e7e0e74bb3,scaled_channel,1/2,512,95,True,False,False,False,False,False,False,False,False,False,False
4796,04796.json,497423d4318c9d5a68ca86b4f63616e9616c9e8b48149f2a002eddc30caee190,scaled_channel,1/2,512,96,True,False,False,False,False,False,False,False,False,False,False
4797,04797.json,7c9513af722288e9330feca315d4e2f3017d9e0a56825712fb973d7bf3169186,scaled_channel,1/2,512,97,True,False,False,False,False,False,False,True,True,False,False
4798,04798.json,d1b8d0e90ac9ee941856e2a8a4e5869de6bbdea5f8c5a2ec178812e924768f3f,scaled_channel,1/2,512,98,True,False,False,False,False,False,False,False,False,False,False
4799,04799.json,4c06208b206364faf60eb64666eb79e3c02aaf9f8e3eb70ce16e7d7cd8fee8a1,scaled_channel,1/2,512,99,True,False,False,False,False,False,False,False,False,False,False
4800,04800.json,2cf62b63cac59a9fdf62e3069486f4b80e300e32b9fd27604882cff7df672806,scaled_channel,3/5,128,0,False,False,False,False,False,False,False,False,False,False,False
4801,04801.json,8d63b66f28907d4ee3debdbc236a7b3fae8593ebfb39850e038249266678b903,scaled_channel,3/5,128,1,False,False,False,False,False,False,False,False,False,False,False
4802,04802.json,fb5c5737e639820bc6d64c9ceca7f01bc225b2a39ec1d5b5f7529b0641d0f094,scaled_channel,3/5,128,2,False,False,False,False,False,False,False,True,True,False,False
4803,04803.json,daf9afe91e82d032ab9ae818251bbed1384a50c5951509481448da29d7e0cac0,scaled_channel,3/5,128,3,False,False,False,False,False,False,False,True,True,False,False
4804,04804.json,4acc4492faebdad5c6e20ba0d57b2a4d1505c30dde626708751f42f6cf14486a,scaled_channel,3/5,128,4,False,False,False,False,False,False,False,False,False,False,False
4805,04805.json,21f8e9bf9cdcab1f288fb735b797f98e3f3f36948dd633521ff897d109799161,scaled_channel,3/5,128,5,False,False,False,False,False,False,False,False,False,False,False
4806,04806.json,d1f2a5ca036ba47eef17dc712eab273b7dbc4f7f5861e3a6e58da3544a2d0dd7,scaled_channel,3/5,128,6,False,False,False,False,False,False,False,True,True,False,False
4807,04807.json,e2566527d81d71d8876c333fb5e3f3b0add32d8955fc5fc8e7e05a785decc117,scaled_channel,3/5,128,7,False,False,False,False,False,False,False,True,True,False,False
4808,04808.json,567bcff28d3e27f10e970ec06527f8c40f0999245f2edf3b66bc42f7e06e3d9b,scaled_channel,3/5,128,8,False,False,False,False,False,False,False,True,True,False,False
4809,04809.json,afb8b827cee2d484b3c9e74b96b2d29f093625f7f22a784b4730d003f72d991c,scaled_channel,3/5,128,9,False,False,False,False,False,False,False,True,True,False,False
4810,04810.json,d1d173c3742ebc0e8d8ae6281593dcb341d25f79b16889a3dabcc3e514a3ced1,scaled_channel,3/5,128,10,False,False,False,False,False,False,False,True,True,False,False
4811,04811.json,2bed3cd69df937528bb065048632228243c28de7124079ce7ed8c12725e5fa4c,scaled_channel,3/5,128,11,False,False,False,False,False,False,False,True,True,False,False
4812,04812.json,b171a0e2446246a4fde52ff25dc5f267f182fcb2e894633e50f0e01d6e817029,scaled_channel,3/5,128,12,False,False,False,False,False,False,False,False,False,False,False
4813,04813.json,839f63d6fc5e2b35d41b698141bcc2ead07b4973dd6790eacc0322c0efd29664,scaled_channel,3/5,128,13,False,False,False,False,False,False,False,True,True,False,False
4814,04814.json,ec48e31e0c6b6535d9412d384b4f2c3cc2304ef836b4bfeac8404771d5b6c1f1,scaled_channel,3/5,128,14,False,False,False,False,False,False,False,True,True,False,False
4815,04815.json,16455b2cdf67622c8f9202d1ace9bf5538e98dda10f2cf06e5934b74f3a34271,scaled_channel,3/5,128,15,False,False,False,False,False,False,False,True,True,False,False
4816,04816.json,4e71cde24d385c31ac333b3d8cc2511587cf7f6f410d99f77602796e6cac8c6e,scaled_channel,3/5,128,16,False,False,False,False,False,False,False,True,True,False,False
4817,04817.json,32484a75ff71d593659054f3fc894679233cb3c265ef5b714d992d142b913f98,scaled_channel,3/5,128,17,False,False,False,False,False,False,False,True,True,False,False
4818,04818.json,7750df943c7f49ca9a829fa48cb3184d012e31135c1e7a7cbed01bc0df537b4e,scaled_channel,3/5,128,18,False,False,False,False,False,False,False,True,True,False,False
4819,04819.json,77504d8c5868e6490e72d278f98acffa8149a08e2b51e339c20641193ccc1b53,scaled_channel,3/5,128,19,False,False,False,False,False,False,False,True,True,False,False
4820,04820.json,37dd0866d882fe18a02d4fea98190cb0740e3907d87a872ee5c32458aff4adc1,scaled_channel,3/5,128,20,False,False,False,False,False,False,False,True,True,False,False
4821,04821.json,70efde63c4e2e793fc06e369fde17be9dce8890e83a7be75a02f111a7d96185a,scaled_channel,3/5,128,21,False,False,False,False,False,False,False,True,True,False,False
4822,04822.json,28ac415b8d4d7604bd874242e26f16eea1372cc23a8f3987f3933a5643262ea4,scaled_channel,3/5,128,22,False,False,False,False,False,False,False,False,False,False,False
4823,04823.json,0b85084d9485d752141a0e132406ca013e949c37bf42d4bcc86be6674aa48ad8,scaled_channel,3/5,128,23,False,False,False,False,False,False,False,True,True,False,False
4824,04824.json,fc6e9ad7fee4b84e8f3fe99906b02823908e73d63b94c5a3e9079dbd8c1be40a,scaled_channel,3/5,128,24,False,False,False,False,False,False,False,False,False,False,False
4825,04825.json,a9343d879a85318000cfc97ca2d2593cc5d3a7fb2d5388b4207215cd3217156d,scaled_channel,3/5,128,25,False,False,False,False,False,False,False,True,True,False,False
4826,04826.json,727e734feeef222047c0c678654f7c1592be21e9e4930da89d159e1fd1932d91,scaled_channel,3/5,128,26,False,False,False,False,False,False,False,True,True,False,False
4827,04827.json,7b08e7c0beeb541074eba3fed08bd91ca24dd4915bc14f142cd294ceb100ceda,scaled_channel,3/5,128,27,False,False,False,False,False,False,False,True,True,False,False
4828,04828.json,ebc10401afe8e947e00c3abed6ef30266740fee18f6cc29c149009985d91aec1,scaled_channel,3/5,128,28,False,False,False,False,False,False,False,True,True,False,False
4829,04829.json,5cced505f545e27a77a39bf467fff4a7b0841502293c2da0659f78150a6962ae,scaled_channel,3/5,128,29,False,False,False,False,False,False,False,True,True,False,False
4830,04830.json,47fc0f49ed7ee60f0b8789a60732f178ad6958b49991db82724092c2ea370b3a,scaled_channel,3/5,128,30,False,False,False,False,False,False,False,False,False,False,False
4831,04831.json,9e440a75c2daa21701e113d7362817707ccce1e60312ae361dc1f373cc560a34,scaled_channel,3/5,128,31,False,False,False,False,False,False,False,True,True,False,False
4832,04832.json,5f495f53e1388332053ec92b512564aa833f8cc17eadd71b3f96b098507551aa,scaled_channel,3/5,128,32,False,False,False,False,False,False,False,False,False,False,False
4833,04833.json,83b94607a69dfb33ec3a71c8a4c7c7127fe5c9ccd04820e983fe75e55cf3812b,scaled_channel,3/5,128,33,False,False,False,False,False,False,False,True,True,False,False
4834,04834.json,3e6946fa49cd9b11d2cefcc7e99987a8f039850f758369389a78de7fa23b67c5,scaled_channel,3/5,128,34,False,False,False,False,False,False,False,True,True,False,False
4835,04835.json,b6478542d6099d8b79455937390567ed64395db9f4f8a7ac72741d33958b0894,scaled_channel,3/5,128,35,False,False,False,False,False,False,False,False,False,False,False
4836,04836.json,11979886b63840a0cb5c5671b20662f86c91a84ab7ea6fabf3e2255e13fc3c9b,scaled_channel,3/5,128,36,False,False,False,False,False,False,False,True,True,False,False
4837,04837.json,d6bf0bc5ee787683b2c9f2db570527bfeddd45544cb9c3de6cc898441bfa877f,scaled_channel,3/5,128,37,False,False,False,False,False,False,False,True,True,False,False
4838,04838.json,dfb7f65c1089b06c7b6b619e9a6c3014407b0ab2d7e1d7a03be8825f6c96aa40,scaled_channel,3/5,128,38,False,False,False,False,False,False,False,True,True,False,False
4839,04839.json,b10fde33d85bf3fd6221579003bd8bf66ac336391eccd6163f8b51464f199449,scaled_channel,3/5,128,39,False,False,False,False,False,False,False,False,False,False,False
4840,04840.json,edc94a05ccba38c08775bcfbee279fb2ef86f57ea67a0bed51c910bacbc9742b,scaled_channel,3/5,128,40,False,False,False,False,False,False,False,True,True,False,False
4841,04841.json,eae1e0995e46ddd04a6c3474291816e38604c82685cd8a5c3cf7631b9f85499e,scaled_channel,3/5,128,41,False,False,False,False,False,False,False,True,True,False,False
4842,04842.json,3e8e5e71c0d94f43dd381954e593139d42eb6b1ce6cb2779d52066d992cf94e7,scaled_channel,3/5,128,42,False,False,False,False,False,False,False,True,True,False,False
4843,04843.json,8b0572bc900bd55c3afcb92401864231ae3fe2561c6188d14a24ee47373d8405,scaled_channel,3/5,128,43,False,False,False,False,False,False,False,True,True,False,False
4844,04844.json,1828b74d848babe3a49790c24cbf13a55c7d8fb89718ee34d796f5c6b9464a95,scaled_channel,3/5,128,44,False,False,False,False,False,False,False,True,True,False,False
4845,04845.json,fa7f4c4c2d2e0df904575428b541c763f027512f291d50eabb64fc7b994b03aa,scaled_channel,3/5,128,45,False,False,False,False,False,False,False,True,True,False,False
4846,04846.json,1c26387349866de2f66eb6c8f45011a129a163174e0737c28e4a40a35b2b50b2,scaled_channel,3/5,128,46,False,False,False,False,False,False,False,True,True,False,False
4847,04847.json,0d10d929b8eec3b2583728dfa652686dd6a5ad0d72589752b5ce3eb89981ce59,scaled_channel,3/5,128,47,False,False,False,False,False,False,False,True,True,False,False
4848,04848.json,271437d2f155d58dfa35117b472312d2731f7cae94f3f611a0da2d7d6bfcf66b,scaled_channel,3/5,128,48,False,False,False,False,False,False,False,True,True,False,False
4849,04849.json,2a6610c4801eb279bc8c6248903d3ff9ab925dc2feb9bb2bd9cbfb0606841d3f,scaled_channel,3/5,128,49,False,False,False,False,False,False,False,True,True,False,False
4850,04850.json,321767c4915d1c0f307878513414f9b321d0332e3f49b57c7056733e27074575,scaled_channel,3/5,128,50,False,False,False,False,False,False,False,True,True,False,False
4851,04851.json,522526ed4dd7a6e6234a692e0a20abe0a80784c8778fd0aee6720d8b335bb0c4,scaled_channel,3/5,128,51,False,False,False,False,False,False,False,False,False,False,False
4852,04852.json,e499d40baa8b67f6fedb0e531d4f46aefbfce4e69752e4678d58fb203e7db322,scaled_channel,3/5,128,52,False,False,False,False,False,False,False,True,True,False,False
4853,04853.json,fb044961aea75c8dc33b87d076632f34c3bb7540d12e2090c025e53c60e534ff,scaled_channel,3/5,128,53,False,False,False,False,False,False,False,True,True,False,False
4854,04854.json,93d4ab8e00f3da72e4590c637fbd460a570ff722272d26c9a39db3d568006e5d,scaled_channel,3/5,128,54,False,False,False,False,False,False,False,False,False,False,False
4855,04855.json,e9a209ab3e44bca3a02c52d1caeb7a41dfd8e76c03776cfe22a735ef8f36a63a,scaled_channel,3/5,128,55,False,False,False,False,False,False,False,True,True,False,False
4856,04856.json,c3c0faaf27e813fe1215ac085dd4bb62eb761494f8d553aa4dcf406cee4b7ae6,scaled_channel,3/5,128,56,False,False,False,False,False,False,False,False,False,False,False
4857,04857.json,3ade436555f194887bb885055ba4bb15fa12d52982a05a6bb7d614ce92acc032,scaled_channel,3/5,128,57,False,False,False,False,False,False,False,True,True,False,False
4858,04858.json,582cc127b6707eb83a45d663878ded0689cc160a0e32c3524c571e333aee31c5,scaled_channel,3/5,128,58,False,False,False,False,False,False,False,False,False,False,False
4859,04859.json,9fcbee466987f615f6aef86bc1480ca9a18634f7ac577f05a4a9b635574f36e1,scaled_channel,3/5,128,59,False,False,False,False,False,False,False,True,True,False,False
4860,04860.json,edbce1b922864d82544768b4cf369b2c9dddcadcc44dc98cd0e27f31c911e387,scaled_channel,3/5,128,60,False,False,False,False,False,False,False,True,True,False,False
4861,04861.json,358c885a4377ab3790d4cd18929997ec346254ac7a6e1e8d9694d30814226189,scaled_channel,3/5,128,61,False,False,False,False,False,False,False,True,True,False,False
4862,04862.json,75c68f8b8b7641544d99f254956e2a501f485889bfc49e6b83236853d250c71e,scaled_channel,3/5,128,62,False,False,False,False,False,False,False,True,True,False,False
4863,04863.json,cc004c51128c2343735a846ff3d87650c138e4afe28caa8ea6eca9da7aed3551,scaled_channel,3/5,128,63,False,False,False,False,False,False,False,False,False,False,False
4864,04864.json,920b294541ac2304cacafe4ff423f54d4f0e0f9c87b5c457234f29b6475df03d,scaled_channel,3/5,128,64,False,False,False,False,False,False,False,True,True,False,False
4865,04865.json,16275582645948b3c42667ba0a1c56239a1e19963a4c6f5795b434292e3d7fc5,scaled_channel,3/5,128,65,False,False,False,False,False,False,False,True,True,False,False
4866,04866.json,3c8558cb46b7d27cd7f17cbeb1aefcdb81b0eaa25ffdddb1b33debf1a7496977,scaled_channel,3/5,128,66,False,False,False,False,False,False,False,True,True,False,False
4867,04867.json,050142aeb0b4160d9defa92a59cd4af38985cefd2372bdfbdb515a2be3cad875,scaled_channel,3/5,128,67,False,False,False,False,False,False,False,True,True,False,False
4868,04868.json,1ccd16275bfd8c2716ee45903e2318dd1eb952a5112aa14d51232e22a8ecbf08,scaled_channel,3/5,128,68,False,False,False,False,False,False,False,False,False,False,False
4869,04869.json,865c3d7e75aef8d30d95da6ea76c2ccf65704ed1478a5080b51fc2bf8d816f3c,scaled_channel,3/5,128,69,False,False,False,False,False,False,False,True,True,False,False
4870,04870.json,f793634b13eaa0372f49bf4493e73a78704db189be092e22b222a42b51c38cb4,scaled_channel,3/5,128,70,False,False,False,False,False,False,False,True,True,False,False
4871,04871.json,fd00c19fea8728bf85a0a071aa0e8eb3747ae975d0492634472d3d9a1baacc8f,scaled_channel,3/5,128,71,False,False,False,False,False,False,False,True,True,False,False
4872,04872.json,42e6b9452d4d4610950e3ad96ff4c766fc6f7f7f0af3a5e153a2f09e97ab2a78,scaled_channel,3/5,128,72,False,False,False,False,False,False,False,False,False,False,False
4873,04873.json,2bc3c4adef8e7da9e2478317392adaf50ee422c8d4940fac3be381acf5c94986,scaled_channel,3/5,128,73,False,False,False,False,False,False,False,True,True,False,False
4874,04874.json,bfc158a45cae46cdf2f4d5fd60464d59acdf98e41339acc7e6c02bdc68272a3c,scaled_channel,3/5,128,74,False,False,False,False,False,False,False,True,True,False,False
4875,04875.json,3a31a40976e1de2c735fb07502c804c577f00a77689a07ab070645e32927bc40,scaled_channel,3/5,128,75,False,False,False,False,False,False,False,True,True,False,False
4876,04876.json,8e2dc61a34322fb1e25d20da86e50ad0982a5c8aff6d8056529314966ed2f4d2,scaled_channel,3/5,128,76,False,False,False,False,False,False,False,False,False,False,False
4877,04877.json,cc457b8ad0522bbfbaa9fccec68e3be5e915f4414cacf58deb493f6b8f5db4ca,scaled_channel,3/5,128,77,False,False,False,False,False,False,False,True,True,False,False
4878,04878.json,31891c798ea0479e240f55227e352952b45bc25f98247ec39343fd7bffc9ad96,scaled_channel,3/5,128,78,False,False,False,False,False,False,False,True,True,False,False
4879,04879.json,23a4687312bc1113a1a9b5f0cfe20acdcc1a706585ee73983a285c0db4d8efcc,scaled_channel,3/5,128,79,False,False,False,False,False,False,False,True,True,False,False
4880,04880.json,84d9d22a43061d9730d32a907e9c132d5bc55cad63944d0a3c3029fb07606f69,scaled_channel,3/5,128,80,False,False,False,False,False,False,False,False,False,False,False
4881,04881.json,39a950e77489f35ff289ed9859ad26749ac1712526f85394a86e332e5c4cd16a,scaled_channel,3/5,128,81,False,False,False,False,False,False,False,False,False,False,False
4882,04882.json,8c7c1c64ef685196e8e4480bc818feb48e550949a9ca457e462d6adff8bbfdc4,scaled_channel,3/5,128,82,False,False,False,False,False,False,False,False,False,False,False
4883,04883.json,047107b9e33f794b3c63be13d11e4a772381904923872365682411ddc2b75994,scaled_channel,3/5,128,83,False,False,False,False,False,False,False,True,True,False,False
4884,04884.json,7eab544a6b7a0382c8c937dc8f01f8e3880d256ce4502b3ef0dd42ef32914df4,scaled_channel,3/5,128,84,False,False,False,False,False,False,False,False,False,False,False
4885,04885.json,dc99ffc30e6fcf220f42bc2f33808a03f8fbc2119aac90ff0fb341922f8d9e63,scaled_channel,3/5,128,85,False,False,False,False,False,False,False,True,True,False,False
4886,04886.json,493154ecd3d47b9b3b68d22bb5d2f53e7ead042767770049160438ba78012061,scaled_channel,3/5,128,86,False,False,False,False,False,False,False,True,True,False,False
4887,04887.json,c34aa2709301e707c7a3d0fb055b7088a0800cc28e15ddb9daec83f19341017b,scaled_channel,3/5,128,87,False,False,False,False,False,False,False,False,False,False,False
4888,04888.json,92a211c8d95b91f3f897cc250778c13cc5d62fe303fd79f1db77ed39fa80d181,scaled_channel,3/5,128,88,False,False,False,False,False,False,False,True,True,False,False
4889,04889.json,a0a592a7d48a0d33c4c42c9985ee8b746ddaaef4daf254cae344635dc0b1d223,scaled_channel,3/5,128,89,False,False,False,False,False,False,False,True,True,False,False
4890,04890.json,0bd556c262b3583e17ac5a1d16d589c4e2a2e6e4c39ce6811ad3372368007871,scaled_channel,3/5,128,90,False,False,False,False,False,False,False,True,True,False,False
4891,04891.json,d8f4d5ad85768ea9027056377831e4269531322c7c67f105fd650fe5add709fa,scaled_channel,3/5,128,91,False,False,False,False,False,False,False,True,True,False,False
4892,04892.json,0f03961f376470e757563afe09014bfce92aaefe95a461774d93fce4f6b77632,scaled_channel,3/5,128,92,False,False,False,False,False,False,False,True,True,False,False
4893,04893.json,a1a3faae5d274cbb032329be05fa8b01b9b4a1d90ec593281b7be5716cc79b3f,scaled_channel,3/5,128,93,False,False,False,False,False,False,False,True,True,False,False
4894,04894.json,0e6a7d9dce48ff94498885f29c79e8b75b2f91940f14d2f4c8ab3d6d83127462,scaled_channel,3/5,128,94,False,False,False,False,False,False,False,True,True,False,False
4895,04895.json,0ab96079c80241f18096d315cc6ac3cf17fe20109fee799dd9f94d9520166964,scaled_channel,3/5,128,95,False,False,False,False,False,False,False,False,False,False,False
4896,04896.json,46816da36cfb51b9334d2cc75609020584eeb7b053608ce337201d5de234507e,scaled_channel,3/5,128,96,False,False,False,False,False,False,False,True,True,False,False
4897,04897.json,3ef809e65b5c285098560a56c1928261513cd9b8e2d464dfefb07f565a7a12f1,scaled_channel,3/5,128,97,False,False,False,False,False,False,False,True,True,False,False
4898,04898.json,c5fd9fea391ddab0ae77de831c2f2d1018f00dd84313a4ba279f4bf1dde8a995,scaled_channel,3/5,128,98,False,False,False,False,False,False,False,True,True,False,False
4899,04899.json,378052202595a4c907cd4ce691a14b0d5f690c4bc1df304e98a7b28717a70629,scaled_channel,3/5,128,99,False,False,False,False,False,False,False,True,True,False,False
4900,04900.json,f37d052212b2b6eff24423155c4a18ace3e59c95d1d7d44841d18fd77a162fcd,scaled_channel,3/5,512,0,False,False,False,False,False,False,False,True,True,False,False
4901,04901.json,508f8f4d7dc725b700bfc58937815bbce475595f2bd49984edc27493a04155a3,scaled_channel,3/5,512,1,False,False,False,False,False,False,False,True,True,False,False
4902,04902.json,f92513875872efcbf65efa708ade258c7a806578d210065294526ccd25e2d4a8,scaled_channel,3/5,512,2,False,False,False,False,False,False,False,True,True,False,False
4903,04903.json,4012c51c9e5d75022c039d5611f6ddd9706b5c31d7c07a7c3fbd1403b4276b1a,scaled_channel,3/5,512,3,False,False,False,False,False,False,False,True,True,False,False
4904,04904.json,f96013c41a7a59f7c333af9273132482c5df73657c6ae5a06ced0abea5260977,scaled_channel,3/5,512,4,False,False,False,False,False,False,False,True,True,False,False
4905,04905.json,e2e4c8c47d2eda4bcbbf6b58b3fd89a7113d97dc3c2c008700fdcebd88740011,scaled_channel,3/5,512,5,False,False,False,False,False,False,False,True,True,False,False
4906,04906.json,57d9cb7daf242deea090046f1eab87f4d808119b3175c8f36ce274e6fc78f160,scaled_channel,3/5,512,6,False,False,False,False,False,False,False,True,True,False,False
4907,04907.json,278c24dd1216edd532850a6a1858a408ac115d50c34ac7f29c09b18e675b57e6,scaled_channel,3/5,512,7,False,False,False,False,False,False,False,True,True,False,False
4908,04908.json,0ea11ee145e55274a3c306a02737f0219f8605ffb1a7dd917019b6f4e39236ff,scaled_channel,3/5,512,8,False,False,False,False,False,False,False,True,True,False,False
4909,04909.json,c77e250bc4d29427d7fb65a81d2165e9b8eba7e74e546566b84c950e84e23c71,scaled_channel,3/5,512,9,False,False,False,False,False,False,False,True,True,False,False
4910,04910.json,c3cd8e6602233f6cd00d1462e7b723ff6e516ce945b273a8b98dfd3b38c412fe,scaled_channel,3/5,512,10,False,False,False,False,False,False,False,True,True,False,False
4911,04911.json,710b0a9e39a27946805431fa6732f708d703f8d77d9094f40f8052cec3bed144,scaled_channel,3/5,512,11,False,False,False,False,False,False,False,True,True,False,False
4912,04912.json,371d132902e7340698381900432b9a3cd0bb5744e2746346c41e8b8af6fdfba7,scaled_channel,3/5,512,12,False,False,False,False,False,False,False,True,True,False,False
4913,04913.json,4f75d5f7ad2e026d3ba10d98ee6250111cb4f4932664dceac0cc6ae25803c0a8,scaled_channel,3/5,512,13,False,False,False,False,False,False,False,True,True,False,False
4914,04914.json,25debf6c767f7e82a8a4febd0e44c9af48cba5112fcf9aa9420711c2630443b0,scaled_channel,3/5,512,14,False,False,False,False,False,False,False,True,True,False,False
4915,04915.json,0033a541cfd2965e75be7183a096363d4e35864d938d4201fbfd45ffa7b763d4,scaled_channel,3/5,512,15,False,False,False,False,False,False,False,True,True,False,False
4916,04916.json,fb43ec7c3549e73ee48382927d863c74143cd586d35d151ba81fe811a97ba913,scaled_channel,3/5,512,16,False,False,False,False,False,False,False,True,True,False,False
4917,04917.json,2c8c3a75704f9d2e54beadf603e35483e5c04001ddfabb261ac64912ebd5c83d,scaled_channel,3/5,512,17,False,False,False,False,False,False,False,True,True,False,False
4918,04918.json,bc97523651fb709d3248822d4f41e5bd76bf4b40d0eadf829381b53f6ee950a1,scaled_channel,3/5,512,18,False,False,False,False,False,False,False,True,True,False,False
4919,04919.json,eb83faae754d2891dca27755ff537f3445939aad50e4759905074ab314582acf,scaled_channel,3/5,512,19,False,False,False,False,False,False,False,True,True,False,False
4920,04920.json,7a06aca98d5a8bbdc6b4222d1651c76479a37de2dec1bdf7f0e4740d0ece0f8a,scaled_channel,3/5,512,20,False,False,False,False,False,False,False,True,True,False,False
4921,04921.json,8b54e7bc79f92c8cbb1e81b101d350ec00190308cfd2c3c32e9299185b97f80d,scaled_channel,3/5,512,21,False,False,False,False,False,False,False,True,True,False,False
4922,04922.json,be204bd3e5f70a743ce414fd1894603b35d070d81b0281cd8b3db22d7c2a38b4,scaled_channel,3/5,512,22,False,False,False,False,False,False,False,True,True,False,False
4923,04923.json,da2580335a96c8bd6bdcdae50644d157efc8a361404f8daadbbeafd7da4569a4,scaled_channel,3/5,512,23,False,False,False,False,False,False,False,True,True,False,False
4924,04924.json,24ca77e71b765ffca2160605cf8c0e8676c76064f235890cea44a9bee7a3d479,scaled_channel,3/5,512,24,False,False,False,False,False,False,False,True,True,False,False
4925,04925.json,eaee97c5a141aa06a4b82a18f325fd7f1448865a97dd0db37e668e1b47facd08,scaled_channel,3/5,512,25,False,False,False,False,False,False,False,True,True,False,False
4926,04926.json,357557a07ee3901a0c7f36fcb100f9aa7fe123f115c13ff33730cbc06c501574,scaled_channel,3/5,512,26,False,False,False,False,False,False,False,True,True,False,False
4927,04927.json,05d62de7b4feda9b43909876fac110503aeb9ff427f0a25854e0f7067c340e77,scaled_channel,3/5,512,27,False,False,False,False,False,False,False,True,True,False,False
4928,04928.json,0b98807bf2331def6846fd444a6e9d2cb4161aecd61800a38442f5ff544cb4f7,scaled_channel,3/5,512,28,False,False,False,False,False,False,False,True,True,False,False
4929,04929.json,79b4c4e9305395a7a499b0072c90ff2e6e7f333ed56a1563d1ee568e9b4286ff,scaled_channel,3/5,512,29,False,False,False,False,False,False,False,True,True,False,False
4930,04930.json,631484cfc4edc2c3ed5f9c21bae116b8b0d19314be17b015cfbec1ffab9c07af,scaled_channel,3/5,512,30,False,False,False,False,False,False,False,True,True,False,False
4931,04931.json,903444f8601bf15f7fc9594f58a1b38b94bb99fb0567b0f31e04d5140b7ec17b,scaled_channel,3/5,512,31,False,False,False,False,False,False,False,True,True,False,False
4932,04932.json,1f1b78bbf02baf0698bbf00d1e15a5294b39e790b16b1b12500ad67f6b6868b5,scaled_channel,3/5,512,32,False,False,False,False,False,False,False,True,True,False,False
4933,04933.json,4d8b32a072375580c50ac9d6640769134b16cb36712a2efce5252c8f9145af4d,scaled_channel,3/5,512,33,False,False,False,False,False,False,False,True,True,False,False
4934,04934.json,a743da292d0af6a2f3111544c0c79f06b21134ef114016e244bf8309054df375,scaled_channel,3/5,512,34,False,False,False,False,False,False,False,True,True,False,False
4935,04935.json,5392ea6c64cc51d6aeb8c3be10430dd46eb2fec05b724062d6188efd12e622f2,scaled_channel,3/5,512,35,False,False,False,False,False,False,False,True,True,False,False
4936,04936.json,149434242f38e1446ce9b19dbefcb7669dfd2498555092cad2cc28a4745b0c98,scaled_channel,3/5,512,36,False,False,False,False,False,False,False,True,True,False,False
4937,04937.json,2c1c5085cf0abefad06ecb9d6d672ee9652b7c92456d3faddd835e4efecedec5,scaled_channel,3/5,512,37,False,False,False,False,False,False,False,True,True,False,False
4938,04938.json,fd7c4e8954e5f27394b6522502c872817f58fcd9aad458362d9f82c4926e7a77,scaled_channel,3/5,512,38,False,False,False,False,False,False,False,True,True,False,False
4939,04939.json,70f5a066466cb92d55c3869531c2d22d0bb23c4f9725da54055621f04d3a2971,scaled_channel,3/5,512,39,False,False,False,False,False,False,False,True,True,False,False
4940,04940.json,124b8024345bc881652be654a3f8ffd2fe8922c559d810c939d00e6e0fca467b,scaled_channel,3/5,512,40,False,False,False,False,False,False,False,True,True,False,False
4941,04941.json,84c2ed3d9f5e59a2c729b1eb5d45c2772b9a1043d18a091d34ac24d9cd95ce05,scaled_channel,3/5,512,41,False,False,False,False,False,False,False,True,True,False,False
4942,04942.json,4fa987dcccb645fa8912737e2657a6c1d1f4b730baee5a8ac23b43f326dce84e,scaled_channel,3/5,512,42,False,False,False,False,False,False,False,True,True,False,False
4943,04943.json,0152ddb2ca5bb9452f982109464c5d77bcd4e958a81acd50f4f3fbdf91b2f798,scaled_channel,3/5,512,43,False,False,False,False,False,False,False,True,True,False,False
4944,04944.json,75ee2c7006bc4ee8e0a2bb83bbdf1ab692d1f6b5d196c08c00da576cd74c1c14,scaled_channel,3/5,512,44,False,False,False,False,False,False,False,True,True,False,False
4945,04945.json,766041db07726b84d52567e6c5efc4ffed43eeaa6b981635af1b0e6303947f21,scaled_channel,3/5,512,45,False,False,False,False,False,False,False,True,True,False,False
4946,04946.json,56974d0a7af52332c28b503e0e55f8116f2c7fc61b01ce73221d92a3e84e65b3,scaled_channel,3/5,512,46,False,False,False,False,False,False,False,True,True,False,False
4947,04947.json,332b8fc708ca32eec5da68959997f9a81a0c519bbc2618b2c3084ea345ac14a1,scaled_channel,3/5,512,47,False,False,False,False,False,False,False,True,True,False,False
4948,04948.json,ec7fa727ff2c906ae1b62d8baf198cb737b12e0e08ac0f256760adf10575c0bc,scaled_channel,3/5,512,48,False,False,False,False,False,False,False,True,True,False,False
4949,04949.json,052af1041f9574c30c22b7708a9bf002001b0230043cc99281002c3204886935,scaled_channel,3/5,512,49,False,False,False,False,False,False,False,True,True,False,False
4950,04950.json,91d1e3d8caee78acab54a0b304948e9a1ca6729960383d0395e5f72375a12a92,scaled_channel,3/5,512,50,False,False,False,False,False,False,False,True,True,False,False
4951,04951.json,a70576e215684362c8568de4ca9633630a844d00129206bef6df372b80e00bc3,scaled_channel,3/5,512,51,False,False,False,False,False,False,False,True,True,False,False
4952,04952.json,3fbdf647746dd1946a18f6ac5cc497d22dca046f33c771cae10b91d78ee2330d,scaled_channel,3/5,512,52,False,False,False,False,False,False,False,True,True,False,False
4953,04953.json,c43cfcb7720788b431c054d0b011e8c702e3e64b52fab4eccc54dd9d0e3c9a04,scaled_channel,3/5,512,53,False,False,False,False,False,False,False,True,True,False,False
4954,04954.json,3010d7da6f0c72dddf83b0845c4de475cc042e40bf5e3576ad4342f1891d8dc2,scaled_channel,3/5,512,54,False,False,False,False,False,False,False,True,True,False,False
4955,04955.json,d9d3aa6da26f93dc89d5b7e808629cace91ee7b84cdbf689467127cbbbcf1491,scaled_channel,3/5,512,55,False,False,False,False,False,False,False,True,True,False,False
4956,04956.json,6e2aee2d018c3ca78ea5b6f533021768422353ea8dbdcc61b4e71591c4daa004,scaled_channel,3/5,512,56,False,False,False,False,False,False,False,True,True,False,False
4957,04957.json,8c5fdc4082523b3dfb18c137d5a168e66b160800644e490917a7ca10c28eb829,scaled_channel,3/5,512,57,False,False,False,False,False,False,False,True,True,False,False
4958,04958.json,8357e87619622f68e7825a76e814c17a0c4d5d36a84ebea239872638256c9b45,scaled_channel,3/5,512,58,False,False,False,False,False,False,False,True,True,False,False
4959,04959.json,6d09593680900b82194ab97ed49a40b9c492afcef6f1d41fcbd3d506d918b6fa,scaled_channel,3/5,512,59,False,False,False,False,False,False,False,True,True,False,False
4960,04960.json,234636500792e27a4fd4b21cfd098b6babfaab71b54f04e7c68b2f778c532fc6,scaled_channel,3/5,512,60,False,False,False,False,False,False,False,True,True,False,False
4961,04961.json,1da0f22309ca2d95a62d4bd42fbeba672285fdf525b94d62415fadfd1bdf417e,scaled_channel,3/5,512,61,False,False,False,False,False,False,False,True,True,False,False
4962,04962.json,5c3d4714997ebec60efbd3578078baa71944d036e9470447ef6a49bcfab5f36d,scaled_channel,3/5,512,62,False,False,False,False,False,False,False,True,True,False,False
4963,04963.json,7f62871855d9aff04b1929bd1c3336993481d3f2c4dae3640d6698031d48bd51,scaled_channel,3/5,512,63,False,False,False,False,False,False,False,True,True,False,False
4964,04964.json,55f8bbb524dbdd83fa719c0b2e4b1cdbcbc7c97a41afc45d5833d7a89ec32531,scaled_channel,3/5,512,64,False,False,False,False,False,False,False,True,True,False,False
4965,04965.json,76a6179d0ec7c804fa48449b0469904d8c59e83d066a00776ea1d1ca5d98c223,scaled_channel,3/5,512,65,False,False,False,False,False,False,False,True,True,False,False
4966,04966.json,0bafff894aa768b1428841b8c50452e2c4c59d497c40bceb92a308a1cf1b5396,scaled_channel,3/5,512,66,False,False,False,False,False,False,False,True,True,False,False
4967,04967.json,307185d5d16136fc058ef934345282029b6ffea2cd2f053c15e4acd10085323c,scaled_channel,3/5,512,67,False,False,False,False,False,False,False,True,True,False,False
4968,04968.json,634d8b7fc763fc232ea45e3fdab13c0db9d8bc8667659a30ebaa8695083401a8,scaled_channel,3/5,512,68,False,False,False,False,False,False,False,True,True,False,False
4969,04969.json,f38af0b3e8094e21f36884c70a90a2aab651016ccd1f043d006708b56ebf2b4e,scaled_channel,3/5,512,69,False,False,False,False,False,False,False,True,True,False,False
4970,04970.json,16499af74964374ab708a9b6ff3ebf67fbb8f291182ade1d5ca141aaae79e350,scaled_channel,3/5,512,70,False,False,False,False,False,False,False,True,True,False,False
4971,04971.json,d10c88d1560f80275cf597a1728c214a04d5150b024ff6b14e68f48573035762,scaled_channel,3/5,512,71,False,False,False,False,False,False,False,True,True,False,False
4972,04972.json,564c97393f063fdf1745c7bd71e0fc4002ca0e5eeaa1c4e34c67f928380a5b21,scaled_channel,3/5,512,72,False,False,False,False,False,False,False,True,True,False,False
4973,04973.json,a3da1113493ce5e81361f2251bee96005cc1ebbcf6da87b698f33ef0b3870ba2,scaled_channel,3/5,512,73,False,False,False,False,False,False,False,True,True,False,False
4974,04974.json,088121157c645c295c82b4cf18ea4a13abd8d4c2f278458fce2692a39698a7ad,scaled_channel,3/5,512,74,False,False,False,False,False,False,False,True,True,False,False
4975,04975.json,2871cd698efaeaeef45635a4e0b7defafbfeb12a7cd7b0e6d5b56cdfb114927c,scaled_channel,3/5,512,75,False,False,False,False,False,False,False,True,True,False,False
4976,04976.json,a11d801609d18bd0989c0f3ac7bbcd34ebdaaa7dba52d4b3d7eaf41e4a694d08,scaled_channel,3/5,512,76,False,False,False,False,False,False,False,True,True,False,False
4977,04977.json,4844774b12c13a849b2b1dd8e6ff3fc04f702d22bb46034f1807889a112de430,scaled_channel,3/5,512,77,False,False,False,False,False,False,False,True,True,False,False
4978,04978.json,335307d101fdc249bbaa8469442111d87ce33f66bfa73006c1df9bddf51cc820,scaled_channel,3/5,512,78,False,False,False,False,False,False,False,True,True,False,False
4979,04979.json,2efdf653c5e9c31050d6a74cc30cdde1c0c0eeaa0583dc8cd55099af2bb2ef0c,scaled_channel,3/5,512,79,False,False,False,False,False,False,False,True,True,False,False
4980,04980.json,1baedffa0afa36f4b2dd1ea1748306f402af82db33e41611f0033e2f18f35774,scaled_channel,3/5,512,80,False,False,False,False,False,False,False,True,True,False,False
4981,04981.json,af4015c4ad5748c7abae9a5569e747198b024be8e16462f9885445224b14f68e,scaled_channel,3/5,512,81,False,False,False,False,False,False,False,True,True,False,False
4982,04982.json,810c04764734c706cccad442afb3819f5c3e20c316ab9b44764b41b3a2da4c0d,scaled_channel,3/5,512,82,False,False,False,False,False,False,False,True,True,False,False
4983,04983.json,f118c8092ddedba3e751222b042005579856768433b0c8ca6f42e1438c62901e,scaled_channel,3/5,512,83,False,False,False,False,False,False,False,True,True,False,False
4984,04984.json,e35788b5c9a786bc31da18c766021fed02e47b9cec8912b528dc7b792e6782eb,scaled_channel,3/5,512,84,False,False,False,False,False,False,False,True,True,False,False
4985,04985.json,dd71b57e72fbafd6fe3a51c097d0144cc0feb5b244de0f94c247a0cbd3acd90a,scaled_channel,3/5,512,85,False,False,False,False,False,False,False,True,True,False,False
4986,04986.json,3b8d84a53c9c4f00998a2c5dcddd046a8ef076704f6c770d0abc24fd9e61fa03,scaled_channel,3/5,512,86,False,False,False,False,False,False,False,True,True,False,False
4987,04987.json,60dc7a97231bce46ce12d11e99bbc4c5813514f415288b56249026eeb74d7943,scaled_channel,3/5,512,87,False,False,False,False,False,False,False,True,True,False,False
4988,04988.json,6c9e111cc4a2ab20e9ae085586d53a8ab2e6e0ae42a1f97dce92ea8d059f3f88,scaled_channel,3/5,512,88,False,False,False,False,False,False,False,True,True,False,False
4989,04989.json,338de52a48f55bdd89ba40a313a6af91b0ace8974fb5aef5bd065a619264ab1f,scaled_channel,3/5,512,89,False,False,False,False,False,False,False,True,True,False,False
4990,04990.json,c808171e4f0df1056553856e4836a536b92916a6539a1d2b289d540c27cc3159,scaled_channel,3/5,512,90,False,False,False,False,False,False,False,True,True,False,False
4991,04991.json,361bde2667ca0368102b22777040dfefcc668a7fbb1ce208c6584fe250319067,scaled_channel,3/5,512,91,False,False,False,False,False,False,False,True,True,False,False
4992,04992.json,022639af6640cd108a2c6daf033a5a19d16bc76b806062b4cccde5e1a26076d9,scaled_channel,3/5,512,92,False,False,False,False,False,False,False,True,True,False,False
4993,04993.json,65625b9dce3ab0d709498c0091b0363c0989c62c13a8292db62545f8c062ffdb,scaled_channel,3/5,512,93,False,False,False,False,False,False,False,True,True,False,False
4994,04994.json,8ed3cf9b0cd94e5ddbdc693d6b6b6a179aadb6dfc0dd88ec8e5b7ac36d47ed28,scaled_channel,3/5,512,94,False,False,False,False,False,False,False,True,True,False,False
4995,04995.json,4ec8d4ec80dad0ebfca05eb9359d25b57cbd6fb186c02e1833d04e8b86a1bfdc,scaled_channel,3/5,512,95,False,False,False,False,False,False,False,True,True,False,False
4996,04996.json,6013e50d4484703f4c28e7ee47d96ad3904b1a4f0f3499ae0e91e16b51fc0d04,scaled_channel,3/5,512,96,False,False,False,False,False,False,False,True,True,False,False
4997,04997.json,7445494def4e118c436f7c2de6ac02a371b8200e47cba761cf2f666bdfe984c7,scaled_channel,3/5,512,97,False,False,False,False,False,False,False,True,True,False,False
4998,04998.json,f443d2055881d8571ddf3587628ca5489867ee82d301e10fe850fd309b602260,scaled_channel,3/5,512,98,False,False,False,False,False,False,False,True,True,False,False
4999,04999.json,80a1d944c9525aa0f9f01781b61abc6975601bb479472654090332f2dac1723b,scaled_channel,3/5,512,99,False,False,False,False,False,False,False,True,True,False,False
5000,05000.json,e8b3b04c7a7b178fb5e2957a9e5063d1a66b433c1138c525a6210d24b6fab8aa,colored_null,2/5,128,0,True,False,False,False,False,False,False,False,False,False,False
5001,05001.json,56895fa84577d07de83b22da4ec95e4bd22797ef9a514e4638f67a17ab778f41,colored_null,2/5,128,1,True,False,False,False,False,False,False,False,False,False,False
5002,05002.json,6bf7264589daeb7094640dc78f45527d5a0c7ee873248211d365ba794cea81a9,colored_null,2/5,128,2,True,False,False,False,False,False,False,False,False,False,False
5003,05003.json,a8b5a33451fab5e28efdfed8a1b4377e3d73423e0c473642fcefd6e3814109d8,colored_null,2/5,128,3,True,False,False,False,False,False,False,False,False,False,False
5004,05004.json,5c23f76575bc02aa3b6bea7ec1fa133425325ce3f2f0baf1b5bac3e6d04ab273,colored_null,2/5,128,4,True,False,False,False,False,False,False,False,False,False,False
5005,05005.json,274dded859f5b5e7ff1c954992be6e11821c969ddfd6cf00827e72eb103907ff,colored_null,2/5,128,5,True,False,False,False,False,False,False,False,False,False,False
5006,05006.json,12aa7ae1c2e45b0113b782db121cb67c26fcfccbdcc8921a2597e08bd6ac473e,colored_null,2/5,128,6,True,False,False,False,False,False,False,False,False,False,False
5007,05007.json,9e99940b4c08c092931a8ac149c1ce97ce406e1dbf255402648a64437d0c5f57,colored_null,2/5,128,7,True,False,False,False,False,False,False,False,False,False,False
5008,05008.json,73ac10955ffc53b922d1b7e92d546fddbfe3f546186cebab33d3a6eb7b34fb57,colored_null,2/5,128,8,True,False,False,False,False,False,False,False,False,False,False
5009,05009.json,1648c0aab651cd81fcabbb537e22e71881438e75527126ef14af032944ce1e8b,colored_null,2/5,128,9,True,False,False,False,False,False,False,False,False,False,False
5010,05010.json,4105807071799106994bfc13ee6b01577c9f07a7d052a477c8969b5f0b444311,colored_null,2/5,128,10,True,False,False,False,False,False,False,False,False,False,False
5011,05011.json,fb68b320dc82ef9a8981641362dbe55870b8137c423421ce8413763e431a3c95,colored_null,2/5,128,11,True,False,False,False,False,False,False,False,False,False,False
5012,05012.json,b0c56532eb51ebdfb2dc7149ebe9e6fe0cee9d7e3ff2e196c9aa8bbec2e2fbd5,colored_null,2/5,128,12,True,False,False,False,False,False,False,False,False,False,False
5013,05013.json,f0c0073bbed4b32f36dbd3ac889256ea03151a79e5855d43c472da29f9a181ce,colored_null,2/5,128,13,True,False,False,False,False,False,False,False,False,False,False
5014,05014.json,438e520e71dc866560d2d8eb2b34ca3516b3d6ad55552c69fd713a0cc92cbcc7,colored_null,2/5,128,14,True,False,False,False,False,False,False,False,False,False,False
5015,05015.json,11fabd950867939bd6281fc0cd6c41e47bbcf2f0c79e2edbabdd288903cdacbc,colored_null,2/5,128,15,True,False,False,False,False,False,False,False,False,False,False
5016,05016.json,42eb7059325610def3c92680e3e4e7e903d6e2899a8ecb4d54400149b0c98c4b,colored_null,2/5,128,16,True,False,False,False,False,False,False,False,False,False,False
5017,05017.json,e7100a99878876c7c014628966c7119d8ffa42343c49b17beb05f5cb5ccba80c,colored_null,2/5,128,17,True,False,False,False,False,False,False,False,False,False,False
5018,05018.json,2a9f1093c1a0712a0dc6b65a036e27ce0c4ccac00661d97b9e42853e47102e46,colored_null,2/5,128,18,True,False,False,False,False,False,False,False,False,False,False
5019,05019.json,d0f3fc58dd9a689e99c3f80636bdf899801b5c406545f7e06ff98529ec876dd3,colored_null,2/5,128,19,True,False,False,False,False,False,False,False,False,False,False
5020,05020.json,0a2bba1993c256d93315262746ae924d033a98b6a4f9c404c031353d5694bf0e,colored_null,2/5,128,20,True,False,False,False,False,False,False,False,False,False,False
5021,05021.json,c822eb59649c10a5f80d46bf893632105c74af10f8382dc7a445a71d39df39fa,colored_null,2/5,128,21,True,False,False,False,False,False,False,False,False,False,False
5022,05022.json,85d10ee1226c3b472c5dfb9b8394385b4af3983f94d42155a009cd09cc846a82,colored_null,2/5,128,22,True,False,False,False,False,False,False,False,False,False,False
5023,05023.json,828bcd68dc35654de3f180808c15ad1e716424f7f1a69328200a2872bf1bf909,colored_null,2/5,128,23,True,False,False,False,False,False,False,False,False,False,False
5024,05024.json,38d2f650dba1b9fe5ef90065e646ce91345dc9df004d50020362439e805fcb43,colored_null,2/5,128,24,True,False,False,False,False,False,False,False,False,False,False
5025,05025.json,7205b67d4e2f3eba7a8b7ccf61ab24c7fa53af027a893da7845705976dc6d055,colored_null,2/5,128,25,True,False,False,False,False,False,False,False,False,False,False
5026,05026.json,e2fb63d706ab71bfed92e652142bf031cadee721e58be4a2551dc3e057270bc3,colored_null,2/5,128,26,True,False,False,False,False,False,False,False,False,False,False
5027,05027.json,cf5a31429f1ce9c45c58d5b47384081b609399d8f42d2bf76a93089a654fc1b2,colored_null,2/5,128,27,True,False,False,False,False,False,False,False,False,False,False
5028,05028.json,5eee34caff614885568aecea851a920ede71e386e960b90ed8e5754a032f4b17,colored_null,2/5,128,28,True,False,False,False,False,False,False,False,False,False,False
5029,05029.json,e06bc1960fe007715a084bd8f022bd14ff26fc1e515f4f5515f35cedf5cf73ae,colored_null,2/5,128,29,True,False,False,False,False,False,False,False,False,False,False
5030,05030.json,b49b25c7608c31ffbed628c99dda798628e64070a64694a78b02d0ec5e684512,colored_null,2/5,128,30,True,False,False,False,False,False,False,False,False,False,False
5031,05031.json,83e88841eeb022313bd116acfea2bb3733a2ca6d1cad4cfe189f9b2acbe476fc,colored_null,2/5,128,31,True,False,False,False,False,False,False,False,False,False,False
5032,05032.json,bd8f35b06b9b96cbe2edec72fcd55ef581ec7d284a4df4ef10378a51bb868986,colored_null,2/5,128,32,True,False,False,False,False,False,False,False,False,False,False
5033,05033.json,7b6b4703e3a3280418786bccdac51a272bc8cedeeb9e4247553a42001046e249,colored_null,2/5,128,33,True,False,False,False,False,False,False,False,False,False,False
5034,05034.json,ec6fa5a30b96df56311a5c84804b4a1371229db46b2be1c84746367690a9d360,colored_null,2/5,128,34,True,False,False,False,False,False,False,False,False,False,False
5035,05035.json,949d40262bf3e4ddfc5a60caa63bda921db0c792b8bec7401edbc151704e92b7,colored_null,2/5,128,35,True,False,False,False,False,False,False,False,False,False,False
5036,05036.json,43a804182a88ea8324e867a2b38b56cc57d89fa1af9a97ca9705fac59e806152,colored_null,2/5,128,36,True,False,False,False,False,False,False,False,False,False,False
5037,05037.json,180396d852992d0f2006da2513aee5be56e41bc22ccecf27300104bc999ea82f,colored_null,2/5,128,37,True,False,False,False,False,False,False,False,False,False,False
5038,05038.json,dfcd044a15c390523a0db864a3f464bc68634a66e4709428d4086c61a903f5d0,colored_null,2/5,128,38,True,False,False,False,False,False,False,False,False,False,False
5039,05039.json,42ae8478ca179fba92fd5f94acdef03ae0a3eb74b5a555fcf39e3e4fba216947,colored_null,2/5,128,39,True,False,False,False,False,False,False,False,False,False,False
5040,05040.json,ea1d1f898ba084d5a49ae88a16d89a4995c1e500a69373ad8d86c6cdcff8191a,colored_null,2/5,128,40,True,False,False,False,False,False,False,False,False,False,False
5041,05041.json,3fd63a432747dd79e5e651389a461a30f5676d5c7a08c03a2510e532cd3bc87e,colored_null,2/5,128,41,True,False,False,False,False,False,False,False,False,False,False
5042,05042.json,b1da9a193b867ff948977d9eca006924b426a7d2e76f3deac111bd875a6a38f6,colored_null,2/5,128,42,True,False,False,False,False,False,False,False,False,False,False
5043,05043.json,d67aafbf35eeed354aa314dbe1c24ae9db6dd3889f961453706a01423cffe892,colored_null,2/5,128,43,True,False,False,False,False,False,False,False,False,False,False
5044,05044.json,92c603751e5ae7c3da6f3f8dba0369eaf63e6720b0fa135b8c2fedfbfb668f42,colored_null,2/5,128,44,True,False,False,False,False,False,False,False,False,False,False
5045,05045.json,df3cdf5309ab1e40bb1f6fe00817150a4b48cec41da776194afdf3eb14231c8e,colored_null,2/5,128,45,True,False,False,False,False,False,False,False,False,False,False
5046,05046.json,ab96f6adccccbb74948ebefd7c346618fe25ee09c5b3beb25e2ae2c09d43a115,colored_null,2/5,128,46,True,False,False,False,False,False,False,False,False,False,False
5047,05047.json,5283c6547ff5e95154551f27c73b34571bcb0b84cf87cfc196e58e765739ddd9,colored_null,2/5,128,47,True,False,False,False,False,False,False,False,False,False,False
5048,05048.json,c297c57eb530ebfa03ef0e2aa3b5f17518499458703dd8f2a70d1f563c24a869,colored_null,2/5,128,48,True,False,False,False,False,False,False,False,False,False,False
5049,05049.json,d9fa4a5f8785f3f89c777b8df8905a2f03baf72558af22c9f02ece9d2784da1f,colored_null,2/5,128,49,True,False,False,False,False,False,False,False,False,False,False
5050,05050.json,72c0d3c2828cf56768d7c2e98a89d7333e1cdbfb6b057e3a7a7d65a672978597,colored_null,2/5,128,50,True,False,False,False,False,False,False,False,False,False,False
5051,05051.json,126fd6755846088883f966f341bd79d5b6b7daa28c3b437e01d1762f1c81bf52,colored_null,2/5,128,51,True,False,False,False,False,False,False,False,False,False,False
5052,05052.json,15db8d719152da0935f7356c08c5f172ef22463fba97cd0b8544f361c7666c77,colored_null,2/5,128,52,True,False,False,False,False,False,False,False,False,False,False
5053,05053.json,23fa5d56b493bc89787db0f98861492eb8d31aa9d2eaaab6f9d20da25f697a3f,colored_null,2/5,128,53,True,False,False,False,False,False,False,False,False,False,False
5054,05054.json,9c6c97bb7b200e790d740d026cd43d91f06df94afabc70040c7b2c0c39177f38,colored_null,2/5,128,54,True,False,False,False,False,False,False,False,False,False,False
5055,05055.json,6a0c1c4ffa58f18b26aed7fe03f0525bc6713c726e5320eeaaf46d2a398d3a30,colored_null,2/5,128,55,True,False,False,False,False,False,False,False,False,False,False
5056,05056.json,b39c89fc031762a7af55f42b0e12772b52dfe94d723e92e060ece59843af1951,colored_null,2/5,128,56,True,False,False,False,False,False,False,False,False,False,False
5057,05057.json,ed6069455051559a768e7741490028be328f07e6f3df4a3dfe58505ad7c38d13,colored_null,2/5,128,57,True,False,False,False,False,False,False,False,False,False,False
5058,05058.json,901e22e69a8c69a3c3f45efbe414e482086a9f822068328b3bc596b5e5bdc49e,colored_null,2/5,128,58,True,False,False,False,False,False,False,False,False,False,False
5059,05059.json,1c77b08d3ca809369965ebad055eeaf52b548d16aafc3bb36349aec0af6543a6,colored_null,2/5,128,59,True,False,False,False,False,False,False,False,False,False,False
5060,05060.json,01eac739793ac615b5f3a631e36628f88ae689aa6addc0f0b8fa13e07d9868b6,colored_null,2/5,128,60,True,False,False,False,False,False,False,False,False,False,False
5061,05061.json,d5d5321bdc9dee94e5bf117100c16d949356cc85dc90808c3355f15cd9a3eae6,colored_null,2/5,128,61,True,False,False,False,False,False,False,False,False,False,False
5062,05062.json,13e1bf64805857ab0a8a447f20800b75e24ccb79b163f316190f846c5f2d31ea,colored_null,2/5,128,62,True,False,False,False,False,False,False,False,False,False,False
5063,05063.json,99111a9779b9a1ba00432ff2ba13e107463eee9bcd7a992373bb307f6e4240e6,colored_null,2/5,128,63,True,False,False,False,False,False,False,False,False,False,False
5064,05064.json,e304df373dcc7ef37c972c2737485b2729103a80e074b761250f636fd3471b99,colored_null,2/5,128,64,True,False,False,False,False,False,False,False,False,False,False
5065,05065.json,f916dcefe8b261f9e7206b520382ed826c37a85d3694c185311695a56fbc3ddf,colored_null,2/5,128,65,True,False,False,False,False,False,False,False,False,False,False
5066,05066.json,f5724772ed759bb99ed1008a2f20aff7404cdcdd390330ccce269ada2eaf8370,colored_null,2/5,128,66,True,False,False,False,False,False,False,False,False,False,False
5067,05067.json,05d544abb1354b46d38ea17ff689f186c7b693888b200ec69815794770e2391c,colored_null,2/5,128,67,True,False,False,False,False,False,False,False,False,False,False
5068,05068.json,4c5af276964c9bc9d40733d2a82ba113451578ee8e0c0a53ec0d3c4801e391d0,colored_null,2/5,128,68,True,False,False,False,False,False,False,False,False,False,False
5069,05069.json,c5a58f10638efd2b12fe00a2556ebfc0350080255015143439065cdbe00d093b,colored_null,2/5,128,69,True,False,False,False,False,False,False,False,False,False,False
5070,05070.json,a51b7fe7238d0359be36b40cb8cf3be83be32b80c365d1f95e7c64004a73c6e6,colored_null,2/5,128,70,True,False,False,False,False,False,False,False,False,False,False
5071,05071.json,d15c67d2e93adf082853d85b71dc4392ad1d60edcab66388c75cb36b43ca89eb,colored_null,2/5,128,71,True,False,False,False,False,False,False,False,False,False,False
5072,05072.json,773be0bc1108d2e3e750b9b7c3c7445f25dd69c378b086935b467166dde46417,colored_null,2/5,128,72,True,False,False,False,False,False,False,False,False,False,False
5073,05073.json,62d0bf224940f48fbbae16fa46813e557954b2700a005983f5fb0fad68ad0f21,colored_null,2/5,128,73,True,False,False,False,False,False,False,False,False,False,False
5074,05074.json,0d45d564a6e6ef7f3de2c8e9cf84289055db9309653a903af7af2d79d1310e61,colored_null,2/5,128,74,True,False,False,False,False,False,False,False,False,False,False
5075,05075.json,b60b18bb23ba306eb19fe0e3a74f0a47209144332ba0f76d759a887c8b01a18b,colored_null,2/5,128,75,True,False,False,False,False,False,False,False,False,False,False
5076,05076.json,12fecbcb1e8ec26ac28d4115a3fa85eb50a77f99d6a6b83a47c58dc7e4e3319b,colored_null,2/5,128,76,True,False,False,False,False,False,False,False,False,False,False
5077,05077.json,da6249a5a2f643c29b11fee181578bbf42760acc1db992c64c5024ba0b21d35b,colored_null,2/5,128,77,True,False,False,False,False,False,False,False,False,False,False
5078,05078.json,6d34c2ef141fce2a85f7601f3b885a08dc519d455c3afaa95237acfb8f2ed8af,colored_null,2/5,128,78,True,False,False,False,False,False,False,False,False,False,False
5079,05079.json,49b408570f73fff55e7057506fff8ff05775247df93c10dffacf8c7ec2b4e3fe,colored_null,2/5,128,79,True,False,False,False,False,False,False,False,False,False,False
5080,05080.json,790d359008c081bf54e83dee5e0613445909d0f1bae4090e2b8bf024ae63ba38,colored_null,2/5,128,80,True,False,False,False,False,False,False,False,False,False,False
5081,05081.json,fbb1eb94b1ec636463fbefc49b82e821f7657ce8d274ecc0b588d5e1eea50cdf,colored_null,2/5,128,81,True,False,False,False,False,False,False,False,False,False,False
5082,05082.json,a7aa4b005a4f52889c9c2e692d97bc91a11c6dd2700026fc40f1324d0f604d44,colored_null,2/5,128,82,True,False,False,False,False,False,False,False,False,False,False
5083,05083.json,892551c4716135b71108d43c66e079a91e53e9dc7187a9035906610379c3c32b,colored_null,2/5,128,83,True,False,False,False,False,False,False,False,False,False,False
5084,05084.json,d64328f94613015446adfe66bd1c15d65833134c5a3ce72d9b67307d85830ed7,colored_null,2/5,128,84,True,False,False,False,False,False,False,False,False,False,False
5085,05085.json,ecc064ed5f1fd5c2c1e8736db618592dd2eae36cbf8a7d221e03f67f3af0c350,colored_null,2/5,128,85,True,False,False,False,False,False,False,False,False,False,False
5086,05086.json,adae92d5e08c6ba2e9c9ab916f7286cd2764927c065c9a9ace25e1a009c50177,colored_null,2/5,128,86,True,False,False,False,False,False,False,False,False,False,False
5087,05087.json,15ded5eb856469a3f8ba805373cabd0613603f5dbb06d0f1b03c127dbb1ff86a,colored_null,2/5,128,87,True,False,False,False,False,False,False,False,False,False,False
5088,05088.json,5124b12d0341eb3ae387ced0071db81e849be668d86ebae61c2c1363d82fb0a4,colored_null,2/5,128,88,True,False,False,False,False,False,False,False,False,False,False
5089,05089.json,8f2af34798c50bf843f2e488eef49401196e51da668a6002695729d1e884b857,colored_null,2/5,128,89,True,False,False,False,False,False,False,False,False,False,False
5090,05090.json,7174f0ccac1cfed3c52709faa0861182211cf080bdeda746e9936e395fbde08a,colored_null,2/5,128,90,True,False,False,False,False,False,False,False,False,False,False
5091,05091.json,1787f6f7ee5a3d766ceb9227b2f204cab42ff96a33b521ae46f7b6bf39eb9046,colored_null,2/5,128,91,True,False,False,False,False,False,False,False,False,False,False
5092,05092.json,eeda0e84ea687484504a50d4b33ebbcbe6b20e6d65a82afde918f6f6bdbdd16d,colored_null,2/5,128,92,True,False,False,False,False,False,False,False,False,False,False
5093,05093.json,3ccfcde44b5a8603809a0a612bdd6fd6d276447fe73b268a47a0b5ca77d6082c,colored_null,2/5,128,93,True,False,False,False,False,False,False,False,False,False,False
5094,05094.json,32afea3659f2cc636d04f29c123fb548799db2eed1e89125690d6baf5ab294eb,colored_null,2/5,128,94,True,False,False,False,False,False,False,False,False,False,False
5095,05095.json,f5b77a3bd43b496d801daed75a6e45ef86ef65ec6bab5c11720e3965d62fbc41,colored_null,2/5,128,95,True,False,False,False,False,False,False,False,False,False,False
5096,05096.json,79d81edb5d086bfa8766d1befcf80a1c7556d9dd8a628f813368655879157abc,colored_null,2/5,128,96,True,False,False,False,False,False,False,False,False,False,False
5097,05097.json,2822cde5e44453d6755eca75ccf4b665f759416c8c0572f4bc94d24a543cc73e,colored_null,2/5,128,97,True,False,False,False,False,False,False,False,False,False,False
5098,05098.json,64940eefb6d7eedcd6d5ce166a4e0d1cc3545954a9f59e47cd41f70264b065b4,colored_null,2/5,128,98,True,False,False,False,False,False,False,False,False,False,False
5099,05099.json,f4e0ccbb3b9648cf0bcfda842c895eeeab3c9617fef3e003e3b958cecdf657b3,colored_null,2/5,128,99,True,False,False,False,False,False,False,False,False,False,False
5100,05100.json,7b59a4f124b2c3e5649266c3722ff94b21cc5be9792f61d5a7156697dc7e4211,colored_null,2/5,512,0,True,False,False,False,False,False,False,False,False,False,False
5101,05101.json,9b8b47db38883f4708d8e46136994d658fdf70e4da3d07654971d8a03ed3241d,colored_null,2/5,512,1,True,False,False,False,False,False,False,False,False,False,False
5102,05102.json,0374e0e5adf6088bee0dd613e9d33b5338f2388092d316a5be2b92a0cfa34e51,colored_null,2/5,512,2,True,False,False,False,False,False,False,False,False,False,False
5103,05103.json,af61082ef8e6fa7f01bf60a17b301b976267d8eaea42afdfac40265b24d451e1,colored_null,2/5,512,3,True,False,False,False,False,False,False,False,False,False,False
5104,05104.json,c1c2b8280ac04ea2c79285dfaef1ba6753a76389ff1b3161139b4e988ffd9297,colored_null,2/5,512,4,True,False,False,False,False,False,False,False,False,False,False
5105,05105.json,7a739df44baf4d0c413e33aea78643df4439ac0d6d0794561ff2d631643b79af,colored_null,2/5,512,5,True,False,False,False,False,False,False,False,False,False,False
5106,05106.json,455b0aae522e49e92b8848c6b3a5a7405629cc0b8d9f495f76aae4df57660b60,colored_null,2/5,512,6,True,False,False,False,False,False,False,False,False,False,False
5107,05107.json,e4b6ab5374225a7b6a23eafab2a2b665b2767dd1645ba6086bfaadf938ff1431,colored_null,2/5,512,7,True,False,False,False,False,False,False,False,False,False,False
5108,05108.json,7e1b5a9894247da7194d6a76141dbc1ed6695b3d3ad2b0e7a97b9c60407d4f38,colored_null,2/5,512,8,True,False,False,False,False,False,False,False,False,False,False
5109,05109.json,e165adee3f1ffeedcfee4abb7b63a50676bcc468940ab07f10e5b2ca8cbffa43,colored_null,2/5,512,9,True,False,False,False,False,False,False,False,False,False,False
5110,05110.json,1fd6425d23e0dff81a751bd6bc8ff7353294cbef52dee3107104a94c7731ad98,colored_null,2/5,512,10,True,False,False,False,False,False,False,False,False,False,False
5111,05111.json,e563a58116e328ca00b29f93ba5cccc72dbf74db1c7e4f5cf264af527b87790c,colored_null,2/5,512,11,True,False,False,False,False,False,False,False,False,False,False
5112,05112.json,9ad1b491a687ce9b920b232da14946d88a1ade51215c170290577804d19247d7,colored_null,2/5,512,12,True,False,False,False,False,False,False,False,False,False,False
5113,05113.json,6f41785ec2f8c882a8a45e6590b7a15c3ebf1480c421e4d5c44f597abaeb3a1c,colored_null,2/5,512,13,True,False,False,False,False,False,False,False,False,False,False
5114,05114.json,2f43a3d61db88ac7b30583b3826eb2486479bce72087dd6c12f8d503bcde95d9,colored_null,2/5,512,14,True,False,False,False,False,False,False,False,False,False,False
5115,05115.json,5949fb7b18dafe9dc2b5971f4abc3e97b4ba87793d11a463e92623b862926172,colored_null,2/5,512,15,True,False,False,False,False,False,False,False,False,False,False
5116,05116.json,dd196d55720da9894a191f76b18b0185b865b5525f627ac3a10617fd6992c26f,colored_null,2/5,512,16,True,False,False,False,False,False,False,False,False,False,False
5117,05117.json,3ac29d0c0fa8fd3af487bcf568be4069097ae256bd88a20ef553793669ac1268,colored_null,2/5,512,17,True,False,False,False,False,False,False,False,False,False,False
5118,05118.json,e4d1535d7f84a63cc6405169f0322d2b59af7369b4ddec8faefcf4e1e78194fb,colored_null,2/5,512,18,True,False,False,False,False,False,False,False,False,False,False
5119,05119.json,d06f00045abc0bfe23393d2db49bd391f73952b889f7f92823b6d708a963011d,colored_null,2/5,512,19,True,False,False,False,False,False,False,False,False,False,False
5120,05120.json,18ec41a04154f23b9f9a31884f4f010fe05b70bb70044ac8e2c310fb828e1fd5,colored_null,2/5,512,20,True,False,False,False,False,False,False,False,False,False,False
5121,05121.json,8255758e00bee29055b662f24ae2f19a1d8a0a3de48874ec07953034fac3b4af,colored_null,2/5,512,21,True,False,False,False,False,False,False,False,False,False,False
5122,05122.json,8753519e096e46c36ebe7507a5c4cf16af1b3c533123f668417884ca51ddd861,colored_null,2/5,512,22,True,False,False,False,False,False,False,False,False,False,False
5123,05123.json,0034bd1ad6c488fcfdf08db110fa951efa8f5dd7772eb39991b6272a66aa5cbb,colored_null,2/5,512,23,True,False,False,False,False,False,False,False,False,False,False
5124,05124.json,1c6c7437e21d129a890c45b263e4b332aacba79a11a2b22d9d43080e595fb18a,colored_null,2/5,512,24,True,False,False,False,False,False,False,False,False,False,False
5125,05125.json,002a685fc1e270ae1dccd997c6c273e2d36b2b2d2ab7f3b800d41076e07e8a9a,colored_null,2/5,512,25,True,False,False,False,False,False,False,False,False,False,False
5126,05126.json,d5ce99d097a60a752b6946ef8028a65dc059db8f810a113f4c9a273cd51cd82b,colored_null,2/5,512,26,True,False,False,False,False,False,False,False,False,False,False
5127,05127.json,55e208d43c8d6c6ee40786e4c6ec564ff69a908463f63512dc76e06900ace92e,colored_null,2/5,512,27,True,False,False,False,False,False,False,False,False,False,False
5128,05128.json,62d9c0ee01fb5da39d0dd4bf101054004d3acefb4b676e76c856dfae93a4fc35,colored_null,2/5,512,28,True,False,False,False,False,False,False,False,False,False,False
5129,05129.json,6c57f9352d4f352c82f4a44dbd780dad2c734ae538e6b3edd47799e1104873ec,colored_null,2/5,512,29,True,False,False,False,False,False,False,False,False,False,False
5130,05130.json,df9f429759997df8e72f226856bfba5e4414bc0fd367855c2b978f90a811e09b,colored_null,2/5,512,30,True,False,False,False,False,False,False,False,False,False,False
5131,05131.json,8970f622f958a01f904ceed3b94570fbecb614f66f04fcfbed41a7d0dd7d5fa2,colored_null,2/5,512,31,True,False,False,False,False,False,False,False,False,False,False
5132,05132.json,f421a893d4493322d48e0dc9e263f21366582c041ea1fca5573c4c8d0a802621,colored_null,2/5,512,32,True,False,False,False,False,False,False,False,False,False,False
5133,05133.json,6be09b480498a563225b28490138c92255cab025f858c9f11f796c1e7559d6d1,colored_null,2/5,512,33,True,False,False,False,False,False,False,False,False,False,False
5134,05134.json,66e9b2cbc6dd4c5691b5158ecbcde92e3a3230c949dca798d16c54b1a60cb4e8,colored_null,2/5,512,34,True,False,False,False,False,False,False,False,False,False,False
5135,05135.json,9a183106073f0f8daffe86f3449d8ed557df68bc65f57c59502b6c0380927060,colored_null,2/5,512,35,True,False,False,False,False,False,False,False,False,False,False
5136,05136.json,df44a984800c25b397b2bc4b57e6e2bebda7d84a6b8114ddb8449a29f8a96133,colored_null,2/5,512,36,True,False,False,False,False,False,False,False,False,False,False
5137,05137.json,7864b250413fccbbac1df1e4d02fca41792d0f8cc1530cf9b1943d36a9690375,colored_null,2/5,512,37,True,False,False,False,False,False,False,False,False,False,False
5138,05138.json,4506cc54b94b83e8a3f1087751b8f2ad560a3cdf000a978d4f1e8814f47ade8c,colored_null,2/5,512,38,True,False,False,False,False,False,False,False,False,False,False
5139,05139.json,5d574b6da649f9ad47c0578545e28541e822246cd77e1f3b5dbec591a9d8af6b,colored_null,2/5,512,39,True,False,False,False,False,False,False,False,False,False,False
5140,05140.json,40be4c174e615ae8682d11402fa081aced9cd19d4a5e5bfc3b58c1d416a94111,colored_null,2/5,512,40,True,False,False,False,False,False,False,False,False,False,False
5141,05141.json,236d6539f3082a8538f3e4eeea20b07cb9a3c1c75cd6377bfa13806539ef967b,colored_null,2/5,512,41,True,False,False,False,False,False,False,False,False,False,False
5142,05142.json,c0920e6f2205cd152fff8c61568e1ce79c4bb5c116d3c9597406ec3ae60285d8,colored_null,2/5,512,42,True,False,False,False,False,False,False,False,False,False,False
5143,05143.json,be92d8fb7692cc023dee241886e5d36fd72a4dc29efe4b70a8871b6c30e894fb,colored_null,2/5,512,43,True,False,False,False,False,False,False,False,False,False,False
5144,05144.json,793c31e4de88cae38274e1087ddaa291a2b451e23b43dfcb365ffe41431ce3af,colored_null,2/5,512,44,True,False,False,False,False,False,False,False,False,False,False
5145,05145.json,bb4a353733d616554bfd57f65a9ca058a51eb88dfd9055487181c98d01a11bb5,colored_null,2/5,512,45,True,False,False,False,False,False,False,False,False,False,False
5146,05146.json,5ef8d68d7411b45bd4ea0abe9f0abe8712e9c5c3b3de9164e888deef111de0f7,colored_null,2/5,512,46,True,False,False,False,False,False,False,False,False,False,False
5147,05147.json,8b3c59aecab95b0ea1805eae8f528b185ccb0d8d830dc754a9ceb5b2d2b1e0c0,colored_null,2/5,512,47,True,False,False,False,False,False,False,False,False,False,False
5148,05148.json,57dee571ffb85d16cf534132f502bba3eff3c433e2dbde498dcef6282f51483b,colored_null,2/5,512,48,True,False,False,False,False,False,False,False,False,False,False
5149,05149.json,5d0c42e1256e8db5c069924caebfe70fd33d69bf01f9cf2a70c39d05d53f477a,colored_null,2/5,512,49,True,False,False,False,False,False,False,False,False,False,False
5150,05150.json,2a6ff54b150ed1d19c6a3e7c252acad9b65419baaaf3a3fed0c086c4a243d840,colored_null,2/5,512,50,True,False,False,False,False,False,False,False,False,False,False
5151,05151.json,be42f6d732f1a59df1ffea825899ee3a2fa18f0d1438adadcc0ebdb44ae0888b,colored_null,2/5,512,51,True,False,False,False,False,False,False,False,False,False,False
5152,05152.json,df55cb982cefe7043489059d88be9d9fb2225c07b21c15a1ab413a1e89492d52,colored_null,2/5,512,52,True,False,False,False,False,False,False,False,False,False,False
5153,05153.json,74d3ea4aa5df390e3a6cca4385a54c10ec185de5704ea2c70d08b8a9eeb6ca17,colored_null,2/5,512,53,True,False,False,False,False,False,False,False,False,False,False
5154,05154.json,65a28e02c0580487d6e034ec4e95ce7c446d2e207027365d21b0b5deba661887,colored_null,2/5,512,54,True,False,False,False,False,False,False,False,False,False,False
5155,05155.json,c2bff13d6b6249cd5701d00a886db79d44466d9452898da5d207ead4f391fba6,colored_null,2/5,512,55,True,False,False,False,False,False,False,False,False,False,False
5156,05156.json,22c3383f67a3193754e6f47161f8a9713a94d87c2b50bc81e713cfa9423f99c5,colored_null,2/5,512,56,True,False,False,False,False,False,False,False,False,False,False
5157,05157.json,e5b212f3ef4958db1ce0ccd6e3603d9542563603073336a9a7099a7b2cb9531b,colored_null,2/5,512,57,True,False,False,False,False,False,False,False,False,False,False
5158,05158.json,9c2bc32a103ad478d05d71701e752de0bf34cf52fd98259b06a73a7b3cc89b8e,colored_null,2/5,512,58,True,False,False,False,False,False,False,False,False,False,False
5159,05159.json,6788213d87c98fd4520019fd6df1c60cddaec21884b157d8de126626ea6eb85c,colored_null,2/5,512,59,True,False,False,False,False,False,False,False,False,False,False
5160,05160.json,81fa8a315a646a717d58ebbc34003a1f3d14f8f3d0e849f0c3522f968cf05f04,colored_null,2/5,512,60,True,False,False,False,False,False,False,False,False,False,False
5161,05161.json,af383671474f095fdf66cf37d8b2410cc9648160b842354bc8a5155cd73ede7e,colored_null,2/5,512,61,True,False,False,False,False,False,False,False,False,False,False
5162,05162.json,56fe4ed32edbbcdee7832a0f4110c731191d906b2affe0e4fb0f8ca13edbf326,colored_null,2/5,512,62,True,False,False,False,False,False,False,False,False,False,False
5163,05163.json,3d2c3ab13226cb5dd6be072ad20fda2a2276fe4f0e5f882c3b8934726bf49228,colored_null,2/5,512,63,True,False,False,False,False,False,False,False,False,False,False
5164,05164.json,29881d3f6d161a56b3a8ac8372627c185a4cd472098e2d193c2ddc27b47f7f19,colored_null,2/5,512,64,True,False,False,False,False,False,False,False,False,False,False
5165,05165.json,1d453b0dc93851516d29cc9b9c08766c979791392d7a416e6a9398df22ec10bf,colored_null,2/5,512,65,True,False,False,False,False,False,False,False,False,False,False
5166,05166.json,679fb9620476daac1af0f423ab30bc06390e7cb0c2b1c912f6237ccb7f880d28,colored_null,2/5,512,66,True,False,False,False,False,False,False,False,False,False,False
5167,05167.json,399c37cf749145fec8f2d1e44353a43437206898d601f4f306b79310186bf17b,colored_null,2/5,512,67,True,False,False,False,False,False,False,False,False,False,False
5168,05168.json,4dd25d60dc5b7f90800adbeefd3e9f21a073b5433de46462b147bf1907902867,colored_null,2/5,512,68,True,False,False,False,False,False,False,False,False,False,False
5169,05169.json,86ebf3c6765973383fca083b3e93a374c74cb73fb1b6838a19449b77274964e7,colored_null,2/5,512,69,True,False,False,False,False,False,False,False,False,False,False
5170,05170.json,990cce1c7052fb808de2369a9d76061db68ede16aef1346d07e9404db16806c2,colored_null,2/5,512,70,True,False,False,False,False,False,False,False,False,False,False
5171,05171.json,6ed40f4839aec40cbd6b7f6748540846150ca995d6fa4ff07baa5bd045330ab7,colored_null,2/5,512,71,True,False,False,False,False,False,False,False,False,False,False
5172,05172.json,3a0bbcebcffb35c4fb2202dd1a198f0baa044495813e7b309f0ed23ebd8ab6cb,colored_null,2/5,512,72,True,False,False,False,False,False,False,False,False,False,False
5173,05173.json,8ff1484f3c42a2232408b4cfe14df97e1ca9340874632a199777541892d26b96,colored_null,2/5,512,73,True,False,False,False,False,False,False,False,False,False,False
5174,05174.json,12cff6746f90c09d0c139b3f66abdc95b2d2f51807c62a0c8d324d4229f97f6b,colored_null,2/5,512,74,True,False,False,False,False,False,False,False,False,False,False
5175,05175.json,5ec031b38c34f7e88e9f33f6fa728607ce515fcc6a2d387bb5a1ea757bd8609f,colored_null,2/5,512,75,True,False,False,False,False,False,False,False,False,False,False
5176,05176.json,9af9e6ee7f09029e9fcc26d24b3c19440d2a6ebf7caae16ff8d4604b470151bd,colored_null,2/5,512,76,True,False,False,False,False,False,False,False,False,False,False
5177,05177.json,25746ae1ff5f43f2c7e73f64b72a6ba6e6e14ee1fafb6319294df9870d4ac551,colored_null,2/5,512,77,True,False,False,False,False,False,False,False,False,False,False
5178,05178.json,25afa19f51ed7a13b01eeb29dabffa1667ddb22c3c5892db59008685292066f2,colored_null,2/5,512,78,True,False,False,False,False,False,False,False,False,False,False
5179,05179.json,419daa6829f7a25b540949eda74e9a321662836e52d14b9335808d0ce4f2bbf5,colored_null,2/5,512,79,True,False,False,False,False,False,False,False,False,False,False
5180,05180.json,67b0cfd18228ef0d9011c36a5a9268a11882cb493758fc0d4bd447ce3d2c7e4a,colored_null,2/5,512,80,True,False,False,False,False,False,False,False,False,False,False
5181,05181.json,8271c1c9826f12946c86e3a2f5c873488d8765e3804bee278bb204016b7f65c0,colored_null,2/5,512,81,True,False,False,False,False,False,False,False,False,False,False
5182,05182.json,e896b60a52b88e3630e43a323a8d9cfc17bc5406a000b425944a6ecd78c4ee7c,colored_null,2/5,512,82,True,False,False,False,False,False,False,False,False,False,False
5183,05183.json,6765d94bde1ef6e16fdf0a24199cb79885765388d217f0bc657d4eedaad30c09,colored_null,2/5,512,83,True,False,False,False,False,False,False,False,False,False,False
5184,05184.json,337e7761fa4dc8c7f917b8e003ab8bd9f52d007786ff90631cf77e97f0f91adc,colored_null,2/5,512,84,True,False,False,False,False,False,False,False,False,False,False
5185,05185.json,857424e7ba4e2723535bf0f7e065a0ed162e8a49e7804f6bbb8d9c67520ca093,colored_null,2/5,512,85,True,False,False,False,False,False,False,False,False,False,False
5186,05186.json,cd89fba5f630e88281faad407bd63387ecbb2125917a5222a261a1c94ce044e9,colored_null,2/5,512,86,True,False,False,False,False,False,False,False,False,False,False
5187,05187.json,203084f5fd53c01c9727334a09ec22e68aca03670134df249a705f5dea2a303c,colored_null,2/5,512,87,True,False,False,False,False,False,False,False,False,False,False
5188,05188.json,5ab490a690e53242cb445f3f473d0f312dba99806594a5f6bf88210c8afc8735,colored_null,2/5,512,88,True,False,False,False,False,False,False,False,False,False,False
5189,05189.json,4a184efa20704a7b1ff3b4c3d29e86d0ce0cf29abb747ee1c553df59330bde1e,colored_null,2/5,512,89,True,False,False,False,False,False,False,False,False,False,False
5190,05190.json,59aa5512d6d30c6b0ce65db12792745e375623ecaccc86d43e9be833c8ae1be6,colored_null,2/5,512,90,True,False,False,False,False,False,False,False,False,False,False
5191,05191.json,8dd637f8ba6cf7d933d63ca7e04aa2a711a1545e947820739e9b351d00a0a049,colored_null,2/5,512,91,True,False,False,False,False,False,False,False,False,False,False
5192,05192.json,3230b3146e75765f7306388852506f20b7380a3d1821b321c77ac46d08d93fac,colored_null,2/5,512,92,True,False,False,False,False,False,False,False,False,False,False
5193,05193.json,9fb02057ab467df2c90ac2f151cb4e31a2f0e5fa420835556371b24a6b5fef93,colored_null,2/5,512,93,True,False,False,False,False,False,False,False,False,False,False
5194,05194.json,18d3d40756db846c81f535ecff5e8e31f8e831fb157a567db0a244fff85c94c2,colored_null,2/5,512,94,True,False,False,False,False,False,False,False,False,False,False
5195,05195.json,114d126215fd0f7b42a351ae62894e13dbf657d93ddc8ba587893d8de88d92b2,colored_null,2/5,512,95,True,False,False,False,False,False,False,False,False,False,False
5196,05196.json,800a09ec5561700b387785a7a0d8923d5eed48410cad469a6a43bdfec84c2607,colored_null,2/5,512,96,True,False,False,False,False,False,False,False,False,False,False
5197,05197.json,3b3d2a30a1bce8e0bbbd51c409ff9825306fec1138591afb8c716730f66dc69a,colored_null,2/5,512,97,True,False,False,False,False,False,False,False,False,False,False
5198,05198.json,9410293f46449cb779819cbb7fb804cdfbafe3c9746cc7b9c4ad862a8bcd5b77,colored_null,2/5,512,98,True,False,False,False,False,False,False,False,False,False,False
5199,05199.json,e9029014861676e6494b8d0823582ee7408f4721fcea0b5b9c76174b53287ce8,colored_null,2/5,512,99,True,False,False,False,False,False,False,False,False,False,False
