cell_id,phi,response,delay,correlation,original_length,method,diagnostic,completed_count,defined_count,first_quartile,maximum,median,minimum,missing_count,planned,third_quartile,undefined_count
0,1/5,"[1, 0]",0,9/10,4097,primary,calibration_radius_upper,64,64,23044751299803912335499/4835703278458516698824704,7108141079599056687207/1208925819614629174706176,11967985606495823049773/2417851639229258349412352,4843369255934675963545/1208925819614629174706176,0,64,25077965777624484923345/4835703278458516698824704,0
0,1/5,"[1, 0]",0,9/10,4097,primary,calibration_squared_error,64,64,961170241713391054393044434731/2658455991569831745807614120560689152,5647384643560765590664082615681/664613997892457936451903530140172288,662481020387002193317852996149/664613997892457936451903530140172288,3707696512372418213806312349/664613997892457936451903530140172288,0,64,593590917527147336899124939651/332306998946228968225951765070086144,0
0,1/5,"[1, 0]",0,9/10,4097,primary,source_acceptance_excess,64,64,3157317726657214814770328647979354471577424053503871558533902634564401861660452712209963755093036335509396827594742517052750714426041337804072987344642320005959498264792040064141219344248157801843850659530027694611443744864510706794045971451760665348537537478203467503100328289411054370280238473753177949957219016958594180003910659713742675464679818566663736968756797621272276482206197257671848460855592609461751357/6470354267968089530748800404991604675629351470464292492975578711008247895806520363387185536884586587123036585934715765569915813895541555287351966870564648344879388629023434429363658762660690608410137043044227967759473960425225988525358070056592049572949507783776769076980565661886958172310929176050029703690104051844758678038125527642112605622008024748922797687310109848420469627364051071399792218732955819379349688156160,367178257592321677643406423636335827755849691335580362709602794147317189916866194639614326911475526607018602024361169772228123538730647705451304223509630353319383591139668576465269735397113753128407662047756854819994590363801827363070798496100569389638510686344688508769395822959562877597379071127552048921491536901461493447569501127179273787/383155567163420399254995144352500801168601400015829056758626756615011910097392547658255056737458699039396164351724336884902334699384872645516304351930057742185714406119688334928717149629622089474705991073217323266110320886775997039976496029159664739413131967140090309523370242465680660010716930421518591196855893593984822647257934839422031757312000,27784661265148385938417210153977719719063455837732395547920896747803540779955662746182203107729203786144373824114362305424361996455963246070669948102455596479455388321154070496763083757408827937727894504886136089640022373278979223651674943162211554990983939973105303944725253458856173713742848467429419151421847027457429749946611231434520960289182741762122767557998909045977658760304360462341799839896122865962307768069/38763083162067336029500584873350940119268704968491570654696056833633881146947910855716349312050234896572367521800211999052212472692035032913554651816333645889453061450874940136607299992097299686559873840325862814367633671433683005347742166875331069854155081939347021523937589586923191257693629196411911294521269403178539884447548064738180437209025485957230912173799251176494530311729375687799245158173277470808077337257574400,72857075568111199307543607643810365671736554725390344103094465450289725117987665123238351188658141120610273753247734917927474400842560767039658608947798914982045948227570366742574503759346940642837912006114956033842855188353948780240506584162640536822876631190258316432807249749492479587399538394028264048825444205621528748001540120071109213/2110723494402716205238163864797761445712259133041131715664772298192249840929470189409731713643317075931383390293495621202745157700182137512298675962220579791620921559315888621598152045350368021625442161337023613958124119108273017654701394777299667647235431451497643497597598310117329027932243108951918420405017785183437751880432026967615029116928000,0,64,1112989943589758336915542102189281146416591428397045227744381749341799570790211161985135833764377013407074416928079097463003198547944512844021274941078189884017407322810119616083720947792825927856443640737588881850028402411099889574312488163841251732815072063348445796762056617270203332638692067208671377814958112812278538983223822825490649387441918035211874090722959376147063449604277859586140559802854489250016177157/1324237476484680628721683854293349646205824416777640678123627729756692927744898853637804385720618444743404092466837525146198573809059609757443085346521047424524749646324051023045393639867007270241773389571624973116512864424398509873334026554892725670547708767680751181248407189371732997259931937013395821934443820046146113690791488773382505102561801818114488677382375799006023961921920473639711808375050303103363192140595200,0
0,1/5,"[1, 0]",0,9/10,4097,primary,source_radius_width,64,64,18145727887509427077928459513815922257289842054211981216944075987018584202541246259295300754241810917526170345937841172857348114886906490471518600783302418991166058728593459195652178234477613306609966701845101539044796359229478959974054805508599141529999534857/38933603892109175684033821794398235828360586743097901556009196818416391045041800899836369213449435317623776268696200750060939754264981037633557643967157159939482445211910653072079621336717143782287721812066893987982786660426881535051555629749470648921507194291919171380761355013884293250,18145727887509427077928459513815922257289842054211981216944075987018584202541246259295300754241810917526170345937841172857348114886906490471518600783302418991166058728593459195652178234477613306609966701845101539044796359229478959974054805508599141529999534857/38933603892109175684033821794398235828360586743097901556009196818416391045041800899836369213449435317623776268696200750060939754264981037633557643967157159939482445211910653072079621336717143782287721812066893987982786660426881535051555629749470648921507194291919171380761355013884293250,18145727887509427077928459513815922257289842054211981216944075987018584202541246259295300754241810917526170345937841172857348114886906490471518600783302418991166058728593459195652178234477613306609966701845101539044796359229478959974054805508599141529999534857/38933603892109175684033821794398235828360586743097901556009196818416391045041800899836369213449435317623776268696200750060939754264981037633557643967157159939482445211910653072079621336717143782287721812066893987982786660426881535051555629749470648921507194291919171380761355013884293250,18145727887509427077928459513815922257289842054211981216944075987018584202541246259295300754241810917526170345937841172857348114886906490471518600783302418991166058728593459195652178234477613306609966701845101539044796359229478959974054805508599141529999534857/38933603892109175684033821794398235828360586743097901556009196818416391045041800899836369213449435317623776268696200750060939754264981037633557643967157159939482445211910653072079621336717143782287721812066893987982786660426881535051555629749470648921507194291919171380761355013884293250,0,64,18145727887509427077928459513815922257289842054211981216944075987018584202541246259295300754241810917526170345937841172857348114886906490471518600783302418991166058728593459195652178234477613306609966701845101539044796359229478959974054805508599141529999534857/38933603892109175684033821794398235828360586743097901556009196818416391045041800899836369213449435317623776268696200750060939754264981037633557643967157159939482445211910653072079621336717143782287721812066893987982786660426881535051555629749470648921507194291919171380761355013884293250,0
0,1/5,"[1, 0]",0,9/10,4097,primary,source_width,64,64,544487/4194304,147703/1048576,68925/524288,132927/1048576,0,64,559657/4194304,0
0,1/5,"[1, 0]",0,9/10,4097,control,calibration_radius_upper,64,64,23044751299803912335499/4835703278458516698824704,7108141079599056687207/1208925819614629174706176,11967985606495823049773/2417851639229258349412352,4843369255934675963545/1208925819614629174706176,0,64,25077965777624484923345/4835703278458516698824704,0
0,1/5,"[1, 0]",0,9/10,4097,control,calibration_squared_error,64,64,961170241713391054393044434731/2658455991569831745807614120560689152,5647384643560765590664082615681/664613997892457936451903530140172288,662481020387002193317852996149/664613997892457936451903530140172288,3707696512372418213806312349/664613997892457936451903530140172288,0,64,593590917527147336899124939651/332306998946228968225951765070086144,0
0,1/5,"[1, 0]",0,9/10,4097,control,source_acceptance_excess,64,0,,,,,0,64,,64
0,1/5,"[1, 0]",0,9/10,4097,control,source_radius_width,64,0,,,,,0,64,,64
0,1/5,"[1, 0]",0,9/10,4097,control,source_width,64,64,0,0,0,0,0,64,0,0
0,1/5,"[1, 0]",0,9/10,32769,primary,calibration_radius_upper,64,64,23044751299803912335499/4835703278458516698824704,7108141079599056687207/1208925819614629174706176,11967985606495823049773/2417851639229258349412352,4843369255934675963545/1208925819614629174706176,0,64,25077965777624484923345/4835703278458516698824704,0
0,1/5,"[1, 0]",0,9/10,32769,primary,calibration_squared_error,64,64,961170241713391054393044434731/2658455991569831745807614120560689152,5647384643560765590664082615681/664613997892457936451903530140172288,662481020387002193317852996149/664613997892457936451903530140172288,3707696512372418213806312349/664613997892457936451903530140172288,0,64,593590917527147336899124939651/332306998946228968225951765070086144,0
0,1/5,"[1, 0]",0,9/10,32769,primary,source_acceptance_excess,64,64,13074213645786613358791580531188963620447467886505749994101161086661667486001792695298958359144026396994325530375542475108639689873119030594168654559352525424922177959665722622482194614791718104115656040613755003655511975935844858758850765355678819290668328679158168054982344821831102493165242321896183202325486715985861678472059479035290283777421009816606749464168122330386540797580767598210406523935019558438110002396905083/31903723459137925730780210866459228762766717861560949256139813681742948295585582142464420328470942101307194048090644377515223889888218623772132316420103932118943422797500296930101497649256453906870100095371780010573168859737301672005841968522337641392200875503848867364862279106400499956253394801950377726453276173849144146755215966631909911900454777329915605661939743422878512350092301713814187397063704260071819038959757741260800,9967004660451774597163115305697287821104141622567130170751357766955022118261002431134449572157151255757271664709196707690914654440505246037601470297847007679298696032424175167094313583128545731982583075853812903691102436363451863881933134109957032076266805651913588000377287115027022530325389295486315232462763778605884050471672426022556745156051/10536109040142841485300409828989128487861513406136020711368306501117395989357640703036841680023693460067865620954074921779243066359933617261655297917974411975440357974115565204957493949917457087460993956948582179676329731021872834269603931188373180700335823209051197817202212327479246301399270072428523964852417893241485071539503273780187612959054233600,3229910957555125727205389389203746851839683149320728925806571229628572697230780310621860884207428715000444461124724718078722232746118191086464609925226944761311862387449207279595155643272679333566628727344013497012208510183104713386605800827486907343317223344159885731496019649265581489879918167233835720019000700722283032630230871102464155591171048182685317884814012308693002897081223306448828050723684127255721324905677/5490261411735849666066521941379282100936444233350166245842669232290018946041078800553983579128560808867709262329539158272039271545104121288540258580322601052426708996958120270748987805486692685962818752784834708529344489258760400387617097756593345460526413916310501487161368846573662853263055965544951710300865005498401206132124021781162118504676299224215633199178430516754997645893639247777312540668457445576903288739405496320,635768445006531574395472192713557741851849264183166327274239760004997177048777656829268554251227821892158448631470502370134876716559114475937312029462332564739200684010174587532105580232433263288479466842980377574945207258267332023141004928845426939504142303589648138711717533153748637665115901911847265952645279627354180697818605630915170696371/6607856209962121973879672850406511783245526911111297994570307964391089639803221679905348392256184002144789965194743716286222199697602093882343526850133831790073003143487281571166704391767104743102159035497523326164683425575382973706575804176365592391496760492805242408713223229186963838581601241717629554476372403479899263226114599811284686738420662272,0,64,35363244171080825952355988959129880705310040808718088443304479892174141858408584580453239256851245109123091480662767832205409889368673605763751382312928096207955307199846724587057852130635927903142254371299251748209300827007199977565788958145279960867538425447651232951378373123088255115836779396650008011319301172357032467027500917018099201177896037070725615459816045229590455103430336596599458745939251657884782296797697109/45259402648982365511019980271839642358183375626107904764256353669971556650285959986120771799767986005759065373703059021595406045827514732890529083109605213575158134743880675771716287766888382460711009020634551054777997953701909795374836629956039419947165392794693528201600457939591280859187353547789194670122703569826328741666706596444461028130403697387121602500173721382397825463076871793398473883606747182309416079167033410846720,0
0,1/5,"[1, 0]",0,9/10,32769,primary,source_radius_width,64,64,55950970790987763802739576371465047675387909697228555608894874297870812689663852304475046253143507797844364051336132264525278555879744522879551328998776599321061718077601297620209408626211410509182496620773763322067717757643514406997446938154221512266394683/1055856534180333713750299405054071735196580198438747206782035529524309446564803120675734086197294227911226028126652323783161619365796754653422265888609672823097075849211028437567911642590207810234505098460228490834997007071320989461240581035891729367510383081266478083989514287831203619,55950970790987763802739576371465047675387909697228555608894874297870812689663852304475046253143507797844364051336132264525278555879744522879551328998776599321061718077601297620209408626211410509182496620773763322067717757643514406997446938154221512266394683/1055856534180333713750299405054071735196580198438747206782035529524309446564803120675734086197294227911226028126652323783161619365796754653422265888609672823097075849211028437567911642590207810234505098460228490834997007071320989461240581035891729367510383081266478083989514287831203619,55950970790987763802739576371465047675387909697228555608894874297870812689663852304475046253143507797844364051336132264525278555879744522879551328998776599321061718077601297620209408626211410509182496620773763322067717757643514406997446938154221512266394683/1055856534180333713750299405054071735196580198438747206782035529524309446564803120675734086197294227911226028126652323783161619365796754653422265888609672823097075849211028437567911642590207810234505098460228490834997007071320989461240581035891729367510383081266478083989514287831203619,55950970790987763802739576371465047675387909697228555608894874297870812689663852304475046253143507797844364051336132264525278555879744522879551328998776599321061718077601297620209408626211410509182496620773763322067717757643514406997446938154221512266394683/1055856534180333713750299405054071735196580198438747206782035529524309446564803120675734086197294227911226028126652323783161619365796754653422265888609672823097075849211028437567911642590207810234505098460228490834997007071320989461240581035891729367510383081266478083989514287831203619,0,64,55950970790987763802739576371465047675387909697228555608894874297870812689663852304475046253143507797844364051336132264525278555879744522879551328998776599321061718077601297620209408626211410509182496620773763322067717757643514406997446938154221512266394683/1055856534180333713750299405054071735196580198438747206782035529524309446564803120675734086197294227911226028126652323783161619365796754653422265888609672823097075849211028437567911642590207810234505098460228490834997007071320989461240581035891729367510383081266478083989514287831203619,0
0,1/5,"[1, 0]",0,9/10,32769,primary,source_width,64,64,88507/2097152,22665/524288,88955/2097152,43601/1048576,0,64,178937/4194304,0
0,1/5,"[1, 0]",0,9/10,32769,control,calibration_radius_upper,64,64,23044751299803912335499/4835703278458516698824704,7108141079599056687207/1208925819614629174706176,11967985606495823049773/2417851639229258349412352,4843369255934675963545/1208925819614629174706176,0,64,25077965777624484923345/4835703278458516698824704,0
0,1/5,"[1, 0]",0,9/10,32769,control,calibration_squared_error,64,64,961170241713391054393044434731/2658455991569831745807614120560689152,5647384643560765590664082615681/664613997892457936451903530140172288,662481020387002193317852996149/664613997892457936451903530140172288,3707696512372418213806312349/664613997892457936451903530140172288,0,64,593590917527147336899124939651/332306998946228968225951765070086144,0
0,1/5,"[1, 0]",0,9/10,32769,control,source_acceptance_excess,64,0,,,,,0,64,,64
0,1/5,"[1, 0]",0,9/10,32769,control,source_radius_width,64,0,,,,,0,64,,64
0,1/5,"[1, 0]",0,9/10,32769,control,source_width,64,64,0,0,0,0,0,64,0,0
1,1/5,"[1, 0]",1,2/5,4097,primary,calibration_radius_upper,64,64,11508530703373615295683/2417851639229258349412352,1683753472626900929353/302231454903657293676544,2970397853096987842521/604462909807314587353088,1259675775786073270773/302231454903657293676544,0,64,3103313194522624147835/604462909807314587353088,0
1,1/5,"[1, 0]",1,2/5,4097,primary,calibration_squared_error,64,64,1599702428445931974774993689123/2658455991569831745807614120560689152,8285064250096782585561859612553/664613997892457936451903530140172288,802349955630646679814575892277/664613997892457936451903530140172288,6255383414317483946303856285/664613997892457936451903530140172288,0,64,1645775938025326536753658134353/664613997892457936451903530140172288,0
1,1/5,"[1, 0]",1,2/5,4097,primary,source_acceptance_excess,64,64,6673088231023176140486363131181566160242665332420637894053188154742659238146322408570832844837007281321570223169746470841607073468594445055814405721023104345044334208729225374071562212979200862065625595771491583021702299634501683299634180117857217395683664848686842614855078004903341377258345728105965584063868706702148418463841853700890969471485191011956641264551270773972631656430850092366383227248086173909424118267/15525746658873395243290319449734971675991007888382913677520446676902423793462041642783379487829631666813281316662266404740633722702928644713912051519530344622133717485740369594698875575931421790907878516548568118326569620683006625144741889545076442011042839444475744883717179795521226134506793100885486166813373298271670215444928659842097526692854768578156124120743218607933522698224536513204280013151832831646100796683059200,450764585672622574306379423747687187228741732973206087896472725814334670444088368622359489092499138847525449286585728799969409027138666410878613265478311945378393969105957476444962313207968867262602806619056399916679536718099929652179613639041908405185284605414869454952453000895766384591034583152650692388186145223882529372233512930590216856329/474290857591777838382302020679973108603491928206299379105082799663723312869396518026051089008482116930623064839174587570598778687801509164667198129861172694272466745377978716642377541337545248176563077223825434953083326580969717347585744431859937231540185389325268380702007206456389359447218558024126051434552010216865204068406093360391874168016076800,84232604765971996845173912934116158567907769415323691032796239862004159227480188374596753474401446851171501010938564768655813486256921072398307218051079735542825869612998086128382735537396833264395637548058344288205207977356834192866811040045249964916994890255121085761558876470018817000282953308140746192974209888757216423962495298119118635554717854177474908521294623785121133259099289530261537430817049128338283/126967935503465176102392802220138023757293022377135394256273348038386181660578524847040486533439398397838010735934424351956334099542407107324655911349470635184852041657969387905454166764092914768832519693373356641157118283888370001179412220420584708104010828026281210912389027322843878536713289071314910629224167594193235986423718940689533626164006690177951314842207696426685949287754558654711313419702592740060980838400,661810782315947300049889102247647003715206065012693258488030401100893591470550876420175114719632897671902728734898744772345065305012835951432662677445570364186370116914249321182439948173784480060459704988472694267816442269691813803531870174732009196793767948967683202782049359350088135331155212400439315261639464992050590653106248225840849/4605893671264226567890244347578250156661485669630067094618426075985666686943244231814124921134050903599615601792532164431885744288548177071987983313408651232913846198653163028412750511497444286783554158384823559212589553176815927267066991501805742376624039585442227304323852260435463944039871851030001947626694312307957771178463984634281590784000,0,64,5786663144806810721396127743279203089734933597889622874990937305461109368538671156078250923612919646053143137934666241089787836476273064527904337331049869414921307241377555713727239768599281112719473674849417923274885730187242469115015652120676001481583802940334350867618904243521747075540293985653896373989840064498027971135930739365556496268635063668362055128791111666721734313063631503678212314498080355291524891/7684816022464261702997606416520209526006047712459546326492993774017664854569719145930454815079493792947327473982794204753812403037861528857795377882148720935163047105789147740491781008799427828251069884066762639800466295773208282219850153090876429878856874006577385926848273432165530001299194394418359628161431946907025635282678350213455538890684409052290082344839608713030984752582628329758943677649862116220544200212480,0
1,1/5,"[1, 0]",1,2/5,4097,primary,source_radius_width,64,64,18145727887509427077928459513815922257289842054211981216944075987018584202541246259295300754241810917526170345937841172857348114886906490471518600783302418991166058728593459195652178234477613306609966701845101539044796359229478959974054805508599141529999534857/38933603892109175684033821794398235828360586743097901556009196818416391045041800899836369213449435317623776268696200750060939754264981037633557643967157159939482445211910653072079621336717143782287721812066893987982786660426881535051555629749470648921507194291919171380761355013884293250,18145727887509427077928459513815922257289842054211981216944075987018584202541246259295300754241810917526170345937841172857348114886906490471518600783302418991166058728593459195652178234477613306609966701845101539044796359229478959974054805508599141529999534857/38933603892109175684033821794398235828360586743097901556009196818416391045041800899836369213449435317623776268696200750060939754264981037633557643967157159939482445211910653072079621336717143782287721812066893987982786660426881535051555629749470648921507194291919171380761355013884293250,18145727887509427077928459513815922257289842054211981216944075987018584202541246259295300754241810917526170345937841172857348114886906490471518600783302418991166058728593459195652178234477613306609966701845101539044796359229478959974054805508599141529999534857/38933603892109175684033821794398235828360586743097901556009196818416391045041800899836369213449435317623776268696200750060939754264981037633557643967157159939482445211910653072079621336717143782287721812066893987982786660426881535051555629749470648921507194291919171380761355013884293250,18145727887509427077928459513815922257289842054211981216944075987018584202541246259295300754241810917526170345937841172857348114886906490471518600783302418991166058728593459195652178234477613306609966701845101539044796359229478959974054805508599141529999534857/38933603892109175684033821794398235828360586743097901556009196818416391045041800899836369213449435317623776268696200750060939754264981037633557643967157159939482445211910653072079621336717143782287721812066893987982786660426881535051555629749470648921507194291919171380761355013884293250,0,64,18145727887509427077928459513815922257289842054211981216944075987018584202541246259295300754241810917526170345937841172857348114886906490471518600783302418991166058728593459195652178234477613306609966701845101539044796359229478959974054805508599141529999534857/38933603892109175684033821794398235828360586743097901556009196818416391045041800899836369213449435317623776268696200750060939754264981037633557643967157159939482445211910653072079621336717143782287721812066893987982786660426881535051555629749470648921507194291919171380761355013884293250,0
1,1/5,"[1, 0]",1,2/5,4097,primary,source_width,64,64,136503/1048576,35641/262144,138283/1048576,66227/524288,0,64,278753/2097152,0
1,1/5,"[1, 0]",1,2/5,4097,control,calibration_radius_upper,64,64,11508530703373615295683/2417851639229258349412352,1683753472626900929353/302231454903657293676544,2970397853096987842521/604462909807314587353088,1259675775786073270773/302231454903657293676544,0,64,3103313194522624147835/604462909807314587353088,0
1,1/5,"[1, 0]",1,2/5,4097,control,calibration_squared_error,64,64,1599702428445931974774993689123/2658455991569831745807614120560689152,8285064250096782585561859612553/664613997892457936451903530140172288,802349955630646679814575892277/664613997892457936451903530140172288,6255383414317483946303856285/664613997892457936451903530140172288,0,64,1645775938025326536753658134353/664613997892457936451903530140172288,0
1,1/5,"[1, 0]",1,2/5,4097,control,source_acceptance_excess,64,0,,,,,0,64,,64
1,1/5,"[1, 0]",1,2/5,4097,control,source_radius_width,64,0,,,,,0,64,,64
1,1/5,"[1, 0]",1,2/5,4097,control,source_width,64,64,0,0,0,0,0,64,0,0
1,1/5,"[1, 0]",1,2/5,32769,primary,calibration_radius_upper,64,64,11508530703373615295683/2417851639229258349412352,1683753472626900929353/302231454903657293676544,2970397853096987842521/604462909807314587353088,1259675775786073270773/302231454903657293676544,0,64,3103313194522624147835/604462909807314587353088,0
1,1/5,"[1, 0]",1,2/5,32769,primary,calibration_squared_error,64,64,1599702428445931974774993689123/2658455991569831745807614120560689152,8285064250096782585561859612553/664613997892457936451903530140172288,802349955630646679814575892277/664613997892457936451903530140172288,6255383414317483946303856285/664613997892457936451903530140172288,0,64,1645775938025326536753658134353/664613997892457936451903530140172288,0
1,1/5,"[1, 0]",1,2/5,32769,primary,source_acceptance_excess,64,64,17449489451878031683528847671777861911859076875799410951010776614794735363448030116211285770254452815565955102355343901242515389316768848506911897934221870617788731972397392301330922180724383632057017929575280722660279764727099921533049377748398550774324070672232432878711697383053242559758059328845512030623380042490837517870907347786377321460136242112307180410343722565700250551869918910140110891223767833719458349797501699/30901291827827806700031865373043723530773909233146650594466686666059728367793081430886266330759091815880298903882208161597172802512362261685418211458238185646480240813584396619667933086777764526181094041703880831458161958384011022818824598641662982984114496773393304304173558163387172381961454012678363088926144480910320673760084507612196923793602656158090206835406214841746018319310812855409883453203661416464887287752466995609600,70453262094768096439627145267773045513847626864528000795447275315064419213183981228511165404218390078891332424428545371004045444060758945285111258603848822832602475238936926969389001484939210356883944776331196214827205153384065685216905459182812568397303938056640732133474844999704269661725233400886984746576341760840137424637708159324587985196969/74431336108856616344360075618010069683126896902726983887076789708546068382740833645621027074836812248764373756384191540625604379125792000215953392003099082210931777381770181693239157593237407087043233669992718877236431153250408161455938387613538428567746808690105317056148912153132437858724466025518704829343502724053305200924384713576454671334448824320,30370507360869310013737372016512658967722363889685968884511145026722433582716803053084156461925649541118779918123177817828505002226687293764889270349241163796723096785696879701496523754165160330967000863555133187942901084231548386100082635318597564457494814534192460201510988829071869111424030981155833095483647651541356719377467860289888108094292837085375077656408001656539094770399460627637202301705675812635553680096613/43007589532209905525661710291969372528440385867314822167071753007131502550552400201545151051910805905813928960154432145473540129635658706737003488631281415920382654788636946639065101623028131993267332004998992224970783792495236592628923883356143649320732531464087673552793269675152027972982427739387429393039706772150047812823167477955767781667558855344708801939359842502971591581351791830996770043135825096676145071555136716800,298749649662359898139611311259397955433115352298855018087428092720063366618607211092794947832484690825447048520930477073815580972691119755165487634251890689993329875894450244997408548536852329903420991765993838569480822580145464300692671392173162915937365689594208838947667380064625577400527287947648998800654477659894206968228538065278610153429/2257586080375705227212199681796099576096705962748489242550712239855161285832955571604559696529736120162372284197390989394434504097852138970678738843036114503090031758016034663978563725461848880138440575228559766097339305669643552390936938348631834386039361610290995444172523936745313026048593052600308288709530312342446588781452562835927008609577205760,0,64,1164103855606921022240159618953933279734703048749777684006616141199801586878828413541880882354277862656657568765626902934265643257859715386352389160462648694618495628737996227085356378925749426121321428654164823421461885471516344618278338480617332892968399524391902692659560129934086477668649383008122432974305036360070007734335861169119206810845227664987867689318373075330914095751374872269750807271411604416410728044827/1456229512491097350308580404261909570534209138710285256175101851406638733746799851148731997442311892533058224968526246127059750967208699074465055611631024602827277311150933877023832060678990457547788822792433178195996480866429475898120159395106900232697735315684924394458682920735614420241811384136791276615992156196843528039854264138984257604448398589997374263318084385725704025326861137066256249077741739460388436981894348800,0
1,1/5,"[1, 0]",1,2/5,32769,primary,source_radius_width,64,64,55950970790987763802739576371465047675387909697228555608894874297870812689663852304475046253143507797844364051336132264525278555879744522879551328998776599321061718077601297620209408626211410509182496620773763322067717757643514406997446938154221512266394683/1055856534180333713750299405054071735196580198438747206782035529524309446564803120675734086197294227911226028126652323783161619365796754653422265888609672823097075849211028437567911642590207810234505098460228490834997007071320989461240581035891729367510383081266478083989514287831203619,55950970790987763802739576371465047675387909697228555608894874297870812689663852304475046253143507797844364051336132264525278555879744522879551328998776599321061718077601297620209408626211410509182496620773763322067717757643514406997446938154221512266394683/1055856534180333713750299405054071735196580198438747206782035529524309446564803120675734086197294227911226028126652323783161619365796754653422265888609672823097075849211028437567911642590207810234505098460228490834997007071320989461240581035891729367510383081266478083989514287831203619,55950970790987763802739576371465047675387909697228555608894874297870812689663852304475046253143507797844364051336132264525278555879744522879551328998776599321061718077601297620209408626211410509182496620773763322067717757643514406997446938154221512266394683/1055856534180333713750299405054071735196580198438747206782035529524309446564803120675734086197294227911226028126652323783161619365796754653422265888609672823097075849211028437567911642590207810234505098460228490834997007071320989461240581035891729367510383081266478083989514287831203619,55950970790987763802739576371465047675387909697228555608894874297870812689663852304475046253143507797844364051336132264525278555879744522879551328998776599321061718077601297620209408626211410509182496620773763322067717757643514406997446938154221512266394683/1055856534180333713750299405054071735196580198438747206782035529524309446564803120675734086197294227911226028126652323783161619365796754653422265888609672823097075849211028437567911642590207810234505098460228490834997007071320989461240581035891729367510383081266478083989514287831203619,0,64,55950970790987763802739576371465047675387909697228555608894874297870812689663852304475046253143507797844364051336132264525278555879744522879551328998776599321061718077601297620209408626211410509182496620773763322067717757643514406997446938154221512266394683/1055856534180333713750299405054071735196580198438747206782035529524309446564803120675734086197294227911226028126652323783161619365796754653422265888609672823097075849211028437567911642590207810234505098460228490834997007071320989461240581035891729367510383081266478083989514287831203619,0
1,1/5,"[1, 0]",1,2/5,32769,primary,source_width,64,64,177215/4194304,22515/524288,22247/524288,43859/1048576,0,64,89295/2097152,0
1,1/5,"[1, 0]",1,2/5,32769,control,calibration_radius_upper,64,64,11508530703373615295683/2417851639229258349412352,1683753472626900929353/302231454903657293676544,2970397853096987842521/604462909807314587353088,1259675775786073270773/302231454903657293676544,0,64,3103313194522624147835/604462909807314587353088,0
1,1/5,"[1, 0]",1,2/5,32769,control,calibration_squared_error,64,64,1599702428445931974774993689123/2658455991569831745807614120560689152,8285064250096782585561859612553/664613997892457936451903530140172288,802349955630646679814575892277/664613997892457936451903530140172288,6255383414317483946303856285/664613997892457936451903530140172288,0,64,1645775938025326536753658134353/664613997892457936451903530140172288,0
1,1/5,"[1, 0]",1,2/5,32769,control,source_acceptance_excess,64,0,,,,,0,64,,64
1,1/5,"[1, 0]",1,2/5,32769,control,source_radius_width,64,0,,,,,0,64,,64
1,1/5,"[1, 0]",1,2/5,32769,control,source_width,64,64,0,0,0,0,0,64,0,0
2,1/5,"[1, 0]",1,9/10,4097,primary,calibration_radius_upper,64,64,11576059927683420565803/2417851639229258349412352,7113603187974012159375/1208925819614629174706176,12188031217597282297235/2417851639229258349412352,5208676266430322699983/1208925819614629174706176,0,64,25708460972905018018475/4835703278458516698824704,0
2,1/5,"[1, 0]",1,9/10,4097,primary,calibration_squared_error,64,64,749761794101669008082934538663/1329227995784915872903807060280344576,1960776882107998155625131253989/332306998946228968225951765070086144,1813728284523009480886606939609/1329227995784915872903807060280344576,11774912001322518816175175261/332306998946228968225951765070086144,0,64,6753152184544554609650759410049/2658455991569831745807614120560689152,0
2,1/5,"[1, 0]",1,9/10,4097,primary,source_acceptance_excess,64,64,4361949830475386345048220973462620640432527828158574580880208974276315819869957226103640734913588952399102761678958120803617121788268098605103019869404805026382955473968227027575531235496101129647868359331611642022279328429961633377706678724582439295424359141809255337422644717719702603984551798520708470244303519855018725165424396469794696079317197590720051424345143100882296412873266465902332221388546232306551/10117002921362369548296646390079742927386248670697282276183746762316221690880779319993903650567192420650561526582674312071879111610830151740494203901920244143284873791558358764277810560589668587277456478896757757082176788039372682956561807626868309754585504089958982007706250015061289682098513912526000075850646354726538793919911535757162170037942291012288721959059178048871645434109147071773080399952959553499635384320,1047592770971405842421046098575303576308698305290547717218532422581707238102654678970206610016558002858743920622736026858221618356388136474557973375310643708906620231547356680177506239843283692121550605943063930406611544807835880526422269665681899755566016344509062460898106293651942181865891929793421409460788190865887983407155298464426167/1149541946300888193779315234302062845373792113954394586048591710943874874918446126968997501805461842934770666642407534564225992816188038773860059314392749294055308605932901745929719292597073720613199792956260348531881229461378283660001595957161071336316600798439054929717373122916267936772262838448817426649824478485012030529078657861132746752000,8115478188671691125391530312287868601711789552471686161239090605839223235658375839389878965402626377208823326096162378278957754757031715103879730079613858055435457192553534458940518704144792755566364344869514638548800436037423574577668876899116736595319243072625312064529395909890983237701762343484957794940597807588373606934399066836358963478286863732587865282569745561812101150597161309089976231051108981845021169847/12842597097478943046121918234392598999146214349131033395846832088654347145504474711456146227558519145560968916719386145505263877275160672526468000466278414938371929591371014061828733055067329940759249179755975889278854229212076731609982293586559632916121023445411630086903699850822512268710173326998743827019443867561148799511468029704412132505934543262882313167908300783471069237608939492922352846744698724337915292286976000,87187184621073854097779326723166486694924991475955085506763222066778751641831091124865517111256984039440821235674695509902413094146637313221877932893095331771530603111700167140555880672447934487889831805282035719875391643939001381211040885075937805792026187641339948259759414194102738845694957235543843261775384164109312614366205115932647/1045926675996518783043947529444169583588813148407888572560557312485879324510793730958263141088862211936062418675104273015386502589894061812568222983578485902737650525564096892221696312525237947348802818476208901707277966548267084259411108857574557057192214463674993615403492404452488066627422423252802037608887214253267289635457790021528557977600,0,64,3725441950853121950767281831244427789488463610895605210774825153229558004547343092064972910836846974209716796168270861842348035773790243303790252599494293052143390643677805875556320426722087552035018339037032181987827098355595827980730291370315035568838906617980596022119745746809555245411402901116414169807497017484077393993650392132343011231950200542780987196916330609141419063577745518798149350350249013123154703/4858615545418158811767201906853656161273817983883586499428413470719405462931390186325282569209109416477051382024847718879066427180034552996687558768517387691221394351913653190127725112153681082256203341920974380320664859649021145356875467054649104470965489376955005321767597627603053557872060117991103872026829313011420764741429766150677570458044660373258985058442302693997083508420528638888484374126701656089451246387200,0
2,1/5,"[1, 0]",1,9/10,4097,primary,source_radius_width,64,64,18145727887509427077928459513815922257289842054211981216944075987018584202541246259295300754241810917526170345937841172857348114886906490471518600783302418991166058728593459195652178234477613306609966701845101539044796359229478959974054805508599141529999534857/38933603892109175684033821794398235828360586743097901556009196818416391045041800899836369213449435317623776268696200750060939754264981037633557643967157159939482445211910653072079621336717143782287721812066893987982786660426881535051555629749470648921507194291919171380761355013884293250,18145727887509427077928459513815922257289842054211981216944075987018584202541246259295300754241810917526170345937841172857348114886906490471518600783302418991166058728593459195652178234477613306609966701845101539044796359229478959974054805508599141529999534857/38933603892109175684033821794398235828360586743097901556009196818416391045041800899836369213449435317623776268696200750060939754264981037633557643967157159939482445211910653072079621336717143782287721812066893987982786660426881535051555629749470648921507194291919171380761355013884293250,18145727887509427077928459513815922257289842054211981216944075987018584202541246259295300754241810917526170345937841172857348114886906490471518600783302418991166058728593459195652178234477613306609966701845101539044796359229478959974054805508599141529999534857/38933603892109175684033821794398235828360586743097901556009196818416391045041800899836369213449435317623776268696200750060939754264981037633557643967157159939482445211910653072079621336717143782287721812066893987982786660426881535051555629749470648921507194291919171380761355013884293250,18145727887509427077928459513815922257289842054211981216944075987018584202541246259295300754241810917526170345937841172857348114886906490471518600783302418991166058728593459195652178234477613306609966701845101539044796359229478959974054805508599141529999534857/38933603892109175684033821794398235828360586743097901556009196818416391045041800899836369213449435317623776268696200750060939754264981037633557643967157159939482445211910653072079621336717143782287721812066893987982786660426881535051555629749470648921507194291919171380761355013884293250,0,64,18145727887509427077928459513815922257289842054211981216944075987018584202541246259295300754241810917526170345937841172857348114886906490471518600783302418991166058728593459195652178234477613306609966701845101539044796359229478959974054805508599141529999534857/38933603892109175684033821794398235828360586743097901556009196818416391045041800899836369213449435317623776268696200750060939754264981037633557643967157159939482445211910653072079621336717143782287721812066893987982786660426881535051555629749470648921507194291919171380761355013884293250,0
2,1/5,"[1, 0]",1,9/10,4097,primary,source_width,64,64,135563/1048576,143867/1048576,68665/524288,132349/1048576,0,64,139271/1048576,0
2,1/5,"[1, 0]",1,9/10,4097,control,calibration_radius_upper,64,64,11576059927683420565803/2417851639229258349412352,7113603187974012159375/1208925819614629174706176,12188031217597282297235/2417851639229258349412352,5208676266430322699983/1208925819614629174706176,0,64,25708460972905018018475/4835703278458516698824704,0
2,1/5,"[1, 0]",1,9/10,4097,control,calibration_squared_error,64,64,749761794101669008082934538663/1329227995784915872903807060280344576,1960776882107998155625131253989/332306998946228968225951765070086144,1813728284523009480886606939609/1329227995784915872903807060280344576,11774912001322518816175175261/332306998946228968225951765070086144,0,64,6753152184544554609650759410049/2658455991569831745807614120560689152,0
2,1/5,"[1, 0]",1,9/10,4097,control,source_acceptance_excess,64,0,,,,,0,64,,64
2,1/5,"[1, 0]",1,9/10,4097,control,source_radius_width,64,0,,,,,0,64,,64
2,1/5,"[1, 0]",1,9/10,4097,control,source_width,64,64,0,0,0,0,0,64,0,0
2,1/5,"[1, 0]",1,9/10,32769,primary,calibration_radius_upper,64,64,11576059927683420565803/2417851639229258349412352,7113603187974012159375/1208925819614629174706176,12188031217597282297235/2417851639229258349412352,5208676266430322699983/1208925819614629174706176,0,64,25708460972905018018475/4835703278458516698824704,0
2,1/5,"[1, 0]",1,9/10,32769,primary,calibration_squared_error,64,64,749761794101669008082934538663/1329227995784915872903807060280344576,1960776882107998155625131253989/332306998946228968225951765070086144,1813728284523009480886606939609/1329227995784915872903807060280344576,11774912001322518816175175261/332306998946228968225951765070086144,0,64,6753152184544554609650759410049/2658455991569831745807614120560689152,0
2,1/5,"[1, 0]",1,9/10,32769,primary,source_acceptance_excess,64,64,372545209885609078177097371737372562318879230130296825865456560875666605110544766064817111759287874423198293156098425794888536064557380137589797277778112509886959156370102824146561009867708164012072450225786202360264939553290172456171226643459211417781111860430824988961594685901428832872141220267377225504157406368122473146735473173357008093051521441335554778167849251738792277386283601926775533732755817325338638434544220361/699297294856652934510537132150682350776471937900099914390565397213276778947464318077676401713399396409417108414282694474234091215874147257279801798322339432043627968075841049986452263656118256795578043645056767397351576765013381815734983851147092166658526988082701006359574157532675458319618136929876333426822825454787795209548173476862241962164400030499877503932919883899160778198803234549628869613735093503201667312686502772736000,135103667272459820128492326860239222382338145957359074081504369277031810656567975444582659592069226383109080081980613086483121885214528201537018956761924638544999296919876235952682217005681439844423761294551679783985502359669648819320887303050853423959271000149296927171269852727533375361762861444166728999947632582789182162160113817670369599531/141572503281804320215154645041493699253657676946239455562631807638995978657849025242391605368351598559901270981418696949960087183286650836068718016089522151701323930199420436434617101455479226133067443111282720144914452015708855479471021528649417956423882001262279342794798157393001456724504450379292887862828449247973913215297347501309217844529987584,808410587222164610144238372863603605959332942389075753744130060499751954433917011885590829473861581390505364015663962390588698870047597329367895751135500820402674313128499934035367056259384751690600111796887512705515321414665057638428002740486157085835720698429931757264621289374198026015295612041285080752622716781770771982788891067932243288704455940227146406991296589074680540061338883138815883008805327773740895504231/1188501940616725140011482218961560949898466177996781816670937849275703122838730568628499079028634247503489354427967999193623416049925787165638713916193590640125702817690207295820650529546026063606195889868106093762668946290802241022523325209927397094430979333577856000927769150354286389034828625528034500881146191506025421368356114007381770462264647959611322104018802963665890117829172399290217203776158456054535810170067353600,694628011156994766012320235028424135420259429370193216726044715147193112567972352339861234600869153127788912683495896594785562113934797398365270355939556350412738708644071919341990520724150296937645361858735789877385818864338536705801893703682964030247944361539993569268415059714082669856989030814936429713579908272619292302896455963316906655031/7730546188891742364037587820345369154571061798727964083595832829422862640408355760734968491429824533333317463862063023614512544579874463683204241186882440186401768529601128295022105463891586805358878994041180073591266386058293948975339319970061908480971682148692920428154342302626937610771321774964565160100285950802087151404537539221298433870545289216,0,64,2190139839581625902925964065923241132051535151926280949723124349742650740702154686843275205030651389930138402565988907167641954493494573878511606216287287263269638952875467326043907388278843924302839601125619381550411319781126572122599043813277603843128092088787085234998153287787183577661820938329059718923960732985285780962490726701331212158306501775637176045009742574796354673606674039925713619255274169116096946773460077/2517893071963316944898010868944321538898582476223793505177634564812617210544712117347975682818189680079045657276242297715440560518745282822413268272983790826141847755938099551850810303115413754538717140339401355307146787269150750073663834413905083515448052015511599144758987158548462994538226757975888229350039024331822797228109898185944182105272190181124496419231615615141231176798594930127620422301648865189025232877790219468800,0
2,1/5,"[1, 0]",1,9/10,32769,primary,source_radius_width,64,64,55950970790987763802739576371465047675387909697228555608894874297870812689663852304475046253143507797844364051336132264525278555879744522879551328998776599321061718077601297620209408626211410509182496620773763322067717757643514406997446938154221512266394683/1055856534180333713750299405054071735196580198438747206782035529524309446564803120675734086197294227911226028126652323783161619365796754653422265888609672823097075849211028437567911642590207810234505098460228490834997007071320989461240581035891729367510383081266478083989514287831203619,55950970790987763802739576371465047675387909697228555608894874297870812689663852304475046253143507797844364051336132264525278555879744522879551328998776599321061718077601297620209408626211410509182496620773763322067717757643514406997446938154221512266394683/1055856534180333713750299405054071735196580198438747206782035529524309446564803120675734086197294227911226028126652323783161619365796754653422265888609672823097075849211028437567911642590207810234505098460228490834997007071320989461240581035891729367510383081266478083989514287831203619,55950970790987763802739576371465047675387909697228555608894874297870812689663852304475046253143507797844364051336132264525278555879744522879551328998776599321061718077601297620209408626211410509182496620773763322067717757643514406997446938154221512266394683/1055856534180333713750299405054071735196580198438747206782035529524309446564803120675734086197294227911226028126652323783161619365796754653422265888609672823097075849211028437567911642590207810234505098460228490834997007071320989461240581035891729367510383081266478083989514287831203619,55950970790987763802739576371465047675387909697228555608894874297870812689663852304475046253143507797844364051336132264525278555879744522879551328998776599321061718077601297620209408626211410509182496620773763322067717757643514406997446938154221512266394683/1055856534180333713750299405054071735196580198438747206782035529524309446564803120675734086197294227911226028126652323783161619365796754653422265888609672823097075849211028437567911642590207810234505098460228490834997007071320989461240581035891729367510383081266478083989514287831203619,0,64,55950970790987763802739576371465047675387909697228555608894874297870812689663852304475046253143507797844364051336132264525278555879744522879551328998776599321061718077601297620209408626211410509182496620773763322067717757643514406997446938154221512266394683/1055856534180333713750299405054071735196580198438747206782035529524309446564803120675734086197294227911226028126652323783161619365796754653422265888609672823097075849211028437567911642590207810234505098460228490834997007071320989461240581035891729367510383081266478083989514287831203619,0
2,1/5,"[1, 0]",1,9/10,32769,primary,source_width,64,64,22117/524288,11223/262144,88749/2097152,21915/524288,0,64,178625/4194304,0
2,1/5,"[1, 0]",1,9/10,32769,control,calibration_radius_upper,64,64,11576059927683420565803/2417851639229258349412352,7113603187974012159375/1208925819614629174706176,12188031217597282297235/2417851639229258349412352,5208676266430322699983/1208925819614629174706176,0,64,25708460972905018018475/4835703278458516698824704,0
2,1/5,"[1, 0]",1,9/10,32769,control,calibration_squared_error,64,64,749761794101669008082934538663/1329227995784915872903807060280344576,1960776882107998155625131253989/332306998946228968225951765070086144,1813728284523009480886606939609/1329227995784915872903807060280344576,11774912001322518816175175261/332306998946228968225951765070086144,0,64,6753152184544554609650759410049/2658455991569831745807614120560689152,0
2,1/5,"[1, 0]",1,9/10,32769,control,source_acceptance_excess,64,0,,,,,0,64,,64
2,1/5,"[1, 0]",1,9/10,32769,control,source_radius_width,64,0,,,,,0,64,,64
2,1/5,"[1, 0]",1,9/10,32769,control,source_width,64,64,0,0,0,0,0,64,0,0
3,1/5,"[1, 1/10]",0,9/10,4097,primary,calibration_radius_upper,64,64,11631499100896869673411/2417851639229258349412352,7030693119387528799443/1208925819614629174706176,11987073386572195526851/2417851639229258349412352,2547224187048347672185/604462909807314587353088,0,64,6242424164423642753787/1208925819614629174706176,0
3,1/5,"[1, 1/10]",0,9/10,4097,primary,calibration_squared_error,64,64,34377134998589843809628862180643/66461399789245793645190353014017228800,39284698761244190861867065312193/4153837486827862102824397063376076800,8879224748753257812624937074321/8307674973655724205648794126752153600,149621693524006624972804136317/16615349947311448411297588253504307200,0,64,18209796006327739034859923355281/8307674973655724205648794126752153600,0
3,1/5,"[1, 1/10]",0,9/10,4097,primary,source_acceptance_excess,64,64,14983894172444659006849897732649905962744728803313760325847787508710618654903641448655320599087374880553868639243200940741740632936322424567809914932897675150561979939925813598848226785374122880708916387718167660237049092887713323567614630534477250477248493147647027674327784596194368339965956542440225944481683385302788494505018803973426740538179788370889092541549939720535241654180840626688709977410463185145116419/29592437787268336729796799802942862594942128924832828231300941853973053033420794114835927656881209531595345098715091425119387458164885157872969362462751936199386987770051937121259880139036623788506951081327801208250042659780446343112374006793851404401323983536146763877810878955731346625570836857731558064663216457299516562747433704437701741601660651318957010932767425147437495237028986288248126151517081559236470091284480,8457533551638742384921881598016415852062899672370531457382600022283766813554796480445497545683004176540622972939083948808164686038396577467551412133332449259843628003863039881315345589824807639779409577941335982369041956731001007383337628181267541429843901160919414612041648841457413565117300997974627769246339367906800516955253567650903727/8808105292389991027883017098850164659946246769260896000167053101713919419664174074450435087584147248391188152820408923804578568468849820879252557207414939204570609185546062690749139123106002890722011088162869929106762410855618476028854964888706034080810822873938109888353463471597932178745309791715389957383884465917689740912608023586269455974400,24097807798298786317353181719623208671581900714692966505830292441982025533606099946206216761576955330370820950599477241269328350169991824710115679629298282496227046438821734191665254470202819793048813612556650715274350999689261219625226209463218302273515777084216573006142494664691944976804020281336599972258795652253087174874853538331133260255128316523646027439901892471233871463445487236995862687111048729325109399/32958658894791573500644987818106441783919009392943423124115716120273307272223015033378947699373146087319546368145246011248631685752723665350585347828214823531784105023015891988897456728650969582089969453040819539298922533033297542407810797071952087857310968704068890237940545403485013389530285305637007504158498387965978521263364279892992282437373904697177027250035186101770488311333671636002064282717165923882146096742400,8118029627139134540052853951237891667176391160373367518663502751562655904913570788963229004061901945646758348267643188330794296048259299346418056827253359160978526877026274342076159821955611997597984774764429821778254219305062549630004947929811640044156256016284667742310846887365278290827743823966199208758473098764002653609499225968080209/60859079275674302903171523503628812167147521964959762444920170356810688387958250183644989517917360314778108803935526920817654090609583101726477300069693450064298004624379126474029932719915018868609635093783907698913515508688461062058720595336174490007128812712569291775493476656180653130561020063076713439070194574232686749512541791958770437324800,0,64,49245615887351167898816585390865353634738196884429431737872623258321085482244243042455867539568531827326440009631635041134416381416658430559592916903019486599956793589834895053231818816048900805139761673885152363856943240905794004113150512505642210750790698739233552338167859721646860649131062158207080339833251461992750307115631626859167714141776341049000417860938168108841312816632324399397668431293848948400564089/58890780964441381828502194812245457331107490128850554600406257450356608111205691104267114799659680448987801930013290478838677052995270685051953978039556479514908675915228165066865331970101995646408958877675518207308613198966624305855977489014253686863053439525991718970434482821088243338606618476063246053352917641149445548836295106807159406376444533177953273073398249488776674986352477881705097065934872336033179865448448,0
3,1/5,"[1, 1/10]",0,9/10,4097,primary,source_radius_width,64,64,18145727887509427077928459513815922257289842054211981216944075987018584202541246259295300754241810917526170345937841172857348114886906490471518600783302418991166058728593459195652178234477613306609966701845101539044796359229478959974054805508599141529999534857/38933603892109175684033821794398235828360586743097901556009196818416391045041800899836369213449435317623776268696200750060939754264981037633557643967157159939482445211910653072079621336717143782287721812066893987982786660426881535051555629749470648921507194291919171380761355013884293250,18145727887509427077928459513815922257289842054211981216944075987018584202541246259295300754241810917526170345937841172857348114886906490471518600783302418991166058728593459195652178234477613306609966701845101539044796359229478959974054805508599141529999534857/38933603892109175684033821794398235828360586743097901556009196818416391045041800899836369213449435317623776268696200750060939754264981037633557643967157159939482445211910653072079621336717143782287721812066893987982786660426881535051555629749470648921507194291919171380761355013884293250,18145727887509427077928459513815922257289842054211981216944075987018584202541246259295300754241810917526170345937841172857348114886906490471518600783302418991166058728593459195652178234477613306609966701845101539044796359229478959974054805508599141529999534857/38933603892109175684033821794398235828360586743097901556009196818416391045041800899836369213449435317623776268696200750060939754264981037633557643967157159939482445211910653072079621336717143782287721812066893987982786660426881535051555629749470648921507194291919171380761355013884293250,18145727887509427077928459513815922257289842054211981216944075987018584202541246259295300754241810917526170345937841172857348114886906490471518600783302418991166058728593459195652178234477613306609966701845101539044796359229478959974054805508599141529999534857/38933603892109175684033821794398235828360586743097901556009196818416391045041800899836369213449435317623776268696200750060939754264981037633557643967157159939482445211910653072079621336717143782287721812066893987982786660426881535051555629749470648921507194291919171380761355013884293250,0,64,18145727887509427077928459513815922257289842054211981216944075987018584202541246259295300754241810917526170345937841172857348114886906490471518600783302418991166058728593459195652178234477613306609966701845101539044796359229478959974054805508599141529999534857/38933603892109175684033821794398235828360586743097901556009196818416391045041800899836369213449435317623776268696200750060939754264981037633557643967157159939482445211910653072079621336717143782287721812066893987982786660426881535051555629749470648921507194291919171380761355013884293250,0
3,1/5,"[1, 1/10]",0,9/10,4097,primary,source_width,64,64,34085/262144,71933/524288,137575/1048576,65507/524288,0,64,278839/2097152,0
3,1/5,"[1, 1/10]",0,9/10,4097,control,calibration_radius_upper,64,64,11631499100896869673411/2417851639229258349412352,7030693119387528799443/1208925819614629174706176,11987073386572195526851/2417851639229258349412352,2547224187048347672185/604462909807314587353088,0,64,6242424164423642753787/1208925819614629174706176,0
3,1/5,"[1, 1/10]",0,9/10,4097,control,calibration_squared_error,64,64,34377134998589843809628862180643/66461399789245793645190353014017228800,39284698761244190861867065312193/4153837486827862102824397063376076800,8879224748753257812624937074321/8307674973655724205648794126752153600,149621693524006624972804136317/16615349947311448411297588253504307200,0,64,18209796006327739034859923355281/8307674973655724205648794126752153600,0
3,1/5,"[1, 1/10]",0,9/10,4097,control,source_acceptance_excess,64,0,,,,,0,64,,64
3,1/5,"[1, 1/10]",0,9/10,4097,control,source_radius_width,64,0,,,,,0,64,,64
3,1/5,"[1, 1/10]",0,9/10,4097,control,source_width,64,64,0,0,0,0,0,64,0,0
3,1/5,"[1, 1/10]",0,9/10,32769,primary,calibration_radius_upper,64,64,11631499100896869673411/2417851639229258349412352,7030693119387528799443/1208925819614629174706176,11987073386572195526851/2417851639229258349412352,2547224187048347672185/604462909807314587353088,0,64,6242424164423642753787/1208925819614629174706176,0
3,1/5,"[1, 1/10]",0,9/10,32769,primary,calibration_squared_error,64,64,34377134998589843809628862180643/66461399789245793645190353014017228800,39284698761244190861867065312193/4153837486827862102824397063376076800,8879224748753257812624937074321/8307674973655724205648794126752153600,149621693524006624972804136317/16615349947311448411297588253504307200,0,64,18209796006327739034859923355281/8307674973655724205648794126752153600,0
3,1/5,"[1, 1/10]",0,9/10,32769,primary,source_acceptance_excess,64,64,81867009332021765324419068346981735735219795244259079919656180990524061382374404551287823536311875320134769266784627878844688761246447934229175617323651966006019783987516201050385132436045003293634176991266576282907082595543945629200781866016224339985348387144427160746826214823596398739832613879975866595760819728226595296848795985259833144857807725855727513942952924649578124641342478710148404933602454271236474019808453067/179935880016011370458310649620414102383159592625599027553652965112201809392148716845029154570052091336986493307473005443225411151733507457797233033298879284797398503179170535567840026533105387116656168885660342959551831259559736170250575479744676765618746562352007890302148954682409728586986772339674558189209536728389525726631355328602993848276688930359772022196454515675628093332781682938465122223365587206304694975396887239065600,1244075093431493124485424245213947861808571347758704293035003347175537455766549360746905995597189201832834667389561143263738166220707055447870645070358660009364003682100085054280015869736194433610262335219710699497462512287719507228569214384591644566022263936509129935895894462199601958064786382982879308011305884187798638128066557400897315826439/1296574329119347097799031436979726120120453800239274839499349333591204899994990081569684130435033242477443931258995696844262348637515746865242617797444508053482525188184028706275272533718715033138792492954672664430173362135689665713181509404186368613138286669824057876147305841588104587097012855904765234935389698384923510159472427607715786799867494400,1152532250398064187079551858208488876905063496153520445166950152796911814475844973418026070118434779907738967230026875146976603722714821239607527329195467096479259637436762249622460714616421677741943225391066314581352782465852709994393766171482486520659388456716619191741067827970441793332147406450209797824125996137332050424713031263106521645103152244834137172299167518748360082925520746936088702079314055012480048686403/1681824325033231463380551027150391504334328679561542942587653587463326085817223875404161139003868360299451234289592986508578267804373812651223441230510370791765695002127959644178354156029620545440004194722481493585144995629619876743114231761836714719613309802721296542661454346806817378410105455633146582375845867803646090707546255179297967007473224428829676138280615201735949499945843218330970058644351735455418498286616576000,15617808211799438228526553969753155141548047267594874165836312247602886769910395117051569387407294885254118970552545240753214340177347631756152715365566393781838845099845020541479930731824861143327683314037456772955729565056631932129350113866104963290187777358734709155182980040354652327479575611378146722966531375450632067398756408405802767461/99541458357712627161585729801296694250948524092325279704541352951850668180056838652456633295013843378917592405272319617847997479249989445320518443112364891008630345678724255445878247940066720354946879678740181624273305810421274552049426215851915987159161097011179943398450952849277649951647142833467578868444280820991657477707344809725129553608704000,0,64,587461505518044912839333836605672800059245338222725191437572674359648810456422671979058585555158980419986188087936269130787691871308907456295306772339086441897141952262266216174975954878268152141233560389231132158086318315206739468230676140351724264311228080788437757825145875139171007664831599605715712135981383333343691653269555234234352316433106902275392914824809252223398414631629366046058504203357175411350572191666542323/697434313965165007470493450296018701010714773456114020037038911804469489907912622156893999755687286481569192513683681502418744445113790207855414026843721671417320193143749006204678675141211335331106295419344840303287026241810521031928917779428432116582048726779679696652039776198706371873351564765656559227678134393228094978369388751151996460369985672793345439224283938293347926873954924850468023665430002701226333122080509263872000,0
3,1/5,"[1, 1/10]",0,9/10,32769,primary,source_radius_width,64,64,55950970790987763802739576371465047675387909697228555608894874297870812689663852304475046253143507797844364051336132264525278555879744522879551328998776599321061718077601297620209408626211410509182496620773763322067717757643514406997446938154221512266394683/1055856534180333713750299405054071735196580198438747206782035529524309446564803120675734086197294227911226028126652323783161619365796754653422265888609672823097075849211028437567911642590207810234505098460228490834997007071320989461240581035891729367510383081266478083989514287831203619,55950970790987763802739576371465047675387909697228555608894874297870812689663852304475046253143507797844364051336132264525278555879744522879551328998776599321061718077601297620209408626211410509182496620773763322067717757643514406997446938154221512266394683/1055856534180333713750299405054071735196580198438747206782035529524309446564803120675734086197294227911226028126652323783161619365796754653422265888609672823097075849211028437567911642590207810234505098460228490834997007071320989461240581035891729367510383081266478083989514287831203619,55950970790987763802739576371465047675387909697228555608894874297870812689663852304475046253143507797844364051336132264525278555879744522879551328998776599321061718077601297620209408626211410509182496620773763322067717757643514406997446938154221512266394683/1055856534180333713750299405054071735196580198438747206782035529524309446564803120675734086197294227911226028126652323783161619365796754653422265888609672823097075849211028437567911642590207810234505098460228490834997007071320989461240581035891729367510383081266478083989514287831203619,55950970790987763802739576371465047675387909697228555608894874297870812689663852304475046253143507797844364051336132264525278555879744522879551328998776599321061718077601297620209408626211410509182496620773763322067717757643514406997446938154221512266394683/1055856534180333713750299405054071735196580198438747206782035529524309446564803120675734086197294227911226028126652323783161619365796754653422265888609672823097075849211028437567911642590207810234505098460228490834997007071320989461240581035891729367510383081266478083989514287831203619,0,64,55950970790987763802739576371465047675387909697228555608894874297870812689663852304475046253143507797844364051336132264525278555879744522879551328998776599321061718077601297620209408626211410509182496620773763322067717757643514406997446938154221512266394683/1055856534180333713750299405054071735196580198438747206782035529524309446564803120675734086197294227911226028126652323783161619365796754653422265888609672823097075849211028437567911642590207810234505098460228490834997007071320989461240581035891729367510383081266478083989514287831203619,0
3,1/5,"[1, 1/10]",0,9/10,32769,primary,source_width,64,64,88369/2097152,11293/262144,88603/2097152,43719/1048576,0,64,178337/4194304,0
3,1/5,"[1, 1/10]",0,9/10,32769,control,calibration_radius_upper,64,64,11631499100896869673411/2417851639229258349412352,7030693119387528799443/1208925819614629174706176,11987073386572195526851/2417851639229258349412352,2547224187048347672185/604462909807314587353088,0,64,6242424164423642753787/1208925819614629174706176,0
3,1/5,"[1, 1/10]",0,9/10,32769,control,calibration_squared_error,64,64,34377134998589843809628862180643/66461399789245793645190353014017228800,39284698761244190861867065312193/4153837486827862102824397063376076800,8879224748753257812624937074321/8307674973655724205648794126752153600,149621693524006624972804136317/16615349947311448411297588253504307200,0,64,18209796006327739034859923355281/8307674973655724205648794126752153600,0
3,1/5,"[1, 1/10]",0,9/10,32769,control,source_acceptance_excess,64,0,,,,,0,64,,64
3,1/5,"[1, 1/10]",0,9/10,32769,control,source_radius_width,64,0,,,,,0,64,,64
3,1/5,"[1, 1/10]",0,9/10,32769,control,source_width,64,64,0,0,0,0,0,64,0,0
4,1/5,"[1, 1/10]",1,2/5,4097,primary,calibration_radius_upper,64,64,11409513312417511244293/2417851639229258349412352,6596028186167851454311/1208925819614629174706176,11990890024905375019913/2417851639229258349412352,1286630664791248793963/302231454903657293676544,0,64,12398150026785752212005/2417851639229258349412352,0
4,1/5,"[1, 1/10]",1,2/5,4097,primary,calibration_squared_error,64,64,41328713739785948870239319039503/66461399789245793645190353014017228800,69587246519835783643768841090677/16615349947311448411297588253504307200,39167806201521217639926966720569/33230699894622896822595176507008614400,196983002148422026515624650097/16615349947311448411297588253504307200,0,64,2010695134630585979874156024937/1038459371706965525706099265844019200,0
4,1/5,"[1, 1/10]",1,2/5,4097,primary,source_acceptance_excess,64,64,31606483975740311902832108685132318211798299027187130582766974644988951513673186002841791506572588185756826482148389080377162550777705109634714618587284561902752761695291187077463772629192555723277024826221102849237402495939475042220865881728897605214380777040608416404417330790462970747885290324593615324643785220304620308406950186039492476720651699999873434443609603069556268467465383196146263253834551177020112779043/70176611381066861475590550635833859399241819301312015967772393950672989780449313304473196000435087807500846083766614387226879424277705274824441666438282107074632579462137282770204642611995682318207926988740413316230981936535331037834701575036762848749355719878267574959417159251323731440410424330115787809791690436978261837212641775853856513582503994443631575634315652401468379550694480693558136782501384932489194154596761600,629406203027577901593139862557559694886347955967736103809298776924672729641465273255630868869738500227775817959085676094421708560001708937718797941905511394333163342190594624602067539054736656706044833561794594415579004097191456195441166747498492073635105834835202531284114065834867275907361206924550688950179843552274672827200751394776367513239/660134373716561614652020694065038979631925431839975225924732110171435617331777907343429191228739584830625431980397505543527416042585172784325616877291712183942038429344741200445257230629239041935366817291203488328783727536989432139281132253342941431309165689928019057071519880174504735587744406701227833652412714950412421446544030445719569613979648000,278989665632541573305488409010528589899593062060704165911131057357317613517266652115519110402014429656306434915691914572132119400260112193704247937541751064272229904546497328683784328337064603177555975448232018884377060691717174666066782489042595503665776900962681448704739210292789884031846920825800930243053593883641712320243488777701994725027661764253540694587683602383220670608962471576114898499008386145600169523/433121177012283066767132143672424296985480097195319763395531807666529557011678266354929906241284344176252908877462191344631521894617813859518509973744682421880931302083819517682034235966674754400919988778329822043869802522774672230247316111729391251392704763739724793871860300348661397964346336164755441693703061447080521510903029916833612328267216333256435802540102221888666853461525337895562283185207300414180139676467200,792784166434588082584352920826280324786615992971461899719084975492586665810997303008382888323734420800404996925945585764506441594350297104464907122328491879712599499076617309369298360000447309951155782736007121747125970157857621474223087545463356205789196337353230618125552782476623358352976166622729493149708154595760573418388804830551557/41263255746816016773753525254145099914994772365799693846221994093684714088401091393991634987492611287500071085593781231353434846243891744476974469139561327237169976452144320648145575203403878441370441980068011329043335762104365527614129969006134932619141345550440405840894166585212171245308311773258070444248634440006815636279238652296013493043200,0,64,676098531434498379172653235977982807360055903186278992436037348886904222376780593767042190182500085763894283373313471361791282331650066065027983580802545372793296490986150800024497413015480702018258802616724856332641209332544049779848597554317512119349177640281411636842171241252586887213669612189301516943244188007568677576069190443258126398914159614477404566512785856282350744248316294917819615087813832788051062473/830912729648067207980324186484643117179111085189138506475196766289341281476419852254843117573775225241604825121972601025315446589366784557711789666790540406138076779374552254591949293281936921253859529838644169720127746655747643584771489222106598820060928443109585563594997536416920807727071410784383746394880705724740258411791417386981128665157462177110433404014343489598990825822219588696219658248452823531026177746534400,0
4,1/5,"[1, 1/10]",1,2/5,4097,primary,source_radius_width,64,64,18145727887509427077928459513815922257289842054211981216944075987018584202541246259295300754241810917526170345937841172857348114886906490471518600783302418991166058728593459195652178234477613306609966701845101539044796359229478959974054805508599141529999534857/38933603892109175684033821794398235828360586743097901556009196818416391045041800899836369213449435317623776268696200750060939754264981037633557643967157159939482445211910653072079621336717143782287721812066893987982786660426881535051555629749470648921507194291919171380761355013884293250,18145727887509427077928459513815922257289842054211981216944075987018584202541246259295300754241810917526170345937841172857348114886906490471518600783302418991166058728593459195652178234477613306609966701845101539044796359229478959974054805508599141529999534857/38933603892109175684033821794398235828360586743097901556009196818416391045041800899836369213449435317623776268696200750060939754264981037633557643967157159939482445211910653072079621336717143782287721812066893987982786660426881535051555629749470648921507194291919171380761355013884293250,18145727887509427077928459513815922257289842054211981216944075987018584202541246259295300754241810917526170345937841172857348114886906490471518600783302418991166058728593459195652178234477613306609966701845101539044796359229478959974054805508599141529999534857/38933603892109175684033821794398235828360586743097901556009196818416391045041800899836369213449435317623776268696200750060939754264981037633557643967157159939482445211910653072079621336717143782287721812066893987982786660426881535051555629749470648921507194291919171380761355013884293250,18145727887509427077928459513815922257289842054211981216944075987018584202541246259295300754241810917526170345937841172857348114886906490471518600783302418991166058728593459195652178234477613306609966701845101539044796359229478959974054805508599141529999534857/38933603892109175684033821794398235828360586743097901556009196818416391045041800899836369213449435317623776268696200750060939754264981037633557643967157159939482445211910653072079621336717143782287721812066893987982786660426881535051555629749470648921507194291919171380761355013884293250,0,64,18145727887509427077928459513815922257289842054211981216944075987018584202541246259295300754241810917526170345937841172857348114886906490471518600783302418991166058728593459195652178234477613306609966701845101539044796359229478959974054805508599141529999534857/38933603892109175684033821794398235828360586743097901556009196818416391045041800899836369213449435317623776268696200750060939754264981037633557643967157159939482445211910653072079621336717143782287721812066893987982786660426881535051555629749470648921507194291919171380761355013884293250,0
4,1/5,"[1, 1/10]",1,2/5,4097,primary,source_width,64,64,544555/4194304,143271/1048576,138025/1048576,131647/1048576,0,64,279035/2097152,0
4,1/5,"[1, 1/10]",1,2/5,4097,control,calibration_radius_upper,64,64,11409513312417511244293/2417851639229258349412352,6596028186167851454311/1208925819614629174706176,11990890024905375019913/2417851639229258349412352,1286630664791248793963/302231454903657293676544,0,64,12398150026785752212005/2417851639229258349412352,0
4,1/5,"[1, 1/10]",1,2/5,4097,control,calibration_squared_error,64,64,41328713739785948870239319039503/66461399789245793645190353014017228800,69587246519835783643768841090677/16615349947311448411297588253504307200,39167806201521217639926966720569/33230699894622896822595176507008614400,196983002148422026515624650097/16615349947311448411297588253504307200,0,64,2010695134630585979874156024937/1038459371706965525706099265844019200,0
4,1/5,"[1, 1/10]",1,2/5,4097,control,source_acceptance_excess,64,0,,,,,0,64,,64
4,1/5,"[1, 1/10]",1,2/5,4097,control,source_radius_width,64,0,,,,,0,64,,64
4,1/5,"[1, 1/10]",1,2/5,4097,control,source_width,64,64,0,0,0,0,0,64,0,0
4,1/5,"[1, 1/10]",1,2/5,32769,primary,calibration_radius_upper,64,64,11409513312417511244293/2417851639229258349412352,6596028186167851454311/1208925819614629174706176,11990890024905375019913/2417851639229258349412352,1286630664791248793963/302231454903657293676544,0,64,12398150026785752212005/2417851639229258349412352,0
4,1/5,"[1, 1/10]",1,2/5,32769,primary,calibration_squared_error,64,64,41328713739785948870239319039503/66461399789245793645190353014017228800,69587246519835783643768841090677/16615349947311448411297588253504307200,39167806201521217639926966720569/33230699894622896822595176507008614400,196983002148422026515624650097/16615349947311448411297588253504307200,0,64,2010695134630585979874156024937/1038459371706965525706099265844019200,0
4,1/5,"[1, 1/10]",1,2/5,32769,primary,source_acceptance_excess,64,64,3403260485258329024583221110498836220010404376866927390407491024979986672942970512683472079313512377714707231636635839931899193717835178994096144345628379585473653594624838201386749834122494651642174740044144092735677900348060621948694544456756571778232228717592981266008381408641993855885056728539653671049342608164089766422802447793742481819979099646016077217834356073582112913350016689675184604410455738752549933799518631/7576281798723561221244441306963325532043871205547731076801910881585473286832319643228751910944797621848845798612914894237091913027216041760459419076037556478803444264342457120551120011019828692867328637578531013413826028482986906875760210435509795970666307790697855906377680620600119239603873371247216667017016829978931097156483413964524498680307881877644225581455057635698770450476428360521911772764215622810339855641958416384000,18346616714094178996866211120101668137527210478308457570279730868757049711950678809497312712140255744432382958329141368676267505188728336822108146175526706572116167970410515982759511949248413496668222471330376482843820861477973114206731962226403687227331361723677388293690452304968529439761748901461322737070518380475205603902032565660350362960349/19715460822301069065506185984746760931623409596931666691625763065088532343933592818274312085591004263921063259695325721384525798117152553648809809780624408851540135270159714182489353988695898360239345285748959158859877112878556609287758039862206822518555643305057303750609366245483031629484255375855565006848017090524671721770603907933881362554657177600,8732494543143665869128782046948600635200302218532981955158140289540969369189475727276524905895491249587148665984734191326638059591541447800729989022044731494568798533439561333202585402378595592818233721518692566824257240533258067678370397840935914076999565019044311665421424588598314527716728981393000385230320857501406126815399616635257341566944176965213569076671502430603020561732898502861569796219373506858845311967201/14811213608924664709712466387183505008304424346098539132334596791851628801255819106413193353368937782461785307853445133118162274953745612992334208546714945296676046430640360377462138097175338642680935036193310357432566371463772491441422222720056915639029524223218347882495874476864131131568616836671605925621290959872408468876292795257936802149099768836464235689116202851274786845033696663103010458233724365652840743139331276800,25817291296017042829878644226441303886596974625990612175958026904030492261232531515303878891784780395337067667973925527792306723093568221615526526847656903752531186355584208473867434705602699782306227380984738067825587959504754176081849713572194046632590300184373725903386555857835795838908493407693326882463759546941924099317643801721508529201/209493302169120738167477179475917198265134051372624528134610276856714713403874112628145114860850687049109617918661671532791435137711567351849661122183681174476425843776331414495961752267370319468603212448839467002595524757590191509727061611455331329420818582105716446621646619240529615278480690142925279461633543880249858122782076355924890368973209600,0,64,106297032029306756295592774095078765646565428725760385562044656784481524182340021157488090986549155165686619018511184799126974704643260255420910395501361678194224569356280673564341158801099419130923518191139783990071735145514425249362872018960221697415109302960743335274995592644950956539827248188664577579051530447043337306052688844448568445432361592810535822143818324282793924887583534032810886552198203179160592803040267/129762601315272862339444047203158795199901448641600773469485038578953382766042850790113527058710574359527258661438190650259122459367104558597858417981488125472749999875950942664230550459263705789617350348611136895776508295020122191857198338055787182021114904197975967658281708063491696451151476164769313846053098126743625616668856616514190417083099098778847279539495878454763165451791045709989429222210425613126274484391011942400,0
4,1/5,"[1, 1/10]",1,2/5,32769,primary,source_radius_width,64,64,55950970790987763802739576371465047675387909697228555608894874297870812689663852304475046253143507797844364051336132264525278555879744522879551328998776599321061718077601297620209408626211410509182496620773763322067717757643514406997446938154221512266394683/1055856534180333713750299405054071735196580198438747206782035529524309446564803120675734086197294227911226028126652323783161619365796754653422265888609672823097075849211028437567911642590207810234505098460228490834997007071320989461240581035891729367510383081266478083989514287831203619,55950970790987763802739576371465047675387909697228555608894874297870812689663852304475046253143507797844364051336132264525278555879744522879551328998776599321061718077601297620209408626211410509182496620773763322067717757643514406997446938154221512266394683/1055856534180333713750299405054071735196580198438747206782035529524309446564803120675734086197294227911226028126652323783161619365796754653422265888609672823097075849211028437567911642590207810234505098460228490834997007071320989461240581035891729367510383081266478083989514287831203619,55950970790987763802739576371465047675387909697228555608894874297870812689663852304475046253143507797844364051336132264525278555879744522879551328998776599321061718077601297620209408626211410509182496620773763322067717757643514406997446938154221512266394683/1055856534180333713750299405054071735196580198438747206782035529524309446564803120675734086197294227911226028126652323783161619365796754653422265888609672823097075849211028437567911642590207810234505098460228490834997007071320989461240581035891729367510383081266478083989514287831203619,55950970790987763802739576371465047675387909697228555608894874297870812689663852304475046253143507797844364051336132264525278555879744522879551328998776599321061718077601297620209408626211410509182496620773763322067717757643514406997446938154221512266394683/1055856534180333713750299405054071735196580198438747206782035529524309446564803120675734086197294227911226028126652323783161619365796754653422265888609672823097075849211028437567911642590207810234505098460228490834997007071320989461240581035891729367510383081266478083989514287831203619,0,64,55950970790987763802739576371465047675387909697228555608894874297870812689663852304475046253143507797844364051336132264525278555879744522879551328998776599321061718077601297620209408626211410509182496620773763322067717757643514406997446938154221512266394683/1055856534180333713750299405054071735196580198438747206782035529524309446564803120675734086197294227911226028126652323783161619365796754653422265888609672823097075849211028437567911642590207810234505098460228490834997007071320989461240581035891729367510383081266478083989514287831203619,0
4,1/5,"[1, 1/10]",1,2/5,32769,primary,source_width,64,64,88613/2097152,11269/262144,44497/1048576,21967/524288,0,64,89211/2097152,0
4,1/5,"[1, 1/10]",1,2/5,32769,control,calibration_radius_upper,64,64,11409513312417511244293/2417851639229258349412352,6596028186167851454311/1208925819614629174706176,11990890024905375019913/2417851639229258349412352,1286630664791248793963/302231454903657293676544,0,64,12398150026785752212005/2417851639229258349412352,0
4,1/5,"[1, 1/10]",1,2/5,32769,control,calibration_squared_error,64,64,41328713739785948870239319039503/66461399789245793645190353014017228800,69587246519835783643768841090677/16615349947311448411297588253504307200,39167806201521217639926966720569/33230699894622896822595176507008614400,196983002148422026515624650097/16615349947311448411297588253504307200,0,64,2010695134630585979874156024937/1038459371706965525706099265844019200,0
4,1/5,"[1, 1/10]",1,2/5,32769,control,source_acceptance_excess,64,0,,,,,0,64,,64
4,1/5,"[1, 1/10]",1,2/5,32769,control,source_radius_width,64,0,,,,,0,64,,64
4,1/5,"[1, 1/10]",1,2/5,32769,control,source_width,64,64,0,0,0,0,0,64,0,0
5,1/5,"[1, 1/10]",1,9/10,4097,primary,calibration_radius_upper,64,64,23192236815973867953967/4835703278458516698824704,1741037675654919714063/302231454903657293676544,6198705659743767810953/1208925819614629174706176,5049718785678400427103/1208925819614629174706176,0,64,25452443860590892375603/4835703278458516698824704,0
5,1/5,"[1, 1/10]",1,9/10,4097,primary,calibration_squared_error,64,64,6727293453727288854404747909137/16615349947311448411297588253504307200,19200427949682043066106611911013/4153837486827862102824397063376076800,13706937426954464238414002702157/16615349947311448411297588253504307200,235043813910055441096644009097/16615349947311448411297588253504307200,0,64,37524559504766294349130083252777/16615349947311448411297588253504307200,0
5,1/5,"[1, 1/10]",1,9/10,4097,primary,source_acceptance_excess,64,64,1757288573716227535996534113522221816191481859444860265814977671502794142579274658044859497022039166491517164117261161970843836855936511023744240760721056659365816596182982378473733740645688866237172956618784821878839031069405949579969676381958865181735093953349339293539480785429741662565208065046486787773023764659491712739024240311772783470827576471621982099103938955687658619139126973253377790592494440468842837673/3580472721257915176915934093494273355439903076113151550041858508060922705065399347675974574259293419500344084229400918223064509659170785000939016177461418347845252145699465342301644516659699428526795782402648684246221598798242905010051207267527754965079189119949253948134690278049591714306066549934361958301308549278038391958039323065501804269248077098945463290045164185615928954451019060556403257392643158893220578983936000,816354671563232138047284046929756452586542669217837958561149925053454228469957337298878479000242497574211939085346088826221655435530824531579393557746344157727958728528378025187678088908029182365729809668092663500443789763740789426061182570673164102620886068582902234969258361923566460984471877204963365678698547942115738734841722169610105661253/856363478510797555122604323869021008893043913362657278442345972047887920666381664371572954191894826052652728055871889904273926916451944160857735817148671290715065265436723697804187407473651382908481475974582385294399994089757855872802196664806216898252703445936644404617746307827952140120824039724821474909821909863460159258067816572639500597230305280,5116279867889298416291442526409989877889632287498717034007361322898293346442817237495841210369601072334006595723470847382172003707087464532375384572553569817785581406281373836553650663004950356323130307584313005941837674797601836399231448272233067352195521966618619203974747998014058830061180632781697361860219395317372720663421339780461246510812395337477567872887141150310604315111276218739585401047049821430544267043/7761036950544820259739189283478200561194698046958998305359747717304535660474395568046435111815159530504192852700907338106521252852202888538070017403328322229020988546904744554979420515699649470944777059931189874855382028265921015147866485114363590575016495031988757573018319990763820965455849540350677493874703096741262772473653209883698144062737462658865278945733261773547222566137536277487900143804815966982779726882406400,19714545149336239414781840361616234533862509396472194612804586615990719970637155610671942324825751300041251121001128821791701400265470797773048612354562115005228570042133655398794474740912142569942285221270302943997272124991935521430852790299470572095291782578377421918245944921685207623218465116796419005913262922161983794048548287154549/211328620780732350643406961568179790876133861234794045845126235529685650871314008054679663778574511290939314389369650046779798590568061306645144834411235467889017119378296748744122846430397405417024606922762890042531958592857884302543518882879787779358804717499090492742793375341753091410322258454018232650092562897102953495839116115290829619200,0,64,9299763982648467922623391382271294788467851002764076692102684631813766098424061897718234935555655517078576625574209960729318232820567670846631310319458866099762126722323801790526233268901641446091523336675809759738518207990075416395204985735055745005846272804653307052498698004794170556282030898731171150823887108048425534267647170080127343606977697451921949134626236076802546113261834624956922974992294229332330053/10922576527209543477564418273033518316008484202632814836223411380766875743528957896301979131580963773630465825194487915062104543748210755706856319492204373344936461813974405099449385702759254728031934125221274007011608746442271432246322436223837743828956798011464133664576706653074934864623808786167364568797260186229864496695147175277378046064687833697919010886960399388956866886087478872683544750773738484733560068505600,0
5,1/5,"[1, 1/10]",1,9/10,4097,primary,source_radius_width,64,64,18145727887509427077928459513815922257289842054211981216944075987018584202541246259295300754241810917526170345937841172857348114886906490471518600783302418991166058728593459195652178234477613306609966701845101539044796359229478959974054805508599141529999534857/38933603892109175684033821794398235828360586743097901556009196818416391045041800899836369213449435317623776268696200750060939754264981037633557643967157159939482445211910653072079621336717143782287721812066893987982786660426881535051555629749470648921507194291919171380761355013884293250,18145727887509427077928459513815922257289842054211981216944075987018584202541246259295300754241810917526170345937841172857348114886906490471518600783302418991166058728593459195652178234477613306609966701845101539044796359229478959974054805508599141529999534857/38933603892109175684033821794398235828360586743097901556009196818416391045041800899836369213449435317623776268696200750060939754264981037633557643967157159939482445211910653072079621336717143782287721812066893987982786660426881535051555629749470648921507194291919171380761355013884293250,18145727887509427077928459513815922257289842054211981216944075987018584202541246259295300754241810917526170345937841172857348114886906490471518600783302418991166058728593459195652178234477613306609966701845101539044796359229478959974054805508599141529999534857/38933603892109175684033821794398235828360586743097901556009196818416391045041800899836369213449435317623776268696200750060939754264981037633557643967157159939482445211910653072079621336717143782287721812066893987982786660426881535051555629749470648921507194291919171380761355013884293250,18145727887509427077928459513815922257289842054211981216944075987018584202541246259295300754241810917526170345937841172857348114886906490471518600783302418991166058728593459195652178234477613306609966701845101539044796359229478959974054805508599141529999534857/38933603892109175684033821794398235828360586743097901556009196818416391045041800899836369213449435317623776268696200750060939754264981037633557643967157159939482445211910653072079621336717143782287721812066893987982786660426881535051555629749470648921507194291919171380761355013884293250,0,64,18145727887509427077928459513815922257289842054211981216944075987018584202541246259295300754241810917526170345937841172857348114886906490471518600783302418991166058728593459195652178234477613306609966701845101539044796359229478959974054805508599141529999534857/38933603892109175684033821794398235828360586743097901556009196818416391045041800899836369213449435317623776268696200750060939754264981037633557643967157159939482445211910653072079621336717143782287721812066893987982786660426881535051555629749470648921507194291919171380761355013884293250,0
5,1/5,"[1, 1/10]",1,9/10,4097,primary,source_width,64,64,273181/2097152,143219/1048576,276249/2097152,8263/65536,0,64,279201/2097152,0
5,1/5,"[1, 1/10]",1,9/10,4097,control,calibration_radius_upper,64,64,23192236815973867953967/4835703278458516698824704,1741037675654919714063/302231454903657293676544,6198705659743767810953/1208925819614629174706176,5049718785678400427103/1208925819614629174706176,0,64,25452443860590892375603/4835703278458516698824704,0
5,1/5,"[1, 1/10]",1,9/10,4097,control,calibration_squared_error,64,64,6727293453727288854404747909137/16615349947311448411297588253504307200,19200427949682043066106611911013/4153837486827862102824397063376076800,13706937426954464238414002702157/16615349947311448411297588253504307200,235043813910055441096644009097/16615349947311448411297588253504307200,0,64,37524559504766294349130083252777/16615349947311448411297588253504307200,0
5,1/5,"[1, 1/10]",1,9/10,4097,control,source_acceptance_excess,64,0,,,,,0,64,,64
5,1/5,"[1, 1/10]",1,9/10,4097,control,source_radius_width,64,0,,,,,0,64,,64
5,1/5,"[1, 1/10]",1,9/10,4097,control,source_width,64,64,0,0,0,0,0,64,0,0
5,1/5,"[1, 1/10]",1,9/10,32769,primary,calibration_radius_upper,64,64,23192236815973867953967/4835703278458516698824704,1741037675654919714063/302231454903657293676544,6198705659743767810953/1208925819614629174706176,5049718785678400427103/1208925819614629174706176,0,64,25452443860590892375603/4835703278458516698824704,0
5,1/5,"[1, 1/10]",1,9/10,32769,primary,calibration_squared_error,64,64,6727293453727288854404747909137/16615349947311448411297588253504307200,19200427949682043066106611911013/4153837486827862102824397063376076800,13706937426954464238414002702157/16615349947311448411297588253504307200,235043813910055441096644009097/16615349947311448411297588253504307200,0,64,37524559504766294349130083252777/16615349947311448411297588253504307200,0
5,1/5,"[1, 1/10]",1,9/10,32769,primary,source_acceptance_excess,64,64,2060786405291739180072474629207229909995810715463553208620418396185830076837990426563669813833452113938283443413234665066718236052516457414095495386875338758800464562731731768813708141809879981427333594135318416910106344145737002281292922300441515787911907654906148524397620622641470947203780605496745666749563242992542206661723030684868406731461554639083913712993658162677009830095050650747533169959326295810869150714434819/5023715851648429548065912827398004202626658100036788523760127636073427693860210125310382328596795681499320886480557063271809425945986328697331499599257431777659121051526387940085259382237245865032221194366019653878877338971032171052115223067681276373122824763063343485566790937852418070938701105461695025907543710594813125213631320934509472027060567660499798570748272694888777225877189090288015858994088461404691980569709757071360,1867637169158315287824879914960104182198321944669622109551026614306141877196546328612505509042857570852495321955556012721208707524609462853350189233872999668901427007656863385624238052160144183731028187042305182914807668888800960504717310908434505058192644485914878767625487510382086958393438641032505231630792695869210151471306648287564494469/1943717139109317220787345654599114409270196580065981820304848550801282111569105225852353066309690568297025341936237766469482282660152244881614424412348924244018432736209264460954830010063326888136211982795364655283001610718823496873460988022067133558421153009532806373039477983305668485899871991955072549229111197133932137865148817267670513405132800,491396195320079004821783699525396901873054004224946926233391092758397461591434385386387304544298579358407831081714690298430256712896106962564683281352738604056675630444587922554181715481268743809243997119088269287558668769216438804899570519160878801327513265834246833339682011566111009891590411505203003529737759233593056725548644726922938803912820016577642917235439999030277826237419529542753138213020953326735943026602777/749029755347662061522098499097301986715773861401291655432985587990834046520946651092344194033763401779201420701945966617283299486513277195980189899661420848868436369641953560333625408399765235424280274747009631331594447372964181324505191203964614386521365765401695700289841578479724221504627370729387180083242131159330782993038820948647538818792859764330928713662861489795955515138740292165424992629118914003456408886251932876800,59344361652745847511652910333831300702435564303768453496344275312579515643770703594381748943983945911765614408735324937424450006771821721050412310442449551563555244184148536461175834462990096121866185512129954854455425420332038186702923962523000115436247852602470044040518446403102136672244153506911602176688823110895296973029427440845909189/513969114928157717310588396819691764482625329164023152526912005724494758881811501411595684217572999489634187045579937146879572271359082693165550233017177308756293043097724281520402968990362521732029166066138829273561655722485673061369193075888338087035390850689507996314045173642710774908028956259211137499340476590655278281197940845265994832150528,0,64,41559051078104207353665098592091693210984162530260542931522879249099482596941535086404353384107978385532353688701427851362169160581516486897758663450594010858076513313061372620677637313512569312684228346725223607319785793961417317454527681347494693218627605284815420915519268568590563608069695395476815204391727073020194524365806553958041900860549874334348057158425808178420616290053543732525837825199808177910744530468799427/51757320651871556745529758293458666308182516997601420207244497765958628911198274218991065460634088401006004393491000940367520465158489542894294888526537040761381174203092300171063148639865044842847165518535533200858979995509645218115957928564649922409775037945182702251764590946849680958911569086120295778492556661742946296759325939363201252817099034679619968242086108588259510281509855559536101072586807940740034986681167144550400,0
5,1/5,"[1, 1/10]",1,9/10,32769,primary,source_radius_width,64,64,55950970790987763802739576371465047675387909697228555608894874297870812689663852304475046253143507797844364051336132264525278555879744522879551328998776599321061718077601297620209408626211410509182496620773763322067717757643514406997446938154221512266394683/1055856534180333713750299405054071735196580198438747206782035529524309446564803120675734086197294227911226028126652323783161619365796754653422265888609672823097075849211028437567911642590207810234505098460228490834997007071320989461240581035891729367510383081266478083989514287831203619,55950970790987763802739576371465047675387909697228555608894874297870812689663852304475046253143507797844364051336132264525278555879744522879551328998776599321061718077601297620209408626211410509182496620773763322067717757643514406997446938154221512266394683/1055856534180333713750299405054071735196580198438747206782035529524309446564803120675734086197294227911226028126652323783161619365796754653422265888609672823097075849211028437567911642590207810234505098460228490834997007071320989461240581035891729367510383081266478083989514287831203619,55950970790987763802739576371465047675387909697228555608894874297870812689663852304475046253143507797844364051336132264525278555879744522879551328998776599321061718077601297620209408626211410509182496620773763322067717757643514406997446938154221512266394683/1055856534180333713750299405054071735196580198438747206782035529524309446564803120675734086197294227911226028126652323783161619365796754653422265888609672823097075849211028437567911642590207810234505098460228490834997007071320989461240581035891729367510383081266478083989514287831203619,55950970790987763802739576371465047675387909697228555608894874297870812689663852304475046253143507797844364051336132264525278555879744522879551328998776599321061718077601297620209408626211410509182496620773763322067717757643514406997446938154221512266394683/1055856534180333713750299405054071735196580198438747206782035529524309446564803120675734086197294227911226028126652323783161619365796754653422265888609672823097075849211028437567911642590207810234505098460228490834997007071320989461240581035891729367510383081266478083989514287831203619,0,64,55950970790987763802739576371465047675387909697228555608894874297870812689663852304475046253143507797844364051336132264525278555879744522879551328998776599321061718077601297620209408626211410509182496620773763322067717757643514406997446938154221512266394683/1055856534180333713750299405054071735196580198438747206782035529524309446564803120675734086197294227911226028126652323783161619365796754653422265888609672823097075849211028437567911642590207810234505098460228490834997007071320989461240581035891729367510383081266478083989514287831203619,0
5,1/5,"[1, 1/10]",1,9/10,32769,primary,source_width,64,64,5537/131072,44971/1048576,88885/2097152,43845/1048576,0,64,178407/4194304,0
5,1/5,"[1, 1/10]",1,9/10,32769,control,calibration_radius_upper,64,64,23192236815973867953967/4835703278458516698824704,1741037675654919714063/302231454903657293676544,6198705659743767810953/1208925819614629174706176,5049718785678400427103/1208925819614629174706176,0,64,25452443860590892375603/4835703278458516698824704,0
5,1/5,"[1, 1/10]",1,9/10,32769,control,calibration_squared_error,64,64,6727293453727288854404747909137/16615349947311448411297588253504307200,19200427949682043066106611911013/4153837486827862102824397063376076800,13706937426954464238414002702157/16615349947311448411297588253504307200,235043813910055441096644009097/16615349947311448411297588253504307200,0,64,37524559504766294349130083252777/16615349947311448411297588253504307200,0
5,1/5,"[1, 1/10]",1,9/10,32769,control,source_acceptance_excess,64,0,,,,,0,64,,64
5,1/5,"[1, 1/10]",1,9/10,32769,control,source_radius_width,64,0,,,,,0,64,,64
5,1/5,"[1, 1/10]",1,9/10,32769,control,source_width,64,64,0,0,0,0,0,64,0,0
6,4/5,"[1, 0]",0,9/10,4097,primary,calibration_radius_upper,64,64,11643363467584816565467/2417851639229258349412352,7281247005559763008439/1208925819614629174706176,6030195771098110026575/1208925819614629174706176,5212023875353776865327/1208925819614629174706176,0,64,6369171302688752191049/1208925819614629174706176,0
6,4/5,"[1, 0]",0,9/10,4097,primary,calibration_squared_error,64,64,2098972004771344157619590112215/2658455991569831745807614120560689152,1500237165016487477061203547337/166153499473114484112975882535043072,915283450147397155191282654693/664613997892457936451903530140172288,4872631474133491910953590377/83076749736557242056487941267521536,0,64,7719894636204198933571315395533/2658455991569831745807614120560689152,0
6,4/5,"[1, 0]",0,9/10,4097,primary,source_acceptance_excess,64,64,1735926947111954545308349370817026230802650607918296185324993729384320548265517952529590569947289634744701026574441361439444913058413866493641062226495437148206278421419113793376538252772704751219724200640238623828342058804052461024090584898751519943592586738439288051609455761554381831777801054860798502108206443903069306036599887699327933545068192678967348228393810383446376373880240431378518333745411250493550299/3533000665289908961494064939020404383248821271765841106128821610220013393201659698425583938181009910023010619127638179753880951909085336760494973664817552589473133110433878113589226917394633027663229147358574125459931839755650780167364378041901513617189769561887742174043068055664491088457678639832928957688744571784114984571418480078544598699191126533699353938991090229075503686212454611186612036454372562876913994956800,434902067389025836007492246378553014850063764287003687211251125199171107820881906002305139599571006242517280180973171558012577356521519443901918625423352027573329144164853602018497644567584748818357207102586356285557243160283571207322518237827146949710634668604815445834092966200699579131340226476724188012598265988453191490661987736363271/371070319438214446766080159478906552920065266871828230310310828041001423581891274044653602122197975846104087836970533716495483773584690376973482481984598434944688024534309667676591330052993082547934515122823966705490203840811356671141335953330971475063693582196414452721530023216159033089843060724405084869830744492080720820924649477955492249600,3451555657072619217167544344388806773538114010174874066474963291172794842704719892140162554183821434318196655154607436001494683056668390996841105562276525123701732447801649535733716452847908587854036529246867958140521320619187549141560011850270578233409218068853645880657065540000684804015032457911479509367077901665356711404049024631371486155433728287792110500226571738604152218759782846223926516430620159401621301/5126659571967846800638299595066413307904960008227121826851739827375709516241910288221060461547968107440882382807236263677326470832390090775863377757727792623296337297987401789507912926961989867247239584313883912315837858972373091104073466900397947112792294363417173878747557905699394896044825411151580464477988101735488088980100801307586503768446596157004386717593544180217133226175768952367222909003162140212913294540800,185233751208425618783171938026565261598689940807420748245291667388831310919786709281623242649053400818596072059784927496245746595398567018585285296467084353527343150576549468997065744079196808753202676481850192655731569117014251700492917688350482927021273297899342292335477660157132687221493267504570860764361510358591833544836691617583217737441/1567963368351770277581001977114727636825152404930858065935370383703507897385427670096815043612814880732986850991164223942816903412024108086138085251832021176371041358628161367240502754914296043793754068037307418686650030639247941759309616035047933503619952642964971420340683771601710388914011047976084263509917199074279334068271708143162322040809062400,0,64,10798758640142568868356188202263201323938571840280480673117313332910739953370682631212635441801127930534822689766363131552966587171541405236960010161802868128897603538185844852156342183962428293876957875361545853235989874728572379849591339185450181470370162539733115854627655242512020177557572408969567446310951110310080814080555160585998025496767222265012530711237294350735725951029164210428148165551387482751831460487/10919538572206308021819453614231576518776400458802389365233379730794825868894048000595714186558774185753033149943054470996507778561396848350787084731963388090248793245901660933592160979318036985585361136848990543856242670121701744124944196287621679976003424736210918785893540569541833463461077768824690037384842672226733170585764810943492356154125909216552679332882215263988365917426094724279500305662603394383858970814054400,0
6,4/5,"[1, 0]",0,9/10,4097,primary,source_radius_width,64,64,18145727887509427077928459513815922257289842054211981216944075987018584202541246259295300754241810917526170345937841172857348114886906490471518600783302418991166058728593459195652178234477613306609966701845101539044796359229478959974054805508599141529999534857/38933603892109175684033821794398235828360586743097901556009196818416391045041800899836369213449435317623776268696200750060939754264981037633557643967157159939482445211910653072079621336717143782287721812066893987982786660426881535051555629749470648921507194291919171380761355013884293250,18145727887509427077928459513815922257289842054211981216944075987018584202541246259295300754241810917526170345937841172857348114886906490471518600783302418991166058728593459195652178234477613306609966701845101539044796359229478959974054805508599141529999534857/38933603892109175684033821794398235828360586743097901556009196818416391045041800899836369213449435317623776268696200750060939754264981037633557643967157159939482445211910653072079621336717143782287721812066893987982786660426881535051555629749470648921507194291919171380761355013884293250,18145727887509427077928459513815922257289842054211981216944075987018584202541246259295300754241810917526170345937841172857348114886906490471518600783302418991166058728593459195652178234477613306609966701845101539044796359229478959974054805508599141529999534857/38933603892109175684033821794398235828360586743097901556009196818416391045041800899836369213449435317623776268696200750060939754264981037633557643967157159939482445211910653072079621336717143782287721812066893987982786660426881535051555629749470648921507194291919171380761355013884293250,18145727887509427077928459513815922257289842054211981216944075987018584202541246259295300754241810917526170345937841172857348114886906490471518600783302418991166058728593459195652178234477613306609966701845101539044796359229478959974054805508599141529999534857/38933603892109175684033821794398235828360586743097901556009196818416391045041800899836369213449435317623776268696200750060939754264981037633557643967157159939482445211910653072079621336717143782287721812066893987982786660426881535051555629749470648921507194291919171380761355013884293250,0,64,18145727887509427077928459513815922257289842054211981216944075987018584202541246259295300754241810917526170345937841172857348114886906490471518600783302418991166058728593459195652178234477613306609966701845101539044796359229478959974054805508599141529999534857/38933603892109175684033821794398235828360586743097901556009196818416391045041800899836369213449435317623776268696200750060939754264981037633557643967157159939482445211910653072079621336717143782287721812066893987982786660426881535051555629749470648921507194291919171380761355013884293250,0
6,4/5,"[1, 0]",0,9/10,4097,primary,source_width,64,64,553179/4194304,48169/262144,144397/1048576,15609/131072,0,64,152871/1048576,0
6,4/5,"[1, 0]",0,9/10,4097,control,calibration_radius_upper,64,64,11643363467584816565467/2417851639229258349412352,7281247005559763008439/1208925819614629174706176,6030195771098110026575/1208925819614629174706176,5212023875353776865327/1208925819614629174706176,0,64,6369171302688752191049/1208925819614629174706176,0
6,4/5,"[1, 0]",0,9/10,4097,control,calibration_squared_error,64,64,2098972004771344157619590112215/2658455991569831745807614120560689152,1500237165016487477061203547337/166153499473114484112975882535043072,915283450147397155191282654693/664613997892457936451903530140172288,4872631474133491910953590377/83076749736557242056487941267521536,0,64,7719894636204198933571315395533/2658455991569831745807614120560689152,0
6,4/5,"[1, 0]",0,9/10,4097,control,source_acceptance_excess,64,0,,,,,0,64,,64
6,4/5,"[1, 0]",0,9/10,4097,control,source_radius_width,64,0,,,,,0,64,,64
6,4/5,"[1, 0]",0,9/10,4097,control,source_width,64,64,0,0,0,0,0,64,0,0
6,4/5,"[1, 0]",0,9/10,32769,primary,calibration_radius_upper,64,64,11643363467584816565467/2417851639229258349412352,7281247005559763008439/1208925819614629174706176,6030195771098110026575/1208925819614629174706176,5212023875353776865327/1208925819614629174706176,0,64,6369171302688752191049/1208925819614629174706176,0
6,4/5,"[1, 0]",0,9/10,32769,primary,calibration_squared_error,64,64,2098972004771344157619590112215/2658455991569831745807614120560689152,1500237165016487477061203547337/166153499473114484112975882535043072,915283450147397155191282654693/664613997892457936451903530140172288,4872631474133491910953590377/83076749736557242056487941267521536,0,64,7719894636204198933571315395533/2658455991569831745807614120560689152,0
6,4/5,"[1, 0]",0,9/10,32769,primary,source_acceptance_excess,64,64,242945420017627626073925321535706979663532266856112882681144472171581440866203169455379443780054450851025721750612056567056627175713565610391870293220527447248311976085222204923510972158877057503030074991778103812035345668201963141535650676732394954640222018765704164062635485349094074523873516224221064032556462584993073429012832119379601103638791768065690906889323831586612646768881011215446486270944388716861211732767/560466081369783895735053316335442820631609222338474345268195513115478832641076575031328472973842769912551226800444611216334843644791176742397686329423877475667607598723350965933581813076541007543667207685957756270851927279461107446466544929123702616249620224160129969846799034856946664410031486943647145411833200491488434917826522180896959189090324355630681354487458022199578349836820314102747612954528012249224306248122368000,51499671240641016911139327916720636446362652164473516873796231406576896848882038366250225095603054887939396059041523677134571189390740411903098107575115171792547005775626764000781155321999257121191577358622180347978271857978236151322389111027685643285350118784573208506221630146933777491309406435950876705277993574454044789630664254616164535862687/50328502869249306167670923195575274717084376094831085302199815972252137631627852581756479040797130767921024350175067986870538508824698286280648554099955646204039444762101791566015490712838632809535382511776138287736416740823021055601117256076934079100077076467611729836332698686850606959332138981920160978557981370112912330833583935758786141395877888000,76796402617012486966674463795986194718253280749647660742803366758741655048562056225154524019732908111567154199792510287968673331155976145399284664988521634629976713780067922652804558710917350703295236684361976617150737757805423295453880744652977740514836502948426377031345592467933641964700015715037879006173082091863025630480971611662494057604429170059186886113049581623431851609229257059053501899725839566433868588731/110974052883001066232380401867092220940683084050552077604009905055067288157113055659243128066592319445186283096011683742350594663042714573665232183889674278357616330387476186619305556046729603624578945434826522495285853925373500665929925256301075687069338177544441874389402314809407889574515767659515902473266198962569584768037698542213047339796939739982826829021445467643880196583095402530596253959049880697297632445333504000,38937024687607225796761288889271955844888399700395036728913978753646593434640354546290098581849189315670747945574099343841476973075067890967251323810295721288246242959204333501623296965063720157753116881080118854180418074756940523583523764021806721722880842385651007693592277137203545678786676689145101962373647062541021881116579337890087289/638696364214076114737730149619015807953679230586330667854051876458341111051663574853481753092392996626154977969191572577694167908392439491337780613845339013098213087726026908294643847772844088295018781326436183720047359602087208062652085260773355888625347882208877428984191246951376876875886818869776608471626567492471736611032414732125027801497600,0,64,450808714213146078261184523491816656807770934494007767186512601796570013730765194818519097032258662540700997262181871192591663966879302330371273330692921218156802697200881537258022262104030990219820377676383229096819183068951293288854257552481545386770662408784063957090703285529295418726056635022546819544322141295136447074600789440721087346449023188623653744619786724698295765604693185488277942947709621994380524359/555798971799259222120982428931119440942568932438037564240347859173072507220401961463198643375030208182098624404232438316082668215675810940297797539147743699155599573401027942269285244085172550038430980483736979597011169723998005296595454704157416591633072891011147751822133630752353993618428613380151571630359434364228355877984909227849327237884782063687572015458812189769265784035724306831428639203223538594152334753792000,0
6,4/5,"[1, 0]",0,9/10,32769,primary,source_radius_width,64,64,55950970790987763802739576371465047675387909697228555608894874297870812689663852304475046253143507797844364051336132264525278555879744522879551328998776599321061718077601297620209408626211410509182496620773763322067717757643514406997446938154221512266394683/1055856534180333713750299405054071735196580198438747206782035529524309446564803120675734086197294227911226028126652323783161619365796754653422265888609672823097075849211028437567911642590207810234505098460228490834997007071320989461240581035891729367510383081266478083989514287831203619,55950970790987763802739576371465047675387909697228555608894874297870812689663852304475046253143507797844364051336132264525278555879744522879551328998776599321061718077601297620209408626211410509182496620773763322067717757643514406997446938154221512266394683/1055856534180333713750299405054071735196580198438747206782035529524309446564803120675734086197294227911226028126652323783161619365796754653422265888609672823097075849211028437567911642590207810234505098460228490834997007071320989461240581035891729367510383081266478083989514287831203619,55950970790987763802739576371465047675387909697228555608894874297870812689663852304475046253143507797844364051336132264525278555879744522879551328998776599321061718077601297620209408626211410509182496620773763322067717757643514406997446938154221512266394683/1055856534180333713750299405054071735196580198438747206782035529524309446564803120675734086197294227911226028126652323783161619365796754653422265888609672823097075849211028437567911642590207810234505098460228490834997007071320989461240581035891729367510383081266478083989514287831203619,55950970790987763802739576371465047675387909697228555608894874297870812689663852304475046253143507797844364051336132264525278555879744522879551328998776599321061718077601297620209408626211410509182496620773763322067717757643514406997446938154221512266394683/1055856534180333713750299405054071735196580198438747206782035529524309446564803120675734086197294227911226028126652323783161619365796754653422265888609672823097075849211028437567911642590207810234505098460228490834997007071320989461240581035891729367510383081266478083989514287831203619,0,64,55950970790987763802739576371465047675387909697228555608894874297870812689663852304475046253143507797844364051336132264525278555879744522879551328998776599321061718077601297620209408626211410509182496620773763322067717757643514406997446938154221512266394683/1055856534180333713750299405054071735196580198438747206782035529524309446564803120675734086197294227911226028126652323783161619365796754653422265888609672823097075849211028437567911642590207810234505098460228490834997007071320989461240581035891729367510383081266478083989514287831203619,0
6,4/5,"[1, 0]",0,9/10,32769,primary,source_width,64,64,44123/1048576,24057/524288,89519/2097152,42659/1048576,0,64,90669/2097152,0
6,4/5,"[1, 0]",0,9/10,32769,control,calibration_radius_upper,64,64,11643363467584816565467/2417851639229258349412352,7281247005559763008439/1208925819614629174706176,6030195771098110026575/1208925819614629174706176,5212023875353776865327/1208925819614629174706176,0,64,6369171302688752191049/1208925819614629174706176,0
6,4/5,"[1, 0]",0,9/10,32769,control,calibration_squared_error,64,64,2098972004771344157619590112215/2658455991569831745807614120560689152,1500237165016487477061203547337/166153499473114484112975882535043072,915283450147397155191282654693/664613997892457936451903530140172288,4872631474133491910953590377/83076749736557242056487941267521536,0,64,7719894636204198933571315395533/2658455991569831745807614120560689152,0
6,4/5,"[1, 0]",0,9/10,32769,control,source_acceptance_excess,64,0,,,,,0,64,,64
6,4/5,"[1, 0]",0,9/10,32769,control,source_radius_width,64,0,,,,,0,64,,64
6,4/5,"[1, 0]",0,9/10,32769,control,source_width,64,64,0,0,0,0,0,64,0,0
7,4/5,"[1, 0]",1,2/5,4097,primary,calibration_radius_upper,64,63,11857041838201897299481/2417851639229258349412352,3474797825638948039997/604462909807314587353088,3054718781400877741363/604462909807314587353088,1296443428113024532603/302231454903657293676544,0,64,12783584132627787339213/2417851639229258349412352,1
7,4/5,"[1, 0]",1,2/5,4097,primary,calibration_squared_error,64,63,334887690207418781819530827345/664613997892457936451903530140172288,4023397101249453346679043480625/664613997892457936451903530140172288,754317723519369077490314701065/664613997892457936451903530140172288,9846880352260753387915948697/664613997892457936451903530140172288,0,64,733759968356185200404818705401/332306998946228968225951765070086144,1
7,4/5,"[1, 0]",1,2/5,4097,primary,source_acceptance_excess,64,64,24336340200398024850444097444195927649773738519383049201496580585821264645856050776800015638664277520419338174280792407034077943652255062482084847332439784379932572430195317443245897643644469299652767835345622521033433681286912381477936197585423198967126184908561498634581421004791285762089300793496811888211834018738314415907227314696919853365363456786424527452677518353097808610049410978020905933005646954774206641/64015480279174550353703845558267290015279310042720592797955544786675501750960220156946014314092413946652605184900904401764032312164263045138806441877169866469035054002489853963883379956581174487240530993074226308335313142583785102521915237424631072009102365264082577800066940891293441729298748046844619901052886589509420231374138434145596525488299683583497247571420682359511597933515787332269647322752595850587228455567360,440093625119259953772694536788773313161006307148854286082330571901241178555632592819336410920731865164103304442904302668616426458047037602195466220760631703111546712649218320898930632630412442110326122693532060724910659777367399268240757824545905389253853844692340994334406116781045491652105657586785133740739227746024218961358805638856054533/367032377375337651356770467700922684702034638116606436979196932710222730410989978257118378776134591494067319801142042318090040919945481563415574688028322844257194861696343638307095308150013998817299071785931469962613115217612626535121773529657415198461314084267242042669547092676601753051030065018020005532580045221214910659714900599344952088985600,13195886611139669846897197594962638099845521965807883468847461546357528736082367293984669721232982993115258730462720932023997847085123447515177542197780184314742345159348739403748165222912313511301365995090452164520584838553171973495613652332394713691650992663778903877393969077645354077673523691064415196710003532031366338742905911285297260997510602234723573808708528462018188768197235449483026954613026077329053057/24109603712611706479169237503265677252490792340843941024247002790567352704746663722857550595210258864377297250997052183819483848808195610567444085196724115229273837996670247416768400530809465641949600729557116218201691729984460302426293655789096762749484381822898978674273695192837244340042501683538478826041555347360546004356749129015781751479685270391434159587651584904025004019498442760769077756339187943056291869491200,721468978529369439774883735715197681762905411489725572801269750339383359478517909817475207000252037030336269534213533218297152619468336600479046851166718504961545756578912275503156210039385088410511643480558870152385322697634033489381602181295533042771828211477086049336243704995422152457970592346168277852771239524037873049507236305199149/8224028358818432076490454632350921986651231067625228164949528945767559932434853146231783564684904409360181231309391256847565687888282961328343483742713396926092995847407179066857429058721911953308632245534413158595902698338364058291307452960015215710096056752546602768502969428276038153372187478903147316481124387615671576109693700916672410419200,0,64,21576604245137056444911487766773106388353388391765961682800106136087678771248190960501211168264616338651696720406314211793105627891330358448265045835413497517052546462932362124694366357800556082444766825362141920152201683281489597019540434314082165854359997189321173819244465832219558187581887742879061773211496724402088839699860855547102457566410801385246832978910474910268938391818030284968788695572032373647/26299242811200833668947991218008483090401302597890375705447776492439953135394887025041801458668757172303656857032756737435028666644771544571037736565869960863342701718478013722880327582984871365519655015442458470045602335061138561150586459576837189929304414329382809671515407628423193243592824240950718360140416993142186198104733621325938021968607472651800429060976633290294331549520829260665022790574849710987673600,0
7,4/5,"[1, 0]",1,2/5,4097,primary,source_radius_width,64,64,18145727887509427077928459513815922257289842054211981216944075987018584202541246259295300754241810917526170345937841172857348114886906490471518600783302418991166058728593459195652178234477613306609966701845101539044796359229478959974054805508599141529999534857/38933603892109175684033821794398235828360586743097901556009196818416391045041800899836369213449435317623776268696200750060939754264981037633557643967157159939482445211910653072079621336717143782287721812066893987982786660426881535051555629749470648921507194291919171380761355013884293250,18145727887509427077928459513815922257289842054211981216944075987018584202541246259295300754241810917526170345937841172857348114886906490471518600783302418991166058728593459195652178234477613306609966701845101539044796359229478959974054805508599141529999534857/38933603892109175684033821794398235828360586743097901556009196818416391045041800899836369213449435317623776268696200750060939754264981037633557643967157159939482445211910653072079621336717143782287721812066893987982786660426881535051555629749470648921507194291919171380761355013884293250,18145727887509427077928459513815922257289842054211981216944075987018584202541246259295300754241810917526170345937841172857348114886906490471518600783302418991166058728593459195652178234477613306609966701845101539044796359229478959974054805508599141529999534857/38933603892109175684033821794398235828360586743097901556009196818416391045041800899836369213449435317623776268696200750060939754264981037633557643967157159939482445211910653072079621336717143782287721812066893987982786660426881535051555629749470648921507194291919171380761355013884293250,18145727887509427077928459513815922257289842054211981216944075987018584202541246259295300754241810917526170345937841172857348114886906490471518600783302418991166058728593459195652178234477613306609966701845101539044796359229478959974054805508599141529999534857/38933603892109175684033821794398235828360586743097901556009196818416391045041800899836369213449435317623776268696200750060939754264981037633557643967157159939482445211910653072079621336717143782287721812066893987982786660426881535051555629749470648921507194291919171380761355013884293250,0,64,18145727887509427077928459513815922257289842054211981216944075987018584202541246259295300754241810917526170345937841172857348114886906490471518600783302418991166058728593459195652178234477613306609966701845101539044796359229478959974054805508599141529999534857/38933603892109175684033821794398235828360586743097901556009196818416391045041800899836369213449435317623776268696200750060939754264981037633557643967157159939482445211910653072079621336717143782287721812066893987982786660426881535051555629749470648921507194291919171380761355013884293250,0
7,4/5,"[1, 0]",1,2/5,4097,primary,source_width,64,64,276031/2097152,30421/131072,293527/2097152,31631/262144,0,64,38277/262144,0
7,4/5,"[1, 0]",1,2/5,4097,control,calibration_radius_upper,64,64,23741429847755135425785/4835703278458516698824704,3474797825638948039997/604462909807314587353088,6092931254408865215539/1208925819614629174706176,1296443428113024532603/302231454903657293676544,0,64,25536975669857229562517/4835703278458516698824704,0
7,4/5,"[1, 0]",1,2/5,4097,control,calibration_squared_error,64,64,685754155897669334631385610347/1329227995784915872903807060280344576,4023397101249453346679043480625/664613997892457936451903530140172288,780731916827328382022070535961/664613997892457936451903530140172288,9846880352260753387915948697/664613997892457936451903530140172288,0,64,1461677145581577520329718159579/664613997892457936451903530140172288,0
7,4/5,"[1, 0]",1,2/5,4097,control,source_acceptance_excess,64,0,,,,,0,64,,64
7,4/5,"[1, 0]",1,2/5,4097,control,source_radius_width,64,0,,,,,0,64,,64
7,4/5,"[1, 0]",1,2/5,4097,control,source_width,64,64,0,0,0,0,0,64,0,0
7,4/5,"[1, 0]",1,2/5,32769,primary,calibration_radius_upper,64,64,23741429847755135425785/4835703278458516698824704,3474797825638948039997/604462909807314587353088,6092931254408865215539/1208925819614629174706176,1296443428113024532603/302231454903657293676544,0,64,25536975669857229562517/4835703278458516698824704,0
7,4/5,"[1, 0]",1,2/5,32769,primary,calibration_squared_error,64,64,685754155897669334631385610347/1329227995784915872903807060280344576,4023397101249453346679043480625/664613997892457936451903530140172288,780731916827328382022070535961/664613997892457936451903530140172288,9846880352260753387915948697/664613997892457936451903530140172288,0,64,1461677145581577520329718159579/664613997892457936451903530140172288,0
7,4/5,"[1, 0]",1,2/5,32769,primary,source_acceptance_excess,64,64,9940553500090309123404942482497651279561574526356158433961206824902101666371706994199679853115560621410096328989951034824196649175921339974920188858185542246355931437536407223257155831209916195373838771720967127958829661574387480622985349723827003356077685995988422635672732239020870367796982148549550849612950664749154514582298443570436540714190815023004320398622534309446877940926618986840186850084863287063712329314931/20174984320348281528906681997380073231903627318383479177547791396318100619019424726917273411961980186010983426090281405596743988484447245222430521904964111755522944905170701303931028133644628064040436437960896947255547453127907803362227614659296469140327865297796907432361925809695612072555377311049484259995605074880648924357339646169225316898391904932414301174496826818072920490111809957083116445727878309623242905859653632000,39863073038403147120212032724195612813310185320202668597363122699620608240510540515633029867217844171173460323204477615914993363630305977524886662443873775939217188974912561831446972821259413665011793720079756424128468531685313818361035027636540358467790287696099787498470429391410312456538339844140830009176554948113527407466293542231072961987/37458185073510423908591484090406071476372369337040425909137708724820703569642801022164682424124541716868362599461766552454827252657355200345980351529122905080355969660069296907136351787763440527120078767913681163925731844571676462979251496842780204863492389469265165359466299897479975520409488047338140806657283832513567787060491405949291923190579200,52638551985122509899175795702488942007304951185420564704526965144795320406163304744663168030332243812808520010248191203557753124842335908140683321762214345705958295122740626154597652870822201717511058854041457444953154444008979103993585865048693597510801805968844487438135863611146202186839291482973271301507412146779390495379645864445925238279831043097457161124126135899148013825024193273780178370735965564194851032809619/81367295786196087610387263770544658337737922891956040802453273564619740743588422516375802630756095676358273464782868461463405913880032187714382828575552405424943371852429515868807078312059303423244891513764944720977640911927666229456450170998102450938899237194032493038618864083923765579978379487909512244717213384865397540925594092461706960407130179395788284296958598575225205791433686019028851739023290515487388534216589312000,9717932053342067087742843179170803429546844990425011733908858455783327648291075210338482791312871483079468895135640625756109078829709042192384818200290248217523994380285474930036558501712869349662143873742273560700764623932693837956803952106956531751203184025177853955419335393059169971756457904511567863093716167101336722452996158588008716079999/115414492604847687165075859271127374752459397699101800629299670225869420562128860597646678701348851170989788014603233379008480254648973210583839173936694972920533890626764914592875353410786703608675472619452097070320059702258667193884069725328626741368904465821697549214784583945631810148986446402332711306265548426929734308754829612328485840458398826496,0,64,19558690889098810289299751202502101304106461850231915837975624013550193148385191216378465075504638388999115077804451534547617007301071829152848420245414495261344874177443627054050171496771297682363916005802253454010994115451529923254545916941595343374305016692297436837139176090510353819613438356207122239048714073854872656136117936090876331033990849155492602955276252012303858124867229822395782580600326662730721611097527327/25160944802301305924052159383723984488510987373195018817275160722094209598759200708316402715439517728057221569520582018989837333136966645398402993778902873559669990466239653213079435695985236283903502266826844411876357771871572130646286367728895148489729328886122393571369050016600531838206087815589375021488353769387313236835401302996328675658847015793530214172200476647735676067346798848867997457535676038779534848622677060485120,0
7,4/5,"[1, 0]",1,2/5,32769,primary,source_radius_width,64,64,55950970790987763802739576371465047675387909697228555608894874297870812689663852304475046253143507797844364051336132264525278555879744522879551328998776599321061718077601297620209408626211410509182496620773763322067717757643514406997446938154221512266394683/1055856534180333713750299405054071735196580198438747206782035529524309446564803120675734086197294227911226028126652323783161619365796754653422265888609672823097075849211028437567911642590207810234505098460228490834997007071320989461240581035891729367510383081266478083989514287831203619,55950970790987763802739576371465047675387909697228555608894874297870812689663852304475046253143507797844364051336132264525278555879744522879551328998776599321061718077601297620209408626211410509182496620773763322067717757643514406997446938154221512266394683/1055856534180333713750299405054071735196580198438747206782035529524309446564803120675734086197294227911226028126652323783161619365796754653422265888609672823097075849211028437567911642590207810234505098460228490834997007071320989461240581035891729367510383081266478083989514287831203619,55950970790987763802739576371465047675387909697228555608894874297870812689663852304475046253143507797844364051336132264525278555879744522879551328998776599321061718077601297620209408626211410509182496620773763322067717757643514406997446938154221512266394683/1055856534180333713750299405054071735196580198438747206782035529524309446564803120675734086197294227911226028126652323783161619365796754653422265888609672823097075849211028437567911642590207810234505098460228490834997007071320989461240581035891729367510383081266478083989514287831203619,55950970790987763802739576371465047675387909697228555608894874297870812689663852304475046253143507797844364051336132264525278555879744522879551328998776599321061718077601297620209408626211410509182496620773763322067717757643514406997446938154221512266394683/1055856534180333713750299405054071735196580198438747206782035529524309446564803120675734086197294227911226028126652323783161619365796754653422265888609672823097075849211028437567911642590207810234505098460228490834997007071320989461240581035891729367510383081266478083989514287831203619,0,64,55950970790987763802739576371465047675387909697228555608894874297870812689663852304475046253143507797844364051336132264525278555879744522879551328998776599321061718077601297620209408626211410509182496620773763322067717757643514406997446938154221512266394683/1055856534180333713750299405054071735196580198438747206782035529524309446564803120675734086197294227911226028126652323783161619365796754653422265888609672823097075849211028437567911642590207810234505098460228490834997007071320989461240581035891729367510383081266478083989514287831203619,0
7,4/5,"[1, 0]",1,2/5,32769,primary,source_width,64,64,178039/4194304,48041/1048576,89819/2097152,42767/1048576,0,64,91385/2097152,0
7,4/5,"[1, 0]",1,2/5,32769,control,calibration_radius_upper,64,64,23741429847755135425785/4835703278458516698824704,3474797825638948039997/604462909807314587353088,6092931254408865215539/1208925819614629174706176,1296443428113024532603/302231454903657293676544,0,64,25536975669857229562517/4835703278458516698824704,0
7,4/5,"[1, 0]",1,2/5,32769,control,calibration_squared_error,64,64,685754155897669334631385610347/1329227995784915872903807060280344576,4023397101249453346679043480625/664613997892457936451903530140172288,780731916827328382022070535961/664613997892457936451903530140172288,9846880352260753387915948697/664613997892457936451903530140172288,0,64,1461677145581577520329718159579/664613997892457936451903530140172288,0
7,4/5,"[1, 0]",1,2/5,32769,control,source_acceptance_excess,64,0,,,,,0,64,,64
7,4/5,"[1, 0]",1,2/5,32769,control,source_radius_width,64,0,,,,,0,64,,64
7,4/5,"[1, 0]",1,2/5,32769,control,source_width,64,64,0,0,0,0,0,64,0,0
8,4/5,"[1, 0]",1,9/10,4097,primary,calibration_radius_upper,64,64,23200777810922670422885/4835703278458516698824704,7052986477102084109013/1208925819614629174706176,6003863180347613792057/1208925819614629174706176,2550353310431657402307/604462909807314587353088,0,64,6284789281318208448293/1208925819614629174706176,0
8,4/5,"[1, 0]",1,9/10,4097,primary,calibration_squared_error,64,64,965409745535568309760879584763/2658455991569831745807614120560689152,4124409410772311410977738819265/664613997892457936451903530140172288,1104728473337807333638449488711/1329227995784915872903807060280344576,604541363166476406897737617/166153499473114484112975882535043072,0,64,5204497253338623696841758832349/2658455991569831745807614120560689152,0
8,4/5,"[1, 0]",1,9/10,4097,primary,source_acceptance_excess,64,64,139044812249309113290120827520084283926894913214079394042220743913175803959286553913825174275547598950524297163808424411156304336935793891869663737096022271270373247582722370685789140181346376762195872820385172172766007257378909372366330477246408720906568807825206344127800414748713737272375140847211703185785526340946520243145884976470649190769783029116733800276750803455948391681701684612163029307439431593109587427/281240341115919696663437171825802662396779883380859543378131223088090262533970732125223102114735610308756728486587074481377071537630045539341540132218766451532351315651697165435349701255393063714660335202327368782143891115364743973060108381762342509745367598531792997973403009602555836526523653431787573139865900174774228131184631396189006962068580894929991202286915519876405592536211559948003067626389412277905928277196800,37833586332113697051754759864725658615337749271129012628043928615390070194993193163202771541206398632205642983072255710180637219783573971056554879619113509307480063577291654462250850467640358386871125592651496563981288086957827302599319324592410675000323221055219254473546489037467609242723090468910997917122009398930912895822688715241976189/32122913068751407133018555925241886683483390969695041688080176086225730444417262420054711262869532175470848578628186725403359972841246343405945396494841686707122009452136544260152287801320277059820291875572720781010188960774950407869695006005255414390437992103580555949192592763481143210536626427206319882529437957173696237860213522577783940710400,106874393130528241016800474518543910683493934400989119403559301153448830102694302663524357666781331314277048813595125168885026931642069322772920177604676951763369071549435205931687013391358132372350075108251381325883119395804316211022908654434525379824038643823979028190087547141225243040370200758574559086893853018706911992702741471469927222326998956562755047591199713811814276094704985373118867247793163004970827981/158827816897986159448125635872506080549079749751664651052641338218643322938107107282482492423904172190396463047056260100702754058765359494340504113580047501165935853917361877761947162776212291623099706841157714603115709859588640175798454521236310067158927632637649942972937986816738744671723992902244385895814789720893206289021847891629711900949961965977104853632786331523939417128321274218684706366533489477671976540569600,3027208146925194967551520883660008658632988622798479119228410215207754601975509461981874413366841920587956084989475419564670594443880807804592799841390952593255327425261348377753151574551501442046377381949386325661521633711033902548588694857195621443166343767690081643688231516545191490275560029519955465726766919941066096055189902049853712753/96926082660858788448215418848731255163709326458944956026118211744394616480830615919616455191277578258007962970453351221265408525664639060840433176734680474815930563413823991360346647340366885538193438135444381907809082719393923521319972491833412094975948677743068061232839425100923564920080420122198786479202757699581107557291291826497526796648448000,0,64,1095993449163475932052113017513303362129208529538186793669672565930521847647806455531136247866044910044191138385953305441358675276656710473942967189496820097904244897895878552360685652098397646453676615263143670889994507852262099350465371358044760798495094834511711081209579992567388346160858906150461683371957294501253973572533536943020380586701002109257208470696469621235013087244833140403841043130450151237453401/1270864796486418533860942264542901304221301248524287677415325354218378182057588821106645856920926830131302357152792368162503593109449616576165564031888817235993787535286161094743377110053256248794181400048707676747929666635496634580476610418780564252672828712723133243599722850182288673735192398498751680642133400261327788692555861384021291479634026847002491371882190930717038635014090656339172792634924948502492177498112,0
8,4/5,"[1, 0]",1,9/10,4097,primary,source_radius_width,64,64,18145727887509427077928459513815922257289842054211981216944075987018584202541246259295300754241810917526170345937841172857348114886906490471518600783302418991166058728593459195652178234477613306609966701845101539044796359229478959974054805508599141529999534857/38933603892109175684033821794398235828360586743097901556009196818416391045041800899836369213449435317623776268696200750060939754264981037633557643967157159939482445211910653072079621336717143782287721812066893987982786660426881535051555629749470648921507194291919171380761355013884293250,18145727887509427077928459513815922257289842054211981216944075987018584202541246259295300754241810917526170345937841172857348114886906490471518600783302418991166058728593459195652178234477613306609966701845101539044796359229478959974054805508599141529999534857/38933603892109175684033821794398235828360586743097901556009196818416391045041800899836369213449435317623776268696200750060939754264981037633557643967157159939482445211910653072079621336717143782287721812066893987982786660426881535051555629749470648921507194291919171380761355013884293250,18145727887509427077928459513815922257289842054211981216944075987018584202541246259295300754241810917526170345937841172857348114886906490471518600783302418991166058728593459195652178234477613306609966701845101539044796359229478959974054805508599141529999534857/38933603892109175684033821794398235828360586743097901556009196818416391045041800899836369213449435317623776268696200750060939754264981037633557643967157159939482445211910653072079621336717143782287721812066893987982786660426881535051555629749470648921507194291919171380761355013884293250,18145727887509427077928459513815922257289842054211981216944075987018584202541246259295300754241810917526170345937841172857348114886906490471518600783302418991166058728593459195652178234477613306609966701845101539044796359229478959974054805508599141529999534857/38933603892109175684033821794398235828360586743097901556009196818416391045041800899836369213449435317623776268696200750060939754264981037633557643967157159939482445211910653072079621336717143782287721812066893987982786660426881535051555629749470648921507194291919171380761355013884293250,0,64,18145727887509427077928459513815922257289842054211981216944075987018584202541246259295300754241810917526170345937841172857348114886906490471518600783302418991166058728593459195652178234477613306609966701845101539044796359229478959974054805508599141529999534857/38933603892109175684033821794398235828360586743097901556009196818416391045041800899836369213449435317623776268696200750060939754264981037633557643967157159939482445211910653072079621336717143782287721812066893987982786660426881535051555629749470648921507194291919171380761355013884293250,0
8,4/5,"[1, 0]",1,9/10,4097,primary,source_width,64,64,553561/4194304,50247/262144,147683/1048576,126797/1048576,0,64,308305/2097152,0
8,4/5,"[1, 0]",1,9/10,4097,control,calibration_radius_upper,64,64,23200777810922670422885/4835703278458516698824704,7052986477102084109013/1208925819614629174706176,6003863180347613792057/1208925819614629174706176,2550353310431657402307/604462909807314587353088,0,64,6284789281318208448293/1208925819614629174706176,0
8,4/5,"[1, 0]",1,9/10,4097,control,calibration_squared_error,64,64,965409745535568309760879584763/2658455991569831745807614120560689152,4124409410772311410977738819265/664613997892457936451903530140172288,1104728473337807333638449488711/1329227995784915872903807060280344576,604541363166476406897737617/166153499473114484112975882535043072,0,64,5204497253338623696841758832349/2658455991569831745807614120560689152,0
8,4/5,"[1, 0]",1,9/10,4097,control,source_acceptance_excess,64,0,,,,,0,64,,64
8,4/5,"[1, 0]",1,9/10,4097,control,source_radius_width,64,0,,,,,0,64,,64
8,4/5,"[1, 0]",1,9/10,4097,control,source_width,64,64,0,0,0,0,0,64,0,0
8,4/5,"[1, 0]",1,9/10,32769,primary,calibration_radius_upper,64,64,23200777810922670422885/4835703278458516698824704,7052986477102084109013/1208925819614629174706176,6003863180347613792057/1208925819614629174706176,2550353310431657402307/604462909807314587353088,0,64,6284789281318208448293/1208925819614629174706176,0
8,4/5,"[1, 0]",1,9/10,32769,primary,calibration_squared_error,64,64,965409745535568309760879584763/2658455991569831745807614120560689152,4124409410772311410977738819265/664613997892457936451903530140172288,1104728473337807333638449488711/1329227995784915872903807060280344576,604541363166476406897737617/166153499473114484112975882535043072,0,64,5204497253338623696841758832349/2658455991569831745807614120560689152,0
8,4/5,"[1, 0]",1,9/10,32769,primary,source_acceptance_excess,64,64,2729152305808101214215854588318077721985347520051725571434727421434435681218621071464000849682130850361207190084730015309271497001345098792436012313010488435771104788365679294881672035417296504490823340867107940393038766460580266821115539989878432008394692386940953225891878366652355950974068170085503508381030685379787911444462074286872713867259353822859504816593613018372669762199642371975553802566935016525020463/5512804930824698464467519366043725773326129968034596335809640351164851792728536302216938569855366714689428960092536030803251394417029601543273066318893339100885778838121358398289505405292283505109135438307010312910916654142527135456786634667155724898871988193466209956940057925220937051448643429703225573051265911970454586756896431043433547151805956445801060981244202146018766290284363156981562960394996557042551462297600,2739925219491427060527793508534878709150393677355318330431683924858375683802541951789085167671521989256366848414606622190423116337875444213834656748325494563907069112575443962597813856687254372501587668505495405254233363743589654968117817020068129703039673630633278619670834993663489580313456142736062835777218497163505954217776704088417/2643956089089680273020163794179596612610501804392615771622077840274845476570187052771978124196977660456592587595719960721846590777282425306201954488154215742268602129447253484935309258296912157081289486053774646321040500548085387973055773604592043630386373535582533412014939802363167103565900973700751614886285220864229608215609075826268569600,857824832941957578863274814046896631249954914514765331493535874479251418811381934796208064747495627155843239224508109720464361044833956083958271098603459080586680027707041706437522058061769931568769806968378954895146729084742428866839130620634689055873484918423917221377974438852476912358944708397044424584501651976101062791799691659881124504061938135781892886572319478037046167950939207311343257802438276746256461022471233/1267205613343065721307479389736216465137202560098611961932216386004196324137103593293594311057975992043857032987121228144474876340140660648873097271187757686773171680383664592829345992766579753162380196390215362049003401637176721080333238185102272373939886223619536596056804986006033401313324987232030470321540276142182185692055267689405190483679415573312423693165555588312508348493717315868967390705880919464328719109180306227200,79858703158232450154634909685141344009762279857566719079108470936878303441421223419224746860991230658405002817209870484300936197526680351711304286827494388262839814784803835580647212041851785022908985658664737059017886136419471604980405827012789157553432021367908453968890310510264045603958955522839998386133100466189973004166875982493761343/570713597992323127311060891870089166013894546652275337722184436462430589108679322885300267520802335936679633498028591410391630836977612102766212513216122710391169281020718755945515930486645887278708123377651060649724527539795633399462041068170502409701800405270449138000324482448229929246137304601705017313968759394174291451512377257187621208064000,0,64,8815991815042495808156330584775031640853389547008212921846690214213486743567521949600178858030203706802597454386547395919951600505954134804287585808507825806244550397598937094998089045956923276679856262224877722219983256344838096334581174462658537599753413234509896823855009277231132831316367081361026931138266458555528423735341911493558053832746817995964794787658512676331982813952912456234782890515499259960664610386527/10504782462018089394200942102471718424536063672128405292535860507429603796039180180059406856249767971215409767504950419890710556167009264780585177485765675179610362759623832353548740001092589131731146982161457670050543434395691339475256801259522177649768436766540329358179935183442911954500399570304166410538488303461055865495473447968022360432860016253490487715394517996690427662775483602907741461078080818187312356114206556160,0
8,4/5,"[1, 0]",1,9/10,32769,primary,source_radius_width,64,64,55950970790987763802739576371465047675387909697228555608894874297870812689663852304475046253143507797844364051336132264525278555879744522879551328998776599321061718077601297620209408626211410509182496620773763322067717757643514406997446938154221512266394683/1055856534180333713750299405054071735196580198438747206782035529524309446564803120675734086197294227911226028126652323783161619365796754653422265888609672823097075849211028437567911642590207810234505098460228490834997007071320989461240581035891729367510383081266478083989514287831203619,55950970790987763802739576371465047675387909697228555608894874297870812689663852304475046253143507797844364051336132264525278555879744522879551328998776599321061718077601297620209408626211410509182496620773763322067717757643514406997446938154221512266394683/1055856534180333713750299405054071735196580198438747206782035529524309446564803120675734086197294227911226028126652323783161619365796754653422265888609672823097075849211028437567911642590207810234505098460228490834997007071320989461240581035891729367510383081266478083989514287831203619,55950970790987763802739576371465047675387909697228555608894874297870812689663852304475046253143507797844364051336132264525278555879744522879551328998776599321061718077601297620209408626211410509182496620773763322067717757643514406997446938154221512266394683/1055856534180333713750299405054071735196580198438747206782035529524309446564803120675734086197294227911226028126652323783161619365796754653422265888609672823097075849211028437567911642590207810234505098460228490834997007071320989461240581035891729367510383081266478083989514287831203619,55950970790987763802739576371465047675387909697228555608894874297870812689663852304475046253143507797844364051336132264525278555879744522879551328998776599321061718077601297620209408626211410509182496620773763322067717757643514406997446938154221512266394683/1055856534180333713750299405054071735196580198438747206782035529524309446564803120675734086197294227911226028126652323783161619365796754653422265888609672823097075849211028437567911642590207810234505098460228490834997007071320989461240581035891729367510383081266478083989514287831203619,0,64,55950970790987763802739576371465047675387909697228555608894874297870812689663852304475046253143507797844364051336132264525278555879744522879551328998776599321061718077601297620209408626211410509182496620773763322067717757643514406997446938154221512266394683/1055856534180333713750299405054071735196580198438747206782035529524309446564803120675734086197294227911226028126652323783161619365796754653422265888609672823097075849211028437567911642590207810234505098460228490834997007071320989461240581035891729367510383081266478083989514287831203619,0
8,4/5,"[1, 0]",1,9/10,32769,primary,source_width,64,64,176147/4194304,47693/1048576,44797/1048576,2647/65536,0,64,91039/2097152,0
8,4/5,"[1, 0]",1,9/10,32769,control,calibration_radius_upper,64,64,23200777810922670422885/4835703278458516698824704,7052986477102084109013/1208925819614629174706176,6003863180347613792057/1208925819614629174706176,2550353310431657402307/604462909807314587353088,0,64,6284789281318208448293/1208925819614629174706176,0
8,4/5,"[1, 0]",1,9/10,32769,control,calibration_squared_error,64,64,965409745535568309760879584763/2658455991569831745807614120560689152,4124409410772311410977738819265/664613997892457936451903530140172288,1104728473337807333638449488711/1329227995784915872903807060280344576,604541363166476406897737617/166153499473114484112975882535043072,0,64,5204497253338623696841758832349/2658455991569831745807614120560689152,0
8,4/5,"[1, 0]",1,9/10,32769,control,source_acceptance_excess,64,0,,,,,0,64,,64
8,4/5,"[1, 0]",1,9/10,32769,control,source_radius_width,64,0,,,,,0,64,,64
8,4/5,"[1, 0]",1,9/10,32769,control,source_width,64,64,0,0,0,0,0,64,0,0
9,4/5,"[1, 1/10]",0,9/10,4097,primary,calibration_radius_upper,64,63,5624038713643827059013/1208925819614629174706176,7054574361327179286945/1208925819614629174706176,6033561249710825708605/1208925819614629174706176,5056690907132990163699/1208925819614629174706176,0,64,12707139932567809354645/2417851639229258349412352,1
9,4/5,"[1, 1/10]",0,9/10,4097,primary,calibration_squared_error,64,63,2284970227417153321775164286053/4153837486827862102824397063376076800,86944433262850918637357732651197/16615349947311448411297588253504307200,18791026151205120820528863687577/16615349947311448411297588253504307200,802052366705530639579588642217/16615349947311448411297588253504307200,0,64,39199643320606759131504997141797/16615349947311448411297588253504307200,1
9,4/5,"[1, 1/10]",0,9/10,4097,primary,source_acceptance_excess,64,64,4906679129357643374732671125566925846053511231422105112445696310520923126938102433474571643811471265597278165107697176633957448901670435426839088939037214095852516121529388863196025001147480928430448881291395274007512941508082364851539005845583676730533996646049171400305565550666407886227816014764401141071959373466169950953831947080699761517659932319981185664663484308422685154863845742457440575413581728626281297/12655241755104716555042104215727075718088030385877650352961979417185566079426402100080402148856801999808516944161758977769922418846693417635488732544667187270287327001085892119956313285482033772206673209668760995754289731875919781785365127254757344090942747046958030295761503380591152513162518712850639382322566308880123312194697459244229736548813891375266096790052166527161489292187575995650465264228668079422367743344640,7441426711953596909579604974918487267282501261403331663932750548349573716477466191854870570833255957747477885552274652083148133343014467755850557931671618921615860932129781411240893558784544944479673061973812918789726200975847189296741780384743247208829210488382527516777177476573495445211553932173659106094772977352106899579374070467543765377/6163715652729974181673058530263945391409511075500775268490761211698153300224161959280157450712151573591430286303903135440137721255034023137922136277065995733030820097217129228626665289973640880148467984302439059467510932285451337877720423081887266679645427824686666469056804501733862664100992330139828981614732459371776675321578067056051367392051200,1229589360301743556794634905845117304454026604682996443071321545623095294626217340327527750729624501936437910087776710577329004416485575848127220113618528201955025694346980515895338799452998588247300563013714989942821741312687698070592870006117014252007004844352468216959864455145591909553299761646702477938757710019492121864303457523003419240120505067999889773898604671511908681263865310765734096123528339365944039593/2086754526194334201289308787753103697858439727040213015188449510265242432904047526032215711900514285697071454470231108966890747211434110568168023487026326133991455352192246189736201571144405369033623361803143611083745496715281336179293453463111909190570257267746541729271665052895353030934950326654321577609321554972362766649830738321785708125407500347024326766669489646406650202830628607674229337904044594820616131759308800,322644413281389524063413573360021525149568291140179920552125091329165578330679509355903977734600683828012510340207431430323800775675784245421828481634101873745914410439859137935077546294400080259549066805318262818578016554241106524295682086836746336364379134912606223458817325604337973897457003154584511721363138295066515407167349964611349183/4395684067810285399111062671085543084810515884662813516184042386164397838008836266758182328082739056807855567505191384472930153287384969221887104930824429768575576865379007648135863903044532082375498690857229468258964388396311511321288843712622027067816850441919659236418054106475102095532475231343026040921306001208013565134584721047117088927252480,0,64,4431708969883981213637678304050675504089433205522128134718952233816819432188144947897442189098541096128541246659571943546908066369460829185683178466007718960863987222790492270300758317348743600328540140007667136086189174327134884291403396131704532610796508501928474022062432656742210448258432188493193754166961083276484680764810350625299345159536737860770472754140827327301370405370863405406989802446527913453064217/5146700625549867992767695996950122385488794219001153052215513487818821687389090229745024205854720024044180367586150823052062458457822165350784339000191054869757119975768381221863395625892003195632053408997932420785960092904651439439887206692406797573562341072003758401634667337240925451957798976291675165527814514241815947004189145942375934049462711302335964883025366524207925043207254957819894446785644025338734313472000,0
9,4/5,"[1, 1/10]",0,9/10,4097,primary,source_radius_width,64,64,18145727887509427077928459513815922257289842054211981216944075987018584202541246259295300754241810917526170345937841172857348114886906490471518600783302418991166058728593459195652178234477613306609966701845101539044796359229478959974054805508599141529999534857/38933603892109175684033821794398235828360586743097901556009196818416391045041800899836369213449435317623776268696200750060939754264981037633557643967157159939482445211910653072079621336717143782287721812066893987982786660426881535051555629749470648921507194291919171380761355013884293250,18145727887509427077928459513815922257289842054211981216944075987018584202541246259295300754241810917526170345937841172857348114886906490471518600783302418991166058728593459195652178234477613306609966701845101539044796359229478959974054805508599141529999534857/38933603892109175684033821794398235828360586743097901556009196818416391045041800899836369213449435317623776268696200750060939754264981037633557643967157159939482445211910653072079621336717143782287721812066893987982786660426881535051555629749470648921507194291919171380761355013884293250,18145727887509427077928459513815922257289842054211981216944075987018584202541246259295300754241810917526170345937841172857348114886906490471518600783302418991166058728593459195652178234477613306609966701845101539044796359229478959974054805508599141529999534857/38933603892109175684033821794398235828360586743097901556009196818416391045041800899836369213449435317623776268696200750060939754264981037633557643967157159939482445211910653072079621336717143782287721812066893987982786660426881535051555629749470648921507194291919171380761355013884293250,18145727887509427077928459513815922257289842054211981216944075987018584202541246259295300754241810917526170345937841172857348114886906490471518600783302418991166058728593459195652178234477613306609966701845101539044796359229478959974054805508599141529999534857/38933603892109175684033821794398235828360586743097901556009196818416391045041800899836369213449435317623776268696200750060939754264981037633557643967157159939482445211910653072079621336717143782287721812066893987982786660426881535051555629749470648921507194291919171380761355013884293250,0,64,18145727887509427077928459513815922257289842054211981216944075987018584202541246259295300754241810917526170345937841172857348114886906490471518600783302418991166058728593459195652178234477613306609966701845101539044796359229478959974054805508599141529999534857/38933603892109175684033821794398235828360586743097901556009196818416391045041800899836369213449435317623776268696200750060939754264981037633557643967157159939482445211910653072079621336717143782287721812066893987982786660426881535051555629749470648921507194291919171380761355013884293250,0
9,4/5,"[1, 1/10]",0,9/10,4097,primary,source_width,64,64,277055/2097152,228841/1048576,147929/1048576,115819/1048576,0,64,78853/524288,0
9,4/5,"[1, 1/10]",0,9/10,4097,control,calibration_radius_upper,64,64,2814590326730927915437/604462909807314587353088,7054574361327179286945/1208925819614629174706176,12084299725435522813055/2417851639229258349412352,5056690907132990163699/1208925819614629174706176,0,64,25468766669083221836121/4835703278458516698824704,0
9,4/5,"[1, 1/10]",0,9/10,4097,control,calibration_squared_error,64,64,4617865523783998596934331946311/8307674973655724205648794126752153600,86944433262850918637357732651197/16615349947311448411297588253504307200,18870925456028082511305071108767/16615349947311448411297588253504307200,802052366705530639579588642217/16615349947311448411297588253504307200,0,64,37834436832951271107623243455567/16615349947311448411297588253504307200,0
9,4/5,"[1, 1/10]",0,9/10,4097,control,source_acceptance_excess,64,0,,,,,0,64,,64
9,4/5,"[1, 1/10]",0,9/10,4097,control,source_radius_width,64,0,,,,,0,64,,64
9,4/5,"[1, 1/10]",0,9/10,4097,control,source_width,64,64,0,0,0,0,0,64,0,0
9,4/5,"[1, 1/10]",0,9/10,32769,primary,calibration_radius_upper,64,64,2814590326730927915437/604462909807314587353088,7054574361327179286945/1208925819614629174706176,12084299725435522813055/2417851639229258349412352,5056690907132990163699/1208925819614629174706176,0,64,25468766669083221836121/4835703278458516698824704,0
9,4/5,"[1, 1/10]",0,9/10,32769,primary,calibration_squared_error,64,64,4617865523783998596934331946311/8307674973655724205648794126752153600,86944433262850918637357732651197/16615349947311448411297588253504307200,18870925456028082511305071108767/16615349947311448411297588253504307200,802052366705530639579588642217/16615349947311448411297588253504307200,0,64,37834436832951271107623243455567/16615349947311448411297588253504307200,0
9,4/5,"[1, 1/10]",0,9/10,32769,primary,source_acceptance_excess,64,64,73928172160953610540312361338179541784685527769604756409310958702201772080451123902247005455617025624677446442071162072828777837889050355390714961293375527645171993096195253179701383512142941981852910803184031824123686245519629878719741696781392992841168411330999630594965017904805948055175398816812154958522040874868106170873663332799897466122739706369744354803965014143972218017521995116162623807134331849682800289439577113/127893369053016793441397237729674383802865350659872405131711756402442553213050331628497769173217436412649151696468129300861864146384953475617498159528145660300484957956898518099799491082328569188298334841085451435128782925795303522037368886858891084910863228751513366695618475308315594860682964940606933541278190194442198186826333370225049474927319236975687236862698091428723671056464136622701359441902378698578296026826051210444800,2794097013774251548720496352934139569511219203637786327966555935839563898221251460373516643885457763003330872903175612660451892481642808856502940819888686460022394572846949381566575958259146986364095074358915996256045497431464958993315034196857007886594259982022708051352092873867774779307484347078178436919128667812548672687446354664841434429109/2676600508021435442950765629963376960916957251747774711412998171756354754381236545763107539274026265024786984590154071698572994511808870427753413490749990637497188900408372426011841839509954441068111117416006365560235175106442322002542352844378145710516877796703964362794528941260006668299764614222570325131907301652004820932811925871570954971040972800,163465711974836891480452218842460129688268976993524613739481412880652191890752042792712383979721289839324769218096026609548167686161275047321676204086600214677560759734374347768171578829417204412879395324493721257695685797075701341990264955433489895719269892251888744625985952687439288594422579035366811724618877024295247996120520358823840524745552245593354605943313917039830495632045738168302160352605397263512170642617/233151375238387765732966093062056649446195103534055018667244726822434698518454129330098608981473757562338584391807888639335088391187162770570282689610135108897594452770466308255392520194625905310857749397932028310010863664528784395846517842815272523530445113900855409912237949330847826984568687792654650104177852495890278395345528133452304270360742354899374299762732409970022638673640590527667553634348808988067467406344192000,52929146239111499476108847764875358011707713712033228507765368876130202686974323362312553140997156315327985600539464779082132939535547214287537489302108632620828662677210704323658453020417066251913737861041413874433192638475745676503650269489866194164419991838644342910942720505945717768275285309755320446788139826743476774775404978173467167083839/801874640292099744248687495710538688494272886691884018742520792624850609606010687729233918859512464119616905888438099926464910357749158740793105953350792733802377566211924156432195984245287363169520509002227094739986382356922153254586937541352866465795594425216388360723149433325676511955108555892880925899902839249300983594262808864466618614524202188800,0,64,599017960025022183299643225309382943652484648965733348614427591795006842087588508304387391533308022548138899459385144553740066131008422224079211640148933497029424378159532471882494682006948413715797038924408626666660191749752296354265983250854891431191823082107021516386503995032756516408205341758320917343937023189644954741368066814756525736004891429068037509041894347471619858666752722480658430677564584772176170016330443/751217598152585161547834645131452505261530817753765767271924456946448290802083882258281529089233784573830446874942086938059348971557116354639670744797892260333088445537719618577570274235190047966111946573807990487379697260364240017908819881894256547184898708731303839051997545437828016880853425329673331674152888831465846533936340712385605981276468295254010897855879482743836797468268978007738009030113015977172730686948664934400,0
9,4/5,"[1, 1/10]",0,9/10,32769,primary,source_radius_width,64,64,55950970790987763802739576371465047675387909697228555608894874297870812689663852304475046253143507797844364051336132264525278555879744522879551328998776599321061718077601297620209408626211410509182496620773763322067717757643514406997446938154221512266394683/1055856534180333713750299405054071735196580198438747206782035529524309446564803120675734086197294227911226028126652323783161619365796754653422265888609672823097075849211028437567911642590207810234505098460228490834997007071320989461240581035891729367510383081266478083989514287831203619,55950970790987763802739576371465047675387909697228555608894874297870812689663852304475046253143507797844364051336132264525278555879744522879551328998776599321061718077601297620209408626211410509182496620773763322067717757643514406997446938154221512266394683/1055856534180333713750299405054071735196580198438747206782035529524309446564803120675734086197294227911226028126652323783161619365796754653422265888609672823097075849211028437567911642590207810234505098460228490834997007071320989461240581035891729367510383081266478083989514287831203619,55950970790987763802739576371465047675387909697228555608894874297870812689663852304475046253143507797844364051336132264525278555879744522879551328998776599321061718077601297620209408626211410509182496620773763322067717757643514406997446938154221512266394683/1055856534180333713750299405054071735196580198438747206782035529524309446564803120675734086197294227911226028126652323783161619365796754653422265888609672823097075849211028437567911642590207810234505098460228490834997007071320989461240581035891729367510383081266478083989514287831203619,55950970790987763802739576371465047675387909697228555608894874297870812689663852304475046253143507797844364051336132264525278555879744522879551328998776599321061718077601297620209408626211410509182496620773763322067717757643514406997446938154221512266394683/1055856534180333713750299405054071735196580198438747206782035529524309446564803120675734086197294227911226028126652323783161619365796754653422265888609672823097075849211028437567911642590207810234505098460228490834997007071320989461240581035891729367510383081266478083989514287831203619,0,64,55950970790987763802739576371465047675387909697228555608894874297870812689663852304475046253143507797844364051336132264525278555879744522879551328998776599321061718077601297620209408626211410509182496620773763322067717757643514406997446938154221512266394683/1055856534180333713750299405054071735196580198438747206782035529524309446564803120675734086197294227911226028126652323783161619365796754653422265888609672823097075849211028437567911642590207810234505098460228490834997007071320989461240581035891729367510383081266478083989514287831203619,0
9,4/5,"[1, 1/10]",0,9/10,32769,primary,source_width,64,64,175781/4194304,23809/524288,88779/2097152,42313/1048576,0,64,90629/2097152,0
9,4/5,"[1, 1/10]",0,9/10,32769,control,calibration_radius_upper,64,64,2814590326730927915437/604462909807314587353088,7054574361327179286945/1208925819614629174706176,12084299725435522813055/2417851639229258349412352,5056690907132990163699/1208925819614629174706176,0,64,25468766669083221836121/4835703278458516698824704,0
9,4/5,"[1, 1/10]",0,9/10,32769,control,calibration_squared_error,64,64,4617865523783998596934331946311/8307674973655724205648794126752153600,86944433262850918637357732651197/16615349947311448411297588253504307200,18870925456028082511305071108767/16615349947311448411297588253504307200,802052366705530639579588642217/16615349947311448411297588253504307200,0,64,37834436832951271107623243455567/16615349947311448411297588253504307200,0
9,4/5,"[1, 1/10]",0,9/10,32769,control,source_acceptance_excess,64,0,,,,,0,64,,64
9,4/5,"[1, 1/10]",0,9/10,32769,control,source_radius_width,64,0,,,,,0,64,,64
9,4/5,"[1, 1/10]",0,9/10,32769,control,source_width,64,64,0,0,0,0,0,64,0,0
10,4/5,"[1, 1/10]",1,2/5,4097,primary,calibration_radius_upper,64,64,730303064255465752871/151115727451828646838272,6931908198878461289611/1208925819614629174706176,12153982521552538540245/2417851639229258349412352,5211809239854721927537/1208925819614629174706176,0,64,6313382121503333185295/1208925819614629174706176,0
10,4/5,"[1, 1/10]",1,2/5,4097,primary,calibration_squared_error,64,64,2151447410632196529589749360211/8307674973655724205648794126752153600,8867560481976904774148794869217/1038459371706965525706099265844019200,12544587813866645468431154693627/16615349947311448411297588253504307200,21669179704939354608957440033/4153837486827862102824397063376076800,0,64,29703669252912556427626320752507/16615349947311448411297588253504307200,0
10,4/5,"[1, 1/10]",1,2/5,4097,primary,source_acceptance_excess,64,64,134874343008764349853830824195473460233669716223370396160398205535284131516907554422813114758709992647587526345164654777950787252145079531079732079164225617494475477523537329604364480646622219926326608992016365283037345177246404390163225816366355198688968509234090067663242221104120746848187681970794576721480355998510128874276981696361274090830100105849963772392332231194037144404202847562334452398269024372219369/389692074041795468017705854465628152019140189498163012464670235462205461795719717162301910724964760876992284643921662900649746347240467386262495190679523819815759243663878597746129669671004503534043062187596172751981010804536639346562735325362977186565771036636080143242388688369169476812746069010085497790014426833883334542736897442268537633695044581048867990670520228686178051461079782539263479621363363573178931609600,1059778537641403292706482730222094053272387364583336592593394097105580848941786777530218310702238136496377345273930220945325463284496848901744007356272186843025693605845271385663352500723310750504814978541885672726911239553651304281115178473241238024798827243427366615994218470309753419767426237759418968423102022434788533862825561560547/886753614015593737195859706635271595326387070495348407760572597120831968002361451284005968696244184375288871252786408327903943450679319626054245877191949497189628590545715631150627719507489385537954582922463410858794449150523171543543778177562357130984810569635702815336573642181050970214757704201187385694666634582972774306499128000356810752,45305123532671411203275308578429487760072371737733266611308131151834569812616529472022114057478527650384116088167982448283386921574052298066622946667167128058387348940266653751374838381172122225826527108677675493828525736603414676441906708827670119702991679058622894009259227936475584016187941641127878775927906926134657692380370924797662903106235712916200820531542669497345156239959230299628835872283245212799402583/70143309272299707712445749565925194540319190551472222914100115908594570188353177638118055505177964373698456804473045288639354606988828952260291730324680779433543256046283014303556318496579895558552366388267946398191790015644012305897933935472847425748763007842249922318849054062795033215559042051303590112464932305931111695742832889679704433930853149500076557274508351770681455412933111985062123886699449519540462818426880,14299255675146774049438802937142175794901708125698570929635938410932894044194803690929941126619785256043262631884570840101652444336926658466148067070058144924401304396647820186356277941165747001046769586429480601179935293532614691374174052553355404946504406826094955644847712327491539472052548394191585472201110867460236772782125973323475997/124662087682994581015255263853901814296132278651355095128181486699149236466469759145550933198300053808697442357933605632765654046002027737322753369533651128846556308230994400731923640910206496850020996716917506722854884558077822983945037913142872425657044621998274511704753894759493980392413950270234612594801283049555898817682441165575912056422400,0,64,1866042987634869980002064960673434649432144791954788192441313425291412991269775423405244359717172225174989361753202446797039618572924913417030522227817405675595600332918864323581618303000486534239059727201462825446385927888472793757833774308928589365269608785825409007302065124265255648112788834519012871635942107603188451548851660291761770036182288156354982557834643589650474350119029960222338439349805681206136294517/2171784215006564000018608779050455232198095485231906268882827902907527610154042651231531055853562890473596327055916728690053217816119055187382262657434151188505480370148647125374712941313417251487727403393859389070424945242621757354724109811340239960973619288884777314605584075950500842365198763672405385987932099226697229698079926721056557189587370324530554700669115824616554844743536615297961520082197094501551622743654400,0
10,4/5,"[1, 1/10]",1,2/5,4097,primary,source_radius_width,64,64,18145727887509427077928459513815922257289842054211981216944075987018584202541246259295300754241810917526170345937841172857348114886906490471518600783302418991166058728593459195652178234477613306609966701845101539044796359229478959974054805508599141529999534857/38933603892109175684033821794398235828360586743097901556009196818416391045041800899836369213449435317623776268696200750060939754264981037633557643967157159939482445211910653072079621336717143782287721812066893987982786660426881535051555629749470648921507194291919171380761355013884293250,18145727887509427077928459513815922257289842054211981216944075987018584202541246259295300754241810917526170345937841172857348114886906490471518600783302418991166058728593459195652178234477613306609966701845101539044796359229478959974054805508599141529999534857/38933603892109175684033821794398235828360586743097901556009196818416391045041800899836369213449435317623776268696200750060939754264981037633557643967157159939482445211910653072079621336717143782287721812066893987982786660426881535051555629749470648921507194291919171380761355013884293250,18145727887509427077928459513815922257289842054211981216944075987018584202541246259295300754241810917526170345937841172857348114886906490471518600783302418991166058728593459195652178234477613306609966701845101539044796359229478959974054805508599141529999534857/38933603892109175684033821794398235828360586743097901556009196818416391045041800899836369213449435317623776268696200750060939754264981037633557643967157159939482445211910653072079621336717143782287721812066893987982786660426881535051555629749470648921507194291919171380761355013884293250,18145727887509427077928459513815922257289842054211981216944075987018584202541246259295300754241810917526170345937841172857348114886906490471518600783302418991166058728593459195652178234477613306609966701845101539044796359229478959974054805508599141529999534857/38933603892109175684033821794398235828360586743097901556009196818416391045041800899836369213449435317623776268696200750060939754264981037633557643967157159939482445211910653072079621336717143782287721812066893987982786660426881535051555629749470648921507194291919171380761355013884293250,0,64,18145727887509427077928459513815922257289842054211981216944075987018584202541246259295300754241810917526170345937841172857348114886906490471518600783302418991166058728593459195652178234477613306609966701845101539044796359229478959974054805508599141529999534857/38933603892109175684033821794398235828360586743097901556009196818416391045041800899836369213449435317623776268696200750060939754264981037633557643967157159939482445211910653072079621336717143782287721812066893987982786660426881535051555629749470648921507194291919171380761355013884293250,0
10,4/5,"[1, 1/10]",1,2/5,4097,primary,source_width,64,64,271011/2097152,104399/524288,288269/2097152,3855/32768,0,64,629767/4194304,0
10,4/5,"[1, 1/10]",1,2/5,4097,control,calibration_radius_upper,64,64,730303064255465752871/151115727451828646838272,6931908198878461289611/1208925819614629174706176,12153982521552538540245/2417851639229258349412352,5211809239854721927537/1208925819614629174706176,0,64,6313382121503333185295/1208925819614629174706176,0
10,4/5,"[1, 1/10]",1,2/5,4097,control,calibration_squared_error,64,64,2151447410632196529589749360211/8307674973655724205648794126752153600,8867560481976904774148794869217/1038459371706965525706099265844019200,12544587813866645468431154693627/16615349947311448411297588253504307200,21669179704939354608957440033/4153837486827862102824397063376076800,0,64,29703669252912556427626320752507/16615349947311448411297588253504307200,0
10,4/5,"[1, 1/10]",1,2/5,4097,control,source_acceptance_excess,64,0,,,,,0,64,,64
10,4/5,"[1, 1/10]",1,2/5,4097,control,source_radius_width,64,0,,,,,0,64,,64
10,4/5,"[1, 1/10]",1,2/5,4097,control,source_width,64,64,0,0,0,0,0,64,0,0
10,4/5,"[1, 1/10]",1,2/5,32769,primary,calibration_radius_upper,64,64,730303064255465752871/151115727451828646838272,6931908198878461289611/1208925819614629174706176,12153982521552538540245/2417851639229258349412352,5211809239854721927537/1208925819614629174706176,0,64,6313382121503333185295/1208925819614629174706176,0
10,4/5,"[1, 1/10]",1,2/5,32769,primary,calibration_squared_error,64,64,2151447410632196529589749360211/8307674973655724205648794126752153600,8867560481976904774148794869217/1038459371706965525706099265844019200,12544587813866645468431154693627/16615349947311448411297588253504307200,21669179704939354608957440033/4153837486827862102824397063376076800,0,64,29703669252912556427626320752507/16615349947311448411297588253504307200,0
10,4/5,"[1, 1/10]",1,2/5,32769,primary,source_acceptance_excess,64,64,9033366261804175599450554871762695821726409180383119978023650896476548948678404769267398001145460356225476729008325792336840550318666147243172652587505455825936246388053928638929537844497617494197713242952793107936142253680068310709644390134779619208313897586011459634266970790699448906785881492804799465530428932165126262084376913392957677103597405986428002812528523828730061000824612539214516424397613993609145414079/18990863470460442792026649557100134462700263606375803108550682825777989728801198445229682614911257398455080381354966005708778798639670871030091173267771295394262459728722017376099105488875029822078204063018995926803701980723848575659380911814013839492976374415552001362202972313286373064156748326833017208892282401223012182907519973617365448324676522803170499985662985742679055558539071135443384248967498782222214674513920000,571500995023198158496452860078770246932899882495159431624881958779088215135037477780279000035943344806958421792845668362194419770599480404145625083599192946858862332364084816258750524141810352926427493790060062810340721862859232564780297522849108069814842174532879625742999936205543410492231182609446397510748654526157204289331093328952277690099/571574737155050679280931743198212013965145167438688060832526861208089283400308439891493508897248332400668733589296343304608991824550230629577517419820037423884993376248638857610000743115578199649635197044325657647251303191059660888571935154461194665392394903130877318955470062005876661420001782537216168760351010107762113007567532626486178383029862400,2756634728828799767622096510136097946865670321639038151510770660820288347018161818324121975387249047369546997761557181547195772630414612181836955876101470274717186460880914134830561389601075920235049000940503728547345769061935450413779398490361061800621246451028641147205709601351253847276865355551456177787293327949024762520792768221189405434993767139268074223031083747792322140397967066948616361935973183969317383881507/4483062408856698416491227259971806748145296392164187337140786454413864693053844788580947540125526702802724233353319629637971018505921541378224790752148332465332159754605015378530519759487610481938357656791772203694971070016857228887383471146382372878048748948262488010895750302873290356738864737791236362432481106252357465112378565603395562052915135513745422778509542406285474048087949120225403305285013044713482564507218739200,417054708876574996007017303167803920877331880537521444791365337338619460249094672115664089224576606989696227311649914721585082829602228043895444894384342941464663471514705946909605967732460411218413510364035197197651463947839957214346256314978170973356772531964629111931003741073285837701029149084686398498471913147060441497605497350327480840269/2309863784250717586150829468335720263380459501854751122521934896623351739226277465977751358761741632135141351370597041498722543582691751308000527453981507310058273942575428205614576188381608357668159410712274438182200446981044943131430187642942616886867824515601814657857771462939472723547571064528236884967196901907622259454713762886260484124704768000,0,64,9812076016718767097903146418340032106849765614168135596489130797468296220175388667230095796400332600114680458829657877936102512851648760794787220643333038242449293661994134464106926448224756400020835842232312481915385161658492604779567378774528470119459655638515721739096405984026250420185376961522800611139461790830095363402240992816953896244897767957379918100830370966811968837578878610002410983319995555026243188543342227/12533349215387442416821252049630506332484090446918705580226259280042861871087941406419139785521626757898287655346524843016837266999099913748934327527087441817631221957442901030246150174915835147407254231425664934330987468348035364128891801114993823310901984021910061530458382881406859233339944408842662813519836451681978719152406632560711818092379343447797082805140267287267655582593409102337783442106493981140510230584405461565440,0
10,4/5,"[1, 1/10]",1,2/5,32769,primary,source_radius_width,64,64,55950970790987763802739576371465047675387909697228555608894874297870812689663852304475046253143507797844364051336132264525278555879744522879551328998776599321061718077601297620209408626211410509182496620773763322067717757643514406997446938154221512266394683/1055856534180333713750299405054071735196580198438747206782035529524309446564803120675734086197294227911226028126652323783161619365796754653422265888609672823097075849211028437567911642590207810234505098460228490834997007071320989461240581035891729367510383081266478083989514287831203619,55950970790987763802739576371465047675387909697228555608894874297870812689663852304475046253143507797844364051336132264525278555879744522879551328998776599321061718077601297620209408626211410509182496620773763322067717757643514406997446938154221512266394683/1055856534180333713750299405054071735196580198438747206782035529524309446564803120675734086197294227911226028126652323783161619365796754653422265888609672823097075849211028437567911642590207810234505098460228490834997007071320989461240581035891729367510383081266478083989514287831203619,55950970790987763802739576371465047675387909697228555608894874297870812689663852304475046253143507797844364051336132264525278555879744522879551328998776599321061718077601297620209408626211410509182496620773763322067717757643514406997446938154221512266394683/1055856534180333713750299405054071735196580198438747206782035529524309446564803120675734086197294227911226028126652323783161619365796754653422265888609672823097075849211028437567911642590207810234505098460228490834997007071320989461240581035891729367510383081266478083989514287831203619,55950970790987763802739576371465047675387909697228555608894874297870812689663852304475046253143507797844364051336132264525278555879744522879551328998776599321061718077601297620209408626211410509182496620773763322067717757643514406997446938154221512266394683/1055856534180333713750299405054071735196580198438747206782035529524309446564803120675734086197294227911226028126652323783161619365796754653422265888609672823097075849211028437567911642590207810234505098460228490834997007071320989461240581035891729367510383081266478083989514287831203619,0,64,55950970790987763802739576371465047675387909697228555608894874297870812689663852304475046253143507797844364051336132264525278555879744522879551328998776599321061718077601297620209408626211410509182496620773763322067717757643514406997446938154221512266394683/1055856534180333713750299405054071735196580198438747206782035529524309446564803120675734086197294227911226028126652323783161619365796754653422265888609672823097075849211028437567911642590207810234505098460228490834997007071320989461240581035891729367510383081266478083989514287831203619,0
10,4/5,"[1, 1/10]",1,2/5,32769,primary,source_width,64,64,175877/4194304,46657/1048576,44633/1048576,10649/262144,0,64,22589/524288,0
10,4/5,"[1, 1/10]",1,2/5,32769,control,calibration_radius_upper,64,64,730303064255465752871/151115727451828646838272,6931908198878461289611/1208925819614629174706176,12153982521552538540245/2417851639229258349412352,5211809239854721927537/1208925819614629174706176,0,64,6313382121503333185295/1208925819614629174706176,0
10,4/5,"[1, 1/10]",1,2/5,32769,control,calibration_squared_error,64,64,2151447410632196529589749360211/8307674973655724205648794126752153600,8867560481976904774148794869217/1038459371706965525706099265844019200,12544587813866645468431154693627/16615349947311448411297588253504307200,21669179704939354608957440033/4153837486827862102824397063376076800,0,64,29703669252912556427626320752507/16615349947311448411297588253504307200,0
10,4/5,"[1, 1/10]",1,2/5,32769,control,source_acceptance_excess,64,0,,,,,0,64,,64
10,4/5,"[1, 1/10]",1,2/5,32769,control,source_radius_width,64,0,,,,,0,64,,64
10,4/5,"[1, 1/10]",1,2/5,32769,control,source_width,64,64,0,0,0,0,0,64,0,0
11,4/5,"[1, 1/10]",1,9/10,4097,primary,calibration_radius_upper,64,63,11733005915855506294885/2417851639229258349412352,846758634428897712043/151115727451828646838272,6066376514721347575131/1208925819614629174706176,5019420135474656246469/1208925819614629174706176,0,64,6327324428763882315891/1208925819614629174706176,1
11,4/5,"[1, 1/10]",1,9/10,4097,primary,calibration_squared_error,64,63,9429722592955117555757274603409/33230699894622896822595176507008614400,34739341533253408311429720495713/4153837486827862102824397063376076800,140492925533485114031053001889/129807421463370690713262408230502400,4483872856291541186331702197/1038459371706965525706099265844019200,0,64,15074216640683916800062769174681/8307674973655724205648794126752153600,1
11,4/5,"[1, 1/10]",1,9/10,4097,primary,source_acceptance_excess,64,64,41606514425028708669528103077740569281398309922584107004382919227921006015064230837672180690430584820145535939697025393799453648419076774141431412405662024364596688241163341539016265172442192063428154610404829835117397906312615391737354220040494116288175366450863623769563880083371429611539875355066138872699613664488896197583812317451255550898992542530791247073405537543883229666719543432879427619800128265472860943/91204223608476051394627848164297656685069382751790096011657825943189690857347253270370546400264843915500530763927197672806227615288528692548133891677705068769135639397736179326824046380720711304596068875723375307758699208507160495034634959816663239063222099396362220702278050560545993314511513600300621847419840284689072696589914383072124695715439593695929194446022121185176537327390617127452496958352995999623510228992000,42439987915123089609803552345596432712602441383211733423834598556715102889981422117536746083656556878516862480688566371738268690348543170659451094983935084444486145986722991524726017268438076611093955006689531563632269847438091114037814146360688305020097134117986331515711452793147872506910440876073039551147463319341244479532016316367402464387/34853379324922836689711686835196365989850601670282792266505454908366296200052879562091154089644636377854998970060810276170576043219929644406986878210659894954536523854770109851173560414638065112592782402333985810496623421895887179605480296599929210707622737197396888424523291069374757173354494718253037596248389545606197862312355071242846488389222400,349948503061152043457848013571029724935152308347463797265173211984964270052804785051118048432259256090622191218617863924863092005151695649288043675147632548298862302184832701327782831393948055960247708165668297824895640084937021757745154741854577224804381829648267508185103989966920236445733551088543142129889637464590206305186593703254712955737045668241696422966027594782849715832408348307524653554148137083494491/495350017793770432795679269190460161460996303861350805827625588921697579531423305408433731768879214170277427718948613681370681232262200931114021114683035974433759813428144114630052164191214199091809134131318461697613096618942775401028931530108568814454383788164592848145296449153130072852232148318434711250975371185274527584613712971691641446279685679511999436453764615765567927055649372010407925490151030365324574720000,539206573556170884987377434320461320043854048265074718501707933893643755198928975141791410800835446797148750625065408188459173784190629715627456228835147505175840061920473803596254471972378800912402804406890585435036322628682692514860571103903442038775803439030361433774187324951046400462799729252430394194397900103445274050407272804013691/3537682042568939092712743259874428971387394633376085854223024586413096602123887368387393218291344365021836135997798930545565704665925054040673756499966211637814304074028293219598878436820622112528922005451289067844627292282844621770884789742575085983480211115799389106113602463927108394861402548501753836804347222457417020687255882609582093107200,0,64,174644532538129873602998060475244433802741282287487088989846665443531555059621829567768991545482931304833240109986936806137559090651891728041405456573802605291319906928652906253853062368721087773148119235344238014681009944888770592861550333233388362424242049262571784200116715204397142826175005996983370001184371151147396583289097559778385901310027254831608183049741402896330941628559663106315855631570714316723034909/176983351405643942216250946876755705542772095842584487299640163445525227451006886515600773715383803300412993193663305128163883763081630230524380592086028144664220706124638788996281585401748733282394746751013335143500422605227139697055668611175913570544237236813383745141329284374531590419866991733319149834438528536822101279471324105898664584247898841082482937494795471365412279838525584197834387679768267771414975610880000,0
11,4/5,"[1, 1/10]",1,9/10,4097,primary,source_radius_width,64,64,18145727887509427077928459513815922257289842054211981216944075987018584202541246259295300754241810917526170345937841172857348114886906490471518600783302418991166058728593459195652178234477613306609966701845101539044796359229478959974054805508599141529999534857/38933603892109175684033821794398235828360586743097901556009196818416391045041800899836369213449435317623776268696200750060939754264981037633557643967157159939482445211910653072079621336717143782287721812066893987982786660426881535051555629749470648921507194291919171380761355013884293250,18145727887509427077928459513815922257289842054211981216944075987018584202541246259295300754241810917526170345937841172857348114886906490471518600783302418991166058728593459195652178234477613306609966701845101539044796359229478959974054805508599141529999534857/38933603892109175684033821794398235828360586743097901556009196818416391045041800899836369213449435317623776268696200750060939754264981037633557643967157159939482445211910653072079621336717143782287721812066893987982786660426881535051555629749470648921507194291919171380761355013884293250,18145727887509427077928459513815922257289842054211981216944075987018584202541246259295300754241810917526170345937841172857348114886906490471518600783302418991166058728593459195652178234477613306609966701845101539044796359229478959974054805508599141529999534857/38933603892109175684033821794398235828360586743097901556009196818416391045041800899836369213449435317623776268696200750060939754264981037633557643967157159939482445211910653072079621336717143782287721812066893987982786660426881535051555629749470648921507194291919171380761355013884293250,18145727887509427077928459513815922257289842054211981216944075987018584202541246259295300754241810917526170345937841172857348114886906490471518600783302418991166058728593459195652178234477613306609966701845101539044796359229478959974054805508599141529999534857/38933603892109175684033821794398235828360586743097901556009196818416391045041800899836369213449435317623776268696200750060939754264981037633557643967157159939482445211910653072079621336717143782287721812066893987982786660426881535051555629749470648921507194291919171380761355013884293250,0,64,18145727887509427077928459513815922257289842054211981216944075987018584202541246259295300754241810917526170345937841172857348114886906490471518600783302418991166058728593459195652178234477613306609966701845101539044796359229478959974054805508599141529999534857/38933603892109175684033821794398235828360586743097901556009196818416391045041800899836369213449435317623776268696200750060939754264981037633557643967157159939482445211910653072079621336717143782287721812066893987982786660426881535051555629749470648921507194291919171380761355013884293250,0
11,4/5,"[1, 1/10]",1,9/10,4097,primary,source_width,64,64,2159/16384,236013/1048576,143555/1048576,128115/1048576,0,64,618487/4194304,0
11,4/5,"[1, 1/10]",1,9/10,4097,control,calibration_radius_upper,64,64,23487718439276329308715/4835703278458516698824704,846758634428897712043/151115727451828646838272,3028611972361951754701/604462909807314587353088,5019420135474656246469/1208925819614629174706176,0,64,12641813647827193341967/2417851639229258349412352,0
11,4/5,"[1, 1/10]",1,9/10,4097,control,calibration_squared_error,64,64,19127386165129279241046905243363/66461399789245793645190353014017228800,34739341533253408311429720495713/4153837486827862102824397063376076800,37358899305676447154344652790869/33230699894622896822595176507008614400,4483872856291541186331702197/1038459371706965525706099265844019200,0,64,30103581228977409866515917963177/16615349947311448411297588253504307200,0
11,4/5,"[1, 1/10]",1,9/10,4097,control,source_acceptance_excess,64,0,,,,,0,64,,64
11,4/5,"[1, 1/10]",1,9/10,4097,control,source_radius_width,64,0,,,,,0,64,,64
11,4/5,"[1, 1/10]",1,9/10,4097,control,source_width,64,64,0,0,0,0,0,64,0,0
11,4/5,"[1, 1/10]",1,9/10,32769,primary,calibration_radius_upper,64,64,23487718439276329308715/4835703278458516698824704,846758634428897712043/151115727451828646838272,3028611972361951754701/604462909807314587353088,5019420135474656246469/1208925819614629174706176,0,64,12641813647827193341967/2417851639229258349412352,0
11,4/5,"[1, 1/10]",1,9/10,32769,primary,calibration_squared_error,64,64,19127386165129279241046905243363/66461399789245793645190353014017228800,34739341533253408311429720495713/4153837486827862102824397063376076800,37358899305676447154344652790869/33230699894622896822595176507008614400,4483872856291541186331702197/1038459371706965525706099265844019200,0,64,30103581228977409866515917963177/16615349947311448411297588253504307200,0
11,4/5,"[1, 1/10]",1,9/10,32769,primary,source_acceptance_excess,64,64,11732926580401737912008214625233311241309089042823007257886052690037409105523693072068830313451219398302504222963357780877453563630643541742245061324142164412484767187321568391500332922327326473341305781585454232741129093587685169636302129475692352039404140514615822381854633535533119664321043388603472726461426294304867465661654430983559389755557218085744815745406911291387537054312194508274204132212617133588050848908689/24703717861133522507356920157963398038771273053151240326713256522262913889028106266075238447205338903156215725024177366730938574530457771306060504341991973750443637511081040256876102001445411144942100346345487646338841885289123066765209749819807878632677705730536043015064334136043584926903452407927599461723068800965122007984672635403933365859918515078706804113932578743962082316407369079313825415977156511342066008904538521600,25548861645833258353343859038715287936786060970842344649015028428439864324576677673004285900556305538810244110833290081291476371035885285966112806605331042017470484825770729278915885639096884408891426857223156967403152304555455654448115658137915788323626285087654084537784533523742041533666280762989018402428252410412621071534873952849402688057/24112393254133878832043258317706118839122150368584123112306162345153056302687090676396880065908391310347538523378357571077431603393230201167414756365148976503776386805967959167509987604629147198423214813320717883837110032917664933439325538470521025135875662524174651907024989015440479902192703468650043856679789417519334331653365964679851155442892800,908300566538740010558237563948081729376395731034503468140102092108083314976770171967338793086000222815564386568714927326672093771198514042827207884965932350403473706775192786186664386758861780751591542122779886673788398527050970248436056039428516719901224082053271493167782858099995909876655855280536649419293875187670667622943230306439839629465867280779831752600492763051090965284782468688858808228532577453035980042814081/1422675023849050427633812218542525247158372992166923009748692775556112693169784927361472454053165485121793594066792862770504666138961311962526502451154410642506536169190328175240414104663470574686513922984270575403943353021146945724697332080984501022990585029342577420048873962792413540777065977716016268692823299928448343713004457184906770923124327142266461500956013705149806621923918340151368062647646799938026548862394564608000,52272275627545391464926299951451633229650116804586053590402618006409299076432667342052987801427323202862988443315865934855930106109728913231683826002395839245738720629893447129259958035239880533751793057781366253522589339768566617903742585962432176894778993932825998397881205274198253529784176556334934842082982601944922219237249684898466266421529/276596031390984211856005950293597325562173922578132881225681535018409579852007703427929103423746283398086451247355044424233332350055827382244519960917234269082959213561083155604036044990452336144631699308704499863347971836940021464368017625304006630109719785672101741209550568197363766224656172328245373107413499125990173624181411209819531876677713920000,0,64,67662718767317320172628216979365945028251988548990909178062664367642256104279575108763779486367021034366261213852570840238147736163810929260929160242133939539696312820796277007776047808194627885532549211844240329220379251367751112352801933585185116958384196174272087338647758063459498349567159428591179298929479001199970412662041964584050355445036343569564551966816932170360759250556382270985662650471286471784988705069519/80904786192051412887964265405314446495216708176068485676275237474609898754725779409711900322390786133651650946724494696757654142788469298743468420236132486267025102135202924916152006795172539623211792697155100620836787020731732014185693098770990992679357671223744869517187401120916971785904649730127205584526652798495287954635328314822503311903640207907510035853606829918377961408802417976127902092326264947231006495867232321536,0
11,4/5,"[1, 1/10]",1,9/10,32769,primary,source_radius_width,64,64,55950970790987763802739576371465047675387909697228555608894874297870812689663852304475046253143507797844364051336132264525278555879744522879551328998776599321061718077601297620209408626211410509182496620773763322067717757643514406997446938154221512266394683/1055856534180333713750299405054071735196580198438747206782035529524309446564803120675734086197294227911226028126652323783161619365796754653422265888609672823097075849211028437567911642590207810234505098460228490834997007071320989461240581035891729367510383081266478083989514287831203619,55950970790987763802739576371465047675387909697228555608894874297870812689663852304475046253143507797844364051336132264525278555879744522879551328998776599321061718077601297620209408626211410509182496620773763322067717757643514406997446938154221512266394683/1055856534180333713750299405054071735196580198438747206782035529524309446564803120675734086197294227911226028126652323783161619365796754653422265888609672823097075849211028437567911642590207810234505098460228490834997007071320989461240581035891729367510383081266478083989514287831203619,55950970790987763802739576371465047675387909697228555608894874297870812689663852304475046253143507797844364051336132264525278555879744522879551328998776599321061718077601297620209408626211410509182496620773763322067717757643514406997446938154221512266394683/1055856534180333713750299405054071735196580198438747206782035529524309446564803120675734086197294227911226028126652323783161619365796754653422265888609672823097075849211028437567911642590207810234505098460228490834997007071320989461240581035891729367510383081266478083989514287831203619,55950970790987763802739576371465047675387909697228555608894874297870812689663852304475046253143507797844364051336132264525278555879744522879551328998776599321061718077601297620209408626211410509182496620773763322067717757643514406997446938154221512266394683/1055856534180333713750299405054071735196580198438747206782035529524309446564803120675734086197294227911226028126652323783161619365796754653422265888609672823097075849211028437567911642590207810234505098460228490834997007071320989461240581035891729367510383081266478083989514287831203619,0,64,55950970790987763802739576371465047675387909697228555608894874297870812689663852304475046253143507797844364051336132264525278555879744522879551328998776599321061718077601297620209408626211410509182496620773763322067717757643514406997446938154221512266394683/1055856534180333713750299405054071735196580198438747206782035529524309446564803120675734086197294227911226028126652323783161619365796754653422265888609672823097075849211028437567911642590207810234505098460228490834997007071320989461240581035891729367510383081266478083989514287831203619,0
11,4/5,"[1, 1/10]",1,9/10,32769,primary,source_width,64,64,174851/4194304,2931/65536,89373/2097152,41575/1048576,0,64,181311/4194304,0
11,4/5,"[1, 1/10]",1,9/10,32769,control,calibration_radius_upper,64,64,23487718439276329308715/4835703278458516698824704,846758634428897712043/151115727451828646838272,3028611972361951754701/604462909807314587353088,5019420135474656246469/1208925819614629174706176,0,64,12641813647827193341967/2417851639229258349412352,0
11,4/5,"[1, 1/10]",1,9/10,32769,control,calibration_squared_error,64,64,19127386165129279241046905243363/66461399789245793645190353014017228800,34739341533253408311429720495713/4153837486827862102824397063376076800,37358899305676447154344652790869/33230699894622896822595176507008614400,4483872856291541186331702197/1038459371706965525706099265844019200,0,64,30103581228977409866515917963177/16615349947311448411297588253504307200,0
11,4/5,"[1, 1/10]",1,9/10,32769,control,source_acceptance_excess,64,0,,,,,0,64,,64
11,4/5,"[1, 1/10]",1,9/10,32769,control,source_radius_width,64,0,,,,,0,64,,64
11,4/5,"[1, 1/10]",1,9/10,32769,control,source_width,64,64,0,0,0,0,0,64,0,0
12,97/100,"[1, 0]",0,9/10,4097,primary,calibration_radius_upper,64,0,,,,,0,64,,64
12,97/100,"[1, 0]",0,9/10,4097,primary,calibration_squared_error,64,0,,,,,0,64,,64
12,97/100,"[1, 0]",0,9/10,4097,primary,source_acceptance_excess,64,64,832579724515345221881828317255924241100913924355656847562941332169499330925011417348748680391449179860180068541511011079276954989619524422922476606863831217227579491741629122285127079346802691710277617602146536912322299743945113023677555215620931218232403666571279241124645032491806561850765145871912076972556363711433277025549567402923615176544574304699198924184452536441571418134058123362489492772002942971043/2044542460013259567324989932579087799378528834791647213895731597257397569120546230312887843472089697320444333441352169909651769397453926387441329065553542554700069610456698967636266223627687142494419650645562982465699281525143161627500596964067035465630754566156838735414938810669596503922688221304882068541317984494999284423858973405375530088269868368973895047750827176386467623294072201660203493840486104415653068800,11124920214412243442279472109326542974652414727368608906743398222668303880228284729327562434618845714762777060344084682638862477354782621084254248687488755078782269867745101233300048179366018722343363882355925998096580973564986097767942341721359861381632110842388159654653420169884663675442746627760706851365774213390314275743696978947184948283/4901043894240312560082491514224898222508255895302829788627889112088230677141658831776977683490121577559131378600887988175268073434501904414328479987570460917468024079304414091745648381986843938127533577097691106787462419717525920953595118134641142416844552413037082521361803299421926755504012875279425014216819196897672388925268813951632467715686400,5268274497548058112836700490022644609480536817684996925579688233051821125855677379602906042104778521627081072689402169537067479610798696324558639685710976226349450876530953887332233811044933680106741932041863088044775340614289960783121304710404886264658631358156152035271802041144639186870896052100191770229953721157293737013721042727503694125932775738693339421946096840971179683200671149421972382757989716371475691/4767154938362297516425020906230377749973683746511503466230229580468582739148934476996188520316810814192798678521507550022992016802867495794709159734425605095006250908202330649385822359712814261567083507305194433095689782761279562592772140113284969992020999467661877144630728831833355940410767432116056355957837670111463735533194572906947819404110466784933076827272641680921501510164885789010063979080459784005705374105600,24354869353174456435501377464537964805339466162482353584858037817787379817464412227709312699444452832484922423912598336880155740841238021240573081389037129424728850352014686401114789806663588703907037101077368527981454793634022398882714725886739152452796521452084406097973341405156850157545356448560280782288142922412290328626100360538250321/8561346244512315761829835529467540772454661293404271192322764571430235198450516834371636584422283005759428488576692023058613997760246462967585741068457527671609469844618888079797146121506243565225128976965771245585685616544953503322336162415987938437620148107094605692020093454464296674345704977082903579720250625326548236959689878685572690205474816,0,64,693681388764117183005001167993733888228665142036262917183274635347212697166781693475654867480449318390171927889464006482591641751879785531594878656208336459846620799505575397703455560006934905985595194000290729382560315697489193659644564914552087257324004477053399347742641601787316261336574391051885763039481449125926515786318211527402112552488631014740214012262765047737748629317721968674581998088762838204595497/444975118930035187213716675557556340837182050354039037420847660138781023304102193084500231343427550691585377154206105444914347782992663744350683377413494140046282779203667127623035176106088673153079901665859038168565661589266946037038881711242505162134274822136157926274236021697042039463523939397202062410789295188717859605560558989834276625152057957908052453490362663712313300046539504357373937275187038473745858560000,0
12,97/100,"[1, 0]",0,9/10,4097,primary,source_radius_width,64,64,18145727887509427077928459513815922257289842054211981216944075987018584202541246259295300754241810917526170345937841172857348114886906490471518600783302418991166058728593459195652178234477613306609966701845101539044796359229478959974054805508599141529999534857/38933603892109175684033821794398235828360586743097901556009196818416391045041800899836369213449435317623776268696200750060939754264981037633557643967157159939482445211910653072079621336717143782287721812066893987982786660426881535051555629749470648921507194291919171380761355013884293250,18145727887509427077928459513815922257289842054211981216944075987018584202541246259295300754241810917526170345937841172857348114886906490471518600783302418991166058728593459195652178234477613306609966701845101539044796359229478959974054805508599141529999534857/38933603892109175684033821794398235828360586743097901556009196818416391045041800899836369213449435317623776268696200750060939754264981037633557643967157159939482445211910653072079621336717143782287721812066893987982786660426881535051555629749470648921507194291919171380761355013884293250,18145727887509427077928459513815922257289842054211981216944075987018584202541246259295300754241810917526170345937841172857348114886906490471518600783302418991166058728593459195652178234477613306609966701845101539044796359229478959974054805508599141529999534857/38933603892109175684033821794398235828360586743097901556009196818416391045041800899836369213449435317623776268696200750060939754264981037633557643967157159939482445211910653072079621336717143782287721812066893987982786660426881535051555629749470648921507194291919171380761355013884293250,18145727887509427077928459513815922257289842054211981216944075987018584202541246259295300754241810917526170345937841172857348114886906490471518600783302418991166058728593459195652178234477613306609966701845101539044796359229478959974054805508599141529999534857/38933603892109175684033821794398235828360586743097901556009196818416391045041800899836369213449435317623776268696200750060939754264981037633557643967157159939482445211910653072079621336717143782287721812066893987982786660426881535051555629749470648921507194291919171380761355013884293250,0,64,18145727887509427077928459513815922257289842054211981216944075987018584202541246259295300754241810917526170345937841172857348114886906490471518600783302418991166058728593459195652178234477613306609966701845101539044796359229478959974054805508599141529999534857/38933603892109175684033821794398235828360586743097901556009196818416391045041800899836369213449435317623776268696200750060939754264981037633557643967157159939482445211910653072079621336717143782287721812066893987982786660426881535051555629749470648921507194291919171380761355013884293250,0
12,97/100,"[1, 0]",0,9/10,4097,primary,source_width,64,64,276775/4194304,47327/524288,151375/2097152,56263/1048576,0,64,322227/4194304,0
12,97/100,"[1, 0]",0,9/10,4097,control,calibration_radius_upper,64,64,726752223362796648709/151115727451828646838272,1728476844331585021533/302231454903657293676544,12182504404682085255559/2417851639229258349412352,5098248669923776769703/1208925819614629174706176,0,64,25541126933138859148297/4835703278458516698824704,0
12,97/100,"[1, 0]",0,9/10,4097,control,calibration_squared_error,64,64,174579440547305694877870107995/332306998946228968225951765070086144,2808946100218142975835256465109/332306998946228968225951765070086144,750004147456275484718886469359/664613997892457936451903530140172288,11769199465169548387641211561/664613997892457936451903530140172288,0,64,4750778527222787602060232737267/2658455991569831745807614120560689152,0
12,97/100,"[1, 0]",0,9/10,4097,control,source_acceptance_excess,64,0,,,,,0,64,,64
12,97/100,"[1, 0]",0,9/10,4097,control,source_radius_width,64,0,,,,,0,64,,64
12,97/100,"[1, 0]",0,9/10,4097,control,source_width,64,64,0,0,0,0,0,64,0,0
12,97/100,"[1, 0]",0,9/10,32769,primary,calibration_radius_upper,64,10,11911326672291419274305/2417851639229258349412352,6826699208092918586237/1208925819614629174706176,6261237561876167842709/1208925819614629174706176,5339702513059608615329/1208925819614629174706176,0,64,13343647854847475041301/2417851639229258349412352,54
12,97/100,"[1, 0]",0,9/10,32769,primary,calibration_squared_error,64,10,27972292170178692428534576105/166153499473114484112975882535043072,48335244118939100390649141625/20769187434139310514121985316880384,112158980409812499457862682151/332306998946228968225951765070086144,56966087833786302694458089713/664613997892457936451903530140172288,0,64,2281074201584639088088775333853/2658455991569831745807614120560689152,54
12,97/100,"[1, 0]",0,9/10,32769,primary,source_acceptance_excess,64,64,10841858261679954266943993163513618414052520228500060595869697464588105996434085583254219876778134086139230071874208742137874131161540991680155128556481723499174983200029821917722343957659666934286271305058568680095190904214695816346718052604092675767499721331903022634742617797843931994011884567647676786902310840719905185502714702191662417208465347520305915852469667526133441450917490418365048376043533644435860970785117/23623400042611791779219911573831994249128199246766789943515105093321609312702384074703895978986671700342671350024957112545767099220930601318043548236370614387123988708895570798750737650830108736071960212383826152967847394394190910032422688792304998108260290587803054432089278797749152260630129992483743190160719540289877988937304818384899242988615368307926467754294113493813016583577785265685446203286937607408721775748657971200,1133329966546112624882645972460454686134263499559028794422134419623179486809196031279652582847911292918838767763101600007923656826883046907128291443788789116680921306080952772787670543398464763844444704826005451011227929602289327219936388214115623347330853801719207723514325682378437061991264957046976328110157723130001910378481601361720327/707813180781673200999304929627707831962905178973863147641507148513513357782220319118058863223014191150035852170644454161826093324147617277076305830782901716501789722985877006715623724660149303112786261065058166353365673049297876995160826286888167566036452833345484890631846879025992411300104303036612572503288661210553997756495173774283248762880,588421681967037174813323461105453193111921559828987332193782580656041413966400378873029531153379962407935191189601506672632108668771015755939338019941469630726453413781567957143006291669246560855233936602072934654391669111266821613068220869832031113429822233097124769011694913622975446640070690652914433409859408908339855124963313271121646405898244895273575498633056787816353149361174342076984322404441343654636770849759/724994711183272881014140143371047318486945709112979125898804405360210105634151152976902957615809828665261059081640346774882908655807275417122530593016914263219851968330737472980494632451887438783075385967056867206759013826569070724947214098334129772924551287586218814374109355570235112206632497160700923505519351129459923371071626609362050815644819934335709983065419332393060926306145341876052187947331478370935606262261350400,330729313553276580196550512258175578367531993666360111794178246407600591150769013684228703887543428285510071204470738325193568937810249143429610666717916640831634151552724453093859710712244105393639075688308668239493004584235147050207276918722613987167950350261744195293776314663616527114635908453107369843608145427217620207393242417021337/83647670106411827452272213449930827496980830189480842754529590674071733502101083583863837874343152404012782883152269623995564666855590601310939457858405013658300830570620013493539761738220959380936940064780549661806863539239165214374658963192895217498598475186064630842421201717242915544127793739780362083110636717852727319741892627286595941171200,0,64,210070509757977292705348339646696419056776735445659583426276165665108670576636698398842551313668699919518493146488120934564816029828877054095378409968304600007436148351472623343118814169066552198558720837111937983575897394648141676217822968695162974116644155327823611410327873867282998661792390972907155820123141831792785765988791477834613301337823918863620946795835023976117579988845622294926397754518612522378919372607/193128652692791392166714869633097608980237381126637755553245053797734805738804266818235360520096110757565147049160016497527326303828454059081737684773631816927246370368380565015654368006971232958995840925465477823712934223264173811457952929905521142185027303857837269565639495381538002411206105480996154201704001776635384289247717362943459168644788096119646435349486681061702153236795254667021633859330724374700201464142233600,0
12,97/100,"[1, 0]",0,9/10,32769,primary,source_radius_width,64,64,55950970790987763802739576371465047675387909697228555608894874297870812689663852304475046253143507797844364051336132264525278555879744522879551328998776599321061718077601297620209408626211410509182496620773763322067717757643514406997446938154221512266394683/1055856534180333713750299405054071735196580198438747206782035529524309446564803120675734086197294227911226028126652323783161619365796754653422265888609672823097075849211028437567911642590207810234505098460228490834997007071320989461240581035891729367510383081266478083989514287831203619,55950970790987763802739576371465047675387909697228555608894874297870812689663852304475046253143507797844364051336132264525278555879744522879551328998776599321061718077601297620209408626211410509182496620773763322067717757643514406997446938154221512266394683/1055856534180333713750299405054071735196580198438747206782035529524309446564803120675734086197294227911226028126652323783161619365796754653422265888609672823097075849211028437567911642590207810234505098460228490834997007071320989461240581035891729367510383081266478083989514287831203619,55950970790987763802739576371465047675387909697228555608894874297870812689663852304475046253143507797844364051336132264525278555879744522879551328998776599321061718077601297620209408626211410509182496620773763322067717757643514406997446938154221512266394683/1055856534180333713750299405054071735196580198438747206782035529524309446564803120675734086197294227911226028126652323783161619365796754653422265888609672823097075849211028437567911642590207810234505098460228490834997007071320989461240581035891729367510383081266478083989514287831203619,55950970790987763802739576371465047675387909697228555608894874297870812689663852304475046253143507797844364051336132264525278555879744522879551328998776599321061718077601297620209408626211410509182496620773763322067717757643514406997446938154221512266394683/1055856534180333713750299405054071735196580198438747206782035529524309446564803120675734086197294227911226028126652323783161619365796754653422265888609672823097075849211028437567911642590207810234505098460228490834997007071320989461240581035891729367510383081266478083989514287831203619,0,64,55950970790987763802739576371465047675387909697228555608894874297870812689663852304475046253143507797844364051336132264525278555879744522879551328998776599321061718077601297620209408626211410509182496620773763322067717757643514406997446938154221512266394683/1055856534180333713750299405054071735196580198438747206782035529524309446564803120675734086197294227911226028126652323783161619365796754653422265888609672823097075849211028437567911642590207810234505098460228490834997007071320989461240581035891729367510383081266478083989514287831203619,0
12,97/100,"[1, 0]",0,9/10,32769,primary,source_width,64,64,184331/4194304,53837/1048576,48075/1048576,40053/1048576,0,64,203321/4194304,0
12,97/100,"[1, 0]",0,9/10,32769,control,calibration_radius_upper,64,64,726752223362796648709/151115727451828646838272,1728476844331585021533/302231454903657293676544,12182504404682085255559/2417851639229258349412352,5098248669923776769703/1208925819614629174706176,0,64,25541126933138859148297/4835703278458516698824704,0
12,97/100,"[1, 0]",0,9/10,32769,control,calibration_squared_error,64,64,174579440547305694877870107995/332306998946228968225951765070086144,2808946100218142975835256465109/332306998946228968225951765070086144,750004147456275484718886469359/664613997892457936451903530140172288,11769199465169548387641211561/664613997892457936451903530140172288,0,64,4750778527222787602060232737267/2658455991569831745807614120560689152,0
12,97/100,"[1, 0]",0,9/10,32769,control,source_acceptance_excess,64,0,,,,,0,64,,64
12,97/100,"[1, 0]",0,9/10,32769,control,source_radius_width,64,0,,,,,0,64,,64
12,97/100,"[1, 0]",0,9/10,32769,control,source_width,64,64,0,0,0,0,0,64,0,0
13,97/100,"[1, 0]",1,2/5,4097,primary,calibration_radius_upper,64,0,,,,,0,64,,64
13,97/100,"[1, 0]",1,2/5,4097,primary,calibration_squared_error,64,0,,,,,0,64,,64
13,97/100,"[1, 0]",1,2/5,4097,primary,source_acceptance_excess,64,64,25600452054042329456490090821601161007949026158612010131993262537597548577531360345257839740588957051800788835502548909853289056449996872122953682731107147104710521987033861880092745149371069578524074562669079116111531821652057379696215629788158862435315315173194847725681729337942574588455646390279984204921895348635885785977914078394792705920628213015530705071113213086151111652681175094461665289468388617/70881974145521654934110586057666752468512429420228084062282375141444792359681257333780059546051003330161487469176682448953652720432049907535406399357663790289442280203228744629023347857712404848937829566219559257602267481272212596705226159935526212128366468691932904626023785358307621350922624950979971368562105683948682960752623532437378831063040498631239738596463555793621860747315074840991931510220327904870400,1291714065796168424788881898480987866996951881913522197807275165501807780064547007611104015522935853487567750537151706545345987227897505905435480410846862699383263401417599393636446967275728578781048789444086932357903835816533418139182270339847675211245173592919361177600427207107584334011792048673888105902620302468126265750888356503957073879/524642220866194071132845569523083806950195486898282974139148716053722748024744601038959470608515327365573425574688660814119403890889932568968859817415996616856414567400077161535770067574618701994594556383585834324284128979725264641070053880499178726854737516008533623563347904209165531224000458527168124608770741201481259086719382837007010098053120,693897963199509036678511088015834999609423579535498941086920060210014057129216842874678497917175128465609576557320271350968924854309037015672633609227938679141825583585764826963538305750564144749933844740709390477346157883111809116310604683674327583287886854614330597435206027476979529033784583222221261932300094015215186308700833322414555030389309775902604617450166043928957576003222904245289583263256908923838941/697035928252450734475648434156630116048770887502545300491926174170871157336170738697867414086825504710141183025094814002923134639363214715421448727362242604544311479499933201738843071646822404269423145754829408336833057612246293330961620365392716833376679331946215693455597714906932394982311769539765463336053964368431611942779581803974364003899425365005880976191893395531679041911963449596245593952649398442560323584000,36719613823825527607088320695545060987464941573651567711449120336217911055062528103429505696175072007201750057750215816999979449805873832229210509034691588914706529333170475110908296415168489739183805047832642344981635947497284130738000276616060011785465889882965419573784945516743315058378137490363937178927187455372291634897839348926019/2627131104830983627416165556052747391292294999241101711518683030655155684160800839994234008342828970978929271677323156055402853082027208351541695591091113318261927597759576362836536801837898992883148302665774834118820322043127754563806104478541553013780328612345674626620949567620494653502486919093180965850884558232314941040825774346024989491200,0,64,182041835335036374730493634997572731738676518158224382215084984599505370581331842973116047677334879214839315527040880843075471634724235757963636862652277992663988275878781921587094717289491388498547590948067113745003566413135928171198190485548800511067227019186732072690919057623928044474621048405672810542219027962911296418053353929477509164461985487855215737993964312563032735013255482909764397403723921395933969679/128878411458660098653840414951547105226878366229466295480899547821599772003947118854719320314783883861295498839022907772250519111183972205899583171964314894747324398596865133383518904961150688321869508629523866826283770925546936490272825601814217748222472938663390091797663907848983471463238192234367833496674006072490801863046746651854616470317248017351329269413519028557468952311562828919335373970971284008267077910528000,0
13,97/100,"[1, 0]",1,2/5,4097,primary,source_radius_width,64,64,18145727887509427077928459513815922257289842054211981216944075987018584202541246259295300754241810917526170345937841172857348114886906490471518600783302418991166058728593459195652178234477613306609966701845101539044796359229478959974054805508599141529999534857/38933603892109175684033821794398235828360586743097901556009196818416391045041800899836369213449435317623776268696200750060939754264981037633557643967157159939482445211910653072079621336717143782287721812066893987982786660426881535051555629749470648921507194291919171380761355013884293250,18145727887509427077928459513815922257289842054211981216944075987018584202541246259295300754241810917526170345937841172857348114886906490471518600783302418991166058728593459195652178234477613306609966701845101539044796359229478959974054805508599141529999534857/38933603892109175684033821794398235828360586743097901556009196818416391045041800899836369213449435317623776268696200750060939754264981037633557643967157159939482445211910653072079621336717143782287721812066893987982786660426881535051555629749470648921507194291919171380761355013884293250,18145727887509427077928459513815922257289842054211981216944075987018584202541246259295300754241810917526170345937841172857348114886906490471518600783302418991166058728593459195652178234477613306609966701845101539044796359229478959974054805508599141529999534857/38933603892109175684033821794398235828360586743097901556009196818416391045041800899836369213449435317623776268696200750060939754264981037633557643967157159939482445211910653072079621336717143782287721812066893987982786660426881535051555629749470648921507194291919171380761355013884293250,18145727887509427077928459513815922257289842054211981216944075987018584202541246259295300754241810917526170345937841172857348114886906490471518600783302418991166058728593459195652178234477613306609966701845101539044796359229478959974054805508599141529999534857/38933603892109175684033821794398235828360586743097901556009196818416391045041800899836369213449435317623776268696200750060939754264981037633557643967157159939482445211910653072079621336717143782287721812066893987982786660426881535051555629749470648921507194291919171380761355013884293250,0,64,18145727887509427077928459513815922257289842054211981216944075987018584202541246259295300754241810917526170345937841172857348114886906490471518600783302418991166058728593459195652178234477613306609966701845101539044796359229478959974054805508599141529999534857/38933603892109175684033821794398235828360586743097901556009196818416391045041800899836369213449435317623776268696200750060939754264981037633557643967157159939482445211910653072079621336717143782287721812066893987982786660426881535051555629749470648921507194291919171380761355013884293250,0
13,97/100,"[1, 0]",1,2/5,4097,primary,source_width,64,64,270259/4194304,94867/1048576,148387/2097152,45721/1048576,0,64,321527/4194304,0
13,97/100,"[1, 0]",1,2/5,4097,control,calibration_radius_upper,64,64,23111841324323805898421/4835703278458516698824704,1848350779924319168289/302231454903657293676544,12220613005106860762873/2417851639229258349412352,5158448389787257894313/1208925819614629174706176,0,64,1600471521678508271609/302231454903657293676544,0
13,97/100,"[1, 0]",1,2/5,4097,control,calibration_squared_error,64,64,68090397142927140248513443653/166153499473114484112975882535043072,4508479705762153478379763746125/664613997892457936451903530140172288,1398933124110731862549396470719/1329227995784915872903807060280344576,2435512479944306303217645601/83076749736557242056487941267521536,0,64,4985131612984779524511758523529/2658455991569831745807614120560689152,0
13,97/100,"[1, 0]",1,2/5,4097,control,source_acceptance_excess,64,0,,,,,0,64,,64
13,97/100,"[1, 0]",1,2/5,4097,control,source_radius_width,64,0,,,,,0,64,,64
13,97/100,"[1, 0]",1,2/5,4097,control,source_width,64,64,0,0,0,0,0,64,0,0
13,97/100,"[1, 0]",1,2/5,32769,primary,calibration_radius_upper,64,12,23010577041847589823277/4835703278458516698824704,1691359510517472957823/302231454903657293676544,3000974780404939638099/604462909807314587353088,2782713800211103617891/604462909807314587353088,0,64,26198262457531369074023/4835703278458516698824704,52
13,97/100,"[1, 0]",1,2/5,32769,primary,calibration_squared_error,64,12,997059892439546288244876221059/1329227995784915872903807060280344576,4508479705762153478379763746125/664613997892457936451903530140172288,1324129133063390523550568145979/1329227995784915872903807060280344576,56285087241831734319630181205/664613997892457936451903530140172288,0,64,5513208877029590391117402878275/2658455991569831745807614120560689152,52
13,97/100,"[1, 0]",1,2/5,32769,primary,source_acceptance_excess,64,64,153746552943411943844040075053864886731383004089371976330807054239825028699560241515655430586979167965375065073053209592123795517842763539453321212838252931609400847762479899091379540294612877870532517824341373927552312992098061186996593619597882924790516198749434001294533411677793975032338110149010620025651915658827319396174918780327691310594362878649059577076546894990236212581411058214098607171049461085115017316434387/344328995840794845421932677539757969287512546059071333191999514648632354894377565305360291431622002871186385527564037395575325854279961353520596542626623822096307059713991831762536152894057958760936372147026649853440249253423668237025450145651428935723473006513182297270645321971637625698149773892078481507203065129189886423930603502544199953305687581436088916012190448054083215575739865697988461897188976171993984472181007974400,145483453508324291056158129300000228650712871393752835455117853889664658618389908006639539629361999237107539353170263019480472076085098470148089896936200861228144425067580603976984004033240876531038751377475713977312059474746289057503886193366628713435330062372775384284708660604317345028201311694312927675931200905293314852007271197121029/92609480093851270555097171765960657484187950960807639570549087841793314378555909668067799662565812903420680420240496361489577411627192415037562161931451597982674356229320719701106659239452215952968054080129904190135876336350623250541920499852308407781244834145853416145981697799801538076354036732670485548185924107366124222391505192907649843200,2182515695237991184647381788075335712035738299314531240290882796268516346359729547701658369588213049156513484459469275608859637442832893143595506231019088722861832198709246123401054067455360740162921047270495313511676045497201734819748723777058065060865034679376607617084325579002277192558521479123633133199392963701826661084186343372896932248020465762151113112438185341757819369258768468842144208914332993677406341277443/2538845162455486223076557211499104467951353073862469565815190955928280284909720120532236405607683987336869479456284901171194300191801977040915686543580496543229818725060965141393499751308947302298823946602340772482698063230438636955445996205541751007131426055498882054707481486429506623560601058486374576003713143013466811808965035097403849159077715816175699065649503747883339949359340535637531165134504694366394402506748723200,122086397154947560158150660211736372574944859743950181892176526653002245006203944834554952280161153798439562110978425060436896344236712667926606007312956209441584911416990871516681941548875377671051547930503944339724458384591000755514608516821468074216826809289224342145966856625005756270987802755089955414112337364382515464412972829641025342151/11318234376514263393214900292964025390520585772546925363495384294709548135687853253025292692832323678634731436782437699500527197189491874752177306075732569216632606429255684638338252331159633971602933438238165538852891548751279674492000777802647441570915204825708692116336679016130745826075678113895070769684961411846392414110792474834969644466228428800,0,64,59254540944791615910569822811249664873543012939354027426634467701387519035428015655865342799774717377119998410662558088745449254231985403337242402960905985941368214678261440129765715390283105309299336538671612778877144028622159371332624366401853615954869823185067090728659656120385388941624708504274275164218344875200082638663016141223916375307889098770048421624721674648122319788255891483684449815696254671908647710871/54366218976689326144490460871135032934183464661777097270356332931716566092404299810579060182002181871063658805877443929831546880879578285205893841192725888124049896831920400409027060492724383303376734891554987448468758494240128349115052235774554458767444049078030701823832334205784647162592226788587222033230496843064365727356582456845938404225433105620573402651164413389201250417574358721684061223319496862523354272235520000,0
13,97/100,"[1, 0]",1,2/5,32769,primary,source_radius_width,64,64,55950970790987763802739576371465047675387909697228555608894874297870812689663852304475046253143507797844364051336132264525278555879744522879551328998776599321061718077601297620209408626211410509182496620773763322067717757643514406997446938154221512266394683/1055856534180333713750299405054071735196580198438747206782035529524309446564803120675734086197294227911226028126652323783161619365796754653422265888609672823097075849211028437567911642590207810234505098460228490834997007071320989461240581035891729367510383081266478083989514287831203619,55950970790987763802739576371465047675387909697228555608894874297870812689663852304475046253143507797844364051336132264525278555879744522879551328998776599321061718077601297620209408626211410509182496620773763322067717757643514406997446938154221512266394683/1055856534180333713750299405054071735196580198438747206782035529524309446564803120675734086197294227911226028126652323783161619365796754653422265888609672823097075849211028437567911642590207810234505098460228490834997007071320989461240581035891729367510383081266478083989514287831203619,55950970790987763802739576371465047675387909697228555608894874297870812689663852304475046253143507797844364051336132264525278555879744522879551328998776599321061718077601297620209408626211410509182496620773763322067717757643514406997446938154221512266394683/1055856534180333713750299405054071735196580198438747206782035529524309446564803120675734086197294227911226028126652323783161619365796754653422265888609672823097075849211028437567911642590207810234505098460228490834997007071320989461240581035891729367510383081266478083989514287831203619,55950970790987763802739576371465047675387909697228555608894874297870812689663852304475046253143507797844364051336132264525278555879744522879551328998776599321061718077601297620209408626211410509182496620773763322067717757643514406997446938154221512266394683/1055856534180333713750299405054071735196580198438747206782035529524309446564803120675734086197294227911226028126652323783161619365796754653422265888609672823097075849211028437567911642590207810234505098460228490834997007071320989461240581035891729367510383081266478083989514287831203619,0,64,55950970790987763802739576371465047675387909697228555608894874297870812689663852304475046253143507797844364051336132264525278555879744522879551328998776599321061718077601297620209408626211410509182496620773763322067717757643514406997446938154221512266394683/1055856534180333713750299405054071735196580198438747206782035529524309446564803120675734086197294227911226028126652323783161619365796754653422265888609672823097075849211028437567911642590207810234505098460228490834997007071320989461240581035891729367510383081266478083989514287831203619,0
13,97/100,"[1, 0]",1,2/5,32769,primary,source_width,64,64,175757/4194304,13101/262144,94377/2097152,33183/1048576,0,64,197549/4194304,0
13,97/100,"[1, 0]",1,2/5,32769,control,calibration_radius_upper,64,64,23111841324323805898421/4835703278458516698824704,1848350779924319168289/302231454903657293676544,12220613005106860762873/2417851639229258349412352,5158448389787257894313/1208925819614629174706176,0,64,1600471521678508271609/302231454903657293676544,0
13,97/100,"[1, 0]",1,2/5,32769,control,calibration_squared_error,64,64,68090397142927140248513443653/166153499473114484112975882535043072,4508479705762153478379763746125/664613997892457936451903530140172288,1398933124110731862549396470719/1329227995784915872903807060280344576,2435512479944306303217645601/83076749736557242056487941267521536,0,64,4985131612984779524511758523529/2658455991569831745807614120560689152,0
13,97/100,"[1, 0]",1,2/5,32769,control,source_acceptance_excess,64,0,,,,,0,64,,64
13,97/100,"[1, 0]",1,2/5,32769,control,source_radius_width,64,0,,,,,0,64,,64
13,97/100,"[1, 0]",1,2/5,32769,control,source_width,64,64,0,0,0,0,0,64,0,0
14,97/100,"[1, 0]",1,9/10,4097,primary,calibration_radius_upper,64,0,,,,,0,64,,64
14,97/100,"[1, 0]",1,9/10,4097,primary,calibration_squared_error,64,0,,,,,0,64,,64
14,97/100,"[1, 0]",1,9/10,4097,primary,source_acceptance_excess,64,64,92459529193685940181267143268762031666050246486777066520803004180604465471614636320112602238712162661982378948776838988421681568470157698663695898789752229017754350776857739671335071458723247811356454524891309143697870161470813196120103110041354844138469518774429810894648774715400458982456094185292864144938842908053382531829505894637066835256697522311376141882792355912183374344399785332888289728166337054142022261/141128014880476616731855745984163161980554614260371036807774749805281355971730507214165444849570691266910658754673598380631599102247937641104836491022431753604033163233104369178967535794634806731104882623620378499184174792578117184143184272121772044761814980775696976312732304615330794373510230369485086094787258167014593696215008942468483307719058931451643973652907677279957245754237041517058521580811677221826903146496000,128876864128074854623929657202399380802205791250077054846854845478859307880837742238110905720943363166600227342825780310387118205329582518006323609393271419823142208392414536284715355505081523870978360209064699884241050817638675720702086309768720609072177653058026811124818027319056737835778824056405315098960618167259339364473309980337/60119066192035215769054250434819446737221754807414406025235482472912379419646346643441311818849730219558046962357399748569866038073290443220096562014031723967369303549568296285890056002789102091456291420577893117529627973435753323536957840464624196241119433512742002426662732912237186936822930203008256640942605698053091777688266493394944000,3896434463870888079939298668003889362506705709345935086642243101106927548452227997424971033386130246761732936393810335228574167993543142988096398383423906326011899898554066403943288139279402118716524881841690205235913035010013431751255378414797027822277127099566464483304039146506224532438402145341937935492293968246482352595444812167056120431542670698870114907721837427735086134034567748152880150413881306063625985/3920742647497457251962332799095795491327636664991900906364130814046961879795252084643347713241261912810074243238431742816022328194010065524846269987836122479983689117770978380854567210234266201577084011217964884164985701857977384777999911499154989751565353820164444612205668006430353522643746560149678466933888141722562729449856048783962694448951041421271694143104298878246475407047446376219134076430404245510217275539456,78201550835399888973971955473536723349131555077850704607717862267131871032444201746340307637168054612127753703899837748540689251963042225614110358057404415242310261374201446508133532808609189315962822463684343070093882810399254727442275834575246760708761263067418110954602598813723544883382805855884886755459401047986137514689504617316169/4169233529529655593876832155116505912385217980061901478752680836660654165352465800684031791508351200788876043657348357464505156179578093407920556801862874127740257173375389916405336381667103338899517097031007935689810104306089187921997640639812457084451738091419037560968687315133269565868421763294944879867012879683458787895249415102409159475200,0,64,273393482443133199547568747017448409653142492594912389110147910303007894449229252622204943922207475462659734948298734130386509415326424447979103747491976019788840165934549162912843510886059197517023251280016113201703666748286191612215212565334023710892800077896154967229527638199783110324702985401549714961189307606193663299185228112015923926186753265981913204856407723670230016897200341142099115174481438955814919957/170634848788478975349877508495322871897549287882269880074154786566434135257390268401566300659364578744454344711996989487551060407553442315458958544377872425840965177490758496625832892264358811433994778209598323069851125152326009757345010961163537733037047563571317500440368855381369967596903203504783621649666246379985875499755841238510788438705199880751176130832380528700701373009058062824836201633206347728424068448256000,0
14,97/100,"[1, 0]",1,9/10,4097,primary,source_radius_width,64,64,18145727887509427077928459513815922257289842054211981216944075987018584202541246259295300754241810917526170345937841172857348114886906490471518600783302418991166058728593459195652178234477613306609966701845101539044796359229478959974054805508599141529999534857/38933603892109175684033821794398235828360586743097901556009196818416391045041800899836369213449435317623776268696200750060939754264981037633557643967157159939482445211910653072079621336717143782287721812066893987982786660426881535051555629749470648921507194291919171380761355013884293250,18145727887509427077928459513815922257289842054211981216944075987018584202541246259295300754241810917526170345937841172857348114886906490471518600783302418991166058728593459195652178234477613306609966701845101539044796359229478959974054805508599141529999534857/38933603892109175684033821794398235828360586743097901556009196818416391045041800899836369213449435317623776268696200750060939754264981037633557643967157159939482445211910653072079621336717143782287721812066893987982786660426881535051555629749470648921507194291919171380761355013884293250,18145727887509427077928459513815922257289842054211981216944075987018584202541246259295300754241810917526170345937841172857348114886906490471518600783302418991166058728593459195652178234477613306609966701845101539044796359229478959974054805508599141529999534857/38933603892109175684033821794398235828360586743097901556009196818416391045041800899836369213449435317623776268696200750060939754264981037633557643967157159939482445211910653072079621336717143782287721812066893987982786660426881535051555629749470648921507194291919171380761355013884293250,18145727887509427077928459513815922257289842054211981216944075987018584202541246259295300754241810917526170345937841172857348114886906490471518600783302418991166058728593459195652178234477613306609966701845101539044796359229478959974054805508599141529999534857/38933603892109175684033821794398235828360586743097901556009196818416391045041800899836369213449435317623776268696200750060939754264981037633557643967157159939482445211910653072079621336717143782287721812066893987982786660426881535051555629749470648921507194291919171380761355013884293250,0,64,18145727887509427077928459513815922257289842054211981216944075987018584202541246259295300754241810917526170345937841172857348114886906490471518600783302418991166058728593459195652178234477613306609966701845101539044796359229478959974054805508599141529999534857/38933603892109175684033821794398235828360586743097901556009196818416391045041800899836369213449435317623776268696200750060939754264981037633557643967157159939482445211910653072079621336717143782287721812066893987982786660426881535051555629749470648921507194291919171380761355013884293250,0
14,97/100,"[1, 0]",1,9/10,4097,primary,source_width,64,64,17205/262144,94633/1048576,36919/524288,49351/1048576,0,64,156765/2097152,0
14,97/100,"[1, 0]",1,9/10,4097,control,calibration_radius_upper,64,64,11246384345891828689509/2417851639229258349412352,3538956949988517450695/604462909807314587353088,12147056974516948958515/2417851639229258349412352,666070306564659331767/151115727451828646838272,0,64,6321334070411678028049/1208925819614629174706176,0
14,97/100,"[1, 0]",1,9/10,4097,control,calibration_squared_error,64,64,579746053021348897831355855939/1329227995784915872903807060280344576,82539320504530227471866011509/10384593717069655257060992658440192,1448524026092670129614026456153/1329227995784915872903807060280344576,1970538837331185961523561205/166153499473114484112975882535043072,0,64,6093406574665345153900356924665/2658455991569831745807614120560689152,0
14,97/100,"[1, 0]",1,9/10,4097,control,source_acceptance_excess,64,0,,,,,0,64,,64
14,97/100,"[1, 0]",1,9/10,4097,control,source_radius_width,64,0,,,,,0,64,,64
14,97/100,"[1, 0]",1,9/10,4097,control,source_width,64,64,0,0,0,0,0,64,0,0
14,97/100,"[1, 0]",1,9/10,32769,primary,calibration_radius_upper,64,11,1381240358568373688553/302231454903657293676544,839731504832951586101/151115727451828646838272,6028818245182962103767/1208925819614629174706176,672084644869838137599/151115727451828646838272,0,64,6137650815735868401327/1208925819614629174706176,53
14,97/100,"[1, 0]",1,9/10,32769,primary,calibration_squared_error,64,11,497538021677573515625515391835/1329227995784915872903807060280344576,539137405980547594091084621825/166153499473114484112975882535043072,130391166919210752629134284305/166153499473114484112975882535043072,110154603091134639505496185125/664613997892457936451903530140172288,0,64,883380396361662182658266160341/332306998946228968225951765070086144,53
14,97/100,"[1, 0]",1,9/10,32769,primary,source_acceptance_excess,64,64,13158388766049230123308721442366710557584691911580586525391502825882994351464791261183266084859795910206443384555283817855042415963527810320887168907387757715514284109278741929526315404989308444158739391680322756182431543779074131327634593076486773397202887207003610651358848955612572109563115174690126389748765980879062732311516352947183730841562841824115953023204813747612201936310984253591386909331741717209430582969831/47148442296632924237145213230826405342370906793652828797527727072537201266254175194242213545804271081965716161397288974255878683250506348259096244149576702265382668247477504516641354556353665925546783606569158486898465062046349502374166211038310280510500704062022897838758179534301813051608164189089527304275116249101872251441375851396525032109693738251217672354433884566065449896681822757977439745504206838039804996856315904000,49046842827594740269449136693890212042216664646309630422935074292597097817779080420844027001931973494389133372136869327891749961552258069699227302497310774409849312685982090592557357668984360681902453394792473163642134928340020881631631400901355328329314761572836868240092519373733798036979795975216410403782271465608088285833307192510305599773/33032073835924185827736016553550813388933200511124510561482815133820309826776905117584340292730658215069954980441775174604149355551600365058911455133917255042089570136118474824517344507245235282267783983864566090421300838630943918116822987826191270539721300409185857871982417479932217564890378630249285786392928113604582319963660049364936137449144320,56849613299776241094517921140502471062234386530060319027221600543920387991390864874011266696986026816054162746040338836283886595996592178163169885912626654454168039782958458089042707777679719767187113985086769149687288780563569574441847392145258119182394631564652642663056030090166005475995309678563183956854964654197846944356093985810585267007609275653950283057143309365792307202330771102955766645145301403535763052964719/89863632802062484359284872262683029029982286815077784101181647715699274616327925256206929510614322318724012079020806686360722783024294570593311570384341114788339212552544504133667206722275787233244099804078075397720873236809893807310930939233101540325245090529112199676543711596600553793005904303523085966036189031215831512705668364076592720872301309456301143599276706591041071038610767843602584567339947540054714142987963596800,1016153047572146006152768006974383468854125496363035308656207867178443902238877958043900517866097861385772951572748059614806403313980834138587721190531929974086175030558426413280588457604369969774059187331358827040727969553905995012174354655065264499282803077752514414729592404359235341320150790858281379140470756133383161111262486068585751/14511024267355963547964723126317401831544052982758440580338633122308020988895174123510298508808762339282617937983384050116183514600518204617842141365197030997966191433476268996284035643915656652791196293106759974906494041539407887768442594417679926061755554383700825154778540745426446595415524726610128880697494312195311841331603978288664202444800,0,64,117464917630146994318644607123522385574243119194017565305480851934437373100888650756218373934854151676969022901412334118494943999666028048298990418331711106636744129315852582290867513803797934842135526675519805006734035752115328861842529007055872955908843317860240043279027609026464648913684894059918630554862264216918615248320518230665629582105566246976866447002538071518726591936241309271339332315536246903105347479073153/120230685839816080358074833287456043082070050734875050288420189387523286320668639384551222597893829459061509709298007621698638429722390461955633327923511326897990451582514844689726009206974719126761368768314835792865384608914350623672777208250952492109910275740162322950304272175687077007334961851180801058767493894816007682456613073472503815198031711814965395912801904003068524467103179925495241171846026768388583678353080320000,0
14,97/100,"[1, 0]",1,9/10,32769,primary,source_radius_width,64,64,55950970790987763802739576371465047675387909697228555608894874297870812689663852304475046253143507797844364051336132264525278555879744522879551328998776599321061718077601297620209408626211410509182496620773763322067717757643514406997446938154221512266394683/1055856534180333713750299405054071735196580198438747206782035529524309446564803120675734086197294227911226028126652323783161619365796754653422265888609672823097075849211028437567911642590207810234505098460228490834997007071320989461240581035891729367510383081266478083989514287831203619,55950970790987763802739576371465047675387909697228555608894874297870812689663852304475046253143507797844364051336132264525278555879744522879551328998776599321061718077601297620209408626211410509182496620773763322067717757643514406997446938154221512266394683/1055856534180333713750299405054071735196580198438747206782035529524309446564803120675734086197294227911226028126652323783161619365796754653422265888609672823097075849211028437567911642590207810234505098460228490834997007071320989461240581035891729367510383081266478083989514287831203619,55950970790987763802739576371465047675387909697228555608894874297870812689663852304475046253143507797844364051336132264525278555879744522879551328998776599321061718077601297620209408626211410509182496620773763322067717757643514406997446938154221512266394683/1055856534180333713750299405054071735196580198438747206782035529524309446564803120675734086197294227911226028126652323783161619365796754653422265888609672823097075849211028437567911642590207810234505098460228490834997007071320989461240581035891729367510383081266478083989514287831203619,55950970790987763802739576371465047675387909697228555608894874297870812689663852304475046253143507797844364051336132264525278555879744522879551328998776599321061718077601297620209408626211410509182496620773763322067717757643514406997446938154221512266394683/1055856534180333713750299405054071735196580198438747206782035529524309446564803120675734086197294227911226028126652323783161619365796754653422265888609672823097075849211028437567911642590207810234505098460228490834997007071320989461240581035891729367510383081266478083989514287831203619,0,64,55950970790987763802739576371465047675387909697228555608894874297870812689663852304475046253143507797844364051336132264525278555879744522879551328998776599321061718077601297620209408626211410509182496620773763322067717757643514406997446938154221512266394683/1055856534180333713750299405054071735196580198438747206782035529524309446564803120675734086197294227911226028126652323783161619365796754653422265888609672823097075849211028437567911642590207810234505098460228490834997007071320989461240581035891729367510383081266478083989514287831203619,0
14,97/100,"[1, 0]",1,9/10,32769,primary,source_width,64,64,179537/4194304,13055/262144,94573/2097152,4645/131072,0,64,49461/1048576,0
14,97/100,"[1, 0]",1,9/10,32769,control,calibration_radius_upper,64,64,11246384345891828689509/2417851639229258349412352,3538956949988517450695/604462909807314587353088,12147056974516948958515/2417851639229258349412352,666070306564659331767/151115727451828646838272,0,64,6321334070411678028049/1208925819614629174706176,0
14,97/100,"[1, 0]",1,9/10,32769,control,calibration_squared_error,64,64,579746053021348897831355855939/1329227995784915872903807060280344576,82539320504530227471866011509/10384593717069655257060992658440192,1448524026092670129614026456153/1329227995784915872903807060280344576,1970538837331185961523561205/166153499473114484112975882535043072,0,64,6093406574665345153900356924665/2658455991569831745807614120560689152,0
14,97/100,"[1, 0]",1,9/10,32769,control,source_acceptance_excess,64,0,,,,,0,64,,64
14,97/100,"[1, 0]",1,9/10,32769,control,source_radius_width,64,0,,,,,0,64,,64
14,97/100,"[1, 0]",1,9/10,32769,control,source_width,64,64,0,0,0,0,0,64,0,0
15,97/100,"[1, 1/10]",0,9/10,4097,primary,calibration_radius_upper,64,0,,,,,0,64,,64
15,97/100,"[1, 1/10]",0,9/10,4097,primary,calibration_squared_error,64,0,,,,,0,64,,64
15,97/100,"[1, 1/10]",0,9/10,4097,primary,source_acceptance_excess,64,64,730640255676542944058063092930271471288393414572831371978623577318409003792384792617780653918521884808902951932531493106631951306582232016348143318361826154770764905701754348340645737733502547513452331209602533416043143895138001769647704979985795674638698048511204728849664975603237562483789852134804659620181582378650620998348640447628927081153684129944751682298180351801493213730023101721487772488799723376428871/2314722056652795543994083184550929026493237899424162399183780792043169411079482482813989254628327640464983808197785291492453013418467837662863485029789246732899068296072202895470972369237746060338914537586031587160244643098878117014208373775771354897010880258715048609711234830289038040981524415758293193941714869992332294662855874151667433067319181942719757017743487889705974107535651311644122402604845719061203517440000,7844566815817487191533440502921907786091939962378936195435616302083198309096003544654283068018938889204754599678388169560974988277817835962473747878579667157703926746742759425999289781190556103511193344659746196310729392377196330857824703799188577421354508537839917039968625315039792556788553911290772357428104727171191629109631579756417513/3387030852821488215968540989422226459659608596942521537161230723062527054617187420909232334297313951443241077801967806303649710016224893833153080524725387246431612020780836635481945721251782028752698720317666599769605677987562648937657853237517263889015660540602930508982155662527479557745177270933174542144571842587190224672662675266367295324160,3709596059846558990471735934576321974480202121115428830848529754053816998631455728064645686905462845361865600319364517295686700073010958014588189780659462410928568738291843589244663641964085977031091938832221038199808018347807726393166352084101241347082411646602157008445329384891653495013749261379712950008526306779798268951235414274764539299598525506610623966372185780420181411047215163974716563465159301833901/3865552546228151622896852451683179591024721147723424972476803386124127659264163452802643869783312951035986367840706999347300014039938680749812396787016220011656639092192102169267587880341198928393887691885672323067366663449717268090070143829128641498853434660933301600430048411360009186406408052321976452188422898017566748153691192100325630441397198250820021952683921054710437173705932531339409885455619509375624806400,105642826355452365261124631685506254713064885709976573814688907008343662991066222981125879541155255042362059142260971065906799664318621482849197799185974549488942798374903954124687701685491465021385748945429468861893507461089832054318532816421979300157864170576352707168829891419397626052838284854715863952862492756858064205915902187550723217/8370594141157664639615223482506205923683388618948982774299673833610282585285360987998165047236523906203504972123318975772018183433586350498504945492535162613619311188287807332353744092048612011643926942024326501806120976231606321398646581619863237617847293633641230534005899114493356626790539341023298108866676349137694707830166273481371979930927104,0,64,5453875864993858609172050710526527164882474633995754625656949691361366157495209957168607238014570849154229965713578030123998352157007235673540971998652094974250743608457291258600301285303356183067052050094587830304640055119474026449554033443264754280516011110426153904528628975466686816841010950353294801148990555334501786766269770694759159340978784075713028400279951559205607802546682252957058136910261262622814917/3577483889910901008763416781616987466866654368452365594871053717711234322068096016914169635459621519957961653689152912820203774031612884223259027198997594405585116296746321022810805173020561001568694808098094434029427092736179386609580455824556938512214533438818623633571203659286684811245426915419512883413533897246525546421484466987589151038300179749771283625235337531083538533101851934362406198473365161325246766120960,0
15,97/100,"[1, 1/10]",0,9/10,4097,primary,source_radius_width,64,64,18145727887509427077928459513815922257289842054211981216944075987018584202541246259295300754241810917526170345937841172857348114886906490471518600783302418991166058728593459195652178234477613306609966701845101539044796359229478959974054805508599141529999534857/38933603892109175684033821794398235828360586743097901556009196818416391045041800899836369213449435317623776268696200750060939754264981037633557643967157159939482445211910653072079621336717143782287721812066893987982786660426881535051555629749470648921507194291919171380761355013884293250,18145727887509427077928459513815922257289842054211981216944075987018584202541246259295300754241810917526170345937841172857348114886906490471518600783302418991166058728593459195652178234477613306609966701845101539044796359229478959974054805508599141529999534857/38933603892109175684033821794398235828360586743097901556009196818416391045041800899836369213449435317623776268696200750060939754264981037633557643967157159939482445211910653072079621336717143782287721812066893987982786660426881535051555629749470648921507194291919171380761355013884293250,18145727887509427077928459513815922257289842054211981216944075987018584202541246259295300754241810917526170345937841172857348114886906490471518600783302418991166058728593459195652178234477613306609966701845101539044796359229478959974054805508599141529999534857/38933603892109175684033821794398235828360586743097901556009196818416391045041800899836369213449435317623776268696200750060939754264981037633557643967157159939482445211910653072079621336717143782287721812066893987982786660426881535051555629749470648921507194291919171380761355013884293250,18145727887509427077928459513815922257289842054211981216944075987018584202541246259295300754241810917526170345937841172857348114886906490471518600783302418991166058728593459195652178234477613306609966701845101539044796359229478959974054805508599141529999534857/38933603892109175684033821794398235828360586743097901556009196818416391045041800899836369213449435317623776268696200750060939754264981037633557643967157159939482445211910653072079621336717143782287721812066893987982786660426881535051555629749470648921507194291919171380761355013884293250,0,64,18145727887509427077928459513815922257289842054211981216944075987018584202541246259295300754241810917526170345937841172857348114886906490471518600783302418991166058728593459195652178234477613306609966701845101539044796359229478959974054805508599141529999534857/38933603892109175684033821794398235828360586743097901556009196818416391045041800899836369213449435317623776268696200750060939754264981037633557643967157159939482445211910653072079621336717143782287721812066893987982786660426881535051555629749470648921507194291919171380761355013884293250,0
15,97/100,"[1, 1/10]",0,9/10,4097,primary,source_width,64,64,16361/262144,48061/524288,145735/2097152,12871/262144,0,64,159725/2097152,0
15,97/100,"[1, 1/10]",0,9/10,4097,control,calibration_radius_upper,64,64,11524074724374311591229/2417851639229258349412352,3471070392087430338331/604462909807314587353088,190456208249806025841/37778931862957161709568,2595901859230098937185/604462909807314587353088,0,64,25236812238237016316749/4835703278458516698824704,0
15,97/100,"[1, 1/10]",0,9/10,4097,control,calibration_squared_error,64,64,31075048024202848203874027382703/66461399789245793645190353014017228800,97793278114097262805132780174277/16615349947311448411297588253504307200,8998437701580373295569770130401/8307674973655724205648794126752153600,8234321873221981044396325397/16615349947311448411297588253504307200,0,64,34735671989055264443493778958337/16615349947311448411297588253504307200,0
15,97/100,"[1, 1/10]",0,9/10,4097,control,source_acceptance_excess,64,0,,,,,0,64,,64
15,97/100,"[1, 1/10]",0,9/10,4097,control,source_radius_width,64,0,,,,,0,64,,64
15,97/100,"[1, 1/10]",0,9/10,4097,control,source_width,64,64,0,0,0,0,0,64,0,0
15,97/100,"[1, 1/10]",0,9/10,32769,primary,calibration_radius_upper,64,12,23899847035692075079851/4835703278458516698824704,6611812369463896414685/1208925819614629174706176,12330225607188603357329/2417851639229258349412352,2707868750308468190263/604462909807314587353088,0,64,25302503172557775567739/4835703278458516698824704,52
15,97/100,"[1, 1/10]",0,9/10,32769,primary,calibration_squared_error,64,12,4777944081433541689917237156157/16615349947311448411297588253504307200,1580412440921377386080497344581/519229685853482762853049632922009600,36210770978097488239519124955749/33230699894622896822595176507008614400,8234321873221981044396325397/16615349947311448411297588253504307200,0,64,142240678893180144878796562871933/66461399789245793645190353014017228800,52
15,97/100,"[1, 1/10]",0,9/10,32769,primary,source_acceptance_excess,64,64,882755206900256662878687392713761098189199350150697435213357060310881139294807636980257124309581336202305653532571233259906590182774225226623611210892947411525274208384719340450438459279209256874025846809685086123629073554903961661472245317951163903133425537245749758007981145253647080738051602985600730671956249568310584048609810593168897910674789516439473182766060596662462721718733591944194559260587214864481101217/2271083025091583578071031552869524286695467922706542190318682796396934595389124261954699055268105807090947208503813791540110726814952767913450243362856980579774823880426961837195446259354661434134263085038349375457071003551785078226434236459502504512190726288050488408780770653344226160845527187282912095689752363129203402058640047162847358438511439572419102302105599222654819576400804166119246984961182801485434316442828800,9094887717006536243281769058339454455381835576448895753079070204927409655463556501675902762321241502630641466991206270794492686142397882275852634164149199217776216195739137091474319767643359335264080172802055616796616676680199916887701684893902746253296115984527308110754376685753921543746662798401726043441367311798907233360709748063656203182509/5805714913098321416418385447481073401124837128933125612014836973961860336811222495085752714525582349606557966416975609267293467605415706912433311594394628050529895502518623252333792537102708143337506556549833849672429323527619734720852988149491076775935324004513942863382926561559155225512151214225289130902003533500700149728948535143871907798974464000,1529094624059551275224555186281143299436429980246210875366966110931684265794579486875868839222427613560588934393415789330388905440155633266534768260304769208941411675175349103645444985775236151410340109579243732787661558779633020668354434577021364318798502255993857274229788075494369635721432550046411689051998912179962292324574441961665058498743482362372257367254379673543464396227271812354564183866430121600253922839007/1921940890935858769235443225539216065923586912610192101486477074593096655714488312158085368986135539826195491014070000208432330377254968355900807114267831375843220828095533546299209581677777448123854225861993045203559129249428690756553025203117135672178154929545888175235072984275048502397394025027067118663796704913666444623029241234783358088046839984676279073309127176845570770341755518920641284753953503671927885731387670528,6293910290705035087837726543223693962486352719911435226958865490755671829587177534308837350512927607641214417549546726268354915146377704578188587876810367043179873239215910058069738222562466805173044468476356590622555841209031271808900065661290840681538402322036963025930786260265823239717388830734656724755666862209965113397721287587/3896222577053729046691747847283614275540743129491012200998010591151668618526941913179105089951700766055993796059277604949037139435501046047403039774685212992687491948154271791830485568258995742542005064539810991382850524013014682811990215436156868133977690129452818234412343889223691196372689701292850064311745479293488999446408045611764940800,0,64,2173067794025657610446693052025807861333385113162473396930447186775812239821648069637472179439436253178069802369131941998995300007723293228306595887740246735171542276712749485484433542238955061891578510705701739482938748908097419475960087848673521823989154738999936831389508236543412043694976046499266762133714607126399161268582092627188729543747539801496496148130666734268633842426089272253245026975652352304206380401632517/1718065778891760873960921515786677589477291999533890545859802418389476642111238110461772559017906550969114288654367942748541593701272197485578670897321554107353152733492406575251162408744415904862199045466866423698660381905845486643657907489847471256598866435169544650461015525084881797488813474514050129010170155394848031393823857981996552795692115361287591471873709162122755583224465166282611337105752615709612951141659285913600,0
15,97/100,"[1, 1/10]",0,9/10,32769,primary,source_radius_width,64,64,55950970790987763802739576371465047675387909697228555608894874297870812689663852304475046253143507797844364051336132264525278555879744522879551328998776599321061718077601297620209408626211410509182496620773763322067717757643514406997446938154221512266394683/1055856534180333713750299405054071735196580198438747206782035529524309446564803120675734086197294227911226028126652323783161619365796754653422265888609672823097075849211028437567911642590207810234505098460228490834997007071320989461240581035891729367510383081266478083989514287831203619,55950970790987763802739576371465047675387909697228555608894874297870812689663852304475046253143507797844364051336132264525278555879744522879551328998776599321061718077601297620209408626211410509182496620773763322067717757643514406997446938154221512266394683/1055856534180333713750299405054071735196580198438747206782035529524309446564803120675734086197294227911226028126652323783161619365796754653422265888609672823097075849211028437567911642590207810234505098460228490834997007071320989461240581035891729367510383081266478083989514287831203619,55950970790987763802739576371465047675387909697228555608894874297870812689663852304475046253143507797844364051336132264525278555879744522879551328998776599321061718077601297620209408626211410509182496620773763322067717757643514406997446938154221512266394683/1055856534180333713750299405054071735196580198438747206782035529524309446564803120675734086197294227911226028126652323783161619365796754653422265888609672823097075849211028437567911642590207810234505098460228490834997007071320989461240581035891729367510383081266478083989514287831203619,55950970790987763802739576371465047675387909697228555608894874297870812689663852304475046253143507797844364051336132264525278555879744522879551328998776599321061718077601297620209408626211410509182496620773763322067717757643514406997446938154221512266394683/1055856534180333713750299405054071735196580198438747206782035529524309446564803120675734086197294227911226028126652323783161619365796754653422265888609672823097075849211028437567911642590207810234505098460228490834997007071320989461240581035891729367510383081266478083989514287831203619,0,64,55950970790987763802739576371465047675387909697228555608894874297870812689663852304475046253143507797844364051336132264525278555879744522879551328998776599321061718077601297620209408626211410509182496620773763322067717757643514406997446938154221512266394683/1055856534180333713750299405054071735196580198438747206782035529524309446564803120675734086197294227911226028126652323783161619365796754653422265888609672823097075849211028437567911642590207810234505098460228490834997007071320989461240581035891729367510383081266478083989514287831203619,0
15,97/100,"[1, 1/10]",0,9/10,32769,primary,source_width,64,64,179727/4194304,6707/131072,96967/2097152,36389/1048576,0,64,50477/1048576,0
15,97/100,"[1, 1/10]",0,9/10,32769,control,calibration_radius_upper,64,64,11524074724374311591229/2417851639229258349412352,3471070392087430338331/604462909807314587353088,190456208249806025841/37778931862957161709568,2595901859230098937185/604462909807314587353088,0,64,25236812238237016316749/4835703278458516698824704,0
15,97/100,"[1, 1/10]",0,9/10,32769,control,calibration_squared_error,64,64,31075048024202848203874027382703/66461399789245793645190353014017228800,97793278114097262805132780174277/16615349947311448411297588253504307200,8998437701580373295569770130401/8307674973655724205648794126752153600,8234321873221981044396325397/16615349947311448411297588253504307200,0,64,34735671989055264443493778958337/16615349947311448411297588253504307200,0
15,97/100,"[1, 1/10]",0,9/10,32769,control,source_acceptance_excess,64,0,,,,,0,64,,64
15,97/100,"[1, 1/10]",0,9/10,32769,control,source_radius_width,64,0,,,,,0,64,,64
15,97/100,"[1, 1/10]",0,9/10,32769,control,source_width,64,64,0,0,0,0,0,64,0,0
16,97/100,"[1, 1/10]",1,2/5,4097,primary,calibration_radius_upper,64,0,,,,,0,64,,64
16,97/100,"[1, 1/10]",1,2/5,4097,primary,calibration_squared_error,64,0,,,,,0,64,,64
16,97/100,"[1, 1/10]",1,2/5,4097,primary,source_acceptance_excess,64,64,9791787086428598241099289830390875897016185178858299580013545988890782008683067757351187104505900512107483692702393147180660605668964959156799574932326396463766439675508825677294918948489184185032828814027532021680648771899991716972679108625433957190241886432155722793891828504920545756798359787365837603259620196785317163986926966802674462142532831628434142177640854688336080236548263094613839485311826030600239/17081891939238104159115269331710200567668998465330079371468137998871462244836678916238413722718221550921803338993465540019387950954081915711930392187442628337521571599141815175031131439524919941858539236670763354778105402440693037424658740817474239952058086856143332457191108252435950565042522635862971365399890800008351666295488475922809549486535221087032088896746959072989038212106777742814438077464162930795531468800,580886570822322561906293425695399522183258062790254024931673901868698789301853502912758909884832948870696143393399757832164853892155994689539350591911214791423008304836195310622088324158838881773580829132485780552092605251718467608883679557216599175472361310093109329590994569716935289232680361839190530373894328232508272038305823322148051/244558226050151142653210011106758651886110178243255563014079755746079625098592119947776879263605461192285050100640954485009377226801475857519177766674354391758130760500280139439824825245797113411018993092525703877535149979313383796356643775865373975936926329655830356657646205327376069213022564338176940104496580108493143959422188668612037836800,4592495721149536517650270964569915432090612591831447795855701138180088738778033437275546146678489101460945723674505682745488273335431267429654099562454096068394077736021483273929139222049562463971133859125335918592285646071963754612267863449804578431247800368870044414804186020096383027588797216120315040128437814221544546879862616447457621923501347914600079674335625059397237203848628011035382947905822532098980579/4860663678460555952591721556228500550273859615280064678144500392646377798648544651296156097116430925548545952018368993811121405332953018464438845419857898202425527812216699760510474056468197207846098059887321799358956500299326676488248492306474445828366170824532787974412678657485378262387900531516020341369513056807686975957745768790861289993569221013849624596321017649742781081286856590342133647558922130955098809958400,428730041146267634990198928888801965553887088080954535966823528521711613257464100879829944093149381088417019406190272395027212660669143256694478756301161451915915556554546035978513884519335427264527255233788778179008305414599430691688659966613677745083762582604899291197179044676716241059127103716686014342058497358211724595225020504905444291/6772086217269071358544252073800367555087379440989139984795402282518272790700116936199601234193173013720333667376749524256405923284611582984904712018179238047171490596566883318534214842020009946845456195514707028725802809744395016611052859218075110495696517591750580452577428088660505463336001187790348631113519527813770172385740492259985783301079040,0,64,111348787861306509887524030056969994432892154166612739871226483207384473553216736040074006235078640971592615720385822299793904007930568936937522451734756644253785387975010946017962143233810284271889093381571151033727845443783193450707705081860135004627945282907265118933902892521975525439938345029613663203489325859000947481893032612593007099871463862458053740271191989438708233543801814437287791112871265859739/76359323923004398409740881360560604493849199691825895695992239846231235657121373502791025497393576553458271884040113947987692476055161330552308784252693514639265434854149611498438945264726707281043103763820514533196795032457754841591417816496126583138035105651993498560937535718726116800591834906910169808013219921507282550666202314620764075772012310833732907730132120906713315797503696641179571129978502284050432000,0
16,97/100,"[1, 1/10]",1,2/5,4097,primary,source_radius_width,64,64,18145727887509427077928459513815922257289842054211981216944075987018584202541246259295300754241810917526170345937841172857348114886906490471518600783302418991166058728593459195652178234477613306609966701845101539044796359229478959974054805508599141529999534857/38933603892109175684033821794398235828360586743097901556009196818416391045041800899836369213449435317623776268696200750060939754264981037633557643967157159939482445211910653072079621336717143782287721812066893987982786660426881535051555629749470648921507194291919171380761355013884293250,18145727887509427077928459513815922257289842054211981216944075987018584202541246259295300754241810917526170345937841172857348114886906490471518600783302418991166058728593459195652178234477613306609966701845101539044796359229478959974054805508599141529999534857/38933603892109175684033821794398235828360586743097901556009196818416391045041800899836369213449435317623776268696200750060939754264981037633557643967157159939482445211910653072079621336717143782287721812066893987982786660426881535051555629749470648921507194291919171380761355013884293250,18145727887509427077928459513815922257289842054211981216944075987018584202541246259295300754241810917526170345937841172857348114886906490471518600783302418991166058728593459195652178234477613306609966701845101539044796359229478959974054805508599141529999534857/38933603892109175684033821794398235828360586743097901556009196818416391045041800899836369213449435317623776268696200750060939754264981037633557643967157159939482445211910653072079621336717143782287721812066893987982786660426881535051555629749470648921507194291919171380761355013884293250,18145727887509427077928459513815922257289842054211981216944075987018584202541246259295300754241810917526170345937841172857348114886906490471518600783302418991166058728593459195652178234477613306609966701845101539044796359229478959974054805508599141529999534857/38933603892109175684033821794398235828360586743097901556009196818416391045041800899836369213449435317623776268696200750060939754264981037633557643967157159939482445211910653072079621336717143782287721812066893987982786660426881535051555629749470648921507194291919171380761355013884293250,0,64,18145727887509427077928459513815922257289842054211981216944075987018584202541246259295300754241810917526170345937841172857348114886906490471518600783302418991166058728593459195652178234477613306609966701845101539044796359229478959974054805508599141529999534857/38933603892109175684033821794398235828360586743097901556009196818416391045041800899836369213449435317623776268696200750060939754264981037633557643967157159939482445211910653072079621336717143782287721812066893987982786660426881535051555629749470648921507194291919171380761355013884293250,0
16,97/100,"[1, 1/10]",1,2/5,4097,primary,source_width,64,64,138505/2097152,50655/524288,1147/16384,24343/524288,0,64,335731/4194304,0
16,97/100,"[1, 1/10]",1,2/5,4097,control,calibration_radius_upper,64,64,23292129101448531594155/4835703278458516698824704,7006667239732995028665/1208925819614629174706176,6068966196731120053153/1208925819614629174706176,1261382594878125007759/302231454903657293676544,0,64,25501973487095593468017/4835703278458516698824704,0
16,97/100,"[1, 1/10]",1,2/5,4097,control,calibration_squared_error,64,64,6024115968035942874941985078157/16615349947311448411297588253504307200,8196289294572260319774477300557/1038459371706965525706099265844019200,39380918897837172175458082159709/33230699894622896822595176507008614400,32947439823210248041167315869/2076918743413931051412198531688038400,0,64,44753394658493360196861300521537/16615349947311448411297588253504307200,0
16,97/100,"[1, 1/10]",1,2/5,4097,control,source_acceptance_excess,64,0,,,,,0,64,,64
16,97/100,"[1, 1/10]",1,2/5,4097,control,source_radius_width,64,0,,,,,0,64,,64
16,97/100,"[1, 1/10]",1,2/5,4097,control,source_width,64,64,0,0,0,0,0,64,0,0
16,97/100,"[1, 1/10]",1,2/5,32769,primary,calibration_radius_upper,64,5,5856310504094386982371/1208925819614629174706176,1597918993698871348731/302231454903657293676544,3075438881509983853243/604462909807314587353088,5828735600576942030653/1208925819614629174706176,0,64,6370099170766702691031/1208925819614629174706176,59
16,97/100,"[1, 1/10]",1,2/5,32769,primary,calibration_squared_error,64,5,5219904742730978925820194781933/4153837486827862102824397063376076800,36240715052426878776075764693677/16615349947311448411297588253504307200,2814773596412058430325796073409/2076918743413931051412198531688038400,2523121064620647492868134455249/2076918743413931051412198531688038400,0,64,2118514580644558617701073753577/1038459371706965525706099265844019200,59
16,97/100,"[1, 1/10]",1,2/5,32769,primary,source_acceptance_excess,64,64,917832082805116851541374390281261915975736466146399606881385355774307858860705955821286370367455712770951423425171411329893657550180869700901280640920852746689787446236442335511414208565516625644561086899886768903592465045293900063653206322016486473910347711072920510685664342570261937035362737753336867184082020261052082787805383950707614554968192695956061929345773351304920353598042749710773163637715613806463131346298373/1770005159838735760270258245273144716946025959547386142475785606091656519550656876866294926058479652720301843580742222316295250540203115666963647230520584525760052302651529164666841327229117596193398363867158851873596225542876177647803357424823489943965258375299836746821090342717555120425918341135020960219264233922203864049243203494788576784511379303973550200688141700926891171192243405422697479589560782948844194405334541926400,73640971209227124454237210883465281840091864377198833931107962130412047244220662090620586137644783380998935562987504478961985929322055607878238723916895360353597919729187966768712410262483858976946637280181278314877207896745195121224866359363638549649096933858405306996313337527449570077025843869513993809817333426076774652015230638589840505589/45755187984059163832266006331368299377765499194086189016085488744440242022526515439420951519863013485277462281361534194487854754809073200725488237158589750134125448614720454960210152011890882489780262311091292978474803827750682883804740675830293770324492192385768041206977033590451932990635296724540643884966567049786651893813324289120830486478848000,19505523910896577818154975106595145493934435684908090925864032749286188812561404107362652682160807061562204843986531531168214782378699240388967649496218103092976391873556900130811035310138745780309679602899745905452805344344448924617744688658087025872585166786471698920620992670190685189728751046242399997809727047062150779529390955943422373799365097699378206201032405520286222755418039283516602736528119320986686588899/25635317769665343428456428229293676445089737045816003728919565739098557512494023730401568968204087716073240606659707218455224291045197121424314734268821578678635716877663829659658990424211393317366811397832397746809342092777707340442488031505242679552238857424263123704427126930609779213087220775506692746807093510262402180279458057770167753360514036572871915206808703327606927110989354442245548405526110633427390626267136000,19975899879446563914963404332086120935881513385188984692803372484384501769273415397220996728576077374180165438391575700173986073869992298332721254373465646810690519651852843168209183925020473415645708336925961951336850594391879166410684046717106463352104135677424344775108993161763319811561329809184964656846837153415158516621079628059097202417/1163620583905175702650420814153009707743604887404849087695675566661011480482261374487314498784290304444131899237041789037245064207066538847601488357193230031244511016090574636144682829981373246385546397160540647908063347051267783076347276716777979301367101745106736389974363319384546880191122224163864684520407966892884717867790652606495506824796569600,0,64,130985356836880561208485158096744907939258381883538446225097066593795096816337431715917917045956232504302816900668261991944023865614888172892841604099354218303911255025471347762697101174742287803517857741618599760936097194208278132341811563015726161504178519856463792268238446817537366499065637304772123413546979190236235770781504714377687208947646366450665353621427228510843182614524910573808912360889861886214411597126171/116848650202090281296571385616037097145196763183632426144849219060741809006069898414512412325594467463014012539213083346891649965959445445195063063743403147610649044197150091431070487503710674899202920216922204877015104936782672273934143296898519072639807809136012615858186000097516450617420822562489358187184222122887811701205888215676078711894748887729977896769251211282666810487150480220396033526304928008507369119178461020160,0
16,97/100,"[1, 1/10]",1,2/5,32769,primary,source_radius_width,64,64,55950970790987763802739576371465047675387909697228555608894874297870812689663852304475046253143507797844364051336132264525278555879744522879551328998776599321061718077601297620209408626211410509182496620773763322067717757643514406997446938154221512266394683/1055856534180333713750299405054071735196580198438747206782035529524309446564803120675734086197294227911226028126652323783161619365796754653422265888609672823097075849211028437567911642590207810234505098460228490834997007071320989461240581035891729367510383081266478083989514287831203619,55950970790987763802739576371465047675387909697228555608894874297870812689663852304475046253143507797844364051336132264525278555879744522879551328998776599321061718077601297620209408626211410509182496620773763322067717757643514406997446938154221512266394683/1055856534180333713750299405054071735196580198438747206782035529524309446564803120675734086197294227911226028126652323783161619365796754653422265888609672823097075849211028437567911642590207810234505098460228490834997007071320989461240581035891729367510383081266478083989514287831203619,55950970790987763802739576371465047675387909697228555608894874297870812689663852304475046253143507797844364051336132264525278555879744522879551328998776599321061718077601297620209408626211410509182496620773763322067717757643514406997446938154221512266394683/1055856534180333713750299405054071735196580198438747206782035529524309446564803120675734086197294227911226028126652323783161619365796754653422265888609672823097075849211028437567911642590207810234505098460228490834997007071320989461240581035891729367510383081266478083989514287831203619,55950970790987763802739576371465047675387909697228555608894874297870812689663852304475046253143507797844364051336132264525278555879744522879551328998776599321061718077601297620209408626211410509182496620773763322067717757643514406997446938154221512266394683/1055856534180333713750299405054071735196580198438747206782035529524309446564803120675734086197294227911226028126652323783161619365796754653422265888609672823097075849211028437567911642590207810234505098460228490834997007071320989461240581035891729367510383081266478083989514287831203619,0,64,55950970790987763802739576371465047675387909697228555608894874297870812689663852304475046253143507797844364051336132264525278555879744522879551328998776599321061718077601297620209408626211410509182496620773763322067717757643514406997446938154221512266394683/1055856534180333713750299405054071735196580198438747206782035529524309446564803120675734086197294227911226028126652323783161619365796754653422265888609672823097075849211028437567911642590207810234505098460228490834997007071320989461240581035891729367510383081266478083989514287831203619,0
16,97/100,"[1, 1/10]",1,2/5,32769,primary,source_width,64,64,91095/2097152,13979/262144,96081/2097152,4143/131072,0,64,203739/4194304,0
16,97/100,"[1, 1/10]",1,2/5,32769,control,calibration_radius_upper,64,64,23292129101448531594155/4835703278458516698824704,7006667239732995028665/1208925819614629174706176,6068966196731120053153/1208925819614629174706176,1261382594878125007759/302231454903657293676544,0,64,25501973487095593468017/4835703278458516698824704,0
16,97/100,"[1, 1/10]",1,2/5,32769,control,calibration_squared_error,64,64,6024115968035942874941985078157/16615349947311448411297588253504307200,8196289294572260319774477300557/1038459371706965525706099265844019200,39380918897837172175458082159709/33230699894622896822595176507008614400,32947439823210248041167315869/2076918743413931051412198531688038400,0,64,44753394658493360196861300521537/16615349947311448411297588253504307200,0
16,97/100,"[1, 1/10]",1,2/5,32769,control,source_acceptance_excess,64,0,,,,,0,64,,64
16,97/100,"[1, 1/10]",1,2/5,32769,control,source_radius_width,64,0,,,,,0,64,,64
16,97/100,"[1, 1/10]",1,2/5,32769,control,source_width,64,64,0,0,0,0,0,64,0,0
17,97/100,"[1, 1/10]",1,9/10,4097,primary,calibration_radius_upper,64,0,,,,,0,64,,64
17,97/100,"[1, 1/10]",1,9/10,4097,primary,calibration_squared_error,64,0,,,,,0,64,,64
17,97/100,"[1, 1/10]",1,9/10,4097,primary,source_acceptance_excess,64,64,8951444424149446591831389915591651694529788272139391958939475654565321424022586980893432027472880672095303403313742863267923713012040787583106018963212492450380264889784350711242335777412321341554711291233157331156966878119591235813507481725477975859965214953989381413212527900132594765366759712296176768062277697550911103557625003193184855138608874809202411915394490555711455489383012122472873610517849473594889/12904375517967604444355662361249050664953755706065910650381847887773921848267271397335385273412715717735575644006781570780114563114666993054458652867990316574186568017711515073976490506805235125294688751015328013447657481542652533297414692903400607082236343417857236292866930460060025636616239114716925944420000890838850286664712290545351675630734880712244805660767394514840402654433394175015943984344032472477990912000,560169529592653789005321633563356384965546280433397414836147985792712611427297598571145775940258308792605653847007819410799959190547382582039313806046302833685583505615219387424438127211186032510045696124781670513203670454389958498751143109287120564177589461156603730531976765494609437890966066409394827036328468705770486769909993637743105/246282394071309127451997544047920605263767318141258634715748421355081121003231331174942547935391341868024506611849283918955514381762634223873957890138236499810363126876347278153007961604185541724802195584677616519809786017368520873766058939295499223218146859247161265079837319929525760119284520565397362514680471517217151425646192867968030867456,18199221746565708133635273030179873527238520955822060040343720395404931155568426198833390348384480275885059901633868448921200896256450295522515937338142668944992888210909963077229738535276189494215988433392975947280715960422376562105440722439671779668711424735099510242696437171585054789401054481939452432830671387437424244445873335389143979999017101973390489938630118098839457371454235585052659110182202113857897/18207218579593157228622146171553955152451117577055298072636780316324548582267114591620424131075783524239810887626663236116554417251820052887135797769146442002056084812857281686738646914638295552623228446118939268755495248376716643881647818809276963030575981072870556279703936440048719449698603673757039204611681324632215004835648541877639739339909756357194175544388811729299303748227848122993678049048219227114595942400,8007565065133005377153235531063074724897980367684285235272847615093419888252470393985449589044421742771662595251673716412206184558881410606980143206884074855751765984965495130538088834458162271555954173109448000492660780921144765579156804447941770777855508278215108219806059297428153688296680565919529027096012298779574617722758933638820279/330495853204854197350026999395137365793331495320112883057168838824519514203713747521083930820480588086222618661202931388389131585317661871441553183983482552577623209661358239443292675806516962244398986261767866257376552391085875931193741737294652719420741292069977890491334051603050897913526864063785297744670485077578965345428295558399207522959360,0,64,24877723461216427368804738600096324435901323733148979896926370140545508080967580800549248380203360578682600889291771296651405471474806451507792229953147511761142194882696055246039812681294571455286031077177893557505282534583687347546754699365946951786129660521988607536282610850698116144645208479494920088280501727065214690322320419719977150071780066854420522719771349694188290155977285847970916571331118241779879/16431496166960484023227599921848617289284708678737113501147461438893550969207392145091381795281323593179947877395539403161104887849028598863630469111437980966932823891111747233606249108553851959598973240670047374428177896385124327912397741142600847170752388253303634174875496159263042773319351459794998030901494776622533180364709990104013301529064597061752041483624169002980486606496242734675866325107605781615948595200,0
17,97/100,"[1, 1/10]",1,9/10,4097,primary,source_radius_width,64,64,18145727887509427077928459513815922257289842054211981216944075987018584202541246259295300754241810917526170345937841172857348114886906490471518600783302418991166058728593459195652178234477613306609966701845101539044796359229478959974054805508599141529999534857/38933603892109175684033821794398235828360586743097901556009196818416391045041800899836369213449435317623776268696200750060939754264981037633557643967157159939482445211910653072079621336717143782287721812066893987982786660426881535051555629749470648921507194291919171380761355013884293250,18145727887509427077928459513815922257289842054211981216944075987018584202541246259295300754241810917526170345937841172857348114886906490471518600783302418991166058728593459195652178234477613306609966701845101539044796359229478959974054805508599141529999534857/38933603892109175684033821794398235828360586743097901556009196818416391045041800899836369213449435317623776268696200750060939754264981037633557643967157159939482445211910653072079621336717143782287721812066893987982786660426881535051555629749470648921507194291919171380761355013884293250,18145727887509427077928459513815922257289842054211981216944075987018584202541246259295300754241810917526170345937841172857348114886906490471518600783302418991166058728593459195652178234477613306609966701845101539044796359229478959974054805508599141529999534857/38933603892109175684033821794398235828360586743097901556009196818416391045041800899836369213449435317623776268696200750060939754264981037633557643967157159939482445211910653072079621336717143782287721812066893987982786660426881535051555629749470648921507194291919171380761355013884293250,18145727887509427077928459513815922257289842054211981216944075987018584202541246259295300754241810917526170345937841172857348114886906490471518600783302418991166058728593459195652178234477613306609966701845101539044796359229478959974054805508599141529999534857/38933603892109175684033821794398235828360586743097901556009196818416391045041800899836369213449435317623776268696200750060939754264981037633557643967157159939482445211910653072079621336717143782287721812066893987982786660426881535051555629749470648921507194291919171380761355013884293250,0,64,18145727887509427077928459513815922257289842054211981216944075987018584202541246259295300754241810917526170345937841172857348114886906490471518600783302418991166058728593459195652178234477613306609966701845101539044796359229478959974054805508599141529999534857/38933603892109175684033821794398235828360586743097901556009196818416391045041800899836369213449435317623776268696200750060939754264981037633557643967157159939482445211910653072079621336717143782287721812066893987982786660426881535051555629749470648921507194291919171380761355013884293250,0
17,97/100,"[1, 1/10]",1,9/10,4097,primary,source_width,64,64,275723/4194304,11513/131072,72945/1048576,6425/131072,0,64,153849/2097152,0
17,97/100,"[1, 1/10]",1,9/10,4097,control,calibration_radius_upper,64,64,23005769718113021022641/4835703278458516698824704,3653941155985955992849/604462909807314587353088,6035188590098688255913/1208925819614629174706176,5461921069836904603487/1208925819614629174706176,0,64,25287721022658667490341/4835703278458516698824704,0
17,97/100,"[1, 1/10]",1,9/10,4097,control,calibration_squared_error,64,64,44513487511757312150349241999613/66461399789245793645190353014017228800,29370485324732293298080137587033/4153837486827862102824397063376076800,19975133816040550142781731447467/16615349947311448411297588253504307200,382430041423046928406981992077/16615349947311448411297588253504307200,0,64,151028785274640633128634309257143/66461399789245793645190353014017228800,0
17,97/100,"[1, 1/10]",1,9/10,4097,control,source_acceptance_excess,64,0,,,,,0,64,,64
17,97/100,"[1, 1/10]",1,9/10,4097,control,source_radius_width,64,0,,,,,0,64,,64
17,97/100,"[1, 1/10]",1,9/10,4097,control,source_width,64,64,0,0,0,0,0,64,0,0
17,97/100,"[1, 1/10]",1,9/10,32769,primary,calibration_radius_upper,64,6,1424923773307204014971/302231454903657293676544,1571489374614752558641/302231454903657293676544,3029975733931597323233/604462909807314587353088,5461921069836904603487/1208925819614629174706176,0,64,6189223255197021278847/1208925819614629174706176,58
17,97/100,"[1, 1/10]",1,9/10,32769,primary,calibration_squared_error,64,6,2892744709291710072058582432463/4153837486827862102824397063376076800,48753437931815771963105523536117/16615349947311448411297588253504307200,26008229615551477133720538714609/33230699894622896822595176507008614400,535373868873608079348326974753/4153837486827862102824397063376076800,0,64,18754421102291435485529882237047/16615349947311448411297588253504307200,58
17,97/100,"[1, 1/10]",1,9/10,32769,primary,source_acceptance_excess,64,64,267870111223235826565042459513594098884923620848923348660961223061431051610270276124901764023136697728509856143415812903238257893603478011820612626132700791831059246937517347587706963446288216736269663583928146555632770997592091716464469702666553115360485138494611758009117477528607281083051435812602005754554799979197102463551443255753375812150887178808398697397969359010165708001448617419693399598487566031676806751080919/645448105441462240976344273311240756940372770945823578623923784251437164343858670071454600301394090141688469151347969829152133755059131726696618430434739549878821143885502089377780282843179340627322479227534227924444434468581221258757282108295519548568827437942352633777530208823519060212608441978350285679423987629753496303842191818447954323294296497362082266162826931243079656320987459290362716593770394513953783122281627648000,677894343825958307520702164648807918132268506734784707663597863567206610094348024101947960275548166012839454298771649635461791346623756218893367991297354099739306420230183239437932883138226694482265437459461405446618771183665007497453539659067495674812226144758864445611064893888418533713840642286820533423332704354879741020560236261524391055609/467373574523677986651932017140259117218283956282439435334638789252522998874259267583412017710864554791543367681392872524348953747946987256475775647083692640361185336918965383667094926460061450228591068952705419353834145421145532958461984970892700559715195857777652492255469206104183563378572106159721245848663532604501589405107081758845109369044992000,169338153841442170118069122686049890880856596879320103437832186428248006165698742928564868194959109220934942663259031569793127790883715208843988494558918897050816946474096362165529941159952872903818786328376818172634293810542019599303740601472546142630422836824484702000735902585605914724662733335794896307105110976339937423283609253354779817126327691163254287475466914951222351263772616552143442589524358434043196445217/274493144426187732066602559630953761164425090672427698003842221038031464223453979096437558381508318275814238404429755856735474425905868752509874589183620757020257975662060872118076474707561467430768573451518934639979351083302971457722919814770078188158670848909199753720403576143047044320704342062733230399754694583394497648338376059901899535641107332010591834700216428206500482457501078431533239244122493592973712927227904000,10444091097858933671175043684290837032359916985255449679155823500900127425902973740664091299888426962937443453237029911958170886254349902464527688982830378652720358896731689717548197608268227822966600073531755390709355545380303836633208671643665212370896993791890661804834732943626008074798906389889199794505188669355472959249696334531135644333/510899567310496566636596442956999843741844351144759206630896704499333421481338987391069263040632951026874100876314539563883487660151922297278382412630339882908968136581958504402542859092708786753561519423860223177140351187554909935082244544422653899922563623924039516085908452723188670910422983846341373450585127169917035254074283053293517969503027200,0,64,231112354281190122346010188029834977509457373486644768607438153866854961209531042314412562402621682246498403230926259349717225067815119424546152162709795901590504278778596843562504670465340695234190173585387656255096072773618213625239876482763048030019133486055874213180120754734797637858873517850255392904243010617401710732103532854804229687708008080702568029089692895120014908445259332599486434756031503605523493187613353/223188369233008459162549423304376495677962566578452630043188001153867571706879802192242089391428035099447670318345955086662302131676661479961870761074291449456676473061185848690237958113115562807549925735720760033875268109380891530426863677650873227578886367867667245372858051838092054884211693999203392534680538531079393158585593924237450545807824270234891567091388636330936981851880663339206295535945123886605739668042416128000,0
17,97/100,"[1, 1/10]",1,9/10,32769,primary,source_radius_width,64,64,55950970790987763802739576371465047675387909697228555608894874297870812689663852304475046253143507797844364051336132264525278555879744522879551328998776599321061718077601297620209408626211410509182496620773763322067717757643514406997446938154221512266394683/1055856534180333713750299405054071735196580198438747206782035529524309446564803120675734086197294227911226028126652323783161619365796754653422265888609672823097075849211028437567911642590207810234505098460228490834997007071320989461240581035891729367510383081266478083989514287831203619,55950970790987763802739576371465047675387909697228555608894874297870812689663852304475046253143507797844364051336132264525278555879744522879551328998776599321061718077601297620209408626211410509182496620773763322067717757643514406997446938154221512266394683/1055856534180333713750299405054071735196580198438747206782035529524309446564803120675734086197294227911226028126652323783161619365796754653422265888609672823097075849211028437567911642590207810234505098460228490834997007071320989461240581035891729367510383081266478083989514287831203619,55950970790987763802739576371465047675387909697228555608894874297870812689663852304475046253143507797844364051336132264525278555879744522879551328998776599321061718077601297620209408626211410509182496620773763322067717757643514406997446938154221512266394683/1055856534180333713750299405054071735196580198438747206782035529524309446564803120675734086197294227911226028126652323783161619365796754653422265888609672823097075849211028437567911642590207810234505098460228490834997007071320989461240581035891729367510383081266478083989514287831203619,55950970790987763802739576371465047675387909697228555608894874297870812689663852304475046253143507797844364051336132264525278555879744522879551328998776599321061718077601297620209408626211410509182496620773763322067717757643514406997446938154221512266394683/1055856534180333713750299405054071735196580198438747206782035529524309446564803120675734086197294227911226028126652323783161619365796754653422265888609672823097075849211028437567911642590207810234505098460228490834997007071320989461240581035891729367510383081266478083989514287831203619,0,64,55950970790987763802739576371465047675387909697228555608894874297870812689663852304475046253143507797844364051336132264525278555879744522879551328998776599321061718077601297620209408626211410509182496620773763322067717757643514406997446938154221512266394683/1055856534180333713750299405054071735196580198438747206782035529524309446564803120675734086197294227911226028126652323783161619365796754653422265888609672823097075849211028437567911642590207810234505098460228490834997007071320989461240581035891729367510383081266478083989514287831203619,0
17,97/100,"[1, 1/10]",1,9/10,32769,primary,source_width,64,64,90041/2097152,27107/524288,93963/2097152,36929/1048576,0,64,97459/2097152,0
17,97/100,"[1, 1/10]",1,9/10,32769,control,calibration_radius_upper,64,64,23005769718113021022641/4835703278458516698824704,3653941155985955992849/604462909807314587353088,6035188590098688255913/1208925819614629174706176,5461921069836904603487/1208925819614629174706176,0,64,25287721022658667490341/4835703278458516698824704,0
17,97/100,"[1, 1/10]",1,9/10,32769,control,calibration_squared_error,64,64,44513487511757312150349241999613/66461399789245793645190353014017228800,29370485324732293298080137587033/4153837486827862102824397063376076800,19975133816040550142781731447467/16615349947311448411297588253504307200,382430041423046928406981992077/16615349947311448411297588253504307200,0,64,151028785274640633128634309257143/66461399789245793645190353014017228800,0
17,97/100,"[1, 1/10]",1,9/10,32769,control,source_acceptance_excess,64,0,,,,,0,64,,64
17,97/100,"[1, 1/10]",1,9/10,32769,control,source_radius_width,64,0,,,,,0,64,,64
17,97/100,"[1, 1/10]",1,9/10,32769,control,source_width,64,64,0,0,0,0,0,64,0,0
