common_response,delta,length,calibration_noise,impulse_blocks,calibration_observations_per_channel,calibration_case,phi,spectral_ratio,first_variance,second_variance,signal,phase_upper,population_gap,rho_upper,joint_first_sufficient_grid_length,pair_coarse_first_sufficient_grid_length,separate_first_sufficient_grid_length,exact_first_sufficient_grid_length,marginal_joint_rho,marginal_joint_population_gap,marginal_joint_first_sufficient_grid_length,marginal_exact_rho,marginal_exact_population_gap,marginal_exact_first_sufficient_grid_length,prewhitened_joint_rho,prewhitened_joint_population_gap,prewhitened_joint_first_sufficient_grid_length,prewhitened_exact_rho,prewhitened_exact_population_gap,prewhitened_exact_first_sufficient_grid_length,prewhitened_first_variance,prewhitened_second_variance,prewhitened_signal
identity,0,2,0.02,64,128,0,0.0,1.0,1.0,1.0,0.4,0.05873141622086679,0.2825371675582664,2.1950574460671533,8192,32768,32768,8192,2.1950462371595822,0.2825371675582664,8192,2.0,0.4,8192,2.1950574460671533,0.2825371675582664,8192,2.0,0.4,8192,1.0,1.0,0.4
identity,0,2,0.02,64,128,0,0.5,9.0,1.0,1.0,0.30000000000000004,0.05873141622086679,0.18253716755826646,19.75551701460438,524288,2097152,2097152,131072,6.643923031923259,0.18253716755826646,131072,6.0,0.30000000000000004,32768,2.1950574460671533,0.2825371675582664,8192,2.0,0.4,8192,1.0,1.0,0.4
identity,0,2,0.02,64,128,0,0.9,361.0000000000001,1.0,1.0,0.07599999999999996,0.05873141622086679,-0.04146283244173363,792.4157380302426,,,,134217728,42.33560121048903,-0.04146283244173363,,38.00000000000001,0.07599999999999996,8388608,2.1950574460671533,0.2825371675582664,8192,2.0,0.4,8192,1.0,1.0,0.4
identity,0,2,0.02,256,512,1,0.0,1.0,1.0,1.0,0.4,0.02582227305187392,0.34835545389625217,2.087096109631666,8192,32768,32768,8192,2.087091166333425,0.34835545389625217,8192,2.0,0.4,8192,2.087096109631666,0.34835545389625217,8192,2.0,0.4,8192,1.0,1.0,0.4
identity,0,2,0.02,256,512,1,0.5,9.0,1.0,1.0,0.30000000000000004,0.02582227305187392,0.2483554538962522,18.783864986684993,524288,524288,524288,131072,6.286460486862892,0.2483554538962522,131072,6.0,0.30000000000000004,32768,2.087096109631666,0.34835545389625217,8192,2.0,0.4,8192,1.0,1.0,0.4
identity,0,2,0.02,256,512,1,0.9,361.0000000000001,1.0,1.0,0.07599999999999996,0.02582227305187392,0.024355453896252113,753.4416955770316,2147483648,2147483648,2147483648,134217728,39.92386795983498,0.024355453896252113,134217728,38.00000000000001,0.07599999999999996,8388608,2.087096109631666,0.34835545389625217,8192,2.0,0.4,8192,1.0,1.0,0.4
identity,0,2,0.02,1024,2048,2,0.0,1.0,1.0,1.0,0.4,0.012172656478188592,0.3756546870436228,2.0413214114614386,8192,32768,32768,8192,2.0413190790532525,0.3756546870436228,8192,2.0,0.4,8192,2.0413214114614386,0.3756546870436228,8192,2.0,0.4,8192,1.0,1.0,0.4
identity,0,2,0.02,1024,2048,2,0.5,9.0,1.0,1.0,0.30000000000000004,0.012172656478188592,0.27565468704362284,18.371892703152948,524288,524288,524288,131072,6.135691736865904,0.27565468704362284,131072,6.0,0.30000000000000004,32768,2.0413214114614386,0.3756546870436228,8192,2.0,0.4,8192,1.0,1.0,0.4
identity,0,2,0.02,1024,2048,2,0.9,361.0000000000001,1.0,1.0,0.07599999999999996,0.012172656478188592,0.05165468704362278,736.9170295375795,536870912,536870912,536870912,134217728,38.91031621545139,0.05165468704362278,8388608,38.00000000000001,0.07599999999999996,8388608,2.0413214114614386,0.3756546870436228,8192,2.0,0.4,8192,1.0,1.0,0.4
identity,0,2,0.02,4096,8192,3,0.0,1.0,1.0,1.0,0.4,0.0059163684235285265,0.388167263152943,2.020142881583599,8192,32768,32768,8192,2.0201417475574757,0.388167263152943,8192,2.0,0.4,8192,2.020142881583599,0.388167263152943,8192,2.0,0.4,8192,1.0,1.0,0.4
identity,0,2,0.02,4096,8192,3,0.5,9.0,1.0,1.0,0.30000000000000004,0.0059163684235285265,0.288167263152943,18.18128593425239,524288,524288,524288,131072,6.066096765960617,0.288167263152943,131072,6.0,0.30000000000000004,32768,2.020142881583599,0.388167263152943,8192,2.0,0.4,8192,1.0,1.0,0.4
identity,0,2,0.02,4096,8192,3,0.9,361.0000000000001,1.0,1.0,0.07599999999999996,0.0059163684235285265,0.06416726315294291,729.2715802516794,134217728,536870912,536870912,134217728,38.44320045326815,0.06416726315294291,8388608,38.00000000000001,0.07599999999999996,8388608,2.020142881583599,0.388167263152943,8192,2.0,0.4,8192,1.0,1.0,0.4
identity,0,2,0.02,16384,32768,4,0.0,1.0,1.0,1.0,0.4,0.0029173417792154165,0.3941653164415692,2.0099463923662397,8192,32768,32768,8192,2.009945833099872,0.3941653164415692,8192,2.0,0.4,8192,2.0099463923662397,0.3941653164415692,8192,2.0,0.4,8192,1.0,1.0,0.4
identity,0,2,0.02,16384,32768,4,0.5,9.0,1.0,1.0,0.30000000000000004,0.0029173417792154165,0.29416531644156924,18.089517531296156,131072,524288,524288,131072,6.032626461214561,0.29416531644156924,32768,6.0,0.30000000000000004,32768,2.0099463923662397,0.3941653164415692,8192,2.0,0.4,8192,1.0,1.0,0.4
identity,0,2,0.02,16384,32768,4,0.9,361.0000000000001,1.0,1.0,0.07599999999999996,0.0029173417792154165,0.07016531644156912,725.5906476442128,134217728,536870912,536870912,134217728,38.21871794499281,0.07016531644156912,8388608,38.00000000000001,0.07599999999999996,8388608,2.0099463923662397,0.3941653164415692,8192,2.0,0.4,8192,1.0,1.0,0.4
identity,0,2,0.1,64,128,5,0.0,1.0,1.0,1.0,0.4,0.41310975870112937,-0.4262195174022587,3.167911796037721,,,,8192,3.1678387000341233,-0.4262195174022587,,2.0,0.4,8192,3.167911796037721,-0.4262195174022587,,2.0,0.4,8192,1.0,1.0,0.4
identity,0,2,0.1,64,128,5,0.5,9.0,1.0,1.0,0.30000000000000004,0.41310975870112937,-0.5262195174022587,28.51120616433949,,,,131072,9.978038405218804,-0.5262195174022587,,6.0,0.30000000000000004,32768,3.167911796037721,-0.4262195174022587,,2.0,0.4,8192,1.0,1.0,0.4
identity,0,2,0.1,64,128,5,0.9,361.0000000000001,1.0,1.0,0.07599999999999996,0.41310975870112937,-0.7502195174022588,1143.6161583696178,,,,134217728,65.38045363844452,-0.7502195174022588,,38.00000000000001,0.07599999999999996,8388608,3.167911796037721,-0.4262195174022587,,2.0,0.4,8192,1.0,1.0,0.4
identity,0,2,0.1,256,512,6,0.0,1.0,1.0,1.0,0.4,0.1480928341106606,0.10381433177867883,2.471737916486476,131072,524288,131072,8192,2.4717100232350817,0.10381433177867883,131072,2.0,0.4,8192,2.471737916486476,0.10381433177867883,131072,2.0,0.4,8192,1.0,1.0,0.4
identity,0,2,0.1,256,512,6,0.5,9.0,1.0,1.0,0.30000000000000004,0.1480928341106606,0.0038143317786788478,22.245641248378284,2147483648,2147483648,33554432,131072,7.571766415448393,0.0038143317786788478,536870912,6.0,0.30000000000000004,32768,2.471737916486476,0.10381433177867883,131072,2.0,0.4,8192,1.0,1.0,0.4
identity,0,2,0.1,256,512,6,0.9,361.0000000000001,1.0,1.0,0.07599999999999996,0.1480928341106606,-0.22018566822132124,892.2973878516182,,,,134217728,48.650983890076446,-0.22018566822132124,,38.00000000000001,0.07599999999999996,8388608,2.471737916486476,0.10381433177867883,131072,2.0,0.4,8192,1.0,1.0,0.4
identity,0,2,0.1,1024,2048,7,0.0,1.0,1.0,1.0,0.4,0.06479281718362112,0.2704143656327578,2.214577356306001,8192,32768,32768,8192,2.214564999039535,0.2704143656327578,8192,2.0,0.4,8192,2.214577356306001,0.2704143656327578,8192,2.0,0.4,8192,1.0,1.0,0.4
identity,0,2,0.1,1024,2048,7,0.5,9.0,1.0,1.0,0.30000000000000004,0.06479281718362112,0.1704143656327578,19.93119620675401,524288,2097152,2097152,131072,6.708831784841908,0.1704143656327578,131072,6.0,0.30000000000000004,32768,2.214577356306001,0.2704143656327578,8192,2.0,0.4,8192,1.0,1.0,0.4
identity,0,2,0.1,1024,2048,7,0.9,361.0000000000001,1.0,1.0,0.07599999999999996,0.06479281718362112,-0.053585634367242285,799.4624256264666,,,,134217728,42.77482225841857,-0.053585634367242285,,38.00000000000001,0.07599999999999996,8388608,2.214577356306001,0.2704143656327578,8192,2.0,0.4,8192,1.0,1.0,0.4
identity,0,2,0.1,4096,8192,8,0.0,1.0,1.0,1.0,0.4,0.03048197844052217,0.3390360431189557,2.102588004261295,8192,32768,32768,8192,2.102582171043004,0.3390360431189557,8192,2.0,0.4,8192,2.102588004261295,0.3390360431189557,8192,2.0,0.4,8192,1.0,1.0,0.4
identity,0,2,0.1,4096,8192,8,0.5,9.0,1.0,1.0,0.30000000000000004,0.03048197844052217,0.2390360431189557,18.923292038351658,524288,524288,524288,131072,6.337593703203226,0.2390360431189557,131072,6.0,0.30000000000000004,32768,2.102588004261295,0.3390360431189557,8192,2.0,0.4,8192,1.0,1.0,0.4
identity,0,2,0.1,4096,8192,8,0.9,361.0000000000001,1.0,1.0,0.07599999999999996,0.03048197844052217,0.015036043118955615,759.0342695383279,2147483648,,,134217728,40.2681097184439,0.015036043118955615,134217728,38.00000000000001,0.07599999999999996,8388608,2.102588004261295,0.3390360431189557,8192,2.0,0.4,8192,1.0,1.0,0.4
identity,0,2,0.1,16384,32768,9,0.0,1.0,1.0,1.0,0.4,0.014802440200347395,0.3703951195993052,2.050186446332754,8192,32768,32768,8192,2.0501836104801163,0.3703951195993052,8192,2.0,0.4,8192,2.050186446332754,0.3703951195993052,8192,2.0,0.4,8192,1.0,1.0,0.4
identity,0,2,0.1,16384,32768,9,0.5,9.0,1.0,1.0,0.30000000000000004,0.014802440200347395,0.27039511959930523,18.451678016994784,524288,524288,524288,131072,6.164853518445115,0.27039511959930523,131072,6.0,0.30000000000000004,32768,2.050186446332754,0.3703951195993052,8192,2.0,0.4,8192,1.0,1.0,0.4
identity,0,2,0.1,16384,32768,9,0.9,361.0000000000001,1.0,1.0,0.07599999999999996,0.014802440200347395,0.04639511959930517,740.1173071261244,536870912,536870912,536870912,134217728,39.10618711741476,0.04639511959930517,33554432,38.00000000000001,0.07599999999999996,8388608,2.050186446332754,0.3703951195993052,8192,2.0,0.4,8192,1.0,1.0,0.4
identity,0.025,2,0.02,64,128,10,0.0,1.0,1.0000000000000002,1.0,0.39986857236379253,0.0858998892581458,0.2280687938475009,2.3045395241977333,32768,32768,32768,8192,2.304506519178459,0.2280687938475009,32768,2.102496714848883,0.3485949500840253,8192,2.3045395241977333,0.2280687938475009,32768,2.1024967148488827,0.3485949500840253,8192,1.0000000000000002,1.0,0.39986857236379253
identity,0.025,2,0.02,64,128,10,0.5,9.0,1.025624178712221,1.0,0.303746319391727,0.0858998892581458,0.127544312648014,20.7408557177796,2097152,2097152,2097152,524288,6.796818201253856,0.127544312648014,524288,6.149903907751443,0.2511588526514401,131072,2.3045395241977333,0.2280687938475009,32768,2.1024967148488827,0.3485949500840253,8192,1.0000000000000002,1.0,0.39986857236379253
identity,0.025,2,0.02,64,128,10,0.9,361.0000000000001,1.0461235216819975,1.0,0.07772829864333103,0.0858998892581458,-0.10199549068231911,831.938768235382,,,,2147483648,42.43524090023908,-0.10199549068231911,,38.18615751789977,0.0240897563346284,134217728,2.3045395241977333,0.2280687938475009,32768,2.1024967148488827,0.3485949500840253,8192,1.0000000000000002,1.0,0.39986857236379253
identity,0.025,2,0.02,256,512,11,0.0,1.0,1.0000000000000002,1.0,0.39986857236379253,0.05213715008553354,0.29559427219272544,2.19273949938822,8192,32768,32768,8192,2.192713663439403,0.29559427219272544,8192,2.102496714848883,0.3485949500840253,8192,2.19273949938822,0.29559427219272544,8192,2.1024967148488827,0.3485949500840253,8192,1.0000000000000002,1.0,0.39986857236379253
identity,0.025,2,0.02,256,512,11,0.5,9.0,1.025624178712221,1.0,0.303746319391727,0.05213715008553354,0.19680007591798476,19.734655494493982,524288,2097152,2097152,524288,6.43782089597265,0.19680007591798476,131072,6.149903907751443,0.2511588526514401,131072,2.19273949938822,0.29559427219272544,8192,2.1024967148488827,0.3485949500840253,8192,1.0000000000000002,1.0,0.39986857236379253
identity,0.025,2,0.02,256,512,11,0.9,361.0000000000001,1.0461235216819975,1.0,0.07772829864333103,0.05213715008553354,-0.03135549947255138,791.5789592791477,,,,2147483648,40.072941293426624,-0.03135549947255138,,38.18615751789977,0.0240897563346284,134217728,2.19273949938822,0.29559427219272544,8192,2.1024967148488827,0.3485949500840253,8192,1.0000000000000002,1.0,0.39986857236379253
identity,0.025,2,0.02,1024,2048,12,0.0,1.0,1.0000000000000002,1.0,0.39986857236379253,0.038133697326139415,0.3236011777115137,2.145325043876485,8192,32768,32768,8192,2.145302204467022,0.3236011777115137,8192,2.102496714848883,0.3485949500840253,8192,2.145325043876485,0.3236011777115137,8192,2.1024967148488827,0.3485949500840253,8192,1.0000000000000002,1.0,0.39986857236379253
identity,0.025,2,0.02,1024,2048,12,0.5,9.0,1.025624178712221,1.0,0.303746319391727,0.038133697326139415,0.22552463538896272,19.307925394888365,524288,524288,524288,524288,6.286311335752695,0.22552463538896272,131072,6.149903907751443,0.2511588526514401,131072,2.145325043876485,0.3236011777115137,8192,2.1024967148488827,0.3485949500840253,8192,1.0000000000000002,1.0,0.39986857236379253
identity,0.025,2,0.02,1024,2048,12,0.9,361.0000000000001,1.0461235216819975,1.0,0.07772829864333103,0.038133697326139415,-0.0020568168398216458,774.4623408394112,,,,2147483648,39.079192457862526,-0.0020568168398216458,,38.18615751789977,0.0240897563346284,134217728,2.145325043876485,0.3236011777115137,8192,2.1024967148488827,0.3485949500840253,8192,1.0000000000000002,1.0,0.39986857236379253
identity,0.025,2,0.02,4096,8192,13,0.0,1.0,1.0000000000000002,1.0,0.39986857236379253,0.03171526955472985,0.3364380332543328,2.123385289242744,8192,32768,32768,8192,2.1233638271872683,0.3364380332543328,8192,2.102496714848883,0.3485949500840253,8192,2.123385289242744,0.3364380332543328,8192,2.1024967148488827,0.3485949500840253,8192,1.0000000000000002,1.0,0.39986857236379253
identity,0.025,2,0.02,4096,8192,13,0.5,9.0,1.025624178712221,1.0,0.303746319391727,0.03171526955472985,0.238690424812314,19.110467603184695,524288,524288,524288,524288,6.216355153712213,0.238690424812314,131072,6.149903907751443,0.2511588526514401,131072,2.123385289242744,0.3364380332543328,8192,2.1024967148488827,0.3485949500840253,8192,1.0000000000000002,1.0,0.39986857236379253
identity,0.025,2,0.02,4096,8192,13,0.9,361.0000000000001,1.0461235216819975,1.0,0.07772829864333103,0.03171526955472985,0.011372119687955373,766.5420894166308,,,,2147483648,38.62100459004137,0.011372119687955373,536870912,38.18615751789977,0.0240897563346284,134217728,2.123385289242744,0.3364380332543328,8192,2.1024967148488827,0.3485949500840253,8192,1.0000000000000002,1.0,0.39986857236379253
identity,0.025,2,0.02,16384,32768,14,0.0,1.0,1.0000000000000002,1.0,0.39986857236379253,0.028638528394094694,0.34259151557560313,2.112821716695759,8192,32768,32768,8192,2.1128009156918672,0.34259151557560313,8192,2.102496714848883,0.3485949500840253,8192,2.112821716695759,0.34259151557560313,8192,2.1024967148488827,0.3485949500840253,8192,1.0000000000000002,1.0,0.39986857236379253
identity,0.025,2,0.02,16384,32768,14,0.5,9.0,1.025624178712221,1.0,0.303746319391727,0.028638528394094694,0.24500158506428704,19.01539545026183,524288,524288,524288,524288,6.182706744729826,0.24500158506428704,131072,6.149903907751443,0.2511588526514401,131072,2.112821716695759,0.34259151557560313,8192,2.1024967148488827,0.3485949500840253,8192,1.0000000000000002,1.0,0.39986857236379253
identity,0.025,2,0.02,16384,32768,14,0.9,361.0000000000001,1.0461235216819975,1.0,0.07772829864333103,0.028638528394094694,0.017809422284490582,762.7286397271693,2147483648,,,2147483648,38.40076745574286,0.017809422284490582,134217728,38.18615751789977,0.0240897563346284,134217728,2.112821716695759,0.34259151557560313,8192,2.1024967148488827,0.3485949500840253,8192,1.0000000000000002,1.0,0.39986857236379253
identity,0.025,2,0.1,64,128,15,0.0,1.0,1.0000000000000002,1.0,0.39986857236379253,0.4495139230958772,-0.49915927382796205,3.3105369959481155,,,,8192,3.3104342702725456,-0.49915927382796205,,2.102496714848883,0.3485949500840253,8192,3.3105369959481155,-0.49915927382796205,,2.1024967148488827,0.3485949500840253,8192,1.0000000000000002,1.0,0.39986857236379253
identity,0.025,2,0.1,64,128,15,0.5,9.0,1.025624178712221,1.0,0.303746319391727,0.4495139230958772,-0.6183183769981079,29.79483296353304,,,,524288,10.132407057164691,-0.6183183769981079,,6.149903907751443,0.2511588526514401,131072,3.3105369959481155,-0.49915927382796205,,2.1024967148488827,0.3485949500840253,8192,1.0000000000000002,1.0,0.39986857236379253
identity,0.025,2,0.1,64,128,15,0.9,361.0000000000001,1.0461235216819975,1.0,0.07772829864333103,0.4495139230958772,-0.8627658779049683,1195.10385553727,,,,2147483648,65.38045363844452,-0.8627658779049683,,38.18615751789977,0.0240897563346284,134217728,3.3105369959481155,-0.49915927382796205,,2.1024967148488827,0.3485949500840253,8192,1.0000000000000002,1.0,0.39986857236379253
identity,0.025,2,0.1,256,512,16,0.0,1.0,1.0000000000000002,1.0,0.39986857236379253,0.17758268637608818,0.04470319961161612,2.590890405582182,524288,2097152,524288,8192,2.5908384363980947,0.04470319961161612,524288,2.102496714848883,0.3485949500840253,8192,2.590890405582182,0.04470319961161612,524288,2.1024967148488827,0.3485949500840253,8192,1.0000000000000002,1.0,0.39986857236379253
identity,0.025,2,0.1,256,512,16,0.5,9.0,1.025624178712221,1.0,0.303746319391727,0.17758268637608818,-0.06051987434424366,23.31801365023964,,,,524288,7.727282856276953,-0.06051987434424366,,6.149903907751443,0.2511588526514401,131072,2.590890405582182,0.04470319961161612,524288,2.1024967148488827,0.3485949500840253,8192,1.0000000000000002,1.0,0.39986857236379253
identity,0.025,2,0.1,256,512,16,0.9,361.0000000000001,1.0461235216819975,1.0,0.07772829864333103,0.17758268637608818,-0.29381855187967504,935.311436415168,,,,2147483648,48.650983890076446,-0.29381855187967504,,38.18615751789977,0.0240897563346284,134217728,2.590890405582182,0.04470319961161612,524288,2.1024967148488827,0.3485949500840253,8192,1.0000000000000002,1.0,0.39986857236379253
identity,0.025,2,0.1,1024,2048,17,0.0,1.0,1.0000000000000002,1.0,0.39986857236379253,0.09211858722763892,0.21563139790851465,2.3247493498063503,32768,32768,32768,8192,2.324715033957361,0.21563139790851465,32768,2.102496714848883,0.3485949500840253,8192,2.3247493498063503,0.21563139790851465,32768,2.1024967148488827,0.3485949500840253,8192,1.0000000000000002,1.0,0.39986857236379253
identity,0.025,2,0.1,1024,2048,17,0.5,9.0,1.025624178712221,1.0,0.303746319391727,0.09211858722763892,0.11478821865277253,20.922744148257152,2097152,2097152,2097152,524288,6.861973099534196,0.11478821865277253,524288,6.149903907751443,0.2511588526514401,131072,2.3247493498063503,0.21563139790851465,32768,2.1024967148488827,0.3485949500840253,8192,1.0000000000000002,1.0,0.39986857236379253
identity,0.025,2,0.1,1024,2048,17,0.9,361.0000000000001,1.0461235216819975,1.0,0.07772829864333103,0.09211858722763892,-0.11500654312256478,839.2345152800928,,,,2147483648,42.86511714609879,-0.11500654312256478,,38.18615751789977,0.0240897563346284,134217728,2.3247493498063503,0.21563139790851465,32768,2.1024967148488827,0.3485949500840253,8192,1.0000000000000002,1.0,0.39986857236379253
identity,0.025,2,0.1,4096,8192,18,0.0,1.0,1.0000000000000002,1.0,0.39986857236379253,0.056917675905766074,0.2860332205522603,2.2087846704646514,8192,32768,32768,8192,2.208757814434343,0.2860332205522603,8192,2.102496714848883,0.3485949500840253,8192,2.2087846704646514,0.2860332205522603,8192,2.1024967148488827,0.3485949500840253,8192,1.0000000000000002,1.0,0.39986857236379253
identity,0.025,2,0.1,4096,8192,18,0.5,9.0,1.025624178712221,1.0,0.303746319391727,0.056917675905766074,0.18699403018160765,19.879062034181864,524288,2097152,2097152,524288,6.489192573651294,0.18699403018160765,131072,6.149903907751443,0.2511588526514401,131072,2.2087846704646514,0.2860332205522603,8192,2.1024967148488827,0.3485949500840253,8192,1.0000000000000002,1.0,0.39986857236379253
identity,0.025,2,0.1,4096,8192,18,0.9,361.0000000000001,1.0461235216819975,1.0,0.07772829864333103,0.056917675905766074,-0.04135754048565814,797.3712660377395,,,,2147483648,40.41032458173574,-0.04135754048565814,,38.18615751789977,0.0240897563346284,134217728,2.2087846704646514,0.2860332205522603,8192,2.1024967148488827,0.3485949500840253,8192,1.0000000000000002,1.0,0.39986857236379253
identity,0.025,2,0.1,16384,32768,19,0.0,1.0,1.0000000000000002,1.0,0.39986857236379253,0.04083164291386438,0.3182052865360637,2.1545082315541384,8192,32768,32768,8192,2.154484813888189,0.3182052865360637,8192,2.102496714848883,0.3485949500840253,8192,2.1545082315541384,0.3182052865360637,8192,2.1024967148488827,0.3485949500840253,8192,1.0000000000000002,1.0,0.39986857236379253
identity,0.025,2,0.1,16384,32768,19,0.5,9.0,1.025624178712221,1.0,0.303746319391727,0.04083164291386438,0.21999047893372137,19.390574083987246,524288,524288,524288,524288,6.315620834855676,0.21999047893372137,131072,6.149903907751443,0.2511588526514401,131072,2.1545082315541384,0.3182052865360637,8192,2.1024967148488827,0.3485949500840253,8192,1.0000000000000002,1.0,0.39986857236379253
identity,0.025,2,0.1,16384,32768,19,0.9,361.0000000000001,1.0461235216819975,1.0,0.07772829864333103,0.04083164291386438,-0.007701585518896145,777.7774715910442,,,,2147483648,39.27128220767103,-0.007701585518896145,,38.18615751789977,0.0240897563346284,134217728,2.1545082315541384,0.3182052865360637,8192,2.1024967148488827,0.3485949500840253,8192,1.0000000000000002,1.0,0.39986857236379253
identity,0.05,2,0.02,64,128,20,0.0,1.0,1.0,1.0,0.39944713173300395,0.11447538595311789,0.17049635982676817,2.419237092627099,32768,131072,131072,8192,2.419180114568422,0.17049635982676817,32768,2.2099447513812156,0.29425687072700824,8192,2.419237092627099,0.17049635982676817,32768,2.2099447513812156,0.29425687072700824,8192,1.0,1.0,0.39944713173300395
identity,0.05,2,0.02,64,128,20,0.5,9.0,1.0524861878453038,1.0,0.3074691737681675,0.11447538595311789,0.06650164864033375,21.773133833643893,8388608,8388608,8388608,524288,6.9486516975070485,0.0665016486403337,2097152,6.299212598425195,0.19675787696351454,131072,2.419237092627099,0.17049635982676817,32768,2.2099447513812156,0.29425687072700824,8192,1.0,1.0,0.39944713173300395
identity,0.05,2,0.02,64,128,20,0.9,361.0000000000001,1.0944751381215472,1.0,0.07948997921486772,0.11447538595311789,-0.17109094849024453,873.3445904383831,,,,,42.52797771918593,-0.17109094849024448,,38.36446239273094,-0.03563814622871102,,2.419237092627099,0.17049635982676817,32768,2.2099447513812156,0.29425687072700824,8192,1.0,1.0,0.39944713173300395
identity,0.05,2,0.02,256,512,21,0.0,1.0,1.0,1.0,0.39944713173300395,0.07981262930651557,0.2398218731199728,2.303454029034167,32768,32768,32768,8192,2.3034051876973445,0.2398218731199728,32768,2.2099447513812156,0.29425687072700824,8192,2.303454029034167,0.2398218731199728,32768,2.2099447513812156,0.29425687072700824,8192,1.0,1.0,0.39944713173300395
identity,0.05,2,0.02,256,512,21,0.5,9.0,1.0524861878453038,1.0,0.3074691737681675,0.07981262930651557,0.13946579384671762,20.731086261307503,2097152,2097152,2097152,524288,6.588378784550406,0.1394657938467176,524288,6.299212598425195,0.19675787696351454,131072,2.303454029034167,0.2398218731199728,32768,2.2099447513812156,0.29425687072700824,8192,1.0,1.0,0.39944713173300395
identity,0.05,2,0.02,256,512,21,0.9,361.0000000000001,1.0944751381215472,1.0,0.07948997921486772,0.07981262930651557,-0.09521589775331724,831.5469044813345,,,,,40.21450219744428,-0.09521589775331718,,38.36446239273094,-0.03563814622871102,,2.303454029034167,0.2398218731199728,32768,2.2099447513812156,0.29425687072700824,8192,1.0,1.0,0.39944713173300395
identity,0.05,2,0.02,1024,2048,22,0.0,1.0,1.0,1.0,0.39944713173300395,0.06543628853506739,0.26857455466286917,2.2543380775154835,8192,32768,32768,8192,2.2542926458115065,0.26857455466286917,8192,2.2099447513812156,0.29425687072700824,8192,2.2543380775154835,0.26857455466286917,8192,2.2099447513812156,0.29425687072700824,8192,1.0,1.0,0.39944713173300395
identity,0.05,2,0.02,1024,2048,22,0.5,9.0,1.0524861878453038,1.0,0.3074691737681675,0.06543628853506739,0.16972759403413065,20.289042697639353,524288,2097152,2097152,524288,6.43623757781882,0.16972759403413062,131072,6.299212598425195,0.19675787696351454,131072,2.2543380775154835,0.26857455466286917,8192,2.2099447513812156,0.29425687072700824,8192,1.0,1.0,0.39944713173300395
identity,0.05,2,0.02,1024,2048,22,0.9,361.0000000000001,1.0944751381215472,1.0,0.07948997921486772,0.06543628853506739,-0.06374680265029087,813.8160459830898,,,,,39.24036086935072,-0.06374680265029084,,38.36446239273094,-0.03563814622871102,,2.2543380775154835,0.26857455466286917,8192,2.2099447513812156,0.29425687072700824,8192,1.0,1.0,0.39944713173300395
identity,0.05,2,0.02,4096,8192,23,0.0,1.0,1.0,1.0,0.39944713173300395,0.05884702487188699,0.28175308198923,2.231608421106454,8192,32768,32768,8192,2.231564558473874,0.28175308198923,8192,2.2099447513812156,0.29425687072700824,8192,2.231608421106454,0.28175308198923,8192,2.2099447513812156,0.29425687072700824,8192,1.0,1.0,0.39944713173300395
identity,0.05,2,0.02,4096,8192,23,0.5,9.0,1.0524861878453038,1.0,0.3074691737681675,0.05884702487188699,0.1835978120212673,20.084475789958088,524288,2097152,2097152,524288,6.365970533824277,0.18359781202126724,131072,6.299212598425195,0.19675787696351454,131072,2.231608421106454,0.28175308198923,8192,2.2099447513812156,0.29425687072700824,8192,1.0,1.0,0.39944713173300395
identity,0.05,2,0.02,4096,8192,23,0.9,361.0000000000001,1.0944751381215472,1.0,0.07948997921486772,0.05884702487188699,-0.049323232134533546,805.6106400194302,,,,,38.79102295890868,-0.04932323213453352,,38.36446239273094,-0.03563814622871102,,2.231608421106454,0.28175308198923,8192,2.2099447513812156,0.29425687072700824,8192,1.0,1.0,0.39944713173300395
identity,0.05,2,0.02,16384,32768,24,0.0,1.0,1.0,1.0,0.39944713173300395,0.055688408156625215,0.28807031541975353,2.2206639327068025,8192,32768,32768,8192,2.220620823565015,0.28807031541975353,8192,2.2099447513812156,0.29425687072700824,8192,2.2206639327068025,0.28807031541975353,8192,2.2099447513812156,0.29425687072700824,8192,1.0,1.0,0.39944713173300395
identity,0.05,2,0.02,16384,32768,24,0.5,9.0,1.0524861878453038,1.0,0.3074691737681675,0.055688408156625215,0.19024661295228792,19.985975394361223,524288,2097152,2097152,524288,6.3321682245130635,0.1902466129522879,131072,6.299212598425195,0.19675787696351454,131072,2.2206639327068025,0.28807031541975353,8192,2.2099447513812156,0.29425687072700824,8192,1.0,1.0,0.39944713173300395
identity,0.05,2,0.02,16384,32768,24,0.9,361.0000000000001,1.0944751381215472,1.0,0.07948997921486772,0.055688408156625215,-0.042409177203115225,801.659679707156,,,,,38.57499646537551,-0.0424091772031152,,38.36446239273094,-0.03563814622871102,,2.2206639327068025,0.28807031541975353,8192,2.2099447513812156,0.29425687072700824,8192,1.0,1.0,0.39944713173300395
identity,0.05,2,0.1,64,128,25,0.0,1.0,1.0,1.0,0.39944713173300395,0.48789547371590647,-0.576343815698809,3.4596148462450667,,,,8192,3.459479762638601,-0.576343815698809,,2.2099447513812156,0.29425687072700824,8192,3.4596148462450667,-0.576343815698809,,2.2099447513812156,0.29425687072700824,8192,1.0,1.0,0.39944713173300395
identity,0.05,2,0.1,64,128,25,0.5,9.0,1.0524861878453038,1.0,0.3074691737681675,0.48789547371590647,-0.7195373206282986,31.1365336162056,,,,524288,10.283326586174471,-0.7195373206282988,,6.299212598425195,0.19675787696351454,131072,3.4596148462450667,-0.576343815698809,,2.2099447513812156,0.29425687072700824,8192,1.0,1.0,0.39944713173300395
identity,0.05,2,0.1,64,128,25,0.9,361.0000000000001,1.0944751381215472,1.0,0.07948997921486772,0.48789547371590647,-0.9884889527533212,1248.9209594944693,,,,,65.38045363844452,-0.9884889527533209,,38.36446239273094,-0.03563814622871102,,3.4596148462450667,-0.576343815698809,,2.2099447513812156,0.29425687072700824,8192,1.0,1.0,0.39944713173300395
identity,0.05,2,0.1,256,512,26,0.0,1.0,1.0,1.0,0.39944713173300395,0.20860980364410336,-0.017772475555202782,2.7156209740578903,,,2097152,8192,2.715542590638897,-0.017772475555202782,,2.2099447513812156,0.29425687072700824,8192,2.7156209740578903,-0.017772475555202782,,2.2099447513812156,0.29425687072700824,8192,1.0,1.0,0.39944713173300395
identity,0.05,2,0.1,256,512,26,0.5,9.0,1.0524861878453038,1.0,0.3074691737681675,0.20860980364410336,-0.1316487002009119,24.440588766521014,,,,524288,7.881064976172872,-0.13164870020091202,,6.299212598425195,0.19675787696351454,131072,2.7156209740578903,-0.017772475555202782,,2.2099447513812156,0.29425687072700824,8192,1.0,1.0,0.39944713173300395
identity,0.05,2,0.1,256,512,26,0.9,361.0000000000001,1.0944751381215472,1.0,0.07948997921486772,0.20860980364410336,-0.37714650809891,980.3391716348987,,,,,48.650983890076446,-0.3771465080989099,,38.36446239273094,-0.03563814622871102,,2.7156209740578903,-0.017772475555202782,,2.2099447513812156,0.29425687072700824,8192,1.0,1.0,0.39944713173300395
identity,0.05,2,0.1,1024,2048,27,0.0,1.0,1.0,1.0,0.39944713173300395,0.12086001324906108,0.1577271052348818,2.4401627510826924,32768,131072,131072,8192,2.4401042881950112,0.1577271052348818,32768,2.2099447513812156,0.29425687072700824,8192,2.4401627510826924,0.1577271052348818,32768,2.2099447513812156,0.29425687072700824,8192,1.0,1.0,0.39944713173300395
identity,0.05,2,0.1,1024,2048,27,0.5,9.0,1.0524861878453038,1.0,0.3074691737681675,0.12086001324906108,0.05306218455329309,21.96146475974423,8388608,33554432,8388608,524288,7.014005655038551,0.053062184553293035,2097152,6.299212598425195,0.19675787696351454,131072,2.4401627510826924,0.1577271052348818,32768,2.2099447513812156,0.29425687072700824,8192,1.0,1.0,0.39944713173300395
identity,0.05,2,0.1,1024,2048,27,0.9,361.0000000000001,1.0944751381215472,1.0,0.07948997921486772,0.12086001324906108,-0.18506658017340855,880.8987531408522,,,,,42.94864207495648,-0.1850665801734085,,38.36446239273094,-0.03563814622871102,,2.4401627510826924,0.1577271052348818,32768,2.2099447513812156,0.29425687072700824,8192,1.0,1.0,0.39944713173300395
identity,0.05,2,0.1,4096,8192,28,0.0,1.0,1.0,1.0,0.39944713173300395,0.08472050626323457,0.2300061192065348,2.3200732974791034,32768,32768,32768,8192,2.3200232966426277,0.2300061192065348,32768,2.2099447513812156,0.29425687072700824,8192,2.3200732974791034,0.2300061192065348,32768,2.2099447513812156,0.29425687072700824,8192,1.0,1.0,0.39944713173300395
identity,0.05,2,0.1,4096,8192,28,0.5,9.0,1.0524861878453038,1.0,0.3074691737681675,0.08472050626323457,0.12913484842953563,20.880659677311932,2097152,2097152,2097152,524288,6.639951877327795,0.1291348484295356,524288,6.299212598425195,0.19675787696351454,131072,2.3200732974791034,0.2300061192065348,32768,2.2099447513812156,0.29425687072700824,8192,1.0,1.0,0.39944713173300395
identity,0.05,2,0.1,4096,8192,28,0.9,361.0000000000001,1.0944751381215472,1.0,0.07948997921486772,0.08472050626323457,-0.1059589963734944,837.5464603899566,,,,,40.54510156706171,-0.10595899637349437,,38.36446239273094,-0.03563814622871102,,2.3200732974791034,0.2300061192065348,32768,2.2099447513812156,0.29425687072700824,8192,1.0,1.0,0.39944713173300395
identity,0.05,2,0.1,16384,32768,29,0.0,1.0,1.0,1.0,0.39944713173300395,0.06820605773265706,0.2630350162676898,2.263851400483479,8192,32768,32768,8192,2.2638053103849796,0.2630350162676898,8192,2.2099447513812156,0.29425687072700824,8192,2.263851400483479,0.2630350162676898,8192,2.2099447513812156,0.29425687072700824,8192,1.0,1.0,0.39944713173300395
identity,0.05,2,0.1,16384,32768,29,0.5,9.0,1.0524861878453038,1.0,0.3074691737681675,0.06820605773265706,0.16389730638616565,20.37466260435131,524288,2097152,2097152,524288,6.465673688861367,0.16389730638616562,524288,6.299212598425195,0.19675787696351454,131072,2.263851400483479,0.2630350162676898,8192,2.2099447513812156,0.29425687072700824,8192,1.0,1.0,0.39944713173300395
identity,0.05,2,0.1,16384,32768,29,0.9,361.0000000000001,1.0944751381215472,1.0,0.07948997921486772,0.06820605773265706,-0.0698096897004844,817.2503555745362,,,,,39.42870442310728,-0.06980968970048437,,38.36446239273094,-0.03563814622871102,,2.263851400483479,0.2630350162676898,8192,2.2099447513812156,0.29425687072700824,8192,1.0,1.0,0.39944713173300395
identity,0.1,2,0.02,64,128,30,0.0,1.0,1.0,1.0,0.3975534938694476,0.1761912439107881,0.04517100604787139,2.663546596550133,524288,2097152,524288,32768,2.663434576324968,0.04517100604787139,524288,2.4390243902439024,0.1760171361295396,32768,2.663546596550133,0.04517100604787139,524288,2.4390243902439024,0.1760171361295396,32768,1.0,1.0,0.3975534938694476
identity,0.1,2,0.02,64,128,30,0.5,9.0,1.1097560975609757,1.0,0.31472984931331266,0.1761912439107881,-0.07632876522038778,23.9719193689512,,,,8388608,7.2464703583749825,-0.07632876522038778,,6.593406593406594,0.06887852548000009,2097152,2.663546596550133,0.04517100604787139,524288,2.4390243902439024,0.1760171361295396,32768,1.0,1.0,0.3975534938694476
identity,0.1,2,0.02,64,128,30,0.9,361.0000000000001,1.1975609756097563,1.0,0.08308868021871452,0.1761912439107881,-0.33891083568468533,961.5403213545983,,,,,42.69308676106559,-0.3389108356846853,,38.69653767820775,-0.18221461648932163,,2.663546596550133,0.04517100604787139,524288,2.4390243902439024,0.1760171361295396,32768,1.0,1.0,0.3975534938694476
identity,0.1,2,0.02,256,512,31,0.0,1.0,1.0,1.0,0.3975534938694476,0.13955387138252984,0.11844575110438793,2.5393987341049002,131072,131072,131072,32768,2.539296990196303,0.11844575110438793,131072,2.4390243902439024,0.1760171361295396,32768,2.5393987341049002,0.11844575110438793,131072,2.4390243902439024,0.1760171361295396,32768,1.0,1.0,0.3975534938694476
identity,0.1,2,0.02,256,512,31,0.5,9.0,1.1097560975609757,1.0,0.31472984931331266,0.13955387138252984,0.004988329903307387,22.8545886069441,2147483648,2147483648,536870912,8388608,6.8844350245020784,0.004988329903307387,536870912,6.593406593406594,0.06887852548000009,2097152,2.5393987341049002,0.11844575110438793,131072,2.4390243902439024,0.1760171361295396,32768,1.0,1.0,0.3975534938694476
identity,0.1,2,0.02,256,512,31,0.9,361.0000000000001,1.1975609756097563,1.0,0.08308868021871452,0.13955387138252984,-0.25115986050724726,916.7229430118692,,,,,40.47469502663355,-0.2511598605072472,,38.69653767820775,-0.18221461648932163,,2.5393987341049002,0.11844575110438793,131072,2.4390243902439024,0.1760171361295396,32768,1.0,1.0,0.3975534938694476
identity,0.1,2,0.02,1024,2048,32,0.0,1.0,1.0,1.0,0.3975534938694476,0.12436079235178034,0.14883190916588693,2.4867092218317834,32768,131072,131072,32768,2.4866118010986527,0.14883190916588693,32768,2.4390243902439024,0.1760171361295396,32768,2.4867092218317834,0.14883190916588693,32768,2.4390243902439024,0.1760171361295396,32768,1.0,1.0,0.3975534938694476
identity,0.1,2,0.02,1024,2048,32,0.5,9.0,1.1097560975609757,1.0,0.31472984931331266,0.12436079235178034,0.038709554093507514,22.380382996486052,33554432,33554432,33554432,8388608,6.731364925192512,0.038709554093507514,8388608,6.593406593406594,0.06887852548000009,2097152,2.4867092218317834,0.14883190916588693,32768,2.4390243902439024,0.1760171361295396,32768,1.0,1.0,0.3975534938694476
identity,0.1,2,0.02,1024,2048,32,0.9,361.0000000000001,1.1975609756097563,1.0,0.08308868021871452,0.12436079235178034,-0.21477058341408622,897.7020290812741,,,,,39.5388739778045,-0.21477058341408617,,38.69653767820775,-0.18221461648932163,,2.4867092218317834,0.14883190916588693,32768,2.4390243902439024,0.1760171361295396,32768,1.0,1.0,0.3975534938694476
identity,0.1,2,0.02,4096,8192,33,0.0,1.0,1.0,1.0,0.3975534938694476,0.11739762007348838,0.16275825372247085,2.4623205268977144,32768,131072,131072,32768,2.462225099242491,0.16275825372247085,32768,2.4390243902439024,0.1760171361295396,32768,2.4623205268977144,0.16275825372247085,32768,2.4390243902439024,0.1760171361295396,32768,1.0,1.0,0.3975534938694476
identity,0.1,2,0.02,4096,8192,33,0.5,9.0,1.1097560975609757,1.0,0.31472984931331266,0.11739762007348838,0.05416439988191163,22.16088474207943,8388608,33554432,33554432,8388608,6.660630831809265,0.05416439988191163,2097152,6.593406593406594,0.06887852548000009,2097152,2.4623205268977144,0.16275825372247085,32768,2.4390243902439024,0.1760171361295396,32768,1.0,1.0,0.3975534938694476
identity,0.1,2,0.02,4096,8192,33,0.9,361.0000000000001,1.1975609756097563,1.0,0.08308868021871452,0.11739762007348838,-0.19809293664022598,888.8977102100752,,,,,39.106860271895094,-0.19809293664022593,,38.69653767820775,-0.18221461648932163,,2.4623205268977144,0.16275825372247085,32768,2.4390243902439024,0.1760171361295396,32768,1.0,1.0,0.3975534938694476
identity,0.1,2,0.02,16384,32768,34,0.0,1.0,1.0,1.0,0.3975534938694476,0.11405985959421866,0.16943377468101029,2.450575985652389,32768,131072,131072,32768,2.45048151593541,0.16943377468101029,32768,2.4390243902439024,0.1760171361295396,32768,2.450575985652389,0.16943377468101029,32768,2.4390243902439024,0.1760171361295396,32768,1.0,1.0,0.3975534938694476
identity,0.1,2,0.02,16384,32768,34,0.5,9.0,1.1097560975609757,1.0,0.31472984931331266,0.11405985959421866,0.061572599970046826,22.055183870871502,8388608,8388608,8388608,8388608,6.626595177542692,0.061572599970046826,2097152,6.593406593406594,0.06887852548000009,2097152,2.450575985652389,0.16943377468101029,32768,2.4390243902439024,0.1760171361295396,32768,1.0,1.0,0.3975534938694476
identity,0.1,2,0.02,16384,32768,34,0.9,361.0000000000001,1.1975609756097563,1.0,0.08308868021871452,0.11405985959421866,-0.1900985932484141,884.6579308205128,,,,,38.89908275014154,-0.19009859324841405,,38.69653767820775,-0.18221461648932163,,2.450575985652389,0.16943377468101029,32768,2.4390243902439024,0.1760171361295396,32768,1.0,1.0,0.3975534938694476
identity,0.1,2,0.1,64,128,35,0.0,1.0,1.0,1.0,0.3975534938694476,0.5714520274637125,-0.7453505610579774,3.7760979314151455,,,,32768,3.775889282591573,-0.7453505610579774,,2.4390243902439024,0.1760171361295396,32768,3.7760979314151455,-0.7453505610579774,,2.4390243902439024,0.1760171361295396,32768,1.0,1.0,0.3975534938694476
identity,0.1,2,0.1,64,128,35,0.5,9.0,1.1097560975609757,1.0,0.31472984931331266,0.5714520274637125,-0.9536148945695615,33.98488138273631,,,,8388608,10.572342123722583,-0.9536148945695615,,6.593406593406594,0.06887852548000009,2097152,3.7760979314151455,-0.7453505610579774,,2.4390243902439024,0.1760171361295396,32768,1.0,1.0,0.3975534938694476
identity,0.1,2,0.1,64,128,35,0.9,361.0000000000001,1.1975609756097563,1.0,0.08308868021871452,0.5714520274637125,-1.285608614828519,1363.171353240868,,,,,65.38045363844452,-1.2856086148285188,,38.69653767820775,-0.18221461648932163,,3.7760979314151455,-0.7453505610579774,,2.4390243902439024,0.1760171361295396,32768,1.0,1.0,0.3975534938694476
identity,0.1,2,0.1,256,512,36,0.0,1.0,1.0,1.0,0.3975534938694476,0.27572871301358626,-0.1539039321577249,2.9809975235424235,,,,32768,2.9808587021371333,-0.1539039321577249,,2.4390243902439024,0.1760171361295396,32768,2.9809975235424235,-0.1539039321577249,,2.4390243902439024,0.1760171361295396,32768,1.0,1.0,0.3975534938694476
identity,0.1,2,0.1,256,512,36,0.5,9.0,1.1097560975609757,1.0,0.31472984931331266,0.27572871301358626,-0.29725339176562277,26.828977711881812,,,,8388608,8.180764588654448,-0.29725339176562277,,6.593406593406594,0.06887852548000009,2097152,2.9809975235424235,-0.1539039321577249,,2.4390243902439024,0.1760171361295396,32768,1.0,1.0,0.3975534938694476
identity,0.1,2,0.1,256,512,36,0.9,361.0000000000001,1.1975609756097563,1.0,0.08308868021871452,0.27572871301358626,-0.5773152129016312,1076.1401059988152,,,,,48.650983890076446,-0.5773152129016311,,38.69653767820775,-0.18221461648932163,,2.9809975235424235,-0.1539039321577249,,2.4390243902439024,0.1760171361295396,32768,1.0,1.0,0.3975534938694476
identity,0.1,2,0.1,1024,2048,37,0.0,1.0,1.0,1.0,0.3975534938694476,0.18294042847297218,0.03167263692350325,2.685975497234935,2097152,2097152,2097152,32768,2.685861607495688,0.03167263692350325,2097152,2.4390243902439024,0.1760171361295396,32768,2.685975497234935,0.03167263692350325,2097152,2.4390243902439024,0.1760171361295396,32768,1.0,1.0,0.3975534938694476
identity,0.1,2,0.1,1024,2048,37,0.5,9.0,1.1097560975609757,1.0,0.31472984931331266,0.18294042847297218,-0.09130866266328413,24.173779475114415,,,,8388608,7.312079858909432,-0.09130866266328413,,6.593406593406594,0.06887852548000009,2097152,2.685975497234935,0.03167263692350325,2097152,2.4390243902439024,0.1760171361295396,32768,1.0,1.0,0.3975534938694476
identity,0.1,2,0.1,1024,2048,37,0.9,361.0000000000001,1.1975609756097563,1.0,0.08308868021871452,0.18294042847297218,-0.35507595578240425,969.6371545018119,,,,,43.095860013016754,-0.3550759557824042,,38.69653767820775,-0.18221461648932163,,2.685975497234935,0.03167263692350325,2097152,2.4390243902439024,0.1760171361295396,32768,1.0,1.0,0.3975534938694476
identity,0.1,2,0.1,4096,8192,38,0.0,1.0,1.0,1.0,0.3975534938694476,0.14474086635082214,0.10807176116780332,2.5572237154974933,131072,131072,131072,32768,2.5571205037901206,0.10807176116780332,131072,2.4390243902439024,0.1760171361295396,32768,2.5572237154974933,0.10807176116780332,131072,2.4390243902439024,0.1760171361295396,32768,1.0,1.0,0.3975534938694476
identity,0.1,2,0.1,4096,8192,38,0.5,9.0,1.1097560975609757,1.0,0.31472984931331266,0.14474086635082214,-0.006524268684853618,23.01501343947744,,,,8388608,6.936297756254532,-0.006524268684853618,,6.593406593406594,0.06887852548000009,2097152,2.5572237154974933,0.10807176116780332,131072,2.4390243902439024,0.1760171361295396,32768,1.0,1.0,0.3975534938694476
identity,0.1,2,0.1,4096,8192,38,0.9,361.0000000000001,1.1975609756097563,1.0,0.08308868021871452,0.14474086635082214,-0.26358334601666933,923.1577612945954,,,,,40.79205514888293,-0.2635833460166692,,38.69653767820775,-0.18221461648932163,,2.5572237154974933,0.10807176116780332,131072,2.4390243902439024,0.1760171361295396,32768,1.0,1.0,0.3975534938694476
identity,0.1,2,0.1,16384,32768,39,0.0,1.0,1.0,1.0,0.3975534938694476,0.1272878179682045,0.14297785793303863,2.4969159217363797,32768,131072,131072,32768,2.4968176653792797,0.14297785793303863,32768,2.4390243902439024,0.1760171361295396,32768,2.4969159217363797,0.14297785793303863,32768,2.4390243902439024,0.1760171361295396,32768,1.0,1.0,0.3975534938694476
identity,0.1,2,0.1,16384,32768,39,0.5,9.0,1.1097560975609757,1.0,0.31472984931331266,0.1272878179682045,0.03221298504241976,22.47224329562742,33554432,33554432,33554432,8388608,6.760989506245172,0.03221298504241976,8388608,6.593406593406594,0.06887852548000009,2097152,2.4969159217363797,0.14297785793303863,32768,2.4390243902439024,0.1760171361295396,32768,1.0,1.0,0.3975534938694476
identity,0.1,2,0.1,16384,32768,39,0.9,361.0000000000001,1.1975609756097563,1.0,0.08308868021871452,0.1272878179682045,-0.22178116671976555,901.3866477468333,,,,,39.71988957073539,-0.2217811667197655,,38.69653767820775,-0.18221461648932163,,2.4969159217363797,0.14297785793303863,32768,2.4390243902439024,0.1760171361295396,32768,1.0,1.0,0.3975534938694476
two_tap,0,3,0.02,64,192,40,0.0,1.0,0.9999999999999999,0.9999999999999999,0.39999999999999997,0.09080536811363238,0.21838926377273524,3.956351760104771,32768,131072,,8192,3.955819827860265,0.21838926377273524,32768,3.600000000000001,0.39999999999999997,8192,3.956351760104771,0.21838926377273524,32768,3.6000000000000005,0.39999999999999997,8192,0.9999999999999999,0.9999999999999999,0.39999999999999997
two_tap,0,3,0.02,64,192,40,0.5,9.0,1.4,1.4,0.36,0.09080536811363238,0.10574496928182936,35.60716584094294,8388608,8388608,,524288,8.54690359054561,0.10574496928182936,2097152,7.714285714285715,0.36,131072,3.956351760104771,0.21838926377273524,32768,3.6000000000000005,0.39999999999999997,8192,0.9999999999999999,0.9999999999999999,0.39999999999999997
two_tap,0,3,0.02,64,192,40,0.9,361.0000000000001,1.72,1.72,0.10336000000000001,0.09080536811363238,-0.20901046631089537,1428.2429853978226,,,,536870912,44.21034338810182,-0.20901046631089537,,39.76744186046513,0.10336000000000001,8388608,3.956351760104771,0.21838926377273524,32768,3.6000000000000005,0.39999999999999997,8192,0.9999999999999999,0.9999999999999999,0.39999999999999997
two_tap,0,3,0.02,256,768,41,0.0,1.0,0.9999999999999999,0.9999999999999999,0.39999999999999997,0.03948032192922136,0.32103935614155726,3.761931490519904,32768,32768,,8192,3.7614388864848913,0.32103935614155726,32768,3.600000000000001,0.39999999999999997,8192,3.761931490519904,0.32103935614155726,32768,3.6000000000000005,0.39999999999999997,8192,0.9999999999999999,0.9999999999999999,0.39999999999999997
two_tap,0,3,0.02,256,768,41,0.5,9.0,1.4,1.4,0.36,0.03948032192922136,0.24945509859818019,33.857383414679134,2097152,2097152,,524288,8.090776503487058,0.24945509859818019,524288,7.714285714285715,0.36,131072,3.761931490519904,0.32103935614155726,32768,3.6000000000000005,0.39999999999999997,8192,0.9999999999999999,0.9999999999999999,0.39999999999999997
two_tap,0,3,0.02,256,768,41,0.9,361.0000000000001,1.72,1.72,0.10336000000000001,0.03948032192922136,-0.03245230743652147,1358.0572680776856,,,,536870912,41.77360005274398,-0.03245230743652147,,39.76744186046513,0.10336000000000001,8388608,3.761931490519904,0.32103935614155726,32768,3.6000000000000005,0.39999999999999997,8192,0.9999999999999999,0.9999999999999999,0.39999999999999997
two_tap,0,3,0.02,1024,3072,42,0.0,1.0,0.9999999999999999,0.9999999999999999,0.39999999999999997,0.01862337831647093,0.3627532433670581,3.677626189592855,32768,32768,,8192,3.6771505307486256,0.3627532433670581,32768,3.600000000000001,0.39999999999999997,8192,3.677626189592855,0.3627532433670581,32768,3.6000000000000005,0.39999999999999997,8192,0.9999999999999999,0.9999999999999999,0.39999999999999997
two_tap,0,3,0.02,1024,3072,42,0.5,9.0,1.4,1.4,0.36,0.01862337831647093,0.3078545407138814,33.09863570633569,524288,2097152,,524288,7.893941512557689,0.3078545407138814,131072,7.714285714285715,0.36,131072,3.677626189592855,0.3627532433670581,32768,3.6000000000000005,0.39999999999999997,8192,0.9999999999999999,0.9999999999999999,0.39999999999999997
two_tap,0,3,0.02,1024,3072,42,0.9,361.0000000000001,1.72,1.72,0.10336000000000001,0.01862337831647093,0.039295578591340016,1327.623054443021,2147483648,,,536870912,40.72416306686741,0.039295578591340016,134217728,39.76744186046513,0.10336000000000001,8388608,3.677626189592855,0.3627532433670581,32768,3.6000000000000005,0.39999999999999997,8192,0.9999999999999999,0.9999999999999999,0.39999999999999997
two_tap,0,3,0.02,4096,12288,43,0.0,1.0,0.9999999999999999,0.9999999999999999,0.39999999999999997,0.009132379573982488,0.381735240852035,3.638207805044296,8192,32768,,8192,3.6377400457331865,0.381735240852035,8192,3.600000000000001,0.39999999999999997,8192,3.638207805044296,0.381735240852035,8192,3.6000000000000005,0.39999999999999997,8192,0.9999999999999999,0.9999999999999999,0.39999999999999997
two_tap,0,3,0.02,4096,12288,43,0.5,9.0,1.4,1.4,0.36,0.009132379573982488,0.334429337192849,32.74387024539867,524288,2097152,,524288,7.8021074961489525,0.334429337192849,131072,7.714285714285715,0.36,131072,3.638207805044296,0.381735240852035,8192,3.6000000000000005,0.39999999999999997,8192,0.9999999999999999,0.9999999999999999,0.39999999999999997
two_tap,0,3,0.02,4096,12288,43,0.9,361.0000000000001,1.72,1.72,0.10336000000000001,0.009132379573982488,0.07194461426550025,1313.3930176209913,536870912,2147483648,,536870912,40.2349845587438,0.07194461426550025,33554432,39.76744186046513,0.10336000000000001,8388608,3.638207805044296,0.381735240852035,8192,3.6000000000000005,0.39999999999999997,8192,0.9999999999999999,0.9999999999999999,0.39999999999999997
two_tap,0,3,0.02,16384,49152,44,0.0,1.0,0.9999999999999999,0.9999999999999999,0.39999999999999997,0.004596397482441052,0.39080720503511784,3.61913168869094,8192,32768,,8192,3.6186677467990527,0.39080720503511784,8192,3.600000000000001,0.39999999999999997,8192,3.61913168869094,0.39080720503511784,8192,3.6000000000000005,0.39999999999999997,8192,0.9999999999999999,0.9999999999999999,0.39999999999999997
two_tap,0,3,0.02,16384,49152,44,0.5,9.0,1.4,1.4,0.36,0.004596397482441052,0.34713008704916504,32.57218519821846,524288,524288,,524288,7.757711231440829,0.34713008704916504,131072,7.714285714285715,0.36,131072,3.61913168869094,0.39080720503511784,8192,3.6000000000000005,0.39999999999999997,8192,0.9999999999999999,0.9999999999999999,0.39999999999999997
two_tap,0,3,0.02,16384,49152,44,0.9,361.0000000000001,1.72,1.72,0.10336000000000001,0.004596397482441052,0.08754839266040279,1306.5065396174298,536870912,536870912,,536870912,39.99859690493611,0.08754839266040279,8388608,39.76744186046513,0.10336000000000001,8388608,3.61913168869094,0.39080720503511784,8192,3.6000000000000005,0.39999999999999997,8192,0.9999999999999999,0.9999999999999999,0.39999999999999997
two_tap,0,3,0.1,64,192,45,0.0,1.0,0.9999999999999999,0.9999999999999999,0.39999999999999997,0.8885367809080821,-1.377073561816164,5.747825741349184,,,,8192,5.746918413526415,-1.377073561816164,,3.600000000000001,0.39999999999999997,8192,5.747825741349184,-1.377073561816164,,3.6000000000000005,0.39999999999999997,8192,0.9999999999999999,0.9999999999999999,0.39999999999999997
two_tap,0,3,0.1,64,192,45,0.5,9.0,1.4,1.4,0.36,0.8885367809080821,-2.12790298654263,51.73043167214265,,,,524288,12.887009748111263,-2.12790298654263,,7.714285714285715,0.36,131072,5.747825741349184,-1.377073561816164,,3.6000000000000005,0.39999999999999997,8192,0.9999999999999999,0.9999999999999999,0.39999999999999997
two_tap,0,3,0.1,64,192,45,0.9,361.0000000000001,1.72,1.72,0.10336000000000001,0.8885367809080821,-2.9532065263238025,2074.965092627056,,,,536870912,67.71211133902874,-2.9532065263238025,,39.76744186046513,0.10336000000000001,8388608,5.747825741349184,-1.377073561816164,,3.6000000000000005,0.39999999999999997,8192,0.9999999999999999,0.9999999999999999,0.39999999999999997
two_tap,0,3,0.1,256,768,46,0.0,1.0,0.9999999999999999,0.9999999999999999,0.39999999999999997,0.2595028435669664,-0.11900568713393272,4.479035259478658,,,,8192,4.478396030674618,-0.11900568713393272,,3.600000000000001,0.39999999999999997,8192,4.479035259478658,-0.11900568713393272,,3.6000000000000005,0.39999999999999997,8192,0.9999999999999999,0.9999999999999999,0.39999999999999997
two_tap,0,3,0.1,256,768,46,0.5,9.0,1.4,1.4,0.36,0.2595028435669664,-0.3666079619875059,40.31131733530792,,,,524288,9.788037720434367,-0.3666079619875059,,7.714285714285715,0.36,131072,4.479035259478658,-0.11900568713393272,,3.6000000000000005,0.39999999999999997,8192,0.9999999999999999,0.9999999999999999,0.39999999999999997
two_tap,0,3,0.1,256,768,46,0.9,361.0000000000001,1.72,1.72,0.10336000000000001,0.2595028435669664,-0.7893297818703644,1616.931728671796,,,,536870912,50.874198016852134,-0.7893297818703644,,39.76744186046513,0.10336000000000001,8388608,4.479035259478658,-0.11900568713393272,,3.6000000000000005,0.39999999999999997,8192,0.9999999999999999,0.9999999999999999,0.39999999999999997
two_tap,0,3,0.1,1024,3072,47,0.0,1.0,0.9999999999999999,0.9999999999999999,0.39999999999999997,0.10362617557888731,0.19274764884222537,4.002140869308019,131072,131072,,8192,4.001599625964116,0.19274764884222537,131072,3.600000000000001,0.39999999999999997,8192,4.002140869308019,0.19274764884222537,131072,3.6000000000000005,0.39999999999999997,8192,0.9999999999999999,0.9999999999999999,0.39999999999999997
two_tap,0,3,0.1,1024,3072,47,0.5,9.0,1.4,1.4,0.36,0.10362617557888731,0.06984670837911555,36.019267823772175,33554432,33554432,,524288,8.654770772555919,0.06984670837911555,8388608,7.714285714285715,0.36,131072,4.002140869308019,0.19274764884222537,131072,3.6000000000000005,0.39999999999999997,8192,0.9999999999999999,0.9999999999999999,0.39999999999999997
two_tap,0,3,0.1,1024,3072,47,0.9,361.0000000000001,1.72,1.72,0.10336000000000001,0.10362617557888731,-0.25311404399137233,1444.7728538201955,,,,536870912,44.78757930475875,-0.25311404399137233,,39.76744186046513,0.10336000000000001,8388608,4.002140869308019,0.19274764884222537,131072,3.6000000000000005,0.39999999999999997,8192,0.9999999999999999,0.9999999999999999,0.39999999999999997
two_tap,0,3,0.1,4096,12288,48,0.0,1.0,0.9999999999999999,0.9999999999999999,0.39999999999999997,0.047354513750944134,0.3052909724981117,3.7929462981165734,32768,32768,,8192,3.792447443304442,0.3052909724981117,32768,3.600000000000001,0.39999999999999997,8192,3.7929462981165734,0.3052909724981117,32768,3.6000000000000005,0.39999999999999997,8192,0.9999999999999999,0.9999999999999999,0.39999999999999997
two_tap,0,3,0.1,4096,12288,48,0.5,9.0,1.4,1.4,0.36,0.047354513750944134,0.2274073614973564,34.13651668304916,2097152,2097152,,524288,8.163335180215341,0.2274073614973564,524288,7.714285714285715,0.36,131072,3.7929462981165734,0.3052909724981117,32768,3.6000000000000005,0.39999999999999997,8192,0.9999999999999999,0.9999999999999999,0.39999999999999997
two_tap,0,3,0.1,4096,12288,48,0.9,361.0000000000001,1.72,1.72,0.10336000000000001,0.047354513750944134,-0.059539527303247824,1369.2536136200833,,,,536870912,42.16077294241306,-0.059539527303247824,,39.76744186046513,0.10336000000000001,8388608,3.7929462981165734,0.3052909724981117,32768,3.6000000000000005,0.39999999999999997,8192,0.9999999999999999,0.9999999999999999,0.39999999999999997
two_tap,0,3,0.1,16384,49152,49,0.0,1.0,0.9999999999999999,0.9999999999999999,0.39999999999999997,0.022792060725522326,0.35441587854895534,3.6947294261158654,32768,32768,,8192,3.6942503350479106,0.35441587854895534,32768,3.600000000000001,0.39999999999999997,8192,3.6947294261158654,0.35441587854895534,32768,3.6000000000000005,0.39999999999999997,8192,0.9999999999999999,0.9999999999999999,0.39999999999999997
two_tap,0,3,0.1,16384,49152,49,0.5,9.0,1.4,1.4,0.36,0.022792060725522326,0.2961822299685375,33.25256483504279,524288,2097152,,524288,7.9338269914787345,0.2961822299685375,131072,7.714285714285715,0.36,131072,3.6947294261158654,0.35441587854895534,32768,3.6000000000000005,0.39999999999999997,8192,0.9999999999999999,0.9999999999999999,0.39999999999999997
two_tap,0,3,0.1,16384,49152,49,0.9,361.0000000000001,1.72,1.72,0.10336000000000001,0.022792060725522326,0.02495531110420321,1333.7973228278279,,,,536870912,40.93671117081406,0.02495531110420321,134217728,39.76744186046513,0.10336000000000001,8388608,3.6947294261158654,0.35441587854895534,32768,3.6000000000000005,0.39999999999999997,8192,0.9999999999999999,0.9999999999999999,0.39999999999999997
two_tap,0.025,3,0.02,64,192,50,0.0,1.0,1.0000000000000002,0.9999999999999999,0.39989182158090375,0.11428498441742334,0.17132185274605702,4.072484886441028,131072,131072,,32768,4.071899689520527,0.17132185274605702,131072,3.708472830285862,0.3486181993011365,32768,4.072484886441028,0.17132185274605702,131072,3.708472830285861,0.3486181993011365,32768,1.0000000000000002,0.9999999999999999,0.39989182158090375
two_tap,0.025,3,0.02,64,192,50,0.5,9.0,1.4220963172804537,1.4,0.3638609594841472,0.11428498441742334,0.03881244856320365,36.65236397796926,33554432,134217728,,524288,8.657592951896468,0.038812448563203705,8388608,7.823252444766387,0.2909449300664612,131072,4.072484886441028,0.17132185274605702,131072,3.708472830285861,0.3486181993011365,32768,1.0000000000000002,0.9999999999999999,0.39989182158090375
two_tap,0.025,3,0.02,64,192,50,0.9,361.0000000000001,1.7670048931238738,1.72,0.1054147320210842,0.11428498441742334,-0.2984695213312612,1470.1670440052117,,,,,44.26503528726812,-0.29846952133126103,,39.87594151528578,0.01481399056455035,536870912,4.072484886441028,0.17132185274605702,131072,3.708472830285861,0.3486181993011365,32768,1.0000000000000002,0.9999999999999999,0.39989182158090375
two_tap,0.025,3,0.02,256,768,51,0.0,1.0,1.0000000000000002,0.9999999999999999,0.39989182158090375,0.06342766520528936,0.273036491170325,3.87392412142661,32768,131072,,32768,3.8733803429243694,0.273036491170325,32768,3.708472830285862,0.3486181993011365,32768,3.87392412142661,0.273036491170325,32768,3.708472830285861,0.3486181993011365,32768,1.0000000000000002,0.9999999999999999,0.39989182158090375
two_tap,0.025,3,0.02,256,768,51,0.5,9.0,1.4220963172804537,1.4,0.3638609594841472,0.06342766520528936,0.18346046127986806,34.86531709283949,2097152,2097152,,524288,8.200622894053277,0.1834604612798681,524288,7.823252444766387,0.2909449300664612,131072,3.87392412142661,0.273036491170325,32768,3.708472830285861,0.3486181993011365,32768,1.0000000000000002,0.9999999999999999,0.39989182158090375
two_tap,0.025,3,0.02,256,768,51,0.9,361.0000000000001,1.7670048931238738,1.72,0.1054147320210842,0.06342766520528936,-0.11873925753325415,1398.4866078350067,,,,,41.85860180834006,-0.11873925753325401,,39.87594151528578,0.01481399056455035,536870912,3.87392412142661,0.273036491170325,32768,3.708472830285861,0.3486181993011365,32768,1.0000000000000002,0.9999999999999999,0.39989182158090375
two_tap,0.025,3,0.02,1024,3072,52,0.0,1.0,1.0000000000000002,0.9999999999999999,0.39989182158090375,0.043224674595472835,0.31344247238995804,3.787810621748289,32768,32768,,32768,3.7872847008243395,0.31344247238995804,32768,3.708472830285862,0.3486181993011365,32768,3.787810621748289,0.31344247238995804,32768,3.708472830285861,0.3486181993011365,32768,1.0000000000000002,0.9999999999999999,0.39989182158090375
two_tap,0.025,3,0.02,1024,3072,52,0.5,9.0,1.4220963172804537,1.4,0.3638609594841472,0.043224674595472835,0.2409216583684114,34.0902955957346,2097152,2097152,,524288,8.003349254841977,0.2409216583684114,524288,7.823252444766387,0.2909449300664612,131072,3.787810621748289,0.31344247238995804,32768,3.708472830285861,0.3486181993011365,32768,1.0000000000000002,0.9999999999999999,0.39989182158090375
two_tap,0.025,3,0.02,1024,3072,52,0.9,361.0000000000001,1.7670048931238738,1.72,0.1054147320210842,0.043224674595472835,-0.047341691006691194,1367.399634451133,,,,,40.821624353982905,-0.047341691006691056,,39.87594151528578,0.01481399056455035,536870912,3.787810621748289,0.31344247238995804,32768,3.708472830285861,0.3486181993011365,32768,1.0000000000000002,0.9999999999999999,0.39989182158090375
two_tap,0.025,3,0.02,4096,12288,53,0.0,1.0,1.0000000000000002,0.9999999999999999,0.39989182158090375,0.0341967768425037,0.3314982678958963,3.7475440162813998,32768,32768,,32768,3.747026422796737,0.3314982678958963,32768,3.708472830285862,0.3486181993011365,32768,3.7475440162813998,0.3314982678958963,32768,3.708472830285861,0.3486181993011365,32768,1.0000000000000002,0.9999999999999999,0.39989182158090375
two_tap,0.025,3,0.02,4096,12288,53,0.5,9.0,1.4220963172804537,1.4,0.3638609594841472,0.0341967768425037,0.2665987386629752,33.7278961465326,2097152,2097152,,524288,7.911294708656646,0.26659873866297523,524288,7.823252444766387,0.2909449300664612,131072,3.7475440162813998,0.3314982678958963,32768,3.708472830285861,0.3486181993011365,32768,1.0000000000000002,0.9999999999999999,0.39989182158090375
two_tap,0.025,3,0.02,4096,12288,53,0.9,361.0000000000001,1.7670048931238738,1.72,0.1054147320210842,0.0341967768425037,-0.015437011998454209,1352.8633898775856,,,,,40.338128399357394,-0.015437011998454084,,39.87594151528578,0.01481399056455035,536870912,3.7475440162813998,0.3314982678958963,32768,3.708472830285861,0.3486181993011365,32768,1.0000000000000002,0.9999999999999999,0.39989182158090375
two_tap,0.025,3,0.02,16384,49152,54,0.0,1.0,1.0000000000000002,0.9999999999999999,0.39989182158090375,0.02993200281158409,0.34002781595773557,3.7280567668475135,32768,32768,,32768,3.7275431981669507,0.34002781595773557,32768,3.708472830285862,0.3486181993011365,32768,3.7280567668475135,0.34002781595773557,32768,3.708472830285861,0.3486181993011365,32768,1.0000000000000002,0.9999999999999999,0.39989182158090375
two_tap,0.025,3,0.02,16384,49152,54,0.5,9.0,1.4220963172804537,1.4,0.3638609594841472,0.02993200281158409,0.27872857754978336,33.55251090162762,524288,2097152,,524288,7.866788162099864,0.27872857754978336,131072,7.823252444766387,0.2909449300664612,131072,3.7280567668475135,0.34002781595773557,32768,3.708472830285861,0.3486181993011365,32768,1.0000000000000002,0.9999999999999999,0.39989182158090375
two_tap,0.025,3,0.02,16384,49152,54,0.9,361.0000000000001,1.7670048931238738,1.72,0.1054147320210842,0.02993200281158409,-0.00036525883704907613,1345.8284928319529,,,,,40.10445787805127,-0.00036525883704895123,,39.87594151528578,0.01481399056455035,536870912,3.7280567668475135,0.34002781595773557,32768,3.708472830285861,0.3486181993011365,32768,1.0000000000000002,0.9999999999999999,0.39989182158090375
two_tap,0.025,3,0.1,64,192,55,0.0,1.0,1.0000000000000002,0.9999999999999999,0.39989182158090375,0.9137787955437366,-1.42766576950657,5.900578479895714,,,,32768,5.899599349591732,-1.42766576950657,,3.708472830285862,0.3486181993011365,32768,5.900578479895714,-1.42766576950657,,3.708472830285861,0.3486181993011365,32768,1.0000000000000002,0.9999999999999999,0.39989182158090375
two_tap,0.025,3,0.1,64,192,55,0.5,9.0,1.4220963172804537,1.4,0.3638609594841472,0.9137787955437366,-2.235101960419286,53.10520631906142,,,,524288,12.995309182863185,-2.2351019604192857,,7.823252444766387,0.2909449300664612,131072,5.900578479895714,-1.42766576950657,,3.708472830285861,0.3486181993011365,32768,1.0000000000000002,0.9999999999999999,0.39989182158090375
two_tap,0.025,3,0.1,64,192,55,0.9,361.0000000000001,1.7670048931238738,1.72,0.1054147320210842,0.9137787955437366,-3.1238884738961605,2130.1088312423535,,,,,67.71211133902874,-3.12388847389616,,39.87594151528578,0.01481399056455035,536870912,5.900578479895714,-1.42766576950657,,3.708472830285861,0.3486181993011365,32768,1.0000000000000002,0.9999999999999999,0.39989182158090375
two_tap,0.025,3,0.1,256,768,56,0.0,1.0,1.0000000000000002,0.9999999999999999,0.39989182158090375,0.2849720404196845,-0.17005225925846534,4.606115285280592,,,,32768,4.605417259382526,-0.17005225925846534,,3.708472830285862,0.3486181993011365,32768,4.606115285280592,-0.17005225925846534,,3.708472830285861,0.3486181993011365,32768,1.0000000000000002,0.9999999999999999,0.39989182158090375
two_tap,0.025,3,0.1,256,768,56,0.5,9.0,1.4220963172804537,1.4,0.3638609594841472,0.2849720404196845,-0.4466544189333126,41.45503756752533,,,,524288,9.899870876734967,-0.4466544189333125,,7.823252444766387,0.2909449300664612,131072,4.606115285280592,-0.17005225925846534,,3.708472830285861,0.3486181993011365,32768,1.0000000000000002,0.9999999999999999,0.39989182158090375
two_tap,0.025,3,0.1,256,768,56,0.9,361.0000000000001,1.7670048931238738,1.72,0.1054147320210842,0.2849720404196845,-0.9016792476290695,1662.8076179862942,,,,,50.874198016852134,-0.9016792476290691,,39.87594151528578,0.01481399056455035,536870912,4.606115285280592,-0.17005225925846534,,3.708472830285861,0.3486181993011365,32768,1.0000000000000002,0.9999999999999999,0.39989182158090375
two_tap,0.025,3,0.1,1024,3072,57,0.0,1.0,1.0000000000000002,0.9999999999999999,0.39989182158090375,0.12712504883601092,0.14564172390888186,4.1192434141526615,131072,524288,,32768,4.118648416557466,0.14564172390888186,131072,3.708472830285862,0.3486181993011365,32768,4.1192434141526615,0.14564172390888186,131072,3.708472830285861,0.3486181993011365,32768,1.0000000000000002,0.9999999999999999,0.39989182158090375
two_tap,0.025,3,0.1,1024,3072,57,0.5,9.0,1.4220963172804537,1.4,0.3638609594841472,0.12712504883601092,0.0022928319165693156,37.073190727373955,,,,524288,8.76562500140179,0.002292831916569371,2147483648,7.823252444766387,0.2909449300664612,131072,4.1192434141526615,0.14564172390888186,131072,3.708472830285861,0.3486181993011365,32768,1.0000000000000002,0.9999999999999999,0.39989182158090375
two_tap,0.025,3,0.1,1024,3072,57,0.9,361.0000000000001,1.7670048931238738,1.72,0.1054147320210842,0.12712504883601092,-0.34384643464260123,1487.0468725091112,,,,,44.83481546220018,-0.34384643464260106,,39.87594151528578,0.01481399056455035,536870912,4.1192434141526615,0.14564172390888186,131072,3.708472830285861,0.3486181993011365,32768,1.0000000000000002,0.9999999999999999,0.39989182158090375
two_tap,0.025,3,0.1,4096,12288,58,0.0,1.0,1.0000000000000002,0.9999999999999999,0.39989182158090375,0.0711481389250765,0.2575955437307507,3.9056021542866164,32768,131072,,32768,3.905051790288397,0.2575955437307507,32768,3.708472830285862,0.3486181993011365,32768,3.9056021542866164,0.2575955437307507,32768,3.708472830285861,0.3486181993011365,32768,1.0000000000000002,0.9999999999999999,0.39989182158090375
two_tap,0.025,3,0.1,4096,12288,58,0.5,9.0,1.4220963172804537,1.4,0.3638609594841472,0.0711481389250765,0.16150194679072843,35.15041938857955,2097152,8388608,,524288,8.273331720272937,0.16150194679072846,524288,7.823252444766387,0.2909449300664612,131072,3.9056021542866164,0.2575955437307507,32768,3.708472830285861,0.3486181993011365,32768,1.0000000000000002,0.9999999999999999,0.39989182158090375
two_tap,0.025,3,0.1,4096,12288,58,0.9,361.0000000000001,1.7670048931238738,1.72,0.1054147320210842,0.0711481389250765,-0.14602348721345043,1409.922377697469,,,,,42.24108650274599,-0.14602348721345032,,39.87594151528578,0.01481399056455035,536870912,3.9056021542866164,0.2575955437307507,32768,3.708472830285861,0.3486181993011365,32768,1.0000000000000002,0.9999999999999999,0.39989182158090375
two_tap,0.025,3,0.1,16384,49152,59,0.0,1.0,1.0000000000000002,0.9999999999999999,0.39989182158090375,0.04722753651038033,0.3054367485601431,3.805281339316253,32768,32768,,32768,3.8047518007652217,0.3054367485601431,32768,3.708472830285862,0.3486181993011365,32768,3.805281339316253,0.3054367485601431,32768,3.708472830285861,0.3486181993011365,32768,1.0000000000000002,0.9999999999999999,0.39989182158090375
two_tap,0.025,3,0.1,16384,49152,59,0.5,9.0,1.4220963172804537,1.4,0.3638609594841472,0.04722753651038033,0.22953674799286714,34.24753205384628,2097152,2097152,,524288,8.04332734922491,0.22953674799286716,524288,7.823252444766387,0.2909449300664612,131072,3.805281339316253,0.3054367485601431,32768,3.708472830285861,0.3486181993011365,32768,1.0000000000000002,0.9999999999999999,0.39989182158090375
two_tap,0.025,3,0.1,16384,49152,59,0.9,361.0000000000001,1.7670048931238738,1.72,0.1054147320210842,0.04722753651038033,-0.06148784418697267,1373.7065634931678,,,,,41.03167843355027,-0.061487844186972535,,39.87594151528578,0.01481399056455035,536870912,3.805281339316253,0.3054367485601431,32768,3.708472830285861,0.3486181993011365,32768,1.0000000000000002,0.9999999999999999,0.39989182158090375
two_tap,0.05,3,0.02,64,192,60,0.0,1.0,0.9999999999999999,0.9999999999999999,0.39955436469890676,0.14237808233856683,0.11479820002177316,4.189280361747945,131072,524288,,32768,4.188639608676011,0.11479820002177316,131072,3.817603393425239,0.29436410369291105,32768,4.189280361747945,0.11479820002177316,131072,3.8176033934252374,0.29436410369291105,32768,0.9999999999999999,0.9999999999999999,0.39955436469890676
two_tap,0.05,3,0.02,64,192,60,0.5,9.0,1.444326617179215,1.4,0.36763120669461263,0.14237808233856683,-0.043649701354439296,37.703523255731504,,,,2097152,8.765333123629825,-0.043649701354439296,,7.929515418502204,0.21570211285562413,524288,4.189280361747945,0.11479820002177316,131072,3.8176033934252374,0.29436410369291105,32768,0.9999999999999999,0.9999999999999999,0.39955436469890676
two_tap,0.05,3,0.02,64,192,60,0.9,361.0000000000001,1.8142948038176034,1.72,0.10747106204624968,0.14237808233856683,-0.40916056788250377,1512.3302105910084,,,,,44.31624039358165,-0.40916056788250366,,39.979425792574595,-0.0833750819091458,,4.189280361747945,0.11479820002177316,131072,3.8176033934252374,0.29436410369291105,32768,0.9999999999999999,0.9999999999999999,0.39955436469890676
two_tap,0.05,3,0.02,256,768,61,0.0,1.0,0.9999999999999999,0.9999999999999999,0.39955436469890676,0.09116360977187711,0.21722714515515257,3.9865778417982844,32768,131072,,32768,3.985980659600128,0.21722714515515257,32768,3.817603393425239,0.29436410369291105,32768,3.9865778417982844,0.21722714515515257,32768,3.8176033934252374,0.29436410369291105,32768,0.9999999999999999,0.9999999999999999,0.39955436469890676
two_tap,0.05,3,0.02,256,768,61,0.5,9.0,1.444326617179215,1.4,0.36763120669461263,0.09116360977187711,0.10429115047129,35.87920057618456,8388608,8388608,,2097152,8.307652381826689,0.10429115047129,2097152,7.929515418502204,0.21570211285562413,524288,3.9865778417982844,0.21722714515515257,32768,3.8176033934252374,0.29436410369291105,32768,0.9999999999999999,0.9999999999999999,0.39955436469890676
two_tap,0.05,3,0.02,256,768,61,0.9,361.0000000000001,1.8142948038176034,1.72,0.10747106204624968,0.09116360977187711,-0.223324264966495,1439.1546008891812,,,,,41.93923214451982,-0.22332426496649493,,39.979425792574595,-0.0833750819091458,,3.9865778417982844,0.21722714515515257,32768,3.8176033934252374,0.29436410369291105,32768,0.9999999999999999,0.9999999999999999,0.39955436469890676
two_tap,0.05,3,0.02,1024,3072,62,0.0,1.0,0.9999999999999999,0.9999999999999999,0.39955436469890676,0.07067525349680703,0.25820385770529275,3.898655543151422,32768,131072,,32768,3.8980771581465428,0.25820385770529275,32768,3.817603393425239,0.29436410369291105,32768,3.898655543151422,0.25820385770529275,32768,3.8176033934252374,0.29436410369291105,32768,0.9999999999999999,0.9999999999999999,0.39955436469890676
two_tap,0.05,3,0.02,1024,3072,62,0.5,9.0,1.444326617179215,1.4,0.36763120669461263,0.07067525349680703,0.16347490709195905,35.0878998883628,2097152,8388608,,2097152,8.109998799036317,0.16347490709195905,524288,7.929515418502204,0.21570211285562413,524288,3.898655543151422,0.25820385770529275,32768,3.8176033934252374,0.29436410369291105,32768,0.9999999999999999,0.9999999999999999,0.39955436469890676
two_tap,0.05,3,0.02,1024,3072,62,0.9,361.0000000000001,1.8142948038176034,1.72,0.10747106204624968,0.07067525349680703,-0.14898042830924813,1407.4146510776636,,,,,40.91436778405047,-0.14898042830924813,,39.979425792574595,-0.0833750819091458,,3.898655543151422,0.25820385770529275,32768,3.8176033934252374,0.29436410369291105,32768,0.9999999999999999,0.9999999999999999,0.39955436469890676
two_tap,0.05,3,0.02,4096,12288,63,0.0,1.0,0.9999999999999999,0.9999999999999999,0.39955436469890676,0.06144168304511071,0.2766709986086854,3.8575404244203972,32768,131072,,32768,3.856970807542692,0.2766709986086854,32768,3.817603393425239,0.29436410369291105,32768,3.8575404244203972,0.2766709986086854,32768,3.8176033934252374,0.29436410369291105,32768,0.9999999999999999,0.9999999999999999,0.39955436469890676
two_tap,0.05,3,0.02,4096,12288,63,0.5,9.0,1.444326617179215,1.4,0.36763120669461263,0.06144168304511071,0.19014749024192806,34.717863819783574,2097152,2097152,,2097152,8.01775144871755,0.19014749024192806,524288,7.929515418502204,0.21570211285562413,524288,3.8575404244203972,0.2766709986086854,32768,3.8176033934252374,0.29436410369291105,32768,0.9999999999999999,0.9999999999999999,0.39955436469890676
two_tap,0.05,3,0.02,4096,12288,63,0.9,361.0000000000001,1.8142948038176034,1.72,0.10747106204624968,0.06144168304511071,-0.11547559052685535,1392.5720932157637,,,,,40.436400068615164,-0.11547559052685533,,39.979425792574595,-0.0833750819091458,,3.8575404244203972,0.2766709986086854,32768,3.8176033934252374,0.29436410369291105,32768,0.9999999999999999,0.9999999999999999,0.39955436469890676
two_tap,0.05,3,0.02,16384,49152,64,0.0,1.0,0.9999999999999999,0.9999999999999999,0.39955436469890676,0.057052542030140756,0.2854492806386253,3.8376418976979925,32768,131072,,32768,3.8370765192067533,0.2854492806386253,32768,3.817603393425239,0.29436410369291105,32768,3.8376418976979925,0.2854492806386253,32768,3.8176033934252374,0.29436410369291105,32768,0.9999999999999999,0.9999999999999999,0.39955436469890676
two_tap,0.05,3,0.02,16384,49152,64,0.5,9.0,1.444326617179215,1.4,0.36763120669461263,0.057052542030140756,0.20282619663087625,34.538777079281935,2097152,2097152,,2097152,7.973148101162939,0.20282619663087625,524288,7.929515418502204,0.21570211285562413,524288,3.8376418976979925,0.2854492806386253,32768,3.8176033934252374,0.29436410369291105,32768,0.9999999999999999,0.9999999999999999,0.39955436469890676
two_tap,0.05,3,0.02,16384,49152,64,0.9,361.0000000000001,1.8142948038176034,1.72,0.10747106204624968,0.057052542030140756,-0.09954919905348991,1385.3887250689756,,,,,40.20537375123244,-0.09954919905348988,,39.979425792574595,-0.0833750819091458,,3.8376418976979925,0.2854492806386253,32768,3.8176033934252374,0.29436410369291105,32768,0.9999999999999999,0.9999999999999999,0.39955436469890676
two_tap,0.05,3,0.1,64,192,65,0.0,1.0,0.9999999999999999,0.9999999999999999,0.39955436469890676,0.9382136304622261,-1.476872896225545,6.0,,,,32768,6.0,-1.476872896225545,,3.817603393425239,0.29436410369291105,32768,6.0,-1.476872896225545,,3.8176033934252374,0.29436410369291105,32768,0.9999999999999999,0.9999999999999999,0.39955436469890676
two_tap,0.05,3,0.1,64,192,65,0.5,9.0,1.444326617179215,1.4,0.36763120669461263,0.9382136304622261,-2.3425426314592612,54.0,,,,2097152,13.099651440998029,-2.3425426314592612,,7.929515418502204,0.21570211285562413,524288,6.0,-1.476872896225545,,3.8176033934252374,0.29436410369291105,32768,0.9999999999999999,0.9999999999999999,0.39955436469890676
two_tap,0.05,3,0.1,64,192,65,0.9,361.0000000000001,1.8142948038176034,1.72,0.10747106204624968,0.9382136304622261,-3.296921167190682,2166.000000000001,,,,,67.71211133902874,-3.2969211671906815,,39.979425792574595,-0.0833750819091458,,6.0,-1.476872896225545,,3.8176033934252374,0.29436410369291105,32768,0.9999999999999999,0.9999999999999999,0.39955436469890676
two_tap,0.05,3,0.1,256,768,66,0.0,1.0,0.9999999999999999,0.9999999999999999,0.39955436469890676,0.3148590845097562,-0.23016380432060551,4.733860265663,,,,32768,4.7331009872539065,-0.23016380432060551,,3.817603393425239,0.29436410369291105,32768,4.733860265663,-0.23016380432060551,,3.8176033934252374,0.29436410369291105,32768,0.9999999999999999,0.9999999999999999,0.39955436469890676
two_tap,0.05,3,0.1,256,768,66,0.5,9.0,1.444326617179215,1.4,0.36763120669461263,0.3148590845097562,-0.5418875061416288,42.604742390967,,,,2097152,10.008420887036142,-0.5418875061416288,,7.929515418502204,0.21570211285562413,524288,4.733860265663,-0.23016380432060551,,3.8176033934252374,0.29436410369291105,32768,0.9999999999999999,0.9999999999999999,0.39955436469890676
two_tap,0.05,3,0.1,256,768,66,0.9,361.0000000000001,1.8142948038176034,1.72,0.10747106204624968,0.3148590845097562,-1.0350233398753872,1708.9235559043436,,,,,50.874198016852134,-1.0350233398753867,,39.979425792574595,-0.0833750819091458,,4.733860265663,-0.23016380432060551,,3.8176033934252374,0.29436410369291105,32768,0.9999999999999999,0.9999999999999999,0.39955436469890676
two_tap,0.05,3,0.1,1024,3072,67,0.0,1.0,0.9999999999999999,0.9999999999999999,0.39955436469890676,0.15529598120716326,0.0889624022845803,4.237008580341206,524288,524288,,32768,4.236357522464978,0.0889624022845803,524288,3.817603393425239,0.29436410369291105,32768,4.237008580341206,0.0889624022845803,524288,3.8176033934252374,0.29436410369291105,32768,0.9999999999999999,0.9999999999999999,0.39955436469890676
two_tap,0.05,3,0.1,1024,3072,67,0.5,9.0,1.444326617179215,1.4,0.36763120669461263,0.15529598120716326,-0.0809650317023255,38.13307722307085,,,,2097152,8.873499516205326,-0.0809650317023255,,7.929515418502204,0.21570211285562413,524288,4.237008580341206,0.0889624022845803,524288,3.8176033934252374,0.29436410369291105,32768,0.9999999999999999,0.9999999999999999,0.39955436469890676
two_tap,0.05,3,0.1,1024,3072,67,0.9,361.0000000000001,1.8142948038176034,1.72,0.10747106204624968,0.15529598120716326,-0.45603432146957534,1529.5600975031757,,,,,44.87879066670259,-0.45603432146957523,,39.979425792574595,-0.0833750819091458,,4.237008580341206,0.0889624022845803,524288,3.8176033934252374,0.29436410369291105,32768,0.9999999999999999,0.9999999999999999,0.39955436469890676
two_tap,0.05,3,0.1,4096,12288,68,0.0,1.0,0.9999999999999999,0.9999999999999999,0.39955436469890676,0.09895672737543412,0.20164090994803854,4.018919312327178,131072,131072,,32768,4.018315199934212,0.20164090994803854,131072,3.817603393425239,0.29436410369291105,32768,4.018919312327178,0.20164090994803854,131072,3.8176033934252374,0.29436410369291105,32768,0.9999999999999999,0.9999999999999999,0.39955436469890676
two_tap,0.05,3,0.1,4096,12288,68,0.5,9.0,1.444326617179215,1.4,0.36763120669461263,0.09895672737543412,0.08177953610003946,36.1702738109446,8388608,33554432,,2097152,8.380489964619878,0.08177953610003946,2097152,7.929515418502204,0.21570211285562413,524288,4.018919312327178,0.20164090994803854,131072,3.8176033934252374,0.29436410369291105,32768,0.9999999999999999,0.9999999999999999,0.39955436469890676
two_tap,0.05,3,0.1,4096,12288,68,0.9,361.0000000000001,1.8142948038176034,1.72,0.10747106204624968,0.09895672737543412,-0.251602290513841,1450.8298717501116,,,,,42.31716173264097,-0.2516022905138409,,39.979425792574595,-0.0833750819091458,,4.018919312327178,0.20164090994803854,131072,3.8176033934252374,0.29436410369291105,32768,0.9999999999999999,0.9999999999999999,0.39955436469890676
two_tap,0.05,3,0.1,16384,49152,69,0.0,1.0,0.9999999999999999,0.9999999999999999,0.39955436469890676,0.07475014208773771,0.25005408052343137,3.91649386626918,32768,131072,,32768,3.915911672698219,0.25005408052343137,32768,3.817603393425239,0.29436410369291105,32768,3.91649386626918,0.25005408052343137,32768,3.8176033934252374,0.29436410369291105,32768,0.9999999999999999,0.9999999999999999,0.39955436469890676
two_tap,0.05,3,0.1,16384,49152,69,0.5,9.0,1.444326617179215,1.4,0.36763120669461263,0.07475014208773771,0.15170396698411687,35.24844479642262,2097152,8388608,,2097152,8.15005753391298,0.15170396698411687,524288,7.929515418502204,0.21570211285562413,524288,3.91649386626918,0.25005408052343137,32768,3.8176033934252374,0.29436410369291105,32768,0.9999999999999999,0.9999999999999999,0.39955436469890676
two_tap,0.05,3,0.1,16384,49152,69,0.9,361.0000000000001,1.8142948038176034,1.72,0.10747106204624968,0.07475014208773771,-0.16376652670257047,1413.8542857231744,,,,,41.12199631290552,-0.16376652670257041,,39.979425792574595,-0.0833750819091458,,3.91649386626918,0.25005408052343137,32768,3.8176033934252374,0.29436410369291105,32768,0.9999999999999999,0.9999999999999999,0.39955436469890676
two_tap,0.1,3,0.02,64,192,70,0.0,1.0,1.0000000000000002,0.9999999999999999,0.3981121368943692,0.20627028047928528,-0.014428424064201473,4.422764056107587,,,,131072,4.422005591951269,-0.014428424064201473,,4.035874439461884,0.17657577915446113,131072,4.422764056107587,-0.014428424064201473,,4.035874439461885,0.17657577915446113,131072,1.0000000000000002,0.9999999999999999,0.3981121368943692
two_tap,0.1,3,0.02,64,192,70,0.5,9.0,1.4887892376681617,1.4,0.3748183416505498,0.20627028047928528,-0.23936760560615628,39.804876504968284,,,,33554432,8.970607408807387,-0.2393676056061564,,8.13253012048193,0.04499739649517087,8388608,4.422764056107587,-0.014428424064201473,,4.035874439461885,0.17657577915446113,131072,1.0000000000000002,0.9999999999999999,0.3981121368943692
two_tap,0.1,3,0.02,64,192,70,0.9,361.0000000000001,1.908878923766817,1.72,0.11156287941719911,0.20627028047928528,-0.675927102595556,1596.6178242548394,,,,,44.40845948094674,-0.6759271025955559,,40.17102048487126,-0.311323204720577,,4.422764056107587,-0.014428424064201473,,4.035874439461885,0.17657577915446113,131072,1.0000000000000002,0.9999999999999999,0.3981121368943692
two_tap,0.1,3,0.02,256,768,71,0.0,1.0,1.0000000000000002,0.9999999999999999,0.3981121368943692,0.1521068834735693,0.09389836994723055,4.211845381172335,524288,524288,,131072,4.211134965870075,0.09389836994723055,524288,4.035874439461884,0.17657577915446113,131072,4.211845381172335,0.09389836994723055,524288,4.035874439461885,0.17657577915446113,131072,1.0000000000000002,0.9999999999999999,0.3981121368943692
two_tap,0.1,3,0.02,256,768,71,0.5,9.0,1.4887892376681617,1.4,0.3748183416505498,0.1521068834735693,-0.0780918405308405,37.90660843055102,,,,33554432,8.511877876518039,-0.07809184053084062,,8.13253012048193,0.04499739649517087,8388608,4.211845381172335,0.09389836994723055,524288,4.035874439461885,0.17657577915446113,131072,1.0000000000000002,0.9999999999999999,0.3981121368943692
two_tap,0.1,3,0.02,256,768,71,0.9,361.0000000000001,1.908878923766817,1.72,0.11156287941719911,0.1521068834735693,-0.4691443686279041,1520.4761826032134,,,,,42.08732171280151,-0.469144368627904,,40.17102048487126,-0.311323204720577,,4.211845381172335,0.09389836994723055,524288,4.035874439461885,0.17657577915446113,131072,1.0000000000000002,0.9999999999999999,0.3981121368943692
two_tap,0.1,3,0.02,1024,3072,72,0.0,1.0,1.0000000000000002,0.9999999999999999,0.3981121368943692,0.1302486896488953,0.13761475759657854,4.120334756590026,131072,524288,,131072,4.1196450934318225,0.13761475759657854,131072,4.035874439461884,0.17657577915446113,131072,4.120334756590026,0.13761475759657854,131072,4.035874439461885,0.17657577915446113,131072,1.0000000000000002,0.9999999999999999,0.3981121368943692
two_tap,0.1,3,0.02,1024,3072,72,0.5,9.0,1.4887892376681617,1.4,0.3748183416505498,0.1302486896488953,-0.013007353088761886,37.08301280931023,,,,33554432,8.313631196536997,-0.013007353088761997,,8.13253012048193,0.04499739649517087,8388608,4.120334756590026,0.13761475759657854,131072,4.035874439461885,0.17657577915446113,131072,1.0000000000000002,0.9999999999999999,0.3981121368943692
two_tap,0.1,3,0.02,1024,3072,72,0.9,361.0000000000001,1.908878923766817,1.72,0.11156287941719911,0.1302486896488953,-0.3856950776208437,1487.4408471289998,,,,,41.08550272860841,-0.38569507762084365,,40.17102048487126,-0.311323204720577,,4.120334756590026,0.13761475759657854,131072,4.035874439461885,0.17657577915446113,131072,1.0000000000000002,0.9999999999999999,0.3981121368943692
two_tap,0.1,3,0.02,4096,12288,73,0.0,1.0,1.0000000000000002,0.9999999999999999,0.3981121368943692,0.12033870788414766,0.15743472112607382,4.077536312092558,131072,131072,,131072,4.0768563339877275,0.15743472112607382,131072,4.035874439461884,0.17657577915446113,131072,4.077536312092558,0.15743472112607382,131072,4.035874439461885,0.17657577915446113,131072,1.0000000000000002,0.9999999999999999,0.3981121368943692
two_tap,0.1,3,0.02,4096,12288,73,0.5,9.0,1.4887892376681617,1.4,0.3748183416505498,0.12033870788414766,0.016500395304926196,36.69782680883303,536870912,536870912,,33554432,8.221077311222963,0.016500395304926085,134217728,8.13253012048193,0.04499739649517087,8388608,4.077536312092558,0.15743472112607382,131072,4.035874439461885,0.17657577915446113,131072,1.0000000000000002,0.9999999999999999,0.3981121368943692
two_tap,0.1,3,0.02,4096,12288,73,0.9,361.0000000000001,1.908878923766817,1.72,0.11156287941719911,0.12033870788414766,-0.3478611669695632,1471.990608665414,,,,,40.61806243205356,-0.34786116696956315,,40.17102048487126,-0.311323204720577,,4.077536312092558,0.15743472112607382,131072,4.035874439461885,0.17657577915446113,131072,1.0000000000000002,0.9999999999999999,0.3981121368943692
two_tap,0.1,3,0.02,16384,49152,74,0.0,1.0,1.0000000000000002,0.9999999999999999,0.3981121368943692,0.11561157525484485,0.16688898638467944,4.056821864431888,131072,131072,,131072,4.056146569116534,0.16688898638467944,131072,4.035874439461884,0.17657577915446113,131072,4.056821864431888,0.16688898638467944,131072,4.035874439461885,0.17657577915446113,131072,1.0000000000000002,0.9999999999999999,0.3981121368943692
two_tap,0.1,3,0.02,16384,49152,74,0.5,9.0,1.4887892376681617,1.4,0.3748183416505498,0.11561157525484485,0.030575803671998247,36.511396779886994,134217728,134217728,,33554432,8.176318877497138,0.030575803671998136,33554432,8.13253012048193,0.04499739649517087,8388608,4.056821864431888,0.16688898638467944,131072,4.035874439461885,0.17657577915446113,131072,1.0000000000000002,0.9999999999999999,0.3981121368943692
two_tap,0.1,3,0.02,16384,49152,74,0.9,361.0000000000001,1.908878923766817,1.72,0.11156287941719911,0.11561157525484485,-0.3298141192777101,1464.512693059912,,,,,40.39207375690792,-0.32981411927771004,,40.17102048487126,-0.311323204720577,,4.056821864431888,0.16688898638467944,131072,4.035874439461885,0.17657577915446113,131072,1.0000000000000002,0.9999999999999999,0.3981121368943692
two_tap,0.1,3,0.1,64,192,75,0.0,1.0,1.0000000000000002,0.9999999999999999,0.3981121368943692,0.9792181257375333,-1.5603241145806979,6.0,,,,131072,6.0,-1.5603241145806979,,4.035874439461884,0.17657577915446113,131072,6.0,-1.5603241145806979,,4.035874439461885,0.17657577915446113,131072,1.0000000000000002,0.9999999999999999,0.3981121368943692
two_tap,0.1,3,0.1,64,192,75,0.5,9.0,1.4887892376681617,1.4,0.3748183416505498,0.9792181257375333,-2.540880472204707,54.0,,,,33554432,13.295490327248238,-2.5408804722047074,,8.13253012048193,0.04499739649517087,8388608,6.0,-1.5603241145806979,,4.035874439461885,0.17657577915446113,131072,1.0000000000000002,0.9999999999999999,0.3981121368943692
two_tap,0.1,3,0.1,64,192,75,0.9,361.0000000000001,1.908878923766817,1.72,0.11156287941719911,0.9792181257375333,-3.626854804564445,2166.000000000001,,,,,67.71211133902874,-3.6268548045644446,,40.17102048487126,-0.311323204720577,,6.0,-1.5603241145806979,,4.035874439461885,0.17657577915446113,131072,1.0000000000000002,0.9999999999999999,0.3981121368943692
two_tap,0.1,3,0.1,256,768,76,0.0,1.0,1.0000000000000002,0.9999999999999999,0.3981121368943692,0.3873072177518854,-0.3765022986094019,4.989062834622765,,,,131072,4.988173996854139,-0.3765022986094019,,4.035874439461884,0.17657577915446113,131072,4.989062834622765,-0.3765022986094019,,4.035874439461885,0.17657577915446113,131072,1.0000000000000002,0.9999999999999999,0.3981121368943692
two_tap,0.1,3,0.1,256,768,76,0.5,9.0,1.4887892376681617,1.4,0.3748183416505498,0.3873072177518854,-0.7784192932698628,44.901565511604886,,,,33554432,10.21439648073921,-0.7784192932698628,,8.13253012048193,0.04499739649517087,8388608,4.989062834622765,-0.3765022986094019,,4.035874439461885,0.17657577915446113,131072,1.0000000000000002,0.9999999999999999,0.3981121368943692
two_tap,0.1,3,0.1,256,768,76,0.9,361.0000000000001,1.908878923766817,1.72,0.11156287941719911,0.3873072177518854,-1.3670822905614792,1801.0516832988187,,,,,50.874198016852134,-1.3670822905614792,,40.17102048487126,-0.311323204720577,,4.989062834622765,-0.3765022986094019,,4.035874439461885,0.17657577915446113,131072,1.0000000000000002,0.9999999999999999,0.3981121368943692
two_tap,0.1,3,0.1,1024,3072,77,0.0,1.0,1.0000000000000002,0.9999999999999999,0.3981121368943692,0.21986858197066622,-0.04162502704696336,4.47241582260658,,,,131072,4.4716460049285285,-0.04162502704696336,,4.035874439461884,0.17657577915446113,131072,4.47241582260658,-0.04162502704696336,,4.035874439461885,0.17657577915446113,131072,1.0000000000000002,0.9999999999999999,0.3981121368943692
two_tap,0.1,3,0.1,1024,3072,77,0.5,9.0,1.4887892376681617,1.4,0.3748183416505498,0.21986858197066622,-0.27985761542802595,40.25174240345922,,,,33554432,9.078957184881949,-0.27985761542802606,,8.13253012048193,0.04499739649517087,8388608,4.47241582260658,-0.04162502704696336,,4.035874439461885,0.17657577915446113,131072,1.0000000000000002,0.9999999999999999,0.3981121368943692
two_tap,0.1,3,0.1,1024,3072,77,0.9,361.0000000000001,1.908878923766817,1.72,0.11156287941719911,0.21986858197066622,-0.7278421248274038,1614.542111960976,,,,,44.957304085329994,-0.7278421248274037,,40.17102048487126,-0.311323204720577,,4.47241582260658,-0.04162502704696336,,4.035874439461885,0.17657577915446113,131072,1.0000000000000002,0.9999999999999999,0.3981121368943692
two_tap,0.1,3,0.1,4096,12288,78,0.0,1.0,1.0000000000000002,0.9999999999999999,0.3981121368943692,0.16038459100674105,0.07734295488088705,4.245502968409995,524288,2097152,,131072,4.244784905763355,0.07734295488088705,524288,4.035874439461884,0.17657577915446113,131072,4.245502968409995,0.07734295488088705,524288,4.035874439461885,0.17657577915446113,131072,1.0000000000000002,0.9999999999999999,0.3981121368943692
two_tap,0.1,3,0.1,4096,12288,78,0.5,9.0,1.4887892376681617,1.4,0.3748183416505498,0.16038459100674105,-0.10273936430674202,38.209526715689954,,,,33554432,8.58491240956991,-0.10273936430674213,,8.13253012048193,0.04499739649517087,8388608,4.245502968409995,0.07734295488088705,524288,4.035874439461885,0.17657577915446113,131072,1.0000000000000002,0.9999999999999999,0.3981121368943692
two_tap,0.1,3,0.1,4096,12288,78,0.9,361.0000000000001,1.908878923766817,1.72,0.11156287941719911,0.16038459100674105,-0.5007466515222588,1532.6265715960087,,,,,42.45659241998003,-0.5007466515222587,,40.17102048487126,-0.311323204720577,,4.245502968409995,0.07734295488088705,524288,4.035874439461885,0.17657577915446113,131072,1.0000000000000002,0.9999999999999999,0.3981121368943692
two_tap,0.1,3,0.1,16384,49152,79,0.0,1.0,1.0000000000000002,0.9999999999999999,0.3981121368943692,0.13460903732083634,0.12889406225269645,4.138902349013736,131072,524288,,131072,4.138208480015658,0.12889406225269645,131072,4.035874439461884,0.17657577915446113,131072,4.138902349013736,0.12889406225269645,131072,4.035874439461885,0.17657577915446113,131072,1.0000000000000002,0.9999999999999999,0.3981121368943692
two_tap,0.1,3,0.1,16384,49152,79,0.5,9.0,1.4887892376681617,1.4,0.3748183416505498,0.13460903732083634,-0.025990630461716346,37.25012114112362,,,,33554432,8.353817119027106,-0.025990630461716457,,8.13253012048193,0.04499739649517087,8388608,4.138902349013736,0.12889406225269645,131072,4.035874439461885,0.17657577915446113,131072,1.0000000000000002,0.9999999999999999,0.3981121368943692
two_tap,0.1,3,0.1,16384,49152,79,0.9,361.0000000000001,1.908878923766817,1.72,0.11156287941719911,0.13460903732083634,-0.4023418291633716,1494.143747993959,,,,,41.28851427565372,-0.4023418291633716,,40.17102048487126,-0.311323204720577,,4.138902349013736,0.12889406225269645,131072,4.035874439461885,0.17657577915446113,131072,1.0000000000000002,0.9999999999999999,0.3981121368943692
no_dominant_tap,0,4,0.02,64,256,80,0.0,1.0,1.0000000000000002,1.0000000000000002,0.35151515151515167,0.2810997356264835,-0.21068431973781543,5.420736410391449,,,,32768,5.419303952345457,-0.21068431973781543,,4.909090909090909,0.35151515151515167,32768,5.420736410391449,-0.21068431973781543,,4.909090909090908,0.35151515151515167,32768,1.0000000000000002,1.0000000000000002,0.35151515151515167
no_dominant_tap,0,4,0.02,64,256,80,0.5,9.0,1.6666666666666667,1.6666666666666667,0.36363636363636365,0.2810997356264835,-0.5733627551185814,48.78662769352304,,,,2097152,9.825444540270398,-0.5733627551185814,,8.836363636363632,0.36363636363636376,131072,5.420736410391449,-0.21068431973781543,,4.909090909090908,0.35151515151515167,32768,1.0000000000000002,1.0000000000000002,0.35151515151515167
no_dominant_tap,0,4,0.02,64,256,80,0.9,361.0000000000001,2.287272727272727,2.287272727272727,0.11570424242424215,0.2810997356264835,-1.170199275459817,1956.8858441513134,,,,536870912,45.535431551270925,-1.170199275459817,,40.77901430842608,0.11570424242424238,33554432,5.420736410391449,-0.21068431973781543,,4.909090909090908,0.35151515151515167,32768,1.0000000000000002,1.0000000000000002,0.35151515151515167
no_dominant_tap,0,4,0.02,256,1024,81,0.0,1.0,1.0000000000000002,1.0000000000000002,0.35151515151515167,0.09575314413697825,0.16000886324119512,5.143956664025518,131072,524288,,32768,5.142620629488407,0.16000886324119512,131072,4.909090909090909,0.35151515151515167,32768,5.143956664025518,0.16000886324119512,131072,4.909090909090908,0.35151515151515167,32768,1.0000000000000002,1.0000000000000002,0.35151515151515167
no_dominant_tap,0,4,0.02,256,1024,81,0.5,9.0,1.6666666666666667,1.6666666666666667,0.36363636363636365,0.09575314413697825,0.044459216513102806,46.29560997622966,134217728,134217728,,2097152,9.287745977650216,0.04445921651310286,8388608,8.836363636363632,0.36363636363636376,131072,5.143956664025518,0.16000886324119512,131072,4.909090909090908,0.35151515151515167,32768,1.0000000000000002,1.0000000000000002,0.35151515151515167
no_dominant_tap,0,4,0.02,256,1024,81,0.9,361.0000000000001,2.287272727272727,2.287272727272727,0.11570424242424215,0.09575314413697825,-0.3223228678460074,1856.9683557132128,,,,536870912,42.94593931858595,-0.3223228678460073,,40.77901430842608,0.11570424242424238,33554432,5.143956664025518,0.16000886324119512,131072,4.909090909090908,0.35151515151515167,32768,1.0000000000000002,1.0000000000000002,0.35151515151515167
no_dominant_tap,0,4,0.02,1024,4096,82,0.0,1.0,1.0000000000000002,1.0000000000000002,0.35151515151515167,0.04228043037734828,0.26695429076045507,5.022433818966585,32768,131072,,32768,5.021139917260292,0.26695429076045507,32768,4.909090909090909,0.35151515151515167,32768,5.022433818966585,0.26695429076045507,32768,4.909090909090908,0.35151515151515167,32768,1.0000000000000002,1.0000000000000002,0.35151515151515167
no_dominant_tap,0,4,0.02,1024,4096,82,0.5,9.0,1.6666666666666667,1.6666666666666667,0.36363636363636365,0.04228043037734828,0.22270159571186937,45.20190437069926,2097152,8388608,,2097152,9.052656900903303,0.22270159571186948,524288,8.836363636363632,0.36363636363636376,131072,5.022433818966585,0.26695429076045507,32768,4.909090909090908,0.35151515151515167,32768,1.0000000000000002,1.0000000000000002,0.35151515151515167
no_dominant_tap,0,4,0.02,1024,4096,82,0.9,361.0000000000001,2.287272727272727,2.287272727272727,0.11570424242424215,0.04228043037734828,-0.07770950817468195,1813.0986086469377,,,,536870912,41.81656819560835,-0.07770950817468178,,40.77901430842608,0.11570424242424238,33554432,5.022433818966585,0.26695429076045507,32768,4.909090909090908,0.35151515151515167,32768,1.0000000000000002,1.0000000000000002,0.35151515151515167
no_dominant_tap,0,4,0.02,4096,16384,83,0.0,1.0,1.0000000000000002,1.0000000000000002,0.35151515151515167,0.02033483386278171,0.31084548378958826,4.965281861350631,32768,131072,,32768,4.964007729907316,0.31084548378958826,32768,4.909090909090909,0.35151515151515167,32768,4.965281861350631,0.31084548378958826,32768,4.909090909090908,0.35151515151515167,32768,1.0000000000000002,1.0000000000000002,0.35151515151515167
no_dominant_tap,0,4,0.02,4096,16384,83,0.5,9.0,1.6666666666666667,1.6666666666666667,0.36363636363636365,0.02033483386278171,0.29585358409375795,44.68753675215568,2097152,2097152,,2097152,8.94230659996439,0.29585358409375806,524288,8.836363636363632,0.36363636363636376,131072,4.965281861350631,0.31084548378958826,32768,4.909090909090908,0.35151515151515167,32768,1.0000000000000002,1.0000000000000002,0.35151515151515167
no_dominant_tap,0,4,0.02,4096,16384,83,0.9,361.0000000000001,2.287272727272727,2.287272727272727,0.11570424242424215,0.02033483386278171,0.022681620608317105,1792.4667519475784,,,,536870912,41.28703708197116,0.0226816206083173,536870912,40.77901430842608,0.11570424242424238,33554432,4.965281861350631,0.31084548378958826,32768,4.909090909090908,0.35151515151515167,32768,1.0000000000000002,1.0000000000000002,0.35151515151515167
no_dominant_tap,0,4,0.02,16384,65536,84,0.0,1.0,1.0000000000000002,1.0000000000000002,0.35151515151515167,0.010282890164778796,0.3309493711855941,4.937545152102235,32768,131072,,32768,4.936280604940143,0.3309493711855941,32768,4.909090909090909,0.35151515151515167,32768,4.937545152102235,0.3309493711855941,32768,4.909090909090908,0.35151515151515167,32768,1.0000000000000002,1.0000000000000002,0.35151515151515167
no_dominant_tap,0,4,0.02,16384,65536,84,0.5,9.0,1.6666666666666667,1.6666666666666667,0.36363636363636365,0.010282890164778796,0.329360063087101,44.43790636892011,2097152,2097152,,2097152,8.888800966198094,0.3293600630871011,524288,8.836363636363632,0.36363636363636376,131072,4.937545152102235,0.3309493711855941,32768,4.909090909090908,0.35151515151515167,32768,1.0000000000000002,1.0000000000000002,0.35151515151515167
no_dominant_tap,0,4,0.02,16384,65536,84,0.9,361.0000000000001,2.287272727272727,2.287272727272727,0.11570424242424215,0.010282890164778796,0.06866469396136315,1782.4537999089073,2147483648,2147483648,,536870912,41.030420219065626,0.06866469396136338,33554432,40.77901430842608,0.11570424242424238,33554432,4.937545152102235,0.3309493711855941,32768,4.909090909090908,0.35151515151515167,32768,1.0000000000000002,1.0000000000000002,0.35151515151515167
no_dominant_tap,0,4,0.1,64,256,85,0.0,1.0,1.0000000000000002,1.0000000000000002,0.35151515151515167,1.0,-1.6484848484848489,8.0,,,,32768,8.0,-1.6484848484848489,,4.909090909090909,0.35151515151515167,32768,8.0,-1.6484848484848489,,4.909090909090908,0.35151515151515167,32768,1.0000000000000002,1.0000000000000002,0.35151515151515167
no_dominant_tap,0,4,0.1,64,256,85,0.5,9.0,1.6666666666666667,1.6666666666666667,0.36363636363636365,1.0,-2.9696969696969697,72.0,,,,2097152,15.0249597351477,-2.96969696969697,,8.836363636363632,0.36363636363636376,131072,8.0,-1.6484848484848489,,4.909090909090908,0.35151515151515167,32768,1.0000000000000002,1.0000000000000002,0.35151515151515167
no_dominant_tap,0,4,0.1,64,256,85,0.9,361.0000000000001,2.287272727272727,2.287272727272727,0.11570424242424215,1.0,-4.458841212121212,2888.000000000001,,,,536870912,71.00017610287951,-4.458841212121213,,40.77901430842608,0.11570424242424238,33554432,8.0,-1.6484848484848489,,4.909090909090908,0.35151515151515167,32768,1.0000000000000002,1.0000000000000002,0.35151515151515167
no_dominant_tap,0,4,0.1,256,1024,86,0.0,1.0,1.0000000000000002,1.0000000000000002,0.35151515151515167,0.8036008299563463,-1.2556865083975413,6.18840083580603,,,,32768,6.186697918817573,-1.2556865083975413,,4.909090909090909,0.35151515151515167,32768,6.18840083580603,-1.2556865083975413,,4.909090909090908,0.35151515151515167,32768,1.0000000000000002,1.0000000000000002,0.35151515151515167
no_dominant_tap,0,4,0.1,256,1024,86,0.5,9.0,1.6666666666666667,1.6666666666666667,0.36363636363636365,0.8036008299563463,-2.315033069551457,55.69560752225427,,,,2097152,11.332821818179264,-2.3150330695514576,,8.836363636363632,0.36363636363636376,131072,6.18840083580603,-1.2556865083975413,,4.909090909090908,0.35151515151515167,32768,1.0000000000000002,1.0000000000000002,0.35151515151515167
no_dominant_tap,0,4,0.1,256,1024,86,0.9,361.0000000000001,2.287272727272727,2.287272727272727,0.11570424242424215,0.8036008299563463,-3.5604042815215164,2234.0127017259774,,,,536870912,52.840624964069576,-3.560404281521517,,40.77901430842608,0.11570424242424238,33554432,6.18840083580603,-1.2556865083975413,,4.909090909090908,0.35151515151515167,32768,1.0000000000000002,1.0000000000000002,0.35151515151515167
no_dominant_tap,0,4,0.1,1024,4096,87,0.0,1.0,1.0000000000000002,1.0000000000000002,0.35151515151515167,0.3635265438883472,-0.37553793626154286,5.495421294421022,,,,32768,5.493962712757953,-0.37553793626154286,,4.909090909090909,0.35151515151515167,32768,5.495421294421022,-0.37553793626154286,,4.909090909090908,0.35151515151515167,32768,1.0000000000000002,1.0000000000000002,0.35151515151515167
no_dominant_tap,0,4,0.1,1024,4096,87,0.5,9.0,1.6666666666666667,1.6666666666666667,0.36363636363636365,0.3635265438883472,-0.848118782658127,49.4587916497892,,,,2097152,9.971067186819724,-0.8481187826581271,,8.836363636363632,0.36363636363636376,131072,5.495421294421022,-0.37553793626154286,,4.909090909090908,0.35151515151515167,32768,1.0000000000000002,1.0000000000000002,0.35151515151515167
no_dominant_tap,0,4,0.1,1024,4096,87,0.9,361.0000000000001,2.287272727272727,2.287272727272727,0.11570424242424215,0.3635265438883472,-1.5472644565268152,1983.8470872859896,,,,536870912,46.23824049040158,-1.5472644565268152,,40.77901430842608,0.11570424242424238,33554432,5.495421294421022,-0.37553793626154286,,4.909090909090908,0.35151515151515167,32768,1.0000000000000002,1.0000000000000002,0.35151515151515167
no_dominant_tap,0,4,0.1,4096,16384,88,0.0,1.0,1.0000000000000002,1.0000000000000002,0.35151515151515167,0.11956445062931848,0.11238625025651466,5.1908680575931045,524288,524288,,32768,5.1895157246964505,0.11238625025651466,524288,4.909090909090909,0.35151515151515167,32768,5.1908680575931045,0.11238625025651466,524288,4.909090909090908,0.35151515151515167,32768,1.0000000000000002,1.0000000000000002,0.35151515151515167
no_dominant_tap,0,4,0.1,4096,16384,88,0.5,9.0,1.6666666666666667,1.6666666666666667,0.36363636363636365,0.11956445062931848,-0.03491180512803127,46.717812518337944,,,,2097152,9.378660177495101,-0.034911805128031215,,8.836363636363632,0.36363636363636376,131072,5.1908680575931045,0.11238625025651466,524288,4.909090909090908,0.35151515151515167,32768,1.0000000000000002,1.0000000000000002,0.35151515151515167
no_dominant_tap,0,4,0.1,4096,16384,88,0.9,361.0000000000001,2.287272727272727,2.287272727272727,0.11570424242424215,0.11956445062931848,-0.431248771727331,1873.9033687911112,,,,536870912,43.38315054629428,-0.4312487717273309,,40.77901430842608,0.11570424242424238,33554432,5.1908680575931045,0.11238625025651466,524288,4.909090909090908,0.35151515151515167,32768,1.0000000000000002,1.0000000000000002,0.35151515151515167
no_dominant_tap,0,4,0.1,16384,65536,89,0.0,1.0,1.0000000000000002,1.0000000000000002,0.35151515151515167,0.0525974732655061,0.24632020498413942,5.047765033033864,131072,131072,,32768,5.046462359401253,0.24632020498413942,131072,4.909090909090909,0.35151515151515167,32768,5.047765033033864,0.24632020498413942,131072,4.909090909090908,0.35151515151515167,32768,1.0000000000000002,1.0000000000000002,0.35151515151515167
no_dominant_tap,0,4,0.1,16384,65536,89,0.5,9.0,1.6666666666666667,1.6666666666666667,0.36363636363636365,0.0525974732655061,0.1883114527513433,45.42988529730477,8388608,8388608,,2097152,9.10161038607468,0.1883114527513434,524288,8.836363636363632,0.36363636363636376,131072,5.047765033033864,0.24632020498413942,131072,4.909090909090908,0.35151515151515167,32768,1.0000000000000002,1.0000000000000002,0.35151515151515167
no_dominant_tap,0,4,0.1,16384,65536,89,0.9,361.0000000000001,2.287272727272727,2.287272727272727,0.11570424242424215,0.0525974732655061,-0.12490528982305482,1822.2431769252253,,,,536870912,42.051599947645144,-0.12490528982305465,,40.77901430842608,0.11570424242424238,33554432,5.047765033033864,0.24632020498413942,131072,4.909090909090908,0.35151515151515167,32768,1.0000000000000002,1.0000000000000002,0.35151515151515167
no_dominant_tap,0.025,4,0.02,64,256,90,0.0,1.0,1.0000000000000002,1.0000000000000002,0.35218605960490945,0.2992099288966678,-0.24623379818842628,5.524044158886137,,,,32768,5.522533328185503,-0.2462337981884264,,5.00521376433785,0.30091243732514217,32768,5.524044158886137,-0.2462337981884264,,5.00521376433785,0.30091243732514217,32768,1.0000000000000004,1.0000000000000002,0.35218605960490945
no_dominant_tap,0.025,4,0.02,64,256,90,0.5,9.0,1.6827327849225666,1.6666666666666667,0.36763818472224036,0.2992099288966678,-0.6393425291353056,49.71639742997523,,,,2097152,9.914543964506365,-0.6393425291353054,,8.923366459342224,0.2813583795103399,524288,5.524044158886137,-0.2462337981884264,,5.00521376433785,0.30091243732514217,32768,1.0000000000000004,1.0000000000000002,0.35218605960490945
no_dominant_tap,0.025,4,0.02,64,256,90,0.9,361.0000000000001,2.3274438651372957,2.287272727272727,0.11791147661928503,0.2992099288966678,-1.2748771501781468,1994.179941357896,,,,,45.57968175272158,-1.2748771501781477,,40.85987333439266,-0.0014250009991264578,,5.524044158886137,-0.2462337981884264,,5.00521376433785,0.30091243732514217,32768,1.0000000000000004,1.0000000000000002,0.35218605960490945
no_dominant_tap,0.025,4,0.02,256,1024,91,0.0,1.0,1.0000000000000002,1.0000000000000002,0.35218605960490945,0.10764631081237148,0.13689343798016643,5.243424265652416,131072,524288,,32768,5.242012992296606,0.1368934379801664,131072,5.00521376433785,0.30091243732514217,32768,5.243424265652416,0.1368934379801664,131072,5.00521376433785,0.30091243732514217,32768,1.0000000000000004,1.0000000000000002,0.35218605960490945
no_dominant_tap,0.025,4,0.02,256,1024,91,0.5,9.0,1.6827327849225666,1.6666666666666667,0.36763818472224036,0.10764631081237148,0.005358231962356241,47.19081839087174,,,,2097152,9.375783604077604,0.005358231962356297,2147483648,8.923366459342224,0.2813583795103399,524288,5.243424265652416,0.1368934379801664,131072,5.00521376433785,0.30091243732514217,32768,1.0000000000000004,1.0000000000000002,0.35218605960490945
no_dominant_tap,0.025,4,0.02,256,1024,91,0.9,361.0000000000001,2.3274438651372957,2.287272727272727,0.11791147661928503,0.10764631081237148,-0.38317001479054813,1892.8761599005227,,,,,43.01070147215866,-0.38317001479054846,,40.85987333439266,-0.0014250009991264578,,5.243424265652416,0.1368934379801664,131072,5.00521376433785,0.30091243732514217,32768,1.0000000000000004,1.0000000000000002,0.35218605960490945
no_dominant_tap,0.025,4,0.02,1024,4096,92,0.0,1.0,1.0000000000000002,1.0000000000000002,0.35218605960490945,0.056149024128699675,0.2398880113475101,5.120202931326761,131072,131072,,32768,5.118835176360865,0.23988801134751003,131072,5.00521376433785,0.30091243732514217,32768,5.120202931326761,0.23988801134751003,131072,5.00521376433785,0.30091243732514217,32768,1.0000000000000004,1.0000000000000002,0.35218605960490945
no_dominant_tap,0.025,4,0.02,1024,4096,92,0.5,9.0,1.6827327849225666,1.6666666666666667,0.36763818472224036,0.056149024128699675,0.17867057723669796,46.08182638194085,8388608,8388608,,2097152,9.14017234057496,0.178670577236698,524288,8.923366459342224,0.2813583795103399,524288,5.120202931326761,0.23988801134751003,131072,5.00521376433785,0.30091243732514217,32768,1.0000000000000004,1.0000000000000002,0.35218605960490945
no_dominant_tap,0.025,4,0.02,1024,4096,92,0.9,361.0000000000001,2.3274438651372957,2.287272727272727,0.11791147661928503,0.056149024128699675,-0.1434559268642911,1848.3932582089615,,,,,41.88984395925693,-0.14345592686429137,,40.85987333439266,-0.0014250009991264578,,5.120202931326761,0.23988801134751003,131072,5.00521376433785,0.30091243732514217,32768,1.0000000000000004,1.0000000000000002,0.35218605960490945
no_dominant_tap,0.025,4,0.02,4096,16384,93,0.0,1.0,1.0000000000000002,1.0000000000000002,0.35218605960490945,0.03916131563836572,0.273863428328178,5.062249435708549,32768,131072,,32768,5.060902104751972,0.273863428328178,32768,5.00521376433785,0.30091243732514217,32768,5.062249435708549,0.273863428328178,32768,5.00521376433785,0.30091243732514217,32768,1.0000000000000004,1.0000000000000002,0.35218605960490945
no_dominant_tap,0.025,4,0.02,4096,16384,93,0.5,9.0,1.6827327849225666,1.6666666666666667,0.36763818472224036,0.03916131563836572,0.23584212527148277,45.56024492137694,2097152,8388608,,2097152,9.029564407546802,0.23584212527148277,524288,8.923366459342224,0.2813583795103399,524288,5.062249435708549,0.273863428328178,32768,5.00521376433785,0.30091243732514217,32768,1.0000000000000004,1.0000000000000002,0.35218605960490945
no_dominant_tap,0.025,4,0.02,4096,16384,93,0.9,361.0000000000001,2.3274438651372957,2.287272727272727,0.11791147661928503,0.03916131563836572,-0.06438005104715402,1827.4720462907867,,,,,41.36421187265187,-0.06438005104715433,,40.85987333439266,-0.0014250009991264578,,5.062249435708549,0.273863428328178,32768,5.00521376433785,0.30091243732514217,32768,1.0000000000000004,1.0000000000000002,0.35218605960490945
no_dominant_tap,0.025,4,0.02,16384,65536,94,0.0,1.0,1.0000000000000002,1.0000000000000002,0.35218605960490945,0.03228181916739907,0.2876224212701113,5.03412308264952,32768,131072,,32768,5.032785653746245,0.2876224212701113,32768,5.00521376433785,0.30091243732514217,32768,5.03412308264952,0.2876224212701113,32768,5.00521376433785,0.30091243732514217,32768,1.0000000000000004,1.0000000000000002,0.35218605960490945
no_dominant_tap,0.025,4,0.02,16384,65536,94,0.5,9.0,1.6827327849225666,1.6666666666666667,0.36763818472224036,0.03228181916739907,0.2589948337823921,45.307107743845684,2097152,2097152,,2097152,8.975930936909993,0.25899483378239213,524288,8.923366459342224,0.2813583795103399,524288,5.03412308264952,0.2876224212701113,32768,5.00521376433785,0.30091243732514217,32768,1.0000000000000004,1.0000000000000002,0.35218605960490945
no_dominant_tap,0.025,4,0.02,16384,65536,94,0.9,361.0000000000001,2.3274438651372957,2.287272727272727,0.11791147661928503,0.03228181916739907,-0.03235676733398404,1817.3184328364773,,,,,41.109462962771765,-0.03235676733398432,,40.85987333439266,-0.0014250009991264578,,5.03412308264952,0.2876224212701113,32768,5.00521376433785,0.30091243732514217,32768,1.0000000000000004,1.0000000000000002,0.35218605960490945
no_dominant_tap,0.025,4,0.1,64,256,95,0.0,1.0,1.0000000000000002,1.0000000000000002,0.35218605960490945,1.0,-1.6478139403950909,8.0,,,,32768,8.0,-1.6478139403950913,,5.00521376433785,0.30091243732514217,32768,8.0,-1.6478139403950913,,5.00521376433785,0.30091243732514217,32768,1.0000000000000004,1.0000000000000002,0.35218605960490945
no_dominant_tap,0.025,4,0.1,64,256,95,0.5,9.0,1.6827327849225666,1.6666666666666667,0.36763818472224036,1.0,-2.9978273851228927,72.0,,,,2097152,15.116221922138534,-2.9978273851228923,,8.923366459342224,0.2813583795103399,524288,8.0,-1.6478139403950913,,5.00521376433785,0.30091243732514217,32768,1.0000000000000004,1.0000000000000002,0.35218605960490945
no_dominant_tap,0.025,4,0.1,64,256,95,0.9,361.0000000000001,2.3274438651372957,2.287272727272727,0.11791147661928503,1.0,-4.536976253655307,2888.000000000001,,,,,71.00017610287951,-4.536976253655308,,40.85987333439266,-0.0014250009991264578,,8.0,-1.6478139403950913,,5.00521376433785,0.30091243732514217,32768,1.0000000000000004,1.0000000000000002,0.35218605960490945
no_dominant_tap,0.025,4,0.1,256,1024,96,0.0,1.0,1.0000000000000002,1.0000000000000002,0.35218605960490945,0.8201982954082455,-1.2882105312115821,6.30217414163076,,,,32768,6.300384303438534,-1.2882105312115821,,5.00521376433785,0.30091243732514217,32768,6.30217414163076,-1.2882105312115821,,5.00521376433785,0.30091243732514217,32768,1.0000000000000004,1.0000000000000002,0.35218605960490945
no_dominant_tap,0.025,4,0.1,256,1024,96,0.5,9.0,1.6827327849225666,1.6666666666666667,0.36763818472224036,0.8201982954082455,-2.3927109389198775,56.71956727467684,,,,2097152,11.42398016452072,-2.392710938919877,,8.923366459342224,0.2813583795103399,524288,6.30217414163076,-1.2882105312115821,,5.00521376433785,0.30091243732514217,32768,1.0000000000000004,1.0000000000000002,0.35218605960490945
no_dominant_tap,0.025,4,0.1,256,1024,96,0.9,361.0000000000001,2.3274438651372957,2.287272727272727,0.11791147661928503,0.8201982954082455,-3.700019505068692,2275.084865128705,,,,,52.840624964069576,-3.7000195050686937,,40.85987333439266,-0.0014250009991264578,,6.30217414163076,-1.2882105312115821,,5.00521376433785,0.30091243732514217,32768,1.0000000000000004,1.0000000000000002,0.35218605960490945
no_dominant_tap,0.025,4,0.1,1024,4096,97,0.0,1.0,1.0000000000000002,1.0000000000000002,0.35218605960490945,0.38683379409781854,-0.42148152859072785,5.599758801860345,,,,32768,5.59822100691037,-0.42148152859072796,,5.00521376433785,0.30091243732514217,32768,5.599758801860345,-0.42148152859072796,,5.00521376433785,0.30091243732514217,32768,1.0000000000000004,1.0000000000000002,0.35218605960490945
no_dominant_tap,0.025,4,0.1,1024,4096,97,0.5,9.0,1.6827327849225666,1.6666666666666667,0.36763818472224036,0.38683379409781854,-0.9342376305665294,50.397829216743105,,,,2097152,10.060423347727877,-0.9342376305665294,,8.923366459342224,0.2813583795103399,524288,5.599758801860345,-0.42148152859072796,,5.00521376433785,0.30091243732514217,32768,1.0000000000000004,1.0000000000000002,0.35218605960490945
no_dominant_tap,0.025,4,0.1,1024,4096,97,0.9,361.0000000000001,2.3274438651372957,2.287272727272727,0.11791147661928503,0.38683379409781854,-1.6827564051822181,2021.512927471585,,,,,46.27669141286654,-1.682756405182219,,40.85987333439266,-0.0014250009991264578,,5.599758801860345,-0.42148152859072796,,5.00521376433785,0.30091243732514217,32768,1.0000000000000004,1.0000000000000002,0.35218605960490945
no_dominant_tap,0.025,4,0.1,4096,16384,98,0.0,1.0,1.0000000000000002,1.0000000000000002,0.35218605960490945,0.13170904983442078,0.08876795993606784,5.290989251108768,524288,2097152,,32768,5.28956114613166,0.08876795993606779,524288,5.00521376433785,0.30091243732514217,32768,5.290989251108768,0.08876795993606779,524288,5.00521376433785,0.30091243732514217,32768,1.0000000000000004,1.0000000000000002,0.35218605960490945
no_dominant_tap,0.025,4,0.1,4096,16384,98,0.5,9.0,1.6827327849225666,1.6666666666666667,0.36763818472224036,0.13170904983442078,-0.07562408773251961,47.618903259978914,,,,2097152,9.466890153048753,-0.07562408773251955,,8.923366459342224,0.2813583795103399,524288,5.290989251108768,0.08876795993606779,524288,5.00521376433785,0.30091243732514217,32768,1.0000000000000004,1.0000000000000002,0.35218605960490945
no_dominant_tap,0.025,4,0.1,4096,16384,98,0.9,361.0000000000001,2.3274438651372957,2.287272727272727,0.11791147661928503,0.13170904983442078,-0.49517936342108493,1910.0471196502658,,,,,43.444545428976156,-0.4951793634210854,,40.85987333439266,-0.0014250009991264578,,5.290989251108768,0.08876795993606779,524288,5.00521376433785,0.30091243732514217,32768,1.0000000000000004,1.0000000000000002,0.35218605960490945
no_dominant_tap,0.025,4,0.1,16384,65536,99,0.0,1.0,1.0000000000000002,1.0000000000000002,0.35218605960490945,0.06537335417046916,0.2214393512639711,5.145888841255405,131072,131072,,32768,5.144512025044068,0.22143935126397107,131072,5.00521376433785,0.30091243732514217,32768,5.145888841255405,0.22143935126397107,131072,5.00521376433785,0.30091243732514217,32768,1.0000000000000004,1.0000000000000002,0.35218605960490945
no_dominant_tap,0.025,4,0.1,16384,65536,99,0.5,9.0,1.6827327849225666,1.6666666666666667,0.36763818472224036,0.06537335417046916,0.14762641207623464,46.31299957129865,8388608,8388608,,2097152,9.189237539000835,0.14762641207623467,2097152,8.923366459342224,0.2813583795103399,524288,5.145888841255405,0.22143935126397107,131072,5.00521376433785,0.30091243732514217,32768,1.0000000000000004,1.0000000000000002,0.35218605960490945
no_dominant_tap,0.025,4,0.1,16384,65536,99,0.9,361.0000000000001,2.3274438651372957,2.287272727272727,0.11791147661928503,0.06537335417046916,-0.18639414759572714,1857.6658716932018,,,,,42.12312605057641,-0.18639414759572748,,40.85987333439266,-0.0014250009991264578,,5.145888841255405,0.22143935126397107,131072,5.00521376433785,0.30091243732514217,32768,1.0000000000000004,1.0000000000000002,0.35218605960490945
no_dominant_tap,0.05,4,0.02,64,256,100,0.0,1.0,0.9999999999999999,1.0000000000000002,0.35272375086834873,0.3200416634575018,-0.28735957604665496,5.625841291918769,,,,131072,5.624250560843313,-0.28735957604665496,,5.099952778215016,0.24753348986235296,131072,5.625841291918769,-0.28735957604665496,,5.099952778215017,0.24753348986235296,131072,0.9999999999999999,1.0000000000000002,0.35272375086834873
no_dominant_tap,0.05,4,0.02,64,256,100,0.5,9.0,1.698567605855501,1.6666666666666667,0.37156451164152676,0.3200416634575018,-0.715660292504515,50.632571627268916,,,,8388608,10.000611348784927,-0.715660292504515,,9.007506255212675,0.19289174184525731,524288,5.625841291918769,-0.28735957604665496,,5.099952778215017,0.24753348986235296,131072,0.9999999999999999,1.0000000000000002,0.35272375086834873
no_dominant_tap,0.05,4,0.02,64,256,100,0.9,361.0000000000001,2.3670366755863372,2.287272727272727,0.12011228378466343,0.3200416634575018,-1.3949884264544692,2030.9287063826762,,,,,45.621387006211954,-1.3949884264544687,,40.93688272154993,-0.12887692193102754,,5.625841291918769,-0.28735957604665496,,5.099952778215017,0.24753348986235296,131072,0.9999999999999999,1.0000000000000002,0.35272375086834873
no_dominant_tap,0.05,4,0.02,256,1024,101,0.0,1.0,0.9999999999999999,1.0000000000000002,0.35272375086834873,0.1242362038084247,0.10425134325149926,5.341450533273442,524288,524288,,131072,5.339962528117564,0.10425134325149926,524288,5.099952778215016,0.24753348986235296,131072,5.341450533273442,0.10425134325149926,524288,5.099952778215017,0.24753348986235296,131072,0.9999999999999999,1.0000000000000002,0.35272375086834873
no_dominant_tap,0.05,4,0.02,256,1024,101,0.5,9.0,1.698567605855501,1.6666666666666667,0.37156451164152676,0.1242362038084247,-0.05048267088537728,48.073054799460984,,,,8388608,9.460878719893183,-0.050482670885377334,,9.007506255212675,0.19289174184525731,524288,5.341450533273442,0.10425134325149926,524288,5.099952778215017,0.24753348986235296,131072,0.9999999999999999,1.0000000000000002,0.35272375086834873
no_dominant_tap,0.05,4,0.02,256,1024,101,0.9,361.0000000000001,2.3670366755863372,2.287272727272727,0.12011228378466343,0.1242362038084247,-0.46803101791565704,1928.2636425117132,,,,,43.072176476500545,-0.4680310179156567,,40.93688272154993,-0.12887692193102754,,5.341450533273442,0.10425134325149926,524288,5.099952778215017,0.24753348986235296,131072,0.9999999999999999,1.0000000000000002,0.35272375086834873
no_dominant_tap,0.05,4,0.02,1024,4096,102,0.0,1.0,0.9999999999999999,1.0000000000000002,0.35272375086834873,0.08142517726807015,0.1898733963322084,5.216561321168046,131072,524288,,131072,5.2151182353790935,0.1898733963322084,131072,5.099952778215016,0.24753348986235296,131072,5.216561321168046,0.1898733963322084,131072,5.099952778215017,0.24753348986235296,131072,0.9999999999999999,1.0000000000000002,0.35272375086834873
no_dominant_tap,0.05,4,0.02,1024,4096,102,0.5,9.0,1.698567605855501,1.6666666666666667,0.37156451164152676,0.08142517726807015,0.09495217482435542,46.949051890512415,33554432,33554432,,8388608,9.224786164264298,0.09495217482435536,2097152,9.007506255212675,0.19289174184525731,524288,5.216561321168046,0.1898733963322084,131072,5.099952778215017,0.24753348986235296,131072,0.9999999999999999,1.0000000000000002,0.35272375086834873
no_dominant_tap,0.05,4,0.02,1024,4096,102,0.9,361.0000000000001,2.3670366755863372,2.287272727272727,0.12011228378466343,0.08142517726807015,-0.2653604780346185,1883.1786369416654,,,,,41.95953266439122,-0.2653604780346182,,40.93688272154993,-0.12887692193102754,,5.216561321168046,0.1898733963322084,131072,5.099952778215017,0.24753348986235296,131072,0.9999999999999999,1.0000000000000002,0.35272375086834873
no_dominant_tap,0.05,4,0.02,4096,16384,103,0.0,1.0,0.9999999999999999,1.0000000000000002,0.35272375086834873,0.0661855679450445,0.2203526149782597,5.157820726577218,131072,131072,,131072,5.15639872583143,0.2203526149782597,131072,5.099952778215016,0.24753348986235296,131072,5.157820726577218,0.2203526149782597,131072,5.099952778215017,0.24753348986235296,131072,0.9999999999999999,1.0000000000000002,0.35272375086834873
no_dominant_tap,0.05,4,0.02,4096,16384,103,0.5,9.0,1.698567605855501,1.6666666666666667,0.37156451164152676,0.0661855679450445,0.1467231882683251,46.420386539194965,8388608,8388608,,8388608,9.113940170319925,0.14672318826832506,2097152,9.007506255212675,0.19289174184525731,524288,5.157820726577218,0.2203526149782597,131072,5.099952778215017,0.24753348986235296,131072,0.9999999999999999,1.0000000000000002,0.35272375086834873
no_dominant_tap,0.05,4,0.02,4096,16384,103,0.9,361.0000000000001,2.3670366755863372,2.287272727272727,0.12011228378466343,0.0661855679450445,-0.19321504965620012,1861.9732822943763,,,,,41.43766403472813,-0.19321504965619984,,40.93688272154993,-0.12887692193102754,,5.157820726577218,0.2203526149782597,131072,5.099952778215017,0.24753348986235296,131072,0.9999999999999999,1.0000000000000002,0.35272375086834873
no_dominant_tap,0.05,4,0.02,16384,65536,104,0.0,1.0,0.9999999999999999,1.0000000000000002,0.35272375086834873,0.05942636477177731,0.2338710213247941,5.129311747191193,131072,131072,,131072,5.127899969816109,0.2338710213247941,131072,5.099952778215016,0.24753348986235296,131072,5.129311747191193,0.2338710213247941,131072,5.099952778215017,0.24753348986235296,131072,0.9999999999999999,1.0000000000000002,0.35272375086834873
no_dominant_tap,0.05,4,0.02,16384,65536,104,0.5,9.0,1.698567605855501,1.6666666666666667,0.37156451164152676,0.05942636477177731,0.16968511537133982,46.16380572472074,8388608,8388608,,8388608,9.060188439491117,0.1696851153713398,2097152,9.007506255212675,0.19289174184525731,524288,5.129311747191193,0.2338710213247941,131072,5.099952778215017,0.24753348986235296,131072,0.9999999999999999,1.0000000000000002,0.35272375086834873
no_dominant_tap,0.05,4,0.02,16384,65536,104,0.9,361.0000000000001,2.3670366755863372,2.287272727272727,0.12011228378466343,0.05942636477177731,-0.16121648603847416,1851.6815407360211,,,,,41.18471854658827,-0.16121648603847388,,40.93688272154993,-0.12887692193102754,,5.129311747191193,0.2338710213247941,131072,5.099952778215017,0.24753348986235296,131072,0.9999999999999999,1.0000000000000002,0.35272375086834873
no_dominant_tap,0.05,4,0.1,64,256,105,0.0,1.0,0.9999999999999999,1.0000000000000002,0.35272375086834873,1.0,-1.6472762491316517,8.0,,,,131072,8.0,-1.6472762491316517,,5.099952778215016,0.24753348986235296,131072,8.0,-1.6472762491316517,,5.099952778215017,0.24753348986235296,131072,0.9999999999999999,1.0000000000000002,0.35272375086834873
no_dominant_tap,0.05,4,0.1,64,256,105,0.5,9.0,1.698567605855501,1.6666666666666667,0.37156451164152676,1.0,-3.0255707000694754,72.0,,,,8388608,15.203843159106171,-3.025570700069476,,9.007506255212675,0.19289174184525731,524288,8.0,-1.6472762491316517,,5.099952778215017,0.24753348986235296,131072,0.9999999999999999,1.0000000000000002,0.35272375086834873
no_dominant_tap,0.05,4,0.1,64,256,105,0.9,361.0000000000001,2.3670366755863372,2.287272727272727,0.12011228378466343,1.0,-4.613961067388011,2888.000000000001,,,,,71.00017610287951,-4.61396106738801,,40.93688272154993,-0.12887692193102754,,8.0,-1.6472762491316517,,5.099952778215017,0.24753348986235296,131072,0.9999999999999999,1.0000000000000002,0.35272375086834873
no_dominant_tap,0.05,4,0.1,256,1024,106,0.0,1.0,0.9999999999999999,1.0000000000000002,0.35272375086834873,0.8379979476136368,-1.3232721443589253,6.414247548814387,,,,131072,6.4123691678143935,-1.3232721443589253,,5.099952778215016,0.24753348986235296,131072,6.414247548814387,-1.3232721443589253,,5.099952778215017,0.24753348986235296,131072,0.9999999999999999,1.0000000000000002,0.35272375086834873
no_dominant_tap,0.05,4,0.1,256,1024,106,0.5,9.0,1.698567605855501,1.6666666666666667,0.37156451164152676,0.8379979476136368,-2.4752278235383103,57.728227939329486,,,,8388608,11.511883763032845,-2.4752278235383107,,9.007506255212675,0.19289174184525731,524288,6.414247548814387,-1.3232721443589253,,5.099952778215017,0.24753348986235296,131072,0.9999999999999999,1.0000000000000002,0.35272375086834873
no_dominant_tap,0.05,4,0.1,256,1024,106,0.9,361.0000000000001,2.3670366755863372,2.287272727272727,0.12011228378466343,0.8379979476136368,-3.8470314683504494,2315.5433651219946,,,,,52.840624964069576,-3.8470314683504485,,40.93688272154993,-0.12887692193102754,,6.414247548814387,-1.3232721443589253,,5.099952778215017,0.24753348986235296,131072,0.9999999999999999,1.0000000000000002,0.35272375086834873
no_dominant_tap,0.05,4,0.1,1024,4096,107,0.0,1.0,0.9999999999999999,1.0000000000000002,0.35272375086834873,0.4121255128205127,-0.47152727477267686,5.702567099225891,,,,131072,5.70094855398089,-0.47152727477267686,,5.099952778215016,0.24753348986235296,131072,5.702567099225891,-0.47152727477267686,,5.099952778215017,0.24753348986235296,131072,0.9999999999999999,1.0000000000000002,0.35272375086834873
no_dominant_tap,0.05,4,0.1,1024,4096,107,0.5,9.0,1.698567605855501,1.6666666666666667,0.37156451164152676,0.4121255128205127,-1.028481579605491,51.323103893033014,,,,8388608,10.146724160864162,-1.0284815796054911,,9.007506255212675,0.19289174184525731,524288,5.702567099225891,-0.47152727477267686,,5.099952778215017,0.24753348986235296,131072,0.9999999999999999,1.0000000000000002,0.35272375086834873
no_dominant_tap,0.05,4,0.1,1024,4096,107,0.9,361.0000000000001,2.3670366755863372,2.287272727272727,0.12011228378466343,0.4121255128205127,-1.830920123797298,2058.626722820547,,,,,46.3128117447679,-1.8309201237972976,,40.93688272154993,-0.12887692193102754,,5.702567099225891,-0.47152727477267686,,5.099952778215017,0.24753348986235296,131072,0.9999999999999999,1.0000000000000002,0.35272375086834873
no_dominant_tap,0.05,4,0.1,4096,16384,108,0.0,1.0,0.9999999999999999,1.0000000000000002,0.35272375086834873,0.14720813362378946,0.05830748362076976,5.389657325852262,2097152,2097152,,131072,5.388151949889179,0.05830748362076976,2097152,5.099952778215016,0.24753348986235296,131072,5.389657325852262,0.05830748362076976,2097152,5.099952778215017,0.24753348986235296,131072,0.9999999999999999,1.0000000000000002,0.35272375086834873
no_dominant_tap,0.05,4,0.1,4096,16384,108,0.5,9.0,1.698567605855501,1.6666666666666667,0.37156451164152676,0.14720813362378946,-0.1285214225421067,48.50691593267036,,,,8388608,9.552162091832148,-0.1285214225421068,,9.007506255212675,0.19289174184525731,524288,5.389657325852262,0.05830748362076976,2097152,5.099952778215017,0.24753348986235296,131072,0.9999999999999999,1.0000000000000002,0.35272375086834873
no_dominant_tap,0.05,4,0.1,4096,16384,108,0.9,361.0000000000001,2.3670366755863372,2.287272727272727,0.12011228378466343,0.14720813362378946,-0.5767818186795843,1945.6662946326674,,,,,43.502773173768134,-0.576781818679584,,40.93688272154993,-0.12887692193102754,,5.389657325852262,0.05830748362076976,2097152,5.099952778215017,0.24753348986235296,131072,0.9999999999999999,1.0000000000000002,0.35272375086834873
no_dominant_tap,0.05,4,0.1,16384,65536,109,0.0,1.0,0.9999999999999999,1.0000000000000002,0.35272375086834873,0.0888904735708582,0.1749428037266323,5.2425955359898575,131072,524288,,131072,5.241143096413867,0.1749428037266323,131072,5.099952778215016,0.24753348986235296,131072,5.2425955359898575,0.1749428037266323,131072,5.099952778215017,0.24753348986235296,131072,0.9999999999999999,1.0000000000000002,0.35272375086834873
no_dominant_tap,0.05,4,0.1,16384,65536,109,0.5,9.0,1.698567605855501,1.6666666666666667,0.37156451164152676,0.0888904735708582,0.06959155388829813,47.18335982390872,33554432,33554432,,8388608,9.273954470940202,0.06959155388829807,8388608,9.007506255212675,0.19289174184525731,524288,5.2425955359898575,0.1749428037266323,131072,5.099952778215017,0.24753348986235296,131072,0.9999999999999999,1.0000000000000002,0.35272375086834873
no_dominant_tap,0.05,4,0.1,16384,65536,109,0.9,361.0000000000001,2.3670366755863372,2.287272727272727,0.12011228378466343,0.0888904735708582,-0.3007017383202553,1892.576988492339,,,,,42.191126303759795,-0.30070173832025504,,40.93688272154993,-0.12887692193102754,,5.2425955359898575,0.1749428037266323,131072,5.099952778215017,0.24753348986235296,131072,0.9999999999999999,1.0000000000000002,0.35272375086834873
no_dominant_tap,0.1,4,0.02,64,256,110,0.0,1.0,1.0,1.0000000000000002,0.35336478406894956,0.37227350610845567,-0.3911822281479619,5.823277196575139,,,,524288,5.821522734770247,-0.3911822281479619,,5.28375733855186,0.1318284263290415,524288,5.823277196575139,-0.3911822281479619,,5.28375733855186,0.1318284263290415,524288,1.0,1.0000000000000002,0.35336478406894956
no_dominant_tap,0.1,4,0.02,64,256,110,0.5,9.0,1.729288975864318,1.6666666666666667,0.3791440654689974,0.37227350610845567,-0.9083928747704229,52.409494769176256,,,,,10.162826981601249,-0.9083928747704231,,9.166352319879293,-0.003956315723759263,,5.823277196575139,-0.3911822281479619,,5.28375733855186,0.1318284263290415,524288,1.0,1.0000000000000002,0.35336478406894956
no_dominant_tap,0.1,4,0.02,64,256,110,0.9,361.0000000000001,2.4438512720156553,2.287272727272727,0.1244767566959788,0.37227350610845567,-1.6950854061857756,2102.203067963626,,,,,45.69728914197458,-1.695085406185776,,41.07917309946767,-0.416925152964411,,5.823277196575139,-0.3911822281479619,,5.28375733855186,0.1318284263290415,524288,1.0,1.0000000000000002,0.35336478406894956
no_dominant_tap,0.1,4,0.02,256,1024,111,0.0,1.0,1.0,1.0000000000000002,0.35336478406894956,0.17986168916443587,-0.006358594259922246,5.531608671134681,,,,524288,5.529963351506934,-0.006358594259922246,,5.28375733855186,0.1318284263290415,524288,5.531608671134681,-0.006358594259922246,,5.28375733855186,0.1318284263290415,524288,1.0,1.0000000000000002,0.35336478406894956
no_dominant_tap,0.1,4,0.02,256,1024,111,0.5,9.0,1.729288975864318,1.6666666666666667,0.3791440654689974,0.17986168916443587,-0.24292160703578974,49.78447804021212,,,,,9.621405860750054,-0.2429216070357898,,9.166352319879293,-0.003956315723759263,,5.531608671134681,-0.006358594259922246,,5.28375733855186,0.1318284263290415,524288,1.0,1.0000000000000002,0.35336478406894956
no_dominant_tap,0.1,4,0.02,256,1024,111,0.9,361.0000000000001,2.4438512720156553,2.287272727272727,0.1244767566959788,0.17986168916443587,-0.7546336790068032,1996.9107302796203,,,,,43.18522564957929,-0.7546336790068037,,41.07917309946767,-0.416925152964411,,5.531608671134681,-0.006358594259922246,,5.28375733855186,0.1318284263290415,524288,1.0,1.0000000000000002,0.35336478406894956
no_dominant_tap,0.1,4,0.02,1024,4096,112,0.0,1.0,1.0,1.0000000000000002,0.35336478406894956,0.14123319919804872,0.07089838567285206,5.403500369979608,524288,2097152,,524288,5.401902806823153,0.07089838567285206,524288,5.28375733855186,0.1318284263290415,524288,5.403500369979608,0.07089838567285206,524288,5.28375733855186,0.1318284263290415,524288,1.0,1.0000000000000002,0.35336478406894956
no_dominant_tap,0.1,4,0.02,1024,4096,112,0.5,9.0,1.729288975864318,1.6666666666666667,0.3791440654689974,0.14123319919804872,-0.10932196332947236,48.631503329816475,,,,,9.384468583118782,-0.10932196332947236,,9.166352319879293,-0.003956315723759263,,5.403500369979608,0.07089838567285206,524288,5.28375733855186,0.1318284263290415,524288,1.0,1.0000000000000002,0.35336478406894956
no_dominant_tap,0.1,4,0.02,1024,4096,112,0.9,361.0000000000001,2.4438512720156553,2.287272727272727,0.1244767566959788,0.14123319919804872,-0.5658291103260048,1950.663633562639,,,,,42.08803661040893,-0.5658291103260051,,41.07917309946767,-0.416925152964411,,5.403500369979608,0.07089838567285206,524288,5.28375733855186,0.1318284263290415,524288,1.0,1.0000000000000002,0.35336478406894956
no_dominant_tap,0.1,4,0.02,4096,16384,113,0.0,1.0,1.0,1.0000000000000002,0.35336478406894956,0.12548197691013427,0.10240083024868096,5.343240615366259,524288,524288,,524288,5.341665475943785,0.10240083024868096,524288,5.28375733855186,0.1318284263290415,524288,5.343240615366259,0.10240083024868096,524288,5.28375733855186,0.1318284263290415,524288,1.0,1.0000000000000002,0.35336478406894956
no_dominant_tap,0.1,4,0.02,4096,16384,113,0.5,9.0,1.729288975864318,1.6666666666666667,0.3791440654689974,0.12548197691013427,-0.05484513321171475,48.08916553829633,,,,,9.273203061775936,-0.05484513321171475,,9.166352319879293,-0.003956315723759263,,5.343240615366259,0.10240083024868096,524288,5.28375733855186,0.1318284263290415,524288,1.0,1.0000000000000002,0.35336478406894956
no_dominant_tap,0.1,4,0.02,4096,16384,113,0.9,361.0000000000001,2.4438512720156553,2.287272727272727,0.1244767566959788,0.12548197691013427,-0.48884182107776264,1928.90986214722,,,,,41.57325391461876,-0.488841821077763,,41.07917309946767,-0.416925152964411,,5.343240615366259,0.10240083024868096,524288,5.28375733855186,0.1318284263290415,524288,1.0,1.0000000000000002,0.35336478406894956
no_dominant_tap,0.1,4,0.02,16384,65536,114,0.0,1.0,1.0,1.0000000000000002,0.35336478406894956,0.11825335848009404,0.11685806710876143,5.313993134046892,524288,524288,,524288,5.312428868719029,0.11685806710876143,524288,5.28375733855186,0.1318284263290415,524288,5.313993134046892,0.11685806710876143,524288,5.28375733855186,0.1318284263290415,524288,1.0,1.0000000000000002,0.35336478406894956
no_dominant_tap,0.1,4,0.02,16384,65536,114,0.5,9.0,1.729288975864318,1.6666666666666667,0.3791440654689974,0.11825335848009404,-0.0298443928881183,47.82593820642202,,,,,9.219242546846948,-0.0298443928881183,,9.166352319879293,-0.003956315723759263,,5.313993134046892,0.11685806710876143,524288,5.28375733855186,0.1318284263290415,524288,1.0,1.0000000000000002,0.35336478406894956
no_dominant_tap,0.1,4,0.02,16384,65536,114,0.9,361.0000000000001,2.4438512720156553,2.287272727272727,0.1244767566959788,0.11825335848009404,-0.45351048438742336,1918.3515213909286,,,,,41.32370505142748,-0.4535104843874237,,41.07917309946767,-0.416925152964411,,5.313993134046892,0.11685806710876143,524288,5.28375733855186,0.1318284263290415,524288,1.0,1.0000000000000002,0.35336478406894956
no_dominant_tap,0.1,4,0.1,64,256,115,0.0,1.0,1.0,1.0000000000000002,0.35336478406894956,1.0,-1.6466352159310509,8.0,,,,524288,8.0,-1.6466352159310509,,5.28375733855186,0.1318284263290415,524288,8.0,-1.6466352159310509,,5.28375733855186,0.1318284263290415,524288,1.0,1.0000000000000002,0.35336478406894956
no_dominant_tap,0.1,4,0.1,64,256,115,0.5,9.0,1.729288975864318,1.6666666666666667,0.3791440654689974,1.0,-3.0794338862596384,72.0,,,,,15.367549081804112,-3.079433886259639,,9.166352319879293,-0.003956315723759263,,8.0,-1.6466352159310509,,5.28375733855186,0.1318284263290415,524288,1.0,1.0000000000000002,0.35336478406894956
no_dominant_tap,0.1,4,0.1,64,256,115,0.9,361.0000000000001,2.4438512720156553,2.287272727272727,0.1244767566959788,1.0,-4.763225787335331,2888.000000000001,,,,,71.00017610287951,-4.763225787335333,,41.07917309946767,-0.416925152964411,,8.0,-1.6466352159310509,,5.28375733855186,0.1318284263290415,524288,1.0,1.0000000000000002,0.35336478406894956
no_dominant_tap,0.1,4,0.1,256,1024,116,0.0,1.0,1.0,1.0000000000000002,0.35336478406894956,0.8760768622165895,-1.39878894036423,6.631515364766791,,,,524288,6.629455754977565,-1.39878894036423,,5.28375733855186,0.1318284263290415,524288,6.631515364766791,-1.39878894036423,,5.28375733855186,0.1318284263290415,524288,1.0,1.0000000000000002,0.35336478406894956
no_dominant_tap,0.1,4,0.1,256,1024,116,0.5,9.0,1.729288975864318,1.6666666666666667,0.3791440654689974,0.8760768622165895,-2.6508360542129052,59.68363828290112,,,,,11.677149144704092,-2.6508360542129057,,9.166352319879293,-0.003956315723759263,,6.631515364766791,-1.39878894036423,,5.28375733855186,0.1318284263290415,524288,1.0,1.0000000000000002,0.35336478406894956
no_dominant_tap,0.1,4,0.1,256,1024,116,0.9,361.0000000000001,2.4438512720156553,2.287272727272727,0.1244767566959788,0.8760768622165895,-4.157526351527014,2393.9770466808122,,,,,52.840624964069576,-4.157526351527015,,41.07917309946767,-0.416925152964411,,6.631515364766791,-1.39878894036423,,5.28375733855186,0.1318284263290415,524288,1.0,1.0000000000000002,0.35336478406894956
no_dominant_tap,0.1,4,0.1,1024,4096,117,0.0,1.0,1.0,1.0000000000000002,0.35336478406894956,0.4697571213728784,-0.5861494586768075,5.901954505292604,,,,524288,5.900170508347925,-0.5861494586768075,,5.28375733855186,0.1318284263290415,524288,5.901954505292604,-0.5861494586768075,,5.28375733855186,0.1318284263290415,524288,1.0,1.0000000000000002,0.35336478406894956
no_dominant_tap,0.1,4,0.1,1024,4096,117,0.5,9.0,1.729288975864318,1.6666666666666667,0.3791440654689974,0.4697571213728784,-1.2455475571787524,53.11759054763344,,,,,10.309340474386687,-1.2455475571787527,,9.166352319879293,-0.003956315723759263,,5.901954505292604,-0.5861494586768075,,5.28375733855186,0.1318284263290415,524288,1.0,1.0000000000000002,0.35336478406894956
no_dominant_tap,0.1,4,0.1,1024,4096,117,0.9,361.0000000000001,2.4438512720156553,2.287272727272727,0.1244767566959788,0.4697571213728784,-2.171556320515064,2130.605576410631,,,,,46.37823173923907,-2.171556320515065,,41.07917309946767,-0.416925152964411,,5.901954505292604,-0.5861494586768075,,5.28375733855186,0.1318284263290415,524288,1.0,1.0000000000000002,0.35336478406894956
no_dominant_tap,0.1,4,0.1,4096,16384,118,0.0,1.0,1.0,1.0000000000000002,0.35336478406894956,0.1976692148369454,-0.04197364560494138,5.581054169822435,,,,524288,5.579390387516209,-0.04197364560494138,,5.28375733855186,0.1318284263290415,524288,5.581054169822435,-0.04197364560494138,,5.28375733855186,0.1318284263290415,524288,1.0,1.0000000000000002,0.35336478406894956
no_dominant_tap,0.1,4,0.1,4096,16384,118,0.5,9.0,1.729288975864318,1.6666666666666667,0.3791440654689974,0.1976692148369454,-0.3045103227015729,50.22948752840192,,,,,9.712998274839041,-0.30451032270157297,,9.166352319879293,-0.003956315723759263,,5.581054169822435,-0.04197364560494138,,5.28375733855186,0.1318284263290415,524288,1.0,1.0000000000000002,0.35336478406894956
no_dominant_tap,0.1,4,0.1,4096,16384,118,0.9,361.0000000000001,2.4438512720156553,2.287272727272727,0.1244767566959788,0.1976692148369454,-0.841671567539231,2014.7605553058997,,,,,43.60971600317497,-0.8416715675392313,,41.07917309946767,-0.416925152964411,,5.581054169822435,-0.04197364560494138,,5.28375733855186,0.1318284263290415,524288,1.0,1.0000000000000002,0.35336478406894956
no_dominant_tap,0.1,4,0.1,16384,65536,119,0.0,1.0,1.0,1.0000000000000002,0.35336478406894956,0.14863580869666393,0.05609316667562164,5.430206835460742,2097152,2097152,,524288,5.4285993260852665,0.05609316667562164,2097152,5.28375733855186,0.1318284263290415,524288,5.430206835460742,0.05609316667562164,2097152,5.28375733855186,0.1318284263290415,524288,1.0,1.0000000000000002,0.35336478406894956
no_dominant_tap,0.1,4,0.1,16384,65536,119,0.5,9.0,1.729288975864318,1.6666666666666667,0.3791440654689974,0.14863580869666393,-0.13492446532663988,48.87186151914668,,,,,9.433818261077981,-0.13492446532663993,,9.166352319879293,-0.003956315723759263,,5.430206835460742,0.05609316667562164,2097152,5.28375733855186,0.1318284263290415,524288,1.0,1.0000000000000002,0.35336478406894956
no_dominant_tap,0.1,4,0.1,16384,65536,119,0.9,361.0000000000001,2.4438512720156553,2.287272727272727,0.1244767566959788,0.14863580869666393,-0.6020108636048567,1960.3046676013282,,,,,42.31645216594678,-0.602010863604857,,41.07917309946767,-0.416925152964411,,5.430206835460742,0.05609316667562164,2097152,5.28375733855186,0.1318284263290415,524288,1.0,1.0000000000000002,0.35336478406894956
