calibration_case,phi,common_response,delta,length,calibration_noise,impulse_blocks,l2_error_upper,gmax,spectral_ratio,broad_joint_rho,broad_exact_rho,marginal_exact_rho,marginal_planned_rho_uncapped,marginal_planned_rho,broad_cap_used,broad_only_finite_guarantee,channel_1_variance,channel_1_eigenvalue_upper,channel_1_lower_norm,channel_1_numerator_upper,channel_1_ratio_upper,channel_1_status,channel_1_exact_ratio,channel_2_variance,channel_2_eigenvalue_upper,channel_2_lower_norm,channel_2_numerator_upper,channel_2_ratio_upper,channel_2_status,channel_2_exact_ratio
0,0.0,identity,0,2,0.02,64,0.009673122070329554,1.0,1.0,2.1950574460671533,2.0,2.0,2.1950462371595822,2.1950462371595822,False,False,1.0,1.0,0.9806537558593409,1.0554679960141022,1.0975231185797911,finite,1.0,1.0,1.0,0.9806537558593409,1.0554679960141022,1.0975231185797911,finite,1.0
0,0.5,identity,0,2,0.02,64,0.009673122070329554,3.0,9.0,19.75551701460438,18.0,6.0,6.643923031923259,6.643923031923259,False,False,1.0,1.5,0.9763057867080381,3.1664039880423065,3.3219615159616294,finite,3.0,1.0,1.5,0.9763057867080381,3.1664039880423065,3.3219615159616294,finite,3.0
0,0.9,identity,0,2,0.02,64,0.009673122070329554,19.000000000000004,361.0000000000001,792.4157380302426,722.0000000000002,38.00000000000001,42.33560121048903,42.33560121048903,False,False,1.0,1.9,0.9733330427595315,20.053891924267948,21.167800605244516,finite,19.000000000000004,1.0,1.9,0.9733330427595315,20.053891924267948,21.167800605244516,finite,19.000000000000004
1,0.0,identity,0,2,0.02,256,0.004421790067242999,1.0,1.0,2.087096109631666,2.0,2.0,2.087091166333425,2.087091166333425,False,False,1.0,1.0,0.991156419865514,1.025169839751437,1.0435455831667124,finite,1.0,1.0,1.0,0.991156419865514,1.025169839751437,1.0435455831667124,finite,1.0
1,0.5,identity,0,2,0.02,256,0.004421790067242999,3.0,9.0,18.783864986684993,18.0,6.0,6.286460486862892,6.286460486862892,False,False,1.0,1.5,0.9891688705855477,3.075509519254311,3.143230243431446,finite,3.0,1.0,1.5,0.9891688705855477,3.075509519254311,3.143230243431446,finite,3.0
1,0.9,identity,0,2,0.02,256,0.004421790067242999,19.000000000000004,361.0000000000001,753.4416955770316,722.0000000000002,38.00000000000001,39.92386795983498,39.92386795983498,False,False,1.0,1.9,0.9878099660283228,19.478226955277307,19.96193397991749,finite,19.000000000000004,1.0,1.9,0.9878099660283228,19.478226955277307,19.96193397991749,finite,19.000000000000004
2,0.0,identity,0,2,0.02,1024,0.002119406466853983,1.0,1.0,2.0413214114614386,2.0,2.0,2.0413190790532525,2.0413190790532525,False,False,1.0,1.0,0.995761187066292,1.0120251085485987,1.0206595395266262,finite,1.0,1.0,1.0,0.995761187066292,1.0120251085485987,1.0206595395266262,finite,1.0
2,0.5,identity,0,2,0.02,1024,0.002119406466853983,3.0,9.0,18.371892703152948,18.0,6.0,6.135691736865904,6.135691736865904,False,False,1.0,1.5,0.9948085355986528,3.036075325645796,3.067845868432952,finite,3.0,1.0,1.5,0.9948085355986528,3.036075325645796,3.067845868432952,finite,3.0
2,0.9,identity,0,2,0.02,1024,0.002119406466853983,19.000000000000004,361.0000000000001,736.9170295375795,722.0000000000002,38.00000000000001,38.91031621545139,38.91031621545139,False,False,1.0,1.9,0.9941571995870779,19.22847706242338,19.455158107725694,finite,19.000000000000004,1.0,1.9,0.9941571995870779,19.22847706242338,19.455158107725694,finite,19.000000000000004
3,0.0,identity,0,2,0.02,4096,0.0010381008130759598,1.0,1.0,2.020142881583599,2.0,2.0,2.0201417475574757,2.0201417475574757,False,False,1.0,1.0,0.997923798373848,1.0058810062222352,1.0100708737787378,finite,1.0,1.0,1.0,0.997923798373848,1.0058810062222352,1.0100708737787378,finite,1.0
3,0.5,identity,0,2,0.02,4096,0.0010381008130759598,3.0,9.0,18.18128593425239,18.0,6.0,6.066096765960617,6.066096765960617,False,False,1.0,1.5,0.9974571827063956,3.0176430186667056,3.0330483829803083,finite,3.0,1.0,1.5,0.9974571827063956,3.0176430186667056,3.0330483829803083,finite,3.0
3,0.9,identity,0,2,0.02,4096,0.0010381008130759598,19.000000000000004,361.0000000000001,729.2715802516794,722.0000000000002,38.00000000000001,38.44320045326815,38.44320045326815,False,False,1.0,1.9,0.9971381535565953,19.111739118222474,19.221600226634074,finite,19.000000000000004,1.0,1.9,0.9971381535565953,19.111739118222474,19.221600226634074,finite,19.000000000000004
4,0.0,identity,0,2,0.02,16384,0.0005137952264352291,1.0,1.0,2.0099463923662397,2.0,2.0,2.009945833099872,2.009945833099872,False,False,1.0,1.0,0.9989724095471295,1.0029085765943067,1.004972916549936,finite,1.0,1.0,1.0,0.9989724095471295,1.0029085765943067,1.004972916549936,finite,1.0
4,0.5,identity,0,2,0.02,16384,0.0005137952264352291,3.0,9.0,18.089517531296156,18.0,6.0,6.032626461214561,6.032626461214561,False,False,1.0,1.5,0.9987414638629559,3.00872572978292,3.0163132306072806,finite,3.0,1.0,1.5,0.9987414638629559,3.00872572978292,3.0163132306072806,finite,3.0
4,0.9,identity,0,2,0.02,16384,0.0005137952264352291,19.000000000000004,361.0000000000001,725.5906476442128,722.0000000000002,38.00000000000001,38.21871794499281,38.21871794499281,False,False,1.0,1.9,0.9985835643100451,19.05526295529183,19.109358972496405,finite,19.000000000000004,1.0,1.9,0.9985835643100451,19.05526295529183,19.109358972496405,finite,19.000000000000004
5,0.0,identity,0,2,0.1,64,0.04836561035164777,1.0,1.0,3.167911796037721,2.0,2.0,3.1678387000341233,3.1678387000341233,False,False,1.0,1.0,0.9032687792967045,1.2923110665645106,1.5839193500170616,finite,1.0,1.0,1.0,0.9032687792967045,1.2923110665645106,1.5839193500170616,finite,1.0
5,0.5,identity,0,2,0.1,64,0.04836561035164777,3.0,9.0,28.51120616433949,18.0,6.0,9.978038405218804,9.978038405218804,False,False,1.0,1.5,0.8815289335401909,3.8769331996935317,4.989019202609402,finite,3.0,1.0,1.5,0.8815289335401909,3.8769331996935317,4.989019202609402,finite,3.0
5,0.9,identity,0,2,0.1,64,0.04836561035164777,19.000000000000004,361.0000000000001,1143.6161583696178,722.0000000000002,38.00000000000001,65.38045363844452,65.38045363844452,False,False,1.0,1.9,0.8666652137976576,24.553910264725705,32.69022681922226,finite,19.000000000000004,1.0,1.9,0.8666652137976576,24.553910264725705,32.69022681922226,finite,19.000000000000004
6,0.0,identity,0,2,0.1,256,0.022108950336214992,1.0,1.0,2.471737916486476,2.0,2.0,2.4717100232350817,2.4717100232350817,False,False,1.0,1.0,0.95578209932757,1.1289775551409877,1.2358550116175409,finite,1.0,1.0,1.0,0.95578209932757,1.1289775551409877,1.2358550116175409,finite,1.0
6,0.5,identity,0,2,0.1,256,0.022108950336214992,3.0,9.0,22.245641248378284,18.0,6.0,7.571766415448393,7.571766415448393,False,False,1.0,1.5,0.9458443529277387,3.3869326654229632,3.7858832077241966,finite,3.0,1.0,1.5,0.9458443529277387,3.3869326654229632,3.7858832077241966,finite,3.0
6,0.9,identity,0,2,0.1,256,0.022108950336214992,19.000000000000004,361.0000000000001,892.2973878516182,722.0000000000002,38.00000000000001,48.650983890076446,48.650983890076446,False,False,1.0,1.9,0.9390498301416143,21.450573547678772,24.325491945038223,finite,19.000000000000004,1.0,1.9,0.9390498301416143,21.450573547678772,24.325491945038223,finite,19.000000000000004
7,0.0,identity,0,2,0.1,1024,0.010597032334269917,1.0,1.0,2.214577356306001,2.0,2.0,2.214564999039535,2.214564999039535,False,False,1.0,1.0,0.9788059353314602,1.0608442441464714,1.1072824995197674,finite,1.0,1.0,1.0,0.9788059353314602,1.0608442441464714,1.1072824995197674,finite,1.0
7,0.5,identity,0,2,0.1,1024,0.010597032334269917,3.0,9.0,19.93119620675401,18.0,6.0,6.708831784841908,6.708831784841908,False,False,1.0,1.5,0.9740426779932642,3.182532732439414,3.354415892420954,finite,3.0,1.0,1.5,0.9740426779932642,3.182532732439414,3.354415892420954,finite,3.0
7,0.9,identity,0,2,0.1,1024,0.010597032334269917,19.000000000000004,361.0000000000001,799.4624256264666,722.0000000000002,38.00000000000001,42.77482225841857,42.77482225841857,False,False,1.0,1.9,0.9707859979353894,20.15604063878296,21.387411129209283,finite,19.000000000000004,1.0,1.9,0.9707859979353894,20.15604063878296,21.387411129209283,finite,19.000000000000004
8,0.0,identity,0,2,0.1,4096,0.0051905040653798,1.0,1.0,2.102588004261295,2.0,2.0,2.102582171043004,2.102582171043004,False,False,1.0,1.0,0.9896189918692404,1.029577455638873,1.051291085521502,finite,1.0,1.0,1.0,0.9896189918692404,1.029577455638873,1.051291085521502,finite,1.0
8,0.5,identity,0,2,0.1,4096,0.0051905040653798,3.0,9.0,18.923292038351658,18.0,6.0,6.337593703203226,6.337593703203226,False,False,1.0,1.5,0.9872859135319778,3.088732366916619,3.168796851601613,finite,3.0,1.0,1.5,0.9872859135319778,3.088732366916619,3.168796851601613,finite,3.0
8,0.9,identity,0,2,0.1,4096,0.0051905040653798,19.000000000000004,361.0000000000001,759.0342695383279,722.0000000000002,38.00000000000001,40.2681097184439,40.2681097184439,False,False,1.0,1.9,0.9856907677829765,19.561971657138592,20.13405485922195,finite,19.000000000000004,1.0,1.9,0.9856907677829765,19.561971657138592,20.13405485922195,finite,19.000000000000004
9,0.0,identity,0,2,0.1,16384,0.0025689761321761456,1.0,1.0,2.050186446332754,2.0,2.0,2.0501836104801163,2.0501836104801163,False,False,1.0,1.0,0.9948620477356477,1.0145851206570868,1.0250918052400582,finite,1.0,1.0,1.0,0.9948620477356477,1.0145851206570868,1.0250918052400582,finite,1.0
9,0.5,identity,0,2,0.1,16384,0.0025689761321761456,3.0,9.0,18.451678016994784,18.0,6.0,6.164853518445115,6.164853518445115,False,False,1.0,1.5,0.9937073193147797,3.0437553619712605,3.0824267592225576,finite,3.0,1.0,1.5,0.9937073193147797,3.0437553619712605,3.0824267592225576,finite,3.0
9,0.9,identity,0,2,0.1,16384,0.0025689761321761456,19.000000000000004,361.0000000000001,740.1173071261244,722.0000000000002,38.00000000000001,39.10618711741476,39.10618711741476,False,False,1.0,1.9,0.9929178215502256,19.277117292484654,19.55309355870738,finite,19.000000000000004,1.0,1.9,0.9929178215502256,19.277117292484654,19.55309355870738,finite,19.000000000000004
10,0.0,identity,0.025,2,0.02,64,0.009673122070329554,1.0,1.0,2.3045395241977333,2.1024967148488827,2.102496714848883,2.304506519178459,2.304506519178459,False,False,1.0000000000000002,1.0,0.9806537558593409,1.10810097592577,1.1522532595892294,finite,1.0512483574244416,1.0,1.0,0.9806537558593409,1.0554679960141022,1.0975231185797911,finite,1.0
10,0.5,identity,0.025,2,0.02,64,0.009673122070329554,3.0,9.0,20.7408557177796,18.922470433639944,6.149903907751443,6.796818201253856,6.796818201253856,False,False,1.025624178712221,1.5,0.9890368362528917,3.3243029277773104,3.398409100626928,finite,3.0749519538757215,1.0,1.5,0.9763057867080381,3.1664039880423065,3.3219615159616294,finite,3.0
10,0.9,identity,0.025,2,0.02,64,0.009673122070329554,19.000000000000004,361.0000000000001,831.938768235382,759.0013140604469,38.18615751789977,42.43524090023908,42.43524090023908,False,False,1.0461235216819975,1.9,0.9961348425633827,21.053918542589635,21.21762045011954,finite,19.093078758949886,1.0,1.9,0.9733330427595315,20.053891924267948,21.167800605244516,finite,19.000000000000004
11,0.0,identity,0.025,2,0.02,256,0.004421790067242999,1.0,1.0,2.19273949938822,2.1024967148488827,2.102496714848883,2.192713663439403,2.192713663439403,False,False,1.0000000000000002,1.0,0.991156419865514,1.0770511375974285,1.0963568317197014,finite,1.0512483574244416,1.0,1.0,0.991156419865514,1.025169839751437,1.0435455831667124,finite,1.0
11,0.5,identity,0.025,2,0.02,256,0.004421790067242999,3.0,9.0,19.734655494493982,18.922470433639944,6.149903907751443,6.43782089597265,6.43782089597265,False,False,1.025624178712221,1.5,1.0018999201304013,3.2311534127922856,3.218910447986325,finite,3.0749519538757215,1.0,1.5,0.9891688705855477,3.075509519254311,3.143230243431446,finite,3.0
11,0.9,identity,0.025,2,0.02,256,0.004421790067242999,19.000000000000004,361.0000000000001,791.5789592791477,759.0013140604469,38.18615751789977,40.072941293426624,40.072941293426624,False,False,1.0461235216819975,1.9,1.010611765832174,20.463971614351145,20.036470646713312,finite,19.093078758949886,1.0,1.9,0.9878099660283228,19.478226955277307,19.96193397991749,finite,19.000000000000004
12,0.0,identity,0.025,2,0.02,1024,0.002119406466853983,1.0,1.0,2.145325043876485,2.1024967148488827,2.102496714848883,2.145302204467022,2.145302204467022,False,False,1.0000000000000002,1.0,0.995761187066292,1.0635768403988195,1.072651102233511,finite,1.0512483574244416,1.0,1.0,0.995761187066292,1.0120251085485987,1.0206595395266262,finite,1.0
12,0.5,identity,0.025,2,0.02,1024,0.002119406466853983,3.0,9.0,19.307925394888365,18.922470433639944,6.149903907751443,6.286311335752695,6.286311335752695,False,False,1.025624178712221,1.5,1.0075395851435065,3.1907305211964587,3.1431556678763477,finite,3.0749519538757215,1.0,1.5,0.9948085355986528,3.036075325645796,3.067845868432952,finite,3.0
12,0.9,identity,0.025,2,0.02,1024,0.002119406466853983,19.000000000000004,361.0000000000001,774.4623408394112,759.0013140604469,38.18615751789977,39.079192457862526,39.079192457862526,False,False,1.0461235216819975,1.9,1.0169589993909292,20.207959967577576,19.539596228931263,finite,19.093078758949886,1.0,1.9,0.9941571995870779,19.22847706242338,19.455158107725694,finite,19.000000000000004
13,0.0,identity,0.025,2,0.02,4096,0.0010381008130759598,1.0,1.0,2.123385289242744,2.1024967148488827,2.102496714848883,2.1233638271872683,2.1233638271872683,False,False,1.0000000000000002,1.0,0.997923798373848,1.0572779586627785,1.0616819135936342,finite,1.0512483574244416,1.0,1.0,0.997923798373848,1.0058810062222352,1.0100708737787378,finite,1.0
13,0.5,identity,0.025,2,0.02,4096,0.0010381008130759598,3.0,9.0,19.110467603184695,18.922470433639944,6.149903907751443,6.216355153712213,6.216355153712213,False,False,1.025624178712221,1.5,1.0101882322512492,3.1718338759883355,3.1081775768561064,finite,3.0749519538757215,1.0,1.5,0.9974571827063956,3.0176430186667056,3.0330483829803083,finite,3.0
13,0.9,identity,0.025,2,0.02,4096,0.0010381008130759598,19.000000000000004,361.0000000000001,766.5420894166308,759.0013140604469,38.18615751789977,38.62100459004137,38.62100459004137,False,False,1.0461235216819975,1.9,1.0199399533604465,20.088281214592797,19.310502295020687,finite,19.093078758949886,1.0,1.9,0.9971381535565953,19.111739118222474,19.221600226634074,finite,19.000000000000004
14,0.0,identity,0.025,2,0.02,16384,0.0005137952264352291,1.0,1.0,2.112821716695759,2.1024967148488827,2.102496714848883,2.1128009156918672,2.1128009156918672,False,False,1.0000000000000002,1.0,0.9989724095471295,1.0542304792939117,1.0564004578459336,finite,1.0512483574244416,1.0,1.0,0.9989724095471295,1.0029085765943067,1.004972916549936,finite,1.0
14,0.5,identity,0.025,2,0.02,16384,0.0005137952264352291,3.0,9.0,19.01539545026183,18.922470433639944,6.149903907751443,6.182706744729826,6.182706744729826,False,False,1.025624178712221,1.5,1.0114725134078095,3.162691437881735,3.091353372364913,finite,3.0749519538757215,1.0,1.5,0.9987414638629559,3.00872572978292,3.0163132306072806,finite,3.0
14,0.9,identity,0.025,2,0.02,16384,0.0005137952264352291,19.000000000000004,361.0000000000001,762.7286397271693,759.0013140604469,38.18615751789977,38.40076745574286,38.40076745574286,False,False,1.0461235216819975,1.9,1.0213853641138964,20.030379106584327,19.20038372787143,finite,19.093078758949886,1.0,1.9,0.9985835643100451,19.05526295529183,19.109358972496405,finite,19.000000000000004
15,0.0,identity,0.025,2,0.1,64,0.04836561035164777,1.0,1.0,3.3105369959481155,2.1024967148488827,2.102496714848883,3.3104342702725456,3.3104342702725456,False,False,1.0000000000000002,1.0,0.9032687792967045,1.350482536425083,1.6552171351362728,finite,1.0512483574244416,1.0,1.0,0.9032687792967045,1.2923110665645106,1.5839193500170616,finite,1.0
15,0.5,identity,0.025,2,0.1,64,0.04836561035164777,3.0,9.0,29.79483296353304,18.922470433639944,6.149903907751443,10.132407057164691,10.132407057164691,False,False,1.025624178712221,1.5,0.8942599830850445,4.0514476092752485,5.066203528582346,finite,3.0749519538757215,1.0,1.5,0.8815289335401909,3.8769331996935317,4.989019202609402,finite,3.0
15,0.9,identity,0.025,2,0.1,64,0.04836561035164777,19.000000000000004,361.0000000000001,1195.10385553727,759.0013140604469,38.18615751789977,65.38045363844452,65.38045363844452,False,False,1.0461235216819975,1.9,0.8894670136015088,25.65916819207658,32.43268321858046,finite,19.093078758949886,1.0,1.9,0.8666652137976576,24.553910264725705,32.69022681922226,finite,19.000000000000004
16,0.0,identity,0.025,2,0.1,256,0.022108950336214992,1.0,1.0,2.590890405582182,2.1024967148488827,2.102496714848883,2.5908384363980947,2.5908384363980947,False,False,1.0000000000000002,1.0,0.95578209932757,1.1833906146731787,1.2954192181990474,finite,1.0512483574244416,1.0,1.0,0.95578209932757,1.1289775551409877,1.2358550116175409,finite,1.0
16,0.5,identity,0.025,2,0.1,256,0.022108950336214992,3.0,9.0,23.31801365023964,18.922470433639944,6.149903907751443,7.727282856276953,7.727282856276953,False,False,1.025624178712221,1.5,0.9585754024725923,3.5501718440195362,3.8636414281384766,finite,3.0749519538757215,1.0,1.5,0.9458443529277387,3.3869326654229632,3.7858832077241966,finite,3.0
16,0.9,identity,0.025,2,0.1,256,0.022108950336214992,19.000000000000004,361.0000000000001,935.311436415168,759.0013140604469,38.18615751789977,48.650983890076446,48.650983890076446,False,False,1.0461235216819975,1.9,0.9618516299454655,22.4844216787904,24.303316965146326,finite,19.093078758949886,1.0,1.9,0.9390498301416143,21.450573547678772,24.325491945038223,finite,19.000000000000004
17,0.0,identity,0.025,2,0.1,1024,0.010597032334269917,1.0,1.0,2.3247493498063503,2.1024967148488827,2.102496714848883,2.324715033957361,2.324715033957361,False,False,1.0000000000000002,1.0,0.9788059353314602,1.1136094736998092,1.1623575169786804,finite,1.0512483574244416,1.0,1.0,0.9788059353314602,1.0608442441464714,1.1072824995197674,finite,1.0
17,0.5,identity,0.025,2,0.1,1024,0.010597032334269917,3.0,9.0,20.922744148257152,18.922470433639944,6.149903907751443,6.861973099534196,6.861973099534196,False,False,1.025624178712221,1.5,0.9867737275381178,3.3408284210994275,3.430986549767098,finite,3.0749519538757215,1.0,1.5,0.9740426779932642,3.182532732439414,3.354415892420954,finite,3.0
17,0.9,identity,0.025,2,0.1,1024,0.010597032334269917,19.000000000000004,361.0000000000001,839.2345152800928,759.0013140604469,38.18615751789977,42.86511714609879,42.86511714609879,False,False,1.0461235216819975,1.9,0.9935877977392407,21.15858000029638,21.432558573049395,finite,19.093078758949886,1.0,1.9,0.9707859979353894,20.15604063878296,21.387411129209283,finite,19.000000000000004
18,0.0,identity,0.025,2,0.1,4096,0.0051905040653798,1.0,1.0,2.2087846704646514,2.1024967148488827,2.102496714848883,2.208757814434343,2.208757814434343,False,False,1.0000000000000002,1.0,0.9896189918692404,1.0815687881438223,1.1043789072171715,finite,1.0512483574244416,1.0,1.0,0.9896189918692404,1.029577455638873,1.051291085521502,finite,1.0
18,0.5,identity,0.025,2,0.1,4096,0.0051905040653798,3.0,9.0,19.879062034181864,18.922470433639944,6.149903907751443,6.489192573651294,6.489192573651294,False,False,1.025624178712221,1.5,1.0000169630768314,3.244706364431467,3.244596286825647,finite,3.0749519538757215,1.0,1.5,0.9872859135319778,3.088732366916619,3.168796851601613,finite,3.0
18,0.9,identity,0.025,2,0.1,4096,0.0051905040653798,19.000000000000004,361.0000000000001,797.3712660377395,759.0013140604469,38.18615751789977,40.41032458173574,40.41032458173574,False,False,1.0461235216819975,1.9,1.0084925675868277,20.54980697473263,20.20516229086787,finite,19.093078758949886,1.0,1.9,0.9856907677829765,19.561971657138592,20.13405485922195,finite,19.000000000000004
19,0.0,identity,0.025,2,0.1,16384,0.0025689761321761456,1.0,1.0,2.1545082315541384,2.1024967148488827,2.102496714848883,2.154484813888189,2.154484813888189,False,False,1.0000000000000002,1.0,0.9948620477356477,1.0662012044573457,1.0772424069440945,finite,1.0512483574244416,1.0,1.0,0.9948620477356477,1.0145851206570868,1.0250918052400582,finite,1.0
19,0.5,identity,0.025,2,0.1,16384,0.0025689761321761456,3.0,9.0,19.390574083987246,18.922470433639944,6.149903907751443,6.315620834855676,6.315620834855676,False,False,1.025624178712221,1.5,1.0064383688596332,3.198603613372037,3.157810417427838,finite,3.0749519538757215,1.0,1.5,0.9937073193147797,3.0437553619712605,3.0824267592225576,finite,3.0
19,0.9,identity,0.025,2,0.1,16384,0.0025689761321761456,19.000000000000004,361.0000000000001,777.7774715910442,759.0013140604469,38.18615751789977,39.27128220767103,39.27128220767103,False,False,1.0461235216819975,1.9,1.015719621354077,20.25782288468957,19.635641103835514,finite,19.093078758949886,1.0,1.9,0.9929178215502256,19.277117292484654,19.55309355870738,finite,19.000000000000004
20,0.0,identity,0.05,2,0.02,64,0.009673122070329554,1.0,1.0,2.419237092627099,2.2099447513812156,2.2099447513812156,2.419180114568422,2.419180114568422,False,False,1.0,1.0,0.9806537558593409,1.1632407301017897,1.209590057284211,finite,1.1049723756906078,1.0,1.0,0.9806537558593409,1.0554679960141022,1.0975231185797911,finite,1.0
20,0.5,identity,0.05,2,0.02,64,0.009673122070329554,3.0,9.0,21.773133833643893,19.88950276243094,6.299212598425195,6.9486516975070485,6.9486516975070485,False,False,1.052486187845304,1.5,1.0022132814878084,3.4897221903053692,3.4743258487535242,finite,3.1496062992125977,1.0,1.5,0.9763057867080381,3.1664039880423065,3.3219615159616294,finite,3.0
20,0.9,identity,0.05,2,0.02,64,0.009673122070329554,19.000000000000004,361.0000000000001,873.3445904383831,797.7900552486191,38.36446239273094,42.52797771918593,42.52797771918593,False,False,1.094475138121547,1.9,1.0195047008164428,22.101573871934008,21.263988859592963,finite,19.18223119636547,1.0,1.9,0.9733330427595315,20.053891924267948,21.167800605244516,finite,19.000000000000004
21,0.0,identity,0.05,2,0.02,256,0.004421790067242999,1.0,1.0,2.303454029034167,2.2099447513812156,2.2099447513812156,2.3034051876973445,2.3034051876973445,False,False,1.0,1.0,0.991156419865514,1.1314223188931227,1.1517025938486722,finite,1.1049723756906078,1.0,1.0,0.991156419865514,1.025169839751437,1.0435455831667124,finite,1.0
21,0.5,identity,0.05,2,0.02,256,0.004421790067242999,3.0,9.0,20.731086261307503,19.88950276243094,6.299212598425195,6.588378784550406,6.588378784550406,False,False,1.052486187845304,1.5,1.0150763653653179,3.394266956679368,3.294189392275203,finite,3.1496062992125977,1.0,1.5,0.9891688705855477,3.075509519254311,3.143230243431446,finite,3.0
21,0.9,identity,0.05,2,0.02,256,0.004421790067242999,19.000000000000004,361.0000000000001,831.5469044813345,797.7900552486191,38.36446239273094,40.21450219744428,40.21450219744428,False,False,1.094475138121547,1.9,1.0339816240852342,21.497024058969338,20.10725109872214,finite,19.18223119636547,1.0,1.9,0.9878099660283228,19.478226955277307,19.96193397991749,finite,19.000000000000004
22,0.0,identity,0.05,2,0.02,1024,0.002119406466853983,1.0,1.0,2.2543380775154835,2.2099447513812156,2.2099447513812156,2.2542926458115065,2.2542926458115065,False,False,1.0,1.0,0.995761187066292,1.1176110501234295,1.1271463229057532,finite,1.1049723756906078,1.0,1.0,0.995761187066292,1.0120251085485987,1.0206595395266262,finite,1.0
22,0.5,identity,0.05,2,0.02,1024,0.002119406466853983,3.0,9.0,20.289042697639353,19.88950276243094,6.299212598425195,6.43623757781882,6.43623757781882,False,False,1.052486187845304,1.5,1.020716030378423,3.3528331503702886,3.21811878890941,finite,3.1496062992125977,1.0,1.5,0.9948085355986528,3.036075325645796,3.067845868432952,finite,3.0
22,0.9,identity,0.05,2,0.02,1024,0.002119406466853983,19.000000000000004,361.0000000000001,813.8160459830898,797.7900552486191,38.36446239273094,39.24036086935072,39.24036086935072,False,False,1.094475138121547,1.9,1.0403288576439893,21.234609952345163,19.62018043467536,finite,19.18223119636547,1.0,1.9,0.9941571995870779,19.22847706242338,19.455158107725694,finite,19.000000000000004
23,0.0,identity,0.05,2,0.02,4096,0.0010381008130759598,1.0,1.0,2.231608421106454,2.2099447513812156,2.2099447513812156,2.231564558473874,2.231564558473874,False,False,1.0,1.0,0.997923798373848,1.1111539109775832,1.115782279236937,finite,1.1049723756906078,1.0,1.0,0.997923798373848,1.0058810062222352,1.0100708737787378,finite,1.0
23,0.5,identity,0.05,2,0.02,4096,0.0010381008130759598,3.0,9.0,20.084475789958088,19.88950276243094,6.299212598425195,6.365970533824277,6.365970533824277,False,False,1.052486187845304,1.5,1.0233646774861658,3.33346173293275,3.1829852669121386,finite,3.1496062992125977,1.0,1.5,0.9974571827063956,3.0176430186667056,3.0330483829803083,finite,3.0
23,0.9,identity,0.05,2,0.02,4096,0.0010381008130759598,19.000000000000004,361.0000000000001,805.6106400194302,797.7900552486191,38.36446239273094,38.79102295890868,38.79102295890868,False,False,1.094475138121547,1.9,1.0433098116135067,21.111924308574086,19.39551147945434,finite,19.18223119636547,1.0,1.9,0.9971381535565953,19.111739118222474,19.221600226634074,finite,19.000000000000004
24,0.0,identity,0.05,2,0.02,16384,0.0005137952264352291,1.0,1.0,2.2206639327068025,2.2099447513812156,2.2099447513812156,2.220620823565015,2.220620823565015,False,False,1.0,1.0,0.9989724095471295,1.1080296954483178,1.1103104117825076,finite,1.1049723756906078,1.0,1.0,0.9989724095471295,1.0029085765943067,1.004972916549936,finite,1.0
24,0.5,identity,0.05,2,0.02,16384,0.0005137952264352291,3.0,9.0,19.985975394361223,19.88950276243094,6.299212598425195,6.3321682245130635,6.3321682245130635,False,False,1.052486187845304,1.5,1.024648958642726,3.3240890863449533,3.1660841122565317,finite,3.1496062992125977,1.0,1.5,0.9987414638629559,3.00872572978292,3.0163132306072806,finite,3.0
24,0.9,identity,0.05,2,0.02,16384,0.0005137952264352291,19.000000000000004,361.0000000000001,801.659679707156,797.7900552486191,38.36446239273094,38.57499646537551,38.57499646537551,False,False,1.094475138121547,1.9,1.0447552223669565,21.052564213518043,19.287498232687756,finite,19.18223119636547,1.0,1.9,0.9985835643100451,19.05526295529183,19.109358972496405,finite,19.000000000000004
25,0.0,identity,0.05,2,0.1,64,0.04836561035164777,1.0,1.0,3.4596148462450667,2.2099447513812156,2.2099447513812156,3.459479762638601,3.459479762638601,False,False,1.0,1.0,0.9032687792967045,1.4112852342405162,1.7297398813193006,finite,1.1049723756906078,1.0,1.0,0.9032687792967045,1.2923110665645106,1.5839193500170616,finite,1.0
25,0.5,identity,0.05,2,0.1,64,0.04836561035164777,3.0,9.0,31.1365336162056,19.88950276243094,6.299212598425195,10.283326586174471,10.283326586174471,False,False,1.052486187845304,1.5,0.9074364283199611,4.233855702721549,5.141663293087236,finite,3.1496062992125977,1.0,1.5,0.8815289335401909,3.8769331996935317,4.989019202609402,finite,3.0
25,0.9,identity,0.05,2,0.1,64,0.04836561035164777,19.000000000000004,361.0000000000001,1248.9209594944693,797.7900552486191,38.36446239273094,65.38045363844452,65.38045363844452,False,False,1.094475138121547,1.9,0.912836871854569,26.81441945056981,32.17970441192949,finite,19.18223119636547,1.0,1.9,0.8666652137976576,24.553910264725705,32.69022681922226,finite,19.000000000000004
26,0.0,identity,0.05,2,0.1,256,0.022108950336214992,1.0,1.0,2.7156209740578903,2.2099447513812156,2.2099447513812156,2.715542590638897,2.715542590638897,False,False,1.0,1.0,0.95578209932757,1.2403504480869851,1.3577712953194485,finite,1.1049723756906078,1.0,1.0,0.95578209932757,1.1289775551409877,1.2358550116175409,finite,1.0
26,0.5,identity,0.05,2,0.1,256,0.022108950336214992,3.0,9.0,24.440588766521014,19.88950276243094,6.299212598425195,7.881064976172872,7.881064976172872,False,False,1.052486187845304,1.5,0.9717518477075089,3.7210513442609554,3.940532488086436,finite,3.1496062992125977,1.0,1.5,0.9458443529277387,3.3869326654229632,3.7858832077241966,finite,3.0
26,0.9,identity,0.05,2,0.1,256,0.022108950336214992,19.000000000000004,361.0000000000001,980.3391716348987,797.7900552486191,38.36446239273094,48.650983890076446,48.650983890076446,False,False,1.094475138121547,1.9,0.9852214881985256,23.566658513652722,24.278969967912456,finite,19.18223119636547,1.0,1.9,0.9390498301416143,21.450573547678772,24.325491945038223,finite,19.000000000000004
27,0.0,identity,0.05,2,0.1,1024,0.010597032334269917,1.0,1.0,2.4401627510826924,2.2099447513812156,2.2099447513812156,2.4401042881950112,2.4401042881950112,False,False,1.0,1.0,0.9788059353314602,1.1688844492581945,1.2200521440975056,finite,1.1049723756906078,1.0,1.0,0.9788059353314602,1.0608442441464714,1.1072824995197674,finite,1.0
27,0.5,identity,0.05,2,0.1,1024,0.010597032334269917,3.0,9.0,21.96146475974423,19.88950276243094,6.299212598425195,7.014005655038551,7.014005655038551,False,False,1.052486187845304,1.5,0.9999501727730343,3.5066533477745834,3.5070028275192753,finite,3.1496062992125977,1.0,1.5,0.9740426779932642,3.182532732439414,3.354415892420954,finite,3.0
27,0.9,identity,0.05,2,0.1,1024,0.010597032334269917,19.000000000000004,361.0000000000001,880.8987531408522,797.7900552486191,38.36446239273094,42.94864207495648,42.94864207495648,False,False,1.094475138121547,1.9,1.0169576559923008,22.2088045359057,21.47432103747824,finite,19.18223119636547,1.0,1.9,0.9707859979353894,20.15604063878296,21.387411129209283,finite,19.000000000000004
28,0.0,identity,0.05,2,0.1,4096,0.0051905040653798,1.0,1.0,2.3200732974791034,2.2099447513812156,2.2099447513812156,2.3200232966426277,2.3200232966426277,False,False,1.0,1.0,0.9896189918692404,1.136052476653181,1.1600116483213139,finite,1.1049723756906078,1.0,1.0,0.9896189918692404,1.029577455638873,1.051291085521502,finite,1.0
28,0.5,identity,0.05,2,0.1,4096,0.0051905040653798,3.0,9.0,20.880659677311932,19.88950276243094,6.299212598425195,6.639951877327795,6.639951877327795,False,False,1.052486187845304,1.5,1.013193408311748,3.4081574299595427,3.3199759386638976,finite,3.1496062992125977,1.0,1.5,0.9872859135319778,3.088732366916619,3.168796851601613,finite,3.0
28,0.9,identity,0.05,2,0.1,4096,0.0051905040653798,19.000000000000004,361.0000000000001,837.5464603899566,797.7900552486191,38.36446239273094,40.54510156706171,40.54510156706171,False,False,1.094475138121547,1.9,1.0318624258398879,21.584997056410444,20.272550783530853,finite,19.18223119636547,1.0,1.9,0.9856907677829765,19.561971657138592,20.13405485922195,finite,19.000000000000004
29,0.0,identity,0.05,2,0.1,16384,0.0025689761321761456,1.0,1.0,2.263851400483479,2.2099447513812156,2.2099447513812156,2.2638053103849796,2.2638053103849796,False,False,1.0,1.0,0.9948620477356477,1.1203012121647113,1.1319026551924898,finite,1.1049723756906078,1.0,1.0,0.9948620477356477,1.0145851206570868,1.0250918052400582,finite,1.0
29,0.5,identity,0.05,2,0.1,16384,0.0025689761321761456,3.0,9.0,20.37466260435131,19.88950276243094,6.299212598425195,6.465673688861367,6.465673688861367,False,False,1.052486187845304,1.5,1.0196148140945498,3.3609036364941343,3.2328368444306834,finite,3.1496062992125977,1.0,1.5,0.9937073193147797,3.0437553619712605,3.0824267592225576,finite,3.0
29,0.9,identity,0.05,2,0.1,16384,0.0025689761321761456,19.000000000000004,361.0000000000001,817.2503555745362,797.7900552486191,38.36446239273094,39.42870442310728,39.42870442310728,False,False,1.094475138121547,1.9,1.039089479607137,21.28572303112952,19.71435221155364,finite,19.18223119636547,1.0,1.9,0.9929178215502256,19.277117292484654,19.55309355870738,finite,19.000000000000004
30,0.0,identity,0.1,2,0.02,64,0.009673122070329554,1.0,1.0,2.663546596550133,2.4390243902439024,2.4390243902439024,2.663434576324968,2.663434576324968,False,False,1.0,1.0,0.9806537558593409,1.280688263963894,1.331717288162484,finite,1.2195121951219512,1.0,1.0,0.9806537558593409,1.0554679960141022,1.0975231185797911,finite,1.0
30,0.5,identity,0.1,2,0.02,64,0.009673122070329554,3.0,9.0,23.9719193689512,21.95121951219512,6.593406593406594,7.2464703583749825,7.2464703583749825,False,False,1.1097560975609757,1.5,1.0297554046589754,3.8420647918916817,3.6232351791874913,finite,3.296703296703297,1.0,1.5,0.9763057867080381,3.1664039880423065,3.3219615159616294,finite,3.0
30,0.9,identity,0.1,2,0.02,64,0.009673122070329554,19.000000000000004,361.0000000000001,961.5403213545983,880.487804878049,38.69653767820775,42.69308676106559,42.69308676106559,False,False,1.197560975609756,1.9,1.0676643342840662,24.33307701531399,21.346543380532793,finite,19.348268839103874,1.0,1.9,0.9733330427595315,20.053891924267948,21.167800605244516,finite,19.000000000000004
31,0.0,identity,0.1,2,0.02,256,0.004421790067242999,1.0,1.0,2.5393987341049002,2.4390243902439024,2.4390243902439024,2.539296990196303,2.539296990196303,False,False,1.0,1.0,0.991156419865514,1.247291316504462,1.2696484950981515,finite,1.2195121951219512,1.0,1.0,0.991156419865514,1.025169839751437,1.0435455831667124,finite,1.0
31,0.5,identity,0.1,2,0.02,256,0.004421790067242999,3.0,9.0,22.8545886069441,21.95121951219512,6.593406593406594,6.8844350245020784,6.8844350245020784,False,False,1.1097560975609757,1.5,1.0426184885364849,3.7418739495133857,3.4422175122510392,finite,3.296703296703297,1.0,1.5,0.9891688705855477,3.075509519254311,3.143230243431446,finite,3.0
31,0.9,identity,0.1,2,0.02,256,0.004421790067242999,19.000000000000004,361.0000000000001,916.7229430118692,880.487804878049,38.69653767820775,40.47469502663355,40.47469502663355,False,False,1.197560975609756,1.9,1.0821412575528575,23.69853501358478,20.237347513316774,finite,19.348268839103874,1.0,1.9,0.9878099660283228,19.478226955277307,19.96193397991749,finite,19.000000000000004
32,0.0,identity,0.1,2,0.02,1024,0.002119406466853983,1.0,1.0,2.4867092218317834,2.4390243902439024,2.4390243902439024,2.4866118010986527,2.4866118010986527,False,False,1.0,1.0,0.995761187066292,1.2327879574281104,1.2433059005493263,finite,1.2195121951219512,1.0,1.0,0.995761187066292,1.0120251085485987,1.0206595395266262,finite,1.0
32,0.5,identity,0.1,2,0.02,1024,0.002119406466853983,3.0,9.0,22.380382996486052,21.95121951219512,6.593406593406594,6.731364925192512,6.731364925192512,False,False,1.1097560975609757,1.5,1.04825815354959,3.6983638722843315,3.365682462596256,finite,3.296703296703297,1.0,1.5,0.9948085355986528,3.036075325645796,3.067845868432952,finite,3.0
32,0.9,identity,0.1,2,0.02,1024,0.002119406466853983,19.000000000000004,361.0000000000001,897.7020290812741,880.487804878049,38.69653767820775,39.5388739778045,39.5388739778045,False,False,1.197560975609756,1.9,1.0884884911116126,23.422971191134103,19.76943698890225,finite,19.348268839103874,1.0,1.9,0.9941571995870779,19.22847706242338,19.455158107725694,finite,19.000000000000004
33,0.0,identity,0.1,2,0.02,4096,0.0010381008130759598,1.0,1.0,2.4623205268977144,2.4390243902439024,2.4390243902439024,2.462225099242491,2.462225099242491,False,False,1.0,1.0,0.997923798373848,1.2260057807162439,1.2311125496212456,finite,1.2195121951219512,1.0,1.0,0.997923798373848,1.0058810062222352,1.0100708737787378,finite,1.0
33,0.5,identity,0.1,2,0.02,4096,0.0010381008130759598,3.0,9.0,22.16088474207943,21.95121951219512,6.593406593406594,6.660630831809265,6.660630831809265,False,False,1.1097560975609757,1.5,1.0509068006573328,3.6780173421487317,3.3303154159046326,finite,3.296703296703297,1.0,1.5,0.9974571827063956,3.0176430186667056,3.0330483829803083,finite,3.0
33,0.9,identity,0.1,2,0.02,4096,0.0010381008130759598,19.000000000000004,361.0000000000001,888.8977102100752,880.487804878049,38.69653767820775,39.106860271895094,39.106860271895094,False,False,1.197560975609756,1.9,1.09146944508113,23.294109833608637,19.553430135947547,finite,19.348268839103874,1.0,1.9,0.9971381535565953,19.111739118222474,19.221600226634074,finite,19.000000000000004
34,0.0,identity,0.1,2,0.02,16384,0.0005137952264352291,1.0,1.0,2.450575985652389,2.4390243902439024,2.4390243902439024,2.45048151593541,2.45048151593541,False,False,1.0,1.0,0.9989724095471295,1.2227239603403406,1.225240757967705,finite,1.2195121951219512,1.0,1.0,0.9989724095471295,1.0029085765943067,1.004972916549936,finite,1.0
34,0.5,identity,0.1,2,0.02,16384,0.0005137952264352291,3.0,9.0,22.055183870871502,21.95121951219512,6.593406593406594,6.626595177542692,6.626595177542692,False,False,1.1097560975609757,1.5,1.052191081813893,3.6681718810210215,3.313297588771346,finite,3.296703296703297,1.0,1.5,0.9987414638629559,3.00872572978292,3.0163132306072806,finite,3.0
34,0.9,identity,0.1,2,0.02,16384,0.0005137952264352291,19.000000000000004,361.0000000000001,884.6579308205128,880.487804878049,38.69653767820775,38.89908275014154,38.89908275014154,False,False,1.197560975609756,1.9,1.0929148558345798,23.231755246466477,19.44954137507077,finite,19.348268839103874,1.0,1.9,0.9985835643100451,19.05526295529183,19.109358972496405,finite,19.000000000000004
35,0.0,identity,0.1,2,0.1,64,0.04836561035164777,1.0,1.0,3.7760979314151455,2.4390243902439024,2.4390243902439024,3.775889282591573,3.775889282591573,False,False,1.0,1.0,0.9032687792967045,1.540363625825664,1.8879446412957865,finite,1.2195121951219512,1.0,1.0,0.9032687792967045,1.2923110665645106,1.5839193500170616,finite,1.0
35,0.5,identity,0.1,2,0.1,64,0.04836561035164777,3.0,9.0,33.98488138273631,21.95121951219512,6.593406593406594,10.572342123722583,10.572342123722583,False,False,1.1097560975609757,1.5,0.9349785514911281,4.621090877476992,5.286171061861292,finite,3.296703296703297,1.0,1.5,0.8815289335401909,3.8769331996935317,4.989019202609402,finite,3.0
35,0.9,identity,0.1,2,0.1,64,0.04836561035164777,19.000000000000004,361.0000000000001,1363.171353240868,880.487804878049,38.69653767820775,65.38045363844452,65.38045363844452,False,False,1.197560975609756,1.9,0.9609965053221923,29.266908890687624,31.690802645696994,finite,19.348268839103874,1.0,1.9,0.8666652137976576,24.553910264725705,32.69022681922226,finite,19.000000000000004
36,0.0,identity,0.1,2,0.1,256,0.022108950336214992,1.0,1.0,2.9809975235424235,2.4390243902439024,2.4390243902439024,2.9808587021371333,2.9808587021371333,False,False,1.0,1.0,0.95578209932757,1.3615361584183074,1.4904293510685667,finite,1.2195121951219512,1.0,1.0,0.95578209932757,1.1289775551409877,1.2358550116175409,finite,1.0
36,0.5,identity,0.1,2,0.1,256,0.022108950336214992,3.0,9.0,26.828977711881812,21.95121951219512,6.593406593406594,8.180764588654448,8.180764588654448,False,False,1.1097560975609757,1.5,0.9992939708786759,4.084608475254923,4.090382294327224,finite,3.296703296703297,1.0,1.5,0.9458443529277387,3.3869326654229632,3.7858832077241966,finite,3.0
36,0.9,identity,0.1,2,0.1,256,0.022108950336214992,19.000000000000004,361.0000000000001,1076.1401059988152,880.487804878049,38.69653767820775,48.650983890076446,48.650983890076446,False,False,1.197560975609756,1.9,1.0333811216661488,25.869187009947847,24.224885534591703,finite,19.348268839103874,1.0,1.9,0.9390498301416143,21.450573547678772,24.325491945038223,finite,19.000000000000004
37,0.0,identity,0.1,2,0.1,1024,0.010597032334269917,1.0,1.0,2.685975497234935,2.4390243902439024,2.4390243902439024,2.685861607495688,2.685861607495688,False,False,1.0,1.0,0.9788059353314602,1.2866097080562249,1.342930803747844,finite,1.2195121951219512,1.0,1.0,0.9788059353314602,1.0608442441464714,1.1072824995197674,finite,1.0
37,0.5,identity,0.1,2,0.1,1024,0.010597032334269917,3.0,9.0,24.173779475114415,21.95121951219512,6.593406593406594,7.312079858909432,7.312079858909432,False,False,1.1097560975609757,1.5,1.0274922959442014,3.859829124168675,3.656039929454716,finite,3.296703296703297,1.0,1.5,0.9740426779932642,3.182532732439414,3.354415892420954,finite,3.0
37,0.9,identity,0.1,2,0.1,1024,0.010597032334269917,19.000000000000004,361.0000000000001,969.6371545018119,880.487804878049,38.69653767820775,43.095860013016754,43.095860013016754,False,False,1.197560975609756,1.9,1.0651172894599241,24.445584453068278,21.547930006508377,finite,19.348268839103874,1.0,1.9,0.9707859979353894,20.15604063878296,21.387411129209283,finite,19.000000000000004
38,0.0,identity,0.1,2,0.1,4096,0.0051905040653798,1.0,1.0,2.5572237154974933,2.4390243902439024,2.4390243902439024,2.5571205037901206,2.5571205037901206,False,False,1.0,1.0,0.9896189918692404,1.2521525476211115,1.2785602518950603,finite,1.2195121951219512,1.0,1.0,0.9896189918692404,1.029577455638873,1.051291085521502,finite,1.0
38,0.5,identity,0.1,2,0.1,4096,0.0051905040653798,3.0,9.0,23.01501343947744,21.95121951219512,6.593406593406594,6.936297756254532,6.936297756254532,False,False,1.1097560975609757,1.5,1.040735531482915,3.7564576428633343,3.468148878127266,finite,3.296703296703297,1.0,1.5,0.9872859135319778,3.088732366916619,3.168796851601613,finite,3.0
38,0.9,identity,0.1,2,0.1,4096,0.0051905040653798,19.000000000000004,361.0000000000001,923.1577612945954,880.487804878049,38.69653767820775,40.79205514888293,40.79205514888293,False,False,1.197560975609756,1.9,1.0800220593075112,23.790898404801123,20.396027574441465,finite,19.348268839103874,1.0,1.9,0.9856907677829765,19.561971657138592,20.13405485922195,finite,19.000000000000004
39,0.0,identity,0.1,2,0.1,16384,0.0025689761321761456,1.0,1.0,2.4969159217363797,2.4390243902439024,2.4390243902439024,2.4968176653792797,2.4968176653792797,False,False,1.0,1.0,0.9948620477356477,1.2356132588994526,1.2484088326896399,finite,1.2195121951219512,1.0,1.0,0.9948620477356477,1.0145851206570868,1.0250918052400582,finite,1.0
39,0.5,identity,0.1,2,0.1,16384,0.0025689761321761456,3.0,9.0,22.47224329562742,21.95121951219512,6.593406593406594,6.760989506245172,6.760989506245172,False,False,1.1097560975609757,1.5,1.0471569372657168,3.7068397766983576,3.380494753122586,finite,3.296703296703297,1.0,1.5,0.9937073193147797,3.0437553619712605,3.0824267592225576,finite,3.0
39,0.9,identity,0.1,2,0.1,16384,0.0025689761321761456,19.000000000000004,361.0000000000001,901.3866477468333,880.487804878049,38.69653767820775,39.71988957073539,39.71988957073539,False,False,1.197560975609756,1.9,1.0872491130747604,23.476651919089605,19.859944785367695,finite,19.348268839103874,1.0,1.9,0.9929178215502256,19.277117292484654,19.55309355870738,finite,19.000000000000004
40,0.0,two_tap,0,3,0.02,64,0.010314235260953241,1.0,1.0,3.956351760104771,3.6000000000000005,3.600000000000001,3.955819827860265,3.955819827860265,False,False,0.9999999999999999,1.0,0.9793715294780934,1.8971490687351087,1.9779099139301326,finite,1.8000000000000005,0.9999999999999999,1.0,0.9793715294780934,1.8971490687351087,1.9779099139301326,finite,1.8000000000000005
40,0.5,two_tap,0,3,0.02,64,0.010314235260953241,3.0,9.0,35.60716584094294,32.400000000000006,7.714285714285715,8.54690359054561,8.54690359054561,False,False,1.4,2.0,1.1540428938368295,5.691447206205326,4.273451795272805,finite,3.8571428571428577,1.4,2.0,1.1540428938368295,5.691447206205326,4.273451795272805,finite,3.8571428571428577
40,0.9,two_tap,0,3,0.02,64,0.010314235260953241,19.000000000000004,361.0000000000001,1428.2429853978226,1299.6000000000006,39.76744186046513,44.21034338810182,44.21034338810182,False,False,1.72,2.8,1.2769696714719687,36.045832305967075,22.10517169405091,finite,19.883720930232563,1.72,2.8,1.2769696714719687,36.045832305967075,22.10517169405091,finite,19.883720930232563
41,0.0,two_tap,0,3,0.02,256,0.004793458799306484,1.0,1.0,3.761931490519904,3.6000000000000005,3.600000000000001,3.7614388864848913,3.7614388864848913,False,False,0.9999999999999999,1.0,0.9904130824013869,1.8448316936081972,1.8807194432424457,finite,1.8000000000000005,0.9999999999999999,1.0,0.9904130824013869,1.8448316936081972,1.8807194432424457,finite,1.8000000000000005
41,0.5,two_tap,0,3,0.02,256,0.004793458799306484,3.0,9.0,33.857383414679134,32.400000000000006,7.714285714285715,8.090776503487058,8.090776503487058,False,False,1.4,2.0,1.1696580077306113,5.534495080824591,4.045388251743529,finite,3.8571428571428577,1.4,2.0,1.1696580077306113,5.534495080824591,4.045388251743529,finite,3.8571428571428577
41,0.9,two_tap,0,3,0.02,256,0.004793458799306484,19.000000000000004,361.0000000000001,1358.0572680776856,1299.6000000000006,39.76744186046513,41.77360005274398,41.77360005274398,False,False,1.72,2.8,1.295445723395529,35.051802178555754,20.88680002637199,finite,19.883720930232563,1.72,2.8,1.295445723395529,35.051802178555754,20.88680002637199,finite,19.883720930232563
42,0.0,two_tap,0,3,0.02,1024,0.0023154118295730026,1.0,1.0,3.677626189592855,3.6000000000000005,3.600000000000001,3.6771505307486256,3.6771505307486256,False,False,0.9999999999999999,1.0,0.9953691763408539,1.8215864570766014,1.8385752653743128,finite,1.8000000000000005,0.9999999999999999,1.0,0.9953691763408539,1.8215864570766014,1.8385752653743128,finite,1.8000000000000005
42,0.5,two_tap,0,3,0.02,1024,0.0023154118295730026,3.0,9.0,33.09863570633569,32.400000000000006,7.714285714285715,7.893941512557689,7.893941512557689,False,False,1.4,2.0,1.1766669829962006,5.464759371229804,3.9469707562788443,finite,3.8571428571428577,1.4,2.0,1.1766669829962006,5.464759371229804,3.9469707562788443,finite,3.8571428571428577
42,0.9,two_tap,0,3,0.02,1024,0.0023154118295730026,19.000000000000004,361.0000000000001,1327.623054443021,1299.6000000000006,39.76744186046513,40.72416306686741,40.72416306686741,False,False,1.72,2.8,1.3037388547693287,34.61014268445543,20.362081533433706,finite,19.883720930232563,1.72,2.8,1.3037388547693287,34.61014268445543,20.362081533433706,finite,19.883720930232563
43,0.0,two_tap,0,3,0.02,4096,0.0011383929673098754,1.0,1.0,3.638207805044296,3.6000000000000005,3.600000000000001,3.6377400457331865,3.6377400457331865,False,False,0.9999999999999999,1.0,0.9977232140653801,1.8105970960717703,1.8188700228665933,finite,1.8000000000000005,0.9999999999999999,1.0,0.9977232140653801,1.8105970960717703,1.8188700228665933,finite,1.8000000000000005
43,0.5,two_tap,0,3,0.02,4096,0.0011383929673098754,3.0,9.0,32.74387024539867,32.400000000000006,7.714285714285715,7.8021074961489525,7.8021074961489525,False,False,1.4,2.0,1.1799960950725636,5.431791288215311,3.9010537480744762,finite,3.8571428571428577,1.4,2.0,1.1799960950725636,5.431791288215311,3.9010537480744762,finite,3.8571428571428577
43,0.9,two_tap,0,3,0.02,4096,0.0011383929673098754,19.000000000000004,361.0000000000001,1313.3930176209913,1299.6000000000006,39.76744186046513,40.2349845587438,40.2349845587438,False,False,1.72,2.8,1.3076779132994574,34.401344825363644,20.1174922793719,finite,19.883720930232563,1.72,2.8,1.3076779132994574,34.401344825363644,20.1174922793719,finite,19.883720930232563
44,0.0,two_tap,0,3,0.02,16384,0.0005644856090367992,1.0,1.0,3.61913168869094,3.6000000000000005,3.600000000000001,3.6186677467990527,3.6186677467990527,False,False,0.9999999999999999,1.0,0.9988710287819262,1.8052508077991698,1.8093338733995263,finite,1.8000000000000005,0.9999999999999999,1.0,0.9988710287819262,1.8052508077991698,1.8093338733995263,finite,1.8000000000000005
44,0.5,two_tap,0,3,0.02,16384,0.0005644856090367992,3.0,9.0,32.57218519821846,32.400000000000006,7.714285714285715,7.757711231440829,7.757711231440829,False,False,1.4,2.0,1.1816193502117947,5.415752423397509,3.8788556157204144,finite,3.8571428571428577,1.4,2.0,1.1816193502117947,5.415752423397509,3.8788556157204144,finite,3.8571428571428577
44,0.9,two_tap,0,3,0.02,16384,0.0005644856090367992,19.000000000000004,361.0000000000001,1306.5065396174298,1299.6000000000006,39.76744186046513,39.99859690493611,39.99859690493611,False,False,1.72,2.8,1.3095985746818608,34.29976534818423,19.999298452468054,finite,19.883720930232563,1.72,2.8,1.3095985746818608,34.29976534818423,19.999298452468054,finite,19.883720930232563
45,0.0,two_tap,0,3,0.1,64,0.051571176304766216,1.0,1.0,5.747825741349184,3.6000000000000005,3.600000000000001,5.746918413526415,5.746918413526415,False,False,0.9999999999999999,1.0,0.8968576473904675,2.311277371439934,2.8734592067632074,finite,1.8000000000000005,0.9999999999999999,1.0,0.8968576473904675,2.311277371439934,2.8734592067632074,finite,1.8000000000000005
45,0.5,two_tap,0,3,0.1,64,0.051571176304766216,3.0,9.0,51.73043167214265,32.400000000000006,7.714285714285715,12.887009748111263,12.887009748111263,False,False,1.4,2.0,1.0373506427044545,6.933832114319802,6.443504874055631,finite,3.8571428571428577,1.4,2.0,1.0373506427044545,6.933832114319802,6.443504874055631,finite,3.8571428571428577
45,0.9,two_tap,0,3,0.1,64,0.051571176304766216,19.000000000000004,361.0000000000001,2074.965092627056,1299.6000000000006,39.76744186046513,67.71211133902874,67.71211133902874,False,False,1.72,2.8,1.1388975379182433,43.914270057358756,33.85605566951437,finite,19.883720930232563,1.72,2.8,1.1388975379182433,43.914270057358756,33.85605566951437,finite,19.883720930232563
46,0.0,two_tap,0,3,0.1,256,0.023967293996532427,1.0,1.0,4.479035259478658,3.6000000000000005,3.600000000000001,4.478396030674618,4.478396030674618,False,False,0.9999999999999999,1.0,0.9520654120069351,2.02967300738354,2.239198015337309,finite,1.8000000000000005,0.9999999999999999,1.0,0.9520654120069351,2.02967300738354,2.239198015337309,finite,1.8000000000000005
46,0.5,two_tap,0,3,0.1,256,0.023967293996532427,3.0,9.0,40.31131733530792,32.400000000000006,7.714285714285715,9.788037720434367,9.788037720434367,False,False,1.4,2.0,1.1154262121733642,6.0890190221506195,4.894018860217184,finite,3.8571428571428577,1.4,2.0,1.1154262121733642,6.0890190221506195,4.894018860217184,finite,3.8571428571428577
46,0.9,two_tap,0,3,0.1,256,0.023967293996532427,19.000000000000004,361.0000000000001,1616.931728671796,1299.6000000000006,39.76744186046513,50.874198016852134,50.874198016852134,False,False,1.72,2.8,1.231277797536045,38.56378714028727,25.437099008426067,finite,19.883720930232563,1.72,2.8,1.231277797536045,38.56378714028727,25.437099008426067,finite,19.883720930232563
47,0.0,two_tap,0,3,0.1,1024,0.011577059147865014,1.0,1.0,4.002140869308019,3.6000000000000005,3.600000000000001,4.001599625964116,4.001599625964116,False,False,0.9999999999999999,1.0,0.9768458817042699,1.909218957048733,2.000799812982058,finite,1.8000000000000005,0.9999999999999999,1.0,0.9768458817042699,1.909218957048733,2.000799812982058,finite,1.8000000000000005
47,0.5,two_tap,0,3,0.1,1024,0.011577059147865014,3.0,9.0,36.019267823772175,32.400000000000006,7.714285714285715,8.654770772555919,8.654770772555919,False,False,1.4,2.0,1.1504710885013107,5.727656871146199,4.327385386277959,finite,3.8571428571428577,1.4,2.0,1.1504710885013107,5.727656871146199,4.327385386277959,finite,3.8571428571428577
47,0.9,two_tap,0,3,0.1,1024,0.011577059147865014,19.000000000000004,361.0000000000001,1444.7728538201955,1299.6000000000006,39.76744186046513,44.78757930475875,44.78757930475875,False,False,1.72,2.8,1.2727434544050429,36.275160183925934,22.393789652379375,finite,19.883720930232563,1.72,2.8,1.2727434544050429,36.275160183925934,22.393789652379375,finite,19.883720930232563
48,0.0,two_tap,0,3,0.1,4096,0.0056919648365493765,1.0,1.0,3.7929462981165734,3.6000000000000005,3.600000000000001,3.792447443304442,3.792447443304442,False,False,0.9999999999999999,1.0,0.9886160703269011,1.8532965056103756,1.896223721652221,finite,1.8000000000000005,0.9999999999999999,1.0,0.9886160703269011,1.8532965056103756,1.896223721652221,finite,1.8000000000000005
48,0.5,two_tap,0,3,0.1,4096,0.0056919648365493765,3.0,9.0,34.13651668304916,32.400000000000006,7.714285714285715,8.163335180215341,8.163335180215341,False,False,1.4,2.0,1.1671166488831255,5.559889516831127,4.081667590107671,finite,3.8571428571428577,1.4,2.0,1.1671166488831255,5.559889516831127,4.081667590107671,finite,3.8571428571428577
48,0.9,two_tap,0,3,0.1,4096,0.0056919648365493765,19.000000000000004,361.0000000000001,1369.2536136200833,1299.6000000000006,39.76744186046513,42.16077294241306,42.16077294241306,False,False,1.72,2.8,1.2924387470556864,35.212633606597144,21.08038647120653,finite,19.883720930232563,1.72,2.8,1.2924387470556864,35.212633606597144,21.08038647120653,finite,19.883720930232563
49,0.0,two_tap,0,3,0.1,16384,0.002822428045183996,1.0,1.0,3.6947294261158654,3.6000000000000005,3.600000000000001,3.6942503350479106,3.6942503350479106,False,False,0.9999999999999999,1.0,0.9943551439096319,1.8263305135565224,1.8471251675239553,finite,1.8000000000000005,0.9999999999999999,1.0,0.9943551439096319,1.8263305135565224,1.8471251675239553,finite,1.8000000000000005
49,0.5,two_tap,0,3,0.1,16384,0.002822428045183996,3.0,9.0,33.25256483504279,32.400000000000006,7.714285714285715,7.9338269914787345,7.9338269914787345,False,False,1.4,2.0,1.1752329245792803,5.4789915406695675,3.9669134957393672,finite,3.8571428571428577,1.4,2.0,1.1752329245792803,5.4789915406695675,3.9669134957393672,finite,3.8571428571428577
49,0.9,two_tap,0,3,0.1,16384,0.002822428045183996,19.000000000000004,361.0000000000001,1333.7973228278279,1299.6000000000006,39.76744186046513,40.93671117081406,40.93671117081406,False,False,1.72,2.8,1.3020420539677036,34.70027975757393,20.46835558540703,finite,19.883720930232563,1.72,2.8,1.3020420539677036,34.70027975757393,20.46835558540703,finite,19.883720930232563
50,0.0,two_tap,0.025,3,0.02,64,0.010314235260953241,1.0,1.0,4.072484886441028,3.708472830285861,3.708472830285862,4.071899689520527,4.071899689520527,False,False,1.0000000000000002,1.0,0.9793715294780935,1.9528191475128844,2.0359498447602635,finite,1.854236415142931,0.9999999999999999,1.0,0.9793715294780934,1.8971490687351087,1.9779099139301326,finite,1.8000000000000005
50,0.5,two_tap,0.025,3,0.02,64,0.010314235260953241,3.0,9.0,36.65236397796926,33.37625547257275,7.823252444766387,8.657592951896468,8.657592951896468,False,False,1.4220963172804535,2.0,1.163343736796876,5.858457442538653,4.328796475948234,finite,3.9116262223831937,1.4,2.0,1.1540428938368295,5.691447206205326,4.273451795272805,finite,3.8571428571428577
50,0.9,two_tap,0.025,3,0.02,64,0.010314235260953241,19.000000000000004,361.0000000000001,1470.1670440052117,1338.7586917331962,39.87594151528578,44.26503528726812,44.26503528726812,False,False,1.7670048931238735,2.8,1.29476932949586,37.10356380274481,22.13251764363406,finite,19.93797075764289,1.72,2.8,1.2769696714719687,36.045832305967075,22.10517169405091,finite,19.883720930232563
51,0.0,two_tap,0.025,3,0.02,256,0.004793458799306484,1.0,1.0,3.87392412142661,3.708472830285861,3.708472830285862,3.8733803429243694,3.8733803429243694,False,False,1.0000000000000002,1.0,0.990413082401387,1.8997343925222292,1.9366901714621847,finite,1.854236415142931,0.9999999999999999,1.0,0.9904130824013869,1.8448316936081972,1.8807194432424457,finite,1.8000000000000005
51,0.5,two_tap,0.025,3,0.02,256,0.004793458799306484,3.0,9.0,34.86531709283949,33.37625547257275,7.823252444766387,8.200622894053277,8.200622894053277,False,False,1.4220963172804535,2.0,1.1789588506906579,5.699203177566687,4.100311447026638,finite,3.9116262223831937,1.4,2.0,1.1696580077306113,5.534495080824591,4.045388251743529,finite,3.8571428571428577
51,0.9,two_tap,0.025,3,0.02,256,0.004793458799306484,19.000000000000004,361.0000000000001,1398.4866078350067,1338.7586917331962,39.87594151528578,41.85860180834006,41.85860180834006,False,False,1.7670048931238735,2.8,1.3132453814194203,36.09495345792236,20.92930090417003,finite,19.93797075764289,1.72,2.8,1.295445723395529,35.051802178555754,20.88680002637199,finite,19.883720930232563
52,0.0,two_tap,0.025,3,0.02,1024,0.0023154118295730026,1.0,1.0,3.787810621748289,3.708472830285861,3.708472830285862,3.7872847008243395,3.7872847008243395,False,False,1.0000000000000002,1.0,0.995369176340854,1.8761447110816256,1.8936423504121698,finite,1.854236415142931,0.9999999999999999,1.0,0.9953691763408539,1.8215864570766014,1.8385752653743128,finite,1.8000000000000005
52,0.5,two_tap,0.025,3,0.02,1024,0.0023154118295730026,3.0,9.0,34.0902955957346,33.37625547257275,7.823252444766387,8.003349254841977,8.003349254841977,False,False,1.4220963172804535,2.0,1.1859678259562472,5.628434133244877,4.0016746274209885,finite,3.9116262223831937,1.4,2.0,1.1766669829962006,5.464759371229804,3.9469707562788443,finite,3.8571428571428577
52,0.9,two_tap,0.025,3,0.02,1024,0.0023154118295730026,19.000000000000004,361.0000000000001,1367.399634451133,1338.7586917331962,39.87594151528578,40.821624353982905,40.821624353982905,False,False,1.7670048931238735,2.8,1.32153851279322,35.64674951055089,20.410812176991453,finite,19.93797075764289,1.72,2.8,1.3037388547693287,34.61014268445543,20.362081533433706,finite,19.883720930232563
53,0.0,two_tap,0.025,3,0.02,4096,0.0011383929673098754,1.0,1.0,3.7475440162813998,3.708472830285861,3.708472830285862,3.747026422796737,3.747026422796737,False,False,1.0000000000000002,1.0,0.9977232140653802,1.8649917461742598,1.8735132113983686,finite,1.854236415142931,0.9999999999999999,1.0,0.9977232140653801,1.8105970960717703,1.8188700228665933,finite,1.8000000000000005
53,0.5,two_tap,0.025,3,0.02,4096,0.0011383929673098754,3.0,9.0,33.7278961465326,33.37625547257275,7.823252444766387,7.911294708656646,7.911294708656646,False,False,1.4220963172804535,2.0,1.1892969380326102,5.594975238522779,3.955647354328323,finite,3.9116262223831937,1.4,2.0,1.1799960950725636,5.431791288215311,3.9010537480744762,finite,3.8571428571428577
53,0.9,two_tap,0.025,3,0.02,4096,0.0011383929673098754,19.000000000000004,361.0000000000001,1352.8633898775856,1338.7586917331962,39.87594151528578,40.338128399357394,40.338128399357394,False,False,1.7670048931238735,2.8,1.3254775713233486,35.434843177310945,20.169064199678697,finite,19.93797075764289,1.72,2.8,1.3076779132994574,34.401344825363644,20.1174922793719,finite,19.883720930232563
54,0.0,two_tap,0.025,3,0.02,16384,0.0005644856090367992,1.0,1.0,3.7280567668475135,3.708472830285861,3.708472830285862,3.7275431981669507,3.7275431981669507,False,False,1.0000000000000002,1.0,0.9988710287819264,1.8595656856171894,1.8637715990834753,finite,1.854236415142931,0.9999999999999999,1.0,0.9988710287819262,1.8052508077991698,1.8093338733995263,finite,1.8000000000000005
54,0.5,two_tap,0.025,3,0.02,16384,0.0005644856090367992,3.0,9.0,33.55251090162762,33.37625547257275,7.823252444766387,7.866788162099864,7.866788162099864,False,False,1.4220963172804535,2.0,1.1909201931718412,5.578697056851568,3.933394081049932,finite,3.9116262223831937,1.4,2.0,1.1816193502117947,5.415752423397509,3.8788556157204144,finite,3.8571428571428577
54,0.9,two_tap,0.025,3,0.02,16384,0.0005644856090367992,19.000000000000004,361.0000000000001,1345.8284928319529,1338.7586917331962,39.87594151528578,40.10445787805127,40.10445787805127,False,False,1.7670048931238735,2.8,1.327398232705752,35.33174802672661,20.052228939025635,finite,19.93797075764289,1.72,2.8,1.3095985746818608,34.29976534818423,19.999298452468054,finite,19.883720930232563
55,0.0,two_tap,0.025,3,0.1,64,0.051571176304766216,1.0,1.0,5.900578479895714,3.708472830285861,3.708472830285862,5.899599349591732,5.899599349591732,False,False,1.0000000000000002,1.0,0.8968576473904676,2.3726821047570894,2.949799674795866,finite,1.854236415142931,0.9999999999999999,1.0,0.8968576473904675,2.311277371439934,2.8734592067632074,finite,1.8000000000000005
55,0.5,two_tap,0.025,3,0.1,64,0.051571176304766216,3.0,9.0,53.10520631906142,33.37625547257275,7.823252444766387,12.995309182863185,12.995309182863185,False,False,1.4220963172804535,2.0,1.0466514856645008,7.118046314271268,6.497654591431592,finite,3.9116262223831937,1.4,2.0,1.0373506427044545,6.933832114319802,6.443504874055631,finite,3.8571428571428577
55,0.9,two_tap,0.025,3,0.1,64,0.051571176304766216,19.000000000000004,361.0000000000001,2130.1088312423535,1338.7586917331962,39.87594151528578,67.71211133902874,67.71211133902874,False,False,1.7670048931238735,2.8,1.1566971959421346,45.080959990384706,33.69409454499115,finite,19.93797075764289,1.72,2.8,1.1388975379182433,43.914270057358756,33.85605566951437,finite,19.883720930232563
56,0.0,two_tap,0.025,3,0.1,256,0.023967293996532427,1.0,1.0,4.606115285280592,3.708472830285861,3.708472830285862,4.605417259382526,4.605417259382526,False,False,1.0000000000000002,1.0,0.9520654120069352,2.0872408413819765,2.302708629691263,finite,1.854236415142931,0.9999999999999999,1.0,0.9520654120069351,2.02967300738354,2.239198015337309,finite,1.8000000000000005
56,0.5,two_tap,0.025,3,0.1,256,0.023967293996532427,3.0,9.0,41.45503756752533,33.37625547257275,7.823252444766387,9.899870876734967,9.899870876734967,False,False,1.4220963172804535,2.0,1.1247270551334108,6.261722524145929,4.949935438367484,finite,3.9116262223831937,1.4,2.0,1.1154262121733642,6.0890190221506195,4.894018860217184,finite,3.8571428571428577
56,0.9,two_tap,0.025,3,0.1,256,0.023967293996532427,19.000000000000004,361.0000000000001,1662.8076179862942,1338.7586917331962,39.87594151528578,50.874198016852134,50.874198016852134,False,False,1.7670048931238735,2.8,1.2490774555599362,39.65757598625756,25.418354083894013,finite,19.93797075764289,1.72,2.8,1.231277797536045,38.56378714028727,25.437099008426067,finite,19.883720930232563
57,0.0,two_tap,0.025,3,0.1,1024,0.011577059147865014,1.0,1.0,4.1192434141526615,3.708472830285861,3.708472830285862,4.118648416557466,4.118648416557466,False,False,1.0000000000000002,1.0,0.97684588170427,1.9650645665021307,2.059324208278733,finite,1.854236415142931,0.9999999999999999,1.0,0.9768458817042699,1.909218957048733,2.000799812982058,finite,1.8000000000000005
57,0.5,two_tap,0.025,3,0.1,1024,0.011577059147865014,3.0,9.0,37.073190727373955,33.37625547257275,7.823252444766387,8.76562500140179,8.76562500140179,False,False,1.4220963172804535,2.0,1.1597719314613573,5.895193699506392,4.382812500700895,finite,3.9116262223831937,1.4,2.0,1.1504710885013107,5.727656871146199,4.327385386277959,finite,3.8571428571428577
57,0.9,two_tap,0.025,3,0.1,1024,0.011577059147865014,19.000000000000004,361.0000000000001,1487.0468725091112,1338.7586917331962,39.87594151528578,44.83481546220018,44.83481546220018,False,False,1.7670048931238735,2.8,1.2905431124289342,37.33622676354049,22.41740773110009,finite,19.93797075764289,1.72,2.8,1.2727434544050429,36.275160183925934,22.393789652379375,finite,19.883720930232563
58,0.0,two_tap,0.025,3,0.1,4096,0.0056919648365493765,1.0,1.0,3.9056021542866164,3.708472830285861,3.708472830285862,3.905051790288397,3.905051790288397,False,False,1.0000000000000002,1.0,0.9886160703269012,1.9083240955510996,1.9525258951441986,finite,1.854236415142931,0.9999999999999999,1.0,0.9886160703269011,1.8532965056103756,1.896223721652221,finite,1.8000000000000005
58,0.5,two_tap,0.025,3,0.1,4096,0.0056919648365493765,3.0,9.0,35.15041938857955,33.37625547257275,7.823252444766387,8.273331720272937,8.273331720272937,False,False,1.4220963172804535,2.0,1.176417491843172,5.724972286653299,4.1366658601364685,finite,3.9116262223831937,1.4,2.0,1.1671166488831255,5.559889516831127,4.081667590107671,finite,3.8571428571428577
58,0.9,two_tap,0.025,3,0.1,4096,0.0056919648365493765,19.000000000000004,361.0000000000001,1409.922377697469,1338.7586917331962,39.87594151528578,42.24108650274599,42.24108650274599,False,False,1.7670048931238735,2.8,1.3102384050795777,36.2581578154709,21.120543251372997,finite,19.93797075764289,1.72,2.8,1.2924387470556864,35.212633606597144,21.08038647120653,finite,19.883720930232563
59,0.0,two_tap,0.025,3,0.1,16384,0.002822428045183996,1.0,1.0,3.805281339316253,3.708472830285861,3.708472830285862,3.8047518007652217,3.8047518007652217,False,False,1.0000000000000002,1.0,0.994355143909632,1.880959242074897,1.9023759003826108,finite,1.854236415142931,0.9999999999999999,1.0,0.9943551439096319,1.8263305135565224,1.8471251675239553,finite,1.8000000000000005
59,0.5,two_tap,0.025,3,0.1,16384,0.002822428045183996,3.0,9.0,34.24753205384628,33.37625547257275,7.823252444766387,8.04332734922491,8.04332734922491,False,False,1.4220963172804535,2.0,1.1845337675393268,5.642877726224691,4.021663674612455,finite,3.9116262223831937,1.4,2.0,1.1752329245792803,5.4789915406695675,3.9669134957393672,finite,3.8571428571428577
59,0.9,two_tap,0.025,3,0.1,16384,0.002822428045183996,19.000000000000004,361.0000000000001,1373.7065634931678,1338.7586917331962,39.87594151528578,41.03167843355027,41.03167843355027,False,False,1.7670048931238735,2.8,1.3198417119915948,35.73822559942305,20.515839216775134,finite,19.93797075764289,1.72,2.8,1.3020420539677036,34.70027975757393,20.46835558540703,finite,19.883720930232563
60,0.0,two_tap,0.05,3,0.02,64,0.010314235260953241,1.0,1.0,4.189280361747945,3.8176033934252374,3.817603393425239,4.188639608676011,4.188639608676011,False,False,0.9999999999999999,1.0,0.9793715294780934,2.008805779500073,2.0943198043380056,finite,1.9088016967126196,0.9999999999999999,1.0,0.9793715294780934,1.8971490687351087,1.9779099139301326,finite,1.8000000000000005
60,0.5,two_tap,0.05,3,0.02,64,0.010314235260953241,3.0,9.0,37.703523255731504,34.358430540827136,7.929515418502204,8.765333123629825,8.765333123629825,False,False,1.444326617179215,2.0,1.1726283422665156,6.026417338500219,4.382666561814912,finite,3.964757709251102,1.4,2.0,1.1540428938368295,5.691447206205326,4.273451795272805,finite,3.8571428571428577
60,0.9,two_tap,0.05,3,0.02,64,0.010314235260953241,19.000000000000004,361.0000000000001,1512.3302105910084,1378.1548250265112,39.979425792574595,44.31624039358165,44.31624039358165,False,False,1.8142948038176032,2.8,1.3124395768642458,38.16730981050139,22.158120196790826,finite,19.989712896287298,1.72,2.8,1.2769696714719687,36.045832305967075,22.10517169405091,finite,19.883720930232563
61,0.0,two_tap,0.05,3,0.02,256,0.004793458799306484,1.0,1.0,3.9865778417982844,3.8176033934252374,3.817603393425239,3.985980659600128,3.985980659600128,False,False,0.9999999999999999,1.0,0.9904130824013869,1.9549602353931956,1.992990329800064,finite,1.9088016967126196,0.9999999999999999,1.0,0.9904130824013869,1.8448316936081972,1.8807194432424457,finite,1.8000000000000005
61,0.5,two_tap,0.05,3,0.02,256,0.004793458799306484,3.0,9.0,35.87920057618456,34.358430540827136,7.929515418502204,8.307652381826689,8.307652381826689,False,False,1.444326617179215,2.0,1.1882434561602975,5.864880706179587,4.153826190913344,finite,3.964757709251102,1.4,2.0,1.1696580077306113,5.534495080824591,4.045388251743529,finite,3.8571428571428577
61,0.9,two_tap,0.05,3,0.02,256,0.004793458799306484,19.000000000000004,361.0000000000001,1439.1546008891812,1378.1548250265112,39.979425792574595,41.93923214451982,41.93923214451982,False,False,1.8142948038176032,2.8,1.3309156287878061,37.144244472470724,20.96961607225991,finite,19.989712896287298,1.72,2.8,1.295445723395529,35.051802178555754,20.88680002637199,finite,19.883720930232563
62,0.0,two_tap,0.05,3,0.02,1024,0.0023154118295730026,1.0,1.0,3.898655543151422,3.8176033934252374,3.817603393425239,3.8980771581465428,3.8980771581465428,False,False,0.9999999999999999,1.0,0.9953691763408539,1.9310290673560675,1.9490385790732714,finite,1.9088016967126196,0.9999999999999999,1.0,0.9953691763408539,1.8215864570766014,1.8385752653743128,finite,1.8000000000000005
62,0.5,two_tap,0.05,3,0.02,1024,0.0023154118295730026,3.0,9.0,35.0878998883628,34.358430540827136,7.929515418502204,8.109998799036317,8.109998799036317,False,False,1.444326617179215,2.0,1.1952524314258868,5.793087202068202,4.054999399518159,finite,3.964757709251102,1.4,2.0,1.1766669829962006,5.464759371229804,3.9469707562788443,finite,3.8571428571428577
62,0.9,two_tap,0.05,3,0.02,1024,0.0023154118295730026,19.000000000000004,361.0000000000001,1407.4146510776636,1378.1548250265112,39.979425792574595,40.91436778405047,40.91436778405047,False,False,1.8142948038176032,2.8,1.3392087601616058,36.68955227976529,20.457183892025235,finite,19.989712896287298,1.72,2.8,1.3037388547693287,34.61014268445543,20.362081533433706,finite,19.883720930232563
63,0.0,two_tap,0.05,3,0.02,4096,0.0011383929673098754,1.0,1.0,3.8575404244203972,3.8176033934252374,3.817603393425239,3.856970807542692,3.856970807542692,False,False,0.9999999999999999,1.0,0.9977232140653801,1.9197139036807895,1.928485403771346,finite,1.9088016967126196,0.9999999999999999,1.0,0.9977232140653801,1.8105970960717703,1.8188700228665933,finite,1.8000000000000005
63,0.5,two_tap,0.05,3,0.02,4096,0.0011383929673098754,3.0,9.0,34.717863819783574,34.358430540827136,7.929515418502204,8.01775144871755,8.01775144871755,False,False,1.444326617179215,2.0,1.1985815435022498,5.759141711042369,4.008875724358775,finite,3.964757709251102,1.4,2.0,1.1799960950725636,5.431791288215311,3.9010537480744762,finite,3.8571428571428577
63,0.9,two_tap,0.05,3,0.02,4096,0.0011383929673098754,19.000000000000004,361.0000000000001,1392.5720932157637,1378.1548250265112,39.979425792574595,40.436400068615164,40.436400068615164,False,False,1.8142948038176032,2.8,1.3431478186917345,36.47456416993501,20.218200034307582,finite,19.989712896287298,1.72,2.8,1.3076779132994574,34.401344825363644,20.1174922793719,finite,19.883720930232563
64,0.0,two_tap,0.05,3,0.02,16384,0.0005644856090367992,1.0,1.0,3.8376418976979925,3.8176033934252374,3.817603393425239,3.8370765192067533,3.8370765192067533,False,False,0.9999999999999999,1.0,0.9988710287819262,1.914208755974488,1.9185382596033767,finite,1.9088016967126196,0.9999999999999999,1.0,0.9988710287819262,1.8052508077991698,1.8093338733995263,finite,1.8000000000000005
64,0.5,two_tap,0.05,3,0.02,16384,0.0005644856090367992,3.0,9.0,34.538777079281935,34.358430540827136,7.929515418502204,7.973148101162939,7.973148101162939,False,False,1.444326617179215,2.0,1.2002047986414808,5.742626267923464,3.9865740505814693,finite,3.964757709251102,1.4,2.0,1.1816193502117947,5.415752423397509,3.8788556157204144,finite,3.8571428571428577
64,0.9,two_tap,0.05,3,0.02,16384,0.0005644856090367992,19.000000000000004,361.0000000000001,1385.3887250689756,1378.1548250265112,39.979425792574595,40.20537375123244,40.20537375123244,False,False,1.8142948038176032,2.8,1.345068480074138,36.36996636351528,20.10268687561622,finite,19.989712896287298,1.72,2.8,1.3095985746818608,34.29976534818423,19.999298452468054,finite,19.883720930232563
65,0.0,two_tap,0.05,3,0.1,64,0.051571176304766216,1.0,1.0,6.0,3.8176033934252374,3.817603393425239,6.0529449195366,6.0,True,False,0.9999999999999999,1.0,0.8968576473904675,2.43435413841428,3.0264724597683,finite,1.9088016967126196,0.9999999999999999,1.0,0.8968576473904675,2.311277371439934,2.8734592067632074,finite,1.8000000000000005
65,0.5,two_tap,0.05,3,0.1,64,0.051571176304766216,3.0,9.0,54.0,34.358430540827136,7.929515418502204,13.099651440998029,13.099651440998029,False,False,1.444326617179215,2.0,1.0559360911341407,7.30306241524284,6.5498257204990145,finite,3.964757709251102,1.4,2.0,1.0373506427044545,6.933832114319802,6.443504874055631,finite,3.8571428571428577
65,0.9,two_tap,0.05,3,0.1,64,0.051571176304766216,19.000000000000004,361.0000000000001,2166.000000000001,1378.1548250265112,39.979425792574595,67.71211133902874,67.71211133902874,False,False,1.8142948038176032,2.8,1.1743674433105205,46.25272862987133,33.537397068030195,finite,19.989712896287298,1.72,2.8,1.1388975379182433,43.914270057358756,33.85605566951437,finite,19.883720930232563
66,0.0,two_tap,0.05,3,0.1,256,0.023967293996532427,1.0,1.0,4.733860265663,3.8176033934252374,3.817603393425239,4.7331009872539065,4.7331009872539065,False,False,0.9999999999999999,1.0,0.9520654120069351,2.1451089294580563,2.3665504936269532,finite,1.9088016967126196,0.9999999999999999,1.0,0.9520654120069351,2.02967300738354,2.239198015337309,finite,1.8000000000000005
66,0.5,two_tap,0.05,3,0.1,256,0.023967293996532427,3.0,9.0,42.604742390967,34.358430540827136,7.929515418502204,10.008420887036142,10.008420887036142,False,False,1.444326617179215,2.0,1.1340116606030504,6.435326788374169,5.004210443518071,finite,3.964757709251102,1.4,2.0,1.1154262121733642,6.0890190221506195,4.894018860217184,finite,3.8571428571428577
66,0.9,two_tap,0.05,3,0.1,256,0.023967293996532427,19.000000000000004,361.0000000000001,1708.9235559043436,1378.1548250265112,39.979425792574595,50.874198016852134,50.874198016852134,False,False,1.8142948038176032,2.8,1.266747702928322,40.75706965970308,25.399355741459658,finite,19.989712896287298,1.72,2.8,1.231277797536045,38.56378714028727,25.437099008426067,finite,19.883720930232563
67,0.0,two_tap,0.05,3,0.1,1024,0.011577059147865014,1.0,1.0,4.237008580341206,3.8176033934252374,3.817603393425239,4.236357522464978,4.236357522464978,False,False,0.9999999999999999,1.0,0.9768458817042699,2.0212252215955875,2.118178761232489,finite,1.9088016967126196,0.9999999999999999,1.0,0.9768458817042699,1.909218957048733,2.000799812982058,finite,1.8000000000000005
67,0.5,two_tap,0.05,3,0.1,1024,0.011577059147865014,3.0,9.0,38.13307722307085,34.358430540827136,7.929515418502204,8.873499516205326,8.873499516205326,False,False,1.444326617179215,2.0,1.1690565369309969,6.0636756647867625,4.436749758102663,finite,3.964757709251102,1.4,2.0,1.1504710885013107,5.727656871146199,4.327385386277959,finite,3.8571428571428577
67,0.9,two_tap,0.05,3,0.1,1024,0.011577059147865014,19.000000000000004,361.0000000000001,1529.5600975031757,1378.1548250265112,39.979425792574595,44.87879066670259,44.87879066670259,False,False,1.8142948038176032,2.8,1.30821335979732,38.40327921031617,22.439395333351296,finite,19.989712896287298,1.72,2.8,1.2727434544050429,36.275160183925934,22.393789652379375,finite,19.883720930232563
68,0.0,two_tap,0.05,3,0.1,4096,0.0056919648365493765,1.0,1.0,4.018919312327178,3.8176033934252374,3.817603393425239,4.018315199934212,4.018315199934212,False,False,0.9999999999999999,1.0,0.9886160703269011,1.9636737568049953,2.009157599967106,finite,1.9088016967126196,0.9999999999999999,1.0,0.9886160703269011,1.8532965056103756,1.896223721652221,finite,1.8000000000000005
68,0.5,two_tap,0.05,3,0.1,4096,0.0056919648365493765,3.0,9.0,36.1702738109446,34.358430540827136,7.929515418502204,8.380489964619878,8.380489964619878,False,False,1.444326617179215,2.0,1.1857020973128116,5.891021270414986,4.190244982309939,finite,3.964757709251102,1.4,2.0,1.1671166488831255,5.559889516831127,4.081667590107671,finite,3.8571428571428577
68,0.9,two_tap,0.05,3,0.1,4096,0.0056919648365493765,19.000000000000004,361.0000000000001,1450.8298717501116,1378.1548250265112,39.979425792574595,42.31716173264097,42.31716173264097,False,False,1.8142948038176032,2.8,1.3279086524479635,37.30980137929492,21.158580866320484,finite,19.989712896287298,1.72,2.8,1.2924387470556864,35.212633606597144,21.08038647120653,finite,19.883720930232563
69,0.0,two_tap,0.05,3,0.1,16384,0.002822428045183996,1.0,1.0,3.91649386626918,3.8176033934252374,3.817603393425239,3.915911672698219,3.915911672698219,False,False,0.9999999999999999,1.0,0.9943551439096319,1.935913467582637,1.9579558363491094,finite,1.9088016967126196,0.9999999999999999,1.0,0.9943551439096319,1.8263305135565224,1.8471251675239553,finite,1.8000000000000005
69,0.5,two_tap,0.05,3,0.1,16384,0.002822428045183996,3.0,9.0,35.24844479642262,34.358430540827136,7.929515418502204,8.15005753391298,8.15005753391298,False,False,1.444326617179215,2.0,1.1938183730089664,5.807740402747911,4.07502876695649,finite,3.964757709251102,1.4,2.0,1.1752329245792803,5.4789915406695675,3.9669134957393672,finite,3.8571428571428577
69,0.9,two_tap,0.05,3,0.1,16384,0.002822428045183996,19.000000000000004,361.0000000000001,1413.8542857231744,1378.1548250265112,39.979425792574595,41.12199631290552,41.12199631290552,False,False,1.8142948038176032,2.8,1.3375119593599807,36.782355884070114,20.56099815645276,finite,19.989712896287298,1.72,2.8,1.3020420539677036,34.70027975757393,20.46835558540703,finite,19.883720930232563
70,0.0,two_tap,0.1,3,0.02,64,0.010314235260953241,1.0,1.0,4.422764056107587,4.035874439461885,4.035874439461884,4.422005591951269,4.422005591951269,False,False,1.0000000000000002,1.0,0.9793715294780935,2.120724440387262,2.2110027959756344,finite,2.017937219730942,0.9999999999999999,1.0,0.9793715294780934,1.8971490687351087,1.9779099139301326,finite,1.8000000000000005
70,0.5,two_tap,0.1,3,0.02,64,0.010314235260953241,3.0,9.0,39.804876504968284,36.32286995515697,8.13253012048193,8.970607408807387,8.970607408807387,False,False,1.4887892376681617,2.0,1.19098645042334,6.3621733211617855,4.485303704403694,finite,4.066265060240965,1.4,2.0,1.1540428938368295,5.691447206205326,4.273451795272805,finite,3.8571428571428577
70,0.9,two_tap,0.1,3,0.02,64,0.010314235260953241,19.000000000000004,361.0000000000001,1596.6178242548394,1456.950672645741,40.17102048487126,44.40845948094674,44.40845948094674,False,False,1.9088789237668167,2.8,1.3471038120406342,40.29376436735798,22.20422974047337,finite,20.08551024243563,1.72,2.8,1.2769696714719687,36.045832305967075,22.10517169405091,finite,19.883720930232563
71,0.0,two_tap,0.1,3,0.02,256,0.004793458799306484,1.0,1.0,4.211845381172335,4.035874439461885,4.035874439461884,4.211134965870075,4.211134965870075,False,False,1.0000000000000002,1.0,0.990413082401387,2.0653891995993208,2.1055674829350375,finite,2.017937219730942,0.9999999999999999,1.0,0.9904130824013869,1.8448316936081972,1.8807194432424457,finite,1.8000000000000005
71,0.5,two_tap,0.1,3,0.02,256,0.004793458799306484,3.0,9.0,37.90660843055102,36.32286995515697,8.13253012048193,8.511877876518039,8.511877876518039,False,False,1.4887892376681617,2.0,1.206601564317122,6.196167598797962,4.255938938259019,finite,4.066265060240965,1.4,2.0,1.1696580077306113,5.534495080824591,4.045388251743529,finite,3.8571428571428577
71,0.9,two_tap,0.1,3,0.02,256,0.004793458799306484,19.000000000000004,361.0000000000001,1520.4761826032134,1456.950672645741,40.17102048487126,42.08732171280151,42.08732171280151,False,False,1.9088789237668167,2.8,1.3655798639641945,39.2423947923871,21.043660856400756,finite,20.08551024243563,1.72,2.8,1.295445723395529,35.051802178555754,20.88680002637199,finite,19.883720930232563
72,0.0,two_tap,0.1,3,0.02,1024,0.0023154118295730026,1.0,1.0,4.120334756590026,4.035874439461885,4.035874439461884,4.1196450934318225,4.1196450934318225,False,False,1.0000000000000002,1.0,0.995369176340854,2.04078936867175,2.0598225467159113,finite,2.017937219730942,0.9999999999999999,1.0,0.9953691763408539,1.8215864570766014,1.8385752653743128,finite,1.8000000000000005
72,0.5,two_tap,0.1,3,0.02,1024,0.0023154118295730026,3.0,9.0,37.08301280931023,36.32286995515697,8.13253012048193,8.313631196536997,8.313631196536997,False,False,1.4887892376681617,2.0,1.2136105395827113,6.122368106015251,4.156815598268499,finite,4.066265060240965,1.4,2.0,1.1766669829962006,5.464759371229804,3.9469707562788443,finite,3.8571428571428577
72,0.9,two_tap,0.1,3,0.02,1024,0.0023154118295730026,19.000000000000004,361.0000000000001,1487.4408471289998,1456.950672645741,40.17102048487126,41.08550272860841,41.08550272860841,False,False,1.9088789237668167,2.8,1.3738729953379942,38.77499800476326,20.542751364304205,finite,20.08551024243563,1.72,2.8,1.3037388547693287,34.61014268445543,20.362081533433706,finite,19.883720930232563
73,0.0,two_tap,0.1,3,0.02,4096,0.0011383929673098754,1.0,1.0,4.077536312092558,4.035874439461885,4.035874439461884,4.0768563339877275,4.0768563339877275,False,False,1.0000000000000002,1.0,0.9977232140653802,2.0291566045457308,2.0384281669938638,finite,2.017937219730942,0.9999999999999999,1.0,0.9977232140653801,1.8105970960717703,1.8188700228665933,finite,1.8000000000000005
73,0.5,two_tap,0.1,3,0.02,4096,0.0011383929673098754,3.0,9.0,36.69782680883303,36.32286995515697,8.13253012048193,8.221077311222963,8.221077311222963,False,False,1.4887892376681617,2.0,1.2169396516590743,6.087469813637192,4.110538655611482,finite,4.066265060240965,1.4,2.0,1.1799960950725636,5.431791288215311,3.9010537480744762,finite,3.8571428571428577
73,0.9,two_tap,0.1,3,0.02,4096,0.0011383929673098754,19.000000000000004,361.0000000000001,1471.990608665414,1456.950672645741,40.17102048487126,40.61806243205356,40.61806243205356,False,False,1.9088789237668167,2.8,1.3778120538681229,38.55397548636889,20.30903121602678,finite,20.08551024243563,1.72,2.8,1.3076779132994574,34.401344825363644,20.1174922793719,finite,19.883720930232563
74,0.0,two_tap,0.1,3,0.02,16384,0.0005644856090367992,1.0,1.0,4.056821864431888,4.035874439461885,4.035874439461884,4.056146569116534,4.056146569116534,False,False,1.0000000000000002,1.0,0.9988710287819264,2.023496596759004,2.028073284558267,finite,2.017937219730942,0.9999999999999999,1.0,0.9988710287819262,1.8052508077991698,1.8093338733995263,finite,1.8000000000000005
74,0.5,two_tap,0.1,3,0.02,16384,0.0005644856090367992,3.0,9.0,36.511396779886994,36.32286995515697,8.13253012048193,8.176318877497138,8.176318877497138,False,False,1.4887892376681617,2.0,1.2185629067983053,6.070489790277012,4.088159438748569,finite,4.066265060240965,1.4,2.0,1.1816193502117947,5.415752423397509,3.8788556157204144,finite,3.8571428571428577
74,0.9,two_tap,0.1,3,0.02,16384,0.0005644856090367992,19.000000000000004,361.0000000000001,1464.512693059912,1456.950672645741,40.17102048487126,40.39207375690792,40.39207375690792,False,False,1.9088789237668167,2.8,1.3797327152505263,38.44643533842109,20.19603687845396,finite,20.08551024243563,1.72,2.8,1.3095985746818608,34.29976534818423,19.999298452468054,finite,19.883720930232563
75,0.0,two_tap,0.1,3,0.1,64,0.051571176304766216,1.0,1.0,6.0,4.035874439461885,4.035874439461884,6.358907884809393,6.0,True,False,1.0000000000000002,1.0,0.8968576473904676,2.5574053507769317,3.1794539424046966,finite,2.017937219730942,0.9999999999999999,1.0,0.8968576473904675,2.311277371439934,2.8734592067632074,finite,1.8000000000000005
75,0.5,two_tap,0.1,3,0.1,64,0.051571176304766216,3.0,9.0,54.0,36.32286995515697,8.13253012048193,13.295490327248238,13.295490327248238,False,False,1.4887892376681617,2.0,1.0742941992909651,7.6722160523307945,6.647745163624119,finite,4.066265060240965,1.4,2.0,1.0373506427044545,6.933832114319802,6.443504874055631,finite,3.8571428571428577
75,0.9,two_tap,0.1,3,0.1,64,0.051571176304766216,19.000000000000004,361.0000000000001,2166.000000000001,1456.950672645741,40.17102048487126,67.71211133902874,67.71211133902874,False,False,1.9088789237668167,2.8,1.2090316784869088,48.59070166476171,33.241285476169985,finite,20.08551024243563,1.72,2.8,1.1388975379182433,43.914270057358756,33.85605566951437,finite,19.883720930232563
76,0.0,two_tap,0.1,3,0.1,256,0.023967293996532427,1.0,1.0,4.989062834622765,4.035874439461885,4.035874439461884,4.988173996854139,4.988173996854139,False,False,1.0000000000000002,1.0,0.9520654120069352,2.26071165841539,2.4940869984270697,finite,2.017937219730942,0.9999999999999999,1.0,0.9520654120069351,2.02967300738354,2.239198015337309,finite,1.8000000000000005
76,0.5,two_tap,0.1,3,0.1,256,0.023967293996532427,3.0,9.0,44.901565511604886,36.32286995515697,8.13253012048193,10.21439648073921,10.21439648073921,False,False,1.4887892376681617,2.0,1.1523697687598748,6.782134975246169,5.107198240369605,finite,4.066265060240965,1.4,2.0,1.1154262121733642,6.0890190221506195,4.894018860217184,finite,3.8571428571428577
76,0.9,two_tap,0.1,3,0.1,256,0.023967293996532427,19.000000000000004,361.0000000000001,1801.0516832988187,1456.950672645741,40.17102048487126,50.874198016852134,50.874198016852134,False,False,1.9088789237668167,2.8,1.3014119381047105,42.95352150989242,25.361165161201125,finite,20.08551024243563,1.72,2.8,1.231277797536045,38.56378714028727,25.437099008426067,finite,19.883720930232563
77,0.0,two_tap,0.1,3,0.1,1024,0.011577059147865014,1.0,1.0,4.47241582260658,4.035874439461885,4.035874439461884,4.4716460049285285,4.4716460049285285,False,False,1.0000000000000002,1.0,0.97684588170427,2.1334846361007083,2.2358230024642642,finite,2.017937219730942,0.9999999999999999,1.0,0.9768458817042699,1.909218957048733,2.000799812982058,finite,1.8000000000000005
77,0.5,two_tap,0.1,3,0.1,1024,0.011577059147865014,3.0,9.0,40.25174240345922,36.32286995515697,8.13253012048193,9.078957184881949,9.078957184881949,False,False,1.4887892376681617,2.0,1.1874146450878214,6.400453908302125,4.539478592440974,finite,4.066265060240965,1.4,2.0,1.1504710885013107,5.727656871146199,4.327385386277959,finite,3.8571428571428577
77,0.9,two_tap,0.1,3,0.1,1024,0.011577059147865014,19.000000000000004,361.0000000000001,1614.542111960976,1456.950672645741,40.17102048487126,44.957304085329994,44.957304085329994,False,False,1.9088789237668167,2.8,1.3428775949737084,40.536208085913465,22.478652042664997,finite,20.08551024243563,1.72,2.8,1.2727434544050429,36.275160183925934,22.393789652379375,finite,19.883720930232563
78,0.0,two_tap,0.1,3,0.1,4096,0.0056919648365493765,1.0,1.0,4.245502968409995,4.035874439461885,4.035874439461884,4.244784905763355,4.244784905763355,False,False,1.0000000000000002,1.0,0.9886160703269012,2.074345169056408,2.1223924528816775,finite,2.017937219730942,0.9999999999999999,1.0,0.9886160703269011,1.8532965056103756,1.896223721652221,finite,1.8000000000000005
78,0.5,two_tap,0.1,3,0.1,4096,0.0056919648365493765,3.0,9.0,38.209526715689954,36.32286995515697,8.13253012048193,8.58491240956991,8.58491240956991,False,False,1.4887892376681617,2.0,1.204060205469636,6.223035507169224,4.292456204784955,finite,4.066265060240965,1.4,2.0,1.1671166488831255,5.559889516831127,4.081667590107671,finite,3.8571428571428577
78,0.9,two_tap,0.1,3,0.1,4096,0.0056919648365493765,19.000000000000004,361.0000000000001,1532.6265715960087,1456.950672645741,40.17102048487126,42.45659241998003,42.45659241998003,False,False,1.9088789237668167,2.8,1.362572887624352,39.41255821207176,21.228296209990017,finite,20.08551024243563,1.72,2.8,1.2924387470556864,35.212633606597144,21.08038647120653,finite,19.883720930232563
79,0.0,two_tap,0.1,3,0.1,16384,0.002822428045183996,1.0,1.0,4.138902349013736,4.035874439461885,4.035874439461884,4.138208480015658,4.138208480015658,False,False,1.0000000000000002,1.0,0.994355143909632,2.0458105794319263,2.069104240007829,finite,2.017937219730942,0.9999999999999999,1.0,0.9943551439096319,1.8263305135565224,1.8471251675239553,finite,1.8000000000000005
79,0.5,two_tap,0.1,3,0.1,16384,0.002822428045183996,3.0,9.0,37.25012114112362,36.32286995515697,8.13253012048193,8.353817119027106,8.353817119027106,False,False,1.4887892376681617,2.0,1.212176481165791,6.1374317382957795,4.176908559513553,finite,4.066265060240965,1.4,2.0,1.1752329245792803,5.4789915406695675,3.9669134957393672,finite,3.8571428571428577
79,0.9,two_tap,0.1,3,0.1,16384,0.002822428045183996,19.000000000000004,361.0000000000001,1494.143747993959,1456.950672645741,40.17102048487126,41.28851427565372,41.28851427565372,False,False,1.9088789237668167,2.8,1.372176194536369,38.87040100920661,20.64425713782686,finite,20.08551024243563,1.72,2.8,1.3020420539677036,34.70027975757393,20.46835558540703,finite,19.883720930232563
80,0.0,no_dominant_tap,0,4,0.02,64,0.010888772503924253,1.0,1.0,5.420736410391449,4.909090909090908,4.909090909090909,5.419303952345457,5.419303952345457,False,False,1.0000000000000002,1.0,0.9782224549921515,2.592917923959425,2.7096519761727285,finite,2.4545454545454546,1.0000000000000002,1.0,0.9782224549921515,2.592917923959425,2.7096519761727285,finite,2.4545454545454546
80,0.5,no_dominant_tap,0,4,0.02,64,0.010888772503924253,3.0,9.0,48.78662769352304,44.18181818181817,8.836363636363632,9.825444540270398,9.825444540270398,False,False,1.666666666666667,2.25,1.258328131224033,7.778753771878275,4.912722270135199,finite,4.418181818181816,1.666666666666667,2.25,1.258328131224033,7.778753771878275,4.912722270135199,finite,4.418181818181816
80,0.9,no_dominant_tap,0,4,0.02,64,0.010888772503924253,19.000000000000004,361.0000000000001,1956.8858441513134,1772.1818181818185,40.77901430842608,45.535431551270925,45.535431551270925,False,False,2.2872727272727276,3.6100000000000003,1.4709958747981797,49.265440555229084,22.767715775635462,finite,20.38950715421304,2.2872727272727276,3.6100000000000003,1.4709958747981797,49.265440555229084,22.767715775635462,finite,20.38950715421304
81,0.0,no_dominant_tap,0,4,0.02,256,0.005110498392041646,1.0,1.0,5.143956664025518,4.909090909090908,4.909090909090909,5.142620629488407,5.142620629488407,False,False,1.0000000000000002,1.0,0.9897790032159167,2.5190162274678376,2.5713103147442036,finite,2.4545454545454546,1.0000000000000002,1.0,0.9897790032159167,2.5190162274678376,2.5713103147442036,finite,2.4545454545454546
81,0.5,no_dominant_tap,0,4,0.02,256,0.005110498392041646,3.0,9.0,46.29560997622966,44.18181818181817,8.836363636363632,9.287745977650216,9.287745977650216,False,False,1.666666666666667,2.25,1.2756629535596808,7.557048682403513,4.643872988825108,finite,4.418181818181816,1.666666666666667,2.25,1.2756629535596808,7.557048682403513,4.643872988825108,finite,4.418181818181816
81,0.9,no_dominant_tap,0,4,0.02,256,0.005110498392041646,19.000000000000004,361.0000000000001,1856.9683557132128,1772.1818181818185,40.77901430842608,42.94593931858595,42.94593931858595,False,False,2.2872727272727276,3.6100000000000003,1.4929533164233335,47.86130832188892,21.472969659292975,finite,20.38950715421304,2.2872727272727276,3.6100000000000003,1.4929533164233335,47.86130832188892,21.472969659292975,finite,20.38950715421304
82,0.0,no_dominant_tap,0,4,0.02,1024,0.002479986794562637,1.0,1.0,5.022433818966585,4.909090909090908,4.909090909090909,5.021139917260292,5.021139917260292,False,False,1.0000000000000002,1.0,0.9950400264108747,2.4857270006333696,2.510569958630146,finite,2.4545454545454546,1.0000000000000002,1.0,0.9950400264108747,2.4857270006333696,2.510569958630146,finite,2.4545454545454546
82,0.5,no_dominant_tap,0,4,0.02,1024,0.002479986794562637,3.0,9.0,45.20190437069926,44.18181818181817,8.836363636363632,9.052656900903303,9.052656900903303,False,False,1.666666666666667,2.25,1.283554488352118,7.457181001900109,4.526328450451651,finite,4.418181818181816,1.666666666666667,2.25,1.283554488352118,7.457181001900109,4.526328450451651,finite,4.418181818181816
82,0.9,no_dominant_tap,0,4,0.02,1024,0.002479986794562637,19.000000000000004,361.0000000000001,1813.0986086469377,1772.1818181818185,40.77901430842608,41.81656819560835,41.81656819560835,False,False,2.2872727272727276,3.6100000000000003,1.5029492604937538,47.22881301203403,20.908284097804174,finite,20.38950715421304,2.2872727272727276,3.6100000000000003,1.5029492604937538,47.22881301203403,20.908284097804174,finite,20.38950715421304
83,0.0,no_dominant_tap,0,4,0.02,4096,0.0012220560514454855,1.0,1.0,4.965281861350631,4.909090909090908,4.909090909090909,4.964007729907316,4.964007729907316,False,False,1.0000000000000002,1.0,0.997555887897109,2.4698861002888526,2.482003864953658,finite,2.4545454545454546,1.0000000000000002,1.0,0.997555887897109,2.4698861002888526,2.482003864953658,finite,2.4545454545454546
83,0.5,no_dominant_tap,0,4,0.02,4096,0.0012220560514454855,3.0,9.0,44.68753675215568,44.18181818181817,8.836363636363632,8.94230659996439,8.94230659996439,False,False,1.666666666666667,2.25,1.2873282805814694,7.409658300866558,4.471153299982195,finite,4.418181818181816,1.666666666666667,2.25,1.2873282805814694,7.409658300866558,4.471153299982195,finite,4.418181818181816
83,0.9,no_dominant_tap,0,4,0.02,4096,0.0012220560514454855,19.000000000000004,361.0000000000001,1792.4667519475784,1772.1818181818185,40.77901430842608,41.28703708197116,41.28703708197116,False,False,2.2872727272727276,3.6100000000000003,1.507729397317599,46.92783590548821,20.64351854098558,finite,20.38950715421304,2.2872727272727276,3.6100000000000003,1.507729397317599,46.92783590548821,20.64351854098558,finite,20.38950715421304
84,0.0,no_dominant_tap,0,4,0.02,16384,0.0006066455608082006,1.0,1.0,4.937545152102235,4.909090909090908,4.909090909090909,4.936280604940143,4.936280604940143,False,False,1.0000000000000002,1.0,0.9987867088783836,2.46215479032678,2.4681403024700717,finite,2.4545454545454546,1.0000000000000002,1.0,0.9987867088783836,2.46215479032678,2.4681403024700717,finite,2.4545454545454546
84,0.5,no_dominant_tap,0,4,0.02,16384,0.0006066455608082006,3.0,9.0,44.43790636892011,44.18181818181817,8.836363636363632,8.888800966198094,8.888800966198094,False,False,1.666666666666667,2.25,1.2891745120533813,7.38646437098034,4.444400483099047,finite,4.418181818181816,1.666666666666667,2.25,1.2891745120533813,7.38646437098034,4.444400483099047,finite,4.418181818181816
84,0.9,no_dominant_tap,0,4,0.02,16384,0.0006066455608082006,19.000000000000004,361.0000000000001,1782.4537999089073,1772.1818181818185,40.77901430842608,41.030420219065626,41.030420219065626,False,False,2.2872727272727276,3.6100000000000003,1.5100679571820206,46.78094101620883,20.515210109532813,finite,20.38950715421304,2.2872727272727276,3.6100000000000003,1.5100679571820206,46.78094101620883,20.515210109532813,finite,20.38950715421304
85,0.0,no_dominant_tap,0,4,0.1,64,0.05444386251962126,1.0,1.0,8.0,4.909090909090908,4.909090909090909,8.020210461458973,8.0,True,False,1.0000000000000002,1.0,0.8911122749607575,3.184348718940817,4.010105230729486,finite,2.4545454545454546,1.0000000000000002,1.0,0.8911122749607575,3.184348718940817,4.010105230729486,finite,2.4545454545454546
85,0.5,no_dominant_tap,0,4,0.1,64,0.05444386251962126,3.0,9.0,72.0,44.18181818181817,8.836363636363632,15.0249597351477,15.0249597351477,False,False,1.666666666666667,2.25,1.1276628611769421,9.55304615682245,7.51247986757385,finite,4.418181818181816,1.666666666666667,2.25,1.1276628611769421,9.55304615682245,7.51247986757385,finite,4.418181818181816
85,0.9,no_dominant_tap,0,4,0.1,64,0.05444386251962126,19.000000000000004,361.0000000000001,2888.000000000001,1772.1818181818185,40.77901430842608,71.00017610287951,71.00017610287951,False,False,2.2872727272727276,3.6100000000000003,1.305486532738531,60.502625659875534,35.500088051439754,finite,20.38950715421304,2.2872727272727276,3.6100000000000003,1.305486532738531,60.502625659875534,35.500088051439754,finite,20.38950715421304
86,0.0,no_dominant_tap,0,4,0.1,256,0.025552491960208236,1.0,1.0,6.18840083580603,4.909090909090908,4.909090909090909,6.186697918817573,6.186697918817573,False,False,1.0000000000000002,1.0,0.9488950160795835,2.7852568211781894,3.0933489594087864,finite,2.4545454545454546,1.0000000000000002,1.0,0.9488950160795835,2.7852568211781894,3.0933489594087864,finite,2.4545454545454546
86,0.5,no_dominant_tap,0,4,0.1,256,0.025552491960208236,3.0,9.0,55.69560752225427,44.18181818181817,8.836363636363632,11.332821818179264,11.332821818179264,False,False,1.666666666666667,2.25,1.2143369728551812,8.355770463534569,5.666410909089632,finite,4.418181818181816,1.666666666666667,2.25,1.2143369728551812,8.355770463534569,5.666410909089632,finite,4.418181818181816
86,0.9,no_dominant_tap,0,4,0.1,256,0.025552491960208236,19.000000000000004,361.0000000000001,2234.0127017259774,1772.1818181818185,40.77901430842608,52.840624964069576,52.840624964069576,False,False,2.2872727272727276,3.6100000000000003,1.4152737408643006,52.919879602385606,26.420312482034788,finite,20.38950715421304,2.2872727272727276,3.6100000000000003,1.4152737408643006,52.919879602385606,26.420312482034788,finite,20.38950715421304
87,0.0,no_dominant_tap,0,4,0.1,1024,0.012399933972813186,1.0,1.0,5.495421294421022,4.909090909090908,4.909090909090909,5.493962712757953,5.493962712757953,False,False,1.0000000000000002,1.0,0.9752001320543736,2.6124212920254144,2.7469813563789764,finite,2.4545454545454546,1.0000000000000002,1.0,0.9752001320543736,2.6124212920254144,2.7469813563789764,finite,2.4545454545454546
87,0.5,no_dominant_tap,0,4,0.1,1024,0.012399933972813186,3.0,9.0,49.4587916497892,44.18181818181817,8.836363636363632,9.971067186819724,9.971067186819724,False,False,1.666666666666667,2.25,1.2537946468173662,7.837263876076243,4.985533593409862,finite,4.418181818181816,1.666666666666667,2.25,1.2537946468173662,7.837263876076243,4.985533593409862,finite,4.418181818181816
87,0.9,no_dominant_tap,0,4,0.1,1024,0.012399933972813186,19.000000000000004,361.0000000000001,1983.8470872859896,1772.1818181818185,40.77901430842608,46.23824049040158,46.23824049040158,False,False,2.2872727272727276,3.6100000000000003,1.4652534612164017,49.63600454848288,23.11912024520079,finite,20.38950715421304,2.2872727272727276,3.6100000000000003,1.4652534612164017,49.63600454848288,23.11912024520079,finite,20.38950715421304
88,0.0,no_dominant_tap,0,4,0.1,4096,0.006110280257227428,1.0,1.0,5.1908680575931045,4.909090909090908,4.909090909090909,5.1895157246964505,5.1895157246964505,False,False,1.0000000000000002,1.0,0.9877794394855451,2.5317265779801628,2.5947578623482253,finite,2.4545454545454546,1.0000000000000002,1.0,0.9877794394855451,2.5317265779801628,2.5947578623482253,finite,2.4545454545454546
88,0.5,no_dominant_tap,0,4,0.1,4096,0.006110280257227428,3.0,9.0,46.717812518337944,44.18181818181817,8.836363636363632,9.378660177495101,9.378660177495101,False,False,1.666666666666667,2.25,1.2726636079641236,7.595179733940489,4.689330088747551,finite,4.418181818181816,1.666666666666667,2.25,1.2726636079641236,7.595179733940489,4.689330088747551,finite,4.418181818181816
88,0.9,no_dominant_tap,0,4,0.1,4096,0.006110280257227428,19.000000000000004,361.0000000000001,1873.9033687911112,1772.1818181818185,40.77901430842608,43.38315054629428,43.38315054629428,False,False,2.2872727272727276,3.6100000000000003,1.4891541453356276,48.1028049816231,21.69157527314714,finite,20.38950715421304,2.2872727272727276,3.6100000000000003,1.4891541453356276,48.1028049816231,21.69157527314714,finite,20.38950715421304
89,0.0,no_dominant_tap,0,4,0.1,16384,0.0030332278040410034,1.0,1.0,5.047765033033864,4.909090909090908,4.909090909090909,5.046462359401253,5.046462359401253,False,False,1.0000000000000002,1.0,0.993933544391918,2.492709899479746,2.5232311797006264,finite,2.4545454545454546,1.0000000000000002,1.0,0.993933544391918,2.492709899479746,2.5232311797006264,finite,2.4545454545454546
89,0.5,no_dominant_tap,0,4,0.1,16384,0.0030332278040410034,3.0,9.0,45.42988529730477,44.18181818181817,8.836363636363632,9.10161038607468,9.10161038607468,False,False,1.666666666666667,2.25,1.2818947653236827,7.478129698439238,4.55080519303734,finite,4.418181818181816,1.666666666666667,2.25,1.2818947653236827,7.478129698439238,4.55080519303734,finite,4.418181818181816
89,0.9,no_dominant_tap,0,4,0.1,16384,0.0030332278040410034,19.000000000000004,361.0000000000001,1822.2431769252253,1772.1818181818185,40.77901430842608,42.051599947645144,42.051599947645144,False,False,2.2872727272727276,3.6100000000000003,1.500846944657736,47.36148809011518,21.025799973822572,finite,20.38950715421304,2.2872727272727276,3.6100000000000003,1.500846944657736,47.36148809011518,21.025799973822572,finite,20.38950715421304
90,0.0,no_dominant_tap,0.025,4,0.02,64,0.010888772503924253,1.0,1.0,5.524044158886137,5.00521376433785,5.00521376433785,5.522533328185503,5.522533328185503,False,False,1.0000000000000004,1.0,0.9782224549921518,2.64230900835855,2.7612666640927515,finite,2.502606882168925,1.0000000000000002,1.0,0.9782224549921515,2.592917923959425,2.7096519761727285,finite,2.4545454545454546
90,0.5,no_dominant_tap,0.025,4,0.02,64,0.010888772503924253,3.0,9.0,49.71639742997523,45.046923879040655,8.923366459342224,9.914543964506365,9.914543964506365,False,False,1.6827327849225664,2.25,1.2645355884853493,7.926927025075649,4.957271982253182,finite,4.461683229671112,1.666666666666667,2.25,1.258328131224033,7.778753771878275,4.912722270135199,finite,4.418181818181816
90,0.9,no_dominant_tap,0.025,4,0.02,64,0.010888772503924253,19.000000000000004,361.0000000000001,1994.179941357896,1806.8821689259646,40.85987333439266,45.57968175272158,45.57968175272158,False,False,2.3274438651372966,3.6100000000000003,1.484218897155219,50.203871158812454,22.78984087636079,finite,20.42993666719633,2.2872727272727276,3.6100000000000003,1.4709958747981797,49.265440555229084,22.767715775635462,finite,20.38950715421304
91,0.0,no_dominant_tap,0.025,4,0.02,256,0.005110498392041646,1.0,1.0,5.243424265652416,5.00521376433785,5.00521376433785,5.242012992296606,5.242012992296606,False,False,1.0000000000000004,1.0,0.9897790032159169,2.5677017115505194,2.621006496148303,finite,2.502606882168925,1.0000000000000002,1.0,0.9897790032159167,2.5190162274678376,2.5713103147442036,finite,2.4545454545454546
91,0.5,no_dominant_tap,0.025,4,0.02,256,0.005110498392041646,3.0,9.0,47.19081839087174,45.046923879040655,8.923366459342224,9.375783604077604,9.375783604077604,False,False,1.6827327849225664,2.25,1.281870410820997,7.703105134651558,4.687891802038802,finite,4.461683229671112,1.666666666666667,2.25,1.2756629535596808,7.557048682403513,4.643872988825108,finite,4.418181818181816
91,0.9,no_dominant_tap,0.025,4,0.02,256,0.005110498392041646,19.000000000000004,361.0000000000001,1892.8761599005227,1806.8821689259646,40.85987333439266,43.01070147215866,43.01070147215866,False,False,2.3274438651372966,3.6100000000000003,1.5061763387803728,48.786332519459876,21.50535073607933,finite,20.42993666719633,2.2872727272727276,3.6100000000000003,1.4929533164233335,47.86130832188892,21.472969659292975,finite,20.38950715421304
92,0.0,no_dominant_tap,0.025,4,0.02,1024,0.002479986794562637,1.0,1.0,5.120202931326761,5.00521376433785,5.00521376433785,5.118835176360865,5.118835176360865,False,False,1.0000000000000004,1.0,0.995040026410875,2.534091265995781,2.5594175881804326,finite,2.502606882168925,1.0000000000000002,1.0,0.9950400264108747,2.4857270006333696,2.510569958630146,finite,2.4545454545454546
92,0.5,no_dominant_tap,0.025,4,0.02,1024,0.002479986794562637,3.0,9.0,46.08182638194085,45.046923879040655,8.923366459342224,9.14017234057496,9.14017234057496,False,False,1.6827327849225664,2.25,1.2897619456134342,7.602273797987343,4.57008617028748,finite,4.461683229671112,1.666666666666667,2.25,1.283554488352118,7.457181001900109,4.526328450451651,finite,4.418181818181816
92,0.9,no_dominant_tap,0.025,4,0.02,1024,0.002479986794562637,19.000000000000004,361.0000000000001,1848.3932582089615,1806.8821689259646,40.85987333439266,41.88984395925693,41.88984395925693,False,False,2.3274438651372966,3.6100000000000003,1.516172282850793,48.14773405391985,20.944921979628464,finite,20.42993666719633,2.2872727272727276,3.6100000000000003,1.5029492604937538,47.22881301203403,20.908284097804174,finite,20.38950715421304
93,0.0,no_dominant_tap,0.025,4,0.02,4096,0.0012220560514454855,1.0,1.0,5.062249435708549,5.00521376433785,5.00521376433785,5.060902104751972,5.060902104751972,False,False,1.0000000000000004,1.0,0.9975558878971093,2.5180967564051087,2.530451052375986,finite,2.502606882168925,1.0000000000000002,1.0,0.997555887897109,2.4698861002888526,2.482003864953658,finite,2.4545454545454546
93,0.5,no_dominant_tap,0.025,4,0.02,4096,0.0012220560514454855,3.0,9.0,45.56024492137694,45.046923879040655,8.923366459342224,9.029564407546802,9.029564407546802,False,False,1.6827327849225664,2.25,1.2935357378427856,7.5542902692153255,4.514782203773401,finite,4.461683229671112,1.666666666666667,2.25,1.2873282805814694,7.409658300866558,4.471153299982195,finite,4.418181818181816
93,0.9,no_dominant_tap,0.025,4,0.02,4096,0.0012220560514454855,19.000000000000004,361.0000000000001,1827.4720462907867,1806.8821689259646,40.85987333439266,41.36421187265187,41.36421187265187,False,False,2.3274438651372966,3.6100000000000003,1.5209524196746382,47.843838371697075,20.682105936325936,finite,20.42993666719633,2.2872727272727276,3.6100000000000003,1.507729397317599,46.92783590548821,20.64351854098558,finite,20.38950715421304
94,0.0,no_dominant_tap,0.025,4,0.02,16384,0.0006066455608082006,1.0,1.0,5.03412308264952,5.00521376433785,5.00521376433785,5.032785653746245,5.032785653746245,False,False,1.0000000000000004,1.0,0.9987867088783838,2.510290297042276,2.5163928268731226,finite,2.502606882168925,1.0000000000000002,1.0,0.9987867088783836,2.46215479032678,2.4681403024700717,finite,2.4545454545454546
94,0.5,no_dominant_tap,0.025,4,0.02,16384,0.0006066455608082006,3.0,9.0,45.307107743845684,45.046923879040655,8.923366459342224,8.975930936909993,8.975930936909993,False,False,1.6827327849225664,2.25,1.2953819693146975,7.530870891126828,4.4879654684549966,finite,4.461683229671112,1.666666666666667,2.25,1.2891745120533813,7.38646437098034,4.444400483099047,finite,4.418181818181816
94,0.9,no_dominant_tap,0.025,4,0.02,16384,0.0006066455608082006,19.000000000000004,361.0000000000001,1817.3184328364773,1806.8821689259646,40.85987333439266,41.109462962771765,41.109462962771765,False,False,2.3274438651372966,3.6100000000000003,1.52329097953906,47.695515643803255,20.554731481385883,finite,20.42993666719633,2.2872727272727276,3.6100000000000003,1.5100679571820206,46.78094101620883,20.515210109532813,finite,20.38950715421304
95,0.0,no_dominant_tap,0.025,4,0.1,64,0.05444386251962126,1.0,1.0,8.0,5.00521376433785,5.00521376433785,8.15800422692181,8.0,True,False,1.0000000000000004,1.0,0.8911122749607577,3.239058430442553,4.079002113460905,finite,2.502606882168925,1.0000000000000002,1.0,0.8911122749607575,3.184348718940817,4.010105230729486,finite,2.4545454545454546
95,0.5,no_dominant_tap,0.025,4,0.1,64,0.05444386251962126,3.0,9.0,72.0,45.046923879040655,8.923366459342224,15.116221922138534,15.116221922138534,False,False,1.6827327849225664,2.25,1.1338703184382584,9.71717529132766,7.558110961069267,finite,4.461683229671112,1.666666666666667,2.25,1.1276628611769421,9.55304615682245,7.51247986757385,finite,4.418181818181816
95,0.9,no_dominant_tap,0.025,4,0.1,64,0.05444386251962126,19.000000000000004,361.0000000000001,2888.000000000001,1806.8821689259646,40.85987333439266,71.00017610287951,71.00017610287951,False,False,2.3274438651372966,3.6100000000000003,1.3187095550955703,61.54211017840852,35.38947153181299,finite,20.42993666719633,2.2872727272727276,3.6100000000000003,1.305486532738531,60.502625659875534,35.500088051439754,finite,20.38950715421304
96,0.0,no_dominant_tap,0.025,4,0.1,256,0.025552491960208236,1.0,1.0,6.30217414163076,5.00521376433785,5.00521376433785,6.300384303438534,6.300384303438534,False,False,1.0000000000000004,1.0,0.9488950160795837,2.836438531097711,3.150192151719267,finite,2.502606882168925,1.0000000000000002,1.0,0.9488950160795835,2.7852568211781894,3.0933489594087864,finite,2.4545454545454546
96,0.5,no_dominant_tap,0.025,4,0.1,256,0.025552491960208236,3.0,9.0,56.71956727467684,45.046923879040655,8.923366459342224,11.42398016452072,11.42398016452072,False,False,1.6827327849225664,2.25,1.2205444301164974,8.509315593293133,5.71199008226036,finite,4.461683229671112,1.666666666666667,2.25,1.2143369728551812,8.355770463534569,5.666410909089632,finite,4.418181818181816
96,0.9,no_dominant_tap,0.025,4,0.1,256,0.025552491960208236,19.000000000000004,361.0000000000001,2275.084865128705,1806.8821689259646,40.85987333439266,52.840624964069576,52.840624964069576,False,False,2.3274438651372966,3.6100000000000003,1.42849676322134,53.89233209085652,26.41000332937748,finite,20.42993666719633,2.2872727272727276,3.6100000000000003,1.4152737408643006,52.919879602385606,26.420312482034788,finite,20.38950715421304
97,0.0,no_dominant_tap,0.025,4,0.1,1024,0.012399933972813186,1.0,1.0,5.599758801860345,5.00521376433785,5.00521376433785,5.59822100691037,5.59822100691037,False,False,1.0000000000000004,1.0,0.9752001320543738,2.661996908343586,2.799110503455185,finite,2.502606882168925,1.0000000000000002,1.0,0.9752001320543736,2.6124212920254144,2.7469813563789764,finite,2.4545454545454546
97,0.5,no_dominant_tap,0.025,4,0.1,1024,0.012399933972813186,3.0,9.0,50.397829216743105,45.046923879040655,8.923366459342224,10.060423347727877,10.060423347727877,False,False,1.6827327849225664,2.25,1.2600021040786824,7.985990725030758,5.030211673863938,finite,4.461683229671112,1.666666666666667,2.25,1.2537946468173662,7.837263876076243,4.985533593409862,finite,4.418181818181816
97,0.9,no_dominant_tap,0.025,4,0.1,1024,0.012399933972813186,19.000000000000004,361.0000000000001,2021.512927471585,1806.8821689259646,40.85987333439266,46.27669141286654,46.27669141286654,False,False,2.3274438651372966,3.6100000000000003,1.478476483573441,50.57794125852814,23.13834570643327,finite,20.42993666719633,2.2872727272727276,3.6100000000000003,1.4652534612164017,49.63600454848288,23.11912024520079,finite,20.38950715421304
98,0.0,no_dominant_tap,0.025,4,0.1,4096,0.006110280257227428,1.0,1.0,5.290989251108768,5.00521376433785,5.00521376433785,5.28956114613166,5.28956114613166,False,False,1.0000000000000004,1.0,0.9877794394855454,2.580534148067556,2.64478057306583,finite,2.502606882168925,1.0000000000000002,1.0,0.9877794394855451,2.5317265779801628,2.5947578623482253,finite,2.4545454545454546
98,0.5,no_dominant_tap,0.025,4,0.1,4096,0.006110280257227428,3.0,9.0,47.618903259978914,45.046923879040655,8.923366459342224,9.466890153048753,9.466890153048753,False,False,1.6827327849225664,2.25,1.2788710652254398,7.741602444202668,4.733445076524377,finite,4.461683229671112,1.666666666666667,2.25,1.2726636079641236,7.595179733940489,4.689330088747551,finite,4.418181818181816
98,0.9,no_dominant_tap,0.025,4,0.1,4096,0.006110280257227428,19.000000000000004,361.0000000000001,1910.0471196502658,1806.8821689259646,40.85987333439266,43.444545428976156,43.444545428976156,False,False,2.3274438651372966,3.6100000000000003,1.502377167692667,49.030148813283574,21.722272714488078,finite,20.42993666719633,2.2872727272727276,3.6100000000000003,1.4891541453356276,48.1028049816231,21.69157527314714,finite,20.38950715421304
99,0.0,no_dominant_tap,0.025,4,0.1,16384,0.0030332278040410034,1.0,1.0,5.145888841255405,5.00521376433785,5.00521376433785,5.144512025044068,5.144512025044068,False,False,1.0000000000000004,1.0,0.9939335443919182,2.5411417225633386,2.572256012522034,finite,2.502606882168925,1.0000000000000002,1.0,0.993933544391918,2.492709899479746,2.5232311797006264,finite,2.4545454545454546
99,0.5,no_dominant_tap,0.025,4,0.1,16384,0.0030332278040410034,3.0,9.0,46.31299957129865,45.046923879040655,8.923366459342224,9.189237539000835,9.189237539000835,False,False,1.6827327849225664,2.25,1.288102222584999,7.623425167690016,4.594618769500418,finite,4.461683229671112,1.666666666666667,2.25,1.2818947653236827,7.478129698439238,4.55080519303734,finite,4.418181818181816
99,0.9,no_dominant_tap,0.025,4,0.1,16384,0.0030332278040410034,19.000000000000004,361.0000000000001,1857.6658716932018,1806.8821689259646,40.85987333439266,42.12312605057641,42.12312605057641,False,False,2.3274438651372966,3.6100000000000003,1.5140699670147753,48.28169272870344,21.061563025288205,finite,20.42993666719633,2.2872727272727276,3.6100000000000003,1.500846944657736,47.36148809011518,21.025799973822572,finite,20.38950715421304
100,0.0,no_dominant_tap,0.05,4,0.02,64,0.010888772503924253,1.0,1.0,5.625841291918769,5.099952778215017,5.099952778215016,5.624250560843313,5.624250560843313,False,False,0.9999999999999999,1.0,0.9782224549921514,2.6909765933571417,2.8121252804216565,finite,2.549976389107508,1.0000000000000002,1.0,0.9782224549921515,2.592917923959425,2.7096519761727285,finite,2.4545454545454546
100,0.5,no_dominant_tap,0.05,4,0.02,64,0.010888772503924253,3.0,9.0,50.632571627268916,45.899575003935155,9.007506255212675,10.000611348784927,10.000611348784927,False,False,1.6985676058555013,2.25,1.2706247496929024,8.072929780071425,5.000305674392464,finite,4.503753127606338,1.666666666666667,2.25,1.258328131224033,7.778753771878275,4.912722270135199,finite,4.418181818181816
100,0.9,no_dominant_tap,0.05,4,0.02,64,0.010888772503924253,19.000000000000004,361.0000000000001,2030.9287063826762,1841.0829529356217,40.93688272154993,45.621387006211954,45.621387006211954,False,False,2.367036675586337,3.6100000000000003,1.4971403522567746,51.1285552737857,22.810693503105977,finite,20.468441360774964,2.2872727272727276,3.6100000000000003,1.4709958747981797,49.265440555229084,22.767715775635462,finite,20.38950715421304
101,0.0,no_dominant_tap,0.05,4,0.02,256,0.005110498392041646,1.0,1.0,5.341450533273442,5.099952778215017,5.099952778215016,5.339962528117564,5.339962528117564,False,False,0.9999999999999999,1.0,0.9897790032159166,2.6156804539043907,2.669981264058782,finite,2.549976389107508,1.0000000000000002,1.0,0.9897790032159167,2.5190162274678376,2.5713103147442036,finite,2.4545454545454546
101,0.5,no_dominant_tap,0.05,4,0.02,256,0.005110498392041646,3.0,9.0,48.073054799460984,45.899575003935155,9.007506255212675,9.460878719893183,9.460878719893183,False,False,1.6985676058555013,2.25,1.2879595720285502,7.847041361713172,4.730439359946591,finite,4.503753127606338,1.666666666666667,2.25,1.2756629535596808,7.557048682403513,4.643872988825108,finite,4.418181818181816
101,0.9,no_dominant_tap,0.05,4,0.02,256,0.005110498392041646,19.000000000000004,361.0000000000001,1928.2636425117132,1841.0829529356217,40.93688272154993,43.072176476500545,43.072176476500545,False,False,2.367036675586337,3.6100000000000003,1.5190977938819283,49.69792862418343,21.536088238250272,finite,20.468441360774964,2.2872727272727276,3.6100000000000003,1.4929533164233335,47.86130832188892,21.472969659292975,finite,20.38950715421304
102,0.0,no_dominant_tap,0.05,4,0.02,1024,0.002479986794562637,1.0,1.0,5.216561321168046,5.099952778215017,5.099952778215016,5.2151182353790935,5.2151182353790935,False,False,0.9999999999999999,1.0,0.9950400264108746,2.581756418421122,2.6075591176895467,finite,2.549976389107508,1.0000000000000002,1.0,0.9950400264108747,2.4857270006333696,2.510569958630146,finite,2.4545454545454546
102,0.5,no_dominant_tap,0.05,4,0.02,1024,0.002479986794562637,3.0,9.0,46.949051890512415,45.899575003935155,9.007506255212675,9.224786164264298,9.224786164264298,False,False,1.6985676058555013,2.25,1.2958511068209873,7.745269255263366,4.612393082132149,finite,4.503753127606338,1.666666666666667,2.25,1.283554488352118,7.457181001900109,4.526328450451651,finite,4.418181818181816
102,0.9,no_dominant_tap,0.05,4,0.02,1024,0.002479986794562637,19.000000000000004,361.0000000000001,1883.1786369416654,1841.0829529356217,40.93688272154993,41.95953266439122,41.95953266439122,False,False,2.367036675586337,3.6100000000000003,1.5290937379523486,49.05337195000133,20.97976633219561,finite,20.468441360774964,2.2872727272727276,3.6100000000000003,1.5029492604937538,47.22881301203403,20.908284097804174,finite,20.38950715421304
103,0.0,no_dominant_tap,0.05,4,0.02,4096,0.0012220560514454855,1.0,1.0,5.157820726577218,5.099952778215017,5.099952778215016,5.15639872583143,5.15639872583143,False,False,0.9999999999999999,1.0,0.9975558878971089,2.5656119477307877,2.578199362915715,finite,2.549976389107508,1.0000000000000002,1.0,0.997555887897109,2.4698861002888526,2.482003864953658,finite,2.4545454545454546
103,0.5,no_dominant_tap,0.05,4,0.02,4096,0.0012220560514454855,3.0,9.0,46.420386539194965,45.899575003935155,9.007506255212675,9.113940170319925,9.113940170319925,False,False,1.6985676058555013,2.25,1.2996248990503387,7.696835843192363,4.556970085159962,finite,4.503753127606338,1.666666666666667,2.25,1.2873282805814694,7.409658300866558,4.471153299982195,finite,4.418181818181816
103,0.9,no_dominant_tap,0.05,4,0.02,4096,0.0012220560514454855,19.000000000000004,361.0000000000001,1861.9732822943763,1841.0829529356217,40.93688272154993,41.43766403472813,41.43766403472813,False,False,2.367036675586337,3.6100000000000003,1.5338738747761937,48.74662700688498,20.718832017364065,finite,20.468441360774964,2.2872727272727276,3.6100000000000003,1.507729397317599,46.92783590548821,20.64351854098558,finite,20.38950715421304
104,0.0,no_dominant_tap,0.05,4,0.02,16384,0.0006066455608082006,1.0,1.0,5.129311747191193,5.099952778215017,5.099952778215016,5.127899969816109,5.127899969816109,False,False,0.9999999999999999,1.0,0.9987867088783835,2.5577321237297,2.5639499849080547,finite,2.549976389107508,1.0000000000000002,1.0,0.9987867088783836,2.46215479032678,2.4681403024700717,finite,2.4545454545454546
104,0.5,no_dominant_tap,0.05,4,0.02,16384,0.0006066455608082006,3.0,9.0,46.16380572472074,45.899575003935155,9.007506255212675,9.060188439491117,9.060188439491117,False,False,1.6985676058555013,2.25,1.3014711305222506,7.6731963711891,4.530094219745559,finite,4.503753127606338,1.666666666666667,2.25,1.2891745120533813,7.38646437098034,4.444400483099047,finite,4.418181818181816
104,0.9,no_dominant_tap,0.05,4,0.02,16384,0.0006066455608082006,19.000000000000004,361.0000000000001,1851.6815407360211,1841.0829529356217,40.93688272154993,41.18471854658827,41.18471854658827,False,False,2.367036675586337,3.6100000000000003,1.5362124346406154,48.596910350864306,20.592359273294136,finite,20.468441360774964,2.2872727272727276,3.6100000000000003,1.5100679571820206,46.78094101620883,20.515210109532813,finite,20.38950715421304
105,0.0,no_dominant_tap,0.05,4,0.1,64,0.05444386251962126,1.0,1.0,8.0,5.099952778215017,5.099952778215016,8.293657620884925,8.0,True,False,0.9999999999999999,1.0,0.8911122749607574,3.2929183276811878,4.146828810442463,finite,2.549976389107508,1.0000000000000002,1.0,0.8911122749607575,3.184348718940817,4.010105230729486,finite,2.4545454545454546
105,0.5,no_dominant_tap,0.05,4,0.1,64,0.05444386251962126,3.0,9.0,72.0,45.899575003935155,9.007506255212675,15.203843159106171,15.203843159106171,False,False,1.6985676058555013,2.25,1.1399594796458112,9.878754983043564,7.6019215795530855,finite,4.503753127606338,1.666666666666667,2.25,1.1276628611769421,9.55304615682245,7.51247986757385,finite,4.418181818181816
105,0.9,no_dominant_tap,0.05,4,0.1,64,0.05444386251962126,19.000000000000004,361.0000000000001,2888.000000000001,1841.0829529356217,40.93688272154993,71.00017610287951,71.00017610287951,False,False,2.367036675586337,3.6100000000000003,1.3316310101971258,62.56544822594258,35.28310197434233,finite,20.468441360774964,2.2872727272727276,3.6100000000000003,1.305486532738531,60.502625659875534,35.500088051439754,finite,20.38950715421304
106,0.0,no_dominant_tap,0.05,4,0.1,256,0.025552491960208236,1.0,1.0,6.414247548814387,5.099952778215017,5.099952778215016,6.4123691678143935,6.4123691678143935,False,False,0.9999999999999999,1.0,0.9488950160795834,2.886854215112743,3.2061845839071967,finite,2.549976389107508,1.0000000000000002,1.0,0.9488950160795835,2.7852568211781894,3.0933489594087864,finite,2.4545454545454546
106,0.5,no_dominant_tap,0.05,4,0.1,256,0.025552491960208236,3.0,9.0,57.728227939329486,45.899575003935155,9.007506255212675,11.511883763032845,11.511883763032845,False,False,1.6985676058555013,2.25,1.2266335913240505,8.66056264533823,5.7559418815164225,finite,4.503753127606338,1.666666666666667,2.25,1.2143369728551812,8.355770463534569,5.666410909089632,finite,4.418181818181816
106,0.9,no_dominant_tap,0.05,4,0.1,256,0.025552491960208236,19.000000000000004,361.0000000000001,2315.5433651219946,1841.0829529356217,40.93688272154993,52.840624964069576,52.840624964069576,False,False,2.367036675586337,3.6100000000000003,1.4414182183228954,54.85023008714213,26.399666461782534,finite,20.468441360774964,2.2872727272727276,3.6100000000000003,1.4152737408643006,52.919879602385606,26.420312482034788,finite,20.38950715421304
107,0.0,no_dominant_tap,0.05,4,0.1,1024,0.012399933972813186,1.0,1.0,5.702567099225891,5.099952778215017,5.099952778215016,5.70094855398089,5.70094855398089,False,False,0.9999999999999999,1.0,0.9752001320543735,2.7108446427159656,2.850474276990445,finite,2.549976389107508,1.0000000000000002,1.0,0.9752001320543736,2.6124212920254144,2.7469813563789764,finite,2.4545454545454546
107,0.5,no_dominant_tap,0.05,4,0.1,1024,0.012399933972813186,3.0,9.0,51.323103893033014,45.899575003935155,9.007506255212675,10.146724160864162,10.146724160864162,False,False,1.6985676058555013,2.25,1.2660912652862355,8.132533928147897,5.073362080432081,finite,4.503753127606338,1.666666666666667,2.25,1.2537946468173662,7.837263876076243,4.985533593409862,finite,4.418181818181816
107,0.9,no_dominant_tap,0.05,4,0.1,1024,0.012399933972813186,19.000000000000004,361.0000000000001,2058.626722820547,1841.0829529356217,40.93688272154993,46.3128117447679,46.3128117447679,False,False,2.367036675586337,3.6100000000000003,1.4913979386749965,51.50604821160336,23.15640587238395,finite,20.468441360774964,2.2872727272727276,3.6100000000000003,1.4652534612164017,49.63600454848288,23.11912024520079,finite,20.38950715421304
108,0.0,no_dominant_tap,0.05,4,0.1,4096,0.006110280257227428,1.0,1.0,5.389657325852262,5.099952778215017,5.099952778215016,5.388151949889179,5.388151949889179,False,False,0.9999999999999999,1.0,0.987779439485545,2.628632076941628,2.6940759749445893,finite,2.549976389107508,1.0000000000000002,1.0,0.9877794394855451,2.5317265779801628,2.5947578623482253,finite,2.4545454545454546
108,0.5,no_dominant_tap,0.05,4,0.1,4096,0.006110280257227428,3.0,9.0,48.50691593267036,45.899575003935155,9.007506255212675,9.552162091832148,9.552162091832148,False,False,1.6985676058555013,2.25,1.284960226432993,7.8858962308248834,4.776081045916074,finite,4.503753127606338,1.666666666666667,2.25,1.2726636079641236,7.595179733940489,4.689330088747551,finite,4.418181818181816
108,0.9,no_dominant_tap,0.05,4,0.1,4096,0.006110280257227428,19.000000000000004,361.0000000000001,1945.6662946326674,1841.0829529356217,40.93688272154993,43.502773173768134,43.502773173768134,False,False,2.367036675586337,3.6100000000000003,1.5152986227942224,49.944009461890936,21.751386586884067,finite,20.468441360774964,2.2872727272727276,3.6100000000000003,1.4891541453356276,48.1028049816231,21.69157527314714,finite,20.38950715421304
109,0.0,no_dominant_tap,0.05,4,0.1,16384,0.0030332278040410034,1.0,1.0,5.2425955359898575,5.099952778215017,5.099952778215016,5.241143096413867,5.241143096413867,False,False,0.9999999999999999,1.0,0.9939335443919178,2.588872828246133,2.6205715482069336,finite,2.549976389107508,1.0000000000000002,1.0,0.993933544391918,2.492709899479746,2.5232311797006264,finite,2.4545454545454546
109,0.5,no_dominant_tap,0.05,4,0.1,16384,0.0030332278040410034,3.0,9.0,47.18335982390872,45.899575003935155,9.007506255212675,9.273954470940202,9.273954470940202,False,False,1.6985676058555013,2.25,1.294191383792552,7.766618484738398,4.636977235470101,finite,4.503753127606338,1.666666666666667,2.25,1.2818947653236827,7.478129698439238,4.55080519303734,finite,4.418181818181816
109,0.9,no_dominant_tap,0.05,4,0.1,16384,0.0030332278040410034,19.000000000000004,361.0000000000001,1892.576988492339,1841.0829529356217,40.93688272154993,42.191126303759795,42.191126303759795,False,False,2.367036675586337,3.6100000000000003,1.5269914221163308,49.188583736676534,21.095563151879897,finite,20.468441360774964,2.2872727272727276,3.6100000000000003,1.500846944657736,47.36148809011518,21.025799973822572,finite,20.38950715421304
110,0.0,no_dominant_tap,0.1,4,0.02,64,0.010888772503924253,1.0,1.0,5.823277196575139,5.28375733855186,5.28375733855186,5.821522734770247,5.821522734770247,False,False,1.0,1.0,0.9782224549921515,2.7853633559693796,2.9107613673851236,finite,2.64187866927593,1.0000000000000002,1.0,0.9782224549921515,2.592917923959425,2.7096519761727285,finite,2.4545454545454546
110,0.5,no_dominant_tap,0.1,4,0.02,64,0.010888772503924253,3.0,9.0,52.409494769176256,47.55381604696674,9.166352319879293,10.162826981601249,10.162826981601249,False,False,1.7292889758643182,2.25,1.2823580076869356,8.356090067908138,5.0814134908006245,finite,4.583176159939646,1.666666666666667,2.25,1.258328131224033,7.778753771878275,4.912722270135199,finite,4.418181818181816
110,0.9,no_dominant_tap,0.1,4,0.02,64,0.010888772503924253,19.000000000000004,361.0000000000001,2102.203067963626,1907.436399217222,41.07917309946767,45.69728914197458,45.69728914197458,False,False,2.4438512720156558,3.6100000000000003,1.5219048757366762,52.92190376341822,22.84864457098729,finite,20.539586549733833,2.2872727272727276,3.6100000000000003,1.4709958747981797,49.265440555229084,22.767715775635462,finite,20.38950715421304
111,0.0,no_dominant_tap,0.1,4,0.02,256,0.005110498392041646,1.0,1.0,5.531608671134681,5.28375733855186,5.28375733855186,5.529963351506934,5.529963351506934,False,False,1.0,1.0,0.9897790032159167,2.7087487923708995,2.764981675753467,finite,2.64187866927593,1.0000000000000002,1.0,0.9897790032159167,2.5190162274678376,2.5713103147442036,finite,2.4545454545454546
111,0.5,no_dominant_tap,0.1,4,0.02,256,0.005110498392041646,3.0,9.0,49.78447804021212,47.55381604696674,9.166352319879293,9.621405860750054,9.621405860750054,False,False,1.7292889758643182,2.25,1.2996928300225834,8.126246377112698,4.810702930375027,finite,4.583176159939646,1.666666666666667,2.25,1.2756629535596808,7.557048682403513,4.643872988825108,finite,4.418181818181816
111,0.9,no_dominant_tap,0.1,4,0.02,256,0.005110498392041646,19.000000000000004,361.0000000000001,1996.9107302796203,1907.436399217222,41.07917309946767,43.18522564957929,43.18522564957929,False,False,2.4438512720156558,3.6100000000000003,1.54386231736183,51.4662270550471,21.592612824789644,finite,20.539586549733833,2.2872727272727276,3.6100000000000003,1.4929533164233335,47.86130832188892,21.472969659292975,finite,20.38950715421304
112,0.0,no_dominant_tap,0.1,4,0.02,1024,0.002479986794562637,1.0,1.0,5.403500369979608,5.28375733855186,5.28375733855186,5.401902806823153,5.401902806823153,False,False,1.0,1.0,0.9950400264108747,2.674224555177122,2.7009514034115765,finite,2.64187866927593,1.0000000000000002,1.0,0.9950400264108747,2.4857270006333696,2.510569958630146,finite,2.4545454545454546
112,0.5,no_dominant_tap,0.1,4,0.02,1024,0.002479986794562637,3.0,9.0,48.631503329816475,47.55381604696674,9.166352319879293,9.384468583118782,9.384468583118782,False,False,1.7292889758643182,2.25,1.3075843648150205,8.022673665531366,4.692234291559391,finite,4.583176159939646,1.666666666666667,2.25,1.283554488352118,7.457181001900109,4.526328450451651,finite,4.418181818181816
112,0.9,no_dominant_tap,0.1,4,0.02,1024,0.002479986794562637,19.000000000000004,361.0000000000001,1950.663633562639,1907.436399217222,41.07917309946767,42.08803661040893,42.08803661040893,False,False,2.4438512720156558,3.6100000000000003,1.5538582614322503,50.810266548365334,21.044018305204464,finite,20.539586549733833,2.2872727272727276,3.6100000000000003,1.5029492604937538,47.22881301203403,20.908284097804174,finite,20.38950715421304
113,0.0,no_dominant_tap,0.1,4,0.02,4096,0.0012220560514454855,1.0,1.0,5.343240615366259,5.28375733855186,5.28375733855186,5.341665475943785,5.341665475943785,False,False,1.0,1.0,0.997555887897109,2.6577930634432607,2.6708327379718924,finite,2.64187866927593,1.0000000000000002,1.0,0.997555887897109,2.4698861002888526,2.482003864953658,finite,2.4545454545454546
113,0.5,no_dominant_tap,0.1,4,0.02,4096,0.0012220560514454855,3.0,9.0,48.08916553829633,47.55381604696674,9.166352319879293,9.273203061775936,9.273203061775936,False,False,1.7292889758643182,2.25,1.311358157044372,7.973379190329782,4.636601530887968,finite,4.583176159939646,1.666666666666667,2.25,1.2873282805814694,7.409658300866558,4.471153299982195,finite,4.418181818181816
113,0.9,no_dominant_tap,0.1,4,0.02,4096,0.0012220560514454855,19.000000000000004,361.0000000000001,1928.90986214722,1907.436399217222,41.07917309946767,41.57325391461876,41.57325391461876,False,False,2.4438512720156558,3.6100000000000003,1.5586383982560954,50.498068205421966,20.78662695730938,finite,20.539586549733833,2.2872727272727276,3.6100000000000003,1.507729397317599,46.92783590548821,20.64351854098558,finite,20.38950715421304
114,0.0,no_dominant_tap,0.1,4,0.02,16384,0.0006066455608082006,1.0,1.0,5.313993134046892,5.28375733855186,5.28375733855186,5.312428868719029,5.312428868719029,False,False,1.0,1.0,0.9987867088783836,2.649772821726661,2.6562144343595144,finite,2.64187866927593,1.0000000000000002,1.0,0.9987867088783836,2.46215479032678,2.4681403024700717,finite,2.4545454545454546
114,0.5,no_dominant_tap,0.1,4,0.02,16384,0.0006066455608082006,3.0,9.0,47.82593820642202,47.55381604696674,9.166352319879293,9.219242546846948,9.219242546846948,False,False,1.7292889758643182,2.25,1.3132043885162838,7.949318465179983,4.609621273423474,finite,4.583176159939646,1.666666666666667,2.25,1.2891745120533813,7.38646437098034,4.444400483099047,finite,4.418181818181816
114,0.9,no_dominant_tap,0.1,4,0.02,16384,0.0006066455608082006,19.000000000000004,361.0000000000001,1918.3515213909286,1907.436399217222,41.07917309946767,41.32370505142748,41.32370505142748,False,False,2.4438512720156558,3.6100000000000003,1.560976958120517,50.34568361280657,20.66185252571374,finite,20.539586549733833,2.2872727272727276,3.6100000000000003,1.5100679571820206,46.78094101620883,20.515210109532813,finite,20.38950715421304
115,0.0,no_dominant_tap,0.1,4,0.1,64,0.05444386251962126,1.0,1.0,8.0,5.28375733855186,5.28375733855186,8.55641338764436,8.0,True,False,1.0,1.0,0.8911122749607575,3.397243020068689,4.27820669382218,finite,2.64187866927593,1.0000000000000002,1.0,0.8911122749607575,3.184348718940817,4.010105230729486,finite,2.4545454545454546
115,0.5,no_dominant_tap,0.1,4,0.1,64,0.05444386251962126,3.0,9.0,72.0,47.55381604696674,9.166352319879293,15.367549081804112,15.367549081804112,False,False,1.7292889758643182,2.25,1.1516927376398445,10.191729060206066,7.683774540902056,finite,4.583176159939646,1.666666666666667,2.25,1.1276628611769421,9.55304615682245,7.51247986757385,finite,4.418181818181816
115,0.9,no_dominant_tap,0.1,4,0.1,64,0.05444386251962126,19.000000000000004,361.0000000000001,2888.000000000001,1907.436399217222,41.07917309946767,71.00017610287951,71.00017610287951,False,False,2.4438512720156558,3.6100000000000003,1.3563955336770275,64.5476173813051,35.0838716748005,finite,20.539586549733833,2.2872727272727276,3.6100000000000003,1.305486532738531,60.502625659875534,35.500088051439754,finite,20.38950715421304
116,0.0,no_dominant_tap,0.1,4,0.1,256,0.025552491960208236,1.0,1.0,6.631515364766791,5.28375733855186,5.28375733855186,6.629455754977565,6.629455754977565,False,False,1.0,1.0,0.9488950160795835,2.9845867867715974,3.3147278774887825,finite,2.64187866927593,1.0000000000000002,1.0,0.9488950160795835,2.7852568211781894,3.0933489594087864,finite,2.4545454545454546
116,0.5,no_dominant_tap,0.1,4,0.1,256,0.025552491960208236,3.0,9.0,59.68363828290112,47.55381604696674,9.166352319879293,11.677149144704092,11.677149144704092,False,False,1.7292889758643182,2.25,1.2383668493180837,8.953760360314792,5.838574572352046,finite,4.583176159939646,1.666666666666667,2.25,1.2143369728551812,8.355770463534569,5.666410909089632,finite,4.418181818181816
116,0.9,no_dominant_tap,0.1,4,0.1,256,0.025552491960208236,19.000000000000004,361.0000000000001,2393.9770466808122,1907.436399217222,41.07917309946767,52.840624964069576,52.840624964069576,False,False,2.4438512720156558,3.6100000000000003,1.466182741802797,56.70714894866036,26.379199146137964,finite,20.539586549733833,2.2872727272727276,3.6100000000000003,1.4152737408643006,52.919879602385606,26.420312482034788,finite,20.38950715421304
117,0.0,no_dominant_tap,0.1,4,0.1,1024,0.012399933972813186,1.0,1.0,5.901954505292604,5.28375733855186,5.28375733855186,5.900170508347925,5.900170508347925,False,False,1.0,1.0,0.9752001320543736,2.8055762058222786,2.9500852541739624,finite,2.64187866927593,1.0000000000000002,1.0,0.9752001320543736,2.6124212920254144,2.7469813563789764,finite,2.4545454545454546
117,0.5,no_dominant_tap,0.1,4,0.1,1024,0.012399933972813186,3.0,9.0,53.11759054763344,47.55381604696674,9.166352319879293,10.309340474386687,10.309340474386687,False,False,1.7292889758643182,2.25,1.2778245232802687,8.416728617466836,5.1546702371933435,finite,4.583176159939646,1.666666666666667,2.25,1.2537946468173662,7.837263876076243,4.985533593409862,finite,4.418181818181816
117,0.9,no_dominant_tap,0.1,4,0.1,1024,0.012399933972813186,19.000000000000004,361.0000000000001,2130.605576410631,1907.436399217222,41.07917309946767,46.37823173923907,46.37823173923907,False,False,2.4438512720156558,3.6100000000000003,1.5161624621548981,53.3059479106233,23.189115869619535,finite,20.539586549733833,2.2872727272727276,3.6100000000000003,1.4652534612164017,49.63600454848288,23.11912024520079,finite,20.38950715421304
118,0.0,no_dominant_tap,0.1,4,0.1,4096,0.006110280257227428,1.0,1.0,5.581054169822435,5.28375733855186,5.28375733855186,5.579390387516209,5.579390387516209,False,False,1.0,1.0,0.9877794394855451,2.721928534830303,2.7896951937581047,finite,2.64187866927593,1.0000000000000002,1.0,0.9877794394855451,2.5317265779801628,2.5947578623482253,finite,2.4545454545454546
118,0.5,no_dominant_tap,0.1,4,0.1,4096,0.006110280257227428,3.0,9.0,50.22948752840192,47.55381604696674,9.166352319879293,9.712998274839041,9.712998274839041,False,False,1.7292889758643182,2.25,1.2966934844270261,8.165785604490909,4.8564991374195206,finite,4.583176159939646,1.666666666666667,2.25,1.2726636079641236,7.595179733940489,4.689330088747551,finite,4.418181818181816
118,0.9,no_dominant_tap,0.1,4,0.1,4096,0.006110280257227428,19.000000000000004,361.0000000000001,2014.7605553058997,1907.436399217222,41.07917309946767,43.60971600317497,43.60971600317497,False,False,2.4438512720156558,3.6100000000000003,1.540063146274124,51.716642161775766,21.804858001587483,finite,20.539586549733833,2.2872727272727276,3.6100000000000003,1.4891541453356276,48.1028049816231,21.69157527314714,finite,20.38950715421304
119,0.0,no_dominant_tap,0.1,4,0.1,16384,0.0030332278040410034,1.0,1.0,5.430206835460742,5.28375733855186,5.28375733855186,5.4285993260852665,5.4285993260852665,False,False,1.0,1.0,0.993933544391918,2.6814671975572493,2.7142996630426333,finite,2.64187866927593,1.0000000000000002,1.0,0.993933544391918,2.492709899479746,2.5232311797006264,finite,2.4545454545454546
119,0.5,no_dominant_tap,0.1,4,0.1,16384,0.0030332278040410034,3.0,9.0,48.87186151914668,47.55381604696674,9.166352319879293,9.433818261077981,9.433818261077981,False,False,1.7292889758643182,2.25,1.3059246417865853,8.044401592671747,4.7169091305389905,finite,4.583176159939646,1.666666666666667,2.25,1.2818947653236827,7.478129698439238,4.55080519303734,finite,4.418181818181816
119,0.9,no_dominant_tap,0.1,4,0.1,16384,0.0030332278040410034,19.000000000000004,361.0000000000001,1960.3046676013282,1907.436399217222,41.07917309946767,42.31645216594678,42.31645216594678,False,False,2.4438512720156558,3.6100000000000003,1.5517559455962324,50.94787675358774,21.15822608297339,finite,20.539586549733833,2.2872727272727276,3.6100000000000003,1.500846944657736,47.36148809011518,21.025799973822572,finite,20.38950715421304
