job_id,length,method,member,coefficient_exact,source_ratio_exact,denominator_lower,available,phase_upper,threshold_upper,statistic_absolute,statistic_threshold_ratio,phase_fraction
source_00_000,16385,bridge,0,0,68038027281/1697809,-15.854191108116712,0,,,,,
source_00_000,16385,bridge,1,1/2,7559780809/1697809,-3.512411561878065,0,,,,,
source_00_000,16385,bridge,2,4/5,7559780809/15280281,-0.3812869494229656,0,,,,,
source_00_000,16385,bridge,3,9/10,361,-0.17225958222420298,0,,,,,
source_00_000,16385,bridge,4,97/100,38809/9,-3.4319631859314566,0,,,,,
source_00_000,16385,bridge,5,199/200,159201,-42.44200263222694,0,,,,,
source_00_000,16385,intersection,0,0,3701764456009/29982654025,0.3253320534354594,1,0.025029555969879942,6.638519717451767,0.0016117836747213455,0.00024279263199056034,0.003770351981343166
source_00_000,16385,intersection,1,1/2,3701764456009/269843886225,0.7785170742279974,1,0.004686032907474431,0.36825254523635287,0.000982302343278599,0.0026674692571320453,0.012725052326432201
source_00_000,16385,intersection,2,4/5,3701764456009/2428594976025,0.9265508458259448,1,0.003135723319975943,0.0520360435845085,0.0009995965224190706,0.019209694926088837,0.060260602151341686
source_00_000,16385,intersection,3,9/10,5282693124921/860454746449,0.852208682675789,1,0.003500912873757733,0.1811430243676666,0.001071191745133581,0.005913513638589689,0.01932678824359208
source_00_000,16385,intersection,4,97/100,63101273464161/860454746449,0.4827419318989849,1,0.00649429879076243,1.2748144568277981,0.0011408929736932084,0.0008949482550834612,0.005094309023544184
source_00_000,16385,intersection,5,199/200,2329667668090161/860454746449,-2.423761232741926,0,,,,,
source_00_000,16385,lag,0,0,3693741891921/30709408081,0.33428211271446634,1,0.02435941538760776,6.3625413302786775,0.0016117836747213455,0.0002533238828722469,0.0038285669393900543
source_00_000,16385,lag,1,1/2,410415765769/30709408081,0.7814126056311336,1,0.004668668770599825,0.3618746076044905,0.000982302343278599,0.002714482648509571,0.012901343925469426
source_00_000,16385,lag,2,4/5,410415765769/276384672729,0.9275062649947828,1,0.0031324932284055164,0.05072301871080927,0.0009995965224190706,0.019706960425958493,0.06175683758620561
source_00_000,16385,lag,3,9/10,20859672083121/3447598546441,0.8532884320678527,1,0.003496482825950865,0.17956498785482283,0.001071191745133581,0.005965482235321023,0.01947196314672295
source_00_000,16385,lag,4,97/100,249166824830361/3447598546441,0.4865674200603694,1,0.006443239344288449,1.254341376955149,0.0011408929736932084,0.0009095554006698473,0.005136751017437606
source_00_000,16385,lag,5,199/200,187737048748089/70359154009,-2.396449361810284,0,,,,,
source_00_000,65537,bridge,0,0,270072499225/21187609,-2.745367679707641,0,,,,,
source_00_000,65537,bridge,1,1/2,270072499225/190688481,-0.16053460317829654,0,,,,,
source_00_000,65537,bridge,2,4/5,270072499225/1716196329,0.6229241645025215,1,0.004660085899185603,0.6456181857938499,0.0006628436480899237,0.0010266805716987253,0.007218021427719818
source_00_000,65537,bridge,3,9/10,361,0.42507529901023106,1,0.00701030748100046,1.5495911383981231,0.0007233210867603764,0.00046678189416345236,0.004523972361023765
source_00_000,65537,bridge,4,97/100,38809/9,-1.0821378433327322,0,,,,,
source_00_000,65537,bridge,5,199/200,159201,-15.779556572164816,0,,,,,
source_00_000,65537,intersection,0,0,3650403823609/34800529401,0.6928746859240152,1,0.011787196771324608,1.308846159904429,0.0006547257384239362,0.000500231240676707,0.009005792378368824
source_00_000,65537,intersection,1,1/2,3650403823609/313204764609,0.8983484155704801,1,0.004065083235633231,0.14411439741941368,0.0005606949320281714,0.003890623990859084,0.028207336035987362
source_00_000,65537,intersection,2,4/5,3650403823609/2818842881481,0.9661965296637683,1,0.003004440635147346,0.02253487582310171,0.0006628436480899237,0.029414124723527748,0.1333240377596105
source_00_000,65537,intersection,3,9/10,17432871222361/3524634514801,0.9338627360393775,1,0.0031909491980353297,0.07399851382716857,0.0007233210867603764,0.009774805592038915,0.04312180114168417
source_00_000,65537,intersection,4,97/100,1874106092156809/31721710633209,0.7701171439411317,1,0.00406563908052888,0.33218473802308907,0.0007735175841580292,0.0023285765287153694,0.01223909052753137
source_00_000,65537,intersection,5,199/200,7687896209061201/3524634514801,-0.4533606495908281,0,,,,,
source_00_000,65537,lag,0,0,3646996103521/35134128481,0.6944958660220392,1,0.011759681605645342,1.2984188677907906,0.0006547257384239362,0.0005042484784112285,0.009056924462022015
source_00_000,65537,lag,1,1/2,3646996103521/316207156329,0.8988812700941335,1,0.004062673464662135,0.1432743378076327,0.0005606949320281714,0.00391343586442527,0.028355904670917993
source_00_000,65537,lag,2,4/5,3646996103521/2845864406961,0.966373310189169,1,0.003003891027052403,0.022327290012658676,0.0006628436480899237,0.029687599691414317,0.13453898907343065
source_00_000,65537,lag,3,9/10,4327610644681/881884393569,0.9341231066242751,1,0.0031900597763914597,0.07369395144857052,0.0007233210867603764,0.00981520291071876,0.043287945804042494
source_00_000,65537,lag,4,97/100,465236126064889/7936959542121,0.771027238299159,1,0.0040608401382799305,0.33041567480390666,0.0007735175841580292,0.002341043852163165,0.012290095319145912
source_00_000,65537,lag,5,199/200,212052921589369/97987154841,-0.44738735556053605,0,,,,,
source_00_001,16385,bridge,0,0,272714772841/4272489,-21.906089279717346,0,,,,,
source_00_001,16385,bridge,1,1/2,272714772841/38452401,-4.875480283435385,0,,,,,
source_00_001,16385,bridge,2,4/5,272714772841/346071609,-0.7629508933891582,0,,,,,
source_00_001,16385,bridge,3,9/10,361,-0.1718398682165908,0,,,,,
source_00_001,16385,bridge,4,97/100,38809/9,-3.4302502249919162,0,,,,,
source_00_001,16385,bridge,5,199/200,159201,-42.420207295410904,0,,,,,
source_00_001,16385,intersection,0,0,3736639775521/26933076769,0.28409213279262724,1,0.025354289277868872,7.9453010359585825,0.0017242735155596713,0.0002170180220681395,0.0031911049264365518
source_00_001,16385,intersection,1,1/2,3736639775521/242397690921,0.7651892192031772,1,0.004249054718666655,0.39142310119683754,0.0011960648844562506,0.0030556829190691464,0.010855400985977844
source_00_001,16385,intersection,2,4/5,3736639775521/2181579218289,0.9221547591720556,1,0.0028291023751841264,0.057516525379619585,0.0012733572473339256,0.02213898073518063,0.04918764401207363
source_00_001,16385,intersection,3,9/10,1261800643401/216380337889,0.8560325684127472,1,0.0031339955070730408,0.17394911285193188,0.0013648242918831053,0.007846112403257064,0.018016737514153034
source_00_001,16385,intersection,4,97/100,15072090233841/216380337889,0.4962866864897056,1,0.005682723624005251,1.1948029783076517,0.0014483978428355426,0.001212248269490497,0.004756201421638905
source_00_001,16385,intersection,5,199/200,556454083739841/216380337889,-2.3271881389924785,0,,,,,
source_00_001,16385,lag,0,0,14562455625/108097609,0.2947935719808887,1,0.024433891376905506,7.524852280833891,0.0017242735155596713,0.00022914383581342413,0.0032470924963058255
source_00_001,16385,lag,1,1/2,1618050625/108097609,0.7686454700236927,1,0.0042299486425489445,0.3836391868824353,0.0011960648844562506,0.0031176817315661234,0.011025851339438885
source_00_001,16385,lag,2,4/5,1618050625/972878481,0.9232945210482749,1,0.0028256099868317125,0.055862039131930885,0.0012733572473339256,0.022794678946942905,0.05058193418536679
source_00_001,16385,lag,3,9/10,19914004425121/3468097972089,0.8571452723394121,1,0.0031299271079120064,0.17235260321348952,0.0013648242918831053,0.007918791282731751,0.01816002224251311
source_00_001,16385,lag,4,97/100,2140838220871249/31212881748801,0.5002264492119202,1,0.005637966728943474,1.175055800689127,0.0014483978428355426,0.0012326204780965385,0.00479804169779598
source_00_001,16385,lag,5,199/200,975786216830929/385344219121,-2.2991654678225393,0,,,,,
source_00_001,65537,bridge,0,0,4342793419969/174636225,-4.448441123452727,0,,,,,
source_00_001,65537,bridge,1,1/2,4342793419969/1571726025,-0.6447391218093441,0,,,,,
source_00_001,65537,bridge,2,4/5,4342793419969/14145534225,0.47079895043483694,1,0.005546086359871621,1.2322034592273527,0.001144958880627068,0.0009291962882047165,0.004500950162361391
source_00_001,65537,bridge,3,9/10,361,0.42527742902436083,1,0.006313574630005807,1.5392380640029133,0.0012090888195953912,0.0007855112525290973,0.004101753184031095
source_00_001,65537,bridge,4,97/100,38809/9,-1.0813736610292741,0,,,,,
source_00_001,65537,bridge,5,199/200,159201,-15.772066506204046,0,,,,,
source_00_001,65537,intersection,0,0,226455112129/2344012225,0.7054816943573402,1,0.010226966401517958,1.197571330539576,0.002241429828424633,0.0018716461986566907,0.008539755537492795
source_00_001,65537,intersection,1,1/2,226455112129/21096110025,0.9024931456951654,1,0.00360656305146881,0.13501574098055713,0.0012208208069794566,0.009042062785518173,0.026712167227880272
source_00_001,65537,intersection,2,4/5,226455112129/189864990225,0.967571705703135,1,0.0026986027204578523,0.02052086030186249,0.001144958880627068,0.055794877202256024,0.13150534045655607
source_00_001,65537,intersection,3,9/10,1154891966281/218768546529,0.931690629987192,1,0.002881880208067791,0.07583563260995728,0.0012090888195953912,0.01594354497989164,0.03800166371513063
source_00_001,65537,intersection,4,97/100,124155685095289/1968916918761,0.7625232466310218,1,0.003701669817296681,0.34505470706297453,0.0012805814080795721,0.0037112416723121488,0.010727776614915457
source_00_001,65537,intersection,5,199/200,56589706347769/24307616281,-0.5032691939540748,0,,,,,
source_00_001,65537,lag,0,0,226247679025/2365168689,0.7069509299216188,1,0.010205711994577073,1.1887199306044052,0.002241429828424633,0.0018855827775050235,0.008585463852185917
source_00_001,65537,lag,1,1/2,226247679025/21286518201,0.9029763297500537,1,0.0036046331739050183,0.134274813870616,0.0012208208069794566,0.009091956799551482,0.02684519211010307
source_00_001,65537,lag,2,4/5,226247679025/191578663809,0.9677320380399639,1,0.002698155620162175,0.02034189003384499,0.001144958880627068,0.05628576689393545,0.13264036014711333
source_00_001,65537,lag,3,9/10,4588502442241/875787147225,0.9319490312843034,1,0.0028810811497943373,0.07553334028659742,0.0012090888195953912,0.016007352713486855,0.03814317146392048
source_00_001,65537,lag,4,97/100,493283078340529/7882084325025,0.7634267890148736,1,0.003697288761222832,0.3432672311780097,0.0012805814080795721,0.003730567009513049,0.010770875939817022
source_00_001,65537,lag,5,199/200,224836619669809/97309683025,-0.4973246798131676,0,,,,,
source_00_002,16385,bridge,0,0,67782643201/3214849,-10.227553732176025,0,,,,,
source_00_002,16385,bridge,1,1/2,67782643201/28933641,-2.161339145518455,0,,,,,
source_00_002,16385,bridge,2,4/5,67782643201/260402769,0.010795703183502385,1,0.22903914522699712,110.82830485406203,0.0013952383016712668,1.2589187423812963e-05,0.002066612365212969
source_00_002,16385,bridge,3,9/10,361,-0.17169389486090306,0,,,,,
source_00_002,16385,bridge,4,97/100,38809/9,-3.429654489788473,0,,,,,
source_00_002,16385,bridge,5,199/200,159201,-42.41262801435819,0,,,,,
source_00_002,16385,intersection,0,0,3704728004289/29716588225,0.32229461140742044,1,0.021846015324780598,6.782974071064921,0.0010013911012545223,0.00014763304278668794,0.00322071337674313
source_00_002,16385,intersection,1,1/2,411636444921/29716588225,0.7775346472288976,1,0.004025448422349273,0.3696623199250716,0.0011261381186885868,0.003046396827561025,0.010889528646482573
source_00_002,16385,intersection,2,4/5,45737382769/29716588225,0.926226709457013,1,0.0026695825158435634,0.051608313707509436,0.0013952383016712668,0.027035146111899565,0.0517277609761374
source_00_002,16385,intersection,3,9/10,20660561161321/3451870442241,0.8541528877114808,1,0.0029679556329631493,0.1760522796945216,0.0015173136914192005,0.008618540436124873,0.016858376603319306
source_00_002,16385,intersection,4,97/100,2221096172049049/31066833980169,0.48962964738797377,1,0.00543791000120738,1.2244569946429462,0.0016123981245469818,0.0013168270764929231,0.004441078800642635
source_00_002,16385,intersection,5,199/200,1012367496904729/383541160249,-2.37460740499328,0,,,,,
source_00_002,16385,lag,0,0,3696971408001/30415708801,0.33102252883813904,1,0.021270011574781665,6.506541060832261,0.0010013911012545223,0.00015390529190427224,0.0032690198026754614
source_00_002,16385,lag,1,1/2,410774600889/30415708801,0.7803579351245473,1,0.004010884592991188,0.36342885689762067,0.0011261381186885868,0.003098648049859795,0.011036230384207136
source_00_002,16385,lag,2,4/5,45641622321/30415708801,0.9271582478761641,1,0.0026669003214260527,0.05033270271648441,0.0013952383016712668,0.02772031356095475,0.05298543844244269
source_00_002,16385,lag,3,9/10,79683692089/13505926225,0.855202612074818,1,0.002964312595286187,0.1745420540981673,0.0015173136914192005,0.008693112380617573,0.016983371775944466
source_00_002,16385,lag,4,97/100,8566327995241/121553336025,0.49334758291346337,1,0.005396929160359823,1.2053442544597188,0.0016123981245469818,0.0013377075624504636,0.004477500216549282
source_00_002,16385,lag,5,199/200,35140508211249/13505926225,-2.3481131784433713,0,,,,,
source_00_002,65537,bridge,0,0,4304160174609/506475025,-1.9973711807417804,0,,,,,
source_00_002,65537,bridge,1,1/2,478240019401/506475025,0.05943912468454192,1,0.05247463212727324,23.905911462295332,0.0008374837366348093,3.503249553800523e-05,0.002195048375797627
source_00_002,65537,bridge,2,4/5,478240019401/4558275225,0.6929866917391216,1,0.003574004647587902,0.46166715136882486,0.0014799112368661853,0.0032055805410419755,0.007741518184672918
source_00_002,65537,bridge,3,9/10,361,0.42534772889233374,1,0.005976133433841187,1.5374800565819842,0.0016809933992126104,0.0010933432222527003,0.003886966473650982
source_00_002,65537,bridge,4,97/100,38809/9,-1.0811078871192372,0,,,,,
source_00_002,65537,bridge,5,199/200,159201,-15.769461748830798,0,,,,,
source_00_002,65537,intersection,0,0,226531258209/2336272225,0.7049749271427166,1,0.009904692952084751,1.22605583582075,0.0003638321410578183,0.0002967500585438351,0.008078500719711773
source_00_002,65537,intersection,1,1/2,25170139801/2336272225,0.9023264937318101,1,0.003456671419331624,0.13664464660631517,0.0008374837366348093,0.006128917286073204,0.025296793582339067
source_00_002,65537,intersection,2,4/5,25170139801/21026450025,0.9675164073199631,1,0.002559892150927746,0.02046744773159789,0.0014799112368661853,0.07230560723902475,0.12507139065393844
source_00_002,65537,intersection,3,9/10,18338547216609/3503504215225,0.9319894121190887,1,0.0027274288211732245,0.07528736973498681,0.0016809933992126104,0.022327694607073453,0.03622691071256485
source_00_002,65537,intersection,4,97/100,219052224970569/3503504215225,0.7635679836460793,1,0.0034976119638769677,0.34238430748602033,0.0018178654623802247,0.00530942985012375,0.010215456396230357
source_00_002,65537,intersection,5,199/200,165046924949481/71500086025,-0.49639589604434764,0,,,,,
source_00_002,65537,lag,0,0,226327596121/2357005401,0.7064219680719951,1,0.009884404092534247,1.2171360359027394,0.0003638321410578183,0.00029892479585321547,0.008121034790661726
source_00_002,65537,lag,1,1/2,226327596121/21213048609,0.9028023676398909,1,0.0034548493818666926,0.13590624512804964,0.0008374837366348093,0.006162216724078718,0.025420828738308268
source_00_002,65537,lag,2,4/5,226327596121/190917437481,0.9676743127261739,1,0.0025594744269015605,0.020290655927731927,0.0014799112368661853,0.07293560356733171,0.12614054646717654
source_00_002,65537,lag,3,9/10,18216703218609/3506312425225,0.9322434771867748,1,0.0027266855127940108,0.0749906114433255,0.0016809933992126104,0.022416051381085603,0.036360358454400867
source_00_002,65537,lag,4,97/100,217596809852569/3506312425225,0.7644563192235383,1,0.0034935475679585535,0.340634694082052,0.0018178654623802247,0.005336700852739145,0.010255994555613376
source_00_002,65537,lag,5,199/200,8033566119406569/3506312425225,-0.49055333704247006,0,,,,,
source_00_003,16385,bridge,0,0,68229096849/877969,-25.18211493351205,0,,,,,
source_00_003,16385,bridge,1,1/2,7581010761/877969,-5.58425170209824,0,,,,,
source_00_003,16385,bridge,2,4/5,842334529/877969,-0.9566261293209936,0,,,,,
source_00_003,16385,bridge,3,9/10,361,-0.17197994433004685,0,,,,,
source_00_003,16385,bridge,4,97/100,38809/9,-3.430821902359509,0,,,,,
source_00_003,16385,bridge,5,199/200,159201,-42.42748084946826,0,,,,,
source_00_003,16385,intersection,0,0,3672608124025/32669478009,0.3570414737285579,1,0.019187294503236304,5.4542975971584085,0.004477209461782055,0.0008208590349222237,0.003517830510977718
source_00_003,16385,intersection,1,1/2,3672608124025/294025302081,0.7887806821058262,1,0.003976261686544839,0.3364076094316707,0.0031704650119553503,0.009424474723718513,0.011819773319819855
source_00_003,16385,intersection,2,4/5,62087183929/42160819561,0.9278249230793134,1,0.002750234418457361,0.0496788296616433,0.0034499766154883127,0.06944560970911955,0.05536029003076131
source_00_003,16385,intersection,3,9/10,22413473398369/3415026384441,0.8472017162982107,1,0.003105318312563896,0.1879451716175184,0.0037204068622374645,0.019795171273719943,0.016522469217157845
source_00_003,16385,intersection,4,97/100,2409541521100561/30735237459969,0.4649937048357291,1,0.005952139184419166,1.374040852610393,0.003962442799352725,0.0028837882016571077,0.004331850230734649
source_00_003,16385,intersection,5,199/200,22413473398369/7743824001,-2.5508480993821165,0,,,,,
source_00_003,16385,lag,0,0,3664724436409/33417668025,0.3651322788205463,1,0.01876213170861917,5.25684931134521,0.004477209461782055,0.0008516906604340827,0.003569083037652834
source_00_003,16385,lag,1,1/2,3664724436409/300759012225,0.7914017008631822,1,0.00396309282874074,0.3309507455813054,0.0031704650119553503,0.00957986967633664,0.01197487203656146
source_00_003,16385,lag,2,4/5,4966368246225/3420787114369,0.9283379156864929,1,0.0027487146594333688,0.048988675040402545,0.0034499766154883127,0.07042396253099324,0.05610918558557493
source_00_003,16385,lag,3,9/10,22134060949225/3420787114369,0.8482907576014149,1,0.0031013316843097574,0.1863330439417177,0.0037204068622374645,0.019966436352540636,0.016644024155371008
source_00_003,16385,lag,4,97/100,2379503521824025/30787084029321,0.46885527424343565,1,0.005903116383892812,1.3516936958757033,0.003962442799352725,0.0029314650289802755,0.004367199759756549
source_00_003,16385,lag,5,199/200,9761120878608225/3420787114369,-2.523144817619514,0,,,,,
source_00_003,65537,bridge,0,0,4371490637721/40208281,-12.153677286482521,0,,,,,
source_00_003,65537,bridge,1,1/2,485721181969/40208281,-2.634992728236084,0,,,,,
source_00_003,65537,bridge,2,4/5,485721181969/361874529,-0.1283790908277958,0,,,,,
source_00_003,65537,bridge,3,9/10,361,0.42520996951267737,1,0.006192458305271314,1.5497141863250603,0.00084855873182585,0.000547558213839478,0.0039958712128433825
source_00_003,65537,bridge,4,97/100,38809/9,-1.0816286992345747,0,,,,,
source_00_003,65537,bridge,5,199/200,159201,-15.774566144868094,0,,,,,
source_00_003,65537,intersection,0,0,903539599209/9609684841,0.7094565159701404,1,0.009884414183973565,1.1707331150166762,0.0008680964434169704,0.0007414981538338095,0.008442926963616953
source_00_003,65537,intersection,1,1/2,100393288801/9609684841,0.9038004094015419,1,0.003513453188438839,0.13310906930303504,0.000686691510020826,0.0051588634314429,0.026395295278041044
source_00_003,65537,intersection,2,4/5,1059205297329/872772613729,0.9672848149548021,1,0.002643322021437573,0.020880683451443973,0.0007825093289977657,0.03747527377719298,0.12659173860780779
source_00_003,65537,intersection,3,9/10,4720655707849/872772613729,0.9308462899357844,1,0.002828710857701961,0.07725849221976354,0.00084855873182585,0.010983371632623964,0.03661359128852306
source_00_003,65537,intersection,4,97/100,507490103506681/7854953523561,0.7595705988907995,1,0.003645751614802208,0.3533072753086139,0.0009049410774316509,0.0025613428895320226,0.010318925959330002
source_00_003,65537,intersection,5,199/200,2081809167161409/872772613729,-0.5227068031157766,0,,,,,
source_00_003,65537,lag,0,0,3610839848841/38781818761,0.7108915265218437,1,0.009864461437144794,1.1622159387692257,0.0008680964434169704,0.0007469321444139505,0.0084876322102338
source_00_003,65537,lag,1,1/2,401204427649/38781818761,0.904272421735038,1,0.00351161923530896,0.13238684520005253,0.000686691510020826,0.005187007130377283,0.026525439366747346
source_00_003,65537,lag,2,4/5,12989388841/10783784025,0.9674075686759744,1,0.0026429866120146013,0.02074160391020664,0.0007825093289977657,0.037726558292471506,0.12742440861644388
source_00_003,65537,lag,3,9/10,4689169371601/873486506025,0.9311060974639593,1,0.0028279215594921624,0.0769518747569568,0.00084855873182585,0.011027135264812199,0.036749222399373775
source_00_003,65537,lag,4,97/100,504105191530369/7861378554225,0.7604791877211089,1,0.003641395822758486,0.35148113393601976,0.0009049410774316509,0.002574650500576733,0.01036014588316803
source_00_003,65537,lag,5,199/200,4689169371601/1980695025,-0.5167235398088803,0,,,,,
source_00_004,16385,bridge,0,0,1085295150625/46253601,-11.003809117216043,0,,,,,
source_00_004,16385,bridge,1,1/2,1085295150625/416282409,-2.353796782565242,0,,,,,
source_00_004,16385,bridge,2,4/5,1085295150625/3746541681,-0.04599082494692077,0,,,,,
source_00_004,16385,bridge,3,9/10,361,-0.17234879959732002,0,,,,,
source_00_004,16385,bridge,4,97/100,38809/9,-3.4323273158079344,0,,,,,
source_00_004,16385,bridge,5,199/200,159201,-42.4466361374575,0,,,,,
source_00_004,16385,intersection,0,0,3696471509641/30461069961,0.3312102997719683,1,0.023599075753433306,6.186050099898877,0.0001445705925163096,2.337042057235729e-05,0.0038148859728470478
source_00_004,16385,intersection,1,1/2,3696471509641/274149629649,0.7804186863130862,1,0.004537274652785524,0.3527670725164593,0.00022825833560220047,0.0006470511376640757,0.01286195624897453
source_00_004,16385,intersection,2,4/5,3696471509641/2467346666841,0.9271782939253728,1,0.0030795084362493967,0.05020778179122711,0.00031816032236903365,0.006336872712122612,0.06133528163133239
source_00_004,16385,intersection,3,9/10,5351213466361/859004580625,0.8511112013943823,1,0.003455074872290237,0.17982561361902966,0.0003547425414438611,0.001972703077746213,0.01921347467002115
source_00_004,16385,intersection,4,97/100,575277682592809/7731041225625,0.47885292728568085,1,0.006458657311332312,1.2763156835862524,0.00038231802461662393,0.000299548167850111,0.005060391715303905
source_00_004,16385,intersection,5,199/200,2359885138665201/859004580625,-2.451555933758711,0,,,,,
source_00_004,16385,lag,0,0,230527697689/1949664025,0.3400304799346541,1,0.022986930336769035,5.934584458771698,0.0001445705925163096,2.436069341007102e-05,0.003873384985328311
source_00_004,16385,lag,1,1/2,230527697689/17546976225,0.7832729012249454,1,0.004520741006654108,0.34670899605983724,0.00022825833560220047,0.0006583571184948607,0.013039006942507743
source_00_004,16385,lag,2,4/5,230527697689/157922786025,0.9281201605468404,1,0.003076383316970744,0.04894986504663903,0.00031816032236903365,0.0064997180700272226,0.06284763633239011
source_00_004,16385,lag,3,9/10,21130947179281/3441815275369,0.8521970989237689,1,0.0034506723024241765,0.17825926021667668,0.0003547425414438611,0.0019900371010889784,0.01935760475068636
source_00_004,16385,lag,4,97/100,2271664623492289/30976337478321,0.48270088768260816,1,0.006407170649124902,1.2556896195550467,0.00038231802461662393,0.00030446857142300674,0.005102511440203894
source_00_004,16385,lag,5,199/200,9318747706062921/3441815275369,-2.424054421091323,0,,,,,
source_00_004,65537,bridge,0,0,1090276370569/19474569,-7.758587724349577,0,,,,,
source_00_004,65537,bridge,1,1/2,1090276370569/175271121,-1.5333152063924205,0,,,,,
source_00_004,65537,bridge,2,4/5,1090276370569/1577440089,0.19847426843113083,1,0.014484867925684262,4.6825392784969235,0.0006482475797718667,0.00013843932559172287,0.003093378840878372
source_00_004,65537,bridge,3,9/10,361,0.4250323331453363,1,0.006955434328327212,1.5349821129094101,0.000666296460842195,0.00043407441379189393,0.004531280377687176
source_00_004,65537,bridge,4,97/100,38809/9,-1.0823002849204175,0,,,,,
source_00_004,65537,bridge,5,199/200,159201,-15.781148840426384,0,,,,,
source_00_004,65537,intersection,0,0,227730338521/2216243929,0.6960342082616041,1,0.011409319428679779,1.2508359938180482,0.001859863314764885,0.0014868962229715212,0.009121355225679112
source_00_004,65537,intersection,1,1/2,227730338521/19946195361,0.8993869329616904,1,0.003984479963393014,0.1395830652667145,0.0008201020671534892,0.00587536937655326,0.028545582917093082
source_00_004,65537,intersection,2,4/5,227730338521/179515758249,0.9665410736029141,1,0.002974393580766569,0.021885531534500874,0.0006482475797718667,0.029619914816779922,0.1359068467712408
source_00_004,65537,intersection,3,9/10,17787517125625/3516288781329,0.9331074848397937,1,0.003168214303966973,0.0741682436928591,0.000666296460842195,0.008983581485378301,0.04271658793872731
source_00_004,65537,intersection,4,97/100,1912232000355625/31646599031961,0.7674770269474337,1,0.004049336629562803,0.3342754792649181,0.0007013424563751916,0.0020980972278237847,0.012113771068303953
source_00_004,65537,intersection,5,199/200,871588339155625/390698753481,-0.4706984536003367,0,,,,,
source_00_004,65537,lag,0,0,910056852961/8950484449,0.6976499398765568,1,0.011382895864292641,1.2408499492648377,0.001859863314764885,0.0014988623853083864,0.009173466841044422
source_00_004,65537,lag,1,1/2,910056852961/80554360041,0.8999180717036118,1,0.0039821282919003395,0.13876506897385799,0.0008201020671534892,0.005910003671802942,0.028696907091586097
source_00_004,65537,lag,2,4/5,910056852961/724989240369,0.9667172933543253,1,0.0029738513882341657,0.021683134146545262,0.0006482475797718667,0.029896396682817687,0.1371504399749325
source_00_004,65537,lag,3,9/10,17662090511641/3519229673521,0.9333722189901177,1,0.003167315697275301,0.07386093850678016,0.000666296460842195,0.009020958497312234,0.04288214801094835
source_00_004,65537,lag,4,97/100,1898748118189129/31673067061689,0.7684024913179812,1,0.004044459606365513,0.332478866587382,0.0007013424563751916,0.0021094346945232535,0.0121645614588335
source_00_004,65537,lag,5,199/200,7788981915633681/3519229673521,-0.46461922985591597,0,,,,,
source_00_005,16385,bridge,0,0,4309315140321/452115169,-5.973582462425941,0,,,,,
source_00_005,16385,bridge,1,1/2,478812793369/452115169,-1.0617465237065653,0,,,,,
source_00_005,16385,bridge,2,4/5,478812793369/4069036521,0.3419490436276725,1,0.007536517206373066,2.1970151205836514,0.0017176807373080701,0.0007818247226499548,0.0034303438040840344
source_00_005,16385,bridge,3,9/10,361,-0.1718100140708989,0,,,,,
source_00_005,16385,bridge,4,97/100,38809/9,-3.430128385729626,0,,,,,
source_00_005,16385,bridge,5,199/200,159201,-42.41865715691168,0,,,,,
source_00_005,16385,intersection,0,0,3672983749009/32634061201,0.356743290307646,1,0.019935166527496145,5.662155758682796,0.0010824703999683222,0.00019117637276374407,0.0035207732491155845
source_00_005,16385,intersection,1,1/2,3672983749009/293706550809,0.7886841027127149,1,0.004071134916860295,0.34413223588702396,0.0013136322166175122,0.0038172309351710023,0.011830146938622797
source_00_005,16385,intersection,2,4/5,555452712369/379752970081,0.9280800761467697,1,0.002776813032882322,0.049760897756617635,0.0017176807373080701,0.03451868464490551,0.055803113650879366
source_00_005,16385,intersection,3,9/10,22279825462801/3417776730729,0.8477433907290916,1,0.0031263320506149076,0.18827556329771297,0.00189658881598843,0.010073473066652981,0.016605086692378434
source_00_005,16385,intersection,4,97/100,2395173812703169/30759990576561,0.466914483250501,1,0.005967285660832991,1.370117522003742,0.002034981479503609,0.0014852605319049786,0.00435530935485452
source_00_005,16385,intersection,5,199/200,1091711447677249/379752970081,-2.537064608132089,0,,,,,
source_00_005,16385,lag,0,0,229074232689/2085840241,0.36475237240481284,1,0.019497438366095153,5.459139621449735,0.0010824703999683222,0.00019828589760099603,0.0035715222027820916
source_00_005,16385,lag,1,1/2,25452692521/2085840241,0.7912786098926562,1,0.004057786156208548,0.33860814100201664,0.0013136322166175122,0.0038795057104362082,0.011983722967205271
source_00_005,16385,lag,2,4/5,4937048470809/3423495372361,0.9285886314132221,1,0.0027752922702495974,0.0490735439330342,0.0017176807373080701,0.03500217428054552,0.05655373644986316
source_00_005,16385,lag,3,9/10,22003388863729/3423495372361,0.8488229909622479,1,0.0031223557341782597,0.18667018795803247,0.00189658881598843,0.010160105567659389,0.01672659018739636
source_00_005,16385,lag,4,97/100,2365455729674401/30811458351249,0.47074223994636016,1,0.0059187637401169725,1.348037439696205,0.002034981479503609,0.0015095882499837796,0.004390652340821358
source_00_005,16385,lag,5,199/200,9703494488904489/3423495372361,-2.5096181227271637,0,,,,,
source_00_005,65537,bridge,0,0,67661894161/4100625,-3.321524702545498,0,,,,,
source_00_005,65537,bridge,1,1/2,67661894161/36905625,-0.3267798603565358,0,,,,,
source_00_005,65537,bridge,2,4/5,67661894161/332150625,0.5703765325284099,1,0.004496106516252246,0.8122755063197908,0.0008234741149418157,0.001013786712186808,0.005535198933454163
source_00_005,65537,bridge,3,9/10,361,0.4252918065725403,1,0.006205149337699437,1.550521738146061,0.000870297418863657,0.0005612932714534274,0.004001975067514278
source_00_005,65537,bridge,4,97/100,38809/9,-1.0813193054186834,0,,,,,
source_00_005,65537,bridge,5,199/200,159201,-15.771533777332353,0,,,,,
source_00_005,65537,intersection,0,0,219306481/2480625,0.7183927722381463,1,0.00978900945122678,1.119948799713484,0.0015543307451090637,0.0013878587534597183,0.008740586581932224
source_00_005,65537,intersection,1,1/2,219306481/22325625,0.9067402716485045,1,0.003511977603755651,0.12881806786250968,0.0008672447134332879,0.006732322009043926,0.027263082438901822
source_00_005,65537,intersection,2,4/5,4412785039569/3473545425025,0.9665319359346158,1,0.002653273574595912,0.021784288644735115,0.0008234741149418157,0.03780128552147307,0.1217975770458386
source_00_005,65537,intersection,3,9/10,19666856781289/3473545425025,0.9292527717734483,1,0.0028399153083462454,0.07921645787463925,0.000870297418863657,0.01098632080016643,0.0358500668237456
source_00_005,65537,intersection,4,97/100,2114268822230041/31261908825225,0.7539969377373409,1,0.0036801469427769737,0.36486342224939156,0.0009213442488760982,0.0025251757032699776,0.010086368537818292
source_00_005,65537,intersection,5,199/200,8673083840548449/3473545425025,-0.5594479887286133,0,,,,,
source_00_005,65537,lag,0,0,3589907037025/40984787809,0.7197089029882576,1,0.009771108302167214,1.1123413176472783,0.0015543307451090637,0.0013973505438030843,0.008784271650390692
source_00_005,65537,lag,1,1/2,3589907037025/368863090281,0.9071733538859745,1,0.0035103009946356144,0.12815966315646604,0.0008672447134332879,0.00676690849580727,0.02739006102372476
source_00_005,65537,lag,2,4/5,274036545225/217270651129,0.96665255497477,1,0.0026529424987505245,0.02164410052317518,0.0008234741149418157,0.038046123194636336,0.12257115955961838
source_00_005,65537,lag,3,9/10,1221323368225/217270651129,0.9295080762006298,1,0.0028391352796734394,0.0789136049966162,0.000870297418863657,0.011028483857770471,0.035977766822275846
source_00_005,65537,lag,4,97/100,131297336835025/1955435860161,0.7548900188273445,1,0.003675793103726175,0.36303675474990676,0.0009213442488760982,0.00253788145916742,0.010125126603939594
source_00_005,65537,lag,5,199/200,10991910314025/4434094921,-0.5535565391801139,0,,,,,
source_00_006,16385,bridge,0,0,1074388221729/145178401,-5.016941171897443,0,,,,,
source_00_006,16385,bridge,1,1/2,119376469081/145178401,-0.8018520013143343,0,,,,,
source_00_006,16385,bridge,2,4/5,119376469081/1306605609,0.42202656133797894,1,0.005472253407749474,1.5203777690411784,0.0005299862940061314,0.00034858855792160496,0.0035992721803611567
source_00_006,16385,bridge,3,9/10,361,-0.17110946653875087,0,,,,,
source_00_006,16385,bridge,4,97/100,38809/9,-3.4272694675637285,0,,,,,
source_00_006,16385,bridge,5,199/200,159201,-42.38228814275924,0,,,,,
source_00_006,16385,intersection,0,0,3676526300329/32301075625,0.3534261296816025,1,0.018162740939860256,5.732913311504974,0.0017950862884803197,0.00031311938467269154,0.0031681520289886032
source_00_006,16385,intersection,1,1/2,3676526300329/290709680625,0.7876097815254918,1,0.003666459456677551,0.343948664530531,0.0007299204055143281,0.0021221783387664114,0.010659903162240926
source_00_006,16385,intersection,2,4/5,4904785355625/3426486059929,0.9288951477852003,1,0.0024862184864987433,0.04793173440397909,0.0005299862940061314,0.011057106541133928,0.05186998796130249
source_00_006,16385,intersection,3,9/10,21859598930625/3426486059929,0.8494736671361223,1,0.0027940001544208056,0.18349674245840283,0.0005365358265486321,0.002923952868919514,0.015226429183363742
source_00_006,16385,intersection,4,97/100,261110857155625/3426486059929,0.47304890637413527,1,0.0052734742522368505,1.320328207546973,0.0005628957846510063,0.0004263301968658275,0.003994063159518795
source_00_006,16385,intersection,5,199/200,9640083128405625/3426486059929,-2.49309225098333,0,,,,,
source_00_006,16385,lag,0,0,3668914224481/33018887521,0.3613217916939398,1,0.017765845798256807,5.529418115792219,0.0017950862884803197,0.00032464289205287047,0.0032129684220328545
source_00_006,16385,lag,1,1/2,3668914224481/297169987689,0.7901671801180298,1,0.0036545928561782693,0.3385204172408953,0.0007299204055143281,0.002156207922297661,0.01079578267675836
source_00_006,16385,lag,2,4/5,1211124461121/858026132209,0.9293925887248401,1,0.002484887782041792,0.04727433999765568,0.0005299862940061314,0.011210866064601074,0.052563140641731156
source_00_006,16385,lag,3,9/10,5397727536601/858026132209,0.8505296074010994,1,0.0027905313777459753,0.18195056826891282,0.0005365358265486321,0.0029487999496416086,0.01533675549516133
source_00_006,16385,lag,4,97/100,580278138415369/7722235189881,0.4767917234031622,1,0.005232077457232677,1.299539843491238,0.0005628957846510063,0.0004331500780605358,0.004026100071835122
source_00_006,16385,lag,5,199/200,2380397843641041/858026132209,-2.466299343613532,0,,,,,
source_00_006,65537,bridge,0,0,4306517296225/481231969,-2.0812855969144124,0,,,,,
source_00_006,65537,bridge,1,1/2,4306517296225/4331087721,0.03451408310493335,1,0.082736997888176,41.726001137537445,6.575257387610678e-05,1.5758177655072393e-06,0.0019828642964241387
source_00_006,65537,bridge,2,4/5,4306517296225/38979789489,0.6850168368212449,1,0.0033460863691049435,0.47652306028295693,0.000468854907032423,0.0009839081171727961,0.0070218771094059
source_00_006,65537,bridge,3,9/10,361,0.4256291889600564,1,0.0055383219158134335,1.5278224977952737,0.0005875548878025017,0.0003845701242456984,0.003624977328063644
source_00_006,65537,bridge,4,97/100,38809/9,-1.0800438326424304,0,,,,,
source_00_006,65537,bridge,5,199/200,159201,-15.759034368200185,0,,,,,
source_00_006,65537,intersection,0,0,3629371718281/36887427721,0.7029327712305057,1,0.008997136187817311,1.2033670349642205,0.0015517901707179696,0.0012895402031385286,0.007476635080073322
source_00_006,65537,intersection,1,1/2,3629371718281/331986849489,0.9016549628177319,1,0.0031670558458873083,0.13504793310360597,6.575257387610678e-05,0.00048688323001332254,0.02345134629685601
source_00_006,65537,intersection,2,4/5,3629371718281/2987881645401,0.9672935845400844,1,0.0023696275225321395,0.020403410072256767,0.000468854907032423,0.022979242458589875,0.11613879808033685
source_00_006,65537,intersection,3,9/10,4574512493721/876109104049,0.9321064968279376,1,0.0025289722507561476,0.0746041656497647,0.0005875548878025017,0.00787563110833282,0.03389853942779299
source_00_006,65537,intersection,4,97/100,54642122304961/876109104049,0.7639773737119374,1,0.003243723842465959,0.3399008334691474,0.0006529428767638925,0.0019209805109911852,0.009543147656801464
source_00_006,65537,intersection,5,199/200,2017360009730961/876109104049,-0.4937031456614314,0,,,,,
source_00_006,65537,lag,0,0,3625996682025/37228544809,0.7044497372948241,1,0.008977761703662655,1.1942213043847072,0.0015517901707179696,0.001299415916480816,0.00751767002539636
source_00_006,65537,lag,1,1/2,402888520225/37228544809,0.9021537874234233,1,0.00316530469724109,0.13428622664077827,6.575257387610678e-05,0.0004896449585406692,0.02357132802389647
source_00_006,65537,lag,2,4/5,402888520225/335056903281,0.967459100436528,1,0.0023692221193234125,0.020218094495830934,0.000468854907032423,0.023189866242296134,0.1171832548221573
source_00_006,65537,lag,3,9/10,4543194201529/876831850449,0.9323678140369931,1,0.002528263448971705,0.07430055407803245,0.0005875548878025017,0.007907813004805262,0.03402751810324933
source_00_006,65537,lag,4,97/100,488412254202601/7891486654041,0.7648910477024652,1,0.003239849164998863,0.33811144782130814,0.0006529428767638925,0.0019311469072439476,0.00958219304869891
source_00_006,65537,lag,5,199/200,222616515874921/97425761161,-0.48769473521429463,0,,,,,
source_00_007,16385,bridge,0,0,1081290102201/76125625,-7.837110466188275,0,,,,,
source_00_007,16385,bridge,1,1/2,120143344689/76125625,-1.5536966426457852,0,,,,,
source_00_007,16385,bridge,2,4/5,13349260521/76125625,0.19232410201625375,1,0.01482092334523262,4.8754938952677485,0.0021387960174317393,0.0004386829444105545,0.00303988142813964
source_00_007,16385,bridge,3,9/10,361,-0.17243708213005593,0,,,,,
source_00_007,16385,bridge,4,97/100,38809/9,-3.4326876339752883,0,,,,,
source_00_007,16385,bridge,5,199/200,159201,-42.451221276213104,0,,,,,
source_00_007,16385,intersection,0,0,3663698418241/33515723329,0.3659289773188589,1,0.021640431593908112,5.382321569414861,0.00010085225248080863,1.8737686178749217e-05,0.00402065006982865
source_00_007,16385,intersection,1,1/2,3663698418241/301641509961,0.7916598403444349,1,0.004499228503037375,0.33392329222503236,0.0013337732682648692,0.003994250474046098,0.013473838476668245
source_00_007,16385,intersection,2,4/5,34047225/23164969,0.9278679507302676,1,0.0030720112395090323,0.04959441737144935,0.0021387960174317393,0.04312574137957324,0.061942682308382874
source_00_007,16385,intersection,3,9/10,1365672025/208484721,0.8472930621256142,1,0.0034597862506984883,0.18633560576065455,0.0024180152904367683,0.012976667988740028,0.018567499413625406
source_00_007,16385,intersection,4,97/100,146815417225/1876362489,0.46531762921419945,1,0.0066228506855838245,1.358315203689076,0.00261670509263357,0.0019264343692294741,0.00487578337310566
source_00_007,16385,intersection,5,199/200,66917929225/23164969,-2.5485231160461814,0,,,,,
source_00_007,16385,lag,0,0,228511724841/2139895081,0.3734550176370387,1,0.021204323487210096,5.202546669041444,0.00010085225248080863,1.938517016693872e-05,0.0040757584383413
source_00_007,16385,lag,1,1/2,25390191649/2139895081,0.7940987958278921,1,0.004485409796742311,0.3288394136966417,0.0013337732682648692,0.004056001843791423,0.013640122229630769
source_00_007,16385,lag,2,4/5,4959711615681/3421401188209,0.9283655516151921,1,0.0030703646515797215,0.048930121864183135,0.0021387960174317393,0.04371123422435902,0.0627499898754029
source_00_007,16385,lag,3,9/10,22104393743961/3421401188209,0.8483494251981135,1,0.0034554781315138433,0.18478718237138683,0.0024180152904367683,0.013085405921591579,0.01869977174374029
source_00_007,16385,lag,4,97/100,264034908220801/3421401188209,0.4690632808037968,1,0.006569964663135823,1.3368887956740987,0.00261670509263357,0.0019573094644077336,0.004914368857301294
source_00_007,16385,lag,5,199/200,9748037641086801/3421401188209,-2.5216533838053126,0,,,,,
source_00_007,65537,bridge,0,0,4359096744025/86620249,-7.21920800927851,0,,,,,
source_00_007,65537,bridge,1,1/2,4359096744025/779582241,-1.3925202795137475,0,,,,,
source_00_007,65537,bridge,2,4/5,4359096744025/7016240169,0.24107276500420521,1,0.011932473978586088,3.6501525161182,0.00012675240145687962,3.472523432847569e-05,0.0032690343556591507
source_00_007,65537,bridge,3,9/10,361,0.4249898175965684,1,0.006952472130835172,1.5474670444445071,0.00018288434099496343,0.00011818302796917608,0.004492807879686313
source_00_007,65537,bridge,4,97/100,38809/9,-1.0824610249599758,0,,,,,
source_00_007,65537,bridge,5,199/200,159201,-15.782724468342545,0,,,,,
source_00_007,65537,intersection,0,0,3644322998121/35397035881,0.6957123675052873,1,0.011558022069509006,1.2792797799000315,0.0010832847747144828,0.0008467926967462389,0.009034788363818429
source_00_007,65537,intersection,1,1/2,404924777569/35397035881,0.8992811389801243,1,0.004011107087395377,0.14182740707874844,0.00016847369380182042,0.0011878782618388903,0.028281607694965787
source_00_007,65537,intersection,2,4/5,404924777569/318573322929,0.9665059740835631,1,0.0029762821674082793,0.02210061938654249,0.00012675240145687962,0.0057352420418615825,0.13466962691645634
source_00_007,65537,intersection,3,9/10,17697561681409/3518396796121,0.9332924296561472,1,0.003165920743423876,0.07451724724407077,0.00018288434099496343,0.0024542551927066157,0.042485744716982736
source_00_007,65537,intersection,4,97/100,1902561416326321/31665571165089,0.7681235660918426,1,0.0040424654428675,0.33553443326827914,0.00020959936290438093,0.00062467318439653,0.012047840823643026
source_00_007,65537,intersection,5,199/200,7804624701501369/3518396796121,-0.4664512570657926,0,,,,,
source_00_007,65537,lag,0,0,3640910485689/35734231225,0.6973097765240462,1,0.011531544757252061,1.269187299667677,0.0010832847747144828,0.0008535263274365645,0.009085770681972213
source_00_007,65537,lag,1,1/2,404545609521/35734231225,0.8998062467615573,1,0.004008766290639038,0.14100623448447278,0.00016847369380182042,0.001194796062867506,0.028429709546498618
source_00_007,65537,lag,2,4/5,44949512169/35734231225,0.9666801920227646,1,0.002975745773107489,0.021898472120813733,0.00012675240145687962,0.00578818470793704,0.13588828283043303
source_00_007,65537,lag,3,9/10,4393471715721/880326198049,0.9335539848804517,1,0.0031650337426466445,0.07421136416607446,0.00018288434099496343,0.0024643710980126214,0.04264890934444689
source_00_007,65537,lag,4,97/100,52479607206961/880326198049,0.7690378891830808,1,0.004037659282401372,0.33374932628055565,0.00020959936290438093,0.000628014340104429,0.01209787994899874
source_00_007,65537,lag,5,199/200,1937521026632961/880326198049,-0.46044643324802104,0,,,,,
source_00_008,16385,bridge,0,0,4367987140729/51538041,-26.79245115685928,0,,,,,
source_00_008,16385,bridge,1,1/2,4367987140729/463842369,-5.92641805273215,0,,,,,
source_00_008,16385,bridge,2,4/5,4367987140729/4174581321,-1.0490579805898712,0,,,,,
source_00_008,16385,bridge,3,9/10,361,-0.17209944799859192,0,,,,,
source_00_008,16385,bridge,4,97/100,38809/9,-3.4313096270322165,0,,,,,
source_00_008,16385,bridge,5,199/200,159201,-42.43368652956661,0,,,,,
source_00_008,16385,intersection,0,0,3694872062025/30606452809,0.333123652170652,1,0.022615326169602885,6.415708561364831,0.0020188206709833762,0.00031466838801572794,0.0035249927507292923
source_00_008,16385,intersection,1,1/2,410541340225/30606452809,0.7810377576327102,1,0.004342401983494325,0.3652405990348727,0.0011691812299407895,0.0032011261426859,0.011889154696846059
source_00_008,16385,intersection,2,4/5,410541340225/275458075281,0.9273825718304397,1,0.002927233994856844,0.051311708089434784,0.001118538380390673,0.021798891949593526,0.057048071558147354
source_00_008,16385,intersection,3,9/10,5320491211161/859653480625,0.8516283237083446,1,0.0032765710911386936,0.18428435283885164,0.0011781808997198735,0.006393276919989727,0.017779974483259072
source_00_008,16385,intersection,4,97/100,63552768056001/859653480625,0.4806854748386468,1,0.006101939384493902,1.3040060016940593,0.0012426963953311373,0.000952983647097273,0.004679379831509023
source_00_008,16385,intersection,5,199/200,2346336624122001/859653480625,-2.4384550372045295,0,,,,,
source_00_008,16385,lag,0,0,3687002904649/31327230025,0.3417291177255449,1,0.022045824186100595,6.161723161756372,0.0020188206709833762,0.00032763897662807685,0.003577866711528229
source_00_008,16385,lag,1,1/2,3687002904649/281945070225,0.7838227037538252,1,0.004326973295983312,0.35910321912811766,0.0011691812299407895,0.003255836115252588,0.012049385985703383
source_00_008,16385,lag,2,4/5,3687002904649/2537505632025,0.9283016047155688,1,0.00292433598812059,0.05004820406200312,0.001118538380390673,0.02234922114297951,0.05843038812137442
source_00_008,16385,lag,3,9/10,1313281620225/215270944729,0.8526985782708411,1,0.0032724585415824996,0.18269587709372187,0.0011781808997198735,0.006448864191475288,0.01791205468694703
source_00_008,16385,lag,4,97/100,15687025669225/215270944729,0.48447768685089504,1,0.0060541769209998715,1.2832358171794964,0.0012426963953311373,0.0009684084395824743,0.004717898955085841
source_00_008,16385,lag,5,199/200,579157194519225/215270944729,-2.4113653511049753,0,,,,,
source_00_008,65537,bridge,0,0,67761816721/3359889,-3.8387391671232205,0,,,,,
source_00_008,65537,bridge,1,1/2,67761816721/30239001,-0.47384049255664135,0,,,,,
source_00_008,65537,bridge,2,4/5,67761816721/272151009,0.5241723428312416,1,0.005103273123005922,0.9892716206332711,0.0003273794046396025,0.00033092974448214156,0.005158616720187645
source_00_008,65537,bridge,3,9/10,361,0.4251524177397494,1,0.006466734146668912,1.5491294149779655,0.00036313128843109936,0.0002344099110894905,0.004174431189637499
source_00_008,65537,bridge,4,97/100,38809/9,-1.0818462820446983,0,,,,,
source_00_008,65537,bridge,5,199/200,159201,-15.776698757864306,0,,,,,
source_00_008,65537,intersection,0,0,879656281/9665881,0.7141748589662386,1,0.010403476870827048,1.159202004686727,0.00022277403544266198,0.0001921787872536214,0.00897468847428242
source_00_008,65537,intersection,1,1/2,879656281/86992929,0.9053525096036179,1,0.003693100067969784,0.13189055730147137,0.0002503587034542843,0.0018982306889645036,0.028001246969699353
source_00_008,65537,intersection,2,4/5,479970454401/386974817329,0.9669231659435803,1,0.0027665017482369496,0.02143751642980479,0.0003273794046396025,0.015271330786454521,0.12904954532842502
source_00_008,65537,intersection,3,9/10,19252148226529/3482773355961,0.93008084754318,1,0.002956030827426367,0.07822740567222496,0.00036313128843109936,0.004641995798155825,0.03778766280211592
source_00_008,65537,intersection,4,97/100,2069685929427601/31344960203649,0.7568934918931091,1,0.0038179928576234853,0.3583875466300623,0.0003911559063122401,0.0010914327520314265,0.010653252027098267
source_00_008,65537,intersection,5,199/200,943355263099921/386974817329,-0.5403460884204808,0,,,,,
source_00_008,65537,lag,0,0,224989897561/2495701849,0.7155345083968083,1,0.010383708318454836,1.1511389888109178,0.00022277403544266198,0.00019352488066864886,0.009020377573329184
source_00_008,65537,lag,1,1/2,224989897561/22461316641,0.9057998276632383,1,0.003691276276105471,0.1312037031199683,0.0002503587034542843,0.0019081679670684651,0.028133933633948508
source_00_008,65537,lag,2,4/5,52984213489/43031768481,0.967043973808829,1,0.0027661561433012247,0.02129887594913434,0.0003273794046396025,0.01537073625018734,0.12987333932116032
source_00_008,65537,lag,3,9/10,19127301069529/3485573246961,0.9303365438753421,1,0.00295521838353678,0.07792523013964489,0.00036313128843109936,0.004659996355228655,0.03792376844111874
source_00_008,65537,lag,4,97/100,52984213489/808321761,0.7577878189840342,1,0.0038134869334584477,0.35657776836694427,0.0003911559063122401,0.0010969722204041403,0.010694685063859883
source_00_008,65537,lag,5,199/200,937237752406921/387285916329,-0.5344517760354289,0,,,,,
source_00_009,16385,bridge,0,0,4345036025625/160706329,-12.12093962813968,0,,,,,
source_00_009,16385,bridge,1,1/2,482781780625/160706329,-2.6270480533587017,0,,,,,
source_00_009,16385,bridge,2,4/5,482781780625/1446356961,-0.1260606300801756,0,,,,,
source_00_009,16385,bridge,3,9/10,361,-0.17277965923060296,0,,,,,
source_00_009,16385,bridge,4,97/100,38809/9,-3.4340858704046564,0,,,,,
source_00_009,16385,bridge,5,199/200,159201,-42.46901547497395,0,,,,,
source_00_009,16385,intersection,0,0,232591104729/1764924121,0.3021354388046173,1,0.03129295286929682,7.605595757755443,0.003623256749396657,0.0004763935482242813,0.00411446438464565
source_00_009,16385,intersection,1,1/2,25843456081/1764924121,0.7710175777485488,1,0.005457247105054724,0.391875058247807,0.0008833943527089788,0.002254275525109724,0.013925987352845936
source_00_009,16385,intersection,2,4/5,25843456081/15884317089,0.9240768701547396,1,0.0036023427184667706,0.05647467396330465,7.489365997405809e-05,0.0013261459468136368,0.06378687056799039
source_00_009,16385,intersection,3,9/10,5045751375625/865552983201,0.8559442683923075,1,0.003988756559311863,0.17761067392305668,5.53704467246344e-05,0.0003117517967902178,0.02245786512267751
source_00_009,16385,intersection,4,97/100,542439238605625/7789976848809,0.4959740108590174,1,0.007231021277261016,1.215693618681508,0.0001051325744603672,8.64794984894218e-05,0.005948062214148568
source_00_009,16385,intersection,5,199/200,247241817405625/96172553689,-2.329413437308856,0,,,,,
source_00_009,16385,lag,0,0,928357301169/7235713969,0.31163482144287913,1,0.030339068024816975,7.258366660624831,0.003623256749396657,0.0004991834828422338,0.004179875369124059
source_00_009,16385,lag,1,1/2,103150811241/7235713969,0.7740878533555452,1,0.005435601948635631,0.38484798008505205,0.0008833943527089788,0.002295437155506824,0.014124023588312334
source_00_009,16385,lag,2,4/5,11461201249/7235713969,0.9250896081045801,1,0.0035983990689571863,0.05501690592932327,7.489365997405809e-05,0.0013612844762711524,0.06540533329118547
source_00_009,16385,lag,3,9/10,55180359025/9606548169,0.8570095752761271,1,0.003983798330205558,0.17605671814219853,5.53704467246344e-05,0.00031450345836795887,0.022627925660797
source_00_009,16385,lag,4,97/100,2141494553401225/31211675001081,0.4997460236747732,1,0.007176442543991129,1.1964619422998535,0.0001051325744603672,8.78695516702187e-05,0.005998053335651016
source_00_009,16385,lag,5,199/200,2703837592225/1067394241,-2.302580998231176,0,,,,,
source_00_009,65537,bridge,0,0,1047881641/157609,-1.6267955520613229,0,,,,,
source_00_009,65537,bridge,1,1/2,1047881641/1418481,0.17029992345081638,1,0.024221698835626942,7.198415041757535,0.00024673543942545397,3.427635639153311e-05,0.003364865556531327
source_00_009,65537,bridge,2,4/5,1047881641/12766329,0.7285331345730044,1,0.0044980662696266355,0.38635477885467234,0.0003794913799966614,0.000982235501581326,0.01164232077822593
source_00_009,65537,bridge,3,9/10,361,0.4248248386175148,1,0.007917545002703457,1.5435457308086518,0.0005043029805863183,0.0003267172267854467,0.005129452820653079
source_00_009,65537,bridge,4,97/100,38809/9,-1.08308477593875,0,,,,,
source_00_009,65537,bridge,5,199/200,159201,-15.788839046815013,0,,,,,
source_00_009,65537,intersection,0,0,56827408225/564490081,0.6990581131190033,1,0.013204286694324925,1.2654908132146725,0.002129753530639462,0.0016829466546891317,0.010434122916137682
source_00_009,65537,intersection,1,1/2,56827408225/5080410729,0.9003810112125749,1,0.004581342127596379,0.14077382901306343,0.00024673543942545397,0.001752708164260827,0.032543990312085935
source_00_009,65537,intersection,2,4/5,56827408225/45723696561,0.9668708896826628,1,0.0033892739494967485,0.022033422295299476,0.0003794913799966614,0.01722344240992561,0.15382421777572897
source_00_009,65537,intersection,3,9/10,4475251399441/878409445225,0.9328447381762849,1,0.0036057123338619013,0.07520047937571236,0.0005043029805863183,0.006706113907422696,0.04794799665900062
source_00_009,65537,intersection,4,97/100,481108120667329/7905685007025,0.7665584695803269,1,0.00461024514974521,0.3377922077377276,0.0005667017259151413,0.001677663702518402,0.013648169034511144
source_00_009,65537,intersection,5,199/200,1973585867153481/878409445225,-0.47673406147093134,0,,,,,
source_00_009,65537,lag,0,0,3633625126849/36459993025,0.7005867946568466,1,0.013175474919047473,1.2558879439600479,0.002129753530639462,0.0016958149338737606,0.01049096376982707
source_00_009,65537,lag,1,1/2,3633625126849/328139937225,0.9008836010944818,1,0.004578786263335906,0.13998935067354512,0.00024673543942545397,0.0017625300655964933,0.032708104161534586
source_00_009,65537,lag,2,4/5,3633625126849/2953259435025,0.9670376451287754,1,0.0033886895049383666,0.02184265305670553,0.0003794913799966614,0.01737386841293807,0.15514092981933184
source_00_009,65537,lag,3,9/10,17778863817001/3516491303361,0.9331019987040985,1,0.0036047182223291415,0.07490030354566087,0.0005043029805863183,0.006732989810633867,0.04812688402700032
source_00_009,65537,lag,4,97/100,1911301733722969/31648421730249,0.7674578479373174,1,0.004604842436463633,0.33603454735512267,0.0005667017259151413,0.0016864388806911827,0.013703479218751926
source_00_009,65537,lag,5,199/200,871164327033049/390721255929,-0.47082445614760615,0,,,,,
source_00_010,16385,bridge,0,0,1084366086241/52519009,-10.09263832147385,0,,,,,
source_00_010,16385,bridge,1,1/2,1084366086241/472671081,-2.127661450452118,0,,,,,
source_00_010,16385,bridge,2,4/5,1084366086241/4254039729,0.020766700594386463,1,0.13539160369312908,56.853772455248034,0.00557194677329748,9.800487342653279e-05,0.002381400527110166
source_00_010,16385,bridge,3,9/10,361,-0.1725005201406677,0,,,,,
source_00_010,16385,bridge,4,97/100,38809/9,-3.432946553482729,0,,,,,
source_00_010,16385,bridge,5,199/200,159201,-42.45451617583466,0,,,,,
source_00_010,16385,intersection,0,0,3650541388321/34787099169,0.3789779199020724,1,0.02054813188043543,5.072284618377038,0.005186064307123289,0.0010224316451671548,0.004051060503582338
source_00_010,16385,intersection,1,1/2,3650541388321/313083892521,0.7958890938760753,1,0.004397818331387026,0.32465536557157365,0.004651613954634799,0.014327851771201678,0.013546113194970379
source_00_010,16385,intersection,2,4/5,5093773649721/3409122797161,0.9272666583363152,1,0.0030321772832139007,0.050481933839101656,0.00557194677329748,0.11037506588112582,0.060064602375935035
source_00_010,16385,intersection,3,9/10,22701880093201/3409122797161,0.8460165172390479,1,0.003422030472249619,0.18886359236283,0.0060855582178776695,0.03222197641028965,0.018119058466681503
source_00_010,16385,intersection,4,97/100,2440546439160769/30682105174449,0.4607903937378523,1,0.00660752165482546,1.39032730205447,0.006506619295995692,0.004679919099898951,0.004752493635895378
source_00_010,16385,intersection,5,199/200,10011529121101641/3409122797161,-2.581036125132079,0,,,,,
source_00_010,16385,lag,0,0,910820188161/8874958849,0.38599811269439793,1,0.02017442060419146,4.9160316232118735,0.005186064307123289,0.0010549289965175184,0.004103802040030524
source_00_010,16385,lag,1,1/2,101202243129/8874958849,0.7981653603879805,1,0.004385276310535215,0.3199737574571677,0.004651613954634799,0.014537485797589114,0.013705112398544859
source_00_010,16385,lag,2,4/5,5033745447201/3414597666769,0.9277557202810078,1,0.003030578885611639,0.0498212964032736,0.00557194677329748,0.11183865486349258,0.06082898487989785
source_00_010,16385,lag,3,9/10,22434346993081/3414597666769,0.8470548011412599,1,0.003417835892220761,0.18733050232110657,0.0060855582178776695,0.03248567714533913,0.018244951301962492
source_00_010,16385,lag,4,97/100,2411785519264489/30731379000921,0.4644727141217273,1,0.006555137497615134,1.3687381005237669,0.006506619295995692,0.004753735790291688,0.0047891831864011955
source_00_010,16385,lag,5,199/200,9893547023948721/3414597666769,-2.554587965379451,0,,,,,
source_00_010,65537,bridge,0,0,1080761922409/80622441,-2.8520869457477622,0,,,,,
source_00_010,65537,bridge,1,1/2,1080761922409/725601969,-0.19152899714073635,0,,,,,
source_00_010,65537,bridge,2,4/5,1080761922409/6530417721,0.6131014437058862,1,0.0045703339241275395,0.6662030403177126,0.00104859792984179,0.001573991510668749,0.006860271790335788
source_00_010,65537,bridge,3,9/10,361,0.42495926686590463,1,0.00676470246099053,1.5302883559730462,0.0011474801281180361,0.0007498456899571725,0.004420541027177286
source_00_010,65537,bridge,4,97/100,38809/9,-1.0825765297827683,0,,,,,
source_00_010,65537,bridge,5,199/200,159201,-15.783856709036163,0,,,,,
source_00_010,65537,intersection,0,0,3542035225/36252441,0.7036382754953544,1,0.01127370094155365,1.2327840981699432,0.0009076993555106426,0.0007363003439597526,0.009144911066170757
source_00_010,65537,intersection,1,1/2,3542035225/326271969,0.9018869498710286,1,0.003920770856151972,0.13719677950805695,0.0008603111703261886,0.006270636770126709,0.028577717860510877
source_00_010,65537,intersection,2,4/5,3542035225/2936447721,0.967370560109518,1,0.002896592518572566,0.02085047515421709,0.00104859792984179,0.05029132056157037,0.13892213473066672
source_00_010,65537,intersection,3,9/10,18221244763225/3506207565169,0.932188955346637,1,0.003083841512925395,0.074913585204322,0.0011474801281180361,0.015317383689331618,0.04116531740557357
source_00_010,65537,intersection,4,97/100,1958859523590025/31555868086521,0.7642656874488619,1,0.003951473687260283,0.33910770631742115,0.001227443350579961,0.003619626825675896,0.011652562338295886
source_00_010,65537,intersection,5,199/200,8035568940582225/3506207565169,-0.49180697933536377,0,,,,,
source_00_010,65537,lag,0,0,3623788140625/37452699729,0.7050947471115925,1,0.011250413538692414,1.2237865876477003,0.0009076993555106426,0.0007417137633902131,0.00919311720870988
source_00_010,65537,lag,1,1/2,3623788140625/337074297561,0.9023658965568051,1,0.00391868983756028,0.13645577083480762,0.0008603111703261886,0.006304688801821911,0.028717655644657333
source_00_010,65537,lag,2,4/5,3623788140625/3033668678049,0.9675294819100025,1,0.0028961167380336487,0.02067281455844061,0.00104859792984179,0.05072352034491851,0.14009300619644838
source_00_010,65537,lag,3,9/10,1131247087201/219313319481,0.9324426507833604,1,0.00308300247309946,0.07461935181491967,0.0011474801281180361,0.015377782039224368,0.04131639310867121
source_00_010,65537,lag,4,97/100,121613762346769/1973819875329,0.7651527007681216,1,0.0039468928894825514,0.3373759723029973,0.001227443350579961,0.0036382061893773347,0.011698796634924102
source_00_010,65537,lag,5,199/200,55431107272849/24368146609,-0.4859743972660878,0,,,,,
source_00_011,16385,bridge,0,0,4330723319521/259628769,-8.730282742015216,0,,,,,
source_00_011,16385,bridge,1,1/2,4330723319521/2336658921,-1.7835593655888544,0,,,,,
source_00_011,16385,bridge,2,4/5,4330723319521/21029930289,0.12324334647959123,1,0.02253990031112791,8.44211648687865,0.0028068649922461564,0.000332483565775098,0.0026699347664961813
source_00_011,16385,bridge,3,9/10,361,-0.17179747084396668,0,,,,,
source_00_011,16385,bridge,4,97/100,38809/9,-3.4300771950590203,0,,,,,
source_00_011,16385,bridge,5,199/200,159201,-42.418005872086574,0,,,,,
source_00_011,16385,intersection,0,0,230838928849/1921156561,0.33489201392656187,1,0.023619085520046046,6.413963431635816,0.006022860935316626,0.0009390232731309098,0.003682447798743099
source_00_011,16385,intersection,1,1/2,230838928849/17290409049,0.7816099613430598,1,0.0044983644377723,0.36241871135871023,0.0031073648743903354,0.008573963697240694,0.012412064545199393
source_00_011,16385,intersection,2,4/5,230838928849/155613681441,0.9275713897107465,1,0.002994802097686562,0.05027086360509993,0.0028068649922461564,0.05583482739217161,0.05957331708506281
source_00_011,16385,intersection,3,9/10,328353066441/53817040225,0.8527269999162517,1,0.0033401587552312497,0.17911840266846213,0.002948164657266696,0.016459306321101912,0.01864776988556386
source_00_011,16385,intersection,4,97/100,3922146554481/53817040225,0.48457838364792294,1,0.0061736365035859045,1.2562126314674467,0.003118910644770649,0.0024827887943837095,0.004914483701994114
source_00_011,16385,intersection,5,199/200,144803702300481/53817040225,-2.410646406644318,0,,,,,
source_00_011,16385,lag,0,0,921456005625/7858999801,0.34316820464793907,1,0.02304946381914004,6.170112988000514,0.006022860935316626,0.0009761346262264144,0.003735663165968934
source_00_011,16385,lag,1,1/2,102384000625/7858999801,0.7842885277448974,1,0.004483001255193455,0.3565523099368381,0.0031073648743903354,0.008715032234515023,0.01257319369488197
source_00_011,16385,lag,2,4/5,102384000625/70730998209,0.9284553380848456,1,0.0029919508561282344,0.04908003458410549,0.0028068649922461564,0.05718954797059488,0.06096065093436536
source_00_011,16385,lag,3,9/10,20753245358329/3449879038225,0.8537695368833391,1,0.003336080091343825,0.17760657494014734,0.002948164657266696,0.016599411695542323,0.01878353936203133
source_00_011,16385,lag,4,97/100,2231060108341801/31048911344025,0.48827172797495483,1,0.0061269383966685905,1.2367311230550093,0.003118910644770649,0.002521898726916668,0.004954139410297729
source_00_011,16385,lag,5,199/200,9152181203023089/3449879038225,-2.3842907732527148,0,,,,,
source_00_011,65537,bridge,0,0,16921066561/982081,-3.4273942576413563,0,,,,,
source_00_011,65537,bridge,1,1/2,16921066561/8838729,-0.3570446449047829,0,,,,,
source_00_011,65537,bridge,2,4/5,16921066561/79548561,0.5608466118068134,1,0.00490225086832179,0.8350674136556244,0.0013694116619964254,0.0016398815707604185,0.005870485170606169
source_00_011,65537,bridge,3,9/10,361,0.4252978473068043,1,0.0066344150128846415,1.5255868597858855,0.0014844520250984225,0.0009730367140857282,0.0043487625567355595
source_00_011,65537,bridge,4,97/100,38809/9,-1.081296467913776,0,,,,,
source_00_011,65537,bridge,5,199/200,159201,-15.771309952647929,0,,,,,
source_00_011,65537,intersection,0,0,3620567922841/37780863129,0.7066943490289668,1,0.010975921844857888,1.2073177272384172,0.001616343388838226,0.0013387887482903128,0.009091162663505228
source_00_011,65537,intersection,1,1/2,3620567922841/340027768161,0.9028919462994788,1,0.003836147400767903,0.13509004745091388,0.0012188330113000636,0.009022374588645674,0.02839696538090121
source_00_011,65537,intersection,2,4/5,799701841/675220225,0.9676868034474139,1,0.0028412196796839895,0.020410635768680217,0.0013694116619964254,0.0670930429368479,0.13920289950221904
source_00_011,65537,intersection,3,9/10,288692364601/54692838225,0.9316970869932055,1,0.003028454701115062,0.07531617711781435,0.0014844520250984225,0.01970960399087102,0.04020988341425987
source_00_011,65537,intersection,4,97/100,31035628747369/492235544025,0.7625458250882546,1,0.0038875564987536767,0.34191542289774385,0.0015842724044319422,0.004633521328184568,0.011369936067248778
source_00_011,65537,intersection,5,199/200,14145925865449/6076982025,-0.5031206269746404,0,,,,,
source_00_011,65537,lag,0,0,3617333921041/38112019729,0.7081160485979558,1,0.01095388525440497,1.1986659081342987,0.001616343388838226,0.001348451956353739,0.009138397263216145
source_00_011,65537,lag,1,1/2,3617333921041/343008177561,0.9033595222293744,1,0.0038341618234379554,0.13437120994132395,0.0012188330113000636,0.009070641038599659,0.028534102097556642
source_00_011,65537,lag,2,4/5,50843485225/43248609369,0.967806488361553,1,0.00284086831695032,0.02027836464740198,0.0013694116619964254,0.06753067546656784,0.14009356111042642
source_00_011,65537,lag,3,9/10,18354498166225/3503137358889,0.9319503915351927,1,0.003027631565744379,0.07502247841222519,0.0014844520250984225,0.019786763334341217,0.040356325594956825
source_00_011,65537,lag,4,97/100,1973184818097025/31528236230001,0.7634315452502531,1,0.0038830462224973745,0.3401798606416471,0.0015842724044319422,0.004657161071921449,0.011414685793489285
source_00_011,65537,lag,5,199/200,18354498166225/7943622129,-0.4972933924402316,0,,,,,
source_00_012,16385,bridge,0,0,4337651786209/208773601,-10.134015132326644,0,,,,,
source_00_012,16385,bridge,1,1/2,4337651786209/1878962409,-2.1379973125256027,0,,,,,
source_00_012,16385,bridge,2,4/5,4337651786209/16910661681,0.017705458593311633,1,0.1530600161981679,67.63602500615212,0.000744607038876799,1.10090301552918e-05,0.002262995440436449
source_00_012,16385,bridge,3,9/10,361,-0.17236932527516768,0,,,,,
source_00_012,16385,bridge,4,97/100,38809/9,-3.432411089405994,0,,,,,
source_00_012,16385,bridge,5,199/200,159201,-42.447702165274194,0,,,,,
source_00_012,16385,intersection,0,0,58180816849/438357969,0.29983646897273614,1,0.025693354195211918,7.628313899256403,0.0013532632215107073,0.00017740004401793445,0.00336815638875538
source_00_012,16385,intersection,1,1/2,58180816849/3945221721,0.7702747172176948,1,0.004449168171104802,0.3894393623163969,0.0007614540640400645,0.0019552570636694583,0.011424546673045625
source_00_012,16385,intersection,2,4/5,58180816849/35506995489,0.9238318569496149,1,0.002933431834702439,0.055705590766204176,0.000744607038876799,0.01336682779295722,0.05265955884058431
source_00_012,16385,intersection,3,9/10,20107107969025/3463868155609,0.8562999794673023,1,0.0032455075816375293,0.17484952875187731,0.0007953644420422305,0.004548850933255323,0.018561717636900885
source_00_012,16385,intersection,4,97/100,2161597654210225/31174813400481,0.497233577332198,1,0.005870875393137998,1.1974215518372848,0.0008476656150284389,0.000707909101625746,0.004902931122402062
source_00_012,16385,intersection,5,199/200,8867234614340025/3463868155609,-2.3204503299586334,0,,,,,
source_00_012,16385,lag,0,0,3715522249761/28758393889,0.30941856789071104,1,0.02489768035084184,7.275652011987572,0.0013532632215107073,0.00018599889319624303,0.0034220548632369592
source_00_012,16385,lag,1,1/2,412835805529/28758393889,0.7733714326945922,1,0.004431352917848324,0.3823975584774462,0.0007614540640400645,0.0019912628811540253,0.0115883399870339
source_00_012,16385,lag,2,4/5,412835805529/258825545001,0.9248532823868294,1,0.002930192097166375,0.05424341394778296,0.000744607038876799,0.013727141871888627,0.054019315598149924
source_00_012,16385,lag,3,9/10,19844539187841/3469625212249,0.857365080565292,1,0.003241475700975377,0.17331174211906572,0.0007953644420422305,0.004589212665670469,0.018703151104144302
source_00_012,16385,lag,4,97/100,237041157691881/3469625212249,0.501004641473944,1,0.005826685288210851,1.1784731255116154,0.0008476656150284389,0.0007192914260649248,0.004944266578570715
source_00_012,16385,lag,5,199/200,178600852690569/70808677801,-2.293633960699735,0,,,,,
source_00_012,65537,bridge,0,0,16939803409/844561,-3.824981500911964,0,,,,,
source_00_012,65537,bridge,1,1/2,16939803409/7601049,-0.4699541858562305,0,,,,,
source_00_012,65537,bridge,2,4/5,16939803409/68409441,0.525390047060637,1,0.005171860772054594,0.9892943534605648,0.0010782334056468226,0.00108990150593213,0.005227828051341196
source_00_012,65537,bridge,3,9/10,361,0.42502244827580643,1,0.006576761512384351,1.5594379382516983,0.0011292925083961998,0.0007241663683405453,0.004217392273884028
source_00_012,65537,bridge,4,97/100,38809/9,-1.082337656910518,0,,,,,
source_00_012,65537,bridge,5,199/200,159201,-15.781515169831982,0,,,,,
source_00_012,65537,intersection,0,0,905038282225/9455812081,0.7067381876733616,1,0.010595517811314249,1.200766848133439,0.002416095859963118,0.0020121273865270984,0.00882395931215515
source_00_012,65537,intersection,1,1/2,905038282225/85102308729,0.9029063637348522,1,0.0037436818950900685,0.13574933315114932,0.0012161119767839096,0.008958511607786955,0.02757790265475328
source_00_012,65537,intersection,2,4/5,1046019608001/874107193969,0.9675037652907347,1,0.002808510180427354,0.02091240752913934,0.0010782334056468226,0.05155950619958092,0.134298749510977
source_00_012,65537,intersection,3,9/10,4661889857881/874107193969,0.9313096953026492,1,0.0030014411895618767,0.07727266062716397,0.0011292925083961998,0.014614386242567338,0.038842213600534005
source_00_012,65537,intersection,4,97/100,501172530455689/7866964745721,0.7611911743678186,1,0.0038608512041422263,0.35198103659995333,0.0011938969216931314,0.0033919353531822903,0.010968918216268296
source_00_012,65537,intersection,5,199/200,2055893427325521/874107193969,-0.5120361402546001,0,,,,,
source_00_012,65537,lag,0,0,3616816614849/38165138881,0.708203886484777,1,0.010573589326934621,1.1918938213926278,0.002416095859963118,0.0020271066235917836,0.008871251060417673
source_00_012,65537,lag,1,1/2,401868512761/38165138881,0.9033884117871588,1,0.003741684266448349,0.13500398155307955,0.0012161119767839096,0.009007971193099743,0.027715362342681942
source_00_012,65537,lag,2,4/5,51307233121/43201206801,0.9676268501974181,1,0.0028081529298886704,0.020773036893155038,0.0010782334056468226,0.051905429677550574,0.13518259002437866
source_00_012,65537,lag,3,9/10,18521911156681/3499297750881,0.9315701993521994,1,0.0030006018673240983,0.07696394918086963,0.0011292925083961998,0.01467300626352084,0.03898710889006636
source_00_012,65537,lag,4,97/100,1991182410192889/31493679757929,0.7621021277644828,1,0.0038562362642407394,0.35014984325681603,0.0011938969216931314,0.003409674299975261,0.011013102928657884
source_00_012,65537,lag,5,199/200,907573646677369/388810861209,-0.5060403631323875,0,,,,,
source_00_013,16385,bridge,0,0,4335127917409/226653025,-9.583209974131064,0,,,,,
source_00_013,16385,bridge,1,1/2,4335127917409/2039877225,-1.999864678456681,0,,,,,
source_00_013,16385,bridge,2,4/5,4335127917409/18358895025,0.05869754935744044,1,0.04756306122591305,19.055700257437213,0.00034797310235464045,1.8260840465247696e-05,0.002496001751882603
source_00_013,16385,bridge,3,9/10,361,-0.1724453744654276,0,,,,,
source_00_013,16385,bridge,4,97/100,38809/9,-3.432721478676079,0,,,,,
source_00_013,16385,bridge,5,199/200,159201,-42.45165196549419,0,,,,,
source_00_013,16385,intersection,0,0,3756437051409/25280682001,0.2581111408362069,1,0.030717848796966374,9.303227572888831,0.0018687138516127885,0.00020086726213798474,0.0033018485849452234
source_00_013,16385,intersection,1,1/2,417381894601/25280682001,0.7568045792682512,1,0.004659729600505886,0.4132941570959645,0.0006378298681348096,0.001543283051995117,0.011274607977155416
source_00_013,16385,intersection,2,4/5,417381894601/227526138009,0.9193905114956595,1,0.003036615125989554,0.06138180749598943,0.00034797310235464045,0.005668994064363067,0.049470930392331
source_00_013,16385,intersection,3,9/10,4675961161/850830561,0.8601877951903055,1,0.0033361489928578412,0.16686934335646364,0.0003261331178123538,0.001954422012170764,0.019992581775378673
source_00_013,16385,intersection,4,97/100,502685254009/7657475049,0.5109954694536782,1,0.0059030043311368305,1.1137589091028388,0.0003330918625046229,0.00029906998703421093,0.005300073725912416
source_00_013,16385,intersection,5,199/200,4675961161/1929321,-2.2227233863377,0,,,,,
source_00_013,16385,lag,0,0,3747867555481/25988986521,0.26939571544900903,1,0.0294311250786014,8.756591464966071,0.0018687138516127885,0.00021340653598940384,0.0033610252569565816
source_00_013,16385,lag,1,1/2,3747867555481/233900878689,0.7604452387718564,1,0.00463742097394165,0.4048392823619414,0.0006378298681348096,0.0015755137802180123,0.011454967874870462
source_00_013,16385,lag,2,4/5,3747867555481/2105107908201,0.9205906351782692,1,0.003032656456860832,0.05958441342375167,0.00034797310235464045,0.0058400021475403276,0.05089680811814366
source_00_013,16385,lag,3,9/10,4722307109569/872735245209,0.8612763184001325,1,0.003331932604304499,0.16533787219011917,0.0003261331178123538,0.0019725251903407763,0.02015226493584705
source_00_013,16385,lag,4,97/100,507667636053361/7854617206881,0.5148469942232339,1,0.005858844478498534,1.0957499795872288,0.0003330918625046229,0.0003039852783114806,0.005346880755321185
source_00_013,16385,lag,5,199/200,231393048368881/96970582801,-2.195439370710949,0,,,,,
source_00_013,65537,bridge,0,0,67380218929/6589489,-2.31813943857551,0,,,,,
source_00_013,65537,bridge,1,1/2,67380218929/59305401,-0.035494549082528325,0,,,,,
source_00_013,65537,bridge,2,4/5,67380218929/533748609,0.6626742536883397,1,0.004263286292695261,0.5357225017792585,0.0009060037941772804,0.0016911811454031367,0.007958012363744101
source_00_013,65537,bridge,3,9/10,361,0.42498582413735775,1,0.006840693684582902,1.5476462899871464,0.0009787444117203628,0.0006324083339019871,0.004420062729346068
source_00_013,65537,bridge,4,97/100,38809/9,-1.0824761232219708,0,,,,,
source_00_013,65537,bridge,5,199/200,159201,-15.782872468545541,0,,,,,
source_00_013,65537,intersection,0,0,911232522225/8834308081,0.6954245582948962,1,0.011166507253840482,1.2574548838515511,0.0011505074318375519,0.0009149492730216913,0.008880244847940599
source_00_013,65537,intersection,1,1/2,101248058025/8834308081,0.8991865329793574,1,0.0039020093325256564,0.14031687485942204,0.0008255200378821882,0.005883255586395038,0.027808553578711943
source_00_013,65537,intersection,2,4/5,11249784225/8834308081,0.966474586572496,1,0.002923170563946993,0.022052370065261367,0.0009060037941772804,0.041084191472212275,0.1325558457116499
source_00_013,65537,intersection,3,9/10,17753556969009/3517083901321,0.9331737792152374,1,0.0031153874101118896,0.07461741074888924,0.0009787444117203628,0.013116836967368671,0.041751481039674986
source_00_013,65537,intersection,4,97/100,212064571378969/3517083901321,0.7677087843925693,1,0.0039817147875249965,0.33651788856882764,0.0010433218718869908,0.003100345946909748,0.011832104392603845
source_00_013,65537,intersection,5,199/200,7829318623332969/3517083901321,-0.4691759103344818,0,,,,,
source_00_013,65537,lag,0,0,3641460044121/35679809881,0.6970514236590357,1,0.011140445469482702,1.24735614605252,0.0011505074318375519,0.0009223568068177938,0.008931246705071859
source_00_013,65537,lag,1,1/2,404606671569/35679809881,0.8997213172509336,1,0.003899690021891832,0.1394897970388148,0.0008255200378821882,0.005918139214529625,0.02795681192945384
source_00_013,65537,lag,2,4/5,44956296841/35679809881,0.9666520141982284,1,0.0029226340200768576,0.02184665502624019,0.0009060037941772804,0.04147105326142936,0.1337794740918671
source_00_013,65537,lag,3,9/10,17627931264969/3520032630625,0.9334391482540505,1,0.003114501731207059,0.07430693232065987,0.0009787444117203628,0.01317164336022843,0.04191401305287261
source_00_013,65537,lag,4,97/100,210563984137329/3520032630625,0.7686364577881408,1,0.003976909224583356,0.334703304049071,0.0010433218718869908,0.003117154384989367,0.011881894132722094
source_00_013,65537,lag,5,199/200,158651381384721/71837400625,-0.46308262358469404,0,,,,,
source_00_014,16385,bridge,0,0,4369366631809/46908801,-28.65528749231292,0,,,,,
source_00_014,16385,bridge,1,1/2,4369366631809/422179209,-6.317603545424546,0,,,,,
source_00_014,16385,bridge,2,4/5,4369366631809/3799612881,-1.1539242612141345,0,,,,,
source_00_014,16385,bridge,3,9/10,361,-0.1716843367454837,0,,,,,
source_00_014,16385,bridge,4,97/100,38809/9,-3.4296154822985785,0,,,,,
source_00_014,16385,bridge,5,199/200,159201,-42.412131751955336,0,,,,,
source_00_014,16385,intersection,0,0,3754871187001/25409316409,0.2606701464049341,1,0.026178905901620784,9.232426303292083,0.000551713009451072,5.975818179608356e-05,0.00283553911416395
source_00_014,16385,intersection,1,1/2,3754871187001/228683847681,0.7576300216246661,1,0.004012141276731596,0.414073758281704,0.0008070230694536314,0.0019489838544769476,0.009689436233247225
source_00_014,16385,intersection,2,4/5,3754871187001/2058154629129,0.9196625967811503,1,0.0026274205524952966,0.06127999480630542,0.0015123421930098295,0.024679215424055757,0.04287566539129255
source_00_014,16385,intersection,3,9/10,19224480392329/3483392968225,0.8599804213806611,1,0.002884917485086106,0.16855085048076887,0.0017291281468974583,0.01025879218031443,0.017116006693868726
source_00_014,16385,intersection,4,97/100,2066711522287801/31350536714025,0.5102616399929357,1,0.0051088520353211025,1.128503785973787,0.0018754279894810449,0.0016618712429597535,0.004527102255942074
source_00_014,16385,intersection,5,199/200,8477995853017089/3483392968225,-2.227925110595889,0,,,,,
source_00_014,16385,lag,0,0,936576837361/6529771249,0.27188415187340503,1,0.025099143098542602,8.696201947642296,0.000551713009451072,6.344298496893253e-05,0.002886218978084732
source_00_014,16385,lag,1,1/2,936576837361/58767941241,0.7612482964406261,1,0.003993071244250014,0.40562571054684093,0.0008070230694536314,0.0019895757307041755,0.009844226192828823
source_00_014,16385,lag,2,4/5,936576837361/528911471169,0.9208553853857077,1,0.0026240172414606507,0.05947887189235563,0.0015123421930098295,0.025426544668615336,0.04411679572890312
source_00_014,16385,lag,3,9/10,296254869849/54520849009,0.8610694658153754,1,0.0028812687628209776,0.1670011517925024,0.0017291281468974583,0.010353989348803331,0.017252987371014845
source_00_014,16385,lag,4,97/100,3538736609409/54520849009,0.5141151401541323,1,0.005070559130475435,1.1102410174306154,0.0018754279894810449,0.0016892079828047335,0.004567079625836576
source_00_014,16385,lag,5,199/200,130648397603409/54520849009,-2.200621541939163,0,,,,,
source_00_014,65537,bridge,0,0,1085911969041/42315025,-4.546451368282662,0,,,,,
source_00_014,65537,bridge,1,1/2,120656885449/42315025,-0.6719752852404954,0,,,,,
source_00_014,65537,bridge,2,4/5,120656885449/380835225,0.4623239979776562,1,0.005244896368999197,1.2860176213524221,9.90229326562366e-06,7.699967015389768e-06,0.0040784016345619565
source_00_014,65537,bridge,3,9/10,361,0.42535233203219874,1,0.005849781311741736,1.5459315700042573,4.0174964362007396e-05,2.5987543783646754e-05,0.0037839846376419017
source_00_014,65537,bridge,4,97/100,38809/9,-1.0810904846964302,0,,,,,
source_00_014,65537,bridge,5,199/200,159201,-15.769291197398871,0,,,,,
source_00_014,65537,intersection,0,0,914718175281/8494755889,0.6889290305353463,1,0.009967133432498205,1.3411517853633315,0.001522394086859257,0.0011351392910734749,0.0074317713634463895
source_00_014,65537,intersection,1,1/2,101635352809/8494755889,0.8970517067460508,1,0.003411474943775891,0.14595528117758844,0.0003454463549106143,0.00236679585776892,0.023373425862028525
source_00_014,65537,intersection,2,4/5,101635352809/76452803001,0.9657663500154542,1,0.002510795140310489,0.022549104713469485,9.90229326562366e-06,0.00043914352216869264,0.11134788596776042
source_00_014,65537,intersection,3,9/10,47439018025/9783781569,0.9345488129850051,1,0.002662480641198616,0.07264071633400485,4.0174964362007396e-05,0.0005530639893098155,0.036652731079308554
source_00_014,65537,intersection,4,97/100,1841060850532225/31787506317681,0.7725151579451548,1,0.0033838484960709743,0.3266881665477775,5.685224273244114e-05,0.0001740260240620825,0.01035803816167946
source_00_014,65537,intersection,5,199/200,2324511883225/1087086841,-0.4376252752054675,0,,,,,
source_00_014,65537,lag,0,0,3655426614889/34312005225,0.6906056322154384,1,0.00994293595729804,1.3301648499222063,0.001522394086859257,0.0011445153485662271,0.007474965195388786
source_00_014,65537,lag,1,1/2,3655426614889/308808047025,0.8976026808320312,1,0.003409380883308904,0.14508125848828843,0.0003454463549106143,0.0023810543037059485,0.023499802240715493
source_00_014,65537,lag,2,4/5,3655426614889/2779272423225,0.9659491310284791,1,0.002510320036948933,0.022331726155712404,9.90229326562366e-06,0.00044341817540560676,0.11241047912934392
source_00_014,65537,lag,3,9/10,11775071169/2447973529,0.9348105243981654,1,0.0026617352478243077,0.07233542094901811,4.0174964362007396e-05,0.0005553982244787467,0.03679712114622648
source_00_014,65537,lag,4,97/100,50775415221969/883718443969,0.7734298328933703,1,0.0033798466832157164,0.3249246182566911,5.685224273244114e-05,0.0001749705609795554,0.010401940922019121
source_00_014,65537,lag,5,199/200,5192806385529/2447973529,-0.43162647083303113,0,,,,,
source_00_015,16385,bridge,0,0,16980956721/579121,-12.797310103044577,0,,,,,
source_00_015,16385,bridge,1,1/2,1886772969/579121,-2.7904910010376196,0,,,,,
source_00_015,16385,bridge,2,4/5,209641441/579121,-0.17365118182988365,0,,,,,
source_00_015,16385,bridge,3,9/10,361,-0.1719680379130589,0,,,,,
source_00_015,16385,bridge,4,97/100,38809/9,-3.4307733096350437,0,,,,,
source_00_015,16385,bridge,5,199/200,159201,-42.42686258214151,0,,,,,
source_00_015,16385,intersection,0,0,931991367609/6918746041,0.2947458028127527,1,0.026183692292857184,7.936620314435237,0.001165592375229552,0.0001468625597610555,0.0032990985149225186
source_00_015,16385,intersection,1,1/2,103554596401/6918746041,0.768630038527558,1,0.004438479733981799,0.3962529465548852,0.0013239418391584803,0.0033411532978344692,0.01120112739241681
source_00_015,16385,intersection,2,4/5,103554596401/62268714369,0.9232894318339979,1,0.002902854800720655,0.056530349044021974,0.0017007484829879528,0.030085582554311242,0.05135037815634413
source_00_015,16385,intersection,3,9/10,19818817059889/3470191494025,0.8575169236336674,1,0.0032012041920226335,0.17306635192303582,0.0018733168585097961,0.010824269638172516,0.01849697619700355
source_00_015,16385,intersection,4,97/100,2130605183593441/31231723446225,0.5015421986869485,1,0.0057470019492898775,1.175377407658834,0.002008087154246412,0.0017084615895810048,0.0048894949927079144
source_00_015,16385,intersection,5,199/200,8740098323411049/3470191494025,-2.2898136181380004,0,,,,,
source_00_015,16385,lag,0,0,929995995769/7091829369,0.3043712473332307,1,0.025355658502824983,7.564814000379243,0.001165592375229552,0.0001540807712087988,0.003351788755355233
source_00_015,16385,lag,1,1/2,929995995769/63826464321,0.7717400981304223,1,0.004420592965428203,0.3890903305185281,0.0013239418391584803,0.0034026593192231372,0.011361353954843908
source_00_015,16385,lag,2,4/5,929995995769/574438178889,0.9243151826011792,1,0.0028996333827510015,0.05504834502953018,0.0017007484829879528,0.03089554249225116,0.05267430621566406
source_00_015,16385,lag,3,9/10,19560160299969/3475909055641,0.858571403173003,1,0.0031972725396181303,0.1715489640165246,0.0018733168585097961,0.010920012657898341,0.018637667431848495
source_00_015,16385,lag,4,97/100,233644278572329/3475909055641,0.5052749141229688,1,0.005704546006421255,1.1569632957995457,0.002008087154246412,0.001735653293010197,0.004930619689606487
source_00_015,16385,lag,5,199/200,8626030692286329/3475909055641,-2.263301400028729,0,,,,,
source_00_015,65537,bridge,0,0,67847225625/2785561,-4.384946626489751,0,,,,,
source_00_015,65537,bridge,1,1/2,7538580625/2785561,-0.6270604532040173,0,,,,,
source_00_015,65537,bridge,2,4/5,7538580625/25070049,0.4763044884459831,1,0.005593166136125309,1.2087573118900472,0.0006544016483156604,0.0005413838178090682,0.0046272035594801695
source_00_015,65537,bridge,3,9/10,361,0.42521570353511773,1,0.006433053959792606,1.5437316148652263,0.0007395299895403161,0.0004790534717428067,0.00416721008875253
source_00_015,65537,bridge,4,97/100,38809/9,-1.081607021029176,0,,,,,
source_00_015,65537,bridge,5,199/200,159201,-15.774353672254346,0,,,,,
source_00_015,65537,intersection,0,0,3651825450625/34661875329,0.6922684621813642,1,0.01079731561173782,1.3042191512913839,8.591059461257647e-05,6.587128745005113e-05,0.008278758674143655
source_00_015,65537,intersection,1,1/2,3651825450625/311956877961,0.8981491699918916,1,0.0037263738437770502,0.1434672043519778,0.0003891357057865281,0.002712366965985029,0.025973698035091596
source_00_015,65537,intersection,2,4/5,3651825450625/2807611901649,0.966130428804494,1,0.002757443566452101,0.022305350070794136,0.0006544016483156604,0.02933832673500657,0.1236225191579756
source_00_015,65537,intersection,3,9/10,4351992616449/881306010841,0.93393150325099,1,0.002928946668862344,0.073456919825998,0.0007395299895403161,0.010067533341883745,0.03987298508840723
source_00_015,65537,intersection,4,97/100,51984143260009/881306010841,0.7703575154255246,1,0.003731192890514772,0.33048347861871474,0.0007981399706111045,0.002415067687943137,0.011290104141089372
source_00_015,65537,intersection,5,199/200,1919228743854009/881306010841,-0.4517828335744349,0,,,,,
source_00_015,65537,lag,0,0,228024395361/2187339361,0.6939084967032961,1,0.010771796439640095,1.2937137706758617,8.591059461257647e-05,6.640618393332482e-05,0.008326259396630443
source_00_015,65537,lag,1,1/2,25336043929/2187339361,0.8986882072515123,1,0.0037241387478573933,0.1426209055246029,0.0003891357057865281,0.0027284618924215145,0.026112151890768626
source_00_015,65537,lag,2,4/5,25336043929/19686054249,0.9663092589005501,1,0.002756933259949999,0.022095623742249288,0.0006544016483156604,0.02961679905258215,0.12477281891248158
source_00_015,65537,lag,3,9/10,4219931521/861363801,0.9341934494434877,1,0.002928125397391863,0.07315150558333161,0.0007395299895403161,0.010109566216622425,0.04002823146348295
source_00_015,65537,lag,4,97/100,453660172849/7752274209,0.7712731063757033,1,0.0037267635302587403,0.3287102900545704,0.0007981399706111045,0.0024280954833467558,0.01133753229824368
source_00_015,65537,lag,5,199/200,206776644529/95707089,-0.4457739249293503,0,,,,,
source_00_016,16385,bridge,0,0,4381465308025/15657849,-65.09609433598484,0,,,,,
source_00_016,16385,bridge,1,1/2,4381465308025/140920641,-13.316989466919422,0,,,,,
source_00_016,16385,bridge,2,4/5,4381465308025/1268285769,-2.9151029358166007,0,,,,,
source_00_016,16385,bridge,3,9/10,4381465308025/5652483489,-0.7476659061844722,0,,,,,
source_00_016,16385,bridge,4,97/100,38809/9,-3.430221518728999,0,,,,,
source_00_016,16385,bridge,5,199/200,159201,-42.41984206950981,0,,,,,
source_00_016,16385,intersection,0,0,231456247801/1865289721,0.32383747915982525,1,0.022042002458719588,6.581338838240902,0.00416785728573434,0.0006332841064977516,0.003349166940113222
source_00_016,16385,intersection,1,1/2,231456247801/16787607489,0.778033654962747,1,0.004162210345486112,0.36776465755523235,0.002024033355146058,0.005503610294151446,0.011317591997977716
source_00_016,16385,intersection,2,4/5,231456247801/151088467401,0.9263913474219682,1,0.002821180229186761,0.05245813014717259,0.0017262165636889259,0.032906559171018535,0.05377965667613142
source_00_016,16385,intersection,3,9/10,21227130358681/3439774843569,0.8518783450201147,1,0.003158494614317328,0.18361605921899726,0.001791690561019188,0.009757809685275157,0.01720162510704044
source_00_016,16385,intersection,4,97/100,2282004714930889/30957973592121,0.4815714299625463,1,0.0058754296536036275,1.2981671053620099,0.0018865343718422903,0.0014532292214538953,0.004525942484088127
source_00_016,16385,intersection,5,199/200,1040129387575369/382197204841,-2.432123692890623,0,,,,,
source_00_016,16385,lag,0,0,3695141175625/30581965129,0.33297533041542027,1,0.021437103172060865,6.301518149442319,0.00416785728573434,0.0006614052656665273,0.0034018950138163194
source_00_016,16385,lag,1,1/2,3695141175625/275237686161,0.7809897658596612,1,0.004146456034872327,0.36126493188260156,0.002024033355146058,0.00560262891999658,0.011477604574749535
source_00_016,16385,lag,2,4/5,3695141175625/2477139175449,0.9273667355518709,1,0.0028182129611121435,0.051100863016236064,0.0017262165636889259,0.033780575548018874,0.055150007157740655
source_00_016,16385,lag,3,9/10,5238069874489/861404878161,0.8529708565205879,1,0.0031544491165562435,0.181997490899991,0.001791690561019188,0.00984458935207923,0.017332376951776973
source_00_016,16385,lag,4,97/100,563114276340841/7752643903449,0.4854423389515199,1,0.0058285790770566,1.2770648372328126,0.0018865343718422903,0.0014772424365939766,0.004564043192737311
source_00_016,16385,lag,5,199/200,256665423849961/95711653129,-2.40447884478634,0,,,,,
source_00_016,65537,bridge,0,0,4344469066921/164172969,-4.645551801564234,0,,,,,
source_00_016,65537,bridge,1,1/2,4344469066921/1477556721,-0.6994500762153579,0,,,,,
source_00_016,65537,bridge,2,4/5,4344469066921/13298010489,0.45378336618444215,1,0.005694216781899442,1.3339547016182114,0.000609909131110518,0.00045721877239957357,0.004268673272781922
source_00_016,65537,bridge,3,9/10,361,0.425280816479145,1,0.006242956286035635,1.5488168143979624,0.0006341060734781298,0.00040941321632320465,0.004030790619007014
source_00_016,65537,bridge,4,97/100,38809/9,-1.0813608544426865,0,,,,,
source_00_016,65537,bridge,5,199/200,159201,-15.771940990921834,0,,,,,
source_00_016,65537,intersection,0,0,3634563041209/36366108601,0.7003930384976066,1,0.010276909564599899,1.2471374118336456,0.001503347933973582,0.001205438887253999,0.00824039874602906
source_00_016,65537,intersection,1,1/2,3634563041209/327294977409,0.9008198973116887,1,0.003590598112278365,0.13908045735346536,0.0007184873609750091,0.005165983594294724,0.02581669761951571
source_00_016,65537,intersection,2,4/5,3634563041209/2945654796681,0.9670165084904687,1,0.0026720752297267926,0.021250704703744336,0.000609909131110518,0.028700654383619247,0.12574054681847693
source_00_016,65537,intersection,3,9/10,1128419677441/219378887641,0.9325745271203939,1,0.0028469676892923412,0.07522408011196195,0.0006341060734781298,0.008429562349374555,0.03784649390268347
source_00_016,65537,intersection,4,97/100,121309804049329/1974409988769,0.7656137743386915,1,0.0036446739523768737,0.3409557985729288,0.0006690098646180511,0.0019621601023305465,0.010689579023532271
source_00_016,65537,intersection,5,199/200,497633077751481/219378887641,-0.48294323821530477,0,,,,,
source_00_016,65537,lag,0,0,907799256225/9175915681,0.7019276895350121,1,0.010254440768796896,1.2375988205779511,0.001503347933973582,0.001214729611063727,0.008285755123787314
source_00_016,65537,lag,1,1/2,100866584025/9175915681,0.9013244800470144,1,0.0035885880106367733,0.13829447491036695,0.0007184873609750091,0.0051953439314237505,0.02594888923048192
source_00_016,65537,lag,2,4/5,11207398225/9175915681,0.9671839285566356,1,0.0026716126920454325,0.021059148184202497,0.000609909131110518,0.028961718953477943,0.1268623340638982
source_00_016,65537,lag,3,9/10,17930761587729/3512944261225,0.9328345582741187,1,0.0028461740863042254,0.07491869684350957,0.0006341060734781298,0.008463922895010476,0.037990170761369804
source_00_016,65537,lag,4,97/100,214181263914489/3512944261225,0.766522880014901,1,0.0036403513237059926,0.33916316951155795,0.0006690098646180511,0.001972530996161872,0.010733333247677229
source_00_016,65537,lag,5,199/200,161376854289561/71692740025,-0.4769679466749619,0,,,,,
source_00_017,16385,bridge,0,0,271506649969/10400625,-11.831821580434388,0,,,,,
source_00_017,16385,bridge,1,1/2,271506649969/93605625,-2.5567333013325797,0,,,,,
source_00_017,16385,bridge,2,4/5,271506649969/842450625,-0.10551770502061363,0,,,,,
source_00_017,16385,bridge,3,9/10,361,-0.17251430865315884,0,,,,,
source_00_017,16385,bridge,4,97/100,38809/9,-3.4330028309558114,0,,,,,
source_00_017,16385,bridge,5,199/200,159201,-42.45523234835253,0,,,,,
source_00_017,16385,intersection,0,0,3675981771225/32352137689,0.35323391933456477,1,0.023098630332914417,5.68592033802155,0.0008713022738146659,0.00015323856509003446,0.004062425950369844
source_00_017,16385,intersection,1,1/2,408442419025/32352137689,0.787547535440062,1,0.004703887924236965,0.34485076654792357,0.000785881799345654,0.0022789040233623515,0.013640358034649374
source_00_017,16385,intersection,2,4/5,3846604441/2638157769,0.9281519658800549,1,0.0032213829252171968,0.05004720799342557,0.0009488822175589811,0.01895974332241732,0.0643668858738408
source_00_017,16385,intersection,3,9/10,1388624203201/213690779289,0.8478960063415294,1,0.0036302802309030272,0.18850543249740248,0.0010389244741125458,0.005511376835926793,0.019258226051140734
source_00_017,16385,intersection,4,97/100,149282871750769/1923217013601,0.46745562774100313,1,0.006924532419735562,1.3680063972023586,0.0011125774168852384,0.0008132837822692311,0.005061769034045876
source_00_017,16385,intersection,5,199/200,68042585956849/23743419921,-2.5331826588864854,0,,,,,
source_00_017,16385,lag,0,0,3668117444289/33094522561,0.36138565549164425,1,0.022577597089888577,5.477724982415575,0.0008713022738146659,0.00015906280008793684,0.004121710593789664
source_00_017,16385,lag,1,1/2,407568604921/33094522561,0.790187869048806,1,0.004688170353941841,0.3392470730172109,0.000785881799345654,0.0023165470297389543,0.013819339139011521
source_00_017,16385,lag,2,4/5,4922980250841/3424798085641,0.9286629243368055,1,0.0032196104921793996,0.04935803672206447,0.0009488822175589811,0.019224472458297826,0.06522971143096826
source_00_017,16385,lag,3,9/10,21940689759921/3424798085641,0.8489807021664579,1,0.003625642022048889,0.18689294933701722,0.0010389244741125458,0.0055589281339826855,0.019399565552956743
source_00_017,16385,lag,4,97/100,262079479499161/3424798085641,0.47130135341255897,1,0.006868029607050475,1.3458681105631833,0.0011125774168852384,0.0008266615488940267,0.005103048027623245
source_00_017,16385,lag,5,199/200,9675844184125161/3424798085641,-2.5056114584092404,0,,,,,
source_00_017,65537,bridge,0,0,4325796821025/299186209,-3.017278061119647,0,,,,,
source_00_017,65537,bridge,1,1/2,480644091225/299186209,-0.23932223181517973,0,,,,,
source_00_017,65537,bridge,2,4/5,53404899025/299186209,0.5979781955310182,1,0.004980670235489286,0.7208439956408751,0.0003457594863969454,0.0004796592445630955,0.006909498123877914
source_00_017,65537,bridge,3,9/10,361,0.4249526265464183,1,0.00720680792661976,1.5521880889494406,0.0004022406960451125,0.00025914430017135294,0.004642999117135028
source_00_017,65537,bridge,4,97/100,38809/9,-1.0826016352685583,0,,,,,
source_00_017,65537,bridge,5,199/200,159201,-15.784102809184265,0,,,,,
source_00_017,65537,intersection,0,0,3617105693161/38135450089,0.7080422748904492,1,0.011623694638910583,1.1912598575821824,0.00037219001237561073,0.00031243394126535834,0.009757480338926545
source_00_017,65537,intersection,1,1/2,3617105693161/343219050801,0.9033352584163554,1,0.0041106057454225195,0.13509633522027836,0.00013196588718790759,0.0009768280314394427,0.030427218760006043
source_00_017,65537,intersection,2,4/5,4107399921/3412312225,0.967404486053207,1,0.0030786834699349603,0.021204916664564446,0.0003457594863969454,0.016305628164752204,0.1451872468369447
source_00_017,65537,intersection,3,9/10,18305819401/3412312225,0.9310995731413226,1,0.0032891777053449243,0.077408343762285,0.0004022406960451125,0.005196348048478628,0.04249125540582205
source_00_017,65537,intersection,4,97/100,1967951648569/30710810025,0.7604563716000347,1,0.004233564396765553,0.35190700867181707,0.00043737950408092956,0.0012428837542386739,0.012030349758432087
source_00_017,65537,intersection,5,199/200,164752374609/69639025,-0.5168737682261183,0,,,,,
source_00_017,65537,lag,0,0,903448349001/9619097929,0.7094861452882167,1,0.01160003933751637,1.1825720937499,0.00037219001237561073,0.0003147292366720811,0.009809160387620005
source_00_017,65537,lag,1,1/2,100383149889/9619097929,0.9038101549484726,1,0.004108445875451249,0.13436468935116727,0.00013196588718790759,0.0009821470791556678,0.03057682710606853
source_00_017,65537,lag,2,4/5,4177858328361/3497060821849,0.9675270225826841,1,0.0030782935571170658,0.02106637524747328,0.0003457594863969454,0.016412860890172177,0.1461235509647669
source_00_017,65537,lag,3,9/10,18619837735041/3497060821849,0.9313589185776406,1,0.003288261803633882,0.07710240101849815,0.0004022406960451125,0.005216967185608244,0.04264798190713896
source_00_017,65537,lag,4,97/100,222412213807081/3497060821849,0.7613633056990616,1,0.0042285213852582835,0.35008944075056847,0.00043737950408092956,0.0012493364642567253,0.012078403096627579
source_00_017,65537,lag,5,199/200,167578539615369/71368588201,-0.5109030625407499,0,,,,,
source_00_018,16385,bridge,0,0,4335827530225/221622769,-9.722797296359671,0,,,,,
source_00_018,16385,bridge,1,1/2,4335827530225/1994604921,-2.034982921086324,0,,,,,
source_00_018,16385,bridge,2,4/5,4335827530225/17951444289,0.04825934234532529,1,0.0515902974303327,23.37202674761522,0.00022245471341048723,9.517989852257275e-06,0.002207352318540229
source_00_018,16385,bridge,3,9/10,361,-0.17170393119607266,0,,,,,
source_00_018,16385,bridge,4,97/100,38809/9,-3.429695448981035,0,,,,,
source_00_018,16385,bridge,5,199/200,159201,-42.41314910849849,0,,,,,
source_00_018,16385,intersection,0,0,3667512255625/33152033929,0.3624393858093873,1,0.018878325927822175,5.358893768645313,0.0029647169106620823,0.0005532330064104891,0.0035228027915534645
source_00_018,16385,intersection,1,1/2,3667512255625/298368305361,0.790529237276468,1,0.003915964899758868,0.3311308607562742,0.0005289589966161921,0.0015974318896405354,0.011826034247654067
source_00_018,16385,intersection,2,4/5,1264066230249/853134864409,0.9276195196910495,1,0.0026839817107522693,0.049123941877577744,0.00022245471341048723,0.004528437761873199,0.05463693686148083
source_00_018,16385,intersection,3,9/10,5633677890369/853134864409,0.8467656497015589,1,0.0030249039709846267,0.1851095411840346,0.00035458577701923783,0.00191554565340698,0.01634115643978226
source_00_018,16385,intersection,4,97/100,67293753538729/853134864409,0.4634472883718701,1,0.0058107334611502675,1.35684869156968,0.00041187132005798756,0.0003035499261023064,0.00428252132846742
source_00_018,16385,intersection,5,199/200,2484451949652729/853134864409,-2.5619504006114098,0,,,,,
source_00_018,16385,lag,0,0,3659733519849/33896123881,0.3703089740119799,1,0.018477134864595384,5.171188580446003,0.0029647169106620823,0.0005733144062610036,0.0035730924481198814
source_00_018,16385,lag,1,1/2,406637057761/33896123881,0.7930791659549719,1,0.0039033741879730076,0.32587407765460275,0.0005289589966161921,0.0016232005946077157,0.01197816719901923
source_00_018,16385,lag,2,4/5,4993843865481/3418257415609,0.9281291562218812,1,0.0026825079340491954,0.048447285708914455,0.00022245471341048723,0.004591685791172298,0.05536962277239827
source_00_018,16385,lag,3,9/10,22256514017761/3418257415609,0.8478475835245844,1,0.003021043907004722,0.18353538859720459,0.00035458577701923783,0.001931974970763968,0.016460280113252967
source_00_018,16385,lag,4,97/100,2392667735499409/30764316740481,0.46728393156301556,1,0.005763024328728972,1.33491374603008,0.00041187132005798756,0.00030853777727801355,0.0043171510862538625
source_00_018,16385,lag,5,199/200,9815122681832601/3418257415609,-2.5344142751612146,0,,,,,
source_00_018,65537,bridge,0,0,271825634161/8520561,-5.28621979249142,0,,,,,
source_00_018,65537,bridge,1,1/2,271825634161/76685049,-0.8755592594299579,0,,,,,
source_00_018,65537,bridge,2,4/5,271825634161/690165441,0.39924106219747874,1,0.006291844731152299,1.6690572638037153,0.0008487807193738682,0.0005085390044913922,0.00376969973864973
source_00_018,65537,bridge,3,9/10,361,0.4253428954456428,1,0.0060655823697476205,1.5300848776131477,0.0009181776963685768,0.0006000828514826484,0.003964213004450845
source_00_018,65537,bridge,4,97/100,38809/9,-1.0811261602417814,0,,,,,
source_00_018,65537,bridge,5,199/200,159201,-15.769640833986742,0,,,,,
source_00_018,65537,intersection,0,0,907075284025/9248861241,0.7032689228494468,1,0.009994473137712147,1.2206472230159076,0.0011306225090815197,0.0009262483768963487,0.008187847356108635
source_00_018,65537,intersection,1,1/2,907075284025/83239751169,0.9017654967747906,1,0.0034947593273440413,0.1362942137391622,0.000780092722667296,0.005723593843537817,0.025641289028104
source_00_018,65537,intersection,2,4/5,907075284025/749157760521,0.9673302606832608,1,0.00259679953759801,0.020611481393369293,0.0008487807193738682,0.04117999590494843,0.1259880106644542
source_00_018,65537,intersection,3,9/10,18272863454329/3505016764561,0.9321257330391332,1,0.002767815838857635,0.07481356393284855,0.0009181776963685768,0.012272877378127826,0.036996176807483495
source_00_018,65537,intersection,4,97/100,1964408747365801/31545150881049,0.7640446329061616,1,0.0035484682738618776,0.33991140762911876,0.0009805896212473967,0.002884838811639206,0.010439391542085731
source_00_018,65537,intersection,5,199/200,8058332783359089/3505016764561,-0.49326078360419445,0,,,,,
source_00_018,65537,lag,0,0,885003001/9114361,0.7047617734052168,1,0.0099733025019863,1.2115162689703771,0.0011306225090815197,0.0009332293243097709,0.008232083016484988
source_00_018,65537,lag,1,1/2,885003001/82029249,0.9022563985981539,1,0.003492857890314972,0.13553847260631594,0.000780092722667296,0.0057555076995234235,0.025770232046662515
source_00_018,65537,lag,2,4/5,885003001/738263241,0.9674931485100974,1,0.0025963623386017574,0.020429054813054265,0.0008487807193738682,0.04154772343317094,0.12709165266631273
source_00_018,65537,lag,3,9/10,1134320852025/219242142289,0.9323840882237948,1,0.0027670489021614933,0.07451337147946903,0.0009181776963685768,0.012322321190654567,0.03713493091537148
source_00_018,65537,lag,4,97/100,13549356093025/219242142289,0.7649479477164454,1,0.003544277944369302,0.33814313160389126,0.0009805896212473967,0.002899924705246068,0.010481590820898742
source_00_018,65537,lag,5,199/200,500235495743025/219242142289,-0.48732061228904855,0,,,,,
source_00_019,16385,bridge,0,0,272718950625/4255969,-21.970626313695384,0,,,,,
source_00_019,16385,bridge,1,1/2,30302105625/4255969,-4.889619827672066,0,,,,,
source_00_019,16385,bridge,2,4/5,3366900625/4255969,-0.7668448747544223,0,,,,,
source_00_019,16385,bridge,3,9/10,361,-0.1720170274132195,0,,,,,
source_00_019,16385,bridge,4,97/100,38809/9,-3.4309732470664476,0,,,,,
source_00_019,16385,bridge,5,199/200,159201,-42.42940649287323,0,,,,,
source_00_019,16385,intersection,0,0,3710774237569/29177764225,0.31516532432056515,1,0.023913362829995396,6.682612408309127,0.0030877437046209085,0.00046205638094192375,0.0035784452799120354
source_00_019,16385,intersection,1,1/2,3710774237569/262599878025,0.7752292533741398,1,0.004414945048350667,0.36479924904281624,0.002189702395584783,0.0060024860284944815,0.01210239620814704
source_00_019,16385,intersection,2,4/5,3710774237569/2363398902225,0.925466137635893,1,0.0029854021206483093,0.05263970730845042,0.0024029154028229276,0.045648342775591,0.056713881465086595
source_00_019,16385,intersection,3,9/10,1319210747761/215144762569,0.8523312705885626,1,0.003337249841771089,0.1785870948872973,0.002599326037345612,0.014554948883546116,0.018686959681365328
source_00_019,16385,intersection,4,97/100,141820636869409/1936302863121,0.48317628766879567,1,0.006190728438204075,1.2573361803109204,0.0027741020220642073,0.0022063327736088953,0.004923685912444833
source_00_019,16385,intersection,5,199/200,581771939762601/215144762569,-2.420658730884634,0,,,,,
source_00_019,16385,lag,0,0,3702410947225/29924502169,0.32473928706084537,1,0.02320834913485145,6.38150532626705,0.0030877437046209085,0.00048385820378639833,0.003636814191680303
source_00_019,16385,lag,1,1/2,3702410947225/269320519521,0.7783253406008767,1,0.004397382913009691,0.3581098666814579,0.002189702395584783,0.006114610624600702,0.012279424059882733
source_00_019,16385,lag,2,4/5,3702410947225/2423884675689,0.9264875851907287,1,0.0029821107309469467,0.05123496442496996,0.0024029154028229276,0.046899913560822896,0.05820460235341902
source_00_019,16385,lag,3,9/10,20829484428489/3448244733025,0.8534383443533741,1,0.003332920786519599,0.17699006744879112,0.002599326037345612,0.014686281975103941,0.018831117669831497
source_00_019,16385,lag,4,97/100,248806236129649/3448244733025,0.4870984969072937,1,0.006140879521757967,1.2366366489756884,0.0027741020220642073,0.002243263633147221,0.004965791307288592
source_00_019,16385,lag,5,199/200,9185802632963649/3448244733025,-2.392660031912744,0,,,,,
source_00_019,65537,bridge,0,0,4329524724001/268992801,-3.262717977480803,0,,,,,
source_00_019,65537,bridge,1,1/2,4329524724001/2420935209,-0.30993177705915453,0,,,,,
source_00_019,65537,bridge,2,4/5,4329524724001/21788416881,0.5756865426952203,1,0.004832134210806288,0.7887011950564435,0.0015421982690394264,0.0019553644380227654,0.006126698223730314
source_00_019,65537,bridge,3,9/10,361,0.4251921106488638,1,0.00672898102667296,1.5400724395068988,0.001701466040261328,0.0011047961099843488,0.004369262674960568
source_00_019,65537,bridge,4,97/100,38809/9,-1.081696217066134,0,,,,,
source_00_019,65537,bridge,5,199/200,159201,-15.775227905672764,0,,,,,
source_00_019,65537,intersection,0,0,3541559121/36300625,0.7039759758188266,1,0.010893574811295603,1.2042136115753643,0.0009691609599339622,0.0008048081757405949,0.009046214647121053
source_00_019,65537,intersection,1,1/2,393506569/36300625,0.9019979965907612,1,0.0038404811963550375,0.1358331868427695,0.0011812457654853464,0.008696297222656416,0.028273511691958582
source_00_019,65537,intersection,2,4/5,393506569/326705625,0.9674074067877891,1,0.002875515132652467,0.020876471302144792,0.0015421982690394264,0.07387255473969803,0.13773951981803767
source_00_019,65537,intersection,3,9/10,4608874755241/875319292225,0.9317695432505987,1,0.0030706194101020766,0.07592529732121861,0.001701466040261328,0.022409738259738424,0.040442639257784505
source_00_019,65537,intersection,4,97/100,495473186637529/7877873630025,0.7627991839379112,1,0.003943225171583686,0.34473753056576395,0.0018245411854527285,0.005292551647795335,0.01143834025008036
source_00_019,65537,intersection,5,199/200,41479872797169/17863659025,-0.5014535899105085,0,,,,,
source_00_019,65537,lag,0,0,905791896361/9378954025,0.7054891487707546,1,0.010870209657085962,1.1950768676613794,0.0009691609599339622,0.0008109611909989462,0.009095824671393436
source_00_019,65537,lag,1,1/2,905791896361/84410586225,0.9024955971302909,1,0.003838363706229394,0.13507002363320805,0.0011812457654853464,0.008745432433573126,0.028417583731626013
source_00_019,65537,lag,2,4/5,905791896361/759695276025,0.9675725191404717,1,0.002875024437578626,0.020691224789184066,0.0015421982690394264,0.074533928501206,0.1389489731454413
source_00_019,65537,lag,3,9/10,18309267618489/3504178083025,0.9320323143366895,1,0.0030697536997774957,0.07561793551357185,0.001701466040261328,0.022500826407194762,0.040595576683345694
source_00_019,65537,lag,4,97/100,218702482919649/3504178083025,0.7637179934279981,1,0.003938481178721952,0.3429211789409723,0.0018245411854527285,0.005320584721793431,0.011485091678749565
source_00_019,65537,lag,5,199/200,8074387019753649/3504178083025,-0.4954091710988734,0,,,,,
source_00_020,16385,bridge,0,0,1087079402161/35343025,-13.225363188482518,0,,,,,
source_00_020,16385,bridge,1,1/2,1087079402161/318087225,-2.893191647277022,0,,,,,
source_00_020,16385,bridge,2,4/5,1087079402161/2862785025,-0.2034420955126572,0,,,,,
source_00_020,16385,bridge,3,9/10,361,-0.1722425490162003,0,,,,,
source_00_020,16385,bridge,4,97/100,38809/9,-3.431893667391606,0,,,,,
source_00_020,16385,bridge,5,199/200,159201,-42.44111803369171,0,,,,,
source_00_020,16385,intersection,0,0,232496588041/1773167881,0.3042566047650063,1,0.023503185283227538,7.327576693774522,0.0007425955502110397,0.00010134258312737221,0.0032074976851754746
source_00_020,16385,intersection,1,1/2,232496588041/15958510929,0.771703048762033,1,0.004135677033660401,0.3802495260323195,0.0009880466129797822,0.0025984164222095647,0.010876218773534741
source_00_020,16385,intersection,2,4/5,232496588041/143626598361,0.9243029622362736,1,0.002739682378291704,0.054242500638648064,0.0013443226522034312,0.024783567062275046,0.05050803974807286
source_00_020,16385,intersection,3,9/10,1239532849/211149961,0.8555016041413013,1,0.0030416679335885594,0.17417534697682957,0.0014979155655383816,0.008600043528190292,0.017463251753953392
source_00_020,16385,intersection,4,97/100,133254931681/1900349649,0.4944064421263962,1,0.005532432441406415,1.2009865157095279,0.0016157937893669825,0.0013453887851624976,0.004606573320382306
source_00_020,16385,intersection,5,199/200,546633986409/211149961,-2.340572644515073,0,,,,,
source_00_020,16385,lag,0,0,3711876184129/29080139841,0.3137559488394456,1,0.022791597679306365,6.994122357475245,0.0007425955502110397,0.00010617422919651404,0.003258678718273629
source_00_020,16385,lag,1,1/2,3711876184129/261721258569,0.7747735865042874,1,0.004119286758304055,0.37340007145670595,0.0009880466129797822,0.0026460804068012657,0.011031831735419651
source_00_020,16385,lag,2,4/5,3711876184129/2355491327121,0.9253158181189631,1,0.0027366835065992324,0.0528191392077841,0.0013443226522034312,0.025451430530040044,0.05181234582096181
source_00_020,16385,lag,3,9/10,20043770758729/3465252987361,0.8565714490226822,1,0.0030378689359995977,0.17264204267272107,0.0014979155655383816,0.008676424017862163,0.017596344951493138
source_00_020,16385,lag,4,97/100,2154788640929401/31187276886249,0.4981947966595465,1,0.005490362922296057,1.1818922257325748,0.0016157937893669825,0.0013671244756394447,0.004645400657317086
source_00_020,16385,lag,5,199/200,8839302904599489/3465252987361,-2.3136123633485366,0,,,,,
source_00_020,65537,bridge,0,0,271957035025/7800849,-5.621722150585563,0,,,,,
source_00_020,65537,bridge,1,1/2,271957035025/70207641,-0.9667812342055797,0,,,,,
source_00_020,65537,bridge,2,4/5,271957035025/631868769,0.3711239755599484,1,0.006826256435001887,1.8953592199954143,0.0013844588748839926,0.0007304466933119634,0.0036015634202673213
source_00_020,65537,bridge,3,9/10,361,0.42508350198258527,1,0.006127706341111888,1.5366607935953651,0.0014910326710541734,0.0009703069651211479,0.003987676634070122
source_00_020,65537,bridge,4,97/100,38809/9,-1.0821068303633898,0,,,,,
source_00_020,65537,bridge,5,199/200,159201,-15.779252584453586,0,,,,,
source_00_020,65537,intersection,0,0,3614496799489/38403848961,0.7092461279943808,1,0.009913350165802758,1.1771799656853292,0.0020305893482722055,0.0017249608449546113,0.0084212698608334
source_00_020,65537,intersection,1,1/2,3614496799489/345634640649,0.9037312098726136,1,0.003499941231762768,0.13292679294870777,0.0013145242934983936,0.009889084542990718,0.026329840313782972
source_00_020,65537,intersection,2,4/5,3252991225/2695374889,0.9673687163044675,1,0.0026188436566644438,0.020627459270069644,0.0013844588748839926,0.067117275897029,0.12695909963397067
source_00_020,65537,intersection,3,9/10,1174329832225/218325366009,0.9310238669161636,1,0.0027977659468909084,0.07635367631063335,0.0014910326710541734,0.019527974854650524,0.0366421904232695
source_00_020,65537,intersection,4,97/100,126245336451025/1964928294081,0.7601916185402076,1,0.0036019484925489975,0.3487376589221622,0.00159040485341319,0.004560462034208259,0.010328533212276187
source_00_020,65537,intersection,5,199/200,57542161779025/24258374001,-0.5186170632549779,0,,,,,
source_00_020,65537,lag,0,0,225701956561/2421328849,0.7106598324767597,1,0.009893629693469401,1.1687460711493867,0.0020305893482722055,0.0017374084913716558,0.008465166162004423
source_00_020,65537,lag,1,1/2,225701956561/21791959641,0.9041962094738,1,0.003498141322340573,0.13221666808275212,0.0013145242934983936,0.009942198003928338,0.026457642391586718
source_00_020,65537,lag,2,4/5,465343629921/388446795025,0.9674896554797763,1,0.002618516293172436,0.02049180842314959,0.0013844588748839926,0.06756157613302542,0.12778356302678973
source_00_020,65537,lag,3,9/10,18665450044609/3496021155225,0.9312798323197331,1,0.0027969969714821898,0.0760544406840549,0.0014910326710541734,0.01960480752528595,0.036776247991901816
source_00_020,65537,lag,4,97/100,2006613437067121/31464190397025,0.7610867443130881,1,0.0035977121857779753,0.3469588130431379,0.00159040485341319,0.0045838433659140185,0.010369277420056963
source_00_020,65537,lag,5,199/200,914607052185841/388446795025,-0.5127235950682508,0,,,,,
source_00_021,16385,bridge,0,0,271696350025/9259849,-12.81455638217229,0,,,,,
source_00_021,16385,bridge,1,1/2,271696350025/83338641,-2.7946396783242298,0,,,,,
source_00_021,16385,bridge,2,4/5,271696350025/750047769,-0.17485628732290617,0,,,,,
source_00_021,16385,bridge,3,9/10,361,-0.17276887424991574,0,,,,,
source_00_021,16385,bridge,4,97/100,38809/9,-3.434041850402979,0,,,,,
source_00_021,16385,bridge,5,199/200,159201,-42.46845523752703,0,,,,,
source_00_021,16385,intersection,0,0,3705151465129/29678675625,0.3211993846257415,1,0.025515984556243144,6.634978051710056,0.002447396437147502,0.0003688627781544395,0.003845677311572541
source_00_021,16385,intersection,1,1/2,3705151465129/267108080625,0.7771804391818347,1,0.004755228447735249,0.36619631452776846,0.001178994566051839,0.0032195697206079785,0.012985462330136756
source_00_021,16385,intersection,2,4/5,3705151465129/2403972725625,0.9261098476131954,1,0.0031989916590845872,0.0523454166996677,0.0009959667928642968,0.01902681945543896,0.06111311860289184
source_00_021,16385,intersection,3,9/10,328353066441/53817040225,0.8526088057194525,1,0.003572677211563297,0.17954795770632226,0.0010312930933800923,0.005743830821328124,0.01989817794200115
source_00_021,16385,intersection,4,97/100,3922146554481/53817040225,0.4841596230731339,1,0.006613645547616324,1.2600922983590996,0.0010846813323190292,0.0008607951447140088,0.005248540568201755
source_00_021,16385,intersection,5,199/200,144803702300481/53817040225,-2.4136363599796193,0,,,,,
source_00_021,16385,lag,0,0,924272654881/7601224225,0.3302852807844041,1,0.024814059282693347,6.353408690194289,0.002447396437147502,0.0003852099804196068,0.0039056293231995005
source_00_021,16385,lag,1,1/2,924272654881/68411018025,0.7801194114181921,1,0.004737313902627309,0.35978704985911175,0.001178994566051839,0.0032769232981384932,0.01316699393288998
source_00_021,16385,lag,2,4/5,924272654881/615699162225,0.9270795428234778,1,0.0031956456172982477,0.05101377116252621,0.0009959667928642968,0.019523488857375752,0.06264280300151014
source_00_021,16385,lag,3,9/10,20743552231081/3450087068481,0.8536909728696032,1,0.0035681483667713114,0.1779777050352612,0.0010312930933800923,0.0057945072006393775,0.020048288441883128
source_00_021,16385,lag,4,97/100,2230018056886489/31050783616329,0.48799342509900784,1,0.006561687044909614,1.2398163380331382,0.0010846813323190292,0.0008748725912418469,0.005292466991779739
source_00_021,16385,lag,5,199/200,1016434059322969/383343007609,-2.3862758063794116,0,,,,,
source_00_021,65537,bridge,0,0,4346903915929/149548441,-4.963426086470176,0,,,,,
source_00_021,65537,bridge,1,1/2,4346903915929/1345935969,-0.7871503754925603,0,,,,,
source_00_021,65537,bridge,2,4/5,4346903915929/12113423721,0.4265785770577575,1,0.006969298107584459,1.4953998603184746,0.0008613882069325381,0.0005760253359586971,0.004660491345839908
source_00_021,65537,bridge,3,9/10,361,0.42483003244544615,1,0.007191795653900865,1.5484561100260477,0.0009470178821066636,0.0006115884563823596,0.004644494349781658
source_00_021,65537,bridge,4,97/100,38809/9,-1.0830651389417756,0,,,,,
source_00_021,65537,bridge,5,199/200,159201,-15.78864653821533,0,,,,,
source_00_021,65537,intersection,0,0,912485368081/8711422225,0.6929657336514349,1,0.011965093951112168,1.2932479260624532,0.0006093093763741586,0.00047114661009302393,0.009251972270732527
source_00_021,65537,intersection,1,1/2,912485368081/78402800025,0.8983783403966171,1,0.00414227062204091,0.1430214717381465,0.0006766589432159322,0.004731170327031775,0.028962578637317223
source_00_021,65537,intersection,2,4/5,912485368081/705625200225,0.9662064574484434,1,0.0030769337618335437,0.02253637391024244,0.0008613882069325381,0.03822212971630943,0.13653189169155222
source_00_021,65537,intersection,3,9/10,4375648158025/880746587361,0.9336869680617198,1,0.0032722859860948154,0.07414911389007407,0.0009470178821066636,0.012771803092760029,0.044131154297352405
source_00_021,65537,intersection,4,97/100,470400358351225/7926719286249,0.7695027452885586,1,0.004173194423394858,0.33296470323683103,0.0010141144977742905,0.003045711716334603,0.012533443884070046
source_00_021,65537,intersection,5,199/200,214406759743225/97860731929,-0.4573941517575662,0,,,,,
source_00_021,65537,lag,0,0,227905986025/2198953449,0.6946035556578966,1,0.011936881175604631,1.2828396017563362,0.0006093093763741586,0.0004749692600228063,0.009305045743257257
source_00_021,65537,lag,1,1/2,227905986025/19790581041,0.898916667228299,1,0.0041397899745001234,0.14217960150960118,0.0006766589432159322,0.004759184412049702,0.029116623837355245
source_00_021,65537,lag,2,4/5,227905986025/178115229369,0.9663850537437664,1,0.0030763651179284163,0.022327348701244903,0.0008613882069325381,0.038579959423686964,0.13778461379773624
source_00_021,65537,lag,3,9/10,4344702516025/881478754641,0.9339499315678326,1,0.003271364639278651,0.07384193983400829,0.0009470178821066636,0.01282493233839057,0.04430225758738812
source_00_021,65537,lag,4,97/100,467073573253225/7933308791769,0.7704219299793931,1,0.0041682154160787455,0.33117741847656995,0.0010141144977742905,0.0030621486888787884,0.012586049602212348
source_00_021,65537,lag,5,199/200,212890423285225/97942083849,-0.4513600320827781,0,,,,,
source_00_022,16385,bridge,0,0,4377037226769/25150225,-45.37594877445537,0,,,,,
source_00_022,16385,bridge,1,1/2,486337469641/25150225,-9.655040792211526,0,,,,,
source_00_022,16385,bridge,2,4/5,486337469641/226352025,-2.0179459530401087,0,,,,,
source_00_022,16385,bridge,3,9/10,4377037226769/9079231225,-0.3630213683476194,0,,,,,
source_00_022,16385,bridge,4,97/100,38809/9,-3.432956309580092,0,,,,,
source_00_022,16385,bridge,5,199/200,159201,-42.454640329159666,0,,,,,
source_00_022,16385,intersection,0,0,3656971607041/34162498561,0.37264206021263097,1,0.02129332977042863,5.274828355782971,0.0013784005713346895,0.0002613166682141425,0.004036781547040111
source_00_022,16385,intersection,1,1/2,3656971607041/307462487049,0.7938353039814523,1,0.004498671998889207,0.3329217471317078,0.001615850964978679,0.004853545852441503,0.013512700920404215
source_00_022,16385,intersection,2,4/5,5094261160209/3409078484161,0.9272625518583961,1,0.003097711422690497,0.05118910651295799,0.0020888801242097406,0.04080712218879934,0.06051505161369331
source_00_022,16385,intersection,3,9/10,22704052825129/3409078484161,0.8460077989761737,1,0.0034944358571598814,0.19134997976379578,0.0023016496644608724,0.01202848135809604,0.01826201320467055
source_00_022,16385,intersection,4,97/100,2440780016871001/30681706357449,0.4607594713821815,1,0.0067466779953536575,1.4083519932487953,0.002466978555904296,0.0017516775406505117,0.004790477116299866
source_00_022,16385,intersection,5,199/200,204336475426161/69573030289,-2.5812583359584256,0,,,,,
source_00_022,16385,lag,0,0,912366922041/8722999609,0.3800235828769083,1,0.020879731237652153,5.103115787923725,0.0013784005713346895,0.0002701096013922724,0.004091565252558647
source_00_022,16385,lag,1,1/2,101374102449/8722999609,0.7962281022961943,1,0.004485152738834863,0.3279117277561741,0.001615850964978679,0.004927701049412237,0.01367792719560764
source_00_022,16385,lag,2,4/5,559215309249/379407953521,0.927762172624832,1,0.0030960432355183224,0.050505158545191164,0.0020888801242097406,0.04135973798281706,0.06130152492736034
source_00_022,16385,lag,3,9/10,62135034361/9458924049,0.8470684992779154,1,0.0034900601199305235,0.18976348860003628,0.0023016496644608724,0.012129043797840635,0.018391631317900718
source_00_022,16385,lag,4,97/100,2411398548516049/30732044235201,0.4645212910001313,1,0.006692041563976598,1.3860149939920656,0.002466978555904296,0.0017799075526584228,0.004828260583748712
source_00_022,16385,lag,5,199/200,3044616683689/1050991561,-2.5542392400209124,0,,,,,
source_00_022,65537,bridge,0,0,4339084804209/198951025,-4.059730375088889,0,,,,,
source_00_022,65537,bridge,1,1/2,482120533801/198951025,-0.5360820825492904,0,,,,,
source_00_022,65537,bridge,2,4/5,482120533801/1790559225,0.5046942734999039,1,0.005687555677844453,1.0795921048983497,0.000529605231907736,0.000490560489933929,0.005268244971446852
source_00_022,65537,bridge,3,9/10,361,0.42495811571867514,1,0.006931846209864308,1.5555648597529252,0.0005942125275306513,0.00038199148290417914,0.0044561601957023595
source_00_022,65537,bridge,4,97/100,38809/9,-1.082580881997944,0,,,,,
source_00_022,65537,bridge,5,199/200,159201,-15.783899372186852,0,,,,,
source_00_022,65537,intersection,0,0,3625829113921/37245526081,0.7041826234489827,1,0.011539096075863927,1.2493107307437914,5.395921867180408e-05,4.3191191225643956e-05,0.009236369937360574
source_00_022,65537,intersection,1,1/2,3625829113921/335209734729,0.9020659498019789,1,0.004013668174006173,0.13909802592683135,0.0003426520703302219,0.0024633855732105396,0.028854961436458142
source_00_022,65537,intersection,2,4/5,3625829113921/3016887612561,0.9674299545990653,1,0.002967115879732687,0.021144144626688302,0.000529605231907736,0.025047370856481198,0.14032801667406167
source_00_022,65537,intersection,3,9/10,18284560842025/3504747177409,0.932056641708547,1,0.003160477777826626,0.07632931133470565,0.0005942125275306513,0.007784853775570132,0.04140582068096834
source_00_022,65537,intersection,4,97/100,1965666265147225/31542724596681,0.7638030548361752,1,0.00405187684306535,0.34567530541535546,0.0006401187830580726,0.0018517920517605983,0.011721626565706536
source_00_022,65537,intersection,5,199/200,8063491331333025/3504747177409,-0.49484968019981995,0,,,,,
source_00_022,65537,lag,0,0,56602595569/587141361,0.7056376247811479,1,0.011515302843229016,1.240193108891101,5.395921867180408e-05,4.3508723185900356e-05,0.009285088556511367
source_00_022,65537,lag,1,1/2,56602595569/5284272249,0.902544424658252,1,0.004011540368160591,0.13834649118854112,0.0003426520703302219,0.002476767335307763,0.02899632895418786
source_00_022,65537,lag,2,4/5,56602595569/47558450241,0.9675887211525139,1,0.0029666290212652315,0.020964124769104687,0.000529605231907736,0.025262453727056017,0.14150979608923245
source_00_022,65537,lag,3,9/10,18162896622025/3507555885409,0.9323107843976827,1,0.0031596162493161208,0.07602959045200189,0.0005942125275306513,0.007815542922144012,0.041557717600896625
source_00_022,65537,lag,4,97/100,1952586855967225/31568002968681,0.7646916517271426,1,0.004047168428690486,0.34390927249908537,0.0006401187830580726,0.0018613013205678393,0.011768128260342993
source_00_022,65537,lag,5,199/200,8009837410313025/3507555885409,-0.4890058353657971,0,,,,,
source_00_023,16385,bridge,0,0,4367126114289/54538225,-25.70001515460974,0,,,,,
source_00_023,16385,bridge,1,1/2,485236234921/54538225,-5.6947183991203065,0,,,,,
source_00_023,16385,bridge,2,4/5,485236234921/490844025,-0.986540949438294,0,,,,,
source_00_023,16385,bridge,3,9/10,361,-0.171159720825599,0,,,,,
source_00_023,16385,bridge,4,97/100,38809/9,-3.4274745463612,0,,,,,
source_00_023,16385,bridge,5,199/200,159201,-42.38489671566582,0,,,,,
source_00_023,16385,intersection,0,0,229330843225/2061432409,0.3609054010752442,1,0.017787542888161346,5.514230365761464,0.003299776990399694,0.0005984111601300547,0.003225752590716266
source_00_023,16385,intersection,1,1/2,229330843225/18552891681,0.7900322901009615,1,0.0036472624084099717,0.3364900254836905,0.002107639105525374,0.006263600540597689,0.010839139743197982
source_00_023,16385,intersection,2,4/5,1236212646201/855693451369,0.9285628356158788,1,0.0024786889066491613,0.04799415489904655,0.002182373424071327,0.04547165021786189,0.051645641263253134
source_00_023,16385,intersection,3,9/10,5509540312081/855693451369,0.84876823067426,1,0.002788484090240712,0.18315964155272263,0.002338954371831736,0.012770031389029915,0.015224336904142965
source_00_023,16385,intersection,4,97/100,592298476375489/7701241062321,0.4705481018905718,1,0.0052875430729031085,1.3246416828679881,0.0024877327139669362,0.0018780419989356926,0.003991678007183817
source_00_023,16385,intersection,5,199/200,2429707277627721/855693451369,-2.5110094786648753,0,,,,,
source_00_023,16385,lag,0,0,915456672025/8423751961,0.3684967403484186,1,0.01742110471350477,5.32744166396898,0.003299776990399694,0.0006193924210784014,0.003270069540381589
source_00_023,16385,lag,1,1/2,915456672025/75813767649,0.7924918846523069,1,0.0036359426877657815,0.3313412337437446,0.002107639105525374,0.006360932147537658,0.010973408430590251
source_00_023,16385,lag,2,4/5,8480752281/5951968201,0.9290559277390091,1,0.0024773733540122667,0.04734439428938288,0.002182373424071327,0.046095709044919206,0.052326645872156095
source_00_023,16385,lag,3,9/10,340172397049/53567713809,0.8498149663890227,1,0.002785049453287088,0.18163540961743227,0.002338954371831736,0.012877193806858115,0.015333185633534068
source_00_023,16385,lag,4,97/100,36569946141481/482109424281,0.4742587242053118,1,0.005246173089990639,1.3039539465936252,0.0024877327139669362,0.0019078378653369986,0.004023280963024379
source_00_023,16385,lag,5,199/200,16668447455401/5951968201,-2.4844287917078534,0,,,,,
source_00_023,65537,bridge,0,0,4343385278241/170903329,-4.512996950538184,0,,,,,
source_00_023,65537,bridge,1,1/2,482598364249/170903329,-0.6626857534868573,0,,,,,
source_00_023,65537,bridge,2,4/5,482598364249/1538129961,0.46521362624799617,1,0.004977993579623235,1.2611443543461547,0.0014352350319859518,0.0011380418324356335,0.003947203634911481
source_00_023,65537,bridge,3,9/10,361,0.4256049863600149,1,0.005588977809227014,1.534619209098585,0.0015425262052301645,0.0010051524157163548,0.00364193135084625
source_00_023,65537,bridge,4,97/100,38809/9,-1.0801353284572528,0,,,,,
source_00_023,65537,bridge,5,199/200,159201,-15.759930931021746,0,,,,,
source_00_023,65537,intersection,0,0,3628053515025/37020453649,0.7035144772112514,1,0.00920298439701227,1.222568282542483,0.0020191927000012154,0.0016515991203387452,0.007527583144782325
source_00_023,65537,intersection,1,1/2,403117057225/37020453649,0.9018462414374628,1,0.003220231340042556,0.1364157405646828,0.001353742687914808,0.009923654574692707,0.023606010030166956
source_00_023,65537,intersection,2,4/5,403117057225/333184082841,0.9673570525940112,1,0.002393976906878143,0.020456851056404303,0.0014352350319859518,0.07015913778854206,0.11702568006568513
source_00_023,65537,intersection,3,9/10,4565739024081/876311293225,0.932176823807738,1,0.002551765677402313,0.07485689321429265,0.0015425262052301645,0.020606334820954676,0.0340885864725561
source_00_023,65537,intersection,4,97/100,54537324033721/876311293225,0.7642232701387897,1,0.00327096566539238,0.3407789787133913,0.001641467826420878,0.004816810686557688,0.009598496003896392
source_00_023,65537,intersection,5,199/200,2013490909619721/876311293225,-0.4920859364257629,0,,,,,
source_00_023,65537,lag,0,0,3624740015625/37355998729,0.7049988360262294,1,0.009183607725284969,1.2134663493596634,0.0020191927000012154,0.001663987387097077,0.007568077788173595
source_00_023,65537,lag,1,1/2,402748890625/37355998729,0.9023343561568838,1,0.0032184893667858683,0.13566166225992665,0.001353742687914808,0.009978815424810644,0.02372438397975154
source_00_023,65537,lag,2,4/5,402748890625/336203988561,0.9675190162169028,1,0.002393576152819093,0.02027486056048494,0.0014352350319859518,0.07078889779312117,0.11805635583428362
source_00_023,65537,lag,3,9/10,4534936352521/877022885025,0.9324340307994747,1,0.00255106178634748,0.07455681551047369,0.0015425262052301645,0.020689271593332354,0.03421634586832788
source_00_023,65537,lag,4,97/100,487524501121849/7893205965225,0.7651225627314738,1,0.0032671211111508862,0.3390120273639491,0.001641467826420878,0.004841916197441181,0.009637183484476916
source_00_023,65537,lag,5,199/200,4534936352521/1988714025,-0.4861725440649828,0,,,,,
source_00_024,16385,bridge,0,0,1087796850625/31371201,-14.352802218326113,0,,,,,
source_00_024,16385,bridge,1,1/2,1087796850625/282340809,-3.1610978624737127,0,,,,,
source_00_024,16385,bridge,2,4/5,1087796850625/2541067281,-0.2807545233836459,0,,,,,
source_00_024,16385,bridge,3,9/10,361,-0.1721390831543593,0,,,,,
source_00_024,16385,bridge,4,97/100,38809/9,-3.43147138962045,0,,,,,
source_00_024,16385,bridge,5,199/200,159201,-42.435744809234556,0,,,,,
source_00_024,16385,intersection,0,0,924495711049/7581010761,0.32964488430819266,1,0.02353252105754169,6.27511763407535,0.0018153301026847318,0.00028929021072482636,0.0037501322572432143
source_00_024,16385,intersection,1,1/2,924495711049/68229096849,0.7799122283825287,1,0.004515609936039588,0.35700076305431155,0.000502107990037191,0.0014064619519056991,0.012648740292335496
source_00_024,16385,intersection,2,4/5,924495711049/614061871641,0.927011179862302,1,0.003082795031898957,0.05116945520911145,0.00015582941140518158,0.0030453599861159737,0.0602467823685178
source_00_024,16385,intersection,3,9/10,21730095018025/3429189165249,0.8498543231989183,1,0.0034692821297913,0.18473006949793674,0.00011401233335393093,0.0006171834052993973,0.018780278377094683
source_00_024,16385,intersection,4,97/100,2336075505691225/30862702487241,0.47439822960102934,1,0.006539797941608537,1.3236718820808415,0.000106639090378816,8.056308502313805e-05,0.004940648834609851
source_00_024,16385,intersection,5,199/200,1064774655883225/381021018361,-2.483429982775654,0,,,,,
source_00_024,16385,lag,0,0,3689630147281/31085568721,0.33885577789535987,1,0.02289285202594052,6.0084683882374375,0.0018153301026847318,0.0003021285934096846,0.003810097773129177
source_00_024,16385,lag,1,1/2,3689630147281/279770118489,0.782892705492102,1,0.004498418982597676,0.3506090251916092,0.000502107990037191,0.0014321022961767372,0.012830300019057616
source_00_024,16385,lag,2,4/5,3689630147281/2517931066401,0.9279946921485135,1,0.0030795278076191234,0.04983261822521758,0.00015582941140518158,0.0031270564733507176,0.06179743142736862
source_00_024,16385,lag,3,9/10,3713074225/594725769,0.8509714979823774,1,0.003464727577116742,0.1830851389947619,0.00011401233335393093,0.0006227284965886437,0.018924133308361357
source_00_024,16385,lag,4,97/100,144100697598025/1932264023481,0.4783578279514239,1,0.006485664881316825,1.30164973356483,0.000106639090378816,8.192610318196998e-05,0.004982649874290317
source_00_024,16385,lag,5,199/200,181940637025/66080641,-2.455096529628035,0,,,,,
source_00_024,65537,bridge,0,0,1090760916025/17480761,-8.346945778268632,0,,,,,
source_00_024,65537,bridge,1,1/2,1090760916025/157326849,-1.6853411375767928,0,,,,,
source_00_024,65537,bridge,2,4/5,1090760916025/1415941641,0.15269822693878213,1,0.01867446648595892,6.537183650051835,0.0006787638135121848,0.00010383122914204845,0.0028566531836398453
source_00_024,65537,bridge,3,9/10,361,0.42513332988888763,1,0.006891362511330731,1.5426364442331122,0.000692869121322642,0.0004491460861778659,0.004467262871360868
source_00_024,65537,bridge,4,97/100,38809/9,-1.0819184468180414,0,,,,,
source_00_024,65537,bridge,5,199/200,159201,-15.777406088081612,0,,,,,
source_00_024,65537,intersection,0,0,3632024089369/36620563225,0.7014759721554433,1,0.011333561266630807,1.2364052452515728,0.0020512995220821175,0.0016590834841247676,0.009166542531388851
source_00_024,65537,intersection,1,1/2,3632024089369/329585069025,0.9011759548678618,1,0.003962620672490191,0.13828513627723416,0.0008840109185897448,0.006392667660372978,0.028655434554773308
source_00_024,65537,intersection,2,4/5,3632024089369/2966265621225,0.9671346476392184,1,0.002948460101594237,0.021300278628879735,0.0006787638135121848,0.031866428854686,0.13842354614068764
source_00_024,65537,intersection,3,9/10,4538821463401/876932983809,0.9323469775366382,1,0.0031423364503783695,0.0754184521048623,0.000692869121322642,0.009186997372463604,0.041665353274676666
source_00_024,65537,intersection,4,97/100,487942166684569/7892396854281,0.7648181960823299,1,0.004025909565791274,0.34118262012300216,0.0007272928371170978,0.0021316819621553297,0.011799867075116151
source_00_024,65537,intersection,5,199/200,222402251706649/97436998201,-0.4881737512344594,0,,,,,
source_00_024,65537,lag,0,0,907166717209/9239631129,0.7029968201854851,1,0.011309042486700668,1.2270212322047294,0.0020512995220821175,0.0016717718228855037,0.009216664055910767
source_00_024,65537,lag,1,1/2,907166717209/83156680161,0.9016760233775378,1,0.0039604230075166,0.13751025741046824,0.0008840109185897448,0.006428690740873036,0.028800927887835556
source_00_024,65537,lag,2,4/5,907166717209/748410121449,0.9673005726053692,1,0.0029479543403485506,0.021112033140173847,0.0006787638135121848,0.03215056593581093,0.13963384392093067
source_00_024,65537,lag,3,9/10,4507787154025/877652322561,0.9326069127174276,1,0.0031414606217927223,0.07511445634277503,0.000692869121322642,0.009224178075134088,0.04182231723088132
source_00_024,65537,lag,4,97/100,484605849475225/7898870903049,0.7657270011401882,1,0.004021131404683696,0.3393949730064082,0.0007272928371170978,0.002142909868919495,0.011847940377737332
source_00_024,65537,lag,5,199/200,4507787154025/1990141321,-0.48219893749527243,0,,,,,
source_00_025,16385,bridge,0,0,271439958001/10817521,-11.523310202259644,0,,,,,
source_00_025,16385,bridge,1,1/2,271439958001/97357689,-2.481395104332771,0,,,,,
source_00_025,16385,bridge,2,4/5,271439958001/876219201,-0.08346040924939295,0,,,,,
source_00_025,16385,bridge,3,9/10,361,-0.17290104464468659,0,,,,,
source_00_025,16385,bridge,4,97/100,38809/9,-3.4345813212034964,0,,,,,
source_00_025,16385,bridge,5,199/200,159201,-42.47532115999994,0,,,,,
source_00_025,16385,intersection,0,0,3713571805969/28930267921,0.311397854851312,1,0.028173579858918465,7.190839334871346,0.0010287099619616408,0.00014305839889552279,0.003917982108471421
source_00_025,16385,intersection,1,1/2,3713571805969/260372411289,0.7740112489214709,1,0.005029759712791893,0.3796659297965657,0.000965092702606905,0.0025419523503834684,0.0132478563865
source_00_025,16385,intersection,2,4/5,3713571805969/2343351701601,0.9250643382298643,1,0.003336160836505411,0.05422139358739954,0.00117904857088431,0.021745080546183303,0.061528496701728046
source_00_025,16385,intersection,3,9/10,80997729201/13477584649,0.8537075673187388,1,0.0037162004290874685,0.17905135840306552,0.0012923882309584858,0.007217975012784706,0.020754941276244703
source_00_025,16385,intersection,4,97/100,967510271641/13477584649,0.4880522090912254,1,0.006832877084629847,1.2464245001881251,0.0013842272516116337,0.0011105584424910694,0.005481982329133091
source_00_025,16385,intersection,5,199/200,35719998577641/13477584649,-2.385856508916535,0,,,,,
source_00_025,16385,lag,0,0,3705405553249/29655939681,0.32083406816959265,1,0.02734495242853024,6.869520073556093,0.0010287099619616408,0.0001497499026055129,0.0039806204997920305
source_00_025,16385,lag,1,1/2,3705405553249/266903457129,0.7770622955805712,1,0.005010010933762118,0.37283611429372043,0.000965092702606905,0.002588517221393968,0.013437568791458944
source_00_025,16385,lag,2,4/5,3705405553249/2402131114161,0.9260708695850838,1,0.003332534817592299,0.05280962715326868,0.00117904857088431,0.022326394531481403,0.06310468369565131
source_00_025,16385,lag,3,9/10,20464811678025/3456092929249,0.8547934294705338,1,0.003711479661174067,0.17747186471961965,0.0012923882309584858,0.007282214749928254,0.020913059470230273
source_00_025,16385,lag,4,97/100,244450254359025/3456092929249,0.49189840757750036,1,0.006779450195876064,1.22631236766201,0.0013842272516116337,0.0011287721530939883,0.005528322452460645
source_00_025,16385,lag,5,199/200,9024981950009025/3456092929249,-2.358436863941013,0,,,,,
source_00_025,65537,bridge,0,0,4339251449569/197824225,-4.0780449374211525,0,,,,,
source_00_025,65537,bridge,1,1/2,4339251449569/1780418025,-0.5412248924208788,0,,,,,
source_00_025,65537,bridge,2,4/5,4339251449569/16023762225,0.5030868973470595,1,0.006160757132685503,1.0870315985141406,0.0010780180251731635,0.0009917080852541015,0.005667505103905553
source_00_025,65537,bridge,3,9/10,361,0.42476638197674094,1,0.00749989325079221,1.5593263874359888,0.001206439970077068,0.0007736930380950108,0.0048097007215560155
source_00_025,65537,bridge,4,97/100,38809/9,-1.0833057917365094,0,,,,,
source_00_025,65537,bridge,5,199/200,159201,-15.791005784103822,0,,,,,
source_00_025,65537,intersection,0,0,909286209225/9027090121,0.6989398083802026,1,0.012370483289525315,1.264363615757945,0.00013825400957026448,0.00010934671628255113,0.009783960195746072
source_00_025,65537,intersection,1,1/2,101031801025/9027090121,0.9003421171916894,1,0.004309920804855191,0.14103446169374437,0.0007073541143995064,0.005015470019912737,0.030559345234458815
source_00_025,65537,intersection,2,4/5,101031801025/81243811089,0.9668579851081508,1,0.003205637476164428,0.022030448339997524,0.0010780180251731635,0.048933095166109754,0.14550940710291455
source_00_025,65537,intersection,3,9/10,17985835022841/3511662367249,0.9326597292965259,1,0.0034157178886169495,0.07596489178324885,0.001206439970077068,0.015881546616552968,0.04496442775648311
source_00_025,65537,intersection,4,97/100,214839110926881/3511662367249,0.7659116575880408,1,0.004371915027176138,0.34239654066804315,0.0012977833556336584,0.003790293421486031,0.012768572423793128
source_00_025,65537,intersection,5,199/200,7931753245072881/3511662367249,-0.4809851482320117,0,,,,,
source_00_025,65537,lag,0,0,3633747125121/36447773569,0.7005008476268593,1,0.012342916142418383,1.2545642322326926,0.00013825400957026448,0.00011020082194135243,0.009838409086836662
source_00_025,65537,lag,1,1/2,403749680569/36447773569,0.9008553430810461,1,0.00430746540182615,0.14023070038272725,0.0007073541143995064,0.005044217225393205,0.030716992713221286
source_00_025,65537,lag,2,4/5,403749680569/328029962121,0.9670282692350257,1,0.003205072995066954,0.02183387858457099,0.0010780180251731635,0.049373638357362214,0.1467935704896625
source_00_025,65537,lag,3,9/10,17861315850225/3514563830089,0.9329215593351718,1,0.003414759246877104,0.07565615329504558,0.001206439970077068,0.015946356212060718,0.04513524806845716
source_00_025,65537,lag,4,97/100,213351741099225/3514563830089,0.7668270391143551,1,0.004366696157670552,0.34058534697883963,0.0012977833556336584,0.0038104497658094753,0.012821150987279121
source_00_025,65537,lag,5,199/200,7876840289949225/3514563830089,-0.4749691782066434,0,,,,,
source_00_026,16385,bridge,0,0,4357752275529/92717641,-17.706805522466897,0,,,,,
source_00_026,16385,bridge,1,1/2,484194697281/92717641,-3.9381096111828415,0,,,,,
source_00_026,16385,bridge,2,4/5,53799410809/92717641,-0.5018707337676741,0,,,,,
source_00_026,16385,bridge,3,9/10,361,-0.17260849805504055,0,,,,,
source_00_026,16385,bridge,4,97/100,38809/9,-3.433387265092358,0,,,,,
source_00_026,16385,bridge,5,199/200,159201,-42.46012464633892,0,,,,,
source_00_026,16385,intersection,0,0,3693380581489/30742362225,0.3344852776637921,1,0.026409550257210392,6.427150907607099,0.004945227590915332,0.0007694276456247853,0.004109060240977439
source_00_026,16385,intersection,1,1/2,3693380581489/276681260025,0.7814783464711714,1,0.005005012164530274,0.3617159572749145,0.001437302661104134,0.003973567193254189,0.013836857522783604
source_00_026,16385,intersection,2,4/5,3693380581489/2490131340225,0.927527958518158,1,0.00332168499032595,0.050316884798304595,0.0005117337245716518,0.010170218737168212,0.06601531481213385
source_00_026,16385,intersection,3,9/10,5297376369609/860143098721,0.8519327698804926,1,0.00371303215273287,0.17961087768785453,0.00039974174928653045,0.0022255987745978343,0.020672646337076217
source_00_026,16385,intersection,4,97/100,63276663443569/860143098721,0.4817642806498354,1,0.006899285185649598,1.2650897642357044,0.0003798153401457598,0.000300227976609409,0.00545359339763353
source_00_026,16385,intersection,5,199/200,2336142978997569/860143098721,-2.4307457181452374,0,,,,,
source_00_026,16385,lag,0,0,3685643558809/31452667801,0.34291513005338004,1,0.02576032661312962,6.178280786179862,0.004945227590915332,0.00080042130846129,0.004169497551932676
source_00_026,16385,lag,1,1/2,3685643558809/283074010209,0.7842066069249088,1,0.004987599691033643,0.35576200827428883,0.001437302661104134,0.004040067875926731,0.014019483742030868
source_00_026,16385,lag,2,4/5,3685643558809/2547666091881,0.9284283019646491,1,0.003318463785946442,0.04911168108011082,0.0005117337245716518,0.010419796539583187,0.06756974538365677
source_00_026,16385,lag,3,9/10,5230940765625/861557096401,0.8529903600332981,1,0.0037084285060496568,0.1780823266880234,0.00039974174928653045,0.0022447019685834686,0.02082423660460328
source_00_026,16385,lag,4,97/100,62483096390625/861557096401,0.48551143611519804,1,0.006846036812352026,1.245187168028323,0.0003798153401457598,0.0003050267059426688,0.00549799820310733
source_00_026,16385,lag,5,199/200,2306844877640625/861557096401,-2.4039856404524027,0,,,,,
source_00_026,65537,bridge,0,0,4316292949761/383493889,-2.498097806683383,0,,,,,
source_00_026,65537,bridge,1,1/2,479588105529/383493889,-0.08835477405713603,0,,,,,
source_00_026,65537,bridge,2,4/5,53287567281/383493889,0.6458459451110278,1,0.004791894487705875,0.5782564794913411,0.0003556311882563318,0.0006150059720371142,0.008286797740547636
source_00_026,65537,bridge,3,9/10,361,0.4249072665600887,1,0.007476028982812696,1.5408562177748113,0.0004137101961677653,0.00026849370589892836,0.0048518667066866335
source_00_026,65537,bridge,4,97/100,38809/9,-1.082773131333647,0,,,,,
source_00_026,65537,bridge,5,199/200,159201,-15.785783949033904,0,,,,,
source_00_026,65537,intersection,0,0,3659733519849/33896123881,0.6882685715185378,1,0.012663212604337948,1.3321362337764229,0.0004150634584864734,0.0003115773356827219,0.009505944124377943
source_00_026,65537,intersection,1,1/2,406637057761/33896123881,0.8968346744042892,1,0.004343402762928249,0.14591321057981582,0.00013038373394680844,0.0008935704548525946,0.029767028945966265
source_00_026,65537,intersection,2,4/5,406637057761/305065114929,0.9656943526419605,1,0.00320476723905225,0.02319703784589473,0.0003556311882563318,0.015330887961596757,0.13815415831721853
source_00_026,65537,intersection,3,9/10,1070568910489/220741168561,0.9344912396883669,1,0.0033993031768497673,0.0730056184467801,0.0004137101961677653,0.005666826813738361,0.04656221328126689
source_00_026,65537,intersection,4,97/100,115090606224841/1986670517049,0.7723139352633832,1,0.004321545427878432,0.326013548936207,0.00044930696734039253,0.0013781849521484492,0.013255723395483953
source_00_026,65537,intersection,5,199/200,472120889525649/220741168561,-0.4389452070002408,0,,,,,
source_00_026,65537,lag,0,0,914064108489/8557915081,0.6899654758980709,1,0.01263206863891085,1.321119847118731,0.0004150634584864734,0.00031417547726021787,0.009561637172025307
source_00_026,65537,lag,1,1/2,101562678721/8557915081,0.8973923042588392,1,0.004340703819512477,0.14503568068721,0.00013038373394680844,0.0008989769505615618,0.02992852378770035
source_00_026,65537,lag,2,4/5,101562678721/77021235729,0.9658793398225185,1,0.003204153455496215,0.022977865010827315,0.0003556311882563318,0.015477120615372934,0.1394452206062834
source_00_026,65537,lag,3,9/10,47108532025/9791696209,0.9347545017020208,1,0.003398345805264257,0.07270018041107469,0.0004137101961677653,0.005690635068970796,0.046744668115659506
source_00_026,65537,lag,4,97/100,1828235019358225/31813220983041,0.7732340383510913,1,0.004316403042656564,0.32424831469682985,0.00044930696734039253,0.0013856879032987165,0.013312029228871626
source_00_026,65537,lag,5,199/200,20774862623025/9791696209,-0.43291042378999234,0,,,,,
source_00_027,16385,bridge,0,0,4267508982025/983261449,-3.443567505700293,0,,,,,
source_00_027,16385,bridge,1,1/2,4267508982025/8849353041,-0.3616605697852549,0,,,,,
source_00_027,16385,bridge,2,4/5,81,0.4563964934165548,1,0.005194497394572271,1.3281821045756461,0.0033572182738575793,0.002527679195715568,0.003910982821314184
source_00_027,16385,bridge,3,9/10,361,-0.17115423619501718,0,,,,,
source_00_027,16385,bridge,4,97/100,38809/9,-3.427452164501831,0,,,,,
source_00_027,16385,bridge,5,199/200,159201,-42.38461201947508,0,,,,,
source_00_027,16385,intersection,0,0,924853426249/7548655689,0.32860051283657454,1,0.020143731831353588,6.546984941875517,0.0053379093284352435,0.0008153232939781424,0.003076795198124132
source_00_027,16385,intersection,1,1/2,924853426249/67937901201,0.7795743621545846,1,0.003811146288647941,0.3665953199710177,0.003299078881783389,0.008999238948397398,0.010396058217407802
source_00_027,16385,intersection,2,4/5,924853426249/611441110809,0.9268996975192015,1,0.0025577205411647062,0.05127892635627856,0.0033572182738575793,0.06546974580809498,0.049878589957091414
source_00_027,16385,intersection,3,9/10,82846684561/13438141929,0.8520342450410225,1,0.002858343437347719,0.18193043488372496,0.0035901710145598603,0.019733757119057095,0.015711188945239086
source_00_027,16385,intersection,4,97/100,8906362828609/120943277361,0.482123846195218,1,0.005308662609387482,1.2855158114229672,0.0038167758836963614,0.002969061795880584,0.0041295972886643845
source_00_027,16385,intersection,5,199/200,4059487543489/1493126881,-2.4281767111544554,0,,,,,
source_00_027,16385,lag,0,0,3691420588249/30921464025,0.3374487623380913,1,0.01961554271043192,6.27899155739024,0.0053379093284352435,0.0008501220744838615,0.0031239957135067078
source_00_027,16385,lag,1,1/2,3691420588249/278293176225,0.7824373457132192,1,0.0037972010836756446,0.36028479001930697,0.003299078881783389,0.009156864161838743,0.010539443209556973
source_00_027,16385,lag,2,4/5,3691420588249/2504638586025,0.9278444217118718,1,0.0025551162893992325,0.049979947785811454,0.0033572182738575793,0.06717130414471227,0.05112282830604699
source_00_027,16385,lag,3,9/10,20937497214001/3445935080329,0.8531121602780332,1,0.0028547318935353296,0.18034473546135932,0.0035901710145598603,0.019907268184876353,0.01582930539243262
source_00_027,16385,lag,4,97/100,2250867948415969/31013415722961,0.4859429457690709,1,0.005266941021934137,1.2648935821665237,0.0038167758836963614,0.003017467981107901,0.004163940031154923
source_00_027,16385,lag,5,199/200,188437474926009/70325205721,-2.400905806115471,0,,,,,
source_00_027,65537,bridge,0,0,1069488973921/207792225,-1.2860780616064043,0,,,,,
source_00_027,65537,bridge,1,1/2,1069488973921/1870130025,0.27341069180635347,1,0.010745575019560511,3.825367381427207,0.0007932510003529781,0.00020736596547676523,0.0028090308585084034
source_00_027,65537,bridge,2,4/5,81,0.7307078434267343,1,0.003196088939170075,0.37972409765133963,0.0008402736474546517,0.0022128531021652093,0.008416871509968548
source_00_027,65537,bridge,3,9/10,361,0.42560762777116984,1,0.005632799081214071,1.532475387918953,0.0009016106671289064,0.0005883361483235705,0.0036756212371300864
source_00_027,65537,bridge,4,97/100,38809/9,-1.0801253428180009,0,,,,,
source_00_027,65537,bridge,5,199/200,159201,-15.759833081650363,0,,,,,
source_00_027,65537,intersection,0,0,3646209345025/35211396609,0.6951480934141424,1,0.009451574947171361,1.2817413831346967,0.0011715079615871567,0.0009139971424828719,0.007374010913228122
source_00_027,65537,intersection,1,1/2,3646209345025/316902569481,0.8990956571300999,1,0.0032676780013964467,0.14104272228836634,0.0007932510003529781,0.005624189518486117,0.023168001498975434
source_00_027,65537,intersection,2,4/5,3646209345025/2852123125329,0.9664444367461872,1,0.0024164940759593212,0.02150463799167061,0.0008402736474546517,0.03907406615168853,0.11237083260342731
source_00_027,65537,intersection,3,9/10,1100021294761/220042613569,0.9335682306951495,1,0.0025679561234448096,0.07315568419959767,0.0009016106671289064,0.012324546984878925,0.035102619181831565
source_00_027,65537,intersection,4,97/100,118256859912409/1980383522121,0.769087687362604,1,0.0032751987429589457,0.33077878760695995,0.0009581312650830594,0.0028965922271337913,0.009901477560437228
source_00_027,65537,intersection,5,199/200,485109390989601/220042613569,-0.4601194330881491,0,,,,,
source_00_027,65537,lag,0,0,910701850249/8886644361,0.696746915236904,1,0.00942988646322613,1.2716186166367287,0.0011715079615871567,0.0009212730501584256,0.007415656187990542
source_00_027,65537,lag,1,1/2,910701850249/79979799249,0.899621216075704,1,0.0032657690230683467,0.14022282945227507,0.0007932510003529781,0.005657074553776292,0.023289852556996456
source_00_027,65537,lag,2,4/5,910701850249/719818193241,0.9666188028767239,1,0.0024160581701811227,0.02130316436488395,0.0008402736474546517,0.03944360720606162,0.11341311219302908
source_00_027,65537,lag,3,9/10,1066740921/215062225,0.9338283253891776,1,0.002567240883026367,0.0728537841727491,0.0009016106671289064,0.01237561888331057,0.03523826404046478
source_00_027,65537,lag,4,97/100,12742120161/215062225,0.7699968626189396,1,0.003271331545829659,0.3290210268355784,0.0009581312650830594,0.0029120669712147797,0.009942621531797848
source_00_027,65537,lag,5,199/200,9600668289/4389025,-0.4541502299664599,0,,,,,
source_00_028,16385,bridge,0,0,268318820025/39601849,-4.723528032739971,0,,,,,
source_00_028,16385,bridge,1,1/2,29813202225/39601849,-0.7210233742544362,0,,,,,
source_00_028,16385,bridge,2,4/5,3312578025/39601849,0.447083242284694,1,0.005883672880227919,1.3729438541319672,0.00018319537986817696,0.0001334325357273993,0.004285443182924494
source_00_028,16385,bridge,3,9/10,361,-0.17188194307573898,0,,,,,
source_00_028,16385,bridge,4,97/100,38809/9,-3.430421939545451,0,,,,,
source_00_028,16385,bridge,5,199/200,159201,-42.42239201452501,0,,,,,
source_00_028,16385,intersection,0,0,3749354505625/25865323929,0.26780697363038297,1,0.027797750264131747,8.93866170015076,0.003679416978299652,0.0004116295147670254,0.0031098335742656994
source_00_028,16385,intersection,1,1/2,3749354505625/232787915361,0.7599325705527821,1,0.004367610835745463,0.41173113656805643,0.0009453413556731536,0.0022960161904512534,0.01060791970253026
source_00_028,16385,intersection,2,4/5,3749354505625/2095091238249,0.9204216249260371,1,0.002857920192874871,0.060569424817360724,0.00018319537986817696,0.0030245520808655354,0.04718420558710207
source_00_028,16385,intersection,3,9/10,4853010732025/869800582161,0.859187573816947,1,0.0031410214759168475,0.1704024166360514,7.552995422833848e-05,0.0004432446189402157,0.018432963205125774
source_00_028,16385,intersection,4,97/100,521718818557225/7828205239449,0.5074557760324643,1,0.005586845646736427,1.145386776659191,4.3713168086593086e-05,3.816454753746464e-05,0.004877693509813225
source_00_028,16385,intersection,5,199/200,4853010732025/1972336921,-2.2478241487429176,0,,,,,
source_00_028,16385,lag,0,0,14612699689/103815721,0.2787526635654758,1,0.02670622506974428,8.439234860857502,0.003679416978299652,0.00043598940413015004,0.003164531561221498
source_00_028,16385,lag,1,1/2,14612699689/934341489,0.7634653084807089,1,0.004347400848097737,0.40348294185394573,0.0009453413556731536,0.002342952471124174,0.010774683133125924
source_00_028,16385,lag,2,4/5,14612699689/8409073401,0.9215863347482603,1,0.002854308325386969,0.058822585080994576,0.00018319537986817696,0.0031143714547045113,0.04852402051791479
source_00_028,16385,lag,3,9/10,19147249323049/3485125188801,0.8602754268155346,1,0.0031370495274865027,0.16884633920693448,7.552995422833848e-05,0.00044732953396028663,0.018579316212724056
source_00_028,16385,lag,4,97/100,2058408861435481/31366126699209,0.511305562179883,1,0.005544780465816284,1.126877065004269,4.3713168086593086e-05,3.8791425829957316e-05,0.0049204839090369445
source_00_028,16385,lag,5,199/200,938215216829401/387236132089,-2.220525623511307,0,,,,,
source_00_028,65537,bridge,0,0,4354713372025/107267449,-6.235440394644257,0,,,,,
source_00_028,65537,bridge,1,1/2,4354713372025/965407041,-1.131968364566099,0,,,,,
source_00_028,65537,bridge,2,4/5,4354713372025/8688663369,0.32043777851300265,1,0.008141401077503664,2.4019199130706745,0.00022031050724480083,9.172266987168209e-05,0.0033895389405783696
source_00_028,65537,bridge,3,9/10,361,0.4252571660870915,1,0.006298507073579298,1.535274214473054,0.00018361709695759526,0.00011959889329647694,0.004102529055854109
source_00_028,65537,bridge,4,97/100,38809/9,-1.0814502670681667,0,,,,,
source_00_028,65537,bridge,5,199/200,159201,-15.772817314654702,0,,,,,
source_00_028,65537,intersection,0,0,910358332129/8920613601,0.6972055760265051,1,0.010545045376519228,1.2716451716325474,0.0018370935091464725,0.001444658895521931,0.008292443215886567
source_00_028,65537,intersection,1,1/2,910358332129/80285522409,0.899771992340565,1,0.0036442241064084764,0.14020472940138476,0.0005509300247070887,0.003929468193115369,0.025992162475315782
source_00_028,65537,intersection,2,4/5,910358332129/722569701681,0.9666688271133436,1,0.0026987654945376163,0.021522876794321976,0.00022031050724480083,0.010236108739093917,0.12539055630563228
source_00_028,65537,intersection,3,9/10,69157954441/13743107361,0.9333084115884787,1,0.0028698822762468043,0.07375019587066092,0.00018361709695759526,0.002489716736205188,0.03891355463353409
source_00_028,65537,intersection,4,97/100,7434767462329/123687966249,0.7681794355656526,1,0.0036637810328222402,0.3329023059615949,0.0001798018556777846,0.0005401039658119019,0.011005574209644887
source_00_028,65537,intersection,5,199/200,3388739767609/1527011929,-0.4660842841681557,0,,,,,
source_00_028,65537,lag,0,0,909526523481/9003163225,0.6987505623930634,1,0.01052172954363365,1.2619103782777286,0.0018370935091464725,0.0014558034712843562,0.008337937245586206
source_00_028,65537,lag,1,1/2,101058502609/9003163225,0.9002799008615571,1,0.0036421681541715352,0.13941452763471338,0.0005509300247070887,0.003951740425148566,0.02612473904953832
source_00_028,65537,lag,2,4/5,101058502609/81028469025,0.9668373425165045,1,0.002698295111842048,0.021329518844246036,0.00022031050724480083,0.01032890187788896,0.12650520302617865
source_00_028,65537,lag,3,9/10,274736367409/55016986249,0.9335648010394181,1,0.0028690941064912086,0.07345234196608297,0.00018361709695759526,0.0024998126954533526,0.03906062120954604
source_00_028,65537,lag,4,97/100,29535301060321/495152876241,0.7690756985462773,1,0.003659511347386801,0.33116443692831155,0.0001798018556777846,0.0005429382978000955,0.011050435793560133
source_00_028,65537,lag,5,199/200,121158738027369/55016986249,-0.46019815728040003,0,,,,,
source_00_029,16385,bridge,0,0,270087050601/21058921,-7.311405036963024,0,,,,,
source_00_029,16385,bridge,1,1/2,30009672289/21058921,-1.416686342583184,0,,,,,
source_00_029,16385,bridge,2,4/5,30009672289/189530289,0.23374699725795617,1,0.012854016735690026,3.794169602155798,0.0030000982559068748,0.0007907127436270265,0.0033878339883347706
source_00_029,16385,bridge,3,9/10,361,-0.17213692655864632,0,,,,,
source_00_029,16385,bridge,4,97/100,38809/9,-3.43146258790743,0,,,,,
source_00_029,16385,bridge,5,199/200,159201,-42.43563281485139,0,,,,,
source_00_029,16385,intersection,0,0,233373049569/1697522401,0.2872484695828415,1,0.028890614826766026,7.841466564445223,0.00545316420180624,0.0006954265706535021,0.0036843382024686366
source_00_029,16385,intersection,1,1/2,25930338841/1697522401,0.766208461686656,1,0.004887807181681452,0.39064285550259054,0.003077534057433257,0.007878127077157945,0.01251221445069802
source_00_029,16385,intersection,2,4/5,25930338841/15277701609,0.9224908544687789,1,0.0032570380509639486,0.05757015245947616,0.0030000982559068748,0.052112042920481313,0.05657511595538312
source_00_029,16385,intersection,3,9/10,20171569090729/3462461271361,0.8560669035808045,1,0.0036091953391657523,0.17473744353673262,0.003198943369580982,0.01830714301888314,0.02065496247464008
source_00_029,16385,intersection,4,97/100,2168527492637401/31162151442249,0.4964082681415733,1,0.006543115824189138,1.197586040226008,0.0034049704207889365,0.0028431948155861536,0.005463587253367053
source_00_029,16385,intersection,5,199/200,8895661969011489/3462461271361,-2.3263228996794765,0,,,,,
source_00_029,16385,lag,0,0,3725444279881/27892674121,0.29771180325014135,1,0.02787522968084387,7.437872096574868,0.00545316420180624,0.0007331618682065554,0.00374774254234358
source_00_029,16385,lag,1,1/2,3725444279881/251034067089,0.7695882430940302,1,0.004866341521331625,0.383033335515537,0.003077534057433257,0.008034637646593094,0.012704746741642887
source_00_029,16385,lag,2,4/5,3725444279881/2259306603801,0.9236054486621563,1,0.003253107502801341,0.05595582652327121,0.0030000982559068748,0.053615475676320815,0.05813706462629804
source_00_029,16385,lag,3,9/10,4974813524041/867105504225,0.8571701174203058,1,0.003604550153610737,0.17315071927670114,0.003198943369580982,0.018474906618602918,0.02081741368830548
source_00_029,16385,lag,4,97/100,534813124804729/7803949538025,0.5003144102467061,1,0.006492031266766491,1.177967677563512,0.0034049704207889365,0.0028905465622212304,0.005511213414781038
source_00_029,16385,lag,5,199/200,243765862678009/96345056025,-2.2985401679969137,0,,,,,
source_00_029,65537,bridge,0,0,4334861413089/228584161,-3.67386420405112,0,,,,,
source_00_029,65537,bridge,1,1/2,481651268121/228584161,-0.42717598477456975,0,,,,,
source_00_029,65537,bridge,2,4/5,53516807569/228584161,0.5388056439539364,1,0.005507113974344594,0.9141383984821332,0.00034211057035061213,0.0003742437369644075,0.0060243765971200805
source_00_029,65537,bridge,3,9/10,361,0.4251343684808672,1,0.0071853107393540705,1.5256501891443948,0.0003576906288255599,0.00023445127288723876,0.00470967118837621
source_00_029,65537,bridge,4,97/100,38809/9,-1.0819145202445037,0,,,,,
source_00_029,65537,bridge,5,199/200,159201,-15.777367601181743,0,,,,,
source_00_029,65537,intersection,0,0,3620499423121/37787860881,0.7066419265615284,1,0.011470066795609208,1.1652985913119156,0.0008472589990984325,0.0007270745930831102,0.009843028114104202
source_00_029,65537,intersection,1,1/2,3620499423121/340090747929,0.9028747058962754,1,0.0040723071608097725,0.1326643720487657,0.0004003352110170026,0.0030176542867880506,0.030696313546133135
source_00_029,65537,intersection,2,4/5,1047124470681/873995005129,0.96749071427365,1,0.0030669690649198157,0.020779818587257904,0.00034211057035061213,0.01646359754845949,0.14759364005229902
source_00_029,65537,intersection,3,9/10,4666813998961/873995005129,0.9312820732256866,1,0.003280126001924881,0.07597334002763984,0.0003576906288255599,0.0047081071951743676,0.04317469787074702
source_00_029,65537,intersection,4,97/100,501701896082209/7865955046161,0.7610945807196975,1,0.004220662016284349,0.3450587495468601,0.00037900568068707064,0.0010983801488436114,0.012231720023987305
source_00_029,65537,intersection,5,199/200,2058064973541801/873995005129,-0.5126720078383135,0,,,,,
source_00_029,65537,lag,0,0,3617136123129/38132325625,0.7081203783202903,1,0.011446118974099946,1.1566209292527234,0.0008472589990984325,0.0007325295415895981,0.009896171411574856
source_00_029,65537,lag,1,1/2,401904013681/38132325625,0.9033609462564526,1,0.004070115212941281,0.13193196287469766,0.0004003352110170026,0.003034406540265158,0.03085010731483524
source_00_029,65537,lag,2,4/5,4160143567449/3498863775625,0.9676144331818455,1,0.0030665769231212137,0.0206427704969945,0.00034211057035061213,0.01657289996032374,0.14855452292935653
source_00_029,65537,lag,3,9/10,18540886763569/3498863775625,0.9315439193717121,1,0.0032792039967094303,0.07566964602717849,0.0003576906288255599,0.0047270028023797955,0.043335791415379805
source_00_029,65537,lag,4,97/100,1993222366779361/31489773980625,0.7620102314410051,1,0.004215590362308919,0.34325657860904485,0.00037900568068707064,0.0011041468810966113,0.012281164076713307
source_00_029,65537,lag,5,199/200,8176531062733929/3498863775625,-0.5066451349168334,0,,,,,
source_00_030,16385,bridge,0,0,1092277904641/11937025,-28.32183838104408,0,,,,,
source_00_030,16385,bridge,1,1/2,1092277904641/107433225,-6.2479301951763535,0,,,,,
source_00_030,16385,bridge,2,4/5,1092277904641/966899025,-1.1353082948545243,0,,,,,
source_00_030,16385,bridge,3,9/10,361,-0.17260070428312405,0,,,,,
source_00_030,16385,bridge,4,97/100,38809/9,-3.433355454644402,0,,,,,
source_00_030,16385,bridge,5,199/200,159201,-42.45971982158716,0,,,,,
source_00_030,16385,intersection,0,0,934267230625/6724164001,0.28309498938690186,1,0.03027296092275136,8.375055743115157,0.0004613039834503334,5.508070603942612e-05,0.003614657842443343
source_00_030,16385,intersection,1,1/2,934267230625/60517476009,0.7648672503167746,1,0.00499659387364944,0.40670302819302845,0.0008054601472742447,0.0019804626261399733,0.01228560774639221
source_00_030,16385,intersection,2,4/5,934267230625/544657284081,0.922048593126459,1,0.0032854808273581225,0.05939114259677322,0.001126767159272612,0.018971973092395605,0.05531937396228215
source_00_030,16385,intersection,3,9/10,4950940955041/867630772089,0.8575037320631594,1,0.00362451274619788,0.17582249947804401,0.0012530050488894044,0.00712653416149322,0.020614612788225628
source_00_030,16385,intersection,4,97/100,532246724443729/7808676948801,0.5014954982134261,1,0.006510671194200789,1.1928922154589412,0.0013470643984256501,0.0011292423414024832,0.005457887233924098
source_00_030,16385,intersection,5,199/200,242596106797009/96403419121,-2.290145489239079,0,,,,,
source_00_030,16385,lag,0,0,3728733966049/27608813281,0.2934307057947224,1,0.02920663509950407,7.945713056889299,0.0004613039834503334,5.805696482461843e-05,0.0036757726953379685
source_00_030,16385,lag,1,1/2,3728733966049/248479319529,0.7682052178016738,1,0.004974882919988885,0.398906499886057,0.0008054601472742447,0.0020191702755014396,0.012471300721873179
source_00_030,16385,lag,2,4/5,3728733966049/2236313875761,0.9231493299194579,1,0.0032815633142189633,0.057753069019826006,0.001126767159272612,0.01951008281284246,0.05682058754474914
source_00_030,16385,lag,3,9/10,19538318327089/3476393811081,0.8585868307855382,1,0.0036199404595241365,0.17424222649053192,0.0012530050488894044,0.007191167572445425,0.020775334041779128
source_00_030,16385,lag,4,97/100,2100450404310241/31287544299729,0.5053295209958413,1,0.00646127360183732,1.1737063856804206,0.0013470643984256501,0.0011477013458052634,0.0055050169963006485
source_00_030,16385,lag,5,199/200,957377598027361/386265979009,-2.262913749066944,0,,,,,
source_00_030,65537,bridge,0,0,272372303449/5736025,-6.941763930268564,0,,,,,
source_00_030,65537,bridge,1,1/2,272372303449/51624225,-1.3195436903136346,0,,,,,
source_00_030,65537,bridge,2,4/5,272372303449/464618025,0.26323109801870176,1,0.011351481110897092,3.241157985258472,0.00033275702906832325,0.00010266609359425809,0.003502291823640262
source_00_030,65537,bridge,3,9/10,361,0.42491101990108177,1,0.007220338494861278,1.5528501177161722,0.00035335394827355066,0.00022755187010143645,0.0046497330376485185
source_00_030,65537,bridge,4,97/100,38809/9,-1.082758940740803,0,,,,,
source_00_030,65537,bridge,5,199/200,159201,-15.785644839987672,0,,,,,
source_00_030,65537,intersection,0,0,13905441/134689,0.6952449257558325,1,0.012064284620479414,1.292374458354706,0.000609454200888872,0.00047157710131841735,0.009334976053177492
source_00_030,65537,intersection,1,1/2,1545049/134689,0.899127486438353,1,0.00417600425980332,0.14298958815716753,0.00034454502569636894,0.0024095812159250435,0.029204953406909945
source_00_030,65537,intersection,2,4/5,1545049/1212201,0.9664549967223853,1,0.0030917764894316303,0.022340132165463426,0.00033275702906832325,0.014895034040252756,0.13839562212668288
source_00_030,65537,intersection,3,9/10,17687651737561/3518629391601,0.9333043774317423,1,0.003287246334711343,0.07483711184447069,0.00035335394827355066,0.004721640634768272,0.04392535005283238
source_00_030,65537,intersection,4,97/100,1901496056185609/31667664524409,0.768165333016468,1,0.004196714937556986,0.33655531191749655,0.00037506835151304626,0.0011144330166002277,0.012469614321778323
source_00_030,65537,intersection,5,199/200,866694935140489/390958821289,-0.46617691470290523,0,,,,,
source_00_030,65537,lag,0,0,3641795905801/35646572809,0.6968555378854661,1,0.012036400960109783,1.2821053006619885,0.000609454200888872,0.0004753542478719906,0.009387997190164518
source_00_030,65537,lag,1,1/2,3641795905801/320819155281,0.8996569234857731,1,0.004173546732597552,0.1421566767725692,0.00034454502569636894,0.0024236992135627422,0.029358780940515677
source_00_030,65537,lag,2,4/5,3641795905801/2887372397529,0.9666306497756967,1,0.0030912146616221656,0.022135290086739864,0.00033275702906832325,0.015032874101237156,0.13965096682757985
source_00_030,65537,lag,3,9/10,1097710912089/220097031025,0.9335672997870229,1,0.0032863205411998234,0.07452869296516386,0.00035335394827355066,0.004741179996792847,0.04409470246225722
source_00_030,65537,lag,4,97/100,13112053797249/220097031025,0.7690844332505108,1,0.0041916996212736785,0.3347558113837905,0.00037506835151304626,0.0011204237200920114,0.012521663489414327
source_00_030,65537,lag,5,199/200,484090512231249/220097031025,-0.4601408010852764,0,,,,,
source_00_031,16385,bridge,0,0,1089800284225/21538881,-18.643286627243516,0,,,,,
source_00_031,16385,bridge,1,1/2,1089800284225/193849929,-4.150291401582313,0,,,,,
source_00_031,16385,bridge,2,4/5,1089800284225/1744649361,-0.561489266360898,0,,,,,
source_00_031,16385,bridge,3,9/10,361,-0.1729090000155104,0,,,,,
source_00_031,16385,bridge,4,97/100,38809/9,-3.4346137923580753,0,,,,,
source_00_031,16385,bridge,5,199/200,159201,-42.47573443480116,0,,,,,
source_00_031,16385,intersection,0,0,231924112225/1823546209,0.31463834471354074,1,0.02829575964588547,7.0761901275683154,0.000361126488748839,5.103402851513512e-05,0.0039987280069888565
source_00_031,16385,intersection,1,1/2,231924112225/16411915881,0.7750588717954999,1,0.005096406568337617,0.3771943353749718,1.615976851624316e-06,4.284202333043684e-06,0.013511354997606842
source_00_031,16385,intersection,2,4/5,231924112225/147707242929,0.9254099302530541,1,0.0033792700387719563,0.05368688591471375,0.00015492303526815676,0.002885677435533612,0.06294405013805826
source_00_031,16385,intersection,3,9/10,5107224846889/864217514689,0.8549369757609118,1,0.0037555424304584898,0.17677707991431046,0.00019530231791637666,0.0011047943433110559,0.021244509934652853
source_00_031,16385,intersection,4,97/100,549047892196441/7777957632201,0.4924068071815924,1,0.00685153270573208,1.2195968630919196,0.00022037770239833652,0.00018069717057129467,0.005617866782931933
source_00_031,16385,intersection,5,199/200,2252286157478049/864217514689,-2.35481464028407,0,,,,,
source_00_031,16385,lag,0,0,57859010521/466776025,0.3235923700514813,1,0.02751279634923782,6.777213817642242,0.000361126488748839,5.328539108634366e-05,0.004059602823451921
source_00_031,16385,lag,1,1/2,57859010521/4200984225,0.7779543774650127,1,0.0050774380085605655,0.3707343989840789,1.615976851624316e-06,4.358853281628484e-06,0.013695621508212448
source_00_031,16385,lag,2,4/5,57859010521/37808858025,0.9263651910936544,1,0.003375785360840522,0.05235580951222146,0.00015492303526815676,0.002959041923169824,0.0644777607736637
source_00_031,16385,lag,3,9/10,1260520407441/216408248809,0.8559882430751745,1,0.003750930125282096,0.1752576674828352,0.00019530231791637666,0.0011143724592563384,0.021402373882725922
source_00_031,16385,lag,4,97/100,15056797935481/216408248809,0.4961297283958591,1,0.006800119305162664,1.2005483106380388,0.00022037770239833652,0.00018356421015761995,0.005664177980100359
source_00_031,16385,lag,5,199/200,555889499681481/216408248809,-2.3283051786648183,0,,,,,
source_00_031,65537,bridge,0,0,1085245146001/46580625,-4.255013581498027,0,,,,,
source_00_031,65537,bridge,1,1/2,1085245146001/419225625,-0.5907988039155151,0,,,,,
source_00_031,65537,bridge,2,4/5,1085245146001/3773030625,0.48760844201895726,1,0.00640493542332114,1.152084120666382,0.00012346797443529454,0.00010716923549287259,0.005559433819482238
source_00_031,65537,bridge,3,9/10,361,0.4247625508460992,1,0.007559008022378769,1.54828989081101,0.00012773861145918538,8.250303267967123e-05,0.004882165844549487
source_00_031,65537,bridge,4,97/100,38809/9,-1.083320276730827,0,,,,,
source_00_031,65537,bridge,5,199/200,159201,-15.791147790850777,0,,,,,
source_00_031,65537,intersection,0,0,3625120800625/37317353329,0.7043999399105708,1,0.01227839881725877,1.2125002559508586,0.0003630493833416917,0.00029942210862214094,0.01012651235081999
source_00_031,65537,intersection,1,1/2,3625120800625/335856179961,0.9021374119896564,1,0.0043207713386555005,0.13684458011306752,0.00015628048087987603,0.001142029013869235,0.03157429643969439
source_00_031,65537,intersection,2,4/5,3625120800625/3022705619649,0.9674536668135298,1,0.0032281655340499196,0.02123789242130148,0.00012346797443529454,0.005813570009021088,0.15200027714671388
source_00_031,65537,intersection,3,9/10,18386094985801/3502411189729,0.931822246565077,1,0.00344570387891839,0.07645379006395567,0.00012773861145918538,0.001670795016863501,0.04506910482836711
source_00_031,65537,intersection,4,97/100,1976581607490169/31521700707561,0.7629834704383817,1,0.004423535499247728,0.3458168999064438,0.00013525247877960414,0.0003911100898082046,0.012791553855362353
source_00_031,65537,intersection,5,199/200,8108267888738241/3502411189729,-0.5002411148990656,0,,,,,
source_00_031,65537,lag,0,0,905453111809/9413462529,0.7058728587271965,1,0.012252777936058456,1.2035446934212728,0.0003630493833416917,0.00030165010516532164,0.010180575763437524
source_00_031,65537,lag,1,1/2,905453111809/84721162761,0.9026217838952324,1,0.004318452692812686,0.1360975312542111,0.00015628048087987603,0.001148297690925532,0.0317305733103007
source_00_031,65537,lag,2,4/5,905453111809/762490464849,0.9676143906672441,1,0.003227629325401036,0.021057159611436678,0.00012346797443529454,0.005863467662002997,0.15327942538119094
source_00_031,65537,lag,3,9/10,18262468918521/3505256406289,0.9320800383298672,1,0.003444750876979326,0.07615130154817748,0.00012773861145918538,0.0016774317557575946,0.0452356139284105
source_00_031,65537,lag,4,97/100,218143476841761/3505256406289,0.7638848615168434,1,0.0044183156871593415,0.34403032897076047,0.00013525247877960414,0.0003931411488755673,0.01284280865695088
source_00_031,65537,lag,5,199/200,8053748793067761/3505256406289,-0.4943116113852963,0,,,,,
source_01_000,16385,bridge,0,0,4315869136089/387499225,-6.645241542651646,0,,,,,
source_01_000,16385,bridge,1,1/2,479541015121/387499225,-1.2411165824556218,0,,,,,
source_01_000,16385,bridge,2,4/5,479541015121/3487493025,0.28710527974756234,1,0.0098940966444008,2.8688938995658018,0.1384835750049553,0.04827072030301099,0.0034487495846041013
source_01_000,16385,bridge,3,9/10,361,-0.17226747962071146,0,,,,,
source_01_000,16385,bridge,4,97/100,38809/9,-3.431995418043677,0,,,,,
source_01_000,16385,bridge,5,199/200,159201,-42.442412776039085,0,,,,,
source_01_000,16385,intersection,0,0,3660315108025/33840177849,0.36942826345178353,1,0.020714227161305266,5.21740189720078,0.13989435208495174,0.026813029711206894,0.0039702188118608955
source_01_000,16385,intersection,1,1/2,3660315108025/304561600641,0.7927937529270932,1,0.004411346065483993,0.3317077639247675,0.11802548006322106,0.355811629690976,0.013298893017422719
source_01_000,16385,intersection,2,4/5,79928902089/53236794361,0.927104564704794,1,0.003063998919954213,0.05135929627600097,0.1384835750049553,2.6963682341119912,0.05965811726641492
source_01_000,16385,intersection,3,9/10,356226341409/53236794361,0.8456723820742281,1,0.0034621452405651813,0.19203858293634332,0.1508995096779955,0.7857770421479077,0.01802838360722964
source_01_000,16385,intersection,4,97/100,4255090207369/53236794361,0.45956976506737907,1,0.006701773948263201,1.4176638527167185,0.16125564343263113,0.11374744663455398,0.004727336410123146
source_01_000,16385,intersection,5,199/200,157095816561369/53236794361,-2.589809087216734,0,,,,,
source_01_000,16385,lag,0,0,3652612814761/34585212841,0.3770712674448288,1,0.02029436244453825,5.0411065056529605,0.13989435208495174,0.027750723363626217,0.004025775377247178
source_01_000,16385,lag,1,1/2,3652612814761/311266915569,0.7952709878595225,1,0.004397604912167356,0.32655805592847853,0.11802548006322106,0.36142265646348204,0.013466533231476924
source_01_000,16385,lag,2,4/5,35089906329/23700294601,0.9276129522469835,1,0.0030623196647471644,0.05066191639249273,0.1384835750049553,2.7334847330306737,0.06044618685606907
source_01_000,16385,lag,3,9/10,1407495131641/213302651409,0.8467517070577695,1,0.0034577321643072365,0.1904209199781246,0.1508995096779955,0.792452371805213,0.01815836287685438
source_01_000,16385,lag,4,97/100,151311574969129/1919723862681,0.46339784196348544,1,0.006646411355495029,1.39477849505753,0.16125564343263113,0.11561380104729811,0.004765209227878787
source_01_000,16385,lag,5,199/200,68967261450409/23700294601,-2.562305471771558,0,,,,,
source_01_000,65537,bridge,0,0,67825347489/2927521,-4.235173414771326,0,,,,,
source_01_000,65537,bridge,1,1/2,7536149721/2927521,-0.5852517307456335,0,,,,,
source_01_000,65537,bridge,2,4/5,837349969/2927521,0.48933898688236016,1,0.005771702024172756,1.1458059674354608,0.14408463883996833,0.1257495971699799,0.005037242070828938
source_01_000,65537,bridge,3,9/10,361,0.425071495727742,1,0.00684269767807009,1.5518831206122459,0.1571228383816931,0.10124656702220289,0.004409286747941766
source_01_000,65537,bridge,4,97/100,38809/9,-1.0821522224111788,0,,,,,
source_01_000,65537,bridge,5,199/200,159201,-15.779697515718455,0,,,,,
source_01_000,65537,intersection,0,0,3591187971849/40848047881,0.7190784141352813,1,0.010851557422797291,1.123970608521877,0.14202125615508754,0.12635673484545856,0.009654662978303382
source_01_000,65537,intersection,1,1/2,399020885761/40848047881,0.9069658838235979,1,0.0038734451169329504,0.1288929353375657,0.12201040915628021,0.9466027663714818,0.03005164795718667
source_01_000,65537,intersection,2,4/5,856674361/669515625,0.9663988977753919,1,0.002922518669668418,0.022184218278766297,0.14408463883996833,6.494916207071379,0.1317386365813808
source_01_000,65537,intersection,3,9/10,309259444321/54230765625,0.9289711780442607,1,0.0031310290411307234,0.079803835601745,0.1571228383816931,1.968863240681848,0.039234067103690186
source_01_000,65537,intersection,4,97/100,33246675276049/488076890625,0.7530118493865994,1,0.004062374162694819,0.3671665315283799,0.16793941464759785,0.4573930362022038,0.011064118904804972
source_01_000,65537,intersection,5,199/200,15153712771729/6025640625,-0.5659483006940023,0,,,,,
source_01_000,65537,lag,0,0,896988939025/10298393361,0.7203976096590615,1,0.010831685999313567,1.1163123699894184,0.14202125615508754,0.1272235800418782,0.009703095916975497
source_01_000,65537,lag,1,1/2,896988939025/92685540249,0.9073999879496271,1,0.0038715920438344947,0.12823291405477924,0.12201040915628021,0.9514749786015091,0.03019187446820874
source_01_000,65537,lag,2,4/5,68945630625/54274554961,0.9665204677866087,1,0.002922151072044473,0.02204248184452982,0.14408463883996833,6.5366794835639235,0.13256905881356773
source_01_000,65537,lag,3,9/10,307276205625/54274554961,0.9292284979609559,1,0.0031301620034389155,0.07949843031445356,0.1571228383816931,1.9764269276789321,0.03937388437806454
source_01_000,65537,lag,4,97/100,3670385430625/54274554961,0.7539120234485392,1,0.004057523671208524,0.3653199079598738,0.16793941464759785,0.4597050721529364,0.011106768568588922
source_01_000,65537,lag,5,199/200,135508806680625/54274554961,-0.5600082344839359,0,,,,,
source_01_001,16385,bridge,0,0,4372803765625/36324729,-34.53194121454551,0,,,,,
source_01_001,16385,bridge,1,1/2,4372803765625/326922561,-7.522941662822016,0,,,,,
source_01_001,16385,bridge,2,4/5,4372803765625/2942303049,-1.4719762496043955,0,,,,,
source_01_001,16385,bridge,3,9/10,361,-0.17220452560396013,0,,,,,
source_01_001,16385,bridge,4,97/100,38809/9,-3.43173848091033,0,,,,,
source_01_001,16385,bridge,5,199/200,159201,-42.439143359573414,0,,,,,
source_01_001,16385,intersection,0,0,3692289070089/30842033161,0.3359113522554828,1,0.02315037688048925,6.350716419653108,0.13548713612297944,0.021334149908457112,0.0036453173706272627
source_01_001,16385,intersection,1,1/2,410254341121/30842033161,0.7819398166961616,1,0.004471540582577415,0.36395417995717005,0.12301314885684171,0.33799075716431626,0.012285998702099322
source_01_001,16385,intersection,2,4/5,410254341121/277578298449,0.9276802388184614,1,0.003012390959768197,0.050992963111981454,0.14804619772222297,2.9032672095777388,0.0590746404195601
source_01_001,16385,intersection,3,9/10,1347821155849/214540344225,0.8504959111501483,1,0.0033763424092140663,0.18602918579928124,0.16181012088152735,0.8698104019877538,0.018149530648685512
source_01_001,16385,intersection,4,97/100,144896374618681/1930863098025,0.4766722958604802,1,0.0063314183974540654,1.326105791911674,0.17305719022044985,0.13050028985317666,0.0047744444191944015
source_01_001,16385,intersection,5,199/200,66043236636601/23837816025,-2.4671538412933187,0,,,,,
source_01_001,16385,lag,0,0,230268498769/1973580625,0.3445866320960261,1,0.022567545223234713,6.09826488173859,0.13548713612297944,0.02221732554266364,0.003700650211310729
source_01_001,16385,lag,1,1/2,230268498769/17762225625,0.7847476921924565,1,0.004455541135420802,0.3577726181158771,0.12301314885684171,0.3438305298618455,0.01245355544223823
source_01_001,16385,lag,2,4/5,230268498769/159860030625,0.9286068768227205,1,0.0030093849558103557,0.04972464752143605,0.14804619772222297,2.9773202043996587,0.060520991214930674
source_01_001,16385,lag,3,9/10,1330670681209/214901780625,0.85158070820277,1,0.003372041411952296,0.18441424972461382,0.16181012088152735,0.877427428320527,0.01828514562723744
source_01_001,16385,lag,4,97/100,143052627332521/1934116025625,0.4805167443052357,1,0.006280762906465125,1.30468500431485,0.17305719022044985,0.13264289054301664,0.004814007124856502
source_01_001,16385,lag,5,199/200,1330670681209/487305625,-2.4396610185214205,0,,,,,
source_01_001,65537,bridge,0,0,1089090524025/24810361,-6.578303654328023,0,,,,,
source_01_001,65537,bridge,1,1/2,121010058225/24810361,-1.2233490645409255,0,,,,,
source_01_001,65537,bridge,2,4/5,13445562025/24810361,0.29252277332729326,1,0.00943004100903927,2.7821161730919255,0.1449657356815548,0.05210628408821838,0.003389520933828987
source_01_001,65537,bridge,3,9/10,361,0.42510181358009747,1,0.006679199988983858,1.5548469204470385,0.15806448514952967,0.1016591942723751,0.004295728345439628
source_01_001,65537,bridge,4,97/100,38809/9,-1.0820375998543503,0,,,,,
source_01_001,65537,bridge,5,199/200,159201,-15.778573995290516,0,,,,,
source_01_001,65537,intersection,0,0,3635493449809/36273107025,0.6998738170756478,1,0.010911219180611963,1.244659449275377,0.1434413447720783,0.1152454551769866,0.008766429393168
source_01_001,65537,intersection,1,1/2,3635493449809/326457963225,0.9006491887229774,1,0.0038120308106295085,0.1389410494832672,0.12288042141668393,0.8844068896390663,0.027436317955037436
source_01_001,65537,intersection,2,4/5,3635493449809/2938121669025,0.9669598684296327,1,0.00285275722252481,0.021516673951436534,0.1449657356815548,6.737367309127085,0.13258355956703752
source_01_001,65537,intersection,3,9/10,1133754318841/219255253009,0.9323751592177661,1,0.003045276357387431,0.07586296481916346,0.15806448514952967,2.083552699611887,0.040141805222700375
source_01_001,65537,intersection,4,97/100,121883300165929/1973297277081,0.7649167289367248,1,0.0039032703708843596,0.3437284214906761,0.16894036074590157,0.49149372057522506,0.011355681191438045
source_01_001,65537,intersection,5,199/200,499985654608881/219255253009,-0.48752587786159923,0,,,,,
source_01_001,65537,lag,0,0,3632039335681/36619032321,0.7014528155344418,1,0.010886657588031251,1.2348783812476765,0.1434413447720783,0.11615827675851798,0.008815975527105564
source_01_001,65537,lag,1,1/2,3632039335681/329571290889,0.9011683410259995,1,0.0038098347452725336,0.13813560958393112,0.12288042141668393,0.8895636815648311,0.027580395502274018
source_01_001,65537,lag,2,4/5,3632039335681/2966141618001,0.9671321213621316,1,0.002852249126695467,0.021319000449073183,0.1449657356815548,6.799837357658904,0.13378906452527725
source_01_001,65537,lag,3,9/10,18013242128401/3511025255529,0.9326408328093758,1,0.0030444088749881516,0.07554984800062385,0.15806448514952967,2.0921879968338843,0.04029669093395148
source_01_001,65537,lag,4,97/100,1936498376069569/31599227299761,0.7658455921922275,1,0.0038985362515517293,0.3418865896846901,0.16894036074590157,0.49414152483052726,0.011403010147742887
source_01_001,65537,lag,5,199/200,882648864291649/390113917281,-0.48141940314424336,0,,,,,
source_01_002,16385,bridge,0,0,4352635172209/117831025,-15.00494371960249,0,,,,,
source_01_002,16385,bridge,1,1/2,4352635172209/1060479225,-3.3144293304176684,0,,,,,
source_01_002,16385,bridge,2,4/5,4352635172209/9544313025,-0.3247484535336863,0,,,,,
source_01_002,16385,bridge,3,9/10,361,-0.17308219554420895,0,,,,,
source_01_002,16385,bridge,4,97/100,38809/9,-3.435320725861116,0,,,,,
source_01_002,16385,bridge,5,199/200,159201,-42.48473216566967,0,,,,,
source_01_002,16385,intersection,0,0,917513021161/8227759849,0.3590917097960826,1,0.02595970934666145,5.69758520868112,0.15280638151100054,0.026819499123624732,0.004556265223924684
source_01_002,16385,intersection,1,1/2,917513021161/74049838641,0.7894447714501491,1,0.005278320222915377,0.34575012846046316,0.12376097416496315,0.35794917767938106,0.015266285645122925
source_01_002,16385,intersection,2,4/5,4996820917449/3417983790841,0.9280231389597973,1,0.0035861776456160652,0.05069700575901855,0.14297515139504036,2.8201892647201623,0.07073746450949159
source_01_002,16385,intersection,3,9/10,22269782113569/3417983790841,0.8476225174663587,1,0.004041010271502267,0.1897081612390627,0.1554867807446827,0.8196103938235132,0.021301193607637926
source_01_002,16385,intersection,4,97/100,266010456769929/3417983790841,0.4664858812100219,1,0.007720956954593206,1.3771798279747274,0.16606172511230163,0.12058100310437384,0.005606353504282444
source_01_002,16385,intersection,5,199/200,9820973912083929/3417983790841,-2.5401396293239396,0,,,,,
source_01_002,16385,lag,0,0,915594455689/8410540681,0.3669211334024581,1,0.025405776790941192,5.498377550979801,0.15280638151100054,0.027791176596043448,0.004620595176556024
source_01_002,16385,lag,1,1/2,915594455689/75694866129,0.7919813225628122,1,0.005261414863340604,0.3403248679613091,0.12376097416496315,0.3636553946420198,0.015459977682085707
source_01_002,16385,lag,2,4/5,4935448798569/3423643395481,0.9285269332417809,1,0.0035842318799873493,0.05001430630442559,0.14297515139504036,2.8586850835195725,0.07166413262179332
source_01_002,16385,lag,3,9/10,21996259460289/3423643395481,0.8486920155848626,1,0.004035917902535831,0.1881131969389046,0.1554867807446827,0.8265596634093763,0.02145473028054813
source_01_002,16385,lag,4,97/100,262743254353449/3423643395481,0.4702778986403768,1,0.007658700141259042,1.3552030123784014,0.16606172511230163,0.12253641970649166,0.005651330517497824
source_01_002,16385,lag,5,199/200,9700350421987449/3423643395481,-2.5129461039844525,0,,,,,
source_01_002,65537,bridge,0,0,1072142206249/172475689,-1.5340104458440293,0,,,,,
source_01_002,65537,bridge,1,1/2,1072142206249/1552281201,0.19826440986046837,1,0.02082011028018025,5.917897328227085,0.12267260606968065,0.02072908657684191,0.003518160104074947
source_01_002,65537,bridge,2,4/5,81,0.7302768846680712,1,0.004513447702264616,0.3833684199254434,0.14381145542176452,0.3751259831201867,0.011773133799446445
source_01_002,65537,bridge,3,9/10,361,0.42467914392982486,1,0.007983653580268653,1.5500747152883965,0.1566871667208607,0.10108362208315134,0.0051504959738558585
source_01_002,65537,bridge,4,97/100,38809/9,-1.0836356291016336,0,,,,,
source_01_002,65537,bridge,5,199/200,159201,-15.794239492284,0,,,,,
source_01_002,65537,intersection,0,0,3593644367481/40586534521,0.7178781518359434,1,0.01282108861903742,1.1421548251731273,0.1457354723002229,0.1275969501579021,0.011225350833757591
source_01_002,65537,intersection,1,1/2,399293818609/40586534521,0.906570939087878,1,0.00455329715519336,0.13072276225520177,0.12267260606968065,0.938418099138654,0.03483170854593974
source_01_002,65537,intersection,2,4/5,4402430650809/3474566832361,0.9665411997331503,1,0.0034101666106236025,0.022459973532848548,0.14381145542176452,6.403010903438283,0.15183306452414588
source_01_002,65537,intersection,3,9/10,19620709443729/3474566832361,0.9292723797805621,1,0.0036485440024607223,0.07969002147190019,0.1566871667208607,1.9662081127197433,0.04578420152323901
source_01_002,65537,intersection,4,97/100,234367532410489/3474566832361,0.7540655299216237,1,0.004727131107519157,0.36425309701916037,0.16743441951429414,0.4596650540090995,0.012977600317480626
source_01_002,65537,intersection,5,199/200,8652732864684489/3474566832361,-0.5589954435002298,0,,,,,
source_01_002,65537,lag,0,0,876574449/9991921,0.7191913150373686,1,0.012797678739879111,1.1344363219141023,0.1457354723002229,0.12846509714562698,0.011281090434662697
source_01_002,65537,lag,1,1/2,97397161/9991921,0.9070030348132263,1,0.0045511279670413,0.13006189420231157,0.12267260606968065,0.9431863715506337,0.034992016646797484
source_01_002,65537,lag,2,4/5,4374376433001/3477341046169,0.9666614247494847,1,0.0034097424834928737,0.02232070237150251,0.14381145542176452,6.4429628166796755,0.15276143316377852
source_01_002,65537,lag,3,9/10,19495677682881/3477341046169,0.9295268500307984,1,0.0036475451653585197,0.07938918189825443,0.1566871667208607,1.9736589164210274,0.04594511592313965
source_01_002,65537,lag,4,97/100,232874039764521/3477341046169,0.7549556900947358,1,0.004721557397829698,0.3624391698774092,0.16743441951429414,0.4619655749982179,0.013027171978753591
source_01_002,65537,lag,5,199/200,8597593858150521/3477341046169,-0.5531233860746326,0,,,,,
source_01_003,16385,bridge,0,0,272946688249/3404025,-25.783628918819748,0,,,,,
source_01_003,16385,bridge,1,1/2,272946688249/30636225,-5.712514861433723,0,,,,,
source_01_003,16385,bridge,2,4/5,272946688249/275726025,-0.9913536821624047,0,,,,,
source_01_003,16385,bridge,3,9/10,361,-0.17310605738249524,0,,,,,
source_01_003,16385,bridge,4,97/100,38809/9,-3.4354181240260653,0,,,,,
source_01_003,16385,bridge,5,199/200,159201,-42.48597187426053,0,,,,,
source_01_003,16385,intersection,0,0,922623644089/7751569849,0.33737503227971244,1,0.028178129624161385,6.3181535961427215,0.14014078778963882,0.022180655417303526,0.004459867775510292
source_01_003,16385,intersection,1,1/2,922623644089/69764128641,0.7824134848183489,1,0.005421657786534286,0.361473974403894,0.12199507065965376,0.3374933724089973,0.014998750035808611
source_01_003,16385,intersection,2,4/5,922623644089/627877157769,0.9278365476126103,1,0.0036263910052190857,0.050714882492669276,0.14477108654490128,2.8546075516556235,0.07150546007364351
source_01_003,16385,intersection,3,9/10,21203676515025/3440271911209,0.8518156601228111,1,0.004053130470936072,0.1819310012579164,0.15797366620052355,0.8683163677891848,0.022278393692728094
source_01_003,16385,intersection,4,97/100,253275925476025/3440271911209,0.4813493082817649,1,0.007535316299540481,1.280676640382791,0.16888461783171974,0.13187139712428933,0.005883855504140525
source_01_003,16385,intersection,5,199/200,190833088635225/70209630841,-2.4337109076482397,0,,,,,
source_01_003,16385,lag,0,0,3682856531929/31710705625,0.34563282091388936,1,0.027504903516966155,6.079316619641936,0.14014078778963882,0.02305206268363317,0.004524341342594221
source_01_003,16385,lag,1,1/2,3682856531929/285396350625,0.7850863755766833,1,0.005403199309297519,0.3556324168009047,0.12199507065965376,0.3430369811533542,0.01519321370616902
source_01_003,16385,lag,2,4/5,3682856531929/2568567155625,0.9287186550372708,1,0.0036229466182531563,0.04952647443308007,0.14477108654490128,2.9231050302301504,0.07315171652584446
source_01_003,16385,lag,3,9/10,1308756592081/215367461929,0.8528647650954267,1,0.00404814473403411,0.18039822709550496,0.15797366620052355,0.8756941170873614,0.022440047217819795
source_01_003,16385,lag,4,97/100,140696771695489/1938307157361,0.4850664737366284,1,0.0074775716007070385,1.2606922821835866,0.16888461783171974,0.1339618083004383,0.005931321787546349
source_01_003,16385,lag,5,199/200,577161657107721/215367461929,-2.407161873395649,0,,,,,
source_01_003,65537,bridge,0,0,4341359789649/183846481,-4.296412257283481,0,,,,,
source_01_003,65537,bridge,1,1/2,482373309961/183846481,-0.6023647395389774,0,,,,,
source_01_003,65537,bridge,2,4/5,482373309961/1654618329,0.48400131047465744,1,0.006938753461041265,1.1724989206705687,0.146807504832879,0.12520907460530342,0.005917918847271001
source_01_003,65537,bridge,3,9/10,361,0.4246676526594834,1,0.00813248339956834,1.5528513365251162,0.16006223057340035,0.10307633886678337,0.005237129407227582
source_01_003,65537,bridge,4,97/100,38809/9,-1.083679076620444,0,,,,,
source_01_003,65537,bridge,5,199/200,159201,-15.79466546145788,0,,,,,
source_01_003,65537,intersection,0,0,910182781225/8938000681,0.6972252952911009,1,0.013529343973114888,1.2779903293289678,0.14564994913991436,0.11396795875317034,0.010586421244845191
source_01_003,65537,intersection,1,1/2,910182781225/80442006129,0.899778474754081,1,0.004683536496528203,0.1418421705675002,0.12452336931651596,0.8779009008273563,0.03301935156371137
source_01_003,65537,intersection,2,4/5,910182781225/723978055161,0.9666709778428841,1,0.0034741559901784722,0.022410701386353413,0.146807504832879,6.550776894572105,0.1550221891892235
source_01_003,65537,intersection,3,9/10,277571976201/54950392225,0.9331141053325732,1,0.003701157892534479,0.07535589189398925,0.16006223057340035,2.1240838181382826,0.04911570680818524
source_01_003,65537,intersection,4,97/100,3315571198641/54950392225,0.7675001715386858,1,0.00473050595623732,0.3380006061438153,0.1710739760608644,0.506135116184006,0.013995554653604808
source_01_003,65537,intersection,5,199/200,122409241504641/54950392225,-0.47054639893384986,0,,,,,
source_01_003,65537,lag,0,0,56834083201/563825025,0.6987794034932175,1,0.013499254270509508,1.2681651862514318,0.14564994913991436,0.11485092850596293,0.010644712863007963
source_01_003,65537,lag,1,1/2,56834083201/5074425225,0.9002893826000635,1,0.004680878622749763,0.1410431988101639,0.12452336931651596,0.8828739731301566,0.03318755290746035
source_01_003,65537,lag,2,4/5,56834083201/45669827025,0.9668404884336127,1,0.003473546886359152,0.022214897403334162,0.146807504832879,6.6085159957049875,0.15636114915560306
source_01_003,65537,lag,3,9/10,1102653305329/219980698441,0.9333722098912032,1,0.003700134414747002,0.07505335043596968,0.16006223057340035,2.1326460396988454,0.04930005646988005
source_01_003,65537,lag,4,97/100,118539811984801/1979826285969,0.7684024595104756,1,0.004724951212662564,0.3362319053077884,0.1710739760608644,0.5087975690595525,0.014052655735740839
source_01_003,65537,lag,5,199/200,9923879747961/4489402009,-0.4646194387637024,0,,,,,
source_01_004,16385,bridge,0,0,4360257663129/81522841,-19.362885024352995,0,,,,,
source_01_004,16385,bridge,1,1/2,484473073681/81522841,-4.312052347492803,0,,,,,
source_01_004,16385,bridge,2,4/5,484473073681/733705569,-0.606731227613357,0,,,,,
source_01_004,16385,bridge,3,9/10,361,-0.1722218951618684,0,,,,,
source_01_004,16385,bridge,4,97/100,38809/9,-3.431809371900082,0,,,,,
source_01_004,16385,bridge,5,199/200,159201,-42.440045410542595,0,,,,,
source_01_004,16385,intersection,0,0,3736546990225/26940954769,0.28397826563994133,1,0.02667922640991338,8.14581545262518,0.1508676804280414,0.01852088121876377,0.003275206339386853
source_01_004,16385,intersection,1,1/2,3736546990225/242468592921,0.7651524518131186,1,0.004428817525889082,0.3975800604936117,0.12370983669810548,0.31115704480882345,0.011139435716143628
source_01_004,16385,intersection,2,4/5,3736546990225/2182217336289,0.9221426354117586,1,0.0029249243375407776,0.05801508253650647,0.1436354797911113,2.475829965435755,0.05041661943168391
source_01_004,16385,intersection,3,9/10,19705298074225/3472695609289,0.8579493061430834,1,0.003227985731718503,0.1722306446168506,0.1563140857106078,0.9075857903124542,0.018742226384274276
source_01_004,16385,intersection,4,97/100,2118401420949025/31254260483601,0.5030728526419681,1,0.005784637760538996,1.1670475800456146,0.16698503550858246,0.14308331413707723,0.00495664260776146
source_01_004,16385,intersection,5,199/200,8690036450733225/3472695609289,-2.278938587953554,0,,,,,
source_01_004,16385,lag,0,0,3728316883225/27644715289,0.29416588775803576,1,0.025755265174507158,7.734645950743568,0.1508676804280414,0.019505441023262064,0.0033298570275257637
source_01_004,16385,lag,1,1/2,3728316883225/248802437601,0.768442703493357,1,0.004409854597046396,0.390054029955622,0.12370983669810548,0.3171607705531986,0.011305753199237866
source_01_004,16385,lag,2,4/5,3728316883225/2239221938409,0.9232276501541573,1,0.0029214868473116853,0.0564279875527933,0.1436354797911113,2.5454652207245165,0.05177372034716602
source_01_004,16385,lag,3,9/10,13464585369/2408944561,0.8590217476410126,1,0.0032239557687252208,0.17069146252116738,0.1563140857106078,0.9157697954062778,0.018887621683629428
source_01_004,16385,lag,4,97/100,58060788176169/869628986521,0.5068688759225681,1,0.005741315669457991,1.1484556329556626,0.16698503550858246,0.14539963993108745,0.00499916192206934
source_01_004,16385,lag,5,199/200,5937882147729/2408944561,-2.251988371444916,0,,,,,
source_01_004,65537,bridge,0,0,1087267083841/34281025,-5.268071903808738,0,,,,,
source_01_004,65537,bridge,1,1/2,1087267083841/308529225,-0.8706057289502306,0,,,,,
source_01_004,65537,bridge,2,4/5,1087267083841/2776763025,0.4007704872742952,1,0.006741536659242996,1.6786314380016585,0.1455095221387485,0.08668342486899422,0.004016091029051927
source_01_004,65537,bridge,3,9/10,361,0.4250934486167702,1,0.006535670362052743,1.5527831332369995,0.1584734847413908,0.10205770615953952,0.004209003963372657
source_01_004,65537,bridge,4,97/100,38809/9,-1.0820692251815864,0,,,,,
source_01_004,65537,bridge,5,199/200,159201,-15.778883982083666,0,,,,,
source_01_004,65537,intersection,0,0,57214248025/526656601,0.6873962329001398,1,0.010871294546606819,1.3219209313355305,0.14930120929263593,0.11294261687936029,0.008223861419323774
source_01_004,65537,intersection,1,1/2,57214248025/4739909409,0.8965480264803999,1,0.003756881506554177,0.14545944682507703,0.12453486565999256,0.8561483518478697,0.025827690043892668
source_01_004,65537,intersection,2,4/5,57214248025/42659184681,0.9655992624023948,1,0.0027980644115036756,0.023051292860298424,0.1455095221387485,6.312423473191027,0.12138427239032751
source_01_004,65537,intersection,3,9/10,66858962041/13797556369,0.9345403344557451,1,0.0029728739903403063,0.07316252678157968,0.1584734847413908,2.166047178967718,0.04063383430175343
source_01_004,65537,intersection,4,97/100,7187616226729/124178007321,0.7724855250177411,1,0.003780818353276313,0.3282766899928476,0.16932505067004985,0.5157997988639982,0.01151716971850389
source_01_004,65537,intersection,5,199/200,29484802260081/13797556369,-0.4378196488291625,0,,,,,
source_01_004,65537,lag,0,0,914546029761/8511354049,0.6891265173410491,1,0.010843998496704234,1.3107807191322138,0.14930120929263593,0.11390250643256254,0.008272931039055386
source_01_004,65537,lag,1,1/2,101616225529/8511354049,0.897116603802396,1,0.0037545004586313105,0.14456637324147606,0.12453486565999256,0.8614372960161079,0.02597077297055789
source_01_004,65537,lag,2,4/5,101616225529/76602186441,0.9657878788254705,1,0.002797517955172628,0.022825614961853532,0.1455095221387485,6.374834692599779,0.12256046375301943
source_01_004,65537,lag,3,9/10,16991452840761/3535155800401,0.9348068478417345,1,0.0029720264241130004,0.07285064308292684,0.1584734847413908,2.1753203271108856,0.04079615907755136
source_01_004,65537,lag,4,97/100,202961309109601/3535155800401,0.7734169836992056,1,0.003776264954330565,0.3264739033742545,0.16932505067004985,0.5186480417577006,0.011566820242908145
source_01_004,65537,lag,5,199/200,7493230702775601/3535155800401,-0.43171072897003127,0,,,,,
source_01_005,16385,bridge,0,0,4381649511121/15311569,-66.17481326299962,0,,,,,
source_01_005,16385,bridge,1,1/2,4381649511121/137804121,-13.511185867556508,0,,,,,
source_01_005,16385,bridge,2,4/5,4381649511121/1240237089,-2.961459894358462,0,,,,,
source_01_005,16385,bridge,3,9/10,4381649511121/5527476409,-0.7673339312135186,0,,,,,
source_01_005,16385,bridge,4,97/100,38809/9,-3.427251937915474,0,,,,,
source_01_005,16385,bridge,5,199/200,159201,-42.38206517019605,0,,,,,
source_01_005,16385,intersection,0,0,3746721566025/26084511049,0.27170411007487905,1,0.024558297245059504,8.826473805956855,0.15474116268593563,0.017531481550594207,0.0027823452247131212
source_01_005,16385,intersection,1,1/2,416302396225/26084511049,0.7611901913016449,1,0.003915395396119751,0.4124687332612239,0.12599138337011934,0.305456809717324,0.00949258714754522
source_01_005,16385,intersection,2,4/5,416302396225/234760599441,0.9208362290942541,1,0.0025694250235951083,0.060337145969787974,0.14586765511812672,2.4175431696945955,0.04258446405273579
source_01_005,16385,intersection,3,9/10,4882186327489/869151592089,0.8588005232899605,1,0.0028272830489621645,0.1726885769128259,0.15868076892371202,0.9188839919841072,0.016372148636035096
source_01_005,16385,intersection,4,97/100,524855316297841/7822364328801,0.5060858829994034,1,0.0050404324047404175,1.1655299096117298,0.16949078632977266,0.1454195082700492,0.004324584348435575
source_01_005,16385,intersection,5,199/200,239227130046961/96572399121,-2.257544982858617,0,,,,,
source_01_005,16385,lag,0,0,3738225035601/26798672209,0.28254397212894894,1,0.023616112733341108,8.341805892529624,0.15474116268593563,0.018550079524688016,0.002831055174094875
source_01_005,16385,lag,1,1/2,415358337289/26798672209,0.7646893374476798,1,0.0038974789167867665,0.4042485091789911,0.12599138337011934,0.31166814597783343,0.009641294471814764
source_01_005,16385,lag,2,4/5,415358337289/241188049881,0.9219899287867855,1,0.0025662098638985103,0.058596761723099466,0.14586765511812672,2.4893466947444662,0.04379439730859535
source_01_005,16385,lag,3,9/10,4815746859361/870632687929,0.859889207248747,1,0.0028237034974613355,0.17111107034423792,0.15868076892371202,0.9273553640011786,0.01650216722845964
source_01_005,16385,lag,4,97/100,517712797409809/7835694191361,0.5099388544925936,1,0.005002348147779569,1.146675745886711,0.16949078632977266,0.14781056191147343,0.0043624783778009645
source_01_005,16385,lag,5,199/200,2123744364978201/870632687929,-2.230213499802862,0,,,,,
source_01_005,65537,bridge,0,0,4356408014401/99022401,-6.580148560506646,0,,,,,
source_01_005,65537,bridge,1,1/2,4356408014401/891201609,-1.2238390788206766,0,,,,,
source_01_005,65537,bridge,2,4/5,4356408014401/8020814481,0.2923733190614269,1,0.007999950959225455,2.780967912640118,0.14506237636868854,0.052162549488380554,0.002876678627920839
source_01_005,65537,bridge,3,9/10,361,0.425631257749016,1,0.005641349341251105,1.5451661865579516,0.15814683104639318,0.1023493993216903,0.0036509660839899086
source_01_005,65537,bridge,4,97/100,38809/9,-1.0800360117809973,0,,,,,
source_01_005,65537,bridge,5,199/200,159201,-15.758957732552304,0,,,,,
source_01_005,65537,intersection,0,0,3623407425625/37491415129,0.705605530218709,1,0.009322111268926814,1.2260941096417324,0.14424162831535903,0.1176431949073687,0.007603096039382129
source_01_005,65537,intersection,1,1/2,3623407425625/337422736161,0.9025338700762084,1,0.003259521315278813,0.136784125305281,0.12311816056362586,0.9000910031690095,0.02382967546858282
source_01_005,65537,intersection,2,4/5,3623407425625/3036804625449,0.967585218914659,1,0.0024173294181788134,0.020358869194571583,0.14506237636868854,7.125266879133319,0.11873593739790624
source_01_005,65537,intersection,3,9/10,18463409766649/3500637258001,0.9317628318738937,1,0.0025769804647490643,0.07587231070312926,0.15814683104639318,2.0843813715544397,0.03396470254915776
source_01_005,65537,intersection,4,97/100,1984893267683881/31505735322009,0.7627757162995051,1,0.0033075579020150673,0.34598385764986234,0.16902243985340154,0.48852695325587475,0.009559861909402534
source_01_005,65537,intersection,5,199/200,8142363707092209/3500637258001,-0.5016079954430587,0,,,,,
source_01_005,65537,lag,0,0,3620096049025/37829083009,0.7070710119960689,1,0.009302790176760174,1.2170467349838623,0.14424162831535903,0.11851773984445356,0.007643741122959857
source_01_005,65537,lag,1,1/2,3620096049025/340461747081,0.9030158222674581,1,0.003257781663102643,0.13603313248035406,0.12311816056362586,0.905060100570768,0.023948442586758285
source_01_005,65537,lag,2,4/5,3620096049025/3064155723729,0.9677451427856826,1,0.0024169299445353895,0.02017913503160247,0.14506237636868854,7.188731139442146,0.1197737138261994
source_01_005,65537,lag,3,9/10,18339523606089/3503481754081,0.9320203732503729,1,0.0025762683782806785,0.07556941050574965,0.15814683104639318,2.0927360685757987,0.034091418221195
source_01_005,65537,lag,4,97/100,219063887851249/3503481754081,0.76367624092255,1,0.0033036576401327374,0.34419466450626923,0.16902243985340154,0.49106641468674744,0.009598224437533557
source_01_005,65537,lag,5,199/200,8087729910285249/3503481754081,-0.49568380343362095,0,,,,,
source_01_006,16385,bridge,0,0,4313268539281/412536721,-6.362060398085019,0,,,,,
source_01_006,16385,bridge,1,1/2,4313268539281/3712830489,-1.1657889151503682,0,,,,,
source_01_006,16385,bridge,2,4/5,4313268539281/33415474401,0.31009605245483707,1,0.008293250629398199,2.568199785109899,0.15045403024054466,0.05858346033391105,0.0032292077421240462
source_01_006,16385,bridge,3,9/10,361,-0.17175735983917895,0,,,,,
source_01_006,16385,bridge,4,97/100,38809/9,-3.4299134969180964,0,,,,,
source_01_006,16385,bridge,5,199/200,159201,-42.415923204126635,0,,,,,
source_01_006,16385,intersection,0,0,3674087737681/32530090321,0.3556233756757538,1,0.019833579270729013,5.679239279224597,0.15887370661190556,0.02797446960776709,0.003492295058474266
source_01_006,16385,intersection,1,1/2,3674087737681/292770812889,0.788321381613471,1,0.00402676017270821,0.34307184511551425,0.12978453477301863,0.3783013284850566,0.011737367056024012
source_01_006,16385,intersection,2,4/5,1230695140689/856204147969,0.9287090362345212,1,0.0027691173250795824,0.04909333394772314,0.15045403024054466,3.0646529404736516,0.05640515936498155
source_01_006,16385,intersection,3,9/10,5484949948009/856204147969,0.8490785894073772,1,0.003120346394084379,0.18735743495016063,0.16369769515819638,0.8737187035131109,0.01665451064119462
source_01_006,16385,intersection,4,97/100,589654910061721/7705837331721,0.47164837333747933,1,0.005908438728089656,1.3513586379751177,0.17485852594635762,0.12939461149141465,0.004372221083326103
source_01_006,16385,intersection,5,199/200,2418862927071969/856204147969,-2.5031249851146584,0,,,,,
source_01_006,16385,lag,0,0,916628163649/8311786561,0.3634316801244161,1,0.019407456195273638,5.480351733941071,0.15887370661190556,0.028989691597341164,0.0035412793078734026
source_01_006,16385,lag,1,1/2,916628163649/74806079049,0.790850716575246,1,0.004013881604004852,0.3377086561199964,0.12978453477301863,0.384309174257301,0.011885634351577351
source_01_006,16385,lag,2,4/5,4862540983689/3430418875321,0.929205679313996,1,0.002767637283592137,0.048425845321037636,0.15045403024054466,3.1068952796407445,0.05715206962819485
source_01_006,16385,lag,3,9/10,60031370169/9502545361,0.8501328511142279,1,0.0031164768086294928,0.1857864590301045,0.16369769515819638,0.8811067071991028,0.016774509966436816
source_01_006,16385,lag,4,97/100,258861938320969/3430418875321,0.4753854827952721,1,0.005861991196453436,1.33011265632925,0.17485852594635762,0.13146144058873907,0.004407138875462581
source_01_006,16385,lag,5,199/200,26473834244529/9502545361,-2.476362688425977,0,,,,,
source_01_006,65537,bridge,0,0,1085149307025/47210641,-4.209149869603452,0,,,,,
source_01_006,65537,bridge,1,1/2,120572145225/47210641,-0.5779717776106729,0,,,,,
source_01_006,65537,bridge,2,4/5,13396905025/47210641,0.4916106866027918,1,0.0051884760022999875,1.1365831785155562,0.14406846911769997,0.12675576397836694,0.004564976941746084
source_01_006,65537,bridge,3,9/10,361,0.42531716451344853,1,0.006161930310044321,1.549112738230127,0.1569831835912211,0.10133748158999427,0.003977715861457813
source_01_006,65537,bridge,4,97/100,38809/9,-1.0812234377167358,0,,,,,
source_01_006,65537,bridge,5,199/200,159201,-15.770594207093549,0,,,,,
source_01_006,65537,intersection,0,0,3625455907969/37283361921,0.7045325884983914,1,0.010121965463126888,1.2263734353615996,0.14567226743523568,0.1187829605851531,0.00825357527427394
source_01_006,65537,intersection,1,1/2,3625455907969/335550257289,0.902181032397238,1,0.00353963883491802,0.1369966140504095,0.12281124471475398,0.8964545990134045,0.025837418387695106
source_01_006,65537,intersection,2,4/5,3625455907969/3019952315601,0.9674681407506839,1,0.0026364798410143434,0.020709824852635967,0.14406846911769997,6.9565276453491,0.1273057526934502
source_01_006,65537,intersection,3,9/10,1145599886929/218981882025,0.9320044949415208,1,0.002811976488978165,0.07588687858367218,0.1569831835912211,2.068647261833716,0.03705484454572348
source_01_006,65537,intersection,4,97/100,123156747955201/1970836938225,0.7636207216242514,1,0.003607022271525197,0.3449885228756285,0.167757603191933,0.4862700990560522,0.010455484841811857
source_01_006,65537,intersection,5,199/200,56134394459521/24331320225,-0.4960489941642669,0,,,,,
source_01_006,65537,lag,0,0,3622174046401/37616990401,0.7059936288570381,1,0.0101010182485261,1.2173738450778797,0.14567226743523568,0.11966107866061186,0.008297383987151378
source_01_006,65537,lag,1,1/2,3622174046401/338552913609,0.9026615007805372,1,0.0035377547570582626,0.13625050689673396,0.12281124471475398,0.90136358030458,0.025965075929879462
source_01_006,65537,lag,2,4/5,3622174046401/3046976222481,0.9676275696484966,1,0.0026360454475675846,0.02052993221996259,0.14406846911769997,7.017483914419007,0.12840010475068134
source_01_006,65537,lag,3,9/10,18206973243369/3506537130625,0.932260251124546,1,0.00281120505163252,0.07558594703434308,0.1569831835912211,2.0768832005226385,0.03719216550075408
source_01_006,65537,lag,4,97/100,217480586211729/3506537130625,0.7645149677628675,1,0.00360280317069104,0.34321395861838555,0.167757603191933,0.48878432528573273,0.010497251292442167
source_01_006,65537,lag,5,199/200,8029275200325729/3506537130625,-0.4901676646988167,0,,,,,
source_01_007,16385,bridge,0,0,16459249/1521,-6.512847825934284,0,,,,,
source_01_007,16385,bridge,1,1/2,16459249/13689,-1.205952116163845,0,,,,,
source_01_007,16385,bridge,2,4/5,16459249/123201,0.2978304604432647,1,0.008898193197444509,2.698450820549856,0.1375867435253453,0.05098730815383533,0.00329751912826462
source_01_007,16385,bridge,3,9/10,361,-0.1717849697499703,0,,,,,
source_01_007,16385,bridge,4,97/100,38809/9,-3.4300261764133415,0,,,,,
source_01_007,16385,bridge,5,199/200,159201,-42.41735677862548,0,,,,,
source_01_007,16385,intersection,0,0,229024459225/2090592729,0.3655740609795127,1,0.02001618544319907,5.403133522836852,0.13822280986715776,0.025581971884082826,0.003704551323523429
source_01_007,16385,intersection,1,1/2,229024459225/18815334561,0.791544842285994,1,0.004148923844951689,0.3339301808590506,0.11708160809307638,0.35061702955952834,0.012424524894031423
source_01_007,16385,intersection,2,4/5,552398265225/380034027961,0.9283066640021949,1,0.0028548248977147903,0.0491945357796097,0.1375867435253453,2.7967891422277162,0.058031341336451166
source_01_007,16385,intersection,3,9/10,22157308194025/3420306251649,0.8482244140609425,1,0.0032164308810257365,0.186503901259341,0.1499534314188879,0.804023027970722,0.017245917427502835
source_01_007,16385,intersection,4,97/100,2382002697235225/30782756264841,0.4686200501415567,1,0.006122282944181048,1.3523993253476072,0.16025577666232996,0.11849737992226476,0.00452697870328162
source_01_007,16385,intersection,5,199/200,22157308194025/7755796489,-2.52483150645228,0,,,,,
source_01_007,16385,lag,0,0,3657017502889/34158062761,0.3729743074796936,1,0.019619040912590695,5.225531061637359,0.13822280986715776,0.026451437803499966,0.0037544587681473465
source_01_007,16385,lag,1,1/2,3657017502889/307422564849,0.7939429892639596,1,0.004136391800062919,0.32892867180120566,0.11708160809307638,0.35594831989543585,0.01257534582623076
source_01_007,16385,lag,2,4/5,136442323161/95161761289,0.9287967615311402,1,0.002853318494284146,0.04853908419061333,0.1375867435253453,2.834555818668543,0.058783937560073114
source_01_007,16385,lag,3,9/10,5472853184569/856455851601,0.849264813431075,1,0.003212490563930561,0.18496829627853548,0.1499534314188879,0.8106980192599046,0.017367790202776238
source_01_007,16385,lag,4,97/100,588354457728361/7708102664409,0.4723085405271064,1,0.00607447101651185,1.3314006264383564,0.16025577666232996,0.12036630709047498,0.004562466695514279
source_01_007,16385,lag,5,199/200,5472853184569/1942076761,-2.4983953927439444,0,,,,,
source_01_007,65537,bridge,0,0,1084824319401/49378729,-4.077300435253841,0,,,,,
source_01_007,65537,bridge,1,1/2,120536035489/49378729,-0.5410158785533835,0,,,,,
source_01_007,65537,bridge,2,4/5,120536035489/444408561,0.5031522182449347,1,0.005250033270893526,1.075752984530329,0.13791163987517188,0.12820009970540192,0.004880333446795573
source_01_007,65537,bridge,3,9/10,361,0.42530386775232204,1,0.006383057471671095,1.5399622083355673,0.15032979114102749,0.097619143072029,0.0041449442311769944
source_01_007,65537,bridge,4,97/100,38809/9,-1.08127370713152,0,,,,,
source_01_007,65537,bridge,5,199/200,159201,-15.771086880670262,0,,,,,
source_01_007,65537,intersection,0,0,901734462409/9796842441,0.7126098148162006,1,0.01030558729511061,1.1635163749706856,0.137769100112135,0.11840753003205998,0.008857277402194065
source_01_007,65537,intersection,1,1/2,901734462409/88171581969,0.904837651479904,1,0.003650739740493883,0.13203442420892977,0.11719096447157305,0.8875788656913548,0.027649908441430348
source_01_007,65537,intersection,2,4/5,267350009481/217936784569,0.9671134955284154,1,0.002731391815255849,0.02108982717808206,0.13791163987517188,6.539249407339797,0.12951229008147072
source_01_007,65537,intersection,3,9/10,1191522881761/217936784569,0.9304836892401704,1,0.0029175568171473485,0.07732254765066657,0.15032979114102749,1.9441908693981265,0.03773229033177359
source_01_007,65537,intersection,4,97/100,128093660715409/1961431061121,0.7583024591994488,1,0.003762817632021922,0.3536383534154628,0.16066209671786158,0.4543118560704073,0.010640298473512215
source_01_007,65537,intersection,5,199/200,10723705935849/4447689481,-0.5310606458376155,0,,,,,
source_01_007,65537,lag,0,0,3603713739025/39524223249,0.713978429023005,1,0.010285832674231022,1.1553948064370811,0.137769100112135,0.11923984714538999,0.008902439769440969
source_01_007,65537,lag,1,1/2,3603713739025/355718009241,0.9052878873636179,1,0.0036489240815679065,0.13134538040806362,0.11719096447157305,0.8922351445287557,0.027781137564423162
source_01_007,65537,lag,2,4/5,4249835849169/3489778929025,0.9672336422716982,1,0.002731052530292124,0.020953482483465857,0.13791163987517188,6.581800423103716,0.13033883663239104
source_01_007,65537,lag,3,9/10,18940626438889/3489778929025,0.9307379825221838,1,0.002916759691519702,0.07702393044539584,0.15032979114102749,1.9517283819682505,0.03786822711660325
source_01_007,65537,lag,4,97/100,2036196042844441/31408010361225,0.7591918186352281,1,0.0037584096585901597,0.3518557153765605,0.16066209671786158,0.4566135768063876,0.010681678581141878
source_01_007,65537,lag,5,199/200,8352816259550049/3489778929025,-0.5252016613855964,0,,,,,
source_01_008,16385,bridge,0,0,4332221797201/248157009,-8.999411155028994,0,,,,,
source_01_008,16385,bridge,1,1/2,4332221797201/2233413081,-1.8521373163281891,0,,,,,
source_01_008,16385,bridge,2,4/5,4332221797201/20100717729,0.10273197626261944,1,0.023236221329193958,10.390692950406958,0.14565132509966322,0.01401747946887014,0.002236253293220824
source_01_008,16385,bridge,3,9/10,361,-0.1714262648154764,0,,,,,
source_01_008,16385,bridge,4,97/100,38809/9,-3.4285622850240434,0,,,,,
source_01_008,16385,bridge,5,199/200,159201,-42.3987333341727,0,,,,,
source_01_008,16385,intersection,0,0,230097699225/1989427609,0.34793370320570727,1,0.019260806569233752,5.939001799474306,0.14192381241498578,0.023896913523001165,0.0032431050232950985
source_01_008,16385,intersection,1,1/2,25566411025/1989427609,0.7858312945568784,1,0.0038172750773568438,0.349573568337955,0.12296888578804321,0.35176825974772036,0.010919804650866628
source_01_008,16385,intersection,2,4/5,25566411025/17904848481,0.9289645122769198,1,0.0025696384592484214,0.047919177005395476,0.14565132509966322,3.039520588662522,0.05362442804389341
source_01_008,16385,intersection,3,9/10,1348174109881/214532933329,0.8505697589237772,1,0.0028815534852092446,0.18179960271802703,0.15888803741816748,0.8739735128277722,0.015850163818446634
source_01_008,16385,intersection,4,97/100,144934318643689/1930796399961,0.4769340291068716,1,0.005399938701578184,1.2972558027362648,0.16984231605747319,0.13092430629273702,0.004162585891069631
source_01_008,16385,intersection,5,199/200,594544782457521/214532933329,-2.465281190319482,0,,,,,
source_01_008,16385,lag,0,0,229624014481/2033739409,0.35591035142029287,1,0.018829134161508446,5.7247105532223665,0.14192381241498578,0.02479143898988896,0.0032890980227654946
source_01_008,16385,lag,1,1/2,229624014481/18303654681,0.7884143264803317,1,0.003804768780788853,0.3440350294091053,0.12296888578804321,0.3574312941308549,0.011059248203078926
source_01_008,16385,lag,2,4/5,229624014481/164732892129,0.9298170950497662,1,0.0025672822652243895,0.04679681334408739,0.14565132509966322,3.112419728854588,0.054860194140735355
source_01_008,16385,lag,3,9/10,21305286535225/3438120683089,0.8516184814258778,1,0.0028780050065807796,0.18027013964743543,0.15888803741816748,0.8813885523632137,0.015964956881985324
source_01_008,16385,lag,4,97/100,2290406828658025/30943086147801,0.4806505977872734,1,0.005358184372868793,1.2769868743018695,0.16984231605747319,0.13300239765606534,0.00419595884710884
source_01_008,16385,lag,5,199/200,9395631362034225/3438120683089,-2.438704312193575,0,,,,,
source_01_008,65537,bridge,0,0,270777651769/15405625,-3.475592863074165,0,,,,,
source_01_008,65537,bridge,1,1/2,270777651769/138650625,-0.37079493945423664,0,,,,,
source_01_008,65537,bridge,2,4/5,270777651769/1247855625,0.5565205033193824,1,0.004307881178882005,0.8613607087439898,0.14788929500967454,0.17169264108334154,0.005001251084651432
source_01_008,65537,bridge,3,9/10,361,0.4254766186476473,1,0.005791386189347852,1.5461635907399736,0.16125718040141904,0.10429503150067289,0.003745649052941527
source_01_008,65537,bridge,4,97/100,38809/9,-1.0806206165937522,0,,,,,
source_01_008,65537,bridge,5,199/200,159201,-15.764686451661328,0,,,,,
source_01_008,65537,intersection,0,0,906660082969/9290839321,0.7040836015914667,1,0.009455174879782346,1.2186128716197517,0.14613112422814273,0.11991595331986658,0.007758965213632405
source_01_008,65537,intersection,1,1/2,906660082969/83617553889,0.9020333877569953,1,0.003321680905320319,0.1365995261053246,0.12531645755984505,0.9174003829502323,0.02431692846986268
source_01_008,65537,intersection,2,4/5,906660082969/752557985001,0.9674191500552769,1,0.002478164921352366,0.020582994378134125,0.14788929500967454,7.185023339790704,0.12039865900099493
source_01_008,65537,intersection,3,9/10,18355800590689/3503107412281,0.9319684939045056,1,0.002643972869515149,0.07568931052680976,0.16125718040141904,2.1305145902247378,0.03493191906641339
source_01_008,65537,intersection,4,97/100,1973324834138641/31527966710529,0.7634948416528927,1,0.003392286426966046,0.34472198002835935,0.17235317303257608,0.49997732380858645,0.009840644413468998
source_01_008,65537,intersection,5,199/200,8094908060493849/3503107412281,-0.4968770217634339,0,,,,,
source_01_008,65537,lag,0,0,905826159001/9375467929,0.7055726857434267,1,0.009435220095035174,1.2095034039470063,0.14613112422814273,0.12081910952153499,0.007800904126639872
source_01_008,65537,lag,1,1/2,905826159001/84379211361,0.9025230688943862,1,0.003319878663870957,0.13584125239432907,0.12531645755984505,0.9225213648359785,0.024439399706311538
source_01_008,65537,lag,2,4/5,905826159001/759412902249,0.9675816348514521,1,0.0024777487661592217,0.020399640975897197,0.14788929500967454,7.249602832932711,0.12146041045951535
source_01_008,65537,lag,3,9/10,18231627562201/3505967890929,0.9322272722845923,1,0.002643238925082812,0.07538514002313079,0.16125718040141904,2.13911097534527,0.03506312947447964
source_01_008,65537,lag,4,97/100,1959975717621769/31553711018361,0.7643996601074081,1,0.0033882709838381803,0.3429276219079897,0.17235317303257608,0.5025934396116387,0.009880425977313898
source_01_008,65537,lag,5,199/200,18231627562201/7950040569,-0.49092593371978804,0,,,,,
source_01_009,16385,bridge,0,0,4360625180521/79941481,-19.616136573999466,0,,,,,
source_01_009,16385,bridge,1,1/2,4360625180521/719473329,-4.368726044029747,0,,,,,
source_01_009,16385,bridge,2,4/5,4360625180521/6475259961,-0.6225398501613886,0,,,,,
source_01_009,16385,bridge,3,9/10,361,-0.17158592016846227,0,,,,,
source_01_009,16385,bridge,4,97/100,38809/9,-3.4292138383242374,0,,,,,
source_01_009,16385,bridge,5,199/200,159201,-42.407022036387225,0,,,,,
source_01_009,16385,intersection,0,0,229309772769/2063430625,0.36102285472889767,1,0.0204344040730195,5.671638595004243,0.15213264143264513,0.026823401894233583,0.0036029101168432633
source_01_009,16385,intersection,1,1/2,25478863641/2063430625,0.7900703390482343,1,0.004212265375643802,0.3482526587638882,0.12406629760869795,0.3562536982461737,0.01209542919383618
source_01_009,16385,intersection,2,4/5,5094748694025/3409034171449,0.9273135238985336,1,0.002878103316768817,0.0518524846326921,0.1437450434070879,2.7721920063298016,0.05550560088212672
source_01_009,16385,intersection,3,9/10,22706225661025/3409034171449,0.8461160150325798,1,0.003243400755550837,0.1944807811312613,0.15639105068867762,0.8041465577162831,0.016677230195624122
source_01_009,16385,intersection,4,97/100,2441013605758225/30681307543041,0.46114329419495137,1,0.006255871060093402,1.4315950967038744,0.16705396732705635,0.11669079316608716,0.0043698606362211016
source_01_009,16385,intersection,5,199/200,10013445516512025/3409034171449,-2.578500282713408,0,,,,,
source_01_009,16385,lag,0,0,3660988583641/33775455961,0.36911324624043984,1,0.019986513538232005,5.467228533248774,0.15213264143264513,0.02782628172710458,0.0036556938157394866
source_01_009,16385,lag,1,1/2,3660988583641/303979103649,0.792691667483197,1,0.0041983359608943815,0.3425798477712078,0.12406629760869795,0.3621529357779261,0.012255058165879748
source_01_009,16385,lag,2,4/5,5031080402049/3414841589041,0.9278318821968017,1,0.0028764953867481454,0.05112963141936952,0.1437450434070879,2.8113843072342735,0.05625887194755795
source_01_009,16385,lag,3,9/10,22422469446169/3414841589041,0.8472164902217386,1,0.003239187803960331,0.19280473836329684,0.15639105068867762,0.8111369669452528,0.01680035372292986
source_01_009,16385,lag,4,97/100,2410508633618761/30733574301369,0.46504609544939496,1,0.006203369981899473,1.4080434999943303,0.16705396732705635,0.11864261816323786,0.00440566643141668
source_01_009,16385,lag,5,199/200,9888309025760529/3414841589041,-2.5504720492747346,0,,,,,
source_01_009,65537,bridge,0,0,1087108596025/35176761,-5.1710526569121225,0,,,,,
source_01_009,65537,bridge,1,1/2,1087108596025/316590849,-0.8440900267505651,0,,,,,
source_01_009,65537,bridge,2,4/5,1087108596025/2849317641,0.4089619383668645,1,0.006409372682414978,1.627836463301391,0.14412162072445658,0.08853568768951499,0.003937356624520024
source_01_009,65537,bridge,3,9/10,361,0.4253997290305602,1,0.0063416348249968335,1.5600365284491993,0.1570330682192838,0.1006598661990224,0.004065055342839263
source_01_009,65537,bridge,4,97/100,38809/9,-1.080911298400057,0,,,,,
source_01_009,65537,bridge,5,199/200,159201,-15.767535118570615,0,,,,,
source_01_009,65537,intersection,0,0,902783122201/9687874329,0.7108600721994103,1,0.010160553970972257,1.1773929959836522,0.14564842446658982,0.1237041709636704,0.008629704784750844
source_01_009,65537,intersection,1,1/2,902783122201/87190868961,0.9042620752636534,1,0.0036064503255129007,0.13376351493149735,0.12285700885676679,0.9184642682250388,0.026961390236790856
source_01_009,65537,intersection,2,4/5,52653268369/43064965441,0.9671737316771318,1,0.0027101537087558967,0.02122091558569599,0.14412162072445658,6.791489280585146,0.12771144099845919
source_01_009,65537,intersection,3,9/10,19007829881209/3488262200721,0.9306111806989354,1,0.0028988795665857866,0.07815973257199949,0.1570330682192838,2.0091300603495217,0.037089169463513524
source_01_009,65537,intersection,4,97/100,2043420692132521/31394359806489,0.7587483496436339,1,0.0037386299033769,0.35759632530515223,0.1678034964184947,0.46925397310864647,0.01045488904335515
source_01_009,65537,intersection,5,199/200,931383664179241/387584688969,-0.528122972979912,0,,,,,
source_01_009,65537,lag,0,0,3607822928329/39095175625,0.7122796856191244,1,0.010140303416225094,1.1688969720228959,0.14564842446658982,0.1246033037578413,0.008675104529252277
source_01_009,65537,lag,1,1/2,3607822928329/351856580625,0.9047290523264392,1,0.003604588851543694,0.13304284169210698,0.12285700885676679,0.9234394522411611,0.027093444530338403
source_01_009,65537,lag,2,4/5,264787430625/218194554769,0.967296385394097,1,0.0027098100597658403,0.021080329968894123,0.14412162072445658,6.836782011340463,0.12854685214910785
source_01_009,65537,lag,3,9/10,1180102005625/218194554769,0.9308707788081038,1,0.0028980711368108655,0.07785088253889492,0.1570330682192838,2.017100681431952,0.037225925285599246
source_01_009,65537,lag,4,97/100,126865869075625/1963750992921,0.7596562421270853,1,0.0037341617323813216,0.35575374040222274,0.1678034964184947,0.4716844191961903,0.010496479188551606
source_01_009,65537,lag,5,199/200,520424984480625/218194554769,-0.5221427500851127,0,,,,,
source_01_010,16385,bridge,0,0,271323266769/11566801,-11.006733142281611,0,,,,,
source_01_010,16385,bridge,1,1/2,30147029641/11566801,-2.3545176150428264,0,,,,,
source_01_010,16385,bridge,2,4/5,30147029641/104101209,-0.04620289771230766,0,,,,,
source_01_010,16385,bridge,3,9/10,361,-0.17276755309266956,0,,,,,
source_01_010,16385,bridge,4,97/100,38809/9,-3.434036457968366,0,,,,,
source_01_010,16385,bridge,5,199/200,159201,-42.46838660877807,0,,,,,
source_01_010,16385,intersection,0,0,3701502797041/30006207729,0.325339438643322,1,0.024671414160826886,6.3528438613413085,0.14652995311213848,0.02306525334328001,0.0038835228284074155
source_01_010,16385,intersection,1,1/2,3701502797041/270055869561,0.7785194630454357,1,0.004712882680635773,0.3596671322954135,0.12240068599732942,0.34031657331645,0.013103456661602415
source_01_010,16385,intersection,2,4/5,3701502797041/2430502826049,0.9265516339963669,1,0.003217389624496741,0.05192316950843077,0.14304230694201225,2.754883962135371,0.061964430425887874
source_01_010,16385,intersection,3,9/10,21426483765625/3435562339729,0.8509741471376805,1,0.0036109584503989356,0.18302660048652564,0.15577604412583457,0.851111498065019,0.019729145603973413
source_01_010,16385,intersection,4,97/100,2303436034515625/30920061057561,0.47836721648191294,1,0.0067575357670725976,1.300086791847101,0.16643098622301628,0.12801528887664423,0.005197757418542661
source_01_010,16385,intersection,5,199/200,9449079340640625/3435562339729,-2.455029385123105,0,,,,,
source_01_010,16385,lag,0,0,57707089729/480530241,0.3345361238423801,1,0.023993175808428174,6.081682484320294,0.14652995311213848,0.024093653933746118,0.003945154300686864
source_01_010,16385,lag,1,1/2,57707089729/4324772169,0.7814947995477269,1,0.004694939615782588,0.3532688371992387,0.12240068599732942,0.3464802810452742,0.013289990855136501
source_01_010,16385,lag,2,4/5,57707089729/38922949521,0.9275333878048275,1,0.0032139841573095955,0.05057947634404924,0.14304230694201225,2.828070143886363,0.06354324697724408
source_01_010,16385,lag,3,9/10,21148069282209/3441451663225,0.852077934340692,1,0.0036062807917394126,0.18140805531283083,0.15577604412583457,0.8587052204335971,0.019879386202120562
source_01_010,16385,lag,4,97/100,252611702300169/3441451663225,0.4822786523569053,1,0.006702729966117694,1.278733085028557,0.16643098622301628,0.13015303050464164,0.0052416958977549305
source_01_010,16385,lag,5,199/200,9326298553454169/3441451663225,-2.427070737282708,0,,,,,
source_01_010,65537,bridge,0,0,1074330177001/145853929,-1.7762382003967734,0,,,,,
source_01_010,65537,bridge,1,1/2,1074330177001/1312685361,0.12543571676939272,1,0.030003623722679385,10.45065273358097,0.12435487321813449,0.011899244610678365,0.002870980836083957
source_01_010,65537,bridge,2,4/5,1074330177001/11814168249,0.7141284000603514,1,0.004197198591966618,0.4192197650875406,0.14544913944053278,0.34695200835809925,0.010011929163430947
source_01_010,65537,bridge,3,9/10,361,0.42483066868808905,1,0.007245232958857607,1.5556519070994446,0.15842591669012018,0.10183892422663475,0.004657361281012113
source_01_010,65537,bridge,4,97/100,38809/9,-1.0830627334154685,0,,,,,
source_01_010,65537,bridge,5,199/200,159201,-15.788622956008133,0,,,,,
source_01_010,65537,intersection,0,0,3650564316025/34784861049,0.6926683910663657,1,0.01212852685531326,1.308663601216397,0.14865131460201692,0.11359016516073818,0.009267872082664979
source_01_010,65537,intersection,1,1/2,3650564316025/313063749441,0.8982806127064337,1,0.004189699737584561,0.14440793833762972,0.12435487321813449,0.8611359918967154,0.02901294614281473
source_01_010,65537,intersection,2,4/5,3650564316025/2817573744969,0.9661740356078088,1,0.0031022761994748595,0.022705073092497363,0.14544913944053278,6.406019432220847,0.1366336142956515
source_01_010,65537,intersection,3,9/10,4364526831025/881009381641,0.9337814629321475,1,0.0032962714349108035,0.07439115928188818,0.15842591669012018,2.1296336583464393,0.044309988804184935
source_01_010,65537,intersection,4,97/100,469204769488225/7929084434769,0.7698330552818117,1,0.00420147483362314,0.3338005655520815,0.16927840392952911,0.5071243772447034,0.012586781651116173
source_01_010,65537,intersection,5,199/200,1924756332482025/881009381641,-0.4552255828078088,0,,,,,
source_01_010,65537,lag,0,0,3647133604009/35120634025,0.6943018606419369,1,0.012099992321938488,1.2981646521109613,0.14865131460201692,0.11450882933863067,0.009320845627912102
source_01_010,65537,lag,1,1/2,3647133604009/316085706225,0.8988175017653325,1,0.00418719711169581,0.14356091778702537,0.12435487321813449,0.8662167610450685,0.02916669227419941
source_01_010,65537,lag,2,4/5,3647133604009/2844771356025,0.9663521540941501,1,0.003101704386457708,0.022495266140496607,0.14544913944053278,6.465766554265886,0.1378825379120069
source_01_010,65537,lag,3,9/10,17334957079729/3526955364361,0.9340433353344888,1,0.0032953472780898356,0.07408391567801788,0.15842591669012018,2.138465755220984,0.04448127839802653
source_01_010,65537,lag,4,97/100,1863579914978401/31742598279249,0.7707484115126119,1,0.004196485078068589,0.3320146044787756,0.16927840392952911,0.5098522825382231,0.01263945929323375
source_01_010,65537,lag,5,199/200,7644716072160489/3526955364361,-0.4492172188868823,0,,,,,
source_01_011,16385,bridge,0,0,4344535766025/163763209,-11.952143752852008,0,,,,,
source_01_011,16385,bridge,1,1/2,482726196225/163763209,-2.586029615323406,0,,,,,
source_01_011,16385,bridge,2,4/5,53636244025/163763209,-0.11408191226032839,0,,,,,
source_01_011,16385,bridge,3,9/10,361,-0.17176025781455143,0,,,,,
source_01_011,16385,bridge,4,97/100,38809/9,-3.4299253239005942,0,,,,,
source_01_011,16385,bridge,5,199/200,159201,-42.41607367329492,0,,,,,
source_01_011,16385,intersection,0,0,234623015641/1592728281,0.26181972025792666,1,0.02735213236315474,8.782313333829471,0.14357688122019308,0.01634841251531472,0.003114456444840601
source_01_011,16385,intersection,1,1/2,234623015641/14334554529,0.7580008612283237,1,0.004280822008480333,0.40258071792371986,0.12118715248527007,0.3010257250031343,0.010633450182508377
source_01_011,16385,intersection,2,4/5,234623015641/129010990761,0.9197848375734058,1,0.0028417258831868806,0.06051023646482501,0.14221931002705815,2.3503347257572056,0.046962729766207315
source_01_011,16385,intersection,3,9/10,54026029225/9632048449,0.8588277328338135,1,0.0031320335497657093,0.1685351845175327,0.1549743616714445,0.9195371406575493,0.018583855701892825
source_01_011,16385,intersection,4,97/100,2096696168193025/31294525410801,0.50618218894202,1,0.005587654218861242,1.1363917138206816,0.16561183673049254,0.14573481548337433,0.004917014222212952
source_01_011,16385,intersection,5,199/200,23825478888225/9632048449,-2.2568614701589884,0,,,,,
source_01_011,16385,lag,0,0,936298140625/6553064401,0.27327527664597207,1,0.026205545308280672,8.263072938772154,0.14357688122019308,0.017375724779881682,0.0031714043313497203
source_01_011,16385,lag,1,1/2,936298140625/58977579609,0.7616972708566757,1,0.004260047781901299,0.39418853071946564,0.12118715248527007,0.30743449654428434,0.01080713275479106
source_01_011,16385,lag,2,4/5,936298140625/530798216481,0.921003406430894,1,0.0028379660288382538,0.058698431268198854,0.14221931002705815,2.4228809348795757,0.04834824317316608
source_01_011,16385,lag,3,9/10,4808244658441/870800649889,0.859936695929967,1,0.003127994520335934,0.16696977922152534,0.1549743616714445,0.928158151696625,0.018733896247092124
source_01_011,16385,lag,4,97/100,516906279638329/7837205849001,0.5101069064430858,1,0.00554466330063278,1.1176751792476072,0.16561183673049254,0.148175283665133,0.0049608897142775586
source_01_011,16385,lag,5,199/200,2120435894372481/870800649889,-2.2290220691866423,0,,,,,
source_01_011,65537,bridge,0,0,270473845041/17783089,-3.1292550351760533,0,,,,,
source_01_011,65537,bridge,1,1/2,30052649449/17783089,-0.27159517689024615,0,,,,,
source_01_011,65537,bridge,2,4/5,30052649449/160047801,0.5877819597219667,1,0.004482015761111186,0.7466162269994933,0.14152788091399954,0.18955907438922515,0.006003105208580242
source_01_011,65537,bridge,3,9/10,361,0.42531576886605127,1,0.0063644250167940244,1.534326873221978,0.1541537068612628,0.10046992564078014,0.004148024210401257
source_01_011,65537,bridge,4,97/100,38809/9,-1.0812287140632406,0,,,,,
source_01_011,65537,bridge,5,199/200,159201,-15.770645918610258,0,,,,,
source_01_011,65537,intersection,0,0,3654669534961/34385397489,0.6909523737531663,1,0.010672801096499264,1.3013055686367,0.14472814851523302,0.11121765095253996,0.008201610254907708
source_01_011,65537,intersection,1,1/2,3654669534961/309468577401,0.8977166341031982,1,0.00367351567170235,0.14270414609087942,0.1210182156020997,0.8480357362919974,0.02574217899291388
source_01_011,65537,intersection,2,4/5,3654669534961/2785217196609,0.9659869346476004,1,0.002727208736556817,0.022319176062255478,0.14152788091399954,6.341088959522162,0.12219128201461113
source_01_011,65537,intersection,3,9/10,17253414760729/3528893746225,0.9342716674171202,1,0.0028973267774367265,0.07263405605486398,0.1541537068612628,2.1223337265486473,0.03988937056259445
source_01_011,65537,intersection,4,97/100,1854813776867401/31760043716025,0.7715464969171942,1,0.003687310583429807,0.32637790985962545,0.16471409310022783,0.5046729209433048,0.011297672029996493
source_01_011,65537,intersection,5,199/200,7608755909481489/3528893746225,-0.4439800341320309,0,,,,,
source_01_011,65537,lag,0,0,912814000569/8679344569,0.6925944480692026,1,0.010647496919416148,1.2908337888546584,0.14472814851523302,0.11211989472606587,0.008248542152637286
source_01_011,65537,lag,1,1/2,101423777841/8679344569,0.8982563100378622,1,0.003671308608994886,0.14186424755928448,0.1210182156020997,0.8530564795864208,0.025879026408402592
source_01_011,65537,lag,2,4/5,11269308649/8679344569,0.9661659730513016,1,0.00272670336262276,0.02210960806798815,0.14152788091399954,6.4011935661090975,0.12332662588310073
source_01_011,65537,lag,3,9/10,1070726188081/220737409929,0.9345316096928766,1,0.0028965208788364807,0.07233296441533235,0.1541537068612628,2.131168107201023,0.04004427168510334
source_01_011,65537,lag,4,97/100,115107514219489/1986636689361,0.7724550314459732,1,0.0036829736979840525,0.3246341545012624,0.16471409310022783,0.5073837451061771,0.011344997582408511
source_01_011,65537,lag,5,199/200,52465583215969/24526378881,-0.43801966964772904,0,,,,,
source_01_012,16385,bridge,0,0,272082208225/7144929,-15.314897250540637,0,,,,,
source_01_012,16385,bridge,1,1/2,272082208225/64304361,-3.386905107778527,0,,,,,
source_01_012,16385,bridge,2,4/5,272082208225/578739249,-0.34548014973339575,0,,,,,
source_01_012,16385,bridge,3,9/10,361,-0.17269071795019217,0,,,,,
source_01_012,16385,bridge,4,97/100,38809/9,-3.433722849126254,0,,,,,
source_01_012,16385,bridge,5,199/200,159201,-42.464395406118875,0,,,,,
source_01_012,16385,intersection,0,0,931184470441/6988458409,0.2982399664088248,1,0.02806209317621664,7.474227890558481,0.14481705573688258,0.01937552050290264,0.003754513989554019
source_01_012,16385,intersection,1,1/2,931184470441/62896125681,0.7697588855400067,1,0.004883130707451087,0.3836996883416958,0.12161836934330635,0.31696238761341294,0.0127264390767566
source_01_012,16385,intersection,2,4/5,931184470441/566065131129,0.9236617281507873,1,0.003249262550268496,0.05576290569515741,0.14243742494882464,2.5543400791826785,0.058269247446168675
source_01_012,16385,intersection,3,9/10,1269923894281/216203610529,0.8554066870218823,1,0.003604663211326343,0.1751718204465892,0.1551668213909414,0.8857978469102715,0.020577871498603417
source_01_012,16385,intersection,4,97/100,136522095327289/1945832494761,0.494070305499927,1,0.006559007863000434,1.205582874045237,0.16579983799440565,0.13752670311090062,0.005440528398510013
source_01_012,16385,intersection,5,199/200,560036437377921/216203610529,-2.342966161364641,0,,,,,
source_01_012,16385,lag,0,0,3716462962969/28675696921,0.3081238937236635,1,0.027161923812834825,7.117228852227502,0.14481705573688258,0.020347393450971966,0.0038163622916711284
source_01_012,16385,lag,1,1/2,3716462962969/258081272289,0.772952950498223,1,0.004862952200248279,0.3765626998398189,0.12161836934330635,0.3229697720858704,0.01291405708084435
source_01_012,16385,lag,2,4/5,3716462962969/2322731450601,0.9247152411946301,1,0.0032455607182589404,0.05426533932730882,0.14243742494882464,2.6248324752876564,0.05980909284806821
source_01_012,16385,lag,3,9/10,20049895799521/3465118959289,0.8564935491812059,1,0.0036000890122033697,0.1736103371675314,0.1551668213909414,0.8937648755396845,0.02073660515231496
source_01_012,16385,lag,4,97/100,2155447108264849/31186070633601,0.4979189733019395,1,0.006508309970915551,1.1861212592932613,0.16579983799440565,0.13978321077660796,0.005487052794916992
source_01_012,16385,lag,5,199/200,8842004047588761/3465118959289,-2.3155743427950792,0,,,,,
source_01_012,65537,bridge,0,0,272071776025/7198489,-5.944086990884805,0,,,,,
source_01_012,65537,bridge,1,1/2,272071776025/64786401,-1.0538128840372805,0,,,,,
source_01_012,65537,bridge,2,4/5,272071776025/583077609,0.34438268083101625,1,0.008827917507259487,2.17448736071923,0.14405863003236252,0.06624946763761086,0.004059769519349875
source_01_012,65537,bridge,3,9/10,361,0.42486767098274014,1,0.007355040853708965,1.5610437377046598,0.15705363452360815,0.1006080936300593,0.004711617410876476
source_01_012,65537,bridge,4,97/100,38809/9,-1.082922834340392,0,,,,,
source_01_012,65537,bridge,5,199/200,159201,-15.787251491653668,0,,,,,
source_01_012,65537,intersection,0,0,902847733489/9681182449,0.7104833644807527,1,0.011874388205429728,1.1884442413339482,0.14304202372844346,0.12036073612329383,0.009991540025556042
source_01_012,65537,intersection,1,1/2,902847733489/87130642041,0.9041381635198921,1,0.004201071231417095,0.13496353813327197,0.12223085482963328,0.9056583468413105,0.031127453307193815
source_01_012,65537,intersection,2,4/5,13121015209/10770495961,0.967203266738907,1,0.0031432709150741225,0.021601479390953863,0.14405863003236252,6.668924263247012,0.14551183547134472
source_01_012,65537,intersection,3,9/10,4736686490449/872410172841,0.9306736922484337,1,0.003357695724640799,0.0783711949745878,0.15705363452360815,2.003971415448411,0.042843492761971365
source_01_012,65537,intersection,4,97/100,509213479246081/7851691555569,0.7589669749238701,1,0.0043277631445864445,0.3567951502493897,0.1678515637960217,0.4704423916039728,0.012129545879649598
source_01_012,65537,intersection,5,199/200,232097638032001/96934463649,-0.5266827480114367,0,,,,,
source_01_012,65537,lag,0,0,3608111647009/39065127201,0.7118922809952702,1,0.011850887428571981,1.179947679344128,0.14304202372844346,0.12122742917546409,0.010043570266742064
source_01_012,65537,lag,1,1/2,3608111647009/351586144809,0.9046016139260784,1,0.004198918915813581,0.1342454904479951,0.12223085482963328,0.9105025012142501,0.03127791407965532
source_01_012,65537,lag,2,4/5,4223160631089/3492469504225,0.9673250185074175,1,0.0031428752892136355,0.02146214354850592,0.14405863003236252,6.712220040220125,0.14643808909909306
source_01_012,65537,lag,3,9/10,18821740590409/3492469504225,0.9309313807908177,1,0.0033567662901680707,0.07806524417646256,0.15705363452360815,2.0118253158677923,0.0429994977352568
source_01_012,65537,lag,4,97/100,2023415320147321/31432225538025,0.7598681797208232,1,0.004322630411028091,0.35497151097867286,0.1678515637960217,0.47285925378419014,0.012177400938769421
source_01_012,65537,lag,5,199/200,8300387600370369/3492469504225,-0.5207469778162387,0,,,,,
source_01_013,16385,bridge,0,0,4311731813841/427703761,-6.214990423582003,0,,,,,
source_01_013,16385,bridge,1,1/2,479081312649/427703761,-1.126497945895246,0,,,,,
source_01_013,16385,bridge,2,4/5,53231256961/427703761,0.32211166936440927,1,0.01001523171903262,2.3642849642392285,0.14607038738744912,0.061782056561211156,0.004236051013527164
source_01_013,16385,bridge,3,9/10,361,-0.17304330636352258,0,,,,,
source_01_013,16385,bridge,4,97/100,38809/9,-3.4351619903547923,0,,,,,
source_01_013,16385,bridge,5,199/200,159201,-42.48271176114755,0,,,,,
source_01_013,16385,intersection,0,0,3640017541689/35822754361,0.38883052979038335,1,0.022999100636959157,4.823534326487761,0.13774989187221573,0.028557875314742052,0.004768101371366392
source_01_013,16385,intersection,1,1/2,404446393521/35822754361,0.79908395212574,1,0.0050412380903229175,0.31722894832449877,0.12228450525489996,0.38547713221245217,0.015891481899584243
source_01_013,16385,intersection,2,4/5,5268884114025/3393358199449,0.9258185849060502,1,0.003484508801922947,0.0525237307859514,0.14607038738744912,2.781036023178285,0.06634160882674683
source_01_013,16385,intersection,3,9/10,65047952025/9399884209,0.8429420129058554,1,0.003934180804614534,0.19211491799804709,0.15950986711545526,0.8302836072161597,0.020478268140814167
source_01_013,16385,intersection,4,97/100,280493996682025/3393358199449,0.44988286208482464,1,0.007748439696164607,1.4428648111084337,0.17055698149933027,0.11820718073254932,0.005370177189512384
source_01_013,16385,intersection,5,199/200,28686146843025/9399884209,-2.659534135163657,0,,,,,
source_01_013,16385,lag,0,0,908146103089/9141080881,0.3958178248575756,1,0.022593101987231072,4.676936114765312,0.13774989187221573,0.029453019774491402,0.004830748471398522
source_01_013,16385,lag,1,1/2,908146103089/82269727929,0.8013505028601404,1,0.005026979383483492,0.3126309482090854,0.12228450525489996,0.391146513022495,0.016079596125337804
source_01_013,16385,lag,2,4/5,5206515404841/3398938391641,0.9263207926774634,1,0.0034826196643652925,0.051835569897666606,0.14607038738744912,2.8179566208265903,0.0671859047993618
source_01_013,16385,lag,3,9/10,23204346433921/3398938391641,0.8440083234648885,1,0.003929210405133302,0.19054133479143506,0.15950986711545526,0.8371404938988877,0.020621301983814597
source_01_013,16385,lag,4,97/100,2494563658598449/30590445524769,0.45366647152096584,1,0.007683817178543918,1.4197783684269865,0.17055698149933027,0.1201292999612998,0.005411983552797076
source_01_013,16385,lag,5,199/200,10233116777359161/3398938391641,-2.6322784795563496,0,,,,,
source_01_013,65537,bridge,0,0,4319235288729/356265625,-2.6457203981539377,0,,,,,
source_01_013,65537,bridge,1,1/2,479915032081/356265625,-0.13150885767488174,0,,,,,
source_01_013,65537,bridge,2,4/5,479915032081/3206390625,0.6321338557798281,1,0.0051619995145710095,0.6165784135712767,0.14505856163790595,0.2352637692872086,0.008372008167902362
source_01_013,65537,bridge,3,9/10,361,0.42469787201318726,1,0.007901434143334931,1.5473807678986715,0.15806047994207667,0.10214711415647314,0.005106328259504611
source_01_013,65537,bridge,4,97/100,38809/9,-1.0835648199570949,0,,,,,
source_01_013,65537,bridge,5,199/200,159201,-15.793545269601461,0,,,,,
source_01_013,65537,intersection,0,0,904319215849/9529469161,0.707839142806536,1,0.012724194535124484,1.1866175790955458,0.14663316602925444,0.12357238643052972,0.010723079414366185
source_01_013,65537,intersection,1,1/2,904319215849/85765222449,0.9032684496783447,1,0.004501352864008693,0.13488972447437983,0.1236511318628462,0.9166831079585441,0.03337061352559626
source_01_013,65537,intersection,2,4/5,262421577441/218433782161,0.9674218063714131,1,0.0033729595872129966,0.02139325523653462,0.14505856163790595,6.780574533144457,0.15766462606648002
source_01_013,65537,intersection,3,9/10,1169557894521/218433782161,0.9311362313023203,1,0.00360390043230651,0.07733482481789454,0.15806047994207667,2.0438460979807247,0.0466012619902205
source_01_013,65537,intersection,4,97/100,13970259257761/218433782161,0.7605845680366758,1,0.0046382149942143245,0.35044880759934033,0.16890698999779352,0.4819733619721737,0.013235071410250262
source_01_013,65537,intersection,5,199/200,10526021050689/4457832289,-0.5160296971070208,0,,,,,
source_01_013,65537,lag,0,0,56468492161/600887169,0.7092760658507059,1,0.012698416577533189,1.1780146282244945,0.14663316602925444,0.12447482613204912,0.010779506699905978
source_01_013,65537,lag,1,1/2,56468492161/5407984521,0.9037410568097419,1,0.004498998902718082,0.13416514525044002,0.1236511318628462,0.9216337941723405,0.03353329133524213
source_01_013,65537,lag,2,4/5,4170797316009/3497778955225,0.9675437280267769,1,0.0033725345554501563,0.021256102588083907,0.14505856163790595,6.824325439566953,0.1586619438570449
source_01_013,65537,lag,3,9/10,18588368284929/3497778955225,0.9313942750325025,1,0.0036029019680302236,0.07703177348459159,0.15806047994207667,2.051886809716162,0.046771634678135776
source_01_013,65537,lag,4,97/100,222036314179689/3497778955225,0.7614869445714693,1,0.004632718621093363,0.3486489131010268,0.16890698999779352,0.4844615418286129,0.013287632477864504
source_01_013,65537,lag,5,199/200,8197470413653689/3497778955225,-0.5100892308240439,0,,,,,
source_01_014,16385,bridge,0,0,4375012272409/30239001,-39.483544231500765,0,,,,,
source_01_014,16385,bridge,1,1/2,4375012272409/272151009,-8.50958013000778,0,,,,,
source_01_014,16385,bridge,2,4/5,4375012272409/2449359081,-1.7270895306886145,0,,,,,
source_01_014,16385,bridge,3,9/10,12119147569/30239001,-0.2365862511873242,0,,,,,
source_01_014,16385,bridge,4,97/100,38809/9,-3.4276976229616176,0,,,,,
source_01_014,16385,bridge,5,199/200,159201,-42.38773426821571,0,,,,,
source_01_014,16385,intersection,0,0,3686058247921/31414372081,0.34323770648186425,1,0.018390309718833174,5.94343692465468,0.14624300520703448,0.02460579746381869,0.003094221399498014
source_01_014,16385,intersection,1,1/2,3686058247921/282729348729,0.7843110257999122,1,0.0036378178328034254,0.3487823548256348,0.12130755159419865,0.34780300641884077,0.010430051241044186
source_01_014,16385,intersection,2,4/5,3686058247921/2544564138561,0.9284627630784105,1,0.002469323813447976,0.04841778739958809,0.14143530316151476,2.921143463129792,0.05100034400723119
source_01_014,16385,intersection,3,9/10,21674862763129/3430344790161,0.8501861735412185,1,0.0027738973895536836,0.1823179751964774,0.15399272430645639,0.8446381885302536,0.015214612747669866
source_01_014,16385,intersection,4,97/100,2330137808793001/30873103111449,0.47557448111054046,1,0.005214140692642812,1.3058929379768522,0.16452274986811016,0.12598486834839323,0.003992778076218707
source_01_014,16385,intersection,5,199/200,1062068275393321/381149421129,-2.4750099530891774,0,,,,,
source_01_014,16385,lag,0,0,3678221501161/32142394089,0.35158736045453104,1,0.017953568413901406,5.717899498272598,0.14624300520703448,0.025576351114813246,0.003139888768476126
source_01_014,16385,lag,1,1/2,3678221501161/289281546801,0.7870143287401925,1,0.0036253223504665744,0.34302625207372606,0.12130755159419865,0.3536392648109225,0.010568644028117679
source_01_014,16385,lag,2,4/5,3678221501161/2603533921209,0.9293549846084362,1,0.002466953154326917,0.047236190784005025,0.14143530316151476,2.994214834304699,0.05222591223766226
source_01_014,16385,lag,3,9/10,21402920016241/3436059102921,0.8512583333973749,1,0.0027704036658396294,0.1807522584669627,0.15399272430645639,0.851954634550819,0.015327076349344727
source_01_014,16385,lag,4,97/100,2300902833546529/30924531926289,0.4793743407938263,1,0.0051728097299380835,1.2850296211058243,0.16452274986811016,0.1280303170961391,0.00402544007155777
source_01_014,16385,lag,5,199/200,1048743080795809/381784344769,-2.447827676015249,0,,,,,
source_01_014,65537,bridge,0,0,4347137430441/148181929,-4.986402234649203,0,,,,,
source_01_014,65537,bridge,1,1/2,483015270049/148181929,-0.7934645608493199,0,,,,,
source_01_014,65537,bridge,2,4/5,483015270049/1333637361,0.4246232409058283,1,0.005371643298318268,1.4932777148151613,0.14201453666302338,0.09510256213835082,0.003597216542525831
source_01_014,65537,bridge,3,9/10,361,0.42557865993072247,1,0.005507750523224697,1.528240343416622,0.15493851875760592,0.10138360724806966,0.0036039818912981005
source_01_014,65537,bridge,4,97/100,38809/9,-1.0802348535772526,0,,,,,
source_01_014,65537,bridge,5,199/200,159201,-15.760906186651425,0,,,,,
source_01_014,65537,intersection,0,0,226053653401/2385052569,0.7084652725884232,1,0.009034211322756636,1.1910475574065627,0.13793117131434457,0.11580660273102926,0.007585097057272936
source_01_014,65537,intersection,1,1/2,226053653401/21465473121,0.9034743813881815,1,0.0031718528573584023,0.13348687457187244,0.11979400561393938,0.8974216079157618,0.023761533615431252
source_01_014,65537,intersection,2,4/5,263307528225/218344056529,0.9674091580028364,1,0.0023577661710695616,0.020277219857710232,0.14201453666302338,7.003649300030824,0.11627659943594497
source_01_014,65537,intersection,3,9/10,1173506391225/218344056529,0.931109461248673,1,0.0025174065826409756,0.07575580897637606,0.15493851875760592,2.045236145599375,0.03323054187733659
source_01_014,65537,intersection,4,97/100,14017423680225/218344056529,0.7604909511576445,1,0.0032406315208095954,0.34682561443970605,0.16562665490125114,0.4775502385220874,0.009343691428456946
source_01_014,65537,intersection,5,199/200,517516318530225/218344056529,-0.5166460861153536,0,,,,,
source_01_014,65537,lag,0,0,3613531063041/38503465729,0.7099131917501352,1,0.009015785397112223,1.1823161451830126,0.13793117131434457,0.11666183522596993,0.007625528445876593
source_01_014,65537,lag,1,1/2,401503451449/38503465729,0.9039506186593559,1,0.0031701817986543378,0.13275648993782757,0.11979400561393938,0.9023589405688659,0.023879674734839672
source_01_014,65537,lag,2,4/5,4184704379025/3496365200449,0.9675319090452367,1,0.0023574670406196724,0.02014008734196361,0.14201453666302338,7.051336682494114,0.11705346658093613
source_01_014,65537,lag,3,9/10,18650349146025/3496365200449,0.9313692605997365,1,0.002516704368573795,0.07545313780581958,0.15493851875760592,2.05344036395602,0.033354535566838754
source_01_014,65537,lag,4,97/100,222776669747025/3496365200449,0.7613994710514376,1,0.00323676472247699,0.3450272389208526,0.16562665490125114,0.48003935984673096,0.009381186055340654
source_01_014,65537,lag,5,199/200,8224803973397025/3496365200449,-0.5106650070246151,0,,,,,
source_01_015,16385,bridge,0,0,4202799241/499849,-5.485314773723393,0,,,,,
source_01_015,16385,bridge,1,1/2,4202799241/4498641,-0.9297730318367791,0,,,,,
source_01_015,16385,bridge,2,4/5,4202799241/40487769,0.3825199404326683,1,0.007429918101221073,1.8100378476008703,0.1328574830644543,0.07340038952254582,0.004104841294379076
source_01_015,16385,bridge,3,9/10,361,-0.17230139669797587,0,,,,,
source_01_015,16385,bridge,4,97/100,38809/9,-3.432133846157846,0,,,,,
source_01_015,16385,bridge,5,199/200,159201,-42.44417424403724,0,,,,,
source_01_015,16385,intersection,0,0,14431457161/119705481,0.3334737767278001,1,0.023300057946137966,6.19406896575116,0.1444972716050445,0.023328327857505736,0.003761672347365017
source_01_015,16385,intersection,1,1/2,14431457161/1077349329,0.7811510469846447,1,0.004512033445873698,0.35585046138995186,0.11554878990880924,0.3247116484196077,0.012679577337766252
source_01_015,16385,intersection,2,4/5,14431457161/9696143961,0.9274199550773309,1,0.0030645144240633755,0.050499717603931175,0.1328574830644543,2.6308559605511928,0.06068379328570379
source_01_015,16385,intersection,3,9/10,21500424291025/3434005553449,0.8507393466481052,1,0.0034386393408711233,0.18262379769788245,0.1444066778119004,0.7907330787786744,0.01882908681244117
source_01_015,16385,intersection,4,97/100,2311384948228225/30906049981041,0.4775350744603339,1,0.006441729026365523,1.2996470252940584,0.15421055416787635,0.11865572048917254,0.004956521964037132
source_01_015,16385,intersection,5,199/200,9481687112342025/3434005553449,-2.460981333434703,0,,,,,
source_01_015,16385,lag,0,0,3686426880049/31380351025,0.3422398372623885,1,0.022703255072313935,5.94454050767655,0.1444972716050445,0.02430755941833457,0.003819177452487005
source_01_015,16385,lag,1,1/2,3686426880049/282423159225,0.7839880174182503,1,0.004495706020967974,0.34976130234459807,0.11554878990880924,0.33036470625605746,0.012853640442299802
source_01_015,16385,lag,2,4/5,3686426880049/2541808433025,0.9283561619169117,1,0.0030614239944615753,0.0492372055997921,0.1328574830644543,2.698314850447469,0.062177045938498626
source_01_015,16385,lag,3,9/10,5306476209241/859950202225,0.851825865953925,1,0.003434253294169638,0.18103478887486746,0.1444066778119004,0.7976736333905153,0.018970128976389274
source_01_015,16385,lag,4,97/100,570468241563529/7739551820025,0.4813854724329484,1,0.006390204371377717,1.278625919774427,0.15421055416787635,0.1206064665067027,0.0049977122100771
source_01_015,16385,lag,5,199/200,2340156008275281/859950202225,-2.4334524829164117,0,,,,,
source_01_015,65537,bridge,0,0,4314822156225/397483969,-2.428297506773077,0,,,,,
source_01_015,65537,bridge,1,1/2,479424684025/397483969,-0.06788533110872345,0,,,,,
source_01_015,65537,bridge,2,4/5,479424684025/3577355721,0.652358279017348,1,0.004386473704642785,0.5655471460001633,0.146065498906227,0.25827289544165577,0.0077561592091236874
source_01_015,65537,bridge,3,9/10,361,0.4250551617185,1,0.006930357970238933,1.5570372130873817,0.15908591302463104,0.10217219709809405,0.004450990581334293
source_01_015,65537,bridge,4,97/100,38809/9,-1.0822139765233243,0,,,,,
source_01_015,65537,bridge,5,199/200,159201,-15.780302832256437,0,,,,,
source_01_015,65537,intersection,0,0,901749656025/9795258841,0.7124606913380239,1,0.010978307124464747,1.1547224049125067,0.14961745918101604,0.12957006683554614,0.009507312820605204
source_01_015,65537,intersection,1,1/2,100194406225/9795258841,0.9047885956877593,1,0.003919646811333017,0.13224753850415558,0.12495680208801845,0.9448705321958939,0.029638712793205225
source_01_015,65537,intersection,2,4/5,53116881841/43018493281,0.9669921120397681,1,0.002959230381806812,0.021603359136878154,0.146065498906227,6.761240137737883,0.1369801040225841
source_01_015,65537,intersection,3,9/10,19175194344601/3484497955761,0.9302267759507039,1,0.003166737943870058,0.07859674827458075,0.15908591302463104,2.0240775415906307,0.040290953676695856
source_01_015,65537,intersection,4,97/100,2061413067367369/31360481601849,0.7574038978702018,1,0.004089924844231545,0.3593501032297188,0.16998049700660006,0.4730219790640718,0.011381448919793443
source_01_015,65537,intersection,5,199/200,939584522885449/387166439529,-0.5369819127027609,0,,,,,
source_01_015,65537,lag,0,0,900925587241/9881354025,0.7138606327822143,1,0.010956777730035627,1.1464844897861328,0.14961745918101604,0.1305010756917662,0.009556847761699351
source_01_015,65537,lag,1,1/2,900925587241/88932186225,0.905249134599514,1,0.003917652719532253,0.13154322188413822,0.12495680208801845,0.9499296147549053,0.029782246955931162
source_01_015,65537,lag,2,4/5,474896022129/387482595361,0.9671148110628408,1,0.002958854940677443,0.021462442738353717,0.146065498906227,6.805632550166608,0.13786198415289996
source_01_015,65537,lag,3,9/10,19048607109841/3487343358249,0.9304864736111839,1,0.0031658541111022538,0.0782885591605189,0.15908591302463104,2.032045483152262,0.04043827278275931
source_01_015,65537,lag,4,97/100,2047804413644929/31386090224241,0.7583121974007221,1,0.004085025969033952,0.3575056742972435,0.16998049700660006,0.4754623750818342,0.01142646470455042
source_01_015,65537,lag,5,199/200,933381748382209/387482595361,-0.5309964829728242,0,,,,,
source_01_016,16385,bridge,0,0,1089808635721/21501769,-18.647503593777415,0,,,,,
source_01_016,16385,bridge,1,1/2,1089808635721/193515921,-4.151242533269777,0,,,,,
source_01_016,16385,bridge,2,4/5,1089808635721/1741643289,-0.561755807609626,0,,,,,
source_01_016,16385,bridge,3,9/10,361,-0.17205263034669394,0,,,,,
source_01_016,16385,bridge,4,97/100,38809/9,-3.431118551553187,0,,,,,
source_01_016,16385,bridge,5,199/200,159201,-42.431255305807646,0,,,,,
source_01_016,16385,intersection,0,0,3673535722609/32582055025,0.35603837053634313,1,0.020037759280298977,5.7680770202052924,0.13583242364388748,0.02354899616771293,0.003473906331366187
source_01_016,16385,intersection,1,1/2,3673535722609/293238495225,0.7884557893035103,1,0.0040379608728206805,0.34585524488003067,0.11360635657904228,0.3284794961500431,0.01167529170830229
source_01_016,16385,intersection,2,4/5,15064371169/10582442641,0.9290371814653895,1,0.0027186105109984113,0.04805409289979982,0.13290938785387968,2.7658286700160217,0.0565739637759292
source_01_016,16385,intersection,3,9/10,5438237992009/857177853921,0.8497751725332139,1,0.0030498705937431025,0.18334529986389236,0.1447835101977829,0.7896766936772524,0.01663457201252061
source_01_016,16385,intersection,4,97/100,584633180697721/7714600685289,0.47411766872921307,1,0.00574290196230126,1.314496558688442,0.15471372996773833,0.11769808672767176,0.004368898438221341
source_01_016,16385,intersection,5,199/200,266473661608441/95241983769,-2.4854387373240066,0,,,,,
source_01_016,16385,lag,0,0,57283156921/520068025,0.3636721173215876,1,0.01961715188917962,5.5705873864165,0.13583242364388748,0.02438386012489556,0.003521558953911165
source_01_016,16385,lag,1,1/2,57283156921/4680612225,0.7909286144388002,1,0.004025336255428739,0.3405662789152685,0.11360635657904228,0.3335807553844961,0.011819538529327578
source_01_016,16385,lag,2,4/5,18835092081/13414967329,0.9295258330049537,1,0.0027171813380109534,0.04740847400606829,0.13290938785387968,2.8034943254420566,0.057314254360162575
source_01_016,16385,lag,3,9/10,83944052361/13414967329,0.8508124441820142,1,0.003046152330897945,0.18182710810808467,0.1447835101977829,0.7962702135245879,0.01675301533744463
source_01_016,16385,lag,4,97/100,1002703825201/13414967329,0.47779413837849366,1,0.005698712209712732,1.2941714131701174,0.15471372996773833,0.11954655186577003,0.004403367399186744
source_01_016,16385,lag,5,199/200,37019327091201/13414967329,-2.45912821727584,0,,,,,
source_01_016,65537,bridge,0,0,4356157553881/100220121,-6.53325778995868,0,,,,,
source_01_016,65537,bridge,1,1/2,4356157553881/901981089,-1.2113791371070628,0,,,,,
source_01_016,65537,bridge,2,4/5,4356157553881/8117829801,0.29617437572866395,1,0.008515886400572732,2.7147369510573904,0.14279668055850636,0.05260055877711725,0.003136910335734662
source_01_016,65537,bridge,3,9/10,361,0.42517496462934773,1,0.0061028862807950045,1.5439540306805384,0.15553708019672668,0.10073945020770446,0.003952764240075851
source_01_016,65537,bridge,4,97/100,38809/9,-1.0817610400539779,0,,,,,
source_01_016,65537,bridge,5,199/200,159201,-15.775863259915466,0,,,,,
source_01_016,65537,intersection,0,0,225768472801/2414444769,0.7102460685128245,1,0.00978318423673581,1.1678481370559646,0.1459000869449127,0.12493070144609135,0.0083771030892752
source_01_016,65537,intersection,1,1/2,225768472801/21730002921,0.9040601100298803,1,0.003469144979775122,0.13246389815721818,0.12207991555920686,0.9216089610643435,0.02618936199248552
source_01_016,65537,intersection,2,4/5,4249242154161/3489838708321,0.9672289979420904,1,0.0026076423926827464,0.02085660986103433,0.14279668055850636,6.846591153113929,0.12502714535378606
source_01_016,65537,intersection,3,9/10,18937980464841/3489838708321,0.9307281527382667,1,0.0027879187396877194,0.07707163310972087,0.15553708019672668,2.018084656066658,0.03617308505346937
source_01_016,65537,intersection,4,97/100,226212398848881/3489838708321,0.7591574408854312,1,0.003593617036172478,0.35264179588982,0.1661912163067543,0.4712748694107699,0.010190559026347728
source_01_016,65537,intersection,5,199/200,170441824183569/71221198129,-0.5254281071344297,0,,,,,
source_01_016,65537,lag,0,0,56390576089/608954329,0.7116658162558949,1,0.009763667135558714,1.159428766027123,0.1459000869449127,0.12583790502701706,0.00842110134028735
source_01_016,65537,lag,1,1/2,56390576089/5480588961,0.9045271184120534,1,0.0034673538562680984,0.13175097696693452,0.12207991555920686,0.9265959036481769,0.026317481176160826
source_01_016,65537,lag,2,4/5,469009934649/388075423849,0.9673511608035791,1,0.002607313084082791,0.020718346174500482,0.14279668055850636,6.8922818141853535,0.12584561828066151
source_01_016,65537,lag,3,9/10,18812509600921/3492678814641,0.930986710841534,1,0.0027871444654977632,0.07676756936061441,0.15553708019672668,2.0260779583380293,0.036306274755231564
source_01_016,65537,lag,4,97/100,2022422950421449/31434109331769,0.7600616783921517,1,0.003589341747204127,0.3508296661860897,0.1661912163067543,0.4737091310248601,0.010231009783819826
source_01_016,65537,lag,5,199/200,921812970445129/388075423849,-0.5194727212133239,0,,,,,
source_01_017,16385,bridge,0,0,66341025/2209,-13.008837981270998,0,,,,,
source_01_017,16385,bridge,1,1/2,7371225/2209,-2.841311735920814,0,,,,,
source_01_017,16385,bridge,2,4/5,819025/2209,-0.1884038092510657,0,,,,,
source_01_017,16385,bridge,3,9/10,361,-0.17204389286407637,0,,,,,
source_01_017,16385,bridge,4,97/100,38809/9,-3.431082891642842,0,,,,,
source_01_017,16385,bridge,5,199/200,159201,-42.430801577204704,0,,,,,
source_01_017,16385,intersection,0,0,3691612721449/30903882025,0.3367427139602412,1,0.023644563108619114,6.080567518053952,0.13608617993239708,0.02238050634720205,0.0038885454422495106
source_01_017,16385,intersection,1,1/2,3691612721449/278134938225,0.7822088538210094,1,0.004598496189753739,0.3511255078080631,0.11829923786879583,0.3369143945345666,0.01309644582206608
source_01_017,16385,intersection,2,4/5,3691612721449/2503214444025,0.9277690196996989,1,0.003114252569702008,0.049556342034203525,0.14027563794411785,2.830629384374261,0.06284266436680429
source_01_017,16385,intersection,3,9/10,1340155837801/214701562881,0.850999904454505,1,0.0034923427603286684,0.18019286970167592,0.15304253218813896,0.849326238277427,0.019381137367480348
source_01_017,16385,intersection,4,97/100,144072321078169/1932314065929,0.4784584994624504,1,0.006530620684260872,1.279303941097244,0.1635981828557473,0.12788062132868208,0.005104823392210951
source_01_017,16385,intersection,5,199/200,65667636052249/23855729209,-2.4543765602544125,0,,,,,
source_01_017,16385,lag,0,0,230233949929/1976780521,0.34526758952860115,1,0.023060763862809756,5.843219350324922,0.13608617993239708,0.023289589483720095,0.003946585346231683
source_01_017,16385,lag,1,1/2,230233949929/17791024689,0.7849681372766215,1,0.0045823317700091305,0.3452634121048029,0.11829923786879583,0.3426347354549306,0.013271987732711706
source_01_017,16385,lag,2,4/5,230233949929/160119222201,0.9286796317700318,1,0.0031111989052487123,0.048348169264543446,0.14027563794411785,2.9013640036002397,0.06434988030726403
source_01_017,16385,lag,3,9/10,1323229200489/215059425025,0.8520726002578843,1,0.0034879461614686267,0.17864351918649027,0.15304253218813896,0.8566923271835806,0.0195246162712876
source_01_017,16385,lag,4,97/100,15805848581649/215059425025,0.48225975193281967,1,0.006479145233718713,1.2588778771126699,0.1635981828557473,0.12995556267218858,0.00514676232819272
source_01_017,16385,lag,5,199/200,583544077415649/215059425025,-2.42720576411822,0,,,,,
source_01_017,65537,bridge,0,0,4327569038961/284630641,-3.1295027644137723,0,,,,,
source_01_017,65537,bridge,1,1/2,480841004329/284630641,-0.27166646508328207,0,,,,,
source_01_017,65537,bridge,2,4/5,480841004329/2561675769,0.5877594512375699,1,0.004974682687863208,0.7511232537828778,0.1443782175915928,0.1922164130380222,0.0066229911839491605
source_01_017,65537,bridge,3,9/10,361,0.42517917251263987,1,0.007073904054856189,1.5457758166766387,0.1574802089239253,0.1018777802220389,0.0045762807119500825
source_01_017,65537,bridge,4,97/100,38809/9,-1.0817451315327138,0,,,,,
source_01_017,65537,bridge,5,199/200,159201,-15.775707333999337,0,,,,,
source_01_017,65537,intersection,0,0,3555379129/34916281,0.6975027610826655,1,0.011643969718461334,1.2579011759064667,0.14129798338911148,0.11232836576950456,0.009256664944343084
source_01_017,65537,intersection,1,1/2,3555379129/314246529,0.8998696880929605,1,0.004061513486090005,0.140280589696311,0.12202819300395845,0.8698865129390562,0.028952783096240522
source_01_017,65537,intersection,2,4/5,3555379129/2828218761,0.9667012405938097,1,0.0030246333033600555,0.021889053623650314,0.1443782175915928,6.595909538802421,0.13818017696717827
source_01_017,65537,intersection,3,9/10,1116021103561/219667503969,0.9329793609039096,1,0.0032237333412859196,0.07491472249162655,0.1574802089239253,2.1021263069021896,0.04303204008592899
source_01_017,65537,intersection,4,97/100,119976905839609/1977007535721,0.7670291131808109,1,0.004123424857201213,0.337847808853426,0.1683330678396532,0.49825117531747515,0.012204977357097926
source_01_017,65537,intersection,5,199/200,54685034074489/24407500441,-0.47364136313281613,0,,,,,
source_01_017,65537,lag,0,0,3637293594561/36093540289,0.6990853055862807,1,0.011617610846187858,1.2480396791837025,0.14129798338911148,0.11321593835985196,0.00930868708740616
source_01_017,65537,lag,1,1/2,404143732729/36093540289,0.9003899510728612,1,0.004059166663908502,0.1394722762959471,0.12202819300395845,0.8749279515953842,0.029103752887027746
source_01_017,65537,lag,2,4/5,404143732729/324841862601,0.9668738558254835,1,0.003024093317947023,0.02169033393323628,0.1443782175915928,6.656339088000894,0.13942124299493516
source_01_017,65537,lag,3,9/10,1108246769289/219849392161,0.9332414514136691,1,0.0032228279915358987,0.07460805147923864,0.1574802089239253,2.1107669454113496,0.043196785435855034
source_01_017,65537,lag,4,97/100,13237903622449/219849392161,0.7679453558713679,1,0.004118505160953835,0.3360524990100763,0.1683330678396532,0.5009130071507246,0.01225554094400692
source_01_017,65537,lag,5,199/200,9974220923601/4486722289,-0.4676218558157248,0,,,,,
source_01_018,16385,bridge,0,0,4336977016681/213481321,-9.984981848997283,0,,,,,
source_01_018,16385,bridge,1,1/2,4336977016681/1921331889,-2.100738365661748,0,,,,,
source_01_018,16385,bridge,2,4/5,4336977016681/17291987001,0.02874523929838158,1,0.10283226438862056,40.73382922074974,0.1372113632550292,0.003368486731542881,0.0025244929424960124
source_01_018,16385,bridge,3,9/10,361,-0.17270777832338047,0,,,,,
source_01_018,16385,bridge,4,97/100,38809/9,-3.433792482175239,0,,,,,
source_01_018,16385,bridge,5,199/200,159201,-42.46528159546274,0,,,,,
source_01_018,16385,intersection,0,0,928800570049/7196637889,0.3095982802560852,1,0.027188786196347296,7.2177838119456705,0.1378851770664978,0.019103533807467783,0.0037669161206171013
source_01_018,16385,intersection,1,1/2,928800570049/64769741001,0.7734295235759158,1,0.004837376008952075,0.3795425270605914,0.1167528931130583,0.30761478566648076,0.012745280605089667
source_01_018,16385,intersection,2,4/5,928800570049/582927669009,0.9248724445427742,1,0.003196049428098873,0.05401281565772094,0.1372113632550292,2.540348278166745,0.05917205739379019
source_01_018,16385,intersection,3,9/10,5288109568921/860339727025,0.8520678726699972,1,0.003557047108650904,0.17964530641808388,0.14955382672135858,0.832495040940874,0.019800389888131452
source_01_018,16385,intersection,4,97/100,568493751413449/7743057543225,0.482243000507538,1,0.006601349148525025,1.2644997018798274,0.1598366357399434,0.12640306320541433,0.005220522502861285
source_01_018,16385,intersection,5,199/200,2332056319894161/860339727025,-2.4273254388398176,0,,,,,
source_01_018,16385,lag,0,0,3706622217081/29547203449,0.31955314245206196,1,0.0263417889871081,6.877109749490326,0.1378851770664978,0.020049872997405155,0.003830357511607305
source_01_018,16385,lag,1,1/2,411846913009/29547203449,0.7766480576979662,1,0.004817329271447641,0.3723515982310727,0.1167528931130583,0.31355550417324696,0.012937581829467852
source_01_018,16385,lag,2,4/5,411846913009/265924831041,0.9259342055527234,1,0.0031923845449481313,0.052529966062604516,0.1372113632550292,2.612058859727846,0.060772636729738025
source_01_018,16385,lag,3,9/10,326092392025/53865303921,0.8531932326700468,1,0.003552355371326828,0.1780162250675453,0.14955382672135858,0.8401134596838736,0.019955233687148154
source_01_018,16385,lag,4,97/100,35056287097225/484787735289,0.48623016143463815,1,0.00654721708622456,1.2433417409396763,0.1598366357399434,0.1285540656096241,0.005265822638011325
source_01_018,16385,lag,5,199/200,15978527209225/5985033769,-2.398856050235852,0,,,,,
source_01_018,65537,bridge,0,0,1078633876329/100060009,-2.416442733878233,0,,,,,
source_01_018,65537,bridge,1,1/2,119848208481/100060009,-0.06440464704986909,0,,,,,
source_01_018,65537,bridge,2,4/5,13316467609/100060009,0.6534661840474001,1,0.004543873426474924,0.5600087330836568,0.14388200970821238,0.2569281534520616,0.008113933155031956
source_01_018,65537,bridge,3,9/10,361,0.42485945503513817,1,0.007195683533034574,1.551075723181285,0.1567592930877935,0.10106488725532836,0.004639156828704722
source_01_018,65537,bridge,4,97/100,38809/9,-1.0829538973096218,0,,,,,
source_01_018,65537,bridge,5,199/200,159201,-15.787556006930036,0,,,,,
source_01_018,65537,intersection,0,0,3630049962361/36819085689,0.7022313799480842,1,0.011544376858806703,1.2090362300062973,0.14600965821996975,0.12076532910780452,0.009548412671427203
source_01_018,65537,intersection,1,1/2,3630049962361/331371771201,0.9014243354840642,1,0.004078956779905398,0.1367831900317456,0.1227744788275368,0.8975845555220816,0.029820599877504867
source_01_018,65537,intersection,2,4/5,3630049962361/2982345940809,0.9672170609578032,1,0.003069908243608302,0.02136454060801727,0.14388200970821238,6.734617530424181,0.14369175073468635
source_01_018,65537,intersection,3,9/10,1144705268281/219002472529,0.9319810926100855,1,0.0032802748990203106,0.07628198286258664,0.1567592930877935,2.054997618116163,0.043001961615619706
source_01_018,65537,intersection,4,97/100,123060572733289/1971022252761,0.7635388939347433,1,0.00421064559704922,0.34549274773721905,0.1675112197799253,0.4848472822570908,0.012187363192502746
source_01_018,65537,intersection,5,199/200,504815023311921/219002472529,-0.49658724591921816,0,,,,,
source_01_018,65537,lag,0,0,906660082969/9290839321,0.7037686113698938,1,0.011519160646310348,1.1997509632445331,0.14600965821996975,0.12169997165504261,0.009601293100993755
source_01_018,65537,lag,1,1/2,906660082969/83617553889,0.9019298082962864,1,0.0040766707907569,0.13600759702141646,0.1227744788275368,0.9027030953881502,0.029973846167688462
source_01_018,65537,lag,2,4/5,906660082969/752557985001,0.967384781043909,1,0.0030693759990608953,0.021174367612819982,0.14388200970821238,6.7951030386900095,0.14495715079597216
source_01_018,65537,lag,3,9/10,4547244910329/876738213649,0.9322448182564027,1,0.0032793469318158804,0.0759719519005188,0.1567592930877935,2.0633837773848613,0.04316523203339581
source_01_018,65537,lag,4,97/100,54316413581089/876738213649,0.7644610081569498,1,0.0042055665987114615,0.3436631796538772,0.1675112197799253,0.4874284756040359,0.012237466355712379
source_01_018,65537,lag,5,199/200,2005335005455089/876738213649,-0.4905225023904091,0,,,,,
source_01_019,16385,bridge,0,0,271560843225/10067929,-12.07980093914375,0,,,,,
source_01_019,16385,bridge,1,1/2,30173427025/10067929,-2.6170596930383065,0,,,,,
source_01_019,16385,bridge,2,4/5,30173427025/90611361,-0.12314501397466393,0,,,,,
source_01_019,16385,bridge,3,9/10,361,-0.1711846561035074,0,,,,,
source_01_019,16385,bridge,4,97/100,38809/9,-3.4275763032371107,0,,,,,
source_01_019,16385,bridge,5,199/200,159201,-42.38619106494149,0,,,,,
source_01_019,16385,intersection,0,0,920657521081/7932930489,0.34692957299100546,1,0.0188325160969178,6.058789070197536,0.14112780332667987,0.02329307089115724,0.0031082970340645644
source_01_019,16385,intersection,1,1/2,920657521081/71396374401,0.7855061948214325,1,0.0037182029041215856,0.3550974489383904,0.11971599050024058,0.3371355971667692,0.010470936682979933
source_01_019,16385,intersection,2,4/5,920657521081/642567369609,0.9288572135135623,1,0.002498781319312574,0.04857390128379716,0.1407204712724063,2.897038688538418,0.05144287885614193
source_01_019,16385,intersection,3,9/10,59566747969/9512295961,0.8508645018400486,1,0.002800057356856532,0.1835304361075876,0.15336389294113312,0.8356319321947749,0.015256637625026442
source_01_019,16385,intersection,4,97/100,2311725921928921/30905449577289,0.47797863328512835,1,0.005237138779134423,1.3074212433242307,0.16389276171244832,0.1253557432612437,0.004005701150930169
source_01_019,16385,intersection,5,199/200,536100731721/194128489,-2.4578085824532514,0,,,,,
source_01_019,16385,lag,0,0,3675061532025/32438531449,0.35491791411658846,1,0.018408641852052852,5.839586844146105,0.14112780332667987,0.024167429493432997,0.0031523877190912227
source_01_019,16385,lag,1,1/2,408340170225/32438531449,0.7880929035966875,1,0.003705998875844747,0.3494673491852385,0.11971599050024058,0.34256702601645334,0.010604707090619636
source_01_019,16385,lag,2,4/5,45371130025/32438531449,0.9297109973719875,1,0.0024964866071254606,0.04743373110068493,0.1407204712724063,2.9666751488240894,0.0526310401732115
source_01_019,16385,lag,3,9/10,21238687017025/3439530032409,0.851911869801303,1,0.00279661487592722,0.1819851806470289,0.15336389294113312,0.8427273715137911,0.01536726708177091
source_01_019,16385,lag,4,97/100,2283247103722225/30955770291681,0.4816902228839088,1,0.005196784815328333,1.2870219548624242,0.16389276171244832,0.12734263086441877,0.004037836958176709
source_01_019,16385,lag,5,199/200,1040695663834225/382170003601,-2.4312748740052914,0,,,,,
source_01_019,65537,bridge,0,0,4305629150001/490666801,-2.0487277588512436,0,,,,,
source_01_019,65537,bridge,1,1/2,478403238889/490666801,0.04417704661410334,1,0.06562685171183062,32.952509142703605,0.11983988826645979,0.003636745467469051,0.0019915585616751687
source_01_019,65537,bridge,2,4/5,478403238889/4416001209,0.6881056414155735,1,0.0033460709705231007,0.4751038033994909,0.14042818881945465,0.29557369950451784,0.00704282084584694
source_01_019,65537,bridge,3,9/10,361,0.4255929774760843,1,0.005552537100419746,1.5435812212127518,0.15299202959021452,0.09911498500222272,0.0035971784471809406
source_01_019,65537,bridge,4,97/100,38809/9,-1.0801807271095172,0,,,,,
source_01_019,65537,bridge,5,199/200,159201,-15.76037579469419,0,,,,,
source_01_019,65537,intersection,0,0,3634082630929/36414180625,0.7007740601700804,1,0.009260696981164622,1.2577681966001857,0.1425367932090843,0.11332516881438791,0.007362801036150205
source_01_019,65537,intersection,1,1/2,3634082630929/327727625625,0.9009451713869431,1,0.003217954409753115,0.13924981130952319,0.11983988826645979,0.860610776700306,0.023109219175890126
source_01_019,65537,intersection,2,4/5,3634082630929/2949548630625,0.9670580739434532,1,0.002380881121239116,0.020903129694666796,0.14042818881945465,6.718046095044004,0.11390070080494077
source_01_019,65537,intersection,3,9/10,17998729885081/3511362542769,0.9327278344172635,1,0.0025335587830832354,0.07461559766950435,0.15299202959021452,2.0504027893452483,0.033954814572485954
source_01_019,65537,intersection,4,97/100,1934938249612489/31602262884921,0.766149763151303,1,0.0032406423023303263,0.33884813411090264,0.1634827876208755,0.48246624715769787,0.009563701186767304
source_01_019,65537,intersection,5,199/200,881937764368969/390151393641,-0.47942012992073296,0,,,,,
source_01_019,65537,lag,0,0,907692547441/9186647409,0.7022816590033873,1,0.009240816900593779,1.2483048979103317,0.1425367932090843,0.11418427777355641,0.007402692175655924
source_01_019,65537,lag,1,1/2,907692547441/82679826681,0.9014408677045137,1,0.0032161848780975478,0.13847393620174533,0.11983988826645979,0.8654328139546978,0.023225922266063313
source_01_019,65537,lag,2,4/5,907692547441/744118440129,0.9672225464241029,1,0.00238047626154515,0.020715324416656595,0.14042818881945465,6.778951948565208,0.11491378139514329
source_01_019,65537,lag,3,9/10,17876736591921/3514203893641,0.9329839133992904,1,0.002532863389363408,0.07431554257820001,0.15299202959021452,2.058681458582175,0.034082552605979456
source_01_019,65537,lag,4,97/100,213535940411161/3514203893641,0.7670450286037286,1,0.0032368599492887764,0.3370894502777014,0.1634827876208755,0.48498339976583354,0.009602376896168607
source_01_019,65537,lag,5,199/200,160890629327289/71718446809,-0.47353678755578454,0,,,,,
source_01_020,16385,bridge,0,0,4323218185225/321018889,-7.556798633745829,0,,,,,
source_01_020,16385,bridge,1,1/2,4323218185225/2889170001,-1.4808055023791757,0,,,,,
source_01_020,16385,bridge,2,4/5,4323218185225/26002530009,0.21433824463687848,1,0.012202021723621543,4.345071776536331,0.14696435513201567,0.033823228404564615,0.002808243994843365
source_01_020,16385,bridge,3,9/10,361,-0.17209241114589321,0,,,,,
source_01_020,16385,bridge,4,97/100,38809/9,-3.431280907669665,0,,,,,
source_01_020,16385,bridge,5,199/200,159201,-42.43332110505117,0,,,,,
source_01_020,16385,intersection,0,0,915873882169/8383782969,0.3663176664940261,1,0.0192650361486758,5.35277814536789,0.14573207357288112,0.027225502274737964,0.003599072411649846
source_01_020,16385,intersection,1,1/2,915873882169/75454046721,0.7917857832848165,1,0.004069909697715544,0.33712737112481905,0.12463604294868326,0.3697001597136343,0.012072320571706676
source_01_020,16385,intersection,2,4/5,15698335849/10524092569,0.9273521779103211,1,0.002820244540920264,0.051270226076816604,0.14696435513201567,2.866465907753625,0.05500745279911148
source_01_020,16385,intersection,3,9/10,5667099241489/852451498089,0.8461980790489471,1,0.0031851339167189734,0.19288345778727692,0.16023811428610168,0.8307509421716277,0.01651325600058313
source_01_020,16385,intersection,4,97/100,609236715963841/7672063482801,0.4614343559179139,1,0.006144224935020447,1.4201071471276958,0.17126446475078866,0.12059967805752377,0.004326592502155726
source_01_020,16385,intersection,5,199/200,277687862832961/94716833121,-2.576408978499893,0,,,,,
source_01_020,16385,lag,0,0,3655770768049/34278671025,0.37404917574440555,1,0.018866832343264504,5.169255186758525,0.14573207357288112,0.028192083444861824,0.0036498163974557607
source_01_020,16385,lag,1,1/2,3655770768049/308508039225,0.7942913772625899,1,0.0040570711582065015,0.33184674969074757,0.12463604294868326,0.3755831360856578,0.012225737217517848
source_01_020,16385,lag,2,4/5,34887889089/23718772081,0.9278607475616008,1,0.0028186987369982113,0.050568222450318785,0.14696435513201567,2.9062590696440274,0.05574051450527983
source_01_020,16385,lag,3,9/10,1399391995681/213468948729,0.8472777701335416,1,0.0031810750816894896,0.19125160952700007,0.16023811428610168,0.8378392980974101,0.016632932342670815
source_01_020,16385,lag,4,97/100,150440454183889/1921220538561,0.4652634021261046,1,0.0060936589092333284,1.3971834967609469,0.17126446475078866,0.12257836221786651,0.004361387694143321
source_01_020,16385,lag,5,199/200,68570207788369/23718772081,-2.548912319406153,0,,,,,
source_01_020,65537,bridge,0,0,4322677601025/325694209,-2.8294434288253636,0,,,,,
source_01_020,65537,bridge,1,1/2,480297511225/325694209,-0.1849604848999517,0,,,,,
source_01_020,65537,bridge,2,4/5,480297511225/2931247881,0.6151821337046646,1,0.004172562711617187,0.6649412408672712,0.14448984477237972,0.21729716235366023,0.006275084857385273
source_01_020,65537,bridge,3,9/10,361,0.42515580661216495,1,0.006214605640406327,1.5457594834128412,0.15750354402638503,0.1018939529186243,0.0040204221336460864
source_01_020,65537,bridge,4,97/100,38809/9,-1.0818334698729999,0,,,,,
source_01_020,65537,bridge,5,199/200,159201,-15.776573178891388,0,,,,,
source_01_020,65537,intersection,0,0,3621306238729/37705484041,0.7062961953190601,1,0.009934905218994969,1.1830150924933043,0.14410468141316024,0.12181136346236078,0.008397953062506004
source_01_020,65537,intersection,1,1/2,3621306238729/339349356369,0.9027610047848043,1,0.003525753669273018,0.13419868688483821,0.12273615212250095,0.9145853433560511,0.026272639107852238
source_01_020,65537,intersection,2,4/5,3228398761/2697867481,0.9675114877506449,1,0.0026530806759895976,0.02059268584080892,0.14448984477237972,7.016561408713449,0.1288360681311389
source_01_020,65537,intersection,3,9/10,1165451952721/218527265961,0.9313260396387737,1,0.0028370039721516455,0.07649464908300084,0.15750354402638503,2.0590138776306453,0.0370876133972893
source_01_020,65537,intersection,4,97/100,125290927515649/1966745393649,0.7612483298524904,1,0.003649750437812958,0.34892964377758473,0.1683274678444757,0.4824109124754424,0.010459846283909852
source_01_020,65537,intersection,5,199/200,57107145683329/24280807329,-0.5116598997641594,0,,,,,
source_01_020,65537,lag,0,0,904482787849/9512686089,0.7077828552497202,1,0.009914037483368941,1.174153238202358,0.14410468141316024,0.12273072774877847,0.008443563549292292
source_01_020,65537,lag,1,1/2,904482787849/85614174801,0.9032499371977555,1,0.003523845166235268,0.1334513999654774,0.12273615212250095,0.9197067408378753,0.026405456721674356
source_01_020,65537,lag,2,4/5,4155592329729/3499327681201,0.9676355065562815,1,0.0026527406389669126,0.02045351846702004,0.14448984477237972,7.064302653128367,0.12969605416516886
source_01_020,65537,lag,3,9/10,18520602852249/3499327681201,0.9315885200794806,1,0.0028362046299132567,0.07618613873525899,0.15750354402638503,2.067351707817846,0.03722730508457517
source_01_020,65537,lag,4,97/100,221226862447809/3499327681201,0.7621661917825597,1,0.00364535511430315,0.34709956435484884,0.1683274678444757,0.4849544197998191,0.010502332727149176
source_01_020,65537,lag,5,199/200,8167585857841809/3499327681201,-0.5056187667210229,0,,,,,
source_01_021,16385,bridge,0,0,4309846584289/446688225,-6.025149374774322,0,,,,,
source_01_021,16385,bridge,1,1/2,4309846584289/4020194025,-1.0756051850327975,0,,,,,
source_01_021,16385,bridge,2,4/5,4309846584289/36181746225,0.3376995242363241,1,0.00884539901540842,2.2686560898806047,0.14959602386119478,0.06594037083384804,0.0038989598533085445
source_01_021,16385,bridge,3,9/10,361,-0.17204989102571455,0,,,,,
source_01_021,16385,bridge,4,97/100,38809/9,-3.431107371676904,0,,,,,
source_01_021,16385,bridge,5,199/200,159201,-42.43111305545643,0,,,,,
source_01_021,16385,intersection,0,0,3690851903281/30973536049,0.33757202653321644,1,0.02536582026271141,6.507226724551198,0.15119491288330486,0.02323492315287858,0.003898099964307127
source_01_021,16385,intersection,1,1/2,3690851903281/278761824441,0.7824772372626767,1,0.0048481987854202555,0.3693418606882203,0.1275342915920664,0.34530148127380667,0.013126588944958124
source_01_021,16385,intersection,2,4/5,3690851903281/2508856419969,0.9278575859488483,1,0.0032193378428104456,0.051062143400822727,0.14959602386119478,2.929685553677413,0.06304744823458733
source_01_021,16385,intersection,3,9/10,14552803225/2385247921,0.852697673350067,1,0.0035894862560575864,0.18286769054409904,0.16299295212488282,0.8913162934355353,0.019628870717279454
source_01_021,16385,intersection,4,97/100,564779740359025/7749670495329,0.4844744807436797,1,0.006634408652258303,1.2815759148385166,0.17416859961788977,0.13590189828109844,0.005176758220440078
source_01_021,16385,intersection,5,199/200,130975229025/48678529,-2.4113882420600685,0,,,,,
source_01_021,16385,lag,0,0,920837917609/7916194729,0.3456834138847417,1,0.02477061671699364,6.265510471033544,0.15119491288330486,0.024131300008563245,0.003953487402425095
source_01_021,16385,lag,1,1/2,920837917609/71245752561,0.7851027544527822,1,0.004831985583797951,0.3634685461903139,0.1275342915920664,0.350881232857186,0.01329409555364359
source_01_021,16385,lag,2,4/5,920837917609/641211773049,0.9287240607240239,1,0.003216334286478128,0.04987605765789348,0.14959602386119478,2.9993554199350285,0.06448653798059568
source_01_021,16385,lag,3,9/10,5188787407881/862459543969,0.8537314268692628,1,0.003585139872719079,0.1813387544547452,0.16299295212488282,0.8988313205027515,0.019770400891408926
source_01_021,16385,lag,4,97/100,61979578489521/862459543969,0.48813672861768015,1,0.0065846339732441115,1.2618695716706578,0.17416859961788977,0.13802424872429442,0.005218157344523615
source_01_021,16385,lag,5,199/200,2288255246875521/862459543969,-2.3852536555847186,0,,,,,
source_01_021,65537,bridge,0,0,270232585921/19793601,-2.8897156637577948,0,,,,,
source_01_021,65537,bridge,1,1/2,270232585921/178142409,-0.20243520729840567,0,,,,,
source_01_021,65537,bridge,2,4/5,270232585921/1603281681,0.6096478954139603,1,0.004824702105113872,0.6856164895772475,0.14718519231349772,0.21467568903462692,0.007037027519698064
source_01_021,65537,bridge,3,9/10,361,0.4251762838585216,1,0.007107966011888889,1.5516448981987063,0.1605303323960411,0.10345816403121592,0.0045809231352743635
source_01_021,65537,bridge,4,97/100,38809/9,-1.08175605251317,0,,,,,
source_01_021,65537,bridge,5,199/200,159201,-15.775814374950153,0,,,,,
source_01_021,65537,intersection,0,0,3631673433025/36655782849,0.7016575442355087,1,0.011682648483597723,1.242312359094741,0.14430693086639462,0.11615994142692862,0.009403954165046493
source_01_021,65537,intersection,1,1/2,3631673433025/329902045641,0.9012356556093709,1,0.004086310986124396,0.13907696665602623,0.12446358193474155,0.8949259171187749,0.029381651644955077
source_01_021,65537,intersection,2,4/5,3631673433025/2969118410769,0.9671544564102571,1,0.0030412613671856738,0.021478261659757678,0.14718519231349772,6.852751616732016,0.14159718395105844
source_01_021,65537,intersection,3,9/10,18203081981049/3506627014801,0.9322520522420417,1,0.0032417612462846608,0.07605655532658048,0.1605303323960411,2.1106705622774697,0.04262303535000776
source_01_021,65537,intersection,4,97/100,217434105448609/3506627014801,0.7644863011407788,1,0.00415471657961655,0.3439644949089943,0.17158888326581814,0.4988563814158113,0.012078911169932816
source_01_021,65537,intersection,5,199/200,8027559153642609/3506627014801,-0.4903561752952227,0,,,,,
source_01_021,65537,lag,0,0,3628289707249/36996599025,0.7031888193570232,1,0.01165720816304102,1.2328174791548694,0.14430693086639462,0.11705457888650396,0.009455745363889843
source_01_021,65537,lag,1,1/2,3628289707249/332969391225,0.9017391568546685,1,0.004084029325563748,0.1382924225599639,0.12446358193474155,0.9000029042138868,0.02953183731952417
source_01_021,65537,lag,2,4/5,3628289707249/2996724521025,0.9673215208481111,1,0.0030407361161603162,0.021287721074026506,0.14718519231349772,6.914088727566088,0.14283990783167333
source_01_021,65537,lag,3,9/10,18078134881921/3509518903641,0.9325134055715754,1,0.0032408526855173753,0.07574899430676534,0.1605303323960411,2.119240444908504,0.042784101824410975
source_01_021,65537,lag,4,97/100,1943474616710449/31585670132769,0.7654000789700723,1,0.004149756444385626,0.342154511655064,0.17158888326581814,0.5014953110973499,0.012128311341891983
source_01_021,65537,lag,5,199/200,885828609214129/389946544849,-0.48434804527288045,0,,,,,
source_01_022,16385,bridge,0,0,4346678747161/150872089,-12.631031223063424,0,,,,,
source_01_022,16385,bridge,1,1/2,4346678747161/1357848801,-2.7504443399654948,0,,,,,
source_01_022,16385,bridge,2,4/5,4346678747161/12220639209,-0.1620111428341672,0,,,,,
source_01_022,16385,bridge,3,9/10,361,-0.17099409289916098,0,,,,,
source_01_022,16385,bridge,4,97/100,38809/9,-3.4267986528290773,0,,,,,
source_01_022,16385,bridge,5,199/200,159201,-42.37629961398381,0,,,,,
source_01_022,16385,intersection,0,0,233711332969/1668804201,0.2811528899825096,1,0.022751878487190236,8.251114153503478,0.15538806688403609,0.018832373906505374,0.00275743106493438
source_01_022,16385,intersection,1,1/2,233711332969/15019237809,0.7642402021100908,1,0.003752527676020784,0.39944822827177384,0.12772950660892052,0.3197648595452445,0.00939427793247756
source_01_022,16385,intersection,2,4/5,233711332969/135173140281,0.9218418346421696,1,0.002479492917366012,0.05815170873465564,0.14840822443662768,2.552087078194204,0.042638350124496904
source_01_022,16385,intersection,3,9/10,1255405961601/216519910489,0.8565464902189648,1,0.0027406878784632612,0.17422892500209783,0.1615134393779928,0.9270185153013376,0.015730383909734056
source_01_022,16385,intersection,4,97/100,14995706360041/216519910489,0.498106424321232,1,0.004952609102925689,1.1942845951924306,0.17253525176409024,0.14446745144216674,0.0041469253834993105
source_01_022,16385,intersection,5,199/200,553634029066041/216519910489,-2.314240954880009,0,,,,,
source_01_022,16385,lag,0,0,3730703839009/27439591201,0.29196977271742625,1,0.02190896793756565,7.807401869169716,0.15538806688403609,0.01990266025598615,0.002806179098334998
source_01_022,16385,lag,1,1/2,3730703839009/246956320809,0.7677333146637941,1,0.0037354540369291056,0.39143276558513546,0.12772950660892052,0.3263127613192609,0.009543028497742495
source_01_022,16385,lag,2,4/5,3730703839009/2222606887281,0.9229937038240038,1,0.002476398582630837,0.056456653465034534,0.14840822443662768,2.6287109725435953,0.043863715446126335
source_01_022,16385,lag,3,9/10,1238263749529/216896049841,0.8576583521317432,1,0.0027371348710689965,0.17262324741222726,0.1615134393779928,0.9356412986038664,0.015856119683188858
source_01_022,16385,lag,4,97/100,133118498214601/1952064448569,0.5020428740250148,1,0.004913776370414496,1.1745557371993636,0.17253525176409024,0.1468940521932889,0.0041835191083660385
source_01_022,16385,lag,5,199/200,546074313542289/216896049841,-2.2862559003613887,0,,,,,
source_01_022,65537,bridge,0,0,1088364303009/28398241,-5.989386337558846,0,,,,,
source_01_022,65537,bridge,1,1/2,120929367001/28398241,-1.0659954130684814,0,,,,,
source_01_022,65537,bridge,2,4/5,120929367001/255584169,0.3406459770643359,1,0.0067101022699202805,2.202940093454379,0.1440407994216378,0.065385708785104,0.003045975825606009
source_01_022,65537,bridge,3,9/10,361,0.42568475334988465,1,0.005513268156862684,1.546741534955254,0.15694837420344487,0.10147033014664941,0.0035644404913599084
source_01_022,65537,bridge,4,97/100,38809/9,-1.079833777501814,0,,,,,
source_01_022,65537,bridge,5,199/200,159201,-15.756976095427781,0,,,,,
source_01_022,65537,intersection,0,0,3640017541689/35822754361,0.698087446851343,1,0.009235123733566827,1.278169641600448,0.14563289764295356,0.11393862982115638,0.0072252723214448695
source_01_022,65537,intersection,1,1/2,404446393521/35822754361,0.9000618997896003,1,0.0031988835547786063,0.14094727596568019,0.12279352448884531,0.8712018281129803,0.022695603961565846
source_01_022,65537,intersection,2,4/5,44938488169/35822754361,0.9667650129860689,1,0.002364348433419725,0.02126232040866736,0.1440407994216378,6.774462836282022,0.11119898430539704
source_01_022,65537,intersection,3,9/10,17785593986209/3516333785721,0.9331861625366935,1,0.002514947488212014,0.0742386406206757,0.15694837420344487,2.1141062510206345,0.03387652935433186
source_01_022,65537,intersection,4,97/100,1912025254877521/31647004071489,0.76775207476013,1,0.00321210157615377,0.3365475682818511,0.16771665861746218,0.4983445860972711,0.009544272129352325
source_01_022,65537,intersection,5,199/200,871494105324241/390703753969,-0.46889152422489677,0,,,,,
source_01_022,65537,lag,0,0,3636675698049/36155121025,0.6996322026881483,1,0.00921473300364297,1.2683633767551545,0.14563289764295356,0.11481953855804732,0.007265057610869339
source_01_022,65537,lag,1,1/2,404075077561/36155121025,0.9005697525777415,1,0.003197079627956077,0.1401485568260039,0.12279352448884531,0.8761668851238683,0.02281207670176218
source_01_022,65537,lag,2,4/5,404075077561/325396089225,0.9669335121572129,1,0.0023639364187917097,0.02106773282854275,0.1440407994216378,6.837033704285925,0.1122064931253081
source_01_022,65537,lag,3,9/10,68998155625/13746859009,0.9334435170668183,1,0.002514254106001646,0.0739367196465389,0.15694837420344487,2.122739214746754,0.03400548628639818
source_01_022,65537,lag,4,97/100,7417588425625/123721731081,0.7686517298752487,1,0.003208342027451868,0.3347841779641276,0.16771665861746218,0.5009694891717169,0.00958331438170786
source_01_022,65537,lag,5,199/200,30428186630625/13746859009,-0.4629823260427997,0,,,,,
source_01_023,16385,bridge,0,0,4343410287225/170746489,-11.631169868916118,0,,,,,
source_01_023,16385,bridge,1,1/2,482601143025/170746489,-2.507770806932934,0,,,,,
source_01_023,16385,bridge,2,4/5,53622349225/170746489,-0.09118814126959605,0,,,,,
source_01_023,16385,bridge,3,9/10,361,-0.1729397664800198,0,,,,,
source_01_023,16385,bridge,4,97/100,38809/9,-3.4347393710271046,0,,,,,
source_01_023,16385,bridge,5,199/200,159201,-42.47733274069341,0,,,,,
source_01_023,16385,intersection,0,0,3664586604721/33430831281,0.3647607395122466,1,0.02257257606303487,5.566703955081744,0.14855460569024284,0.02668627735351905,0.004054926621781058
source_01_023,16385,intersection,1,1/2,3664586604721/300877481529,0.7912813208424987,1,0.004670354798556955,0.34365686736683554,0.12312490431580028,0.3582786087157425,0.013590168688733341
source_01_023,16385,intersection,2,4/5,312882490881/213570606769,0.9279554491368288,1,0.003177761900034502,0.05067755311777654,0.14351709137642094,2.8319656839564016,0.06270551170158638
source_01_023,16385,intersection,3,9/10,3862746801/591608329,0.8474788164983099,1,0.0035744285205533788,0.1902748669977449,0.1562561550441755,0.8212127934165231,0.018785605145611492
source_01_023,16385,intersection,4,97/100,16656593400001/213570606769,0.46597632385149984,1,0.00683196594183675,1.384541883658696,0.16694114583591582,0.12057500593248109,0.004934459565631241
source_01_023,16385,intersection,5,199/200,1703471339241/591608329,-2.5437959337283695,0,,,,,
source_01_023,16385,lag,0,0,3657086347201/34151409601,0.3722980592947435,1,0.022115585434547242,5.380274846020578,0.14855460569024284,0.027610969688680223,0.004110493621139936
source_01_023,16385,lag,1,1/2,3657086347201/307362686409,0.7937238108063407,1,0.004655982929441087,0.3384244525912997,0.12312490431580028,0.36381799061219966,0.013757820671025543
source_01_023,16385,lag,2,4/5,77274548289/53479800049,0.9284520736704127,1,0.0031760621305297536,0.04999981919524306,0.14351709137642094,2.870352206995081,0.06352147231028231
source_01_023,16385,lag,3,9/10,344396443609/53479800049,0.8485330998217289,1,0.0035699873733774303,0.1886955952093132,0.1562561550441755,0.8280858642770447,0.01891929363490108
source_01_023,16385,lag,4,97/100,37024048698121/481318200441,0.4697144881414941,1,0.00677759459124188,1.3627489788079041,0.16694114583591582,0.1225032257826026,0.004973472515217539
source_01_023,16385,lag,5,199/200,151878831631569/53479800049,-2.5169846894261103,0,,,,,
source_01_023,65537,bridge,0,0,4307712703009/468679201,-2.1316225514614993,0,,,,,
source_01_023,65537,bridge,1,1/2,4307712703009/4218112809,0.01959340029789935,1,0.18675946864728446,76.45670668113155,0.1229506883122681,0.0016081086100797305,0.002442682620717354
source_01_023,65537,bridge,2,4/5,4307712703009/37963015281,0.680249753890233,1,0.00430567719255832,0.4972861643267612,0.144641670622108,0.2908620448307216,0.008658349058207676
source_01_023,65537,bridge,3,9/10,361,0.4247477344055931,1,0.007087965715832722,1.561757828362243,0.15765680234526044,0.10094830292004314,0.004538453777603668
source_01_023,65537,bridge,4,97/100,38809/9,-1.0833762957911128,0,,,,,
source_01_023,65537,bridge,5,199/200,159201,-15.791696988635795,0,,,,,
source_01_023,65537,intersection,0,0,3600593535529/39851737641,0.7150194032308895,1,0.011366760356385416,1.1608556136188037,0.144647093994593,0.12460386313132954,0.009791708997255174
source_01_023,65537,intersection,1,1/2,3600593535529/358665638769,0.9056303573522009,1,0.004040559151890421,0.1325108390003325,0.1229506883122681,0.9278538211652225,0.030492291667403013
source_01_023,65537,intersection,2,4/5,483919183449/386581767049,0.9667473517900641,1,0.0030296807590372643,0.022014955315733758,0.144641670622108,6.5701550853812,0.13761921001365818
source_01_023,65537,intersection,3,9/10,19410536136121/3479235903441,0.9297087231656554,1,0.003238215695226986,0.07940435536906566,0.15765680234526044,1.9854931333738952,0.040781335988133084
source_01_023,65537,intersection,4,97/100,2086713287830249/31313123130969,0.7555918755250709,1,0.004188078216506827,0.36355190896082396,0.16848837382671253,0.46345066460610634,0.011519890594105311
source_01_023,65537,intersection,5,199/200,951116270669929/386581767049,-0.5489277096561053,0,,,,,
source_01_023,65537,lag,0,0,3597330535569/40195839121,0.7163836832160562,1,0.011345113515434511,1.1527447461027849,0.144647093994593,0.12548059271891532,0.00984182626187647
source_01_023,65537,lag,1,1/2,399703392841/40195839121,0.9060792159094035,1,0.004038557517243732,0.13181821122695983,0.1229506883122681,0.9327291515174337,0.03063732605421484
source_01_023,65537,lag,2,4/5,480768890625/386895196081,0.9668693351862733,1,0.003029298524608094,0.02187332194347751,0.144641670622108,6.612697924708198,0.1384928422137275
source_01_023,65537,lag,3,9/10,19284174390625/3482056764729,0.9299669110833836,1,0.00323731666521039,0.07909702134677496,0.15765680234526044,1.9932078308494814,0.040928427013925545
source_01_023,65537,lag,4,97/100,2073128875140625/31338510882561,0.7564949737057654,1,0.004183078519285567,0.36170571743603314,0.16848837382671253,0.4658161751521369,0.01156486701105391
source_01_023,65537,lag,5,199/200,944924545140625/386895196081,-0.5429731665172065,0,,,,,
source_01_024,16385,bridge,0,0,4319576132881/353176849,-7.077737168457088,0,,,,,
source_01_024,16385,bridge,1,1/2,4319576132881/3178591641,-1.3553571268998326,0,,,,,
source_01_024,16385,bridge,2,4/5,4319576132881/28607324769,0.25235006095033696,1,0.010259680992903163,3.46344880506002,0.14211305598255353,0.04103223809023236,0.002962273031988809
source_01_024,16385,bridge,3,9/10,361,-0.17185508683462064,0,,,,,
source_01_024,16385,bridge,4,97/100,38809/9,-3.4303123346260627,0,,,,,
source_01_024,16385,bridge,5,199/200,159201,-42.4209975108487,0,,,,,
source_01_024,16385,intersection,0,0,3699025191225/30229733689,0.32863989116038184,1,0.02154846711398032,6.424255036511512,0.13731312892126118,0.02137417150173178,0.003354235937320685
source_01_024,16385,intersection,1,1/2,411002799025/30229733689,0.7795871012261826,1,0.0041195243070905945,0.3637252860281234,0.11971591548309071,0.3291382812297362,0.011325922242238806
source_01_024,16385,intersection,2,4/5,411002799025/272067603201,0.9269039008723633,1,0.002793203396224181,0.05158323773218175,0.14211305598255353,2.7550239618613945,0.05414943921756887
source_01_024,16385,intersection,3,9/10,5297201449225/860146808481,0.8520276517409654,1,0.0031275962244816545,0.18283160477050148,0.155071347576102,0.8481648879620927,0.0171064309609247
source_01_024,16385,intersection,4,97/100,569471166324025/7741321276329,0.48210048377729,1,0.005812288987513623,1.2913291750745526,0.16577619367446986,0.12837640229486727,0.004501012677250215
source_01_024,16385,intersection,5,199/200,259562871012025/95571867609,-2.4283436221740193,0,,,,,
source_01_024,16385,lag,0,0,3691067076225/30953827969,0.33744517690727033,1,0.020986181968627164,6.162568749028267,0.13731312892126118,0.022281800741438082,0.0034054276428050123
source_01_024,16385,lag,1,1/2,410118564025/30953827969,0.7824361853762163,1,0.0041045238870839875,0.35749879234870424,0.11971591548309071,0.33487082486790565,0.011481224482236672
source_01_024,16385,lag,2,4/5,410118564025/278584451721,0.9278440388002713,1,0.002790373183016639,0.05028838781984248,0.14211305598255353,2.8259616612024185,0.05548742570577358
source_01_024,16385,lag,3,9/10,57945636961/9546657849,0.8531032846336359,1,0.003123652803521214,0.18124340368850747,0.155071347576102,0.8555971937197456,0.017234573727657725
source_01_024,16385,lag,4,97/100,2248812224819449/31017091351401,0.4859115017369419,1,0.005766703036905494,1.270661045491894,0.16577619367446986,0.13046452809946268,0.004538348804635864
source_01_024,16385,lag,5,199/200,2839336211089/1060739761,-2.401130220781566,0,,,,,
source_01_024,65537,bridge,0,0,4346937274761/149352841,-4.9627907448229065,0,,,,,
source_01_024,65537,bridge,1,1/2,482993030529/149352841,-0.7869757271972343,0,,,,,
source_01_024,65537,bridge,2,4/5,53665892281/149352841,0.42663266735022576,1,0.006040430010976122,1.504590460983472,0.1430133498221354,0.0950513468818984,0.00401466722514498
source_01_024,65537,bridge,3,9/10,361,0.4252700998489526,1,0.006222207738547599,1.5540314379916493,0.155846269432981,0.10028514586190658,0.0040039136831033885
source_01_024,65537,bridge,4,97/100,38809/9,-1.0814013696767135,0,,,,,
source_01_024,65537,bridge,5,199/200,159201,-15.772338075002413,0,,,,,
source_01_024,65537,intersection,0,0,3607815330625/39095966529,0.7122186293493715,1,0.010149349469066486,1.187689830366259,0.14417365260595127,0.12138998661080652,0.00854545455351473
source_01_024,65537,intersection,1,1/2,3607815330625/351863698761,0.9047089674594793,1,0.0035781374483579535,0.13403147716091524,0.12181853426802876,0.9088800395878359,0.026696247211109376
source_01_024,65537,intersection,2,4/5,119155445721/96827391241,0.9670597748022577,1,0.0026648246930258733,0.021268677525726632,0.1430133498221354,6.724129868871546,0.12529338929524397
source_01_024,65537,intersection,3,9/10,4779457322809/871446521169,0.930369987348888,1,0.0028441576386113265,0.0780630300244479,0.155846269432981,1.9964158371020548,0.03643411788807825
source_01_024,65537,intersection,4,97/100,513811521442921/7843018690521,0.7579047884957291,1,0.0036686442965255103,0.3574480062959523,0.16654528753568387,0.46592870739861164,0.010263434770672698
source_01_024,65537,intersection,5,199/200,4779457322809/1976069209,-0.5336809781308057,0,,,,,
source_01_024,65537,lag,0,0,3604533870721/39438385281,0.7136146840212747,1,0.010129494150698842,1.179238300162298,0.14417365260595127,0.12225998136772588,0.00858986190433666
source_01_024,65537,lag,1,1/2,3604533870721/354945467529,0.9051682227093395,1,0.0035763220085682523,0.13331821591032877,0.12181853426802876,0.9137426077616069,0.026825456552566858
source_01_024,65537,lag,2,4/5,473482986201/387624534025,0.9671819004230465,1,0.00266448820681807,0.021128476242719945,0.1430133498221354,6.768748876124574,0.12610886730348808
source_01_024,65537,lag,3,9/10,18991928668729/3488620806225,0.9306284700275271,1,0.0028433676719290496,0.07775665809532152,0.155846269432981,2.0042819901278395,0.0365675138512689
source_01_024,65537,lag,4,97/100,2041711245719401/31397587256025,0.7588088168493907,1,0.003664273553342361,0.35561791197445836,0.16654528753568387,0.4683264872992272,0.010303962286369707
source_01_024,65537,lag,5,199/200,930604504767721/387624534025,-0.5277246268142937,0,,,,,
source_01_025,16385,bridge,0,0,1098771457729/124609,-1268.5517091978734,0,,,,,
source_01_025,16385,bridge,1,1/2,1098771457729/1121481,-179.1942936502852,0,,,,,
source_01_025,16385,bridge,2,4/5,1098771457729/10093329,-32.065919059464775,0,,,,,
source_01_025,16385,bridge,3,9/10,1098771457729/44983849,-11.297296709390897,0,,,,,
source_01_025,16385,bridge,4,97/100,38809/9,-3.428956828378918,0,,,,,
source_01_025,16385,bridge,5,199/200,159201,-42.4037524441682,0,,,,,
source_01_025,16385,intersection,0,0,3720759371329/28299650625,0.3037071097921357,1,0.02218593173995947,7.340614241800766,0.13272138183550805,0.01808041908533113,0.0030223535809337015
source_01_025,16385,intersection,1,1/2,3720759371329/254696855625,0.7715254693766452,1,0.0038579774357380085,0.37624630920593943,0.11526706306936135,0.30636064792935847,0.010253861210971597
source_01_025,16385,intersection,2,4/5,3720759371329/2292271700625,0.9242443897306521,1,0.0025910365835388784,0.05432547276726703,0.13660092685844483,2.514491267174974,0.04769469001473775
source_01_025,16385,intersection,3,9/10,20721059057521/3450570020041,0.853931396341284,1,0.00288696042561492,0.17708874754508122,0.14901329062960122,0.8414610905284489,0.016302336910932132
source_01_025,16385,intersection,4,97/100,2227599947266849/31055130180369,0.4888450829117564,1,0.0053031103951914375,1.235525907421019,0.15927901533224564,0.12891596556216087,0.0042921887459736975
source_01_025,16385,intersection,5,199/200,9137987044366761/3450570020041,-2.380201719512957,0,,,,,
source_01_025,16385,lag,0,0,14501217241/113443801,0.31366462785528687,1,0.02148162275376927,6.990635662448735,0.13272138183550805,0.018985595623076338,0.003072914079782627
source_01_025,16385,lag,1,1/2,14501217241/1020994209,0.7747440623428028,1,0.0038419498730346406,0.36914398012757893,0.11526706306936135,0.31225502588319115,0.010407727282202555
source_01_025,16385,lag,2,4/5,14501217241/9188947881,0.9253060785280869,1,0.0025880636488761523,0.052828604645480726,0.13660092685844483,2.5857379307127033,0.04898981652542191
source_01_025,16385,lag,3,9/10,20445219246321/3456516807241,0.8550373244778242,1,0.002883226353812013,0.17548959082172236,0.14901329062960122,0.849128942245822,0.01642961465868962
source_01_025,16385,lag,4,97/100,244216224601561/3456516807241,0.4927622063194573,1,0.005260954285010456,1.2152134515831818,0.15927901533224564,0.13107081321782335,0.004329242963988325
source_01_025,16385,lag,5,199/200,9016341687627561/3456516807241,-2.3522828087510366,0,,,,,
source_01_025,65537,bridge,0,0,1069244925849/211208089,-1.2666903188163319,0,,,,,
source_01_025,65537,bridge,1,1/2,118804991761/211208089,0.27931334215847947,1,0.010726681667717576,3.6929147374332736,0.11991002567953692,0.03247029357706733,0.0029046654012849092
source_01_025,65537,bridge,2,4/5,81,0.730625423029801,1,0.0032819647035932284,0.38084140902617997,0.1418034196896003,0.3723424405245082,0.00861766768478587
source_01_025,65537,bridge,3,9/10,361,0.4254300584864521,1,0.00579686786995767,1.540224424080509,0.15466102871638696,0.10041460601348227,0.0037636514389247614
source_01_025,65537,bridge,4,97/100,38809/9,-1.0807966372758167,0,,,,,
source_01_025,65537,bridge,5,199/200,159201,-15.766411430467235,0,,,,,
source_01_025,65537,intersection,0,0,3640826529025/35742549249,0.6975785565583301,1,0.00960882680327927,1.2614014144372363,0.13901914589708617,0.11021007611530895,0.007617580488893117
source_01_025,65537,intersection,1,1/2,3640826529025/321682943241,0.8998946050855924,1,0.0033293957869603152,0.13924743456130112,0.11991002567953692,0.8611291551425225,0.02390992550383117
source_01_025,65537,intersection,2,4/5,3640826529025/2895146489169,0.9667095075729177,1,0.002480462673789115,0.021306581580830566,0.1418034196896003,6.655381068598081,0.11641767424675838
source_01_025,65537,intersection,3,9/10,4474447553521/878428190025,0.9329209713063431,1,0.0026434841886993164,0.07428098418210725,0.15466102871638696,2.0821079636912185,0.03558763010218807
source_01_025,65537,intersection,4,97/100,481021703890849/7905853710225,0.7668249833576533,1,0.003381022551052014,0.33684947787076064,0.16531539881460866,0.4907693485516857,0.010037191010131874
source_01_025,65537,intersection,5,199/200,219247930122529/97603132225,-0.4749826868801689,0,,,,,
source_01_025,65537,lag,0,0,3637377510481/36085181521,0.6991767686068702,1,0.009586862482582613,1.2514017157029211,0.13901914589708617,0.11109074260697983,0.007660899263828806
source_01_025,65537,lag,1,1/2,3637377510481/324766633689,0.9004200207531777,1,0.0033274530084017066,0.13843317195097166,0.11991002567953692,0.8661943087022884,0.02403652940626238
source_01_025,65537,lag,2,4/5,3637377510481/2922899703201,0.9668838326085653,1,0.0024800154569369474,0.02110635472494097,0.1418034196896003,6.718517789433055,0.11750088962573729
source_01_025,65537,lag,3,9/10,277692111225/54947579281,0.9331850480927935,1,0.0026427361239815942,0.07397262834576643,0.15466102871638696,2.090787257057609,0.035725864864890156
source_01_025,65537,lag,4,97/100,3317006200225/54947579281,0.767748178823137,1,0.0033769569670833045,0.3350438939766926,0.16531539881460866,0.4934141519561877,0.010079147919998276
source_01_025,65537,lag,5,199/200,2499229001025/1121379169,-0.46891711752757076,0,,,,,
source_01_026,16385,bridge,0,0,4373138352025/35366809,-35.22033985460835,0,,,,,
source_01_026,16385,bridge,1,1/2,4373138352025/318301281,-7.661573496300975,0,,,,,
source_01_026,16385,bridge,2,4/5,4373138352025/2864711529,-1.5080941518890132,0,,,,,
source_01_026,16385,bridge,3,9/10,361,-0.17231549599430415,0,,,,,
source_01_026,16385,bridge,4,97/100,38809/9,-3.4321913907525627,0,,,,,
source_01_026,16385,bridge,5,199/200,159201,-42.44490649255605,0,,,,,
source_01_026,16385,intersection,0,0,3739802896449/26665257025,0.2798191494225178,1,0.02852350561808059,8.46443679590766,0.1413868840903436,0.01670363752479085,0.003369805493954539
source_01_026,16385,intersection,1,1/2,415533655161/26665257025,0.7638096051486285,1,0.00463561109246686,0.4042912902383504,0.12176367750427315,0.3011780872956408,0.011466017706525238
source_01_026,16385,intersection,2,4/5,46170406129/26665257025,0.9216998560133712,1,0.0030362011579964055,0.0588674636001693,0.14396198784908856,2.4455272750816217,0.05157689787041672
source_01_026,16385,intersection,3,9/10,1234207680601/216985477489,0.857767071724363,1,0.0033487230258566515,0.17281962941585333,0.15702346368010334,0.9085973868295949,0.01937698302661365
source_01_026,16385,intersection,4,97/100,132682453951369/1952869297401,0.5024277476684892,1,0.006006781870982334,1.1717489211095542,0.16785095337901304,0.14324822524271785,0.00512633872561571
source_01_026,16385,intersection,5,199/200,544285587145041/216985477489,-2.2835213854322816,0,,,,,
source_01_026,16385,lag,0,0,233212692241/1711228689,0.2903199734529781,1,0.02749181527426819,8.021002331352602,0.1413868840903436,0.017627084278194094,0.0034274787786568533
source_01_026,16385,lag,1,1/2,233212692241/15401058201,0.767200439797598,1,0.004615122847288545,0.3964372144871706,0.12176367750427315,0.3071449224608898,0.011641497514956176
source_01_026,16385,lag,2,4/5,233212692241/138609523809,0.9228179742266,1,0.0030325223915347675,0.057219148808359516,0.14396198784908856,2.515975697772985,0.052998383490313765
source_01_026,16385,lag,3,9/10,19481250855049/3477661792801,0.8588536289343923,1,0.0033444864725889535,0.17125737299182037,0.15702346368010334,0.9168858597848696,0.019529007213889085
source_01_026,16385,lag,4,97/100,2094315413943481/31298956135209,0.5062738456605551,1,0.005961149113353664,1.1528401434596343,0.16785095337901304,0.14559776941432487,0.00517083755902571
source_01_026,16385,lag,5,199/200,175331257695441/70972689649,-2.2562109713597027,0,,,,,
source_01_026,65537,bridge,0,0,4339459760769/196420225,-4.09595882408362,0,,,,,
source_01_026,65537,bridge,1,1/2,482162195641/196420225,-0.5462529289429011,0,,,,,
source_01_026,65537,bridge,2,4/5,482162195641/1767782025,0.501515691732178,1,0.005609526542361608,1.0964413030484432,0.14675128540557014,0.13384326639060068,0.005116121151917027
source_01_026,65537,bridge,3,9/10,361,0.42504837169134535,1,0.006806372204035527,1.5614055806960458,0.15997464209429377,0.10245553370123094,0.004359131469865358
source_01_026,65537,bridge,4,97/100,38809/9,-1.0822396476720966,0,,,,,
source_01_026,65537,bridge,5,199/200,159201,-15.780554463650663,0,,,,,
source_01_026,65537,intersection,0,0,911427267969/8815144321,0.6950901430626688,1,0.011307888356237944,1.2927696408830192,0.14638010102090152,0.11322984110372314,0.008747024990867014
source_01_026,65537,intersection,1,1/2,101269696441/8815144321,0.8990766086058262,1,0.0039147026643362275,0.1428675932760189,0.12465049352691931,0.8724896295137812,0.027400914193137258
source_01_026,65537,intersection,2,4/5,101269696441/79336298889,0.9664381170447128,1,0.002910962983108765,0.022272115851012096,0.14675128540557014,6.589014101186144,0.13069988512009667
source_01_026,65537,intersection,3,9/10,17719949183049/3517871608801,0.9332518408111823,1,0.0030999536201674212,0.07516966864050481,0.15997464209429377,2.1281807541199163,0.04123942111535431
source_01_026,65537,intersection,4,97/100,211663129530609/3517871608801,0.7679816753495637,1,0.003960139470794875,0.3389608289079888,0.17097327852999605,0.5044042377427833,0.011683177326279959
source_01_026,65537,intersection,5,199/200,7814497589724609/3517871608801,-0.46738328090476594,0,,,,,
source_01_026,65537,lag,0,0,3642238656225/35602783969,0.696720399363765,1,0.011281429024400262,1.282370841459791,0.14638010102090152,0.11414802667711099,0.008797321850797863
source_01_026,65537,lag,1,1/2,404693184025/35602783969,0.8996124995667266,1,0.003912370711663893,0.14202421557747852,0.12465049352691931,0.8776707058024108,0.027547208733073945
source_01_026,65537,lag,2,4/5,404693184025/320425055721,0.9666159109421094,1,0.0029104275569399158,0.02206370830450523,0.14675128540557014,6.651252064259964,0.13191017197891572
source_01_026,65537,lag,3,9/10,17594442652329/3520820668225,0.9335171206886402,1,0.0030990726986521553,0.07485650881949732,0.15997464209429377,2.1370839305375986,0.04140017678522783
source_01_026,65537,lag,4,97/100,210163965803089/3520820668225,0.7689090248391939,1,0.003955363309768706,0.33713205975549076,0.17097327852999605,0.5071403729861721,0.011732385560238272
source_01_026,65537,lag,5,199/200,158349983870961/71853483025,-0.4612926458969411,0,,,,,
source_01_027,16385,bridge,0,0,4340418056689/190026225,-10.807372891135234,0,,,,,
source_01_027,16385,bridge,1,1/2,4340418056689/1710236025,-2.305301413910602,0,,,,,
source_01_027,16385,bridge,2,4/5,4340418056689/15392124225,-0.03171274354785134,0,,,,,
source_01_027,16385,bridge,3,9/10,361,-0.17254580594793975,0,,,,,
source_01_027,16385,bridge,4,97/100,38809/9,-3.433131386725675,0,,,,,
source_01_027,16385,bridge,5,199/200,159201,-42.45686832819054,0,,,,,
source_01_027,16385,intersection,0,0,923373011929/7683048409,0.3343974914798332,1,0.023486532031008703,6.346792396788659,0.1301773867825378,0.02051073654912752,0.0037005357293382383
source_01_027,16385,intersection,1,1/2,923373011929/69147435681,0.7814499402348104,1,0.004475516016384722,0.3588025391616969,0.11408839890269061,0.3179698760472703,0.012473479220189685
source_01_027,16385,intersection,2,4/5,923373011929/622326921129,0.9275185848643663,1,0.003009861739228833,0.05031885975231465,0.1356639483924218,2.6960855047233325,0.059815777902049554
source_01_027,16385,intersection,3,9/10,5354202627225/858941557681,0.8510396835771428,1,0.003373708924659322,0.1820012585609546,0.1480606219252721,0.8135142750987334,0.01853673403873426
source_01_027,16385,intersection,4,97/100,63955447756225/858941557681,0.47859947444911854,1,0.00630676144077785,1.2925157964087435,0.15828672844989197,0.12246405722057077,0.004879446315705536
source_01_027,16385,intersection,5,199/200,2361203358606225/858941557681,-2.4533683870508125,0,,,,,
source_01_027,16385,lag,0,0,57587040729/491553241,0.34302830545790286,1,0.022895595697987964,6.095259027272604,0.1301773867825378,0.021357154175084696,0.0037562957694732895
source_01_027,16385,lag,1,1/2,6398560081/491553241,0.7842432419513042,1,0.004459575213962686,0.352750278422508,0.11408839890269061,0.323425397175848,0.012642301046241027
source_01_027,16385,lag,2,4/5,6398560081/4423979169,0.9284403925169536,1,0.003006873379817919,0.049077374288366823,0.1356639483924218,2.7642870133046062,0.06126801654363691
source_01_027,16385,lag,3,9/10,21145273363201/3441511027161,0.8521161214940963,1,0.0033694470780451535,0.18042941951183566,0.1480606219252721,0.8206013316778407,0.018674599115606684
source_01_027,16385,lag,4,97/100,2273204747790769/30973599244449,0.482413961621394,1,0.006256893355423121,1.2718055365014216,0.15828672844989197,0.12445827912128689,0.004919693440425692
source_01_027,16385,lag,5,199/200,1036118394796849/382390114129,-2.426104092521925,0,,,,,
source_01_027,65537,bridge,0,0,271596280201/9853321,-4.782956752231584,0,,,,,
source_01_027,65537,bridge,1,1/2,271596280201/88679889,-0.7374388690103986,0,,,,,
source_01_027,65537,bridge,2,4/5,271596280201/798119001,0.44198853052247417,1,0.0062992648755837285,1.3931211164368575,0.13898322666553678,0.09976392219293169,0.004521692192632297
source_01_027,65537,bridge,3,9/10,361,0.42493745798036575,1,0.006727936430646539,1.5393143575350772,0.15150586262097623,0.09842425095260231,0.004370735839442221
source_01_027,65537,bridge,4,97/100,38809/9,-1.0826589841363647,0,,,,,
source_01_027,65537,bridge,5,199/200,159201,-15.784664983233272,0,,,,,
source_01_027,65537,intersection,0,0,906778158001/9278890929,0.7035963335656948,1,0.011096321488513498,1.2272817471363022,0.13858477532695068,0.11292009813583531,0.00904138068899442
source_01_027,65537,intersection,1,1/2,906778158001/83510018361,0.901873158133918,1,0.0038772731451944893,0.13719673527531492,0.11804575818337334,0.8604122973224472,0.028260680820238925
source_01_027,65537,intersection,2,4/5,906778158001/751590165249,0.9673659838533822,1,0.0028781276912803588,0.020926024882942353,0.13898322666553678,6.641644910726815,0.13753819501698275
source_01_027,65537,intersection,3,9/10,1143648442225/219026808009,0.932025424891577,1,0.0030674616034482302,0.07550800411287478,0.15150586262097623,2.0064874499198044,0.04062432373212737
source_01_027,65537,intersection,4,97/100,122946959541025/1971241272081,0.7636939042066041,1,0.0039337507210695484,0.34226128312600207,0.16192089302871254,0.4730914684530708,0.011493414286129917
source_01_027,65537,intersection,5,199/200,56038773669025/24336312001,-0.4955676205296077,0,,,,,
source_01_027,65537,lag,0,0,3623803369641/37451151529,0.7050768808213885,1,0.011073021010544378,1.2181767085943198,0.13858477532695068,0.11376409871345071,0.00908983149359486
source_01_027,65537,lag,1,1/2,402644818849/37451151529,0.9023600212096357,1,0.003875181185129219,0.1364433572004764,0.11804575818337334,0.8651631021503565,0.028401391351250693
source_01_027,65537,lag,2,4/5,402644818849/337060363761,0.9675275323590459,1,0.0028776471290099482,0.02074452035883611,0.13898322666553678,6.6997560927619615,0.13871842198483114
source_01_027,65537,lag,3,9/10,1135940298025/219204685249,0.9322829877635256,1,0.0030666141523732395,0.07520741692994154,0.15150586262097623,2.0145069303750915,0.04077542186071757
source_01_027,65537,lag,4,97/100,122118302011225/1972842167241,0.7645944640765612,1,0.0039291174439478145,0.3404894082288686,0.16192089302871254,0.4755533920158636,0.01153961723621887
source_01_027,65537,lag,5,199/200,500949671429025/219204685249,-0.48964490892354406,0,,,,,
source_01_028,16385,bridge,0,0,4378560435001/21631801,-50.78245468236777,0,,,,,
source_01_028,16385,bridge,1,1/2,4378560435001/194686209,-10.682742227116476,0,,,,,
source_01_028,16385,bridge,2,4/5,4378560435001/1752175881,-2.2744611867788866,0,,,,,
source_01_028,16385,bridge,3,9/10,4378560435001/7809080161,-0.4738018917936077,0,,,,,
source_01_028,16385,bridge,4,97/100,38809/9,-3.4290483408194703,0,,,,,
source_01_028,16385,bridge,5,199/200,159201,-42.40491662604072,0,,,,,
source_01_028,16385,intersection,0,0,925449772009/7494884329,0.3256978959568898,1,0.02056358389049918,6.565784693905033,0.1400760008620558,0.02133423610312523,0.0031319308885635858
source_01_028,16385,intersection,1,1/2,925449772009/67453958961,0.778635410452618,1,0.003847906704067967,0.3634950348728342,0.12239173074039801,0.3367081225283195,0.010585857673170492
source_01_028,16385,intersection,2,4/5,925449772009/607085630649,0.926589889980538,1,0.0025880219972137636,0.051184040823248275,0.1453975436446617,2.840681222234036,0.05056306527557824
source_01_028,16385,intersection,3,9/10,5279025497769/860532667201,0.852354125607146,1,0.0028925845914578433,0.17962858865327003,0.15866887710895933,0.8833163935571058,0.016103141560841885
source_01_028,16385,intersection,4,97/100,63057464002129/860532667201,0.48325726703054517,1,0.005362931590193124,1.266411586219569,0.16962562245992338,0.13394193823374723,0.004234746150895768
source_01_028,16385,intersection,5,199/200,2328050244516129/860532667201,-2.42008035504791,0,,,,,
source_01_028,16385,lag,0,0,230861991361/1919053249,0.3346264730494942,1,0.020014901826006917,6.293546736848534,0.1400760008620558,0.02225708439438685,0.003180226136849075
source_01_028,16385,lag,1,1/2,230861991361/17271479241,0.7815240353114615,1,0.003833684289327451,0.35720144137054205,0.12239173074039801,0.34264064072864486,0.010732555486388946
source_01_028,16385,lag,2,4/5,230861991361/155443313169,0.9275430352106683,1,0.0025853625402091013,0.04988215336423314,0.1453975436446617,2.914820909654548,0.051829409234423245
source_01_028,16385,lag,3,9/10,5211317374561/861976694329,0.8534324404754271,1,0.0028889298007271414,0.17806019715337643,0.15866887710895933,0.8910968293059119,0.01622445581276478
source_01_028,16385,lag,4,97/100,560238271438609/7757790248961,0.48707758217120567,1,0.00532086829370345,1.2460927802907944,0.16962562245992338,0.13612599731164376,0.0042700418282350895
source_01_028,16385,lag,5,199/200,2298190962181401/861976694329,-2.392809251909281,0,,,,,
source_01_028,65537,bridge,0,0,4296188925625/596678329,-1.7393141887942205,0,,,,,
source_01_028,65537,bridge,1,1/2,4296188925625/5370104961,0.13650066091238797,1,0.022096412195516977,9.408628861689403,0.12322846995281062,0.013097388765602118,0.002348526285853449
source_01_028,65537,bridge,2,4/5,4296188925625/48330944649,0.7176785970275139,1,0.003350203374079454,0.4091947982827146,0.1451914826419534,0.354822405493141,0.008187306847837255
source_01_028,65537,bridge,3,9/10,361,0.42541925917389295,1,0.005804843378298762,1.5444054079318064,0.15828789016598482,0.10249115248693436,0.003758626684733207
source_01_028,65537,bridge,4,97/100,38809/9,-1.0808374642402039,0,,,,,
source_01_028,65537,bridge,5,199/200,159201,-15.766811535724889,0,,,,,
source_01_028,65537,intersection,0,0,908782796601/9077325625,0.7002042464262804,1,0.009606385683012938,1.2510058079932387,0.14437748174741122,0.11540912186411811,0.007678929723294185
source_01_028,65537,intersection,1,1/2,100975866289/9077325625,0.9007578261697752,1,0.003348485886940412,0.13901298587039937,0.12322846995281062,0.8864529394951309,0.024087576178402334
source_01_028,65537,intersection,2,4/5,100975866289/81695930625,0.966995913615223,1,0.0024864316626501356,0.021059407484373974,0.1451914826419534,6.8943764324654,0.11806750329965654
source_01_028,65537,intersection,3,9/10,18007759038025/3511152673249,0.9326888980399551,1,0.0026477126240121145,0.07474791230559358,0.15828789016598482,2.117622891176584,0.03542189396791995
source_01_028,65537,intersection,4,97/100,1935908921071225/31600374059241,0.766013636159325,1,0.003387828721704302,0.3392057999582563,0.1691735579128662,0.4987342726264858,0.009987531823221239
source_01_028,65537,intersection,5,199/200,7941421735769025/3511152673249,-0.48031484992757595,0,,,,,
source_01_028,65537,lag,0,0,3631780152729/36645062041,0.7017340202799454,1,0.00958544384861216,1.241467395987502,0.14437748174741122,0.11629583041330607,0.007721059674698585
source_01_028,65537,lag,1,1/2,403531128081/36645062041,0.9012608010114198,1,0.0033466171668575647,0.13822905933024549,0.12322846995281062,0.8914802035829767,0.02421066296097771
source_01_028,65537,lag,2,4/5,44836792009/36645062041,0.9671627996984108,1,0.0024860026233597256,0.020868666901338307,0.1451914826419534,6.957391352709849,0.11912608673629738
source_01_028,65537,lag,3,9/10,1117788135025/219626261449,0.9329474337002781,1,0.0026469788976446174,0.07444503132159735,0.15828789016598482,2.126238478995222,0.0355561526491923
source_01_028,65537,lag,4,97/100,120166869064225/1976636353041,0.7669174960410468,1,0.003383835955228768,0.3374296590604154,0.1691735579128662,0.5013594785471314,0.010028270676179375
source_01_028,65537,lag,5,199/200,10060093215225/4482168601,-0.47437478137632544,0,,,,,
source_01_029,16385,bridge,0,0,4308999610969/455352921,-5.944954389622391,0,,,,,
source_01_029,16385,bridge,1,1/2,4308999610969/4098176289,-1.0540462652061318,0,,,,,
source_01_029,16385,bridge,2,4/5,4308999610969/36883586601,0.3443110817462522,1,0.007252641591222741,2.1200077500302656,0.14006545415655186,0.06606836892674202,0.003421044848123409
source_01_029,16385,bridge,3,9/10,361,-0.17191529442871853,0,,,,,
source_01_029,16385,bridge,4,97/100,38809/9,-3.430558052606499,0,,,,,
source_01_029,16385,bridge,5,199/200,159201,-42.42412379891834,0,,,,,
source_01_029,16385,intersection,0,0,57745531809/477029281,0.33229454576321965,1,0.02080316176278717,6.208860105642597,0.14209522758632032,0.022885880043775588,0.0033505605552106585
source_01_029,16385,intersection,1,1/2,6416170201/477029281,0.7807694914348968,1,0.0039912871924531424,0.352991992050787,0.11953806889462307,0.3386424383174801,0.01130701908920045
source_01_029,16385,intersection,2,4/5,6416170201/4293263529,0.927294050053909,1,0.0026929590151544562,0.049577469615020464,0.14006545415655186,2.825183601426005,0.05431820212015362
source_01_029,16385,intersection,3,9/10,1331196750625/214890654969,0.8515828218190946,1,0.0030146919335346536,0.17806174089183083,0.15258486265668597,0.8569210987854962,0.016930599007037802
source_01_029,16385,intersection,4,97/100,143109181980625/1934015894721,0.4805242341540639,1,0.005615897265740718,1.261186085668512,0.16303734026376182,0.12927302490602827,0.004452869667336936
source_01_029,16385,intersection,5,199/200,65228640780625/23876739441,-2.4396074845410385,0,,,,,
source_01_029,16385,lag,0,0,230487368281/1953374809,0.34097056196409425,1,0.020273824076144406,5.960808057795251,0.14209522758632032,0.023838249144844573,0.003401187201394834
source_01_029,16385,lag,1,1/2,230487368281/17580373281,0.7835771751397785,1,0.003976985765143504,0.34701448139686186,0.11953806889462307,0.3444757360368306,0.011460575792499098
source_01_029,16385,lag,2,4/5,230487368281/158223359529,0.9282205755449351,1,0.0026902709739285175,0.04834480010473211,0.14006545415655186,2.8972186016514714,0.05564757674249205
source_01_029,16385,lag,3,9/10,328570850521/53812400625,0.8526571914632236,1,0.0030108933453890097,0.17652024840990485,0.15258486265668597,0.864404305065119,0.017056929006791854
source_01_029,16385,lag,4,97/100,35322731683849/484311605625,0.4843310541441009,1,0.005571756569433323,1.2410184867204226,0.16303734026376182,0.13137382078377613,0.00448966444017891
source_01_029,16385,lag,5,199/200,16099971675529/5979155625,-2.412412299470593,0,,,,,
source_01_029,65537,bridge,0,0,4323301355025/320302609,-2.8647053420424426,0,,,,,
source_01_029,65537,bridge,1,1/2,480366817225/320302609,-0.19518756728026707,0,,,,,
source_01_029,65537,bridge,2,4/5,480366817225/2882723481,0.6119427605436755,1,0.00415558685187893,0.676161616512701,0.14691793416328164,0.2172822747925413,0.006145848493014645
source_01_029,65537,bridge,3,9/10,361,0.42524110434273316,1,0.006144964644706025,1.5461597596998,0.1601694397601035,0.10359177876366524,0.003974340042260006
source_01_029,65537,bridge,4,97/100,38809/9,-1.081510990237014,0,,,,,
source_01_029,65537,bridge,5,199/200,159201,-15.773412462781417,0,,,,,
source_01_029,65537,intersection,0,0,3634471532041/36375262729,0.7004144264946469,1,0.010106456238258139,1.243607290802661,0.1460958798463808,0.1174775034907412,0.008126726429639323
source_01_029,65537,intersection,1,1/2,3634471532041/327377364561,0.9008269293000547,1,0.0035324046827907834,0.13870684251783819,0.12469508244909507,0.898982920997995,0.025466693774220284
source_01_029,65537,intersection,2,4/5,3634471532041/2946396281049,0.9670188416705929,1,0.0026297122457558486,0.021170476435995837,0.14691793416328164,6.9397556832249325,0.12421601628599105
source_01_029,65537,intersection,3,9/10,18062304500529/3509886093961,0.9325540455312198,1,0.002802080548772184,0.07507066728013019,0.1601694397601035,2.1335822041173915,0.037325904381748355
source_01_029,65537,intersection,4,97/100,215752531659289/3509886093961,0.7655421661118098,1,0.0035875285126594114,0.34042786568818434,0.1711840504646098,0.5028497009742622,0.01053829276110263
source_01_029,65537,intersection,5,199/200,7965476284733289/3509886093961,-0.4834139713489088,0,,,,,
source_01_029,65537,lag,0,0,3631101747025/36713242449,0.7019505235663551,1,0.010084340010245286,1.2340856075753694,0.1460958798463808,0.118383910281085,0.008171507672031094
source_01_029,65537,lag,1,1/2,3631101747025/330419182041,0.9013319879818532,1,0.003530425310399192,0.13792193040087958,0.12469508244909507,0.9040990224445107,0.025597273037998875
source_01_029,65537,lag,2,4/5,3631101747025/2973772638369,0.9671864197116994,1,0.0026292566127797895,0.020979123575782167,0.14691793416328164,7.003053947061947,0.1253272856362286
source_01_029,65537,lag,3,9/10,4484581288489/878192020161,0.932814107726334,1,0.0028012993478744226,0.0747658010595588,0.1601694397601035,2.142282132876658,0.0374676564441929
source_01_029,65537,lag,4,97/100,482111122506841/7903728181449,0.7664513834544844,1,0.003583272739610444,0.33863794406740666,0.1711840504646098,0.5055075884542202,0.01058142716250718
source_01_029,65537,lag,5,199/200,219744483135961/97576891129,-0.4774378110777208,0,,,,,
source_01_030,16385,bridge,0,0,1094666265169/5349969,-51.227005969119986,0,,,,,
source_01_030,16385,bridge,1,1/2,1094666265169/48149721,-10.766355312086253,0,,,,,
source_01_030,16385,bridge,2,4/5,1094666265169/433347489,-2.295157695404261,0,,,,,
source_01_030,16385,bridge,3,9/10,1094666265169/1931338809,-0.48271117043220646,0,,,,,
source_01_030,16385,bridge,4,97/100,38809/9,-3.4308010427866606,0,,,,,
source_01_030,16385,bridge,5,199/200,159201,-42.42721544333507,0,,,,,
source_01_030,16385,intersection,0,0,3754289884801/25457159809,0.2612602793657783,1,0.02674189947286673,8.874415969190219,0.1409684003645163,0.015884808741659595,0.003013370070290597
source_01_030,16385,intersection,1,1/2,3754289884801/229114438281,0.7578203896551613,1,0.004172205456587598,0.4053939481158105,0.11766140337302439,0.2902396642078426,0.010291730984093792
source_01_030,16385,intersection,2,4/5,3754289884801/2062029944529,0.9197253480183762,1,0.002776602745427813,0.06105445671670282,0.1375202170979387,2.2524189796011562,0.04547747854528384
source_01_030,16385,intersection,3,9/10,19766071269025/3471354006649,0.8577307424689142,1,0.0030655972662409128,0.1716112045506867,0.14978032365954508,0.872788720594909,0.017863619536190974
source_01_030,16385,intersection,4,97/100,2124934791910225/31242186059841,0.5022991407678921,1,0.005505311165260809,1.1662570220012318,0.16004044759369343,0.13722570974884504,0.004720495620951549
source_01_030,16385,intersection,5,199/200,8716837429640025/3471354006649,-2.2844351009734574,0,,,,,
source_01_030,16385,lag,0,0,3745266102361/26206105689,0.27304926745842545,1,0.02558730954338305,8.33444738797662,0.1409684003645163,0.01691394687641548,0.0030700667185560053
source_01_030,16385,lag,1,1/2,3745266102361/235854951201,0.7616243264132427,1,0.004151367354194883,0.3967006138484539,0.11766140337302439,0.2966000032910787,0.010464736401393048
source_01_030,16385,lag,2,4/5,3745266102361/2122694560809,0.9209793573889069,1,0.002772822111439578,0.05917217850441615,0.1375202170979387,2.3240688542111947,0.0468602336693187
source_01_030,16385,lag,3,9/10,1218049944409/217343372401,0.8588624377921028,1,0.0030615578276343026,0.16999371632029084,0.14978032365954508,0.8810932951035612,0.018009829386081068
source_01_030,16385,lag,4,97/100,130945430173321/1956090351609,0.5063050236631563,1,0.0054617531699826544,1.1466574148984598,0.16004044759369343,0.13957128390249454,0.004763195265663817
source_01_030,16385,lag,5,199/200,537160025484369/217343372401,-2.2559897010753924,0,,,,,
source_01_030,65537,bridge,0,0,4365237169225/61418569,-9.112937771390358,0,,,,,
source_01_030,65537,bridge,1,1/2,4365237169225/552767121,-1.8809742161777516,0,,,,,
source_01_030,65537,bridge,2,4/5,4365237169225/4974904089,0.09412026582434588,1,0.02722764329836812,11.476826153657216,0.14381043782477987,0.012530505899399122,0.002372401823799669
source_01_030,65537,bridge,3,9/10,361,0.425212430975806,1,0.006195285684333487,1.5425608880579529,0.15685927320597828,0.10168757319100728,0.004016234128776078
source_01_030,65537,bridge,4,97/100,38809/9,-1.0816193933561726,0,,,,,
source_01_030,65537,bridge,5,199/200,159201,-15.774474935927323,0,,,,,
source_01_030,65537,intersection,0,0,3633335389161/36489022441,0.7009190717755541,1,0.010137584652440365,1.2321876134158225,0.14084689275767703,0.11430636960164432,0.00822730608720968
source_01_030,65537,intersection,1,1/2,403703932129/36489022441,0.9009928495379118,1,0.00355211789331913,0.13781843991330048,0.12156845467826537,0.8820913569674875,0.025773894230363616
source_01_030,65537,intersection,2,4/5,403703932129/328401201969,0.9670738934325699,1,0.0026499247290368115,0.0210748917640721,0.14381043782477987,6.823780612242288,0.12573847394814766
source_01_030,65537,intersection,3,9/10,18163220519889/3507548394025,0.9323395407303819,1,0.0028254861789529678,0.07516423317333365,0.15685927320597828,2.086887161400962,0.03759083356092001
source_01_030,65537,intersection,4,97/100,216957964037049/3507548394025,0.7647921943705269,1,0.0036206140476147536,0.341131717336201,0.16766982317002768,0.49151050649676575,0.01061353683523503
source_01_030,65537,intersection,5,199/200,8009980249271049/3507548394025,-0.48834472108254284,0,,,,,
source_01_030,65537,lag,0,0,3629928026169/36831367225,0.7024676550259987,1,0.010115236443693084,1.2226687700702314,0.14084689275767703,0.11519627899679376,0.00827307991444981
source_01_030,65537,lag,1,1/2,403325336241/36831367225,0.9015020252483003,1,0.0035501116281072284,0.13703128395357517,0.12156845467826537,0.887158400409147,0.025907307628453446
source_01_030,65537,lag,2,4/5,44813926249/36831367225,0.9672428388130965,1,0.002649461874701014,0.020882866465512004,0.14381043782477987,6.886527673884349,0.1268725191092225
source_01_030,65537,lag,3,9/10,4509400896225/877614849721,0.9326024991343975,1,0.0028246894994063496,0.07485655732902613,0.15685927320597828,2.095464696786891,0.037734696868180144
source_01_030,65537,lag,4,97/100,53864370385225/877614849721,0.7657115703698604,1,0.0036162668419735763,0.33932202897370356,0.16766982317002768,0.4941318536764425,0.010657330008638569
source_01_030,65537,lag,5,199/200,1988645795235225/877614849721,-0.4823003706924694,0,,,,,
source_01_031,16385,bridge,0,0,4334653212289/230098561,-9.489471963717728,0,,,,,
source_01_031,16385,bridge,1,1/2,4334653212289/2070887049,-1.9762379987110819,0,,,,,
source_01_031,16385,bridge,2,4/5,4334653212289/18637983441,0.06572651774758316,1,0.04542944689628393,17.057944921308916,0.1501811377366741,0.008804175322964413,0.0026632426769964013
source_01_031,16385,bridge,3,9/10,361,-0.17284575123180035,0,,,,,
source_01_031,16385,bridge,4,97/100,38809/9,-3.4343556328757234,0,,,,,
source_01_031,16385,bridge,5,199/200,159201,-42.47244875502525,0,,,,,
source_01_031,16385,intersection,0,0,59038794441/367297225,0.22734724558123592,1,0.03763830121477303,11.300834047826031,0.1533014404109586,0.013565497888224415,0.0033305772879669536
source_01_031,16385,intersection,1,1/2,6559866049/367297225,0.7468881691400399,1,0.00506492516358893,0.4432875046766099,0.12836349090994786,0.28957164268276064,0.011425824346851214
source_01_031,16385,intersection,2,4/5,6559866049/3305675025,0.9161226216333053,1,0.0032593009682132497,0.06735141282918229,0.1501811377366741,2.2298142151459515,0.04839246619042038
source_01_031,16385,intersection,3,9/10,4596645952441/875599990225,0.8633233503671728,1,0.0035468305858821934,0.16409986228393364,0.16358375610013828,0.9968549261613495,0.021613854737704125
source_01_031,16385,intersection,4,97/100,494158539524329/7880399912025,0.522088146967368,1,0.006160474054209077,1.0716231449133167,0.1747892846073768,0.16310704508114693,0.005748731803200645
source_01_031,16385,intersection,5,199/200,2027120865026481/875599990225,-2.1442225119747174,0,,,,,
source_01_031,16385,lag,0,0,3769674649225/24207314569,0.23980234129069528,1,0.03568340518895326,10.513153398910044,0.1533014404109586,0.014581870405015893,0.00339416765217682
source_01_031,16385,lag,1,1/2,3769674649225/217865831121,0.7509014007813131,1,0.005037855407285312,0.4335507667628656,0.12836349090994786,0.2960748792312883,0.011619989614828225
source_01_031,16385,lag,2,4/5,3769674649225/1960792480089,0.9174449802994468,1,0.0032546031770939684,0.06525801418333502,0.1501811377366741,2.3013439746229047,0.04987285037436978
source_01_031,16385,lag,3,9/10,18126638336521/3508394971041,0.8644140775646375,1,0.003542355156009833,0.1625649114533267,0.16358375610013828,1.006267309702341,0.0217904043642706
source_01_031,16385,lag,4,97/100,1948688939617849/31575554739369,0.5259454802817335,1,0.006115292561654269,1.0542441097823345,0.1747892846073768,0.1657958370224756,0.0058006419053333565
source_01_031,16385,lag,5,199/200,888205278489529/389821663449,-2.116981704208032,0,,,,,
source_01_031,65537,bridge,0,0,270586192041/16883881,-3.2557345797251016,0,,,,,
source_01_031,65537,bridge,1,1/2,30065132449/16883881,-0.3079292660522022,0,,,,,
source_01_031,65537,bridge,2,4/5,30065132449/151954929,0.5763179032258768,1,0.0052226691897181415,0.7953730949016216,0.1461535981688392,0.18375476754958214,0.006566313624631878
source_01_031,65537,bridge,3,9/10,361,0.42479301008597925,1,0.007271600021888367,1.5564076349599612,0.15928212008888554,0.10233959054883658,0.00467204083207638
source_01_031,65537,bridge,4,97/100,38809/9,-1.0832051146206136,0,,,,,
source_01_031,65537,bridge,5,199/200,159201,-15.790018782983795,0,,,,,
source_01_031,65537,intersection,0,0,3628609721881/36964292121,0.7028483749103054,1,0.012083748001763945,1.2537197060291068,0.14682914926854143,0.1171148132732091,0.009638317036617916
source_01_031,65537,intersection,1,1/2,3628609721881/332678629089,0.9016272117351816,1,0.004205832906927806,0.13976510028841144,0.12438532015204568,0.8899597960819338,0.030092153894276066
source_01_031,65537,intersection,2,4/5,3628609721881/2994107661801,0.9672843765152546,1,0.0031117196036023025,0.02144653654360125,0.1461535981688392,6.814787920264231,0.14509194047608165
source_01_031,65537,intersection,3,9/10,18176178802609/3507248745225,0.9322638919363778,1,0.0033133588977937536,0.0762100555640174,0.15928212008888554,2.090040729009659,0.043476662932104684
source_01_031,65537,intersection,4,97/100,1954014745569121/31565238707025,0.7645276975065287,1,0.00424484320192754,0.3443029431784887,0.17021913313413306,0.49438767953223817,0.012328803125354023
source_01_031,65537,intersection,5,199/200,890632761327841/389694305025,-0.49008395494329987,0,,,,,
source_01_031,65537,lag,0,0,3540369001/36421225,0.7043183736541431,1,0.0120585277390988,1.2445014704705282,0.14682914926854143,0.1179823027553575,0.009689444347976257
source_01_031,65537,lag,1,1/2,3540369001/327791025,0.9021105897194234,1,0.00420357929516914,0.13900605402578647,0.12438532015204568,0.8948194452665452,0.030240260574473616
source_01_031,65537,lag,2,4/5,3540369001/2950119225,0.9674447667769976,1,0.003111203719348408,0.0212638809721856,0.1461535981688392,6.873326574768578,0.1463140112295608
source_01_031,65537,lag,3,9/10,18054553374225/3510065949289,0.9325185983723777,1,0.003312453892963267,0.07590991060197969,0.15928212008888554,2.0983046722851966,0.043636645949058465
source_01_031,65537,lag,4,97/100,215659945183225/3510065949289,0.7654182343136692,1,0.004239904478309012,0.34253733772095385,0.17021913313413306,0.4969359961359925,0.012377933764882084
source_01_031,65537,lag,5,199/200,7962058038033225/3510065949289,-0.4842286906011513,0,,,,,
source_02_000,16385,bridge,0,0,1083374967609/59644729,-9.246483946911214,0,,,,,
source_02_000,16385,bridge,1,1/2,120374996401/59644729,-1.9148279163319373,0,,,,,
source_02_000,16385,bridge,2,4/5,120374996401/536802561,0.08402033151585063,1,0.03122694638846243,13.075247200431628,0.32483434488572827,0.024843457252189092,0.0023882490257952135
source_02_000,16385,bridge,3,9/10,361,-0.17168015797295202,0,,,,,
source_02_000,16385,bridge,4,97/100,38809/9,-3.4295984283826555,0,,,,,
source_02_000,16385,bridge,5,199/200,159201,-42.41191478855336,0,,,,,
source_02_000,16385,intersection,0,0,3651267467241/34716260329,0.37869600962435684,1,0.018740958495969635,4.997121877694307,0.32296490376351655,0.06463018346723493,0.003750350492675354
source_02_000,16385,intersection,1,1/2,405696385249/34716260329,0.7957976999408909,1,0.004066165204164023,0.32399613875930583,0.275692482685755,0.8509128650158538,0.012550042169436918
source_02_000,16385,intersection,2,4/5,5179525084449/3401365029841,0.9266212307047251,1,0.002831468026899083,0.051533589753344336,0.32483434488572827,6.303351783574279,0.05494412557812026
source_02_000,16385,intersection,3,9/10,23084056240569/3401365029841,0.8446462076170673,1,0.0032013042852539445,0.19228964801777973,0.354132518093491,1.8416618977884174,0.016648344402595928
source_02_000,16385,intersection,4,97/100,275736884776929/3401365029841,0.45592957270761597,1,0.006238623796369077,1.4315154216841885,0.37848421120007036,0.2643940857827301,0.004358055597493522
source_02_000,16385,intersection,5,199/200,10180068802090929/3401365029841,-2.615989288848756,0,,,,,
source_02_000,16385,lag,0,0,3643696869409/35458773025,0.3860221525153535,1,0.01838528217283362,4.836545394086783,0.32296490376351655,0.06677594800585913,0.0038013252589982264
source_02_000,16385,lag,1,1/2,3643696869409/319128957225,0.7981731563647196,1,0.004054063822179978,0.3191187605982656,0.275692482685755,0.8639181293161909,0.012703934468094731
source_02_000,16385,lag,2,4/5,5117200467129/3406996098025,0.9271256310917145,1,0.0028299275737818127,0.05084036214106685,0.32483434488572827,6.389300374855902,0.0556630097545255
source_02_000,16385,lag,3,9/10,22806288501649/3406996098025,0.8457171076053404,1,0.003197250593196982,0.19068896201612248,0.354132518093491,1.8571212216444368,0.016766836210093058
source_02_000,16385,lag,4,97/100,2451770776898881/30662964882225,0.4597284079691598,1,0.006187072698698508,1.408553236865391,0.37848421120007036,0.2687042287747342,0.004392501849960094
source_02_000,16385,lag,5,199/200,10057573229227209/3406996098025,-2.588668717068051,0,,,,,
source_02_000,65537,bridge,0,0,4365287312929/61230625,-9.128914748540868,0,,,,,
source_02_000,65537,bridge,1,1/2,4365287312929/551075625,-1.8850282268398237,0,,,,,
source_02_000,65537,bridge,2,4/5,4365287312929/4959680625,0.09291022320233276,1,0.02819374659681506,11.668791547522645,0.32376879546804294,0.02774655748621896,0.0024161667883081488
source_02_000,65537,bridge,3,9/10,361,0.4253543445082391,1,0.006331255392788186,1.545032568272356,0.3529183023337909,0.22842127058099596,0.004097813549566627
source_02_000,65537,bridge,4,97/100,38809/9,-1.0810828764238922,0,,,,,
source_02_000,65537,bridge,5,199/200,159201,-15.769216633107321,0,,,,,
source_02_000,65537,intersection,0,0,902042158081/9764799489,0.712109434966586,1,0.010186860214519618,1.1655511519704116,0.32347752485296405,0.2775318134310211,0.0087399512216159
source_02_000,65537,intersection,1,1/2,902042158081/87883195401,0.9046730473765585,1,0.0036138652137908587,0.13240976156645895,0.27513773892261645,2.077926398081456,0.027293042227683435
source_02_000,65537,intersection,2,4/5,267368623929/217934917225,0.9671150449752624,1,0.002708558100538184,0.021123878269014223,0.32376879546804294,15.327147380079657,0.12822257665209424
source_02_000,65537,intersection,3,9/10,1191605842449/217934917225,0.9304869686943338,1,0.0028942124695121177,0.07756016224379475,0.3529183023337909,4.5502522445023175,0.0373157093252944
source_02_000,65537,intersection,4,97/100,14233619926009/217934917225,0.7583139289293165,1,0.003733057087901755,0.35486750301083503,0.37717235565828644,1.062854029907524,0.010519580001631694
source_02_000,65537,intersection,5,199/200,525498176520009/217934917225,-0.5309850743325684,0,,,,,
source_02_000,65537,lag,0,0,225306862225/2462442129,0.7134969501220133,1,0.010167050146752057,1.1573107354690384,0.32347752485296405,0.2795079272481336,0.00878506509544433
source_02_000,65537,lag,1,1/2,225306862225/22161979161,0.905129491086822,1,0.0036120427938356836,0.1317100598891258,0.27513773892261645,2.0889652556093954,0.027424198249369255
source_02_000,65537,lag,2,4/5,13116891841/10770911089,0.967236307710031,1,0.002708218527716183,0.02098584073619419,0.32376879546804294,15.42796400382665,0.12904979894588306
source_02_000,65537,lag,3,9/10,4735197954601/872443798209,0.9307436239554231,1,0.002893414382006717,0.07725771157791171,0.3529183023337909,4.568065700184313,0.037451463716846045
source_02_000,65537,lag,4,97/100,509053455457369/7851994183881,0.7592115484206386,1,0.003728643476423782,0.35306185244765403,0.37717235565828644,1.068289743124279,0.010560878924116
source_02_000,65537,lag,5,199/200,232024699775449/96938199801,-0.5250717026740475,0,,,,,
source_02_001,16385,bridge,0,0,1088372649001/28355625,-15.387310774505428,0,,,,,
source_02_001,16385,bridge,1,1/2,1088372649001/255200625,-3.4038010499106317,0,,,,,
source_02_001,16385,bridge,2,4/5,1088372649001/2296805625,-0.3503074749785983,0,,,,,
source_02_001,16385,bridge,3,9/10,361,-0.17205303748199058,0,,,,,
source_02_001,16385,bridge,4,97/100,38809/9,-3.4311202131777705,0,,,,,
source_02_001,16385,bridge,5,199/200,159201,-42.431276447974156,0,,,,,
source_02_001,16385,intersection,0,0,915607081/6295081,0.2664312238802796,1,0.02865314854469335,8.95390672331067,0.3367766722909592,0.037612260513524474,0.003200072262322939
source_02_001,16385,intersection,1,1/2,915607081/56655729,0.7594886599355624,1,0.0045019242408094315,0.412427170062264,0.2836384264186127,0.6877297302595072,0.010915682980172663
source_02_001,16385,intersection,2,4/5,915607081/509901561,0.9202752850128322,1,0.0029769426725379778,0.06147812716854912,0.332592749468114,5.409936261660575,0.04842279375844288
source_02_001,16385,intersection,3,9/10,4933707228025/868010852241,0.8578487837606943,1,0.00328487822870557,0.17456442531641592,0.36238373558009934,2.0759311922990134,0.018817569632251195
source_02_001,16385,intersection,4,97/100,530394027181225/7812097670169,0.5027170084804303,1,0.005893043555165613,1.1841694163576266,0.3872456071910625,0.32701875410883935,0.004976520651320281
source_02_001,16385,intersection,5,199/200,241751654173225/96445650249,-2.281466388171382,0,,,,,
source_02_001,16385,lag,0,0,58460953369/414407449,0.27782236237957336,1,0.02747832596843324,8.432608715047886,0.3367766722909592,0.03993742430974953,0.0032585795092565494
source_02_001,16385,lag,1,1/2,58460953369/3729667041,0.7631649892852809,1,0.0044802375066837,0.4038435134268605,0.2836384264186127,0.7023473622536767,0.011093993979663387
source_02_001,16385,lag,2,4/5,58460953369/33567003369,0.9214873151497702,1,0.0029730271067176643,0.059639160168864634,0.332592749468114,5.57675105629251,0.04985025104813213
source_02_001,16385,lag,3,9/10,304082764969/54345400641,0.8589659035278927,1,0.0032806061122140364,0.17294053027865622,0.36238373558009934,2.0954239876343412,0.018969562004511317
source_02_001,16385,lag,4,97/100,32690160735961/489108605769,0.5066712261094727,1,0.005847052436045864,1.164525594809703,0.3872456071910625,0.33253507601466065,0.00502097374424934
source_02_001,16385,lag,5,199/200,304082764969/123232201,-2.253390905381713,0,,,,,
source_02_001,65537,bridge,0,0,4230591849/243049,-3.4538098882475667,0,,,,,
source_02_001,65537,bridge,1,1/2,470065761/243049,-0.36458277429306113,0,,,,,
source_02_001,65537,bridge,2,4/5,52229529/243049,0.5584746887678087,1,0.004808950333076271,0.8469589681244771,0.3232197412794076,0.3816238489039816,0.005677902370790531
source_02_001,65537,bridge,3,9/10,361,0.4251747685571311,1,0.006493006149539548,1.535008819662214,0.3523133894823239,0.22951880469315616,0.0042299471288825335
source_02_001,65537,bridge,4,97/100,38809/9,-1.0817617813340414,0,,,,,
source_02_001,65537,bridge,5,199/200,159201,-15.775870525513334,0,,,,,
source_02_001,65537,intersection,0,0,14169331225/144889369,0.7036114360059411,1,0.010617049967608944,1.2136713209090395,0.3231009018633903,0.26621779414000474,0.008747879087772114
source_02_001,65537,intersection,1,1/2,14169331225/1304004321,0.9018781242564121,1,0.0037228054556911,0.13606530712765708,0.2747105210385444,2.0189607978528263,0.027360431062698056
source_02_001,65537,intersection,2,4/5,14169331225/11736038889,0.9673676316692964,1,0.002776273417304853,0.020774072846186525,0.3232197412794076,15.558804653885709,0.13364126706691948
source_02_001,65537,intersection,3,9/10,18337896304729/3503519189361,0.9319706414130832,1,0.0029621774165382543,0.07534820431883911,0.3523133894823239,4.675803393953423,0.03931317863931668
source_02_001,65537,intersection,4,97/100,1971400049003401/31531672704249,0.7635023505779935,1,0.003800639385135544,0.34205679187189275,0.37652380589084716,1.1007640100649223,0.011111135564175438
source_02_001,65537,intersection,5,199/200,898556918931721/389279909929,-0.49682762778124157,0,,,,,
source_02_001,65537,lag,0,0,906001289281/9357660225,0.7051076001862208,1,0.010594521704039553,1.2045703177219838,0.3231009018633903,0.2682291744282897,0.008795270436411982
source_02_001,65537,lag,1,1/2,906001289281/84218942025,0.9023701233059943,1,0.0037207756713502032,0.1353096013434574,0.2747105210385444,2.0302367186881627,0.027498238368951586
source_02_001,65537,lag,2,4/5,906001289281/757970478225,0.9675308844253967,1,0.0027758049730470433,0.020591174485656262,0.3232197412794076,15.697003660697515,0.1348055680350171
source_02_001,65537,lag,3,9/10,18213459604729/3506387326225,0.9322302001067752,1,0.00296135266434654,0.07504576676456368,0.3523133894823239,4.694647075665364,0.03946062239109375
source_02_001,65537,lag,4,97/100,1958022586703401/31557485936025,0.7644098970098635,1,0.00379612707213921,0.3402726788501829,0.37652380589084716,1.106535520756943,0.011156132443447183
source_02_001,65537,lag,5,199/200,163921136442561/71558925025,-0.4908586142135325,0,,,,,
source_02_002,16385,bridge,0,0,4376401240225/26697889,-43.36300526461734,0,,,,,
source_02_002,16385,bridge,1,1/2,4376401240225/240281001,-9.266923451662365,0,,,,,
source_02_002,16385,bridge,2,4/5,4376401240225/2162529009,-1.920002820567816,0,,,,,
source_02_002,16385,bridge,3,9/10,4376401240225/9637937929,-0.32054503453660055,0,,,,,
source_02_002,16385,bridge,4,97/100,38809/9,-3.430900581845511,0,,,,,
source_02_002,16385,bridge,5,199/200,159201,-42.42848192959908,0,,,,,
source_02_002,16385,intersection,0,0,919794165481/8013293289,0.35015129987602006,1,0.022052557253927876,6.035788030508184,0.31713594441072246,0.05254259142430838,0.0036536334845528296
source_02_002,16385,intersection,1,1/2,919794165481/72119639601,0.7865493183224569,1,0.004326023154119906,0.352117692761091,0.2710244059552106,0.7696983466806323,0.01228573071747087
source_02_002,16385,intersection,2,4/5,919794165481/649076756409,0.9292015007404986,1,0.002867420461538459,0.047644209292346945,0.3194758060508171,6.7054488005142385,0.060184028744056636
source_02_002,16385,intersection,3,9/10,14903282241/2377830169,0.850697990261962,1,0.003209996095725146,0.1805880443642306,0.3483126599441716,1.9287692115523154,0.017775241473078133
source_02_002,16385,intersection,4,97/100,64264608943441/858396691009,0.47738850251405474,1,0.006008726583494708,1.2852108387742682,0.3722726578599784,0.28965882221707867,0.004675284709881028
source_02_002,16385,intersection,5,199/200,6572347468281/2377830169,-2.4620298387638964,0,,,,,
source_02_002,16385,lag,0,0,14342697121/127938721,0.35794067947902886,1,0.021572657232734577,5.823595897890274,0.31713594441072246,0.054457065698121664,0.003704353394532362
source_02_002,16385,lag,1,1/2,14342697121/1151448489,0.7890719355699726,1,0.004312193108809965,0.3466620331015361,0.2710244059552106,0.7818116207604092,0.012439184845912846
source_02_002,16385,lag,2,4/5,4769790480225/3439122033169,0.929960817002288,1,0.002865079202696121,0.046653100422680165,0.3194758060508171,6.847900850240291,0.06141240725135768
source_02_002,16385,lag,3,9/10,21257955103225/3439122033169,0.8517357617873828,1,0.0032060849736444377,0.17908609967903136,0.3483126599441716,1.9449452557648976,0.017902478078368853
source_02_002,16385,lag,4,97/100,2285318503050025/30952098298521,0.4810661880959113,1,0.005962790685964885,1.265344949269156,0.3722726578599784,0.29420645972862763,0.00471238351993178
source_02_002,16385,lag,5,199/200,9374758200522225/3439122033169,-2.4357341393213865,0,,,,,
source_02_002,65537,bridge,0,0,1093883800321/7219969,-15.246732675914387,0,,,,,
source_02_002,65537,bridge,1,1/2,1093883800321/64979721,-3.370988037248832,0,,,,,
source_02_002,65537,bridge,2,4/5,1093883800321/584817489,-0.3409305100396888,0,,,,,
source_02_002,65537,bridge,3,9/10,1093883800321/2606408809,0.3792903888924091,1,0.007315014883248007,1.8999033998882857,0.3552637550788503,0.1869904307238672,0.0038502035859708074
source_02_002,65537,bridge,4,97/100,38809/9,-1.081663799715278,0,,,,,
source_02_002,65537,bridge,5,199/200,159201,-15.774910173475499,0,,,,,
source_02_002,65537,intersection,0,0,225874919169/2403450625,0.709521201645064,1,0.010640338071114768,1.1987440733156602,0.32384947426603067,0.27015731003389304,0.008876238313057247
source_02_002,65537,intersection,1,1/2,25097213241/2403450625,0.9038216855502128,1,0.0037472442809124377,0.1351630966287947,0.2765318345751951,2.0459122458155026,0.027723871192472646
source_02_002,65537,intersection,2,4/5,52010907481/43129736329,0.9673882593025941,1,0.0027921672198190656,0.02099688696619599,0.3258652722649095,15.519694552318038,0.13298005672528146
source_02_002,65537,intersection,3,9/10,18775937600641/3493508642649,0.931065229452954,1,0.002979936047500194,0.07730564651649914,0.3552637550788503,4.595573170751858,0.03854745651553661
source_02_002,65537,intersection,4,97/100,2018491308430129/31441577783841,0.7603362683346003,1,0.0038348006601350553,0.35241923358937166,0.3796965091148595,1.0774000761753841,0.010881360307942926
source_02_002,65537,intersection,5,199/200,920020942431409/388167626961,-0.5176645831342136,0,,,,,
source_02_002,65537,lag,0,0,3610756239601/38790484209,0.7109228975668835,1,0.010619358976852778,1.1902267486341211,0.32384947426603067,0.2720905698327427,0.008922131004902493
source_02_002,65537,lag,1,1/2,3610756239601/349114357881,0.9042827408280018,1,0.0037453337205590495,0.13444748691750466,0.2765318345751951,2.0568018109916153,0.027857223711865588
source_02_002,65537,lag,2,4/5,1046314181025/874077276241,0.9675085216607638,1,0.0027918201504065054,0.020860426834959613,0.3258652722649095,15.621217861122467,0.13383331858424605
source_02_002,65537,lag,3,9/10,4663202708025/874077276241,0.9313197620068268,1,0.002979121621817963,0.07700476580055016,0.3552637550788503,4.61352945347588,0.038687496687337224
source_02_002,65537,lag,4,97/100,55701518589025/874077276241,0.7612263772452347,1,0.003830316592924398,0.3506317319397291,0.3796965091148595,1.0828926036281463,0.010924044357693216
source_02_002,65537,lag,5,199/200,2056472394239025/874077276241,-0.5118044075757795,0,,,,,
source_02_003,16385,bridge,0,0,1058135841/57121,-9.38023311926174,0,,,,,
source_02_003,16385,bridge,1,1/2,117570649/57121,-1.9486598107912232,0,,,,,
source_02_003,16385,bridge,2,4/5,117570649/514089,0.07393760702840968,1,0.040219780715050835,15.087579974103809,0.3248103557685821,0.021528327029655105,0.00266575426835077
source_02_003,16385,bridge,3,9/10,361,-0.1726445168204831,0,,,,,
source_02_003,16385,bridge,4,97/100,38809/9,-3.433534276834813,0,,,,,
source_02_003,16385,bridge,5,199/200,159201,-42.46199555463782,0,,,,,
source_02_003,16385,intersection,0,0,912622927969/8697987169,0.3789514292482997,1,0.021306675631250712,5.022609387744875,0.32369161099908483,0.06444690120416086,0.004242152631506408
source_02_003,16385,intersection,1,1/2,912622927969/78281884521,0.7958805056887596,1,0.004607607276823656,0.32496500159285185,0.27583336948527676,0.8488094660448018,0.014178780035508314
source_02_003,16385,intersection,2,4/5,35781127281/23637525025,0.9267816749616543,1,0.0032086891892864388,0.051787036377934435,0.3248103557685821,6.272039847929552,0.0619593128649008
source_02_003,16385,intersection,3,9/10,1435220772049/212737725225,0.8449868537077685,1,0.0036286432777459876,0.192672772049943,0.35408467306161556,1.837751485559323,0.018833191836807133
source_02_003,16385,intersection,4,97/100,154292196516481/1914639527025,0.4571380287623383,1,0.007056475594673742,1.4286761390073746,0.37842892008832196,0.2648808290108698,0.004939170888355768
source_02_003,16385,intersection,5,199/200,70325817830401/23637525025,-2.6072952320713068,0,,,,,
source_02_003,16385,lag,0,0,227690254561/2220200161,0.3861505253638782,1,0.02090945020826757,4.864028061987059,0.32369161099908483,0.06654805582409612,0.004298793087087087
source_02_003,16385,lag,1,1/2,227690254561/19981801449,0.7982147870822186,1,0.004594132893601602,0.32016251746780267,0.27583336948527676,0.8615417309523627,0.014349377715845872
source_02_003,16385,lag,2,4/5,1272742729281/852344400625,0.9272808235254244,1,0.0032069619750922235,0.0511011030394883,0.3248103557685821,6.356229835539663,0.0627571967010976
source_02_003,16385,lag,3,9/10,5672347225561/852344400625,0.8460465906397038,1,0.003624098129361974,0.1910858400653963,0.35408467306161556,1.8530136662163732,0.018965812056621675
source_02_003,16385,lag,4,97/100,609800896057609/7671099605625,0.46089705918910023,1,0.006998923683813754,1.4060121578426001,0.37842892008832196,0.2691505318623897,0.004977854312833949
source_02_003,16385,lag,5,199/200,2501505126472401/852344400625,-2.580269631914148,0,,,,,
source_02_003,65537,bridge,0,0,4330939750281/257955721,-3.36706968224305,0,,,,,
source_02_003,65537,bridge,1,1/2,481215527809/257955721,-0.33981021485012053,0,,,,,
source_02_003,65537,bridge,2,4/5,481215527809/2321601489,0.5662721149645038,1,0.00522542989335644,0.8243640734399138,0.3241619608818476,0.39322669597812737,0.006338740444560762
source_02_003,65537,bridge,3,9/10,361,0.42488992057869157,1,0.0071680293861162096,1.5486471000750097,0.3532981016422808,0.22813338276045497,0.0046285750870995864
source_02_003,65537,bridge,4,97/100,38809/9,-1.0828387129383343,0,,,,,
source_02_003,65537,bridge,5,199/200,159201,-15.786426843199395,0,,,,,
source_02_003,65537,intersection,0,0,3608073657049/39069080281,0.7119195747425522,1,0.011368687217221172,1.152070252219772,0.3252880535210726,0.2823508834589887,0.009868050316650697
source_02_003,65537,intersection,1,1/2,3608073657049/351621722529,0.9046105922478972,1,0.004057470575683378,0.13198170421047012,0.2757894083876632,2.0896033282602877,0.030742674524136798
source_02_003,65537,intersection,2,4/5,1072771848009/871409181049,0.9670319339048732,1,0.0030598940257962268,0.021544604903280716,0.3241619608818476,15.046085195671688,0.14202599859839063
source_02_003,65537,intersection,3,9/10,4781118976929/871409181049,0.9303110608798394,1,0.0032737689194969398,0.07813120211663523,0.3532981016422808,4.521856723961229,0.041900915777666095
source_02_003,65537,intersection,4,97/100,57110017351689/871409181049,0.7576986910305884,1,0.004226698381843,0.3566467368445738,0.37756445726180626,1.058651091559961,0.011851218433227917
source_02_003,65537,intersection,5,199/200,2108473468825689/871409181049,-0.5350391244878695,0,,,,,
source_02_003,65537,lag,0,0,3604776890625/39412969729,0.7133239661129058,1,0.011346304559440698,1.1438361873644178,0.3252880535210726,0.2843834258038194,0.009919518795418077
source_02_003,65537,lag,1,1/2,400530765625/39412969729,0.9050725838777038,1,0.004055399451800561,0.1312784587252501,0.2757894083876632,2.100797122891708,0.03089158336546303
source_02_003,65537,lag,2,4/5,4262758976025/3488478856009,0.9671544661371219,1,0.0030595063569609448,0.021404901986174434,0.3241619608818476,15.144286158900703,0.1429348454357371
source_02_003,65537,lag,3,9/10,18998222103025/3488478856009,0.9305704047206106,1,0.0032728565416681667,0.07782539780747848,0.3532981016422808,4.539624744562904,0.04205383632942598
source_02_003,65537,lag,4,97/100,2042387816056225/31396309704081,0.7586057401991293,1,0.004221644606146658,0.3548179200774302,0.37756445726180626,1.0641076335135842,0.011898059165741656
source_02_003,65537,lag,5,199/200,170983998927225/71193446041,-0.529062486158013,0,,,,,
source_02_004,16385,bridge,0,0,4382679445225/13446889,-73.267672214368,0,,,,,
source_02_004,16385,bridge,1,1/2,4382679445225/121022001,-14.775192311846416,0,,,,,
source_02_004,16385,bridge,2,4/5,4382679445225/1089198009,-3.2605420565847774,0,,,,,
source_02_004,16385,bridge,3,9/10,4382679445225/4854326929,-0.8937650956914561,0,,,,,
source_02_004,16385,bridge,4,97/100,38809/9,-3.428742429446586,0,,,,,
source_02_004,16385,bridge,5,199/200,159201,-42.4010249876948,0,,,,,
source_02_004,16385,intersection,0,0,3674333091025/32507008209,0.35552303612065655,1,0.020251299025229454,5.753590586121747,0.3208089831567549,0.05575804853591411,0.00351976713012526
source_02_004,16385,intersection,1,1/2,3674333091025/292563073881,0.788288884198387,1,0.004097958479430282,0.3464296952036918,0.27337261767184257,0.7891142747191647,0.011829120124996175
source_02_004,16385,intersection,2,4/5,4905024543441/3426463847041,0.9288720171549458,1,0.0027737200314742155,0.04859358086624253,0.3218989110784555,6.624309329343443,0.057079967807046106
source_02_004,16385,intersection,3,9/10,21860664940521/3426463847041,0.8494245657253572,1,0.003115522847949155,0.18515869116818956,0.35090569433025315,1.8951618858199137,0.016826230668908534
source_02_004,16385,intersection,4,97/100,261123590543761/3426463847041,0.47287484897629717,1,0.005881147853333195,1.3309185625292927,0.37502776986109887,0.2817811550756283,0.004418863797463757
source_02_004,16385,intersection,5,199/200,9640553238769761/3426463847041,-2.4943389046311464,0,,,,,
source_02_004,16385,lag,0,0,3666807541881/33219072121,0.36328425894139516,1,0.019818649274309288,5.553267051365653,0.3208089831567549,0.05776941396647977,0.003568826978964663
source_02_004,16385,lag,1,1/2,407423060209/33219072121,0.7908029548285398,1,0.00408493050957532,0.3410475538741858,0.27337261767184257,0.8015674487807384,0.011977598030456104
source_02_004,16385,lag,2,4/5,14954110369/10592732241,0.9293663324059045,1,0.0027722447336657637,0.0479349830424983,0.3218989110784555,6.7153233535738535,0.05783343515961904
source_02_004,16385,lag,3,9/10,5398433843209/858011311521,0.8504738729396071,1,0.0031116789431514516,0.18361084794990198,0.35090569433025315,1.9111381394306146,0.01694714107524012
source_02_004,16385,lag,4,97/100,580354069310521/7722101803689,0.4765941868346267,1,0.005835251414674103,1.3100976611675919,0.37502776986109887,0.2862593995678649,0.004454058340561864
source_02_004,16385,lag,5,199/200,5398433843209/1945603881,-2.467712722275555,0,,,,,
source_02_004,65537,bridge,0,0,4351216605849/125328025,-5.600940372934122,0,,,,,
source_02_004,65537,bridge,1,1/2,483468511761/125328025,-0.961150044893166,0,,,,,
source_02_004,65537,bridge,2,4/5,53718723529/125328025,0.3728570308968937,1,0.006904365884493423,1.9013956233061535,0.32682704161614556,0.17188797408077416,0.003631209517821487
source_02_004,65537,bridge,3,9/10,361,0.42545535967735765,1,0.0062248670338738345,1.5520284651032021,0.3563018128442924,0.22957169978232334,0.00401079437255032
source_02_004,65537,bridge,4,97/100,38809/9,-1.0807009859843462,0,,,,,
source_02_004,65537,bridge,5,199/200,159201,-15.76547405510325,0,,,,,
source_02_004,65537,intersection,0,0,225071489889/2487116641,0.7151357368067384,1,0.010032027679710174,1.159721261278353,0.32512284762400734,0.280345681742203,0.008650378340612585
source_02_004,65537,intersection,1,1/2,25007943321/2487116641,0.9056686309166806,1,0.0035583834919280387,0.1317758827153096,0.27741839057054446,2.105228854128664,0.02700329846862509
source_02_004,65537,intersection,2,4/5,482342751081/386738465689,0.9668484521187999,1,0.002662611041344156,0.021464444439594072,0.32682704161614556,15.226438426389869,0.12404751722493267
source_02_004,65537,intersection,3,9/10,19347303682249/3480646191201,0.9299227105223099,1,0.0028479818944877576,0.07855862179533334,0.3563018128442924,4.535489608926134,0.036252951355327086
source_02_004,65537,intersection,4,97/100,2079915536300281/31325815720809,0.7563403703207219,1,0.0036815190440448796,0.3606602351872152,0.3808032059156801,1.0558502678234236,0.010207720965228782
source_02_004,65537,intersection,5,199/200,948017880430201/386738465689,-0.5439924183664061,0,,,,,
source_02_004,65537,lag,0,0,3597907144225/40134913569,0.7164892778389719,1,0.010013075880261136,1.1516733360433684,0.32512284762400734,0.28230474514672993,0.008694371543463498
source_02_004,65537,lag,1,1/2,3597907144225/361214222121,0.906113958495151,1,0.00355663465416997,0.13109004258298065,0.27741839057054446,2.1162430426013263,0.027131234257694304
source_02_004,65537,lag,2,4/5,4211880201/3401805625,0.9669694329739976,1,0.002662277912964027,0.021324957055760492,0.32682704161614556,15.32603515972193,0.12484329539340705
source_02_004,65537,lag,3,9/10,18771466081/3401805625,0.9301787744800919,1,0.002847197888729293,0.07825490268169262,0.3563018128442924,4.553092530107351,0.0363836359277127
source_02_004,65537,lag,4,97/100,2018010601489/30616250625,0.7572360070831885,1,0.0036771646502142584,0.3588383774221877,0.3808032059156801,1.0612109235675478,0.01024741187559191
source_02_004,65537,lag,5,199/200,8278216541721/3401805625,-0.538088450999387,0,,,,,
source_02_005,16385,bridge,0,0,272913252921/3523129,-25.153744795753582,0,,,,,
source_02_005,16385,bridge,1,1/2,30323694769/3523129,-5.578188571156553,0,,,,,
source_02_005,16385,bridge,2,4/5,30323694769/31708161,-0.9549821503009278,0,,,,,
source_02_005,16385,bridge,3,9/10,361,-0.17296955751336782,0,,,,,
source_02_005,16385,bridge,4,97/100,38809/9,-3.434860968733612,0,,,,,
source_02_005,16385,bridge,5,199/200,159201,-42.47888039455075,0,,,,,
source_02_005,16385,intersection,0,0,927008872969/7355292169,0.31778083513418276,1,0.026906906163653675,6.709143055837816,0.3202048395893339,0.04772663765318203,0.004010483297153906
source_02_005,16385,intersection,1,1/2,927008872969/66197629521,0.7760749491365857,1,0.004932240975706431,0.36416531911881544,0.26862626274601825,0.7376492176575828,0.01354396126364026
source_02_005,16385,intersection,2,4/5,927008872969/595778665689,0.9257451316483276,1,0.00330737658011689,0.052219426950241093,0.31452042575467487,6.023053949909781,0.0633361331840816
source_02_005,16385,intersection,3,9/10,3625605369/596580625,0.8528757900881333,1,0.0036915132875716882,0.1766853285989573,0.3426253649433348,1.939184015221945,0.020893151213198544
source_02_005,16385,intersection,4,97/100,15634013196169/215365605625,0.4851055338540673,1,0.006822643578145884,1.236867513386317,0.3661088706189979,0.2959968360852641,0.005516066599135371
source_02_005,16385,intersection,5,199/200,1598891967729/596580625,-2.4068830387245934,0,,,,,
source_02_005,16385,lag,0,0,924980374081/7537191489,0.32700546316636236,1,0.026147878475085085,6.418749778063518,0.3202048395893339,0.04988585794131656,0.004073671568324272
source_02_005,16385,lag,1,1/2,924980374081/67834723401,0.7790583739727835,1,0.004913352827248445,0.35772030978910513,0.26862626274601825,0.7509393663009727,0.013735179951468576
source_02_005,16385,lag,2,4/5,924980374081/610512510609,0.9267294453521125,1,0.003303863692825228,0.05088045791718893,0.31452042575467487,6.181556507737728,0.06493384352401994
source_02_005,16385,lag,3,9/10,5167515529089/862916518489,0.8539610882879262,1,0.0036868217474295664,0.17513474848339328,0.3426253649433348,1.9563528535048162,0.021051343490404818
source_02_005,16385,lag,4,97/100,61725487894249/862916518489,0.4889502590760851,1,0.006768995606069335,1.2169133787259907,0.3661088706189979,0.300850394957679,0.005562430099302486
source_02_005,16385,lag,5,199/200,2278874348328249/862916518489,-2.3794516938762222,0,,,,,
source_02_005,65537,bridge,0,0,4321122570361/339333241,-2.745740965780835,0,,,,,
source_02_005,65537,bridge,1,1/2,4321122570361/3053999169,-0.16064318019933013,0,,,,,
source_02_005,65537,bridge,2,4/5,4321122570361/27485992521,0.6228897334588471,1,0.004988004808294618,0.6416552134023641,0.3216968641682593,0.5013547111422474,0.007773652740769954
source_02_005,65537,bridge,3,9/10,361,0.42473338772353636,1,0.007522550368340062,1.5445280763886386,0.35051950451860137,0.22694278587552372,0.0048704523299628365
source_02_005,65537,bridge,4,97/100,38809/9,-1.083430538866385,0,,,,,
source_02_005,65537,bridge,5,199/200,159201,-15.792228779498243,0,,,,,
source_02_005,65537,intersection,0,0,3624031808721/37427932369,0.7048713500773834,1,0.012306636566720703,1.2160558765918255,0.32539613974224624,0.26758321390149975,0.010120124250549943
source_02_005,65537,intersection,1,1/2,402670200969/37427932369,0.9022924325600252,1,0.0043144563445050394,0.13674084778622278,0.2742756761800204,2.005806462519643,0.031552066660067456
source_02_005,65537,intersection,2,4/5,44741133441/37427932369,0.967505105208997,1,0.003211328776253769,0.021112735855148456,0.3216968641682593,15.237099842264724,0.15210386746114996
source_02_005,65537,intersection,3,9/10,1155300372801/218759192089,0.9316134690001404,1,0.003429617978468202,0.07649572160039705,0.35051950451860137,4.582210575771365,0.04483411498990815
source_02_005,65537,intersection,4,97/100,13799954499241/218759192089,0.7622534329845285,1,0.004406455528445779,0.3464004653004236,0.3745674871259005,1.0813134641751951,0.012720697487008804
source_02_005,65537,intersection,5,199/200,509487464405241/218759192089,-0.505044658141878,0,,,,,
source_02_005,65537,lag,0,0,905171474025/9442203241,0.7063567759548334,1,0.012280756449133004,1.2069898963428802,0.32539613974224624,0.26959309330441,0.010174696976621832
source_02_005,65537,lag,1,1/2,100574608225/9442203241,0.9027809278948401,1,0.004312121789430346,0.13598696247221942,0.2742756761800204,2.0169262640604373,0.031709817698967004
source_02_005,65537,lag,2,4/5,100574608225/84979829169,0.9676671984734536,1,0.0032107908487871693,0.02093128236936227,0.3216968641682593,15.369190405607277,0.15339675764380772
source_02_005,65537,lag,3,9/10,18359708141329/3503017573225,0.9318738191660605,1,0.0034286597998056277,0.07619084186026627,0.35051950451860137,4.600546416870585,0.04500094389419896
source_02_005,65537,lag,4,97/100,1973744912068801/31527158159025,0.7631638016115484,1,0.004401199122336129,0.3445966389161453,0.3745674871259005,1.0869737102022297,0.012772031486375362
source_02_005,65537,lag,5,199/200,8096631290326089/3503017573225,-0.4990547312148492,0,,,,,
source_02_006,16385,bridge,0,0,16870113225/1408969,-6.971756939745093,0,,,,,
source_02_006,16385,bridge,1,1/2,1874457025/1408969,-1.3274514507158033,0,,,,,
source_02_006,16385,bridge,2,4/5,1874457025/12680721,0.26082739004279454,1,0.009378094988822342,3.2981792472997125,0.32704530175837687,0.09915934739633561,0.0028434158017640737
source_02_006,16385,bridge,3,9/10,361,-0.17125059350451644,0,,,,,
source_02_006,16385,bridge,4,97/100,38809/9,-3.4278453846371044,0,,,,,
source_02_006,16385,bridge,5,199/200,159201,-42.38961383756039,0,,,,,
source_02_006,16385,intersection,0,0,3696994481049/30413616025,0.33124615054123846,1,0.02071668517282273,6.490996405203741,0.32488889500937,0.05005223770404666,0.003191603242333404
source_02_006,16385,intersection,1,1/2,410777164561/30413616025,0.7804302854839613,1,0.00392843991629042,0.3645384622986234,0.27749486917022514,0.7612224713421497,0.01077647579769597
source_02_006,16385,intersection,2,4/5,410777164561/273722544225,0.9271821213061592,1,0.0026381699811705516,0.050924976017991626,0.32704530175837687,6.422100260642889,0.05180503139046143
source_02_006,16385,intersection,3,9/10,21018603006025/3444205204449,0.8527776041919409,1,0.002946430268805593,0.18075286712064462,0.35655992063636727,1.9726377031595252,0.016300877080079622
source_02_006,16385,intersection,4,97/100,2259587158063225/30997846840041,0.4847576714905825,1,0.005447120446643434,1.2701496180074612,0.38108700173550425,0.3000331585607465,0.004288565984209456
source_02_006,16385,intersection,5,199/200,1029911547295225/382689467161,-2.4093663951936453,0,,,,,
source_02_006,16385,lag,0,0,922312457641/7780122025,0.3397630300535707,1,0.020197377608712444,6.235929987359751,0.32488889500937,0.0520995097231561,0.0032388717720777155
source_02_006,16385,lag,1,1/2,922312457641/70021098225,0.7831863386292662,1,0.00391461563380053,0.3584823787001095,0.27749486917022514,0.7740823138265468,0.010919966688447257
source_02_006,16385,lag,2,4/5,922312457641/630189884025,0.9280915938332454,1,0.0026355847372834173,0.04968059976914303,0.32704530175837687,6.582958001274111,0.053050582109123355
source_02_006,16385,lag,3,9/10,1297131932889/215616279025,0.8538321475702253,1,0.002942791218040888,0.1792061184155386,0.35655992063636727,1.9896637670014432,0.016421265323191804
source_02_006,16385,lag,4,97/100,15494119170049/215616279025,0.4884935156842333,1,0.005405462589088854,1.2502210142279984,0.38108700173550425,0.30481570650195994,0.004323605608586483
source_02_006,16385,lag,5,199/200,11674187396001/4400332225,-2.382708950893076,0,,,,,
source_02_006,65537,bridge,0,0,4341559816881/182547121,-4.308758714739516,0,,,,,
source_02_006,65537,bridge,1,1/2,482395535209/182547121,-0.6058118305892399,0,,,,,
source_02_006,65537,bridge,2,4/5,482395535209/1642924089,0.4829265462099495,1,0.005037230124007932,1.179189500916134,0.32431450771781456,0.27503171243116453,0.00427177321380017
source_02_006,65537,bridge,3,9/10,361,0.4255612219227213,1,0.005870499173008504,1.5468587639896654,0.35355778189518666,0.22856500549752115,0.0037951100059499194
source_02_006,65537,bridge,4,97/100,38809/9,-1.0803007768807933,0,,,,,
source_02_006,65537,bridge,5,199/200,159201,-15.761552183114238,0,,,,,
source_02_006,65537,intersection,0,0,3611873643049/38674762281,0.7106211040771182,1,0.009609382628779736,1.1937946494044473,0.3227582476996227,0.27036328891291167,0.008049443540037312
source_02_006,65537,intersection,1,1/2,3611873643049/348072860529,0.9041834704282058,1,0.003376715814588336,0.13409811501581737,0.27531634075249584,2.0530962774534247,0.025180934230060133
source_02_006,65537,intersection,2,4/5,4121254809/3410910409,0.9673767191903415,1,0.0025146482213132776,0.02069592372967565,0.32431450771781456,15.670453368205242,0.12150451722565792
source_02_006,65537,intersection,3,9/10,18367567729/3410910409,0.9310408049421259,1,0.0026832946398274316,0.07687493124111364,0.35355778189518666,4.599129731723255,0.03490467694093199
source_02_006,65537,intersection,4,97/100,1974589850401/30698193681,0.7602508529878756,1,0.0034531672026094215,0.35142574553996075,0.37786896299638784,1.0752455327818895,0.009826164549508683
source_02_006,65537,intersection,5,199/200,8100097368489/3410910409,-0.5182270150608983,0,,,,,
source_02_006,65537,lag,0,0,3608673921801/39006645001,0.7119960153768898,1,0.009590826276672702,1.1854513165733658,0.3227582476996227,0.2722661345828854,0.008090442975250718
source_02_006,65537,lag,1,1/2,400963769089/39006645001,0.904635737575343,1,0.0033750276460087375,0.13339772668385844,0.27531634075249584,2.0638758065568292,0.025300488470896308
source_02_006,65537,lag,2,4/5,4192809093225/3495542511769,0.9674956495098025,1,0.002514339105797932,0.020561226326755284,0.32431450771781456,15.773111124981904,0.12228546419559369
source_02_006,65537,lag,3,9/10,18686470156225/3495542511769,0.9312925185047702,1,0.0026825693879436304,0.07657809260692543,0.35355778189518666,4.616957276671738,0.035030506723551236
source_02_006,65537,lag,4,97/100,2008873186407025/31459882605921,0.7611311076280749,1,0.0034491735851852785,0.349661955315434,0.37786896299638784,1.080669364373679,0.009864309035490407
source_02_006,65537,lag,5,199/200,168178231406025/71337602281,-0.5124315521071796,0,,,,,
source_02_007,16385,intersection,0,0,235513178209/1520298081,0.24256595212466564,1,0.03127424852887762,10.156694747053677,0.3246874624242272,0.031967827182993236,0.0030791757857988066
source_02_007,16385,intersection,1,1/2,235513178209/13682682729,0.7517921632169572,1,0.004477047617427651,0.42455752339022435,0.2698126899788351,0.6355150365121235,0.010545208530700454
source_02_007,16385,intersection,2,4/5,235513178209/123144144561,0.9177385187584749,1,0.0028972808787396703,0.0635854755287329,0.3148460607506825,4.951540554389822,0.04556513660781623
source_02_007,16385,intersection,3,9/10,1180184567769/218192686321,0.8613870970051184,1,0.003166950775531474,0.16424763619608357,0.3428502233811454,2.0873982196726466,0.01928156075105201
source_02_007,16385,intersection,4,97/100,14097193872129/218192686321,0.5152389238516066,1,0.005562358393276002,1.087907164416024,0.3663185663368239,0.3367185898931546,0.005112898025873202
source_02_007,16385,intersection,5,199/200,520461394386129/218192686321,-2.1926645975616164,0,,,,,
source_02_007,16385,lag,0,0,939846874849/6259816161,0.2546190975014398,1,0.029793789805368884,9.497263132967666,0.3246874624242272,0.03418747673707659,0.0031370921694215547
source_02_007,16385,lag,1,1/2,939846874849/56338345449,0.755678315382726,1,0.004454023947248755,0.4154061945622639,0.2698126899788351,0.6495153262294306,0.010722093232004404
source_02_007,16385,lag,2,4/5,939846874849/507045109041,0.9190192847070842,1,0.0028932431629324017,0.061629681792810906,0.3148460607506825,5.108675748304922,0.04694561254849604
source_02_007,16385,lag,3,9/10,805821769/151363809,0.8624879850982679,1,0.003162908448611435,0.16271148400606064,0.3428502233811454,2.1071052573546374,0.019438753619219793
source_02_007,16385,lag,4,97/100,31273137033121/491781015441,0.5191334276190122,1,0.005520629957837683,1.070109967935032,0.3663185663368239,0.34231861893941695,0.0051589370469006315
source_02_007,16385,lag,5,199/200,39485266681/16818201,-2.1651088357934167,0,,,,,
source_02_007,65537,bridge,0,0,1092165034489/12313081,-10.582909027130198,0,,,,,
source_02_007,65537,bridge,1,1/2,1092165034489/110817729,-2.249716437120888,0,,,,,
source_02_007,65537,bridge,2,4/5,1092165034489/997359561,-0.015321785863720717,0,,,,,
source_02_007,65537,bridge,3,9/10,361,0.4253424573977159,1,0.006471082426438488,1.531389614237532,0.3494306449867221,0.22817880031183385,0.004225627734624799
source_02_007,65537,bridge,4,97/100,38809/9,-1.0811278163077178,0,,,,,
source_02_007,65537,bridge,5,199/200,159201,-15.769657064232645,0,,,,,
source_02_007,65537,intersection,0,0,3661026851161/33771780441,0.687867625918051,1,0.010972465460845396,1.3274942209460003,0.3236272529303717,0.24378806914861606,0.008265546687673101
source_02_007,65537,intersection,1,1/2,3661026851161/303946023969,0.8967029234619378,1,0.0037620341152774226,0.1449499628350687,0.2732292989115846,1.8849904723499553,0.025954019178039064
source_02_007,65537,intersection,2,4/5,3661026851161/2735514215721,0.9656506465046372,1,0.0027765399616339953,0.022744698268109688,0.32067033269375717,14.098684841353496,0.12207416114756635
source_02_007,65537,intersection,3,9/10,17079597766009/3533042770321,0.9346458346660593,1,0.0029448867145146353,0.07211936392900278,0.3494306449867221,4.845170921511673,0.04083350925576244
source_02_007,65537,intersection,4,97/100,1836127727703721/31797384932889,0.7728542510500153,1,0.003742049778995248,0.3232487360715006,0.37341448731555593,1.1551924126718285,0.011576378687425184
source_02_007,65537,intersection,5,199/200,7532102614809969/3533042770321,-0.4354011644545992,0,,,,,
source_02_007,65537,lag,0,0,57149205481/532917225,0.6895695443159727,1,0.010945384449231264,1.3164815903121418,0.3236272529303717,0.2458274048888437,0.008314118883072326
source_02_007,65537,lag,1,1/2,57149205481/4796255025,0.8972621910389418,1,0.0037596892224186014,0.1440735502133338,0.2732292989115846,1.896457042302395,0.026095624192306797
source_02_007,65537,lag,2,4/5,57149205481/43166295225,0.9658361758574566,1,0.0027760066106630584,0.022525504599303837,0.32067033269375717,14.235877881451216,0.123238376233705
source_02_007,65537,lag,3,9/10,4239213334225/883996724521,0.9349088102830672,1,0.0029440583627093585,0.07181561920040339,0.3494306449867221,4.865663610190794,0.04099468048160784
source_02_007,65537,lag,4,97/100,455733047889025/7955970520689,0.773773329196101,1,0.003737605019730913,0.32149528421376733,0.37341448731555593,1.1614928916570568,0.011625691583226211
source_02_007,65537,lag,5,199/200,1869493080393225/883996724521,-0.42937413294536947,0,,,,,
source_02_008,16385,bridge,0,0,1090648124281/17935225,-21.188089912170856,0,,,,,
source_02_008,16385,bridge,1,1/2,1090648124281/161417025,-4.717660889592703,0,,,,,
source_02_008,16385,bridge,2,4/5,1090648124281/1452753225,-0.7194015097385773,0,,,,,
source_02_008,16385,bridge,3,9/10,361,-0.17247540859313598,0,,,,,
source_02_008,16385,bridge,4,97/100,38809/9,-3.4328440615542815,0,,,,,
source_02_008,16385,bridge,5,199/200,159201,-42.453211898692444,0,,,,,
source_02_008,16385,intersection,0,0,3755592064225/25350053089,0.25921883602272533,1,0.032685537397202986,9.350366246735085,0.3313065873800391,0.035432471695504245,0.0034956424737497276
source_02_008,16385,intersection,1,1/2,3755592064225/228150477801,0.7571618706960475,1,0.004980915865235819,0.41755737152041594,0.2757364082980057,0.6603557429581242,0.011928698198044586
source_02_008,16385,intersection,2,4/5,3755592064225/2053354300209,0.9195082819381424,1,0.0032601174802849367,0.06234590434443841,0.3219247687188708,5.163527133079245,0.05229080425674757
source_02_008,16385,intersection,3,9/10,19324578616729/3481153666225,0.8594774471512407,1,0.003580726062269762,0.17050479730693843,0.35057596683750675,2.056106176334785,0.021000734987085608
source_02_008,16385,intersection,4,97/100,2077472497331401/31330382996025,0.50848167152093,1,0.0063594575987041884,1.141950153503071,0.37457519121911026,0.32801360906170496,0.005568945000966792
source_02_008,16385,intersection,5,199/200,8522139169977489/3481153666225,-2.240546756368821,0,,,,,
source_02_008,16385,lag,0,0,234181469929/1629333225,0.27062769672578285,1,0.031307612123179326,8.796577972075884,0.3313065873800391,0.037663121776644104,0.003559067198922482
source_02_008,16385,lag,1,1/2,234181469929/14663999025,0.7608428080819807,1,0.0049568183259941015,0.40891742056076397,0.2757364082980057,0.6743082941291128,0.012121807672553124
source_02_008,16385,lag,2,4/5,234181469929/131975991225,0.9207217037132587,1,0.0032558209621035353,0.06050290400856628,0.3219247687188708,5.320815157455769,0.05381263949979262
source_02_008,16385,lag,3,9/10,19057564057009/3487141677321,0.8605768407277503,1,0.0035761516570036725,0.16893222136014038,0.35057596683750675,2.075246297094068,0.021169150729272695
source_02_008,16385,lag,4,97/100,2048767322682721/31384275095889,0.5123721094954072,1,0.006311170280014181,1.1233078742985132,0.37457519121911026,0.33345728253977225,0.005618379808790533
source_02_008,16385,lag,5,199/200,933820638793441/387460186369,-2.2129679809811478,0,,,,,
source_02_008,65537,bridge,0,0,269970650569/22099401,-2.659167900119974,0,,,,,
source_02_008,65537,bridge,1,1/2,269970650569/198894609,-0.13543076073364724,0,,,,,
source_02_008,65537,bridge,2,4/5,269970650569/1790051481,0.6308888433820817,1,0.004710992741290697,0.6175736395689071,0.3212278012258786,0.5201449359951784,0.007628228343067188
source_02_008,65537,bridge,3,9/10,361,0.42497136017857284,1,0.007177676415361351,1.5366611278725775,0.3500983732710906,0.22783056519154776,0.004670955935026773
source_02_008,65537,bridge,4,97/100,38809/9,-1.0825308078729423,0,,,,,
source_02_008,65537,bridge,5,199/200,159201,-15.783408515809118,0,,,,,
source_02_008,65537,intersection,0,0,3638231982225/36000129169,0.6985438572664808,1,0.011997421610807713,1.2647554143341397,0.32234859113778747,0.2548702994147651,0.009485961850674534
source_02_008,65537,intersection,1,1/2,404247998025/36000129169,0.9002119452839094,1,0.004158159201908633,0.14024296039426823,0.2732969794691767,1.9487393784390368,0.02964968216742363
source_02_008,65537,intersection,2,4/5,44916444225/36000129169,0.9668147957829789,1,0.0030741283384345527,0.02172145288988961,0.3212278012258786,14.788504381094883,0.14152498702632485
source_02_008,65537,intersection,3,9/10,17878021954081/3514173899769,0.9329099040584058,1,0.003269669338794809,0.07454762454940182,0.3500983732710906,4.69630488412256,0.043860141199107396
source_02_008,65537,intersection,4,97/100,1921961645473489/31627565097921,0.7667862920717969,1,0.004179964878885589,0.33582273973283233,0.37414362906198334,1.1141104660144148,0.012446938174023023
source_02_008,65537,intersection,5,199/200,876023075749969/390463766641,-0.47523693452835736,0,,,,,
source_02_008,65537,lag,0,0,3634875706225/36334840689,0.7000898396777264,1,0.011970928149912545,1.2550521634373066,0.32234859113778747,0.256840791585066,0.009538191717168836
source_02_008,65537,lag,1,1/2,3634875706225/327013566201,0.9007202117230902,1,0.004155812798726386,0.1394516538940591,0.2732969794691767,1.9597973336106818,0.029801100830855264
source_02_008,65537,lag,2,4/5,3634875706225/2943122095809,0.9669834333703465,1,0.0030735922241968507,0.0215288773954111,0.3212278012258786,14.92078733721381,0.14276602387321827
source_02_008,65537,lag,3,9/10,4438829563609/879260660721,0.9331684110143903,1,0.0032687635727424317,0.07424715315363697,0.3500983732710906,4.715310397782453,0.044025439816911184
source_02_008,65537,lag,4,97/100,477192621978121/7913345946489,0.7676900178817495,1,0.004175044218127009,0.3340640922689925,0.37414362906198334,1.1199755906741342,0.012497734161638697
source_02_008,65537,lag,5,199/200,217502648616841/97695628969,-0.4692991938163438,0,,,,,
source_02_009,16385,bridge,0,0,4362914160081/70442449,-21.458950167923977,0,,,,,
source_02_009,16385,bridge,1,1/2,484768240009/70442449,-4.777308367827643,0,,,,,
source_02_009,16385,bridge,2,4/5,484768240009/633982041,-0.7358796387410274,0,,,,,
source_02_009,16385,bridge,3,9/10,361,-0.1723245082073804,0,,,,,
source_02_009,16385,bridge,4,97/100,38809/9,-3.4322281730738666,0,,,,,
source_02_009,16385,bridge,5,199/200,159201,-42.445374545293845,0,,,,,
source_02_009,16385,intersection,0,0,921240994969/7878870169,0.3438031195034941,1,0.023988548703243486,6.084301877632165,0.3295936281027525,0.054171149744302434,0.003942695347092005
source_02_009,16385,intersection,1,1/2,921240994969/70909831521,0.7844940549910872,1,0.004730870043049073,0.35672002117816454,0.28349649978161007,0.794731113900717,0.013262137705150646
source_02_009,16385,intersection,2,4/5,921240994969/638188483689,0.928523168162576,1,0.003201868396324335,0.04988745420797984,0.3349421446448957,6.713955441553067,0.06418183583743935
source_02_009,16385,intersection,3,9/10,21630303403921/3431278321641,0.8502241941991218,1,0.0035947611208996255,0.18617518706537375,0.3652746799086527,1.9619944293671627,0.019308486686989913
source_02_009,16385,intersection,4,97/100,2325347492528449/30881504894769,0.47570924216657356,1,0.006753508006753325,1.3286864764040927,0.3904296907186412,0.29384636455041335,0.005082845446753373
source_02_009,16385,intersection,5,199/200,1059884866792129/381253146849,-2.4740454577992677,0,,,,,
source_02_009,16385,lag,0,0,3677208936025/32237125209,0.3520487550753786,1,0.023426692347685588,5.856458598692092,0.3295936281027525,0.056278657579233934,0.004000146496880796
source_02_009,16385,lag,1,1/2,3677208936025/290134126881,0.7871637388329741,1,0.004714825188987681,0.3509155971509884,0.28349649978161007,0.8078766007645709,0.013435781217097152
source_02_009,16385,lag,2,4/5,3677208936025/2611207141929,0.929404300404456,1,0.0031988328288355358,0.04870010809108289,0.3349421446448957,6.877646842558537,0.06568430654923434
source_02_009,16385,lag,3,9/10,21360397436361/3436956333409,0.8512900867002022,1,0.0035902601535069533,0.1845909963268811,0.3652746799086527,1.978832593014503,0.019449811881123266
source_02_009,16385,lag,4,97/100,255147942169201/3436956333409,0.4794868680360697,1,0.006700300654775874,1.3075942546127282,0.3904296907186412,0.29858626966380736,0.0051241435415761375
source_02_009,16385,lag,5,199/200,9419935269435201/3436956333409,-2.447023143367542,0,,,,,
source_02_009,65537,bridge,0,0,4359547730209/84621601,-7.333859391461951,0,,,,,
source_02_009,65537,bridge,1,1/2,4359547730209/761594409,-1.4225656115125005,0,,,,,
source_02_009,65537,bridge,2,4/5,4359547730209/6854349681,0.23196563160414616,1,0.012627135955107347,3.840488619167554,0.3233950594046235,0.08420674853470106,0.0032878982877559844
source_02_009,65537,bridge,3,9/10,361,0.4250440315349639,1,0.007078894708499727,1.5448494657078444,0.3524852748519678,0.22816804010768796,0.0045822553366105506
source_02_009,65537,bridge,4,97/100,38809/9,-1.0822560565737058,0,,,,,
source_02_009,65537,bridge,5,199/200,159201,-15.780715306000474,0,,,,,
source_02_009,65537,intersection,0,0,3628327803489/36992752225,0.7031039808781068,1,0.011636244962632386,1.2303015779440936,0.32383012935401806,0.2632119922134517,0.009458042784987106
source_02_009,65537,intersection,1,1/2,403147533721/36992752225,0.9017112600622671,1,0.004071701438130809,0.1378400070613639,0.27498387865061547,1.9949496848777553,0.029539329871901124
source_02_009,65537,intersection,2,4/5,403147533721/332934770025,0.9673122644395963,1,0.0030280413831771527,0.021199076861616286,0.3233950594046235,15.255148208371882,0.1428383605070945
source_02_009,65537,intersection,3,9/10,18258896479849/3505338785025,0.9321201714615145,1,0.0032279549760140303,0.0758363476965502,0.3524852748519678,4.647972714382213,0.042564747302049594
source_02_009,65537,intersection,4,97/100,1962907239574681/31548049065225,0.7640251869355512,1,0.004138669740474536,0.34315291115806473,0.37670198933592125,1.0977671384591663,0.012060715808901189
source_02_009,65537,intersection,5,199/200,18258896479849/7948614025,-0.49338867830932454,0,,,,,
source_02_009,65537,lag,0,0,906252592729/9332139609,0.704592614218852,1,0.01161166039864053,1.2211355808210562,0.32383012935401806,0.26518769450340973,0.009508903500161044
source_02_009,65537,lag,1,1/2,906252592729/83989256481,0.9022007714516955,1,0.004069492235599193,0.1370809714398354,0.27498387865061547,2.0059959873519384,0.029686777040278604
source_02_009,65537,lag,2,4/5,906252592729/755903308329,0.9674746904889442,1,0.00302753301556406,0.021015617542431912,0.3233950594046235,15.38832055501903,0.14406110167599273
source_02_009,65537,lag,3,9/10,283367776329/54815452129,0.9323779575882282,1,0.003227062503166833,0.07553437825154904,0.3524852748519678,4.666554263253489,0.04272309613008105
source_02_009,65537,lag,4,97/100,3384801487089/54815452129,0.7649265129771827,1,0.004133793074871349,0.3413740500908739,0.37670198933592125,1.1034874772574044,0.012109277415113806
source_02_009,65537,lag,5,199/200,124965189361089/54815452129,-0.4874615469215422,0,,,,,
source_02_010,16385,bridge,0,0,1085924473929/42237001,-11.70495927503203,0,,,,,
source_02_010,16385,bridge,1,1/2,120658274881/42237001,-2.5257924030358483,0,,,,,
source_02_010,16385,bridge,2,4/5,120658274881/380133009,-0.09646479857030188,0,,,,,
source_02_010,16385,bridge,3,9/10,361,-0.17212351755938893,0,,,,,
source_02_010,16385,bridge,4,97/100,38809/9,-3.4314078618150368,0,,,,,
source_02_010,16385,bridge,5,199/200,159201,-42.43493647325493,0,,,,,
source_02_010,16385,intersection,0,0,924353413489/7593902449,0.3302884492654857,1,0.023249588710559536,6.587785015663039,0.329523717818981,0.05002041157012704,0.0035291966351788336
source_02_010,16385,intersection,1,1/2,924353413489/68345122041,0.7801204365088812,1,0.0044029006959684465,0.36972454392266524,0.2794403271093244,0.75580680726399,0.011908597274216655
source_02_010,16385,intersection,2,4/5,924353413489/615106098369,0.9270798810681885,1,0.002946034092853447,0.05174934773724197,0.3284735612479196,6.347395196471822,0.056928912569332774
source_02_010,16385,intersection,3,9/10,5262101081329/860892632649,0.8525527762025364,1,0.0032887638810440243,0.18269767146466434,0.35799851738818284,1.9595133015005257,0.018001126422019592
source_02_010,16385,intersection,4,97/100,565697730928801/7748033693841,0.48396110835586503,1,0.006087412903577781,1.2839323505152478,0.3825871987526847,0.29798080763301177,0.0047412255802534095
source_02_010,16385,intersection,5,199/200,5262101081329/1952137489,-2.4150538763468745,0,,,,,
source_02_010,16385,lag,0,0,3689630147281/31085568721,0.33886442281593737,1,0.022661188617732614,6.326855768528581,0.329523717818981,0.0520833301524143,0.0035817457275468855
source_02_010,16385,lag,1,1/2,3689630147281/279770118489,0.7828955033766942,1,0.004387294087179721,0.3635516816936372,0.2794403271093244,0.7686398968298739,0.012067869048882207
source_02_010,16385,lag,2,4/5,3689630147281/2517931066401,0.9279956154705331,1,0.002943126983461623,0.05048447854251551,0.3284735612479196,6.506426742058859,0.058297660358778744
source_02_010,16385,lag,3,9/10,5195714506921/862310960449,0.8536117496218737,1,0.0032846839072924387,0.1811319548652705,0.35799851738818284,1.976451464096819,0.018134204479467196
source_02_010,16385,lag,4,97/100,558560898335449/7760798644041,0.4877127833430387,1,0.006040586173775032,1.263706135735486,0.3825871987526847,0.3027501314852889,0.004780056061260926
source_02_010,16385,lag,5,199/200,2291310097552161/862310960449,-2.3882776755419797,0,,,,,
source_02_010,65537,bridge,0,0,4293320753089/630964161,-1.6582744215534861,0,,,,,
source_02_010,65537,bridge,1,1/2,4293320753089/5678677449,0.16083167749409993,1,0.02115564812015641,7.789563919524648,0.27826006078848037,0.03572216155656901,0.0027158963375510012
source_02_010,65537,bridge,2,4/5,4293320753089/51108097041,0.7254909093141735,1,0.0037375425584650766,0.3965437788980818,0.3271443835504017,0.8249893226404219,0.009425296164905126
source_02_010,65537,bridge,3,9/10,361,0.4251408261039411,1,0.006550360835957901,1.559724947093656,0.356560180381449,0.228604524820772,0.004199689726168478
source_02_010,65537,bridge,4,97/100,38809/9,-1.0818901061155786,0,,,,,
source_02_010,65537,bridge,5,199/200,159201,-15.777128302944178,0,,,,,
source_02_010,65537,intersection,0,0,226645501329/2324686225,0.7040522691036473,1,0.010780380260918187,1.239127074996996,0.3279964152893464,0.2646995791695872,0.008699979589215513
source_02_010,65537,intersection,1,1/2,25182833481/2324686225,0.9020230845075623,1,0.003772074611036334,0.13862216412673734,0.27826006078848037,2.0073273458209546,0.027211194074186148
source_02_010,65537,intersection,2,4/5,2798092609/2324686225,0.9674157312958185,1,0.002802883043579644,0.02104957824567619,0.3271443835504017,15.541612270431154,0.13315625666539835
source_02_010,65537,intersection,3,9/10,286206810289/54749916169,0.9320097431770988,1,0.0029879792968525616,0.07648479704516563,0.356560180381449,4.66184384552781,0.03906631660522165
source_02_010,65537,intersection,4,97/100,30768421331041/492749245521,0.7636390723579909,1,0.003832221456466876,0.3471327586721736,0.3810547423798615,1.097720491253674,0.011039642213905724
source_02_010,65537,intersection,5,199/200,126217203337449/54749916169,-0.4959282873600677,0,,,,,
source_02_010,65537,lag,0,0,3623026730625/37530150529,0.7055257208571447,1,0.010757866028298119,1.2299680474502634,0.3279964152893464,0.2666706797540687,0.008746459756088206
source_02_010,65537,lag,1,1/2,402558525625/37530150529,0.9025076241243263,1,0.003770049454087427,0.13786284411960195,0.27826006078848037,2.018383289315269,0.027346378048147234
source_02_010,65537,lag,2,4/5,402558525625/337771354761,0.967576509949436,1,0.002802417298744626,0.020866691519758316,0.3271443835504017,15.677827184085903,0.13430098854392247
source_02_010,65537,lag,3,9/10,18194328161361/3506829258409,0.932266232842321,1,0.0029871572293116142,0.076181195024647,0.356560180381449,4.6804225145863185,0.03921121516071224
source_02_010,65537,lag,4,97/100,217329541894201/3506829258409,0.7645358822518343,1,0.0038277262140625086,0.3453427773732416,0.3810547423798615,1.1034101980596016,0.011083846151864227
source_02_010,65537,lag,5,199/200,8023698719160201/3506829258409,-0.4900301329033421,0,,,,,
source_02_011,16385,bridge,0,0,4340318055649/190688481,-10.775487623536266,0,,,,,
source_02_011,16385,bridge,1,1/2,4340318055649/1716196329,-2.2974166572402197,0,,,,,
source_02_011,16385,bridge,2,4/5,4340318055649/15445766961,-0.029389343086902626,0,,,,,
source_02_011,16385,bridge,3,9/10,361,-0.1720230088810928,0,,,,,
source_02_011,16385,bridge,4,97/100,38809/9,-3.430997658892482,0,,,,,
source_02_011,16385,bridge,5,199/200,159201,-42.429717100450404,0,,,,,
source_02_011,16385,intersection,0,0,3769348473361/24233460241,0.24078307155227108,1,0.0324040371714355,10.556262219029303,0.328991411759246,0.031165520989634748,0.003069650648978972
source_02_011,16385,intersection,1,1/2,3769348473361/218101142169,0.7512174963613022,1,0.0046173309147120355,0.43908864896713695,0.2778879809297936,0.6328744356827857,0.010515714595613731
source_02_011,16385,intersection,2,4/5,3769348473361/1962910279521,0.917549143880865,1,0.0029982355842088242,0.0661128043440676,0.32617579636984617,4.933625182080396,0.045350301109679976
source_02_011,16385,intersection,3,9/10,4718179146769/872828668009,0.8613930577240956,1,0.003277160672889152,0.1700169328162322,0.3554300471728177,2.0905567538793015,0.019275495790947877
source_02_011,16385,intersection,4,97/100,507223862900161/7855458012081,0.5152600123998999,1,0.005755852968420131,1.1261064691784628,0.37982262065097655,0.33728837463128286,0.0051112866553543945
source_02_011,16385,intersection,5,199/200,2080717003725129/872828668009,-2.19251530398578,0,,,,,
source_02_011,16385,lag,0,0,940122220801/6237366529,0.2529330148355199,1,0.030847470054101087,9.862557648068442,0.328991411759246,0.03335761609704539,0.00312773533548293
source_02_011,16385,lag,1,1/2,940122220801/56136298761,0.755134574031771,1,0.004593379629146315,0.42956315207807744,0.2778879809297936,0.6469083290442116,0.010693141641514498
source_02_011,16385,lag,2,4/5,940122220801/505226688849,0.9188400693905827,1,0.0029940232093584704,0.06406729985252736,0.32617579636984617,5.091143174765449,0.04673247064025222
source_02_011,16385,lag,3,9/10,18607050060921/3497352554641,0.8624962075921491,1,0.003272969118964549,0.1684234963607072,0.3554300471728177,2.1103352848797567,0.019432972178388554
source_02_011,16385,lag,4,97/100,5727008329/90117049,0.5191625128767203,1,0.005712586710944601,1.107646767669315,0.37982262065097655,0.3429095192957505,0.0051574083703281115
source_02_011,16385,lag,5,199/200,8205709076866161/3497352554641,-2.164903154003114,0,,,,,
source_02_011,65537,bridge,0,0,4335436073241/224430361,-3.72224386662977,0,,,,,
source_02_011,65537,bridge,1,1/2,481715119249/224430361,-0.44088934263653834,0,,,,,
source_02_011,65537,bridge,2,4/5,481715119249/2019873249,0.5345026575922708,1,0.0050815181216926995,0.9504352362110906,0.3272600493122565,0.344326511522109,0.00534651697252952
source_02_011,65537,bridge,3,9/10,361,0.4251892300320414,1,0.006564086432275778,1.5544326777047266,0.3566626432115935,0.2294487553737233,0.004222818090757266
source_02_011,65537,bridge,4,97/100,38809/9,-1.0817071076405596,0,,,,,
source_02_011,65537,bridge,5,199/200,159201,-15.775334647813995,0,,,,,
source_02_011,65537,intersection,0,0,911045433169/8852739921,0.6958833573872535,1,0.010865330181046217,1.2788795541590747,0.32868783926458245,0.25701234975228815,0.008495976142327727
source_02_011,65537,intersection,1,1/2,911045433169/79674659289,0.8993373457811243,1,0.0037791692017943297,0.14194082222302543,0.2784936911387491,1.9620408475664888,0.02662496343621489
source_02_011,65537,intersection,2,4/5,911045433169/717071933601,0.9665246219254162,1,0.0028101559743375307,0.02201291954582067,0.3272600493122565,14.866726270954342,0.1276593942247457
source_02_011,65537,intersection,3,9/10,17721548831809/3517834096921,0.9332645428503954,1,0.002990554904699201,0.07477708305821638,0.3566626432115935,4.769678471329512,0.03999293342815949
source_02_011,65537,intersection,4,97/100,1905140134663921/31660506872289,0.7680260793235453,1,0.003819379361605079,0.337412841882642,0.3811557334406427,1.1296420471548478,0.0113196028351924
source_02_011,65537,intersection,5,199/200,7815203034827769/3517834096921,-0.46709160437862046,0,,,,,
source_02_011,65537,lag,0,0,3640757837929/35749355625,0.6974849089543944,1,0.010840381416771093,1.2687571693461361,0.32868783926458245,0.25906284291892856,0.00854409470833396
source_02_011,65537,lag,1,1/2,3640757837929/321744200625,0.899863819399452,1,0.003776958164033895,0.14111519542470352,0.2784936911387491,1.9735202172989814,0.02676507056994589
source_02_011,65537,lag,2,4/5,3640757837929/2895697805625,0.9666992934755196,1,0.002809648211165071,0.02180933758666055,0.3272600493122565,15.005501566100824,0.12882776471320076
source_02_011,65537,lag,3,9/10,4399367816089/880187341489,0.9335267260011872,1,0.002989715000403275,0.07446876767451507,0.3566626432115935,4.789425880799847,0.04014723344786091
source_02_011,65537,lag,4,97/100,472950320151241/7921686073401,0.7689426017355608,1,0.003814826945368809,0.33561290516016484,0.3811557334406427,1.1357004679505498,0.011366746888199235
source_02_011,65537,lag,5,199/200,1940121206895249/880187341489,-0.4610721533937619,0,,,,,
source_02_012,16385,bridge,0,0,1082966991649/62710561,-8.933905105600662,0,,,,,
source_02_012,16385,bridge,1,1/2,1082966991649/564395049,-1.8354735997619152,0,,,,,
source_02_012,16385,bridge,2,4/5,1082966991649/5079555441,0.10771192253546968,1,0.025255704339418105,9.773694513990625,0.3172468003751915,0.032459250687758484,0.002584048877654775
source_02_012,16385,bridge,3,9/10,361,-0.1714470626950175,0,,,,,
source_02_012,16385,bridge,4,97/100,38809/9,-3.428647160457769,0,,,,,
source_02_012,16385,bridge,5,199/200,159201,-42.399813047432026,0,,,,,
source_02_012,16385,intersection,0,0,913028025625/8658488601,0.3779909483863043,1,0.019914703484079237,5.069499558409115,0.31232801041368413,0.06160923910045617,0.003928337157273325
source_02_012,16385,intersection,1,1/2,913028025625/77926397409,0.795569127338038,1,0.004265846264397069,0.3246051380661012,0.2685548307736174,0.8273277261524125,0.013141647386765608
source_02_012,16385,intersection,2,4/5,1277132790609/851945614081,0.9272099541561591,1,0.002933899120897459,0.05027352696262011,0.3172468003751915,6.310414636535728,0.058358728701865335
source_02_012,16385,intersection,3,9/10,5691912807529/851945614081,0.8458961311183829,1,0.0033065562223394364,0.18792625276842223,0.3459701031399852,1.8409886753093367,0.017594967034297436
source_02_012,16385,intersection,4,97/100,611904277416601/7667510526729,0.4603633985367947,1,0.006386816221853886,1.384569707204527,0.3697929773290442,0.26708151666532076,0.004612852779185088
source_02_012,16385,intersection,5,199/200,2510133548120289/851945614081,-2.584104715787192,0,,,,,
source_02_012,16385,lag,0,0,911186702721/8838820225,0.3851353867399747,1,0.01954527658571508,4.91046911022382,0.31232801041368413,0.06360451586252788,0.003980327774595084
source_02_012,16385,lag,1,1/2,101242966969/8838820225,0.7978855885767151,1,0.004253461446745131,0.3198456329092693,0.2685548307736174,0.8396388855801524,0.013298482171090677
source_02_012,16385,lag,2,4/5,5047809173289/3413311675225,0.9277037305219459,1,0.0029323375339405035,0.04960863725787922,0.3172468003751915,6.394991233604264,0.059109415134655154
source_02_012,16385,lag,3,9/10,22497026068609/3413311675225,0.8469444281604077,1,0.0033024635652631083,0.18638633376198022,0.3459701031399852,1.8561988755130368,0.017718378266297317
source_02_012,16385,lag,4,97/100,2418523780323121/30719805077025,0.46408130108631584,1,0.006335649410652981,1.362859931469696,0.3697929773290442,0.27133601097969234,0.004648789845791909
source_02_012,16385,lag,5,199/200,9921188496256569/3413311675225,-2.5573980225976065,0,,,,,
source_02_012,65537,bridge,0,0,4348755524689/138886225,-5.2171187855073535,0,,,,,
source_02_012,65537,bridge,1,1/2,4348755524689/1249976025,-0.8566872136021585,0,,,,,
source_02_012,65537,bridge,2,4/5,4348755524689/11249784225,0.40506934156597973,1,0.006748943243210911,1.633216965827977,0.32294981540663764,0.19773846473785237,0.004132300474719513
source_02_012,65537,bridge,3,9/10,361,0.4254666024208464,1,0.0066110726423896,1.5379191021792187,0.35205361138800895,0.2289155592704141,0.004298712873142524
source_02_012,65537,bridge,4,97/100,38809/9,-1.0806584828401202,0,,,,,
source_02_012,65537,bridge,5,199/200,159201,-15.76505753187139,0,,,,,
source_02_012,65537,intersection,0,0,3606447874225/39238459569,0.7128990889759099,1,0.01057480608458577,1.1505381801396197,0.321852825465007,0.2797411081359765,0.009191182237257437
source_02_012,65537,intersection,1,1/2,3606447874225/353146136121,0.9049328123012327,1,0.003760553345826767,0.1311657860465271,0.27426065711408043,2.0909466209183143,0.028670230699435785
source_02_012,65537,intersection,2,4/5,268691906025/217802356249,0.9670299567270191,1,0.0028269961822551147,0.021244496413607688,0.32294981540663764,15.201575463082259,0.1330695784553568
source_02_012,65537,intersection,3,9/10,1197503433025/217802356249,0.930306876092157,1,0.003023508358156296,0.07757766086791495,0.35205361138800895,4.538079744211693,0.03897395621793976
source_02_012,65537,intersection,4,97/100,3317184025/50509449,0.7576840545058167,1,0.0039032293230738227,0.3548639280086171,0.3762563063487482,1.0602833273592454,0.010999228197065556
source_02_012,65537,intersection,5,199/200,528099013964025/217802356249,-0.5351355799748454,0,,,,,
source_02_012,65537,lag,0,0,3603174629209/39580704601,0.7142863499806223,1,0.010554268080305079,1.1423953330859127,0.321852825465007,0.2817350667877793,0.009238717784145006
source_02_012,65537,lag,1,1/2,3603174629209/356226341409,0.9053891885781625,1,0.003758657777206316,0.13047199939379242,0.27426065711408043,2.102065258357106,0.028808156498482732
source_02_012,65537,lag,2,4/5,4270864492449/3487664565841,0.9671517532088927,1,0.002826640169676813,0.021106171696556143,0.32294981540663764,15.30120289220109,0.13392481641462392
source_02_012,65537,lag,3,9/10,52726722129/9661120681,0.9305646627379321,1,0.0030226707805979256,0.07727500572084842,0.35205361138800895,4.555853579096231,0.039115762624685566
source_02_012,65537,lag,4,97/100,227363484344929/3487664565841,0.7585856581751903,1,0.0038985902083711324,0.35305403805120705,0.3762563063487482,1.0657187449989622,0.011042474488864732
source_02_012,65537,lag,5,199/200,23252484458889/9661120681,-0.5291947902147863,0,,,,,
source_02_013,16385,bridge,0,0,67484089729/5602689,-7.007855466279275,0,,,,,
source_02_013,16385,bridge,1,1/2,67484089729/50424201,-1.3369629152644273,0,,,,,
source_02_013,16385,bridge,2,4/5,67484089729/453817809,0.25793705492985725,1,0.010522080658350492,3.3292182158063417,0.3295283942264801,0.09898071344856793,0.0031605259782594417
source_02_013,16385,bridge,3,9/10,361,-0.17225803927897199,0,,,,,
source_02_013,16385,bridge,4,97/100,38809/9,-3.431956888621145,0,,,,,
source_02_013,16385,bridge,5,199/200,159201,-42.441922500998366,0,,,,,
source_02_013,16385,intersection,0,0,231866325625/1828674169,0.3160835539978726,1,0.02357187685263777,6.787389802706334,0.3267447588207012,0.048139972554754155,0.0034728927522681787
source_02_013,16385,intersection,1,1/2,231866325625/16458067521,0.7755261418909739,1,0.0043487742466911585,0.37021335134515226,0.2794669180940053,0.7548807115642259,0.011746670483087923
source_02_013,16385,intersection,2,4/5,231866325625/148122607689,0.9255640795812524,1,0.0029323031831326412,0.05313711165777242,0.3295283942264801,6.201473583073077,0.055183714199936756
source_02_013,16385,intersection,3,9/10,21230982228681/3439693238881,0.8518110304273985,1,0.0032795961148498008,0.18168198373100755,0.3592869163653871,1.9775594089578838,0.018051300671097167
source_02_013,16385,intersection,4,97/100,253602089662321/3439693238881,0.481332903032024,1,0.0061055308406043375,1.284747144803528,0.3840066124824765,0.2988966459553419,0.004752321003630668
source_02_013,16385,intersection,5,199/200,9362863162848321/3439693238881,-2.4338281384593317,0,,,,,
source_02_013,16385,lag,0,0,3701433535921/30012444081,0.32570627675619884,1,0.022875465232618155,6.480469551748038,0.3267447588207012,0.05041992037946776,0.0035299086046084024
source_02_013,16385,lag,1,1/2,3701433535921/270111996729,0.7786381213457931,1,0.004331393520345576,0.36338193291711224,0.2794669180940053,0.7690721325921065,0.01191967219056422
source_02_013,16385,lag,2,4/5,3701433535921/2431007970561,0.9265907844219747,1,0.0029290540574957334,0.051707849529367945,0.3295283942264801,6.37288916916418,0.05664621685402233
source_02_013,16385,lag,3,9/10,20950714068025/3445652925009,0.8529254468230987,1,0.0032753110560615134,0.1800502024418583,0.3592869163653871,1.9954818794575244,0.01819109899151141
source_02_013,16385,lag,4,97/100,2252288815141225/31010876325081,0.4852814603429955,1,0.006055852374789898,1.2634495994241466,0.3840066124824765,0.3039350462871637,0.004793109576788838
source_02_013,16385,lag,5,199/200,1026584989333225/382850325001,-2.405627206392839,0,,,,,
source_02_013,65537,bridge,0,0,4217853025/349281,-2.6351932501351927,0,,,,,
source_02_013,65537,bridge,1,1/2,4217853025/3143529,-0.12843760140114044,0,,,,,
source_02_013,65537,bridge,2,4/5,4217853025/28291761,0.6331089641970928,1,0.004248364433728007,0.6104933489594998,0.32300748555473563,0.529092554579434,0.006958903714461013
source_02_013,65537,bridge,3,9/10,361,0.42507604207250205,1,0.00650709694586947,1.5372365469994296,0.35205312043968756,0.22901688170689727,0.0042329835044390765
source_02_013,65537,bridge,4,97/100,38809/9,-1.0821350340364744,0,,,,,
source_02_013,65537,bridge,5,199/200,159201,-15.779529035512445,0,,,,,
source_02_013,65537,intersection,0,0,3644933907241/35336856361,0.695470126270078,1,0.010676792612988206,1.255227688928494,0.3236746891673199,0.25786133625176794,0.008505861292864157
source_02_013,65537,intersection,1,1/2,3644933907241/318031707249,0.8992015115845138,1,0.003727463382576326,0.13982842578891946,0.2747092946819132,1.9646169448879127,0.026657407902189973
source_02_013,65537,intersection,2,4/5,3644933907241/2862285365241,0.9664795560275589,1,0.0027829637878989053,0.021800855429160184,0.32300748555473563,14.816275746808095,0.12765388023152954
source_02_013,65537,intersection,3,9/10,4445557185601/879103136025,0.9331236313641535,1,0.002964249240037539,0.07408458314728175,0.35205312043968756,4.752042941779107,0.04001168818274306
source_02_013,65537,intersection,4,97/100,477915869296369/7911928224225,0.767533473562264,1,0.0037885099238832457,0.334558383958753,0.37623657064253885,1.124576721678941,0.01132391267274391
source_02_013,65537,intersection,5,199/200,217832302094449/97678126225,-0.47032761420990377,0,,,,,
source_02_013,65537,lag,0,0,3641444778049/35681321025,0.6971056570879732,1,0.010651743005117049,1.24508975230647,0.3236746891673199,0.25996092937696086,0.008555000139857548
source_02_013,65537,lag,1,1/2,3641444778049/321131889225,0.8997391455708625,1,0.003725236058126558,0.1389988496472926,0.2747092946819132,1.9763422170685854,0.02680048120958761
source_02_013,65537,lag,2,4/5,3641444778049/2890187003025,0.9666579292504585,1,0.0027824502595813487,0.021595243375775716,0.32300748555473563,14.95734407499508,0.1288455152444607
source_02_013,65537,lag,3,9/10,17656022436649/3519372248001,0.9333900236036087,1,0.0029634032346449505,0.07377482167096837,0.35205312043968756,4.771995546255944,0.040168219556823405
source_02_013,65537,lag,4,97/100,1898095774913881/31674350232009,0.7684647316535858,1,0.0037839188471879273,0.3327475936023668,0.37623657064253885,1.1306965936833833,0.011371739179907364
source_02_013,65537,lag,5,199/200,865145099395801/391041360889,-0.4642104470006925,0,,,,,
source_02_014,16385,bridge,0,0,1091663459929/14055001,-25.18462644237519,0,,,,,
source_02_014,16385,bridge,1,1/2,1091663459929/126495009,-5.584788390025607,0,,,,,
source_02_014,16385,bridge,2,4/5,1091663459929/1138455081,-0.9567716384419296,0,,,,,
source_02_014,16385,bridge,3,9/10,361,-0.1723910827946289,0,,,,,
source_02_014,16385,bridge,4,97/100,38809/9,-3.4324998908670947,0,,,,,
source_02_014,16385,bridge,5,199/200,159201,-42.44883218121974,0,,,,,
source_02_014,16385,intersection,0,0,935423611929/6626448409,0.27737050906232014,1,0.027083788660719487,8.342097170831307,0.3237838297520069,0.03881324121758477,0.0032466402759512014
source_02_014,16385,intersection,1,1/2,103935956881/6626448409,0.7630191265361782,1,0.004428580022543338,0.4006153582589221,0.27437990600050777,0.6848961237855815,0.011054443947905506
source_02_014,16385,intersection,2,4/5,103935956881/59638035681,0.9214392225693266,1,0.00293270166251927,0.05906426262412005,0.3224396813888327,5.459133273885285,0.04965272623790691
source_02_014,16385,intersection,3,9/10,4950433651849/867641949729,0.8575366474220578,1,0.0032386128181417116,0.17299242553086966,0.3514099614581451,2.0313603926863126,0.018721124975288567
source_02_014,16385,intersection,4,97/100,532192187242681/7808777547561,0.501612024168978,1,0.005819396413327543,1.1757206281719725,0.3755418881012753,0.31941422060883057,0.00494964218019686
source_02_014,16385,intersection,5,199/200,242571248940601/96404661081,-2.2893174200344166,0,,,,,
source_02_014,16385,lag,0,0,3733168843881/27228630121,0.28808984532169174,1,0.026076046657498842,7.894149698526552,0.3237838297520069,0.0410156688328879,0.003303211574815455
source_02_014,16385,lag,1,1/2,414796538209/27228630121,0.7664801810874042,1,0.004408582692644022,0.3926873433664613,0.27437990600050777,0.6987235790394514,0.01122669922297412
source_02_014,16385,lag,2,4/5,414796538209/245057671089,0.9225804565824873,1,0.0029290739042421026,0.057378574028754264,0.3224396813888327,5.619513674690621,0.05104821710581808
source_02_014,16385,lag,3,9/10,19532943712881/3476513140681,0.858633282026273,1,0.0032344765064468662,0.1714152772040905,0.3514099614581451,2.050050422517179,0.018869242923988817
source_02_014,16385,lag,4,97/100,233319178994521/3476513140681,0.5054939368512494,1,0.005774706680982231,1.1565714329420087,0.3755418881012753,0.32470271822813146,0.004992952892060388
source_02_014,16385,lag,5,199/200,175796493415929/70949247769,-2.26174660602659,0,,,,,
source_02_014,65537,bridge,0,0,4345894871761/155525841,-4.827668112745324,0,,,,,
source_02_014,65537,bridge,1,1/2,4345894871761/1399732569,-0.749774189938089,0,,,,,
source_02_014,65537,bridge,2,4/5,4345894871761/12597593121,0.4381621419810465,1,0.00610194417808349,1.409972074882655,0.3236668815178589,0.22955552615805963,0.004327705694874365
source_02_014,65537,bridge,3,9/10,361,0.4250119701756216,1,0.006473735185421864,1.535456879774017,0.3529158357628865,0.2298441854093795,0.004216162153882592
source_02_014,65537,bridge,4,97/100,38809/9,-1.0823772718004065,0,,,,,
source_02_014,65537,bridge,5,199/200,159201,-15.781903486945081,0,,,,,
source_02_014,65537,intersection,0,0,225572753025/2434731649,0.7115131360832514,1,0.010297108833236404,1.147007825361655,0.32024693837919205,0.27920205189377606,0.008977365808284433
source_02_014,65537,intersection,1,1/2,25063639225/2434731649,0.9044768947383235,1,0.003670075824793458,0.1309651768936938,0.2743486339197018,2.0948212374224813,0.028023295289957176
source_02_014,65537,intersection,2,4/5,4285757022849/3486170702641,0.9670618325713679,1,0.0027647052559284283,0.021078673394609285,0.3236668815178589,15.355182722297613,0.13116125498844158
source_02_014,65537,intersection,3,9/10,19100719570969/3486170702641,0.93037434270157,1,0.002957320316424442,0.07717329222386221,0.3529158357628865,4.573030715589504,0.03832051518349025
source_02_014,65537,intersection,4,97/100,2053406719749961/31375536323769,0.7579200214185835,1,0.0038170809762626506,0.3531043349471881,0.37720094140215094,1.0682421711377936,0.01081006546360738
source_02_014,65537,intersection,5,199/200,8423417330797329/3486170702641,-0.5335805993119915,0,,,,,
source_02_014,65537,lag,0,0,225365724529/2456292721,0.7129278117716268,1,0.010276676091959645,1.1387512846214276,0.32024693837919205,0.2812264123905306,0.009024513281120977
source_02_014,65537,lag,1,1/2,225365724529/22106634489,0.9049422611380734,1,0.003668188488941505,0.1302613299800277,0.2743486339197018,2.1061402794042277,0.028160225981908288
source_02_014,65537,lag,2,4/5,473037201729/387669362161,0.9671848029487489,1,0.002764353744151535,0.020939677431203917,0.3236668815178589,15.457109240638854,0.13201510640427283
source_02_014,65537,lag,3,9/10,18974047758241/3489024259449,0.9306346132837352,1,0.002956493242651967,0.07686885550182271,0.3529158357628865,4.5911420621387835,0.03846152285410133
source_02_014,65537,lag,4,97/100,2039788973544529/31401218335041,0.7588303020563509,1,0.0038125020672548442,0.35128469057290385,0.37720094140215094,1.0737756341928273,0.010853026532517268
source_02_014,65537,lag,5,199/200,929728340153809/387669362161,-0.5275830882798128,0,,,,,
source_02_015,16385,bridge,0,0,4319376612721/354983281,-7.047639073434485,0,,,,,
source_02_015,16385,bridge,1,1/2,4319376612721/3194849529,-1.3474377363353514,0,,,,,
source_02_015,16385,bridge,2,4/5,4319376612721/28753645761,0.25475504583000996,1,0.00917313105129393,3.385265185439719,0.32611620575552314,0.09633402049510731,0.002709723034623184
source_02_015,16385,bridge,3,9/10,361,-0.17116267933326282,0,,,,,
source_02_015,16385,bridge,4,97/100,38809/9,-3.4274866195417157,0,,,,,
source_02_015,16385,bridge,5,199/200,159201,-42.38505028616847,0,,,,,
source_02_015,16385,intersection,0,0,3791794246009/22469710201,0.20894286039021243,1,0.03148562450740102,12.45570100080735,0.3338833362565586,0.026805664027654247,0.0025278083108578307
source_02_015,16385,intersection,1,1/2,3791794246009/202227391809,0.7409617902367495,1,0.003969073864399158,0.45551872883245026,0.27895348000466974,0.612386412123298,0.008713305541952964
source_02_015,16385,intersection,2,4/5,3791794246009/1820046526281,0.9141703193500289,1,0.0025563085695438016,0.07006835487580591,0.32611620575552314,4.654258064622103,0.036483068199257465
source_02_015,16385,intersection,3,9/10,4573862318281/876124080225,0.8638943747795524,1,0.002776569220703972,0.16330842177949942,0.3551905542561387,2.1749677719359775,0.017001996531770557
source_02_015,16385,intersection,4,97/100,491709204183289/7885116722025,0.524107648869665,1,0.00480849487655187,1.0666090025028836,0.37951524658187646,0.35581477907209996,0.004508207661165761
source_02_015,16385,intersection,5,199/200,224119253595769/97347120025,-2.1299569604220774,0,,,,,
source_02_015,16385,lag,0,0,3782499868225/23191330369,0.22264948551482291,1,0.029547323814995138,11.452786347576074,0.3338833362565586,0.02915302234091037,0.002579924475867716
source_02_015,16385,lag,1,1/2,3782499868225/208721973321,0.7453750164075653,1,0.003945573719818662,0.4446591426768329,0.27895348000466974,0.6273422791340335,0.00887325445748499
source_02_015,16385,lag,2,4/5,3782499868225/1878497759889,0.9156241004213319,1,0.002552249793667214,0.06769965763286931,0.32611620575552314,4.817102732247619,0.03769959676174277
source_02_015,16385,lag,3,9/10,4507141738009/877667311921,0.8650148262423312,1,0.0027729727377877674,0.16172752591548936,0.3551905542561387,2.196228206951879,0.017145954110723137
source_02_015,16385,lag,4,97/100,484536464571721/7899005807289,0.5280697194590198,1,0.004772417071998019,1.0488258509101336,0.37951524658187646,0.36184772357827244,0.004550247372198813
source_02_015,16385,lag,5,199/200,1987649506461969/877667311921,-2.10199268981635,0,,,,,
source_02_015,65537,bridge,0,0,4337868390025/207273609,-3.93671111776751,0,,,,,
source_02_015,65537,bridge,1,1/2,4337868390025/1865462481,-0.501476737098951,0,,,,,
source_02_015,65537,bridge,2,4/5,4337868390025/16789162329,0.5155181582437073,1,0.004560856351666635,1.031948461845093,0.32792795226847515,0.317775513403208,0.004419655167189223
source_02_015,65537,bridge,3,9/10,361,0.4256035615358507,1,0.005672051819897768,1.5533005267619875,0.3574432278804947,0.23011852614614212,0.0036516126288334786
source_02_015,65537,bridge,4,97/100,38809/9,-1.0801407148902398,0,,,,,
source_02_015,65537,bridge,5,199/200,159201,-15.759983712789623,0,,,,,
source_02_015,65537,intersection,0,0,3643597610041/35468565561,0.696374705751173,1,0.00950086690796353,1.291267061300841,0.3278653891521632,0.2539098215839773,0.007357786156484328
source_02_015,65537,intersection,1,1/2,3643597610041/319217090049,0.8994988613562688,1,0.003285034369260594,0.14213186059339442,0.2787253990623906,1.9610339152581557,0.023112582608471575
source_02_015,65537,intersection,2,4/5,3643597610041/2872953810441,0.9665782085379279,1,0.002432502870080004,0.021620021844690016,0.32792795226847515,15.16779005239608,0.11251158243752833
source_02_015,65537,intersection,3,9/10,4415003618481/879819612169,0.9334416843401124,1,0.0025861770437978454,0.07428220998804737,0.3574432278804947,4.811962755793215,0.0348155641063181
source_02_015,65537,intersection,4,97/100,52736803764121/879819612169,0.7686453232019964,1,0.003300084498505106,0.33614280308211486,0.3820054621105475,1.1364380216024708,0.009817507524321272
source_02_015,65537,intersection,5,199/200,1947016595750121/879819612169,-0.4630244010175803,0,,,,,
source_02_015,65537,lag,0,0,3640231227721/35801559369,0.6979458862568865,1,0.009479479036543828,1.2812230330427041,0.3278653891521632,0.25590032390655215,0.007398773509426809
source_02_015,65537,lag,1,1/2,3640231227721/322214034321,0.9000153621903563,1,0.0032831491536709397,0.14131700887253246,0.2787253990623906,1.9723414844833016,0.023232512348406207
source_02_015,65537,lag,2,4/5,3640231227721/2899926308889,0.966749572593607,1,0.0024320716895870564,0.021420196488171426,0.32792795226847515,15.30928777658796,0.11354105416026808
source_02_015,65537,lag,3,9/10,1096118959849/220134564225,0.9336998653805502,1,0.0025854619297610115,0.07397835834719,0.3574432278804947,4.831726951860265,0.034948895697672885
source_02_015,65537,lag,4,97/100,117837342694681/1981211078025,0.7695478286103289,1,0.0032962142463945476,0.3343717802227549,0.3820054621105475,1.1424572428213278,0.009857931922959064
source_02_015,65537,lag,5,199/200,53709829032601/24459396025,-0.45709815497655226,0,,,,,
source_02_016,16385,bridge,0,0,270973343601/13965169,-9.67094983203317,0,,,,,
source_02_016,16385,bridge,1,1/2,30108149289/13965169,-2.0219478145133443,0,,,,,
source_02_016,16385,bridge,2,4/5,3345349921/13965169,0.05213244658789027,1,0.049504021743731,21.533314362965612,0.32189835467803485,0.014948853170121198,0.002298950403513879
source_02_016,16385,bridge,3,9/10,361,-0.17190452018260863,0,,,,,
source_02_016,16385,bridge,4,97/100,38809/9,-3.430514080850696,0,,,,,
source_02_016,16385,bridge,5,199/200,159201,-42.423564338353536,0,,,,,
source_02_016,16385,intersection,0,0,907330546521/9223105369,0.3994143851278467,1,0.017698068092705646,4.528720005341377,0.3221425657262275,0.07113324854402084,0.003907962530655847
source_02_016,16385,intersection,1,1/2,100814505169/9223105369,0.8025174250149086,1,0.003991650021339622,0.30637863165459484,0.27367667797944917,0.893262942332045,0.013028487005711707
source_02_016,16385,intersection,2,4/5,335070795609/211573320841,0.9251499042475612,1,0.002789564974921326,0.052578691739556455,0.32189835467803485,6.122220694887726,0.053055047256389924
source_02_016,16385,intersection,3,9/10,4136676489/586075681,0.841522175728819,1,0.00315989136040739,0.19322099405146217,0.3508557818020055,1.815826398805086,0.016353768263741512
source_02_016,16385,intersection,4,97/100,17837808651289/211573320841,0.44484380523823014,1,0.0062887910704690925,1.47230523535306,0.37495883241888983,0.254674658090837,0.0042713908226788555
source_02_016,16385,intersection,5,199/200,1824274331649/586075681,-2.695876767155192,0,,,,,
source_02_016,16385,lag,0,0,3621991341409/37635612001,0.4061065600963747,1,0.017406424027036772,4.3978371393741975,0.3221425657262275,0.07325022630830473,0.003957951028062323
source_02_016,16385,lag,1,1/2,3621991341409/338720508009,0.8046892126678356,1,0.003980876897884407,0.3020596278230543,0.27367667797944917,0.9060352750608839,0.013179109457872979
source_02_016,16385,lag,2,4/5,5298591685689/3390713449321,0.9256498911028895,1,0.002788058200240152,0.05188942188517004,0.32189835467803485,6.203544826349918,0.05373076243574371
source_02_016,16385,lag,3,9/10,23614711093009/3390713449321,0.8425838252748197,1,0.0031559099200716536,0.19165076529732836,0.3508557818020055,1.830703786951674,0.016466983135577637
source_02_016,16385,lag,4,97/100,2538679564566721/30516421043889,0.44861175050988933,1,0.006235970740748584,1.4487883884122277,0.37495883241888983,0.2588085571487903,0.004304266096156927
source_02_016,16385,lag,5,199/200,10414087592016969/3390713449321,-2.6686969779240095,0,,,,,
source_02_016,65537,bridge,0,0,4320964588249/340734681,-2.7335287672074897,0,,,,,
source_02_016,65537,bridge,1,1/2,4320964588249/3066612129,-0.15709044091622534,0,,,,,
source_02_016,65537,bridge,2,4/5,4320964588249/27599509161,0.6240164250449179,1,0.004203009789442974,0.6393467802005378,0.3257110852046291,0.5094435372028719,0.006573912498823654
source_02_016,65537,bridge,3,9/10,361,0.42524629313162354,1,0.006349519085564565,1.5457819084893052,0.3550150477747831,0.22966697036953926,0.004107642255801763
source_02_016,65537,bridge,4,97/100,38809/9,-1.0814913734420897,0,,,,,
source_02_016,65537,bridge,5,199/200,159201,-15.773220197865594,0,,,,,
source_02_016,65537,intersection,0,0,901400235241/9831714025,0.7131502223652356,1,0.010107994620328407,1.149085509169704,0.32596644469964475,0.28367466311117145,0.008796555643306433
source_02_016,65537,intersection,1,1/2,901400235241/88485426225,0.9050154271792815,1,0.0035994587310705568,0.13107451810149168,0.2769137075035417,2.112643338418578,0.027461163185688597
source_02_016,65537,intersection,2,4/5,4314946790025/3483251124409,0.9669490919892457,1,0.0027123942356069436,0.021291456855587483,0.3257110852046291,15.297735961132846,0.12739354822002866
source_02_016,65537,intersection,3,9/10,19230812237025/3483251124409,0.9301357216126719,1,0.0029029198552049692,0.07798260544201047,0.3550150477747831,4.552490209355468,0.03722522271153972
source_02_016,65537,intersection,4,97/100,229710246878025/3483251124409,0.7570854234613952,1,0.0037504731190442088,0.35750458339976027,0.37940667714982057,1.06126381245739,0.010490699401328917
source_02_016,65537,intersection,5,199/200,173077310133225/71086757641,-0.5390809704377412,0,,,,,
source_02_016,65537,lag,0,0,900576326169/9917968921,0.7145444645407922,1,0.010088271575634444,1.1409056569044287,0.32596644469964475,0.2857085007222032,0.008842336361979768
source_02_016,65537,lag,1,1/2,100064036241/9917968921,0.9054741053401315,1,0.0035976353844932377,0.1303764056273541,0.2769137075035417,2.123955681789733,0.02759422126405379
source_02_016,65537,lag,2,4/5,267908724801/217880767729,0.9670716343083039,1,0.002712050535028786,0.02115141995519378,0.3257110852046291,15.399017460510967,0.12822073131609474
source_02_016,65537,lag,3,9/10,1194012958681/217880767729,0.9303950884700785,1,0.002902110606306863,0.0776766694318904,0.3550150477747831,4.570420569925087,0.03736141916913076
source_02_016,65537,lag,4,97/100,128361354330889/1960926909561,0.7579925799563942,1,0.003745984597468633,0.3556722307796488,0.37940667714982057,1.0667312326243317,0.01053212557319213
source_02_016,65537,lag,5,199/200,526559714778321/217880767729,-0.5331024743951418,0,,,,,
source_02_017,16385,bridge,0,0,1085065972225/47761921,-10.76642859295539,0,,,,,
source_02_017,16385,bridge,1,1/2,1085065972225/429857289,-2.2951758233051223,0,,,,,
source_02_017,16385,bridge,2,4/5,1085065972225/3868715601,-0.028728936544669566,0,,,,,
source_02_017,16385,bridge,3,9/10,361,-0.17242034555566363,0,,,,,
source_02_017,16385,bridge,4,97/100,38809/9,-3.432619324687167,0,,,,,
source_02_017,16385,bridge,5,199/200,159201,-42.4503520129744,0,,,,,
source_02_017,16385,intersection,0,0,3718367886249/28508634025,0.3060281457911091,1,0.025478604267263998,7.275939908900747,0.32198929785717684,0.044253979814110805,0.003501761227590089
source_02_017,16385,intersection,1,1/2,413151987361/28508634025,0.7722755827581439,1,0.004508212579243377,0.38004412554859024,0.27624895109626624,0.7268865179734152,0.011862339860498602
source_02_017,16385,intersection,2,4/5,413151987361/256577706225,0.9244918091595044,1,0.0029893856096781988,0.05434409605100259,0.32608659378915145,6.0004051494961885,0.055008470595823776
source_02_017,16385,intersection,3,9/10,20362141828249/3458316719025,0.8552642302195268,1,0.0033162397884313895,0.17496572095800095,0.3555794498116851,2.0322806539747234,0.018953654294531355
source_02_017,16385,intersection,4,97/100,2189014853774281/31124850471225,0.49356580345320566,1,0.006037436636432436,1.2063934436599686,0.3800563407937847,0.3150351510870002,0.005004533693515442
source_02_017,16385,intersection,5,199/200,20362141828249/7841988025,-2.3465589681655823,0,,,,,
source_02_017,16385,lag,0,0,927578945881/7304608089,0.31546428224699496,1,0.02471649077264282,6.9479611457088915,0.32198929785717684,0.046342990570124254,0.0035573731997490935
source_02_017,16385,lag,1,1/2,927578945881/65741472801,0.7753259133030127,1,0.004490476117328098,0.37323697160518915,0.27624895109626624,0.7401435873520134,0.012031166414237585
source_02_017,16385,lag,2,4/5,927578945881/591673255209,0.9254980250884873,1,0.00298613550288511,0.05293042877113147,0.32608659378915145,6.160664127606704,0.05641623489953218
source_02_017,16385,lag,3,9/10,20097226238049/3464084052025,0.8563339194756251,1,0.00331209730850428,0.17342971280137967,0.3555794498116851,2.0502798745847683,0.01909763474207824
source_02_017,16385,lag,4,97/100,240059480785609/3464084052025,0.49735375444591046,1,0.005991454246843672,1.1872189809550593,0.3800563407937847,0.3201232012716374,0.00504662942806376
source_02_017,16385,lag,5,199/200,8862876770979609/3464084052025,-2.3195953092407775,0,,,,,
source_02_017,65537,bridge,0,0,16605672769/4879681,-0.8366638794805829,0,,,,,
source_02_017,65537,bridge,1,1/2,16605672769/43917129,0.4112574802856684,1,0.008449675576147692,1.99976574646514,0.2748258852652454,0.13742903925174127,0.004225332687632866
source_02_017,65537,bridge,2,4/5,81,0.7304248244390256,1,0.0038025730071109404,0.38294409545137753,0.32431611652296183,0.8469019900690448,0.009929838460177417
source_02_017,65537,bridge,3,9/10,361,0.42499787767235003,1,0.006720748427784451,1.5486600386699056,0.35363604647410835,0.2283496943446897,0.004339718375865555
source_02_017,65537,bridge,4,97/100,38809/9,-1.0824305518723287,0,,,,,
source_02_017,65537,bridge,5,199/200,159201,-15.782425757957014,0,,,,,
source_02_017,65537,intersection,0,0,898967563321/10087590969,0.7171125023080488,1,0.010778681736811162,1.142505447606993,0.32057402848812777,0.28058862140183083,0.009434249752933247
source_02_017,65537,intersection,1,1/2,898967563321/90788318721,0.9063190142387879,1,0.003834182260422374,0.1304581328584589,0.2748258852652454,2.1066213293380405,0.02939013594945657
source_02_017,65537,intersection,2,4/5,4379573264049/3476826390625,0.9666572824356836,1,0.0028732972601594052,0.02181830294351597,0.32431611652296183,14.864406153061648,0.1316920599919207
source_02_017,65537,intersection,3,9/10,19518838868169/3476826390625,0.9295180823806558,1,0.003072886770381797,0.07892192544910522,0.35363604647410835,4.480833994631308,0.03893578055648712
source_02_017,65537,intersection,4,97/100,233150697948529/3476826390625,0.7549250206891854,1,0.003977511406517082,0.3621883952633609,0.3779748953339867,1.043586432577849,0.010981885279965645
source_02_017,65537,intersection,5,199/200,175669549813521/70955640625,-0.5533256735578169,0,,,,,
source_02_017,65537,lag,0,0,224542351881/2543084041,0.7184311263981796,1,0.010758898310292229,1.1347544665011775,0.32057402848812777,0.2825051920496628,0.009481256631194819
source_02_017,65537,lag,1,1/2,24949150209/2543084041,0.9067528919969552,1,0.0038323476190131878,0.12979406710195227,0.2748258852652454,2.1173994420667297,0.029526369768526538
source_02_017,65537,lag,2,4/5,4351592086209/3479601506161,0.966777363066629,1,0.002872940376184796,0.021679557013972003,0.32431611652296183,14.959536134153808,0.13251840774851847
source_02_017,65537,lag,3,9/10,19394132631129/3479601506161,0.9297722447341582,1,0.0030720467666733296,0.07862142030887759,0.35363604647410835,4.4979605441467365,0.03907391592016874
source_02_017,65537,lag,4,97/100,231661093653889/3479601506161,0.7558140670011512,1,0.003972832753391722,0.36038014303775867,0.3779748953339867,1.048822757402548,0.011024005706594855
source_02_017,65537,lag,5,199/200,8552812490327889/3479601506161,-0.5474625423053608,0,,,,,
source_02_018,16385,bridge,0,0,4320199663081/347561449,-7.152041007765305,0,,,,,
source_02_018,16385,bridge,1,1/2,4320199663081/3128053041,-1.3748885052150663,0,,,,,
source_02_018,16385,bridge,2,4/5,4320199663081/28152477369,0.2464214424142411,1,0.009639855593729384,3.4510306397338133,0.3135827079750763,0.09086639346652214,0.002793326574021067
source_02_018,16385,bridge,3,9/10,361,-0.171391298417451,0,,,,,
source_02_018,16385,bridge,4,97/100,38809/9,-3.4284195888159066,0,,,,,
source_02_018,16385,bridge,5,199/200,159201,-42.39691809113181,0,,,,,
source_02_018,16385,intersection,0,0,938470750009/6372669241,0.262161929594575,1,0.02654166528539186,9.271765597864826,0.3134506498302006,0.03380700757818817,0.002862633336147333
source_02_018,16385,intersection,1,1/2,938470750009/57354023169,0.7581112575615697,1,0.004023550860789573,0.41144326886517507,0.26651631569890094,0.6477595718943092,0.009779114559067052
source_02_018,16385,intersection,2,4/5,938470750009/516186208521,0.9198212281905283,1,0.002582531308550905,0.059594963906952826,0.3135827079750763,5.261899452857816,0.04333472393041598
source_02_018,16385,intersection,3,9/10,4603486801/852464809,0.861535059444771,1,0.0028192034094334795,0.1616988441038828,0.341809337526294,2.113863827664098,0.01743490143703373
source_02_018,16385,intersection,4,97/100,494893959169/7672183281,0.5157623970520903,1,0.004942208772758492,1.0703719430919416,0.3652979832695795,0.3412813514285114,0.004617281688533544
source_02_018,16385,intersection,5,199/200,41431381209/17397241,-2.1889589975952233,0,,,,,
source_02_018,16385,lag,0,0,14631563521/102232321,0.27287291956977866,1,0.025499834123672842,8.758145459166876,0.3134506498302006,0.035789614512753,0.002911556361168101
source_02_018,16385,lag,1,1/2,14631563521/920090889,0.7615674106294861,1,0.004005291140826056,0.4034132103911192,0.26651631569890094,0.6606534164820896,0.009928507638465348
source_02_018,16385,lag,2,4/5,14631563521/8280818001,0.9209605928882983,1,0.002579336334708842,0.05791882037516806,0.3135827079750763,5.414176358286483,0.04453364757778629
source_02_018,16385,lag,3,9/10,290655765625/54647945361,0.8625890805993779,1,0.0028157585477959803,0.16024720510404467,0.341809337526294,2.1330127867401205,0.01757134263881717
source_02_018,16385,lag,4,97/100,31246702515625/491831508249,0.5194910279156785,1,0.00490673622140695,1.0535959106438302,0.3652979832695795,0.3467154528403149,0.004657132940472925
source_02_018,16385,lag,5,199/200,14242132515625/6071993929,-2.1625801148096335,0,,,,,
source_02_018,65537,bridge,0,0,4364744104809/63282025,-8.924235492288306,0,,,,,
source_02_018,65537,bridge,1,1/2,484971567201/63282025,-1.8330122726587004,0,,,,,
source_02_018,65537,bridge,2,4/5,53885729689/63282025,0.10844771186607036,1,0.022530190068118343,9.823956598407506,0.3266593036969886,0.03325129752201277,0.002293392671520002
source_02_018,65537,bridge,3,9/10,361,0.4254934584248253,1,0.005897979221469124,1.5471186145859195,0.3560913151966677,0.23016419803854163,0.0038122346702212585
source_02_018,65537,bridge,4,97/100,38809/9,-1.0805569541030986,0,,,,,
source_02_018,65537,bridge,5,199/200,159201,-15.764062579170004,0,,,,,
source_02_018,65537,intersection,0,0,3652559301889/34590420225,0.6920637049377107,1,0.009968433250451027,1.3174090243236587,0.3257379371887271,0.24725649450895246,0.00756669573868199
source_02_018,65537,intersection,1,1/2,3652559301889/311313782025,0.8980818743178571,1,0.00342609707102772,0.14409250333789145,0.2774523901128131,1.925515788022627,0.023777066756857243
source_02_018,65537,intersection,2,4/5,3652559301889/2801824038225,0.966108103217651,1,0.0025290622784939474,0.0221709646642528,0.3266593036969886,14.733653165018817,0.1140709173819425
source_02_018,65537,intersection,3,9/10,17333691390625/3526985412729,0.9341207521975314,1,0.002686538727200849,0.07325854174587272,0.3560913151966677,4.860748067193534,0.03667202026106675
source_02_018,65537,intersection,4,97/100,1863443848140625/31742868714561,0.7710190088603134,1,0.0034204425836886674,0.33014537977850444,0.3805700610705003,1.152734778011511,0.010360413300296533
source_02_018,65537,intersection,5,199/200,849350878140625/391887268081,-0.4474413607897534,0,,,,,
source_02_018,65537,lag,0,0,228072149761/2182664961,0.6936918156638076,1,0.0099450371071912,1.3068727291040299,0.3257379371887271,0.24924993071976306,0.007609797714586447
source_02_018,65537,lag,1,1/2,228072149761/19643984649,0.8986169874865663,1,0.0034240568807291697,0.14324747155833084,0.2774523901128131,1.9368746065429403,0.023903087736769458
source_02_018,65537,lag,2,4/5,228072149761/176795861841,0.9662856308953699,1,0.002528597634770857,0.02196193963021166,0.3266593036969886,14.873882234318863,0.11513544237652054
source_02_018,65537,lag,3,9/10,4302981855769/882470481201,0.934380086512407,1,0.002685793086652359,0.07295525898639044,0.3560913151966677,4.880954713122126,0.03681424922572593
source_02_018,65537,lag,4,97/100,462588428921161/7942234330809,0.7719254416348722,1,0.003416426131976977,0.32838700503136153,0.3805700610705003,1.158907189503906,0.010403658121766123
source_02_018,65537,lag,5,199/200,210846110932681/98052275689,-0.44149379099760816,0,,,,,
source_02_019,16385,bridge,0,0,17012767489/408321,-16.29386126514501,0,,,,,
source_02_019,16385,bridge,1,1/2,17012767489/3674889,-3.6141885861932725,0,,,,,
source_02_019,16385,bridge,2,4/5,17012767489/33074001,-0.41023710256200957,0,,,,,
source_02_019,16385,bridge,3,9/10,361,-0.17272489714384173,0,,,,,
source_02_019,16385,bridge,4,97/100,38809/9,-3.433862353919865,0,,,,,
source_02_019,16385,bridge,5,199/200,159201,-42.466170827697454,0,,,,,
source_02_019,16385,intersection,0,0,928603976881/7213954225,0.310511384978707,1,0.027587318002969742,7.099359827473668,0.3194511457430188,0.044997176295640255,0.0038858881185610764
source_02_019,16385,intersection,1,1/2,928603976881/64925588025,0.7737246856831973,1,0.004935713082583147,0.37556260754444326,0.2749434173296679,0.7320841100964284,0.013142184507809568
source_02_019,16385,intersection,2,4/5,928603976881/584330292225,0.9249698090081355,1,0.003279612461914006,0.05376902365754818,0.324912371007488,6.0427426221617155,0.06099445812521479
source_02_019,16385,intersection,3,9/10,20441439330841/3456598611249,0.8549085578319433,1,0.0036482712123176164,0.17546812108702606,0.3543476206877331,2.0194415856997128,0.020791646879880825
source_02_019,16385,intersection,4,97/100,2197539664793929/31109387501241,0.4923061600145066,1,0.00665963771332009,1.2116936900438235,0.37875402767072713,0.31258232239950734,0.005496139633341847
source_02_019,16385,intersection,5,199/200,20441439330841/7838092089,-2.355531686662587,0,,,,,
source_02_019,16385,lag,0,0,3706452796225/29562331969,0.31973738133681084,1,0.026791288166354735,6.788549348481681,0.3194511457430188,0.04705735045064774,0.0039465409752595885
source_02_019,16385,lag,1,1/2,3706452796225/266060987721,0.7767076372323423,1,0.00491675743919809,0.3689618478405826,0.2749434173296679,0.7451811588076791,0.013325923718060068
source_02_019,16385,lag,2,4/5,3706452796225/2394548889489,0.9259538616833813,1,0.003276127070740143,0.052400966436802046,0.324912371007488,6.200503408641272,0.06252035589250632
source_02_019,16385,lag,3,9/10,5044385732841/865582754689,0.8559728620880067,1,0.0036437350047454848,0.17394091846247978,0.3543476206877331,2.0371722986168335,0.02094811868853885
source_02_019,16385,lag,4,97/100,60254714036881/865582754689,0.4960752633340778,1,0.006609038813379553,1.192534420007466,0.37875402767072713,0.3176042731482383,0.005542010949535676
source_02_019,16385,lag,5,199/200,2224574108182881/865582754689,-2.3286928070220343,0,,,,,
source_02_019,65537,bridge,0,0,4257954009/80089,-7.495139205373237,0,,,,,
source_02_019,65537,bridge,1,1/2,473106001/80089,-1.4647217887484762,0,,,,,
source_02_019,65537,bridge,2,4/5,473106001/720801,0.21920287927376003,1,0.013970548016368156,4.152030695563401,0.3246723684150552,0.07819604242376618,0.0033647506583456143
source_02_019,65537,bridge,3,9/10,361,0.4248512109445534,1,0.007408244164216074,1.5504281991642863,0.3539665561399536,0.22830244982047482,0.004778192352415465
source_02_019,65537,bridge,4,97/100,38809/9,-1.0829850667183658,0,,,,,
source_02_019,65537,bridge,5,199/200,159201,-15.787861567083572,0,,,,,
source_02_019,65537,intersection,0,0,3624564861241/37373782329,0.7046934464551083,1,0.012073086954346572,1.2169528429734797,0.32267693144991844,0.26515154906207844,0.009920751674195868
source_02_019,65537,intersection,1,1/2,3624564861241/336364040961,0.9022339295739634,1,0.004243093118499584,0.13711863348624595,0.2755161493793683,2.0093268316228126,0.030944686441359545
source_02_019,65537,intersection,2,4/5,3624564861241/3027276368649,0.9674856929049056,1,0.0031653019498668893,0.02117815738952823,0.3246723684150552,15.3305295849578,0.14946068685994407
source_02_019,65537,intersection,3,9/10,1151708873329/218841518025,0.9317467263857121,1,0.003377958210112563,0.0766111064953507,0.3539665561399536,4.620303404199426,0.04409227806046061
source_02_019,65537,intersection,4,97/100,123813489376801/1969573662225,0.762719400208592,1,0.00433731684965313,0.3468614173959421,0.3783128500078342,1.090674347259529,0.012504466141594773
source_02_019,65537,intersection,5,199/200,56433734793121/24315724225,-0.5019785323078588,0,,,,,
source_02_019,65537,lag,0,0,226327596121/2357005401,0.7061706326103112,1,0.01204783215603586,1.20793209846835,0.32267693144991844,0.26713168054650643,0.009973931623567609
source_02_019,65537,lag,1,1/2,226327596121/21213048609,0.9027197112395735,1,0.0042408097775945616,0.1363668276381026,0.2755161493793683,2.0204044792370435,0.031098543913106524
source_02_019,65537,lag,2,4/5,226327596121/190917437481,0.9676468852690582,1,0.003164774668156667,0.02099670345616274,0.3246723684150552,15.463016329821079,0.15072721652540053
source_02_019,65537,lag,3,9/10,4575812983225/876079152081,0.9320052284286802,1,0.0033770212957351118,0.07630717710645928,0.3539665561399536,4.638705945655942,0.04425561819727246
source_02_019,65537,lag,4,97/100,491918908770025/7884712368729,0.7636232863019399,1,0.004332182851707846,0.34506541272391617,0.3783128500078342,1.0963511150580572,0.012554671352048801
source_02_019,65537,lag,5,199/200,4575812983225/1986574041,-0.49603212427660065,0,,,,,
source_02_020,16385,bridge,0,0,1080716180625/81018001,-7.511278149296616,0,,,,,
source_02_020,16385,bridge,1,1/2,120079575625/81018001,-1.4689333553727442,0,,,,,
source_02_020,16385,bridge,2,4/5,120079575625/729162009,0.2179288105490254,1,0.013041678490900772,4.222139935286257,0.32444241262730783,0.07684312163976417,0.0030888787891433446
source_02_020,16385,bridge,3,9/10,361,-0.17246990677380067,0,,,,,
source_02_020,16385,bridge,4,97/100,38809/9,-3.4328216061055827,0,,,,,
source_02_020,16385,bridge,5,199/200,159201,-42.45292613982387,0,,,,,
source_02_020,16385,intersection,0,0,3709449036049/29295403281,0.3164380729857332,1,0.024886036370609526,6.893511362793215,0.32582889184492053,0.04726602665856728,0.003610066780324539
source_02_020,16385,intersection,1,1/2,3709449036049/263658629529,0.7756407705580806,1,0.004574503296153469,0.3747762658430113,0.27606719512363087,0.7366186716830986,0.012205957828902818
source_02_020,16385,intersection,2,4/5,3709449036049/2372927665761,0.9256018953226383,1,0.0030706046470379356,0.05361771463241578,0.32444241262730783,6.051030239755109,0.057268473080005794
source_02_020,16385,intersection,3,9/10,20864184759289/3447501995025,0.8532449309346415,1,0.0034243653822052583,0.18090113269849833,0.35360619105127533,1.9546930733740542,0.01892948557659133
source_02_020,16385,intersection,4,97/100,2242986554912041/31027517955225,0.4864133112046529,1,0.006314179992936833,1.264994257113904,0.37789985096006823,0.29873641626030006,0.004991469295159247
source_02_020,16385,intersection,5,199/200,1022345053205161/383055777225,-2.3975490599335165,0,,,,,
source_02_020,16385,lag,0,0,3701341188769/30020760225,0.32569037280546514,1,0.02417906714753346,6.59361936517118,0.32582889184492053,0.04941578726336769,0.0036670401805800534
source_02_020,16385,lag,1,1/2,3701341188769/270186842025,0.7786329769791216,1,0.004556923950633158,0.3681257447679265,0.27606719512363087,0.7499263473074095,0.012378715738846056
source_02_020,16385,lag,2,4/5,3701341188769/2431681578225,0.9265890870719998,1,0.003067333212466344,0.05223288195198169,0.32444241262730783,6.211459151834119,0.05872418097255633
source_02_020,16385,lag,3,9/10,20593598292289/3453312339481,0.8543278529206706,1,0.0034200247528462717,0.1793111182064997,0.35360619105127533,1.9720260215211673,0.019073132703950214
source_02_020,16385,lag,4,97/100,2213897385389041/31079811055329,0.49024938723247946,1,0.006264773149935924,1.2446284148914324,0.37789985096006823,0.3036246372320144,0.005033448597975641
source_02_020,16385,lag,5,199/200,9081776846899449/3453312339481,-2.3701892205626383,0,,,,,
source_02_020,65537,bridge,0,0,1087283767441/34187409,-5.279533001421933,0,,,,,
source_02_020,65537,bridge,1,1/2,1087283767441/307686681,-0.8737343080799381,0,,,,,
source_02_020,65537,bridge,2,4/5,1087283767441/2769180129,0.39980449275787683,1,0.006982352553204141,1.6670703052795415,0.32245873988583085,0.19342839882914212,0.004188397172627528
source_02_020,65537,bridge,3,9/10,361,0.4249740097664176,1,0.006752779649859635,1.5359285430692615,0.3515063371837806,0.22885591831073201,0.004396545451499643
source_02_020,65537,bridge,4,97/100,38809/9,-1.0825207904282563,0,,,,,
source_02_020,65537,bridge,5,199/200,159201,-15.783310319298748,0,,,,,
source_02_020,65537,intersection,0,0,3615196468689/38331766225,0.7088867591441734,1,0.010913403893727662,1.1772482494904517,0.3217754036781642,0.2733284197427673,0.009270265552275241
source_02_020,65537,intersection,1,1/2,401688496521/38331766225,0.9036130099742349,1,0.0038571910116717376,0.13331206453654912,0.27393218835463684,2.054819189147994,0.028933547950675105
source_02_020,65537,intersection,2,4/5,29264602761/24259620025,0.9673703271910253,1,0.0028857365605749028,0.02087116601889651,0.32245873988583085,15.449962862347052,0.13826427128997923
source_02_020,65537,intersection,3,9/10,1173835732969/218336580225,0.9310272763419054,1,0.003082354210013543,0.0765342575397044,0.3515063371837806,4.5927973757559,0.04027417667721518
source_02_020,65537,intersection,4,97/100,126192218727961/1965029222025,0.7602035417526061,1,0.0039680758718028735,0.3485921389309986,0.3756690991283087,1.0776751887760436,0.011383147893040487
source_02_020,65537,intersection,5,199/200,57517950915481/24259620025,-0.5185385504601768,0,,,,,
source_02_020,65537,lag,0,0,3611919255025/38670042609,0.710308340869339,1,0.010891562258705205,1.1687781188610984,0.3217754036781642,0.27530922977212674,0.009318759551486432
source_02_020,65537,lag,1,1/2,3611919255025/348030383481,0.9040805931241167,1,0.003855196103765684,0.13259842018832177,0.27393218835463684,2.0658782206121837,0.029074223495953986
source_02_020,65537,lag,2,4/5,4186177380225/3496215613489,0.967491924996584,1,0.0028853738710018736,0.02073491290814492,0.32245873988583085,15.55148754732243,0.13915534074264013
source_02_020,65537,lag,3,9/10,18656914003225/3496215613489,0.9312846356847819,1,0.0030815024052874636,0.0762337250977572,0.3515063371837806,4.610903333570957,0.040421773976490646
source_02_020,65537,lag,4,97/100,2005695777150025/31465940521401,0.7611035415880565,1,0.003963383648686652,0.34680577408766156,0.3756690991283087,1.0832261951709934,0.011428251617531702
source_02_020,65537,lag,5,199/200,8227699075422225/3496215613489,-0.5126130184087281,0,,,,,
source_02_021,16385,bridge,0,0,4364409839689/64561225,-22.829141872839465,0,,,,,
source_02_021,16385,bridge,1,1/2,4364409839689/581051025,-5.07701163740399,0,,,,,
source_02_021,16385,bridge,2,4/5,4364409839689/5229459225,-0.8183332509632745,0,,,,,
source_02_021,16385,bridge,3,9/10,361,-0.17255463773254107,0,,,,,
source_02_021,16385,bridge,4,97/100,38809/9,-3.4331674336162337,0,,,,,
source_02_021,16385,bridge,5,199/200,159201,-42.45732705817685,0,,,,,
source_02_021,16385,intersection,0,0,3696579177201/30451297009,0.33097494041247416,1,0.024230511501709174,6.398779644881415,0.3200959147027899,0.05002452537318498,0.0037867394794712027
source_02_021,16385,intersection,1,1/2,410731019689/30451297009,0.7803425384975715,1,0.004601439393046444,0.36037730220725456,0.27088698136382977,0.7516760342693322,0.012768394027213555
source_02_021,16385,intersection,2,4/5,410731019689/274061673081,0.9271531674651253,1,0.0030825948033984677,0.05062354987370535,0.31816682916321704,6.284956901619374,0.0608925057821679
source_02_021,16385,intersection,3,9/10,1321044500689/215105802025,0.8521490640137164,1,0.00344377093154097,0.1791926813118065,0.3467276463968067,1.9349431230033265,0.019218256606968187
source_02_021,16385,intersection,4,97/100,142017772928641/1935952218225,0.48253068679560823,1,0.00639055517860436,1.2616859634669106,0.3705284766805398,0.2936772599596709,0.005065091761062427
source_02_021,16385,intersection,5,199/200,582580624803849/215105802025,-2.425270240652404,0,,,,,
source_02_021,16385,lag,0,0,922189534249/7791416361,0.33957413765070943,1,0.0236169107456915,6.144930526906151,0.3200959147027899,0.0520910551065175,0.00384331615179092
source_02_021,16385,lag,1,1/2,922189534249/70122747249,0.7831252024695908,1,0.004585089185470334,0.3543440329613603,0.27088698136382977,0.7644745111126757,0.01293965400560398
source_02_021,16385,lag,2,4/5,922189534249/631104725241,0.9280714182216437,1,0.0030795448279820454,0.04938664112365701,0.31816682916321704,6.442366233544275,0.062355826553810584
source_02_021,16385,lag,3,9/10,5217391473921/861846719449,0.8532131783692332,1,0.003439475913392787,0.17765455574760153,0.3467276463968067,1.9516957780098345,0.01936047121853346
source_02_021,16385,lag,4,97/100,62321251373161/861846719449,0.4863008226019141,1,0.006341011234236509,1.2417137946281116,0.3705284766805398,0.29840087005839505,0.00510666085990904
source_02_021,16385,lag,5,199/200,2300869639999161/861846719449,-2.3983517914212427,0,,,,,
source_02_021,65537,bridge,0,0,16999726689/474721,-5.727908306460238,0,,,,,
source_02_021,65537,bridge,1,1/2,1888858521/474721,-0.9955150881578858,0,,,,,
source_02_021,65537,bridge,2,4/5,209873169/474721,0.3622861943913188,1,0.007899021943580302,1.9745485463745671,0.3226018892648738,0.16338007483138225,0.004000419213841844
source_02_021,65537,bridge,3,9/10,361,0.42493320474432084,1,0.006917346511599132,1.5375945538233928,0.35167031515186575,0.22871459467477953,0.004498810492270809
source_02_021,65537,bridge,4,97/100,38809/9,-1.0826750646679382,0,,,,,
source_02_021,65537,bridge,5,199/200,159201,-15.784822616817634,0,,,,,
source_02_021,65537,intersection,0,0,3633106657041/36511948561,0.7008795278950098,1,0.011460850984001136,1.2437276699628677,0.3216197924246481,0.25859342056308054,0.009214920002819673
source_02_021,65537,intersection,1,1/2,403678517449/36511948561,0.9009798479332859,1,0.003983116744317809,0.1382697819425863,0.2739908299798496,1.9815669492674741,0.028806849105842355
source_02_021,65537,intersection,2,4/5,403678517449/328607537049,0.9670695795297933,1,0.0029591527434299396,0.021312941786196107,0.3226018892648738,15.136431774698295,0.13884299845207262
source_02_021,65537,intersection,3,9/10,18083305487809/3509399008921,0.9324745130567861,1,0.0031522687004762804,0.0749794032660672,0.35167031515186575,4.690225579736219,0.04204179498855622
source_02_021,65537,intersection,4,97/100,1944030478327921/31584591080289,0.7652641004059779,1,0.004036533113791396,0.3388931808113886,0.3758454732617087,1.1090381705581913,0.01191093047115024
source_02_021,65537,intersection,5,199/200,7974737720123769/3509399008921,-0.4852420008678304,0,,,,,
source_02_021,65537,lag,0,0,907441044409/9211968441,0.7023985756729485,1,0.011436065084906945,1.2343098732719988,0.3216197924246481,0.26056649095099177,0.009265149159498649
source_02_021,65537,lag,1,1/2,907441044409/82907715969,0.9014793111355666,1,0.003980909904715834,0.13749736319855918,0.2739908299798496,1.992698795133845,0.028952627251236988
source_02_021,65537,lag,2,4/5,907441044409/746169443721,0.9672353021464389,1,0.0029586457328456416,0.02112526688776447,0.3226018892648738,15.270902421200718,0.14005246648785571
source_02_021,65537,lag,3,9/10,49750856401/9729257769,0.9327330581156925,1,0.0031513949204705627,0.07467838715152558,0.35167031515186575,4.709131096234201,0.04219955787309988
source_02_021,65537,lag,4,97/100,1930780986066409/31610358491481,0.7661680258596673,1,0.004031770809827951,0.33712497994135765,0.3758454732617087,1.1148550111210578,0.011959276380318276
source_02_021,65537,lag,5,199/200,49750856401/22061809,-0.4793000977895206,0,,,,,
source_02_022,16385,bridge,0,0,4355356128601/104101209,-16.3174920190937,0,,,,,
source_02_022,16385,bridge,1,1/2,4355356128601/936910881,-3.6196451835450945,0,,,,,
source_02_022,16385,bridge,2,4/5,4355356128601/8432197929,-0.41178704383138653,0,,,,,
source_02_022,16385,bridge,3,9/10,361,-0.17148929869471982,0,,,,,
source_02_022,16385,bridge,4,97/100,38809/9,-3.428819524758796,0,,,,,
source_02_022,16385,bridge,5,199/200,159201,-42.4020057431219,0,,,,,
source_02_022,16385,intersection,0,0,933358871025/6801465841,0.288299162259684,1,0.022387737428859716,7.552234645257961,0.32626354239240346,0.04320092763500985,0.0029643858381594316
source_02_022,16385,intersection,1,1/2,103706541225/6801465841,0.7665477807653537,1,0.003838642128654961,0.3807037660775338,0.2741267281220229,0.7200525777467471,0.01008301590553004
source_02_022,16385,intersection,2,4/5,11522949025/6801465841,0.9226027484046133,1,0.0025846911566315533,0.056129827619101055,0.32113357283535954,5.721264191555745,0.04604844280248563
source_02_022,16385,intersection,3,9/10,20453123835169/3456345765625,0.8550095878934862,1,0.002873669104443065,0.1739283042057423,0.3498506766190659,2.0114648861591986,0.01652214754559879
source_02_022,16385,intersection,4,97/100,2198795797559761/31107111890625,0.4926639738778232,1,0.005245690495944369,1.2048400026566743,0.3738344755425738,0.31027727724699394,0.004353848215844106
source_02_022,16385,intersection,5,199/200,9019827611309529/3456345765625,-2.3529825830729676,0,,,,,
source_02_022,16385,lag,0,0,931172890729/6989461609,0.2990047386003516,1,0.02158616607831391,7.155535499334704,0.32626354239240346,0.045595964470127814,0.0030167086838323864
source_02_022,16385,lag,1,1/2,931172890729/62905154481,0.7700059799222306,1,0.003821402276862891,0.37309485795565056,0.2741267281220229,0.7347373523829376,0.01024244155441332
source_02_022,16385,lag,2,4/5,931172890729/566146390329,0.9237432229802376,1,0.0025815000376315468,0.054500219253586085,0.32113357283535954,5.892335429719012,0.047366782610910055
source_02_022,16385,lag,3,9/10,5043532299961/865601362129,0.8561335471581092,1,0.002869896460532403,0.1723229154982711,0.3498506766190659,2.0302040248534206,0.016654177723456613
source_02_022,16385,lag,4,97/100,542200678751209/7790412259161,0.49664425268937734,1,0.005203649718023524,1.1847189138205885,0.3738344755425738,0.3155469801161515,0.004392307455649817
source_02_022,16385,lag,5,199/200,45391790699649/17665333921,-2.3246435916688606,0,,,,,
source_02_022,65537,bridge,0,0,4301529924169/535413321,-1.9067257098095738,0,,,,,
source_02_022,65537,bridge,1,1/2,4301529924169/4818719889,0.08643657158062523,1,0.03498311264142386,15.808993338562697,0.275566490701331,0.017430995434044794,0.002212861495493831
source_02_022,65537,bridge,2,4/5,4301529924169/43368479001,0.701628317362114,1,0.0034391270957580787,0.4424056380853861,0.3240405578088295,0.732451239118902,0.0077736963539653476
source_02_022,65537,bridge,3,9/10,361,0.42544626164700483,1,0.005826429725293765,1.5389430803136166,0.3531842022525409,0.22949789811626206,0.0037859942968822566
source_02_022,65537,bridge,4,97/100,38809/9,-1.080735381098911,0,,,,,
source_02_022,65537,bridge,5,199/200,159201,-15.765811123046094,0,,,,,
source_02_022,65537,intersection,0,0,3642620359225/35565056569,0.6967499813226964,1,0.009668338992642722,1.2654936632437612,0.32463259960095187,0.25652645211106095,0.00763997424361689
source_02_022,65537,intersection,1,1/2,3642620359225/320085509121,0.8996222239845099,1,0.003361211227698144,0.140151274941863,0.275566490701331,1.966207519807725,0.02398273743205282
source_02_022,65537,intersection,2,4/5,3642620359225/2880769582089,0.9666191372774601,1,0.0024963182129701268,0.021433422028108016,0.3240405578088295,15.118470460940829,0.11646848597934704
source_02_022,65537,intersection,3,9/10,17758040412841/3516978880321,0.9332169403156412,1,0.0026562234763299565,0.073893065845095,0.3531842022525409,4.779666376178451,0.035946857069082835
source_02_022,65537,intersection,4,97/100,1909063131251929/31652809922889,0.7678596691977823,1,0.003392659021577085,0.33446964390823297,0.377447975930316,1.128496958707185,0.010143398910389352
source_02_022,65537,intersection,5,199/200,7831295822062881/3516978880321,-0.4681847241442293,0,,,,,
source_02_022,65537,lag,0,0,3639216274929/35902291441,0.6983349756715168,1,0.009646394992700456,1.255559160757922,0.32463259960095187,0.25855619531698243,0.007682947402396698
source_02_022,65537,lag,1,1/2,404357363881/35902291441,0.9001432748179553,1,0.0033592655797545622,0.139340493635072,0.275566490701331,1.9776483024599456,0.02410832265710472
source_02_022,65537,lag,2,4/5,404357363881/323120622969,0.9667920119312573,1,0.002495871839663863,0.021234214952407397,0.3240405578088295,15.260303172738293,0.11754010427312253
source_02_022,65537,lag,3,9/10,17634313658329/3519882538225,0.9334780613856983,1,0.0026554804530655204,0.07358863504541517,0.3531842022525409,4.799439506311994,0.036085469603107774
source_02_022,65537,lag,4,97/100,1895761991041801/31678942844025,0.7687724862778966,1,0.003388630681389088,0.3326918219194568,0.377447975930316,1.1345273645520944,0.010185494376863466
source_02_022,65537,lag,5,199/200,7776732323323089/3519882538225,-0.46218929033871264,0,,,,,
source_02_023,16385,bridge,0,0,66406201/1849,-14.698476848069767,0,,,,,
source_02_023,16385,bridge,1,1/2,66406201/16641,-3.242517047681302,0,,,,,
source_02_023,16385,bridge,2,4/5,66406201/149769,-0.3041380638557724,0,,,,,
source_02_023,16385,bridge,3,9/10,361,-0.17189978301370784,0,,,,,
source_02_023,16385,bridge,4,97/100,38809/9,-3.430494747577296,0,,,,,
source_02_023,16385,bridge,5,199/200,159201,-42.42331835827835,0,,,,,
source_02_023,16385,intersection,0,0,3688577601489/31182262225,0.34013339953511673,1,0.020115217379362057,6.0277460184333265,0.3196621730368969,0.053031791993117264,0.003337104336819787
source_02_023,16385,intersection,1,1/2,409841955721/31182262225,0.7833062123545846,1,0.00394239174013336,0.3505013370497786,0.2742077087024792,0.7823299934046639,0.011247865053289246
source_02_023,16385,intersection,2,4/5,409841955721/280640360025,0.9281311536562926,1,0.002669855504520183,0.048898271290708374,0.32367297364475067,6.619313221125158,0.054600202298511674
source_02_023,16385,intersection,3,9/10,21505710630625/3433894367929,0.8507679888340661,1,0.0029952817921194844,0.18101986058149747,0.3529510525493282,1.9497918704363661,0.016546702568975686
source_02_023,16385,intersection,4,97/100,2311953251700625/30905049311361,0.47763658518887675,1,0.005608724105872078,1.2898535964863331,0.3772506308165357,0.29247554284005356,0.0043483416421450476
source_02_023,16385,intersection,5,199/200,9484018388105625/3433894367929,-2.460255199038937,0,,,,,
source_02_023,16385,lag,0,0,3680776546225/31904032689,0.34851051553852425,1,0.019631709703387647,5.797399158992534,0.3196621730368969,0.055138893195073264,0.0033862960208520853
source_02_023,16385,lag,1,1/2,3680776546225/287136294201,0.7860180510369909,1,0.003928790105402469,0.3447211690979887,0.2742077087024792,0.7954478380889172,0.011397008532091888
source_02_023,16385,lag,2,4/5,3680776546225/2584226647809,0.9290261517372358,1,0.002667283439623546,0.04771087251352151,0.32367297364475067,6.784050607186445,0.055905149059422954
source_02_023,16385,lag,3,9/10,21235885114081/3439589379769,0.8518354354412889,1,0.002991528363635944,0.17946910574338895,0.3529510525493282,1.9666396123575143,0.016668765084912905
source_02_023,16385,lag,4,97/100,2282945887513489/30956304417921,0.4814193816583208,1,0.00556465304734366,1.2693481113186005,0.3772506308165357,0.29720029316831553,0.004383866803538307
source_02_023,16385,lag,5,199/200,9365025335309721/3439589379769,-2.4332101739412986,0,,,,,
source_02_023,65537,bridge,0,0,4293992118025/622851849,-1.676603746316124,0,,,,,
source_02_023,65537,bridge,1,1/2,4293992118025/5605666641,0.15532300494455306,1,0.019807467584494705,7.906183257121104,0.2739592411174906,0.034651263727125896,0.002505313492025891
source_02_023,65537,bridge,2,4/5,4293992118025/50450999769,0.7237214742833615,1,0.0034127425520376824,0.3919916077639246,0.3226101377899883,0.8230026648536797,0.008706162286242089
source_02_023,65537,bridge,3,9/10,361,0.42524857451397374,1,0.005973384253313523,1.5295850120747474,0.3516849410630019,0.22992180119885738,0.003905231946023813
source_02_023,65537,bridge,4,97/100,38809/9,-1.0814827484262899,0,,,,,
source_02_023,65537,bridge,5,199/200,159201,-15.773135663954173,0,,,,,
source_02_023,65537,intersection,0,0,904653983689/9495138249,0.7075290440636058,1,0.009631085616409464,1.1754398025427513,0.3214527904851384,0.27347448145771547,0.008193601744279182
source_02_023,65537,intersection,1,1/2,904653983689/85456244241,0.903166461519479,1,0.0034064101321804804,0.13286198474103741,0.2739592411174906,2.061983656585194,0.025638711771617344
source_02_023,65537,intersection,2,4/5,261979161921/218478651889,0.9674832528335502,1,0.0025528866405454985,0.02036035625439323,0.3226101377899883,15.845014387721115,0.12538516559574703
source_02_023,65537,intersection,3,9/10,1167586141401/218478651889,0.9312662813042268,1,0.0027276550109688416,0.07572164062529778,0.3516849410630019,4.644444285132245,0.03602213301830602
source_02_023,65537,intersection,4,97/100,13946706851841/218478651889,0.7610393565997439,1,0.003508961662193671,0.3456817558457715,0.375862510074477,1.0873079175233387,0.010150844245766967
source_02_023,65537,intersection,5,199/200,514905488357841/218478651889,-0.5130355520923826,0,,,,,
source_02_023,65537,lag,0,0,903824785809/9580298641,0.7089797643770104,1,0.009611378408607645,1.166825530578198,0.3214527904851384,0.27549344958697347,0.008237202698028821
source_02_023,65537,lag,1,1/2,100424976201/9580298641,0.9036436001141115,1,0.0034046114919389016,0.1321369219258756,0.2739592411174906,2.073298190426841,0.025765784780795598
source_02_023,65537,lag,2,4/5,462621706569/388723569529,0.9676056760113334,1,0.0025525636448223395,0.02022411397318211,0.3226101377899883,15.95175631514838,0.12621386767336898
source_02_023,65537,lag,3,9/10,18556270674601/3498512125761,0.9315253852514984,1,0.002726896313255041,0.07542010292086226,0.3516849410630019,4.663013274219769,0.03615609376874429
source_02_023,65537,lag,4,97/100,1994876201137369/31486609131849,0.7619454207404283,1,0.003504788995429613,0.34389258150806756,0.375862510074477,1.0929648683499136,0.01019152253898618
source_02_023,65537,lag,5,199/200,909257263055449/388723569529,-0.5070716661158611,0,,,,,
source_02_024,16385,bridge,0,0,273797888049/1062961,-61.105424925489466,0,,,,,
source_02_024,16385,bridge,1,1/2,30421987561/1062961,-12.593690505904416,0,,,,,
source_02_024,16385,bridge,2,4/5,30421987561/9566649,-2.7414393016801304,0,,,,,
source_02_024,16385,bridge,3,9/10,273797888049/383728921,-0.6738103367710304,0,,,,,
source_02_024,16385,bridge,4,97/100,38809/9,-3.4324563179891823,0,,,,,
source_02_024,16385,bridge,5,199/200,159201,-42.448277706799054,0,,,,,
source_02_024,16385,intersection,0,0,3641452411081/35680565449,0.3878058863084171,1,0.020835099370503544,4.970239427287314,0.32111995582917796,0.06460854864781447,0.004191970965446034
source_02_024,16385,intersection,1,1/2,3641452411081/321125089041,0.7987516333638324,1,0.004557443479504013,0.32570518333307075,0.27498454404584205,0.8442743871369064,0.013992542067847618
source_02_024,16385,intersection,2,4/5,1294031378025/850417796761,0.9266063550556202,1,0.0031464346159297087,0.052386602152031864,0.32436258663777234,6.191708820824746,0.06006181898948893
source_02_024,16385,intersection,3,9/10,5767226265025/850417796761,0.84461462427535,1,0.003548479441428678,0.19420915970342362,0.3536651491120711,1.8210528774860688,0.018271431928584384
source_02_024,16385,intersection,4,97/100,620000787034225/7653760170849,0.45581752609403353,1,0.006911443145809689,1.4432906019606893,0.37799779928981764,0.26189999351226506,0.004788670511967994
source_02_024,16385,intersection,5,199/200,2543346782876025/850417796761,-2.616795535523078,0,,,,,
source_02_024,16385,lag,0,0,908565456969/9099061321,0.39458960805846477,1,0.020476905657649484,4.823344517656026,0.32111995582917796,0.06657620135856082,0.004245374880996585
source_02_024,16385,lag,1,1/2,100951717441/9099061321,0.8009520427921157,1,0.004544923077450713,0.3211199765353685,0.27498454404584205,0.8563296093027553,0.014153348933588161
source_02_024,16385,lag,2,4/5,5115816141489/3407121613921,0.9270948099253871,1,0.0031447768660490057,0.05170777284269961,0.32436258663777234,6.272994731846542,0.06081826180399884
source_02_024,16385,lag,3,9/10,22800118852809/3407121613921,0.8456516719160324,1,0.0035441278362052108,0.19264596643577145,0.3536651491120711,1.8358295045330404,0.01839710377422737
source_02_024,16385,lag,4,97/100,272345279334769/3407121613921,0.45949630507537237,1,0.00685610935640881,1.4208690103914237,0.37799779928981764,0.26603282675979123,0.004825293046908015
source_02_024,16385,lag,5,199/200,10054852414088769/3407121613921,-2.590337155071585,0,,,,,
source_02_024,65537,bridge,0,0,1086620692921/38007225,-4.90474432115644,0,,,,,
source_02_024,65537,bridge,1,1/2,1086620692921/342065025,-0.7710087076343053,0,,,,,
source_02_024,65537,bridge,2,4/5,1086620692921/3078585225,0.43157925294610283,1,0.006672920265606468,1.4634899524343465,0.324312893653277,0.22160240534198405,0.004559594177265676
source_02_024,65537,bridge,3,9/10,361,0.4250171115393547,1,0.006964017963988518,1.5472538882639482,0.3534666242474591,0.2284477207835982,0.004500888972915941
source_02_024,65537,bridge,4,97/100,38809/9,-1.0823578336741122,0,,,,,
source_02_024,65537,bridge,5,199/200,159201,-15.781712948271588,0,,,,,
source_02_024,65537,intersection,0,0,56835990409/563635081,0.6989043811907519,1,0.011473215807480836,1.2534826409440898,0.3251797395556398,0.2594210154443966,0.00915307115768234
source_02_024,65537,intersection,1,1/2,56835990409/5072715729,0.9003304701425774,1,0.003998686958510273,0.1396787751421906,0.27586781698003393,1.975016008689976,0.028627734990084773
source_02_024,65537,intersection,2,4/5,56835990409/45654441561,0.9668541207600065,1,0.002978623022194472,0.021689849524133484,0.324312893653277,14.952288778786878,0.13732797080405143
source_02_024,65537,intersection,3,9/10,280744201609/54876342049,0.932726811218025,1,0.003173305156627172,0.0751829183146811,0.3534666242474591,4.701421974177838,0.042207794373519486
source_02_024,65537,intersection,4,97/100,30181168200121/493887078441,0.7661461859158638,1,0.0040605571352039715,0.33946519591259583,0.3777433337450592,1.1127601247296028,0.011961630188001563
source_02_024,65537,intersection,5,199/200,123808192909569/54876342049,-0.4794436414757042,0,,,,,
source_02_024,65537,lag,0,0,908527329889/9102877281,0.7004645533083114,1,0.011447661064821795,1.243769187323232,0.3251797395556398,0.261447013537514,0.009204007609690661
source_02_024,65537,lag,1,1/2,908527329889/81925895529,0.9008434101203235,1,0.003996410107310088,0.13888183697015502,0.27586781698003393,1.9863491367796098,0.028775613820321913
source_02_024,65537,lag,2,4/5,908527329889/737333059761,0.967024309930947,1,0.002978098806435379,0.021494633301347127,0.324312893653277,15.08808683109525,0.13855080776133705
source_02_024,65537,lag,3,9/10,4460793219481/878746882225,0.9329884965344158,1,0.003172415105606178,0.07487642858252311,0.3534666242474591,4.720666182120253,0.04236867550526643
source_02_024,65537,lag,4,97/100,479553806246089/7908721940025,0.7670610511301571,1,0.004055714153712244,0.337668186747875,0.3777433337450592,1.1186820333391576,0.012010945398123937
source_02_024,65537,lag,5,199/200,1967209809791121/878746882225,-0.473431508763177,0,,,,,
source_02_025,16385,bridge,0,0,270823445649/15062161,-9.185586626872686,0,,,,,
source_02_025,16385,bridge,1,1/2,30091493961/15062161,-1.8993996796758872,0,,,,,
source_02_025,16385,bridge,2,4/5,3343499329/15062161,0.08862186928748295,1,0.02867211236522701,12.206869521784416,0.32412003049733634,0.02655226468333349,0.0023488505643530205
source_02_025,16385,bridge,3,9/10,361,-0.17190694418422747,0,,,,,
source_02_025,16385,bridge,4,97/100,38809/9,-3.4305239736593687,0,,,,,
source_02_025,16385,bridge,5,199/200,159201,-42.42369020616215,0,,,,,
source_02_025,16385,intersection,0,0,14348446225/127396369,0.3564639165596056,1,0.019461768303468577,5.525095180495867,0.3180145633030192,0.05755820540895696,0.003522431318861356
source_02_025,16385,intersection,1,1/2,14348446225/1146567321,0.7885936167427015,1,0.003993250241589375,0.33737590371603704,0.27411680762685636,0.8124966976230031,0.011836204653638863
source_02_025,16385,intersection,2,4/5,4980899994849/3419448180625,0.9282231183456346,1,0.002737462732835113,0.04882737929157233,0.32412003049733634,6.638079602058017,0.05606409298537967
source_02_025,16385,intersection,3,9/10,61492592529/9472155625,0.8480470559699799,1,0.0030844693084485803,0.18519803293341996,0.3535114175001926,1.9088292240516536,0.0166549787791616
source_02_025,16385,intersection,4,97/100,265162891495329/3419448180625,0.4679912062658977,1,0.005877648597336552,1.3451784494964805,0.3778706731008858,0.2809074686279193,0.004369419239162387
source_02_025,16385,intersection,5,199/200,27118233305289/9472155625,-2.5293412001989832,0,,,,,
source_02_025,16385,lag,0,0,3665459582521/33347507769,0.3644242938769642,1,0.019036651148653085,5.328109861448914,0.3180145633030192,0.05968618732957939,0.0035728713640818775
source_02_025,16385,lag,1,1/2,3665459582521/300127569921,0.7911723129342652,1,0.003980234898380818,0.33199478651302633,0.27411680762685636,0.8256660006801071,0.011988847596631302
source_02_025,16385,lag,2,4/5,4919306638401/3425138608369,0.9287288322982943,1,0.002735972122173813,0.04815557389718448,0.32412003049733634,6.730685656230684,0.05681527392893925
source_02_025,16385,lag,3,9/10,21924317240281/3425138608369,0.8491206127735336,1,0.003080569564452705,0.18362530739958188,0.3535114175001926,1.9251780841457016,0.016776388876230248
source_02_025,16385,lag,4,97/100,2356955201601289/30826247475321,0.47179734861069234,1,0.005830231698364945,1.3236267653906997,0.3778706731008858,0.28548128746047857,0.0044047399545022155
source_02_025,16385,lag,5,199/200,9668623902963921/3425138608369,-2.5020576170025297,0,,,,,
source_02_025,65537,bridge,0,0,1080520749361/82719025,-2.795196899391505,0,,,,,
source_02_025,65537,bridge,1,1/2,1080520749361/744471225,-0.17501813778798456,0,,,,,
source_02_025,65537,bridge,2,4/5,1080520749361/6700241025,0.6183325646642849,1,0.004171408491588936,0.6613979013630031,0.32560181893620943,0.49229339595002036,0.006306957556098277
source_02_025,65537,bridge,3,9/10,361,0.4252451257521085,1,0.0062348561313047175,1.5565823480083194,0.3549731628861509,0.2280465041508062,0.004005477859415758
source_02_025,65537,bridge,4,97/100,38809/9,-1.081495786849253,0,,,,,
source_02_025,65537,bridge,5,199/200,159201,-15.773263453779064,0,,,,,
source_02_025,65537,intersection,0,0,3597800923369/40146133225,0.7164307713629742,1,0.009985767812237305,1.1498292171465991,0.32367006274849874,0.2814940322630817,0.008684566075836769
source_02_025,65537,intersection,1,1/2,3597800923369/361315199025,0.9060947087610997,1,0.0035556355232394055,0.1311970028149419,0.2763276196550219,2.106203752571939,0.027101499629947776
source_02_025,65537,intersection,2,4/5,484094501361/386564358049,0.9667688131126329,1,0.0026679777790536365,0.021615587616673156,0.32560181893620943,15.063287878653686,0.12342841778660209
source_02_025,65537,intersection,3,9/10,19417568332369/3479079222441,0.9297541480019182,1,0.002851659425559787,0.07891576573092907,0.3549731628861509,4.498127333598539,0.03613548445164678
source_02_025,65537,intersection,4,97/100,2087469278146561/31311713001969,0.7557507668600613,1,0.003687583046762255,0.3625045179806967,0.37938472038083304,1.0465654952224215,0.010172516103533412
source_02_025,65537,intersection,5,199/200,951460848286081/386564358049,-0.5478799435110031,0,,,,,
source_02_025,65537,lag,0,0,224663676169/2530190601,0.7177508910936405,1,0.009967401538815196,1.1420262786287716,0.32367006274849874,0.2834173510763068,0.008727821526824263
source_02_025,65537,lag,1,1/2,224663676169/22771715409,0.9065290653561038,1,0.0035539318671758864,0.1305284099628412,0.2763276196550219,2.116992153154143,0.027227266984923965
source_02_025,65537,lag,2,4/5,4329017035641/3481847772841,0.9668884421292065,1,0.0026676476814497746,0.021476914656317583,0.32560181893620943,15.16054908941175,0.12421000521436944
source_02_025,65537,lag,3,9/10,53444654761/9645007681,0.9300073522823871,1,0.002850883031296646,0.07861469362888933,0.3549731628861509,4.515353892515907,0.036263997221112405
source_02_025,65537,lag,4,97/100,2074133606619649/31336629955569,0.7566364266983393,1,0.003683266648437258,0.36069650043596496,0.37938472038083304,1.0518114811823238,0.010211539740433812
source_02_025,65537,lag,5,199/200,23569092749601/9645007681,-0.5420406543950417,0,,,,,
source_02_026,16385,bridge,0,0,4333495707025/238609809,-9.257007818001748,0,,,,,
source_02_026,16385,bridge,1,1/2,4333495707025/2147488281,-1.9174925793356676,0,,,,,
source_02_026,16385,bridge,2,4/5,4333495707025/19327394529,0.08322580985087911,1,0.03536239765543584,13.187651469441676,0.32871288171677,0.024925809002342907,0.0026814780279397978
source_02_026,16385,bridge,3,9/10,361,-0.17278363605277713,0,,,,,
source_02_026,16385,bridge,4,97/100,38809/9,-3.434102102225045,0,,,,,
source_02_026,16385,bridge,5,199/200,159201,-42.46922205597944,0,,,,,
source_02_026,16385,intersection,0,0,3673704389481/32566172521,0.3554674776156755,1,0.022647362359701027,5.603471959192696,0.3253436868961895,0.05806108949335448,0.0040416660464495085
source_02_026,16385,intersection,1,1/2,408189376609/32566172521,0.7882708902794453,1,0.004628407735438359,0.34116576050298203,0.2786462930113197,0.8167475323447182,0.01356644854575875
source_02_026,16385,intersection,2,4/5,310510845225/213788791129,0.928275650129687,1,0.0031704636254665393,0.04951847264179545,0.32871288171677,6.638187007394165,0.06402587673494899
source_02_026,16385,intersection,3,9/10,1383881668225/213788791129,0.8481585752087679,1,0.003575142358296129,0.18697875621637744,0.35841591545798207,1.9168804131053927,0.01912058049075301
source_02_026,16385,intersection,4,97/100,148773029535025/1924099120161,0.46838661291203043,1,0.006809568352496478,1.3548882841157028,0.3830797549015507,0.2827389972979034,0.005025926072525522
source_02_026,16385,intersection,5,199/200,610291815687225/213788791129,-2.526505489165142,0,,,,,
source_02_026,16385,lag,0,0,229124011561/2081093161,0.3634221877195949,1,0.022151649086605992,5.403648613872716,0.3253436868961895,0.06020815011193343,0.004099387408303411
source_02_026,16385,lag,1,1/2,229124011561/18729838449,0.7908476412019868,1,0.004613327392170138,0.3357416702985218,0.2786462930113197,0.8299425351746292,0.013740705430065435
source_02_026,16385,lag,2,4/5,1226704659489/856574313169,0.9287802385808185,1,0.0031687411735196857,0.04884370385453308,0.32871288171677,6.729892612070263,0.06487512050594832
source_02_026,16385,lag,3,9/10,5467165210809/856574313169,0.8492297384640844,1,0.003570632905843771,0.18539690464697955,0.35841591545798207,1.9332357039102344,0.019259398708099968
source_02_026,16385,lag,4,97/100,65304775212769/856574313169,0.47218420073679107,1,0.006754801730006855,1.3332382920854176,0.3830797549015507,0.28733029734868104,0.005066462439689731
source_02_026,16385,lag,5,199/200,2411019857966769/856574313169,-2.499286127066976,0,,,,,
source_02_026,65537,bridge,0,0,4293569400649/627953481,-1.666790229388047,0,,,,,
source_02_026,65537,bridge,1,1/2,4293569400649/5651581329,0.15827194155025112,1,0.023222918946649337,7.828786940667945,0.27727175544865496,0.03541694997577726,0.002966349591916213
source_02_026,65537,bridge,2,4/5,4293569400649/50864231961,0.7246686491848541,1,0.004051541080100164,0.39365890265889675,0.3270593806915583,0.830819215525156,0.010292009281981875
source_02_026,65537,bridge,3,9/10,361,0.42482292346103473,1,0.007101125723319111,1.5437569933387998,0.3566077058717444,0.23099989662264264,0.004599898658895122
source_02_026,65537,bridge,4,97/100,38809/9,-1.08309201682954,0,,,,,
source_02_026,65537,bridge,5,199/200,159201,-15.78891003203605,0,,,,,
source_02_026,65537,intersection,0,0,3632107944481/36612143649,0.7012780523017103,1,0.011664498362674202,1.2361136112453868,0.3238168810359984,0.261963688523543,0.009436429027686377
source_02_026,65537,intersection,1,1/2,3632107944481/329509292841,0.9011108795458579,1,0.004078894788178233,0.13834674806097963,0.27727175544865496,2.0041797825738614,0.029483127325698782
source_02_026,65537,intersection,2,4/5,3632107944481/2965583635569,0.9671130556388364,1,0.0030358651292259823,0.021397252106078703,0.3270593806915583,15.285111334396284,0.14188107492379964
source_02_026,65537,intersection,3,9/10,18192383154009/3506874202225,0.9322334708135561,1,0.0032360144578504565,0.07559026971058956,0.3566077058717444,4.717640342296419,0.04280993400658707
source_02_026,65537,intersection,4,97/100,217306308963969/3506874202225,0.7644213327756554,1,0.0041476476497613055,0.34183691629905827,0.38114488740239205,1.1149904215405013,0.012133410559240795
source_02_026,65537,intersection,5,199/200,8022840970917969/3506874202225,-0.4907834110470607,0,,,,,
source_02_026,65537,lag,0,0,56698753225/577392841,0.7028138315171294,1,0.0116390092596709,1.2266452189711803,0.3238168810359984,0.26398576868672113,0.009488488667842234
source_02_026,65537,lag,1,1/2,56698753225/5196535569,0.9016158532541652,1,0.00407661029570891,0.13756497210226634,0.27727175544865496,2.0155694521024583,0.029634072056354155
source_02_026,65537,lag,2,4/5,56698753225/46768820121,0.9672806076864019,1,0.0030353392576076615,0.021207173794407865,0.3270593806915583,15.422110643418257,0.14312794750652028
source_02_026,65537,lag,3,9/10,18067149799209/3509773686721,0.9324956407971097,1,0.0032351046564314725,0.07528377154309177,0.3566077058717444,4.736846979931462,0.04297213848511465
source_02_026,65537,lag,4,97/100,215810408297169/3509773686721,0.765337968709814,1,0.0041426800628475025,0.3400329165645168,0.38114488740239205,1.1209058559778426,0.012183173631254852
source_02_026,65537,lag,5,199/200,7967613061451169/3509773686721,-0.48475636822352886,0,,,,,
source_02_027,16385,bridge,0,0,1089779405625/21631801,-18.591479789713702,0,,,,,
source_02_027,16385,bridge,1,1/2,121086600625/21631801,-4.138603323219471,0,,,,,
source_02_027,16385,bridge,2,4/5,121086600625/194686209,-0.5582133366266652,0,,,,,
source_02_027,16385,bridge,3,9/10,361,-0.17310531922210098,0,,,,,
source_02_027,16385,bridge,4,97/100,38809/9,-3.43541511103252,0,,,,,
source_02_027,16385,bridge,5,199/200,159201,-42.4859335239639,0,,,,,
source_02_027,16385,intersection,0,0,3632138437489/36609082225,0.39620127876520933,1,0.02208144117333388,4.7349340157987605,0.3174000329975513,0.06703367606359505,0.004663516133415187
source_02_027,16385,intersection,1,1/2,3632138437489/329481740025,0.8014749078763636,1,0.004907337077028284,0.31603043738952635,0.27434348156144023,0.8680919592035864,0.015528052036898266
source_02_027,16385,intersection,2,4/5,65192898241/41880394609,0.9257204938179956,1,0.003411846190408995,0.053326090345482934,0.3247128917349336,6.089193669200594,0.06398080504879916
source_02_027,16385,intersection,3,9/10,23534636265001/3392311963329,0.842733736616701,1,0.003856861854010579,0.19538987838952107,0.3542032519652914,1.812802458780217,0.019739312423961392
source_02_027,16385,intersection,4,97/100,2530071187834969/30530807669961,0.4491437545895921,1,0.0076092089157978856,1.4709975746856052,0.37862491978620183,0.25739329982724474,0.005172822203615253
source_02_027,16385,intersection,5,199/200,1153197176985049/376923551481,-2.6648616296383842,0,,,,,
source_02_027,16385,lag,0,0,3624960868489/37333581961,0.4028106717844608,1,0.021719124746861104,4.599471849768542,0.3174000329975513,0.0690079303373764,0.004722091026158594
source_02_027,16385,lag,1,1/2,3624960868489/336002237649,0.8036195321088624,1,0.004894240837337822,0.31165661046052406,0.27434348156144023,0.8802748677656878,0.015703953239129993
source_02_027,16385,lag,2,4/5,81555365241/53090150569,0.9262119440026921,1,0.0034100358569844587,0.05264153454833564,0.3247128917349336,6.16837815464481,0.06477842802727098
source_02_027,16385,lag,3,9/10,1006856361/147064129,0.8437772144562359,1,0.003852092170964088,0.193824318370702,0.3542032519652914,1.827444847698904,0.019874142746095995
source_02_027,16385,lag,4,97/100,4341676501561/53090150569,0.4528464790749384,1,0.0075469917948340765,1.4479516678943096,0.37862491978620183,0.26149002634654156,0.005212184883083372
source_02_027,16385,lag,5,199/200,444023655201/147064129,-2.6381830235448938,0,,,,,
source_02_027,65537,bridge,0,0,4339276446649/197655481,-4.081486371824213,0,,,,,
source_02_027,65537,bridge,1,1/2,4339276446649/1778899329,-0.5421910012813543,0,,,,,
source_02_027,65537,bridge,2,4/5,4339276446649/16010093961,0.5027849761647393,1,0.006246929810112461,1.0768072955036447,0.32433893476971737,0.301204250866463,0.005801344248128114
source_02_027,65537,bridge,3,9/10,361,0.4246680081391279,1,0.007602802893456215,1.5434764664397136,0.353527361950592,0.22904616276143291,0.004925765347749908
source_02_027,65537,bridge,4,97/100,38809/9,-1.0836777325809952,0,,,,,
source_02_027,65537,bridge,5,199/200,159201,-15.794652284153258,0,,,,,
source_02_027,65537,intersection,0,0,3619921006881/37846978849,0.7066615120711622,1,0.012425765210398983,1.206112009038305,0.32443448432980065,0.2689920023170061,0.010302331058212977
source_02_027,65537,intersection,1,1/2,402213445209/37846978849,0.9028811470626481,1,0.004362408312843058,0.13591314887514883,0.27570748106160686,2.0285563489877974,0.03209702923482708
source_02_027,65537,intersection,2,4/5,464509039401/388531562329,0.9674993539703921,1,0.003246371630937865,0.021142933424583097,0.32433893476971737,15.340299676326149,0.1535440501914118
source_02_027,65537,intersection,3,9/10,18631973691529/3496784060961,0.931300358881713,1,0.003466837664397949,0.07682390057362419,0.353527361950592,4.6017887572864,0.04512707163411346
source_02_027,65537,intersection,4,97/100,2003014590012601/31471056548649,0.7611585252093714,1,0.004459170293336962,0.34827104923542873,0.3778201989041268,1.0848452655871579,0.01280373520315952
source_02_027,65537,intersection,5,199/200,912966710884921/388531562329,-0.5122510646643452,0,,,,,
source_02_027,65537,lag,0,0,56509372089/596678329,0.7081205324682075,1,0.01240016300842967,1.1972508216174749,0.32443448432980065,0.2709828871877428,0.010357197326185305
source_02_027,65537,lag,1,1/2,6278819121/596678329,0.9033609969550456,1,0.004360091076249307,0.1351735821678152,0.27570748106160686,2.0396550615883045,0.03225549701595053
source_02_027,65537,lag,2,4/5,259534208025/218727388489,0.9676218588658727,1,0.0032459606269762504,0.021005765612145722,0.32433893476971737,15.440471952242563,0.15452712778530703
source_02_027,65537,lag,3,9/10,1156689495025/218727388489,0.9315596354564672,1,0.003465872755914754,0.07652032269363064,0.353527361950592,4.620045361884219,0.04529349372703632
source_02_027,65537,lag,4,97/100,124348926904225/1968546496401,0.762065187786822,1,0.00445386502169322,0.34647041854695254,0.3778201989041268,1.090483281339431,0.012854964762567882
source_02_027,65537,lag,5,199/200,510100067306025/218727388489,-0.5062834638601613,0,,,,,
source_02_028,16385,bridge,0,0,1093402744281/8508889,-36.203316870621386,0,,,,,
source_02_028,16385,bridge,1,1/2,121489193809/8508889,-7.858678548852074,0,,,,,
source_02_028,16385,bridge,2,4/5,121489193809/76580001,-1.5592898413186485,0,,,,,
source_02_028,16385,bridge,3,9/10,361,-0.17175243851316055,0,,,,,
source_02_028,16385,bridge,4,97/100,38809/9,-3.4298934124098897,0,,,,,
source_02_028,16385,bridge,5,199/200,159201,-42.415667678656355,0,,,,,
source_02_028,16385,intersection,0,0,920427253321/7954320969,0.34759976440592844,1,0.021465278777060077,5.903035271433953,0.3315729203686656,0.05616990329927684,0.0036363121326642143
source_02_028,16385,intersection,1,1/2,920427253321/71588888721,0.7857231761505984,1,0.004298964358849646,0.3514235843620378,0.2828105540138824,0.8047568990774676,0.012232999007889118
source_02_028,16385,intersection,2,4/5,548125526025/380428670521,0.9286242256618628,1,0.0029325785305862307,0.04948734923596219,0.333106681402707,6.7311481933374635,0.05925915564002651
source_02_028,16385,intersection,3,9/10,21985923877225/3423858034689,0.8488985515928327,1,0.0033038752054783535,0.18821156174980855,0.3631309817325976,1.9293765927903577,0.017554050212229933
source_02_028,16385,intersection,4,97/100,2363578171056025/30814722312201,0.4710101172362828,1,0.006262513961769549,1.3581846338315215,0.38809252201227173,0.2857435670711714,0.004610944495891266
source_02_028,16385,intersection,5,199/200,1077310269984025/380428670521,-2.5076984104881035,0,,,,,
source_02_028,16385,lag,0,0,229612514041/2034821881,0.3559254509040608,1,0.020963170312383327,5.680889510372672,0.3315729203686656,0.058366373745387994,0.003690121111158193
source_02_028,16385,lag,1,1/2,229612514041/18313396929,0.7884192168884494,1,0.0042842638254357475,0.34562126530471593,0.2828105540138824,0.8182672260184666,0.012395833982201702
source_02_028,16385,lag,2,4/5,1217789496225/857403773521,0.9291347872384166,1,0.0029309670723365678,0.04879851526555617,0.333106681402707,6.826164271391803,0.060062628061254855
source_02_028,16385,lag,3,9/10,5427432199225/857403773521,0.8499823656201798,1,0.0032996624283230425,0.18659205182300762,0.3631309817325976,1.9461224536886839,0.017683831632083376
source_02_028,16385,lag,4,97/100,583471513074025/7716633961689,0.4748520866084047,1,0.0062118447375792245,1.3362373002114285,0.38809252201227173,0.29043682731417925,0.0046487586722780035
source_02_028,16385,lag,5,199/200,2393497599858225/857403773521,-2.480180791391843,0,,,,,
source_02_028,65537,bridge,0,0,4370160983049/44342281,-11.366905898575025,0,,,,,
source_02_028,65537,bridge,1,1/2,485573442561/44342281,-2.443077953169262,0,,,,,
source_02_028,65537,bridge,2,4/5,53952604729/44342281,-0.07222331627615253,0,,,,,
source_02_028,65537,bridge,3,9/10,361,0.42531953459453875,1,0.006517799251535691,1.5516012613291423,0.3565780780382584,0.22981295963423248,0.004200692158468841
source_02_028,65537,bridge,4,97/100,38809/9,-1.0812144774551515,0,,,,,
source_02_028,65537,bridge,5,199/200,159201,-15.770506390984682,0,,,,,
source_02_028,65537,intersection,0,0,3622821163641/37551075961,0.7057077316404723,1,0.010485832772881228,1.1982094212361856,0.32626836450844793,0.2722966108644337,0.00875125214928043
source_02_028,65537,intersection,1,1/2,402535684849/37551075961,0.9025674799747151,1,0.0037105193176697063,0.1356176144093158,0.2778558512308805,2.048818307570776,0.027360157703930417
source_02_028,65537,intersection,2,4/5,402535684849/337959683649,0.9675963714094855,1,0.0027845980545747407,0.020714079693175454,0.3271098348839613,15.791666331752708,0.134430208622407
source_02_028,65537,intersection,3,9/10,290041488025/54661972401,0.9315204606565992,1,0.00297593822285964,0.07672201810498959,0.3565780780382584,4.6476629114513415,0.03878858111875059
source_02_028,65537,intersection,4,97/100,31180665121225/491957751609,0.7619282002263976,1,0.0038253610383816917,0.34918845076007843,0.3810882972057393,1.0913542426051734,0.010955004468375254
source_02_028,65537,intersection,5,199/200,14212032913225/6073552489,-0.5071849989635054,0,,,,,
source_02_028,65537,lag,0,0,3619456785169/37894462225,0.7071951084300813,1,0.010463778909526988,1.1892417524421308,0.32626836450844793,0.2743499072736469,0.008798697899766316
source_02_028,65537,lag,1,1/2,3619456785169/341050160025,0.9030566352483648,1,0.0037085094546983567,0.13486414687915257,0.2778558512308805,2.0602647750395677,0.027498112289409526
source_02_028,65537,lag,2,4/5,1034197472025/875311807561,0.9677267834561171,1,0.0027842227987302693,0.020567442621733892,0.3271098348839613,15.904254160325209,0.13537039338999513
source_02_028,65537,lag,3,9/10,4609201079025/875311807561,0.9317817020777093,1,0.002975103866133443,0.0764137647165952,0.3565780780382584,4.6664115995428554,0.03893413545540603
source_02_028,65537,lag,4,97/100,55056474200025/875311807561,0.7628416995820606,1,0.0038207801864884945,0.34736298979410535,0.3810882972057393,1.0970895242225551,0.01099938766865523
source_02_028,65537,lag,5,199/200,2032657675850025/875311807561,-0.5011738607612432,0,,,,,
source_02_029,16385,bridge,0,0,67845141841/2798929,-11.228072523464384,0,,,,,
source_02_029,16385,bridge,1,1/2,67845141841/25190361,-2.40899484741073,0,,,,,
source_02_029,16385,bridge,2,4/5,67845141841/226713249,-0.062217246128310276,0,,,,,
source_02_029,16385,bridge,3,9/10,361,-0.17066671713658216,0,,,,,
source_02_029,16385,bridge,4,97/100,38809/9,-3.4254627380270706,0,,,,,
source_02_029,16385,bridge,5,199/200,159201,-42.35930871149166,0,,,,,
source_02_029,16385,intersection,0,0,230460483969/1955850625,0.3421271657287349,1,0.018313921906549617,6.301323694573985,0.31870052387184944,0.05057675804629426,0.0029063610749467724
source_02_029,16385,intersection,1,1/2,25606720441/1955850625,0.7839515467139431,1,0.003507798289276805,0.3578314303526296,0.27002204278920144,0.7546068340701786,0.009802935102207205
source_02_029,16385,intersection,2,4/5,25606720441/17602655625,0.9283441257347623,1,0.0023098865789413824,0.04814090416961034,0.31730281182982906,6.591126969944432,0.04798178635787926
source_02_029,16385,intersection,3,9/10,83087486001/13433041801,0.8518497127305632,1,0.0025801302103761526,0.1780139551121214,0.3458110444584077,1.942606377351708,0.014493977220780628
source_02_029,16385,intersection,4,97/100,992472220441/13433041801,0.48146997275645087,1,0.0047954726069264104,1.2600657037381642,0.3695593302422193,0.2932857621200775,0.003805732187377181
source_02_029,16385,intersection,5,199/200,36641581326441/13433041801,-2.4328486636092235,0,,,,,
source_02_029,16385,lag,0,0,57496846225/499924881,0.35022169923049845,1,0.017890639583532614,6.06900073747751,0.31870052387184944,0.05251284975198612,0.002947872369343061
source_02_029,16385,lag,1,1/2,57496846225/4499323929,0.7865721136593271,1,0.003496111604625365,0.3521097892153517,0.27002204278920144,0.7668688887943838,0.009929038361631944
source_02_029,16385,lag,2,4/5,57496846225/40493915361,0.9292090246178306,1,0.002307736558580826,0.04700012451718394,0.31730281182982906,6.751105770237237,0.04910064775971144
source_02_029,16385,lag,3,9/10,227315929/37271025,0.8528922958108458,1,0.002576976236403734,0.17651308260817886,0.3458110444584077,1.9591241586666635,0.014599349795074781
source_02_029,16385,lag,4,97/100,8821903888561/121093560225,0.48516401135429377,1,0.004758959880321988,1.2405037918193642,0.3695593302422193,0.29791068167571766,0.003836312239999153
source_02_029,16385,lag,5,199/200,11138480521/4141225,-2.4064655966507145,0,,,,,
source_02_029,65537,bridge,0,0,4338534897225/202692169,-3.997685636410318,0,,,,,
source_02_029,65537,bridge,1,1/2,482059433025/202692169,-0.5186421991892992,0,,,,,
source_02_029,65537,bridge,2,4/5,53562159225/202692169,0.5101473794866195,1,0.004211477755877918,1.038440328748039,0.31941569142234866,0.3075917629349406,0.0040555799301008905
source_02_029,65537,bridge,3,9/10,361,0.4258424197957705,1,0.005185072142899584,1.5278982481667243,0.3481385174706683,0.22785451707166265,0.0033935978060849175
source_02_029,65537,bridge,4,97/100,38809/9,-1.079237745581444,0,,,,,
source_02_029,65537,bridge,5,199/200,159201,-15.751136097194678,0,,,,,
source_02_029,65537,intersection,0,0,3620994157881/37737336121,0.7067816420740204,1,0.008539177491682665,1.2032974741639095,0.32009910866329966,0.2660182669175093,0.007096480857832736
source_02_029,65537,intersection,1,1/2,402332684209/37737336121,0.9029206548300261,1,0.002987172684948068,0.13418729118046144,0.271658217548641,2.0244705378492376,0.022261219066795054
source_02_029,65537,intersection,2,4/5,4162787364681/3498594425209,0.9676420696609994,1,0.0022203192774369546,0.019899295345314996,0.31941569142234866,16.051608153931465,0.11157778398216985
source_02_029,65537,intersection,3,9/10,18552669612961/3498594425209,0.931602410536487,1,0.0023701352027164176,0.07511775985145361,0.3481385174706683,4.634570015920563,0.03155226150784305
source_02_029,65537,intersection,4,97/100,1994489072048209/31487349826881,0.7622147638756112,1,0.003044773836721247,0.34350247043842613,0.37205358696139124,1.0831176453739157,0.008863906663713594
source_02_029,65537,intersection,5,199/200,8181727299315801/3498594425209,-0.5052991261807553,0,,,,,
source_02_029,65537,lag,0,0,3617691492529/38075326641,0.708233624108722,1,0.008521670934683688,1.194476985357527,0.32009910866329966,0.2679826506389226,0.007134227816145833
source_02_029,65537,lag,1,1/2,3617691492529/342677939769,0.903398192408046,1,0.0029855936611896798,0.13345370895384248,0.271658217548641,2.035598858047469,0.022371754854878592
source_02_029,65537,lag,2,4/5,459444019329/389047845169,0.9677634643639565,1,0.002220040764133777,0.019764564679291746,0.31941569142234866,16.16102841652846,0.11232429350998137
source_02_029,65537,lag,3,9/10,18428810108641/3501430606521,0.9318593345991066,1,0.0023694817298770847,0.07481853419278614,0.3481385174706683,4.653105293049635,0.03166971600608483
source_02_029,65537,lag,4,97/100,1981173660682129/31512875458689,0.76311315435453,1,0.0030411893148062957,0.3417321120257269,0.37205358696139124,1.0887287845322,0.008899337252149553
source_02_029,65537,lag,5,199/200,903011695323409/389047845169,-0.49938792847713664,0,,,,,
source_02_030,16385,bridge,0,0,4329899267281/266048721,-8.59073350054741,0,,,,,
source_02_030,16385,bridge,1,1/2,4329899267281/2394438489,-1.7478782975085947,0,,,,,
source_02_030,16385,bridge,2,4/5,4329899267281/21549946401,0.13393310853497306,1,0.02006591158456122,7.569533160958382,0.3170065581762348,0.041879274644210485,0.0026508783511321153
source_02_030,16385,bridge,3,9/10,361,-0.1722678293745441,0,,,,,
source_02_030,16385,bridge,4,97/100,38809/9,-3.4319968455154006,0,,,,,
source_02_030,16385,bridge,5,199/200,159201,-42.44243094020727,0,,,,,
source_02_030,16385,intersection,0,0,231306169249/1878789025,0.3263033681420967,1,0.022755919565328023,6.408317577925775,0.31619128169627553,0.04934076344553127,0.003550997479231295
source_02_030,16385,intersection,1,1/2,231306169249/16909101225,0.7788312618352002,1,0.004301464521725289,0.3587799982599645,0.2692665795014767,0.7505061062695356,0.011989142490068631
source_02_030,16385,intersection,2,4/5,231306169249/152181911025,0.926654510143715,1,0.0029002070185698533,0.05087659496650316,0.3170065581762348,6.230891795823796,0.05700473902546607
source_02_030,16385,intersection,3,9/10,21346349684521/3437252964289,0.8513526546166915,1,0.003246244845061951,0.17952711601872376,0.34556901773309373,1.9248848051291183,0.01808219792670977
source_02_030,16385,intersection,4,97/100,2294821287829849/30935276678601,0.47970859428493795,1,0.006056652424485364,1.2726347382504453,0.36932585658914696,0.29020570120290584,0.004759144350256969
source_02_030,16385,intersection,5,199/200,9413740210873761/3437252964289,-2.4454379463347493,0,,,,,
source_02_030,16385,lag,0,0,3692734879201/30801303009,0.3353862302553928,1,0.022139648350151003,6.13841637956694,0.31619128169627553,0.051510236866431434,0.0036067361646967546
source_02_030,16385,lag,1,1/2,3692734879201/277211727081,0.7817698867425509,1,0.004285295581227599,0.35246419552222297,0.2692665795014767,0.7639544184126906,0.012158101831814034
source_02_030,16385,lag,2,4/5,3692734879201/2494905543729,0.9276241633576007,1,0.0028971754081746357,0.049567753069606806,0.3170065581762348,6.395419169617596,0.05844879440280866
source_02_030,16385,lag,3,9/10,329224635961/53798483025,0.8524477855631797,1,0.0032420744275303295,0.17794649022424203,0.34556901773309373,1.9419827685143976,0.018219378327972522
source_02_030,16385,lag,4,97/100,35393016335209/484186347225,0.48358911760647527,1,0.006008051287429201,1.2518946171221648,0.36932585658914696,0.2950135351153976,0.0047991669628234465
source_02_030,16385,lag,5,199/200,329224635961/121992025,-2.4177103252875356,0,,,,,
source_02_030,65537,bridge,0,0,4324341045025/311416609,-2.927257488797695,0,,,,,
source_02_030,65537,bridge,1,1/2,4324341045025/2802749481,-0.21330475827132914,0,,,,,
source_02_030,65537,bridge,2,4/5,4324341045025/25224745329,0.6062074218348794,1,0.004472066847952725,0.6906829475585805,0.3216114392869375,0.46564265184737297,0.006474847632709833
source_02_030,65537,bridge,3,9/10,361,0.42507132729090763,1,0.006553142315031509,1.5405061959414226,0.35059049610606424,0.22758136061362222,0.0042538889699348485
source_02_030,65537,bridge,4,97/100,38809/9,-1.082152859220866,0,,,,,
source_02_030,65537,bridge,5,199/200,159201,-15.7797037577264,0,,,,,
source_02_030,65537,intersection,0,0,3621580272025/37677527449,0.7061321314509837,1,0.010790089640233643,1.2151641999755298,0.32065687418296757,0.26387946105507776,0.008879532198571127
source_02_030,65537,intersection,1,1/2,3621580272025/339097747041,0.902707049490457,1,0.003773559214059661,0.1359772718275868,0.27315391707106457,2.0088203962307154,0.02775139671021175
source_02_030,65537,intersection,2,4/5,461642790249/388823332249,0.9676343645091782,1,0.002801678209874018,0.020564188026808414,0.3216114392869375,15.639394021668648,0.13624064350226825
source_02_030,65537,intersection,3,9/10,18517005253321/3499409990241,0.9315861029976855,1,0.0029901185653298384,0.07604975304874058,0.35059049610606424,4.6100149185411485,0.03931792603472966
source_02_030,65537,intersection,4,97/100,1990655005197049/31494689912169,0.7621577397292296,1,0.003841238659371561,0.3457639746741034,0.37469173433006914,1.0836633130540314,0.011109424175818445
source_02_030,65537,intersection,5,199/200,907333257412729/388823332249,-0.5056743880244051,0,,,,,
source_02_030,65537,lag,0,0,226143047025/2375880049,0.7075833822234476,1,0.010767959208232628,1.2062837031314186,0.32065687418296757,0.2658221058201875,0.008926556149502678
source_02_030,65537,lag,1,1/2,25127005225/2375880049,0.9031843326564053,1,0.003771565095889694,0.13523947909216033,0.27315391707106457,2.0197794231736212,0.027888048084831224
source_02_030,65537,lag,2,4/5,4127020691049/3502246502041,0.9677558908698227,1,0.002801326387932395,0.020428634164026578,0.3216114392869375,15.743168961010285,0.13712744402977947
source_02_030,65537,lag,3,9/10,18393265055169/3502246502041,0.9318433058578414,1,0.0029892932473365953,0.0757488148688211,0.35059049610606424,4.62832978592739,0.03946323454054481
source_02_030,65537,lag,4,97/100,219705824415529/3502246502041,0.7630571075378478,1,0.0038367112310030527,0.3439834244962679,0.37469173433006914,1.0892726441071128,0.011153767762564616
source_02_030,65537,lag,5,199/200,165539385496521/71474418409,-0.49975665445588374,0,,,,,
source_02_031,16385,bridge,0,0,4329108583801/272283001,-8.457111505332987,0,,,,,
source_02_031,16385,bridge,1,1/2,4329108583801/2450547009,-1.7136335101930849,0,,,,,
source_02_031,16385,bridge,2,4/5,4329108583801/22054923081,0.14420405122281366,1,0.017821537429440718,6.976903848684054,0.32253149580011187,0.04622845646080476,0.002554361908370304
source_02_031,16385,bridge,3,9/10,361,-0.1723586145767748,0,,,,,
source_02_031,16385,bridge,4,97/100,38809/9,-3.4323673746862093,0,,,,,
source_02_031,16385,bridge,5,199/200,159201,-42.44714588996338,0,,,,,
source_02_031,16385,intersection,0,0,3696448438225/30463164369,0.3312304283563661,1,0.021818521209727635,6.412298321752694,0.32187831701927366,0.05019702778446117,0.003402605448924889
source_02_031,16385,intersection,1,1/2,3696448438225/274168479321,0.7804251987204069,1,0.00414172478356742,0.3606775516506063,0.27402335112825027,0.7597460664635451,0.011483178713544035
source_02_031,16385,intersection,2,4/5,3696448438225/2467516313889,0.9271804428255006,1,0.002771777506989579,0.05034884274131058,0.32253149580011187,6.405936626135777,0.05505146406702554
source_02_031,16385,intersection,3,9/10,1317203813025/215187437689,0.8524172938725278,1,0.003094985101504306,0.17868846146666065,0.35157106472514504,1.9675084884579441,0.01732056494359465
source_02_031,16385,intersection,4,97/100,15733875894025/215187437689,0.48348108175872523,1,0.005733448589550474,1.257543355468092,0.3757276437145727,0.29877907754100186,0.004559245265477411
source_02_031,16385,intersection,5,199/200,11854834317225/4391580361,-2.418481878329452,0,,,,,
source_02_031,16385,lag,0,0,922170328209/7793181841,0.33976633780561255,1,0.021270377086429437,6.1597897866818245,0.32187831701927366,0.05225475676381225,0.0034531011321877318
source_02_031,16385,lag,1,1/2,102463369801/7793181841,0.7831874092074221,1,0.004127117404162435,0.3546757545017095,0.27402335112825027,0.7726024337728714,0.011636311058140125
source_02_031,16385,lag,2,4/5,102463369801/70138636569,0.9280919471364242,1,0.0027690552690105325,0.049119894597968373,0.32253149580011187,6.566209036886899,0.05637339598699102
source_02_031,16385,lag,3,9/10,5202472877449/862166103841,0.8534752721094807,1,0.0030911485206588036,0.17715875675365314,0.35157106472514504,1.9844972451123017,0.01744846586927215
source_02_031,16385,lag,4,97/100,559287451249081/7759494934569,0.4872293145782662,1,0.005689341431935983,1.2377481635152445,0.3757276437145727,0.3035574237068501,0.004596525852058686
source_02_031,16385,lag,5,199/200,46822255897041/17595226609,-2.3917267088365213,0,,,,,
source_02_031,65537,bridge,0,0,1086991822921/35844169,-5.108549380828039,0,,,,,
source_02_031,65537,bridge,1,1/2,1086991822921/322597521,-0.8269771577402547,0,,,,,
source_02_031,65537,bridge,2,4/5,1086991822921/2903377689,0.41425272177574013,1,0.006188422118214762,1.563633938518155,0.32301249004809257,0.20657807565510458,0.003957717958002041
source_02_031,65537,bridge,3,9/10,361,0.4250276063924764,1,0.006195557775617136,1.5329031447071866,0.3520847765815554,0.22968494636940043,0.004041715092704441
source_02_031,65537,bridge,4,97/100,38809/9,-1.08231815547464,0,,,,,
source_02_031,65537,bridge,5,199/200,159201,-15.781324011720773,0,,,,,
source_02_031,65537,intersection,0,0,909385382689/9017211681,0.6988922141882447,1,0.010249108692423577,1.2464430813965324,0.32303305578879365,0.2591639045618215,0.008222684890625194
source_02_031,65537,intersection,1,1/2,909385382689/81154905129,0.9003264701209297,1,0.003569770259385303,0.13852781212876014,0.27456210678243803,1.981999878314944,0.025769339777540406
source_02_031,65537,intersection,2,4/5,909385382689/730394146161,0.9668527936023301,1,0.002651459170341976,0.02121018969448783,0.32301249004809257,15.229118395486962,0.12500874384122296
source_02_031,65537,intersection,3,9/10,17930117953609/3512959255521,0.9328068163818841,1,0.002822967248299781,0.07410820617781423,0.3520847765815554,4.75095532250191,0.03809250545784891
source_02_031,65537,intersection,4,97/100,1927562181888121/31616633299689,0.7664258923392705,1,0.0036106791656232294,0.33547609813246226,0.3762797193915072,1.121628996778583,0.01076285072386158
source_02_031,65537,intersection,5,199/200,878575779726841/390328806169,-0.4776053373289607,0,,,,,
source_02_031,65537,lag,0,0,908542580625/9101350801,0.7004420539124734,1,0.010226430905302245,1.2368417785390207,0.32303305578879365,0.26117573111927544,0.008268180362877041
source_02_031,65537,lag,1,1/2,100949175625/9101350801,0.9008360127076154,1,0.003567751079483321,0.13774061963499293,0.27456210678243803,1.9933270774446676,0.025901953170660314
source_02_031,65537,lag,2,4/5,100949175625/81912157209,0.9670218555029226,1,0.0026509956226732955,0.021017904040637497,0.32301249004809257,15.368444418794445,0.12613035141599624
source_02_031,65537,lag,3,9/10,17806754238025/3515838753249,0.9330664033406256,1,0.002822181874954444,0.07380699438968845,0.3520847765815554,4.770344321604634,0.03823732287557736
source_02_031,65537,lag,4,97/100,1914300069871225/31642548779241,0.7673334094907047,1,0.003606408853356618,0.33371138936955247,0.3762797193915072,1.1275603152244063,0.010806969639753217
source_02_031,65537,lag,5,199/200,872530957663225/390648750361,-0.4716420122314109,0,,,,,
source_03_000,65537,intersection,0,0,272932060041/3455881,-9.784834069646235,0,,,,,
source_03_000,65537,intersection,1,1/2,30325784449/3455881,-2.050565850797769,0,,,,,
source_03_000,65537,intersection,2,4/5,30325784449/31102929,0.04363125407677802,1,0.015199653920714595,6.433619113211828,0.00016857691746189498,2.6202501965917136e-05,0.00236253555786372
source_03_000,65537,intersection,3,9/10,272932060041/1247573041,0.5545230987328271,1,0.0008717686824378419,0.15376789700927504,0.00019754188364591146,0.0012846757189766082,0.005669380276334651
source_03_000,65537,intersection,4,97/100,2456388540369/134119285729,0.8725009983354604,1,0.0005121724018140171,0.02416769804024598,0.0002153709348917568,0.00891152043248405,0.02119243632393564
source_03_000,65537,intersection,5,199/200,84547197452025/1051713831961,0.7315777051779918,1,0.0006173501909465094,0.06298401208135183,0.0002212501960869499,0.003512799340270309,0.009801696820283904
source_03_000,65537,lag,0,0,1088698167649/26718561,-6.250932315628347,0,,,,,
source_03_000,65537,lag,1,1/2,1088698167649/240467049,-1.1361109729870287,0,,,,,
source_03_000,65537,lag,2,4/5,1088698167649/2164203441,0.31917039406607417,1,0.0020778241792580024,0.5907610720623512,0.00016857691746189498,0.00028535549384354613,0.0035171988770422925
source_03_000,65537,lag,3,9/10,1088698167649/9645400521,0.6813918828617104,1,0.0007094535220076521,0.08690162205941383,0.00019754188364591146,0.002273166817425501,0.008163869732173762
source_03_000,65537,lag,4,97/100,1088698167649/115213403761,0.9085338007872958,1,0.0004918594459725786,0.016624714160282023,0.0002153709348917568,0.012954865438005416,0.029586039268433034
source_03_000,65537,lag,5,199/200,36654463729849/467687751129,0.7349960839915267,1,0.0006144789691002612,0.061845328666176376,0.0002212501960869499,0.0035774762760368856,0.009935737788977486
source_03_001,65537,bridge,0,0,274681858201/34969,-325.57018785481824,0,,,,,
source_03_001,65537,bridge,1,1/2,274681858201/314721,-53.751419977135065,0,,,,,
source_03_001,65537,bridge,2,4/5,274681858201/2832489,-11.238772291511204,0,,,,,
source_03_001,65537,bridge,3,9/10,274681858201/12623809,-4.047932175372282,0,,,,,
source_03_001,65537,bridge,4,97/100,38809/9,-1.0806012715728968,0,,,,,
source_03_001,65537,bridge,5,199/200,159201,-15.76449687587529,0,,,,,
source_03_001,65537,intersection,0,0,4395349987081/413449,-425.18700544537177,0,,,,,
source_03_001,65537,intersection,1,1/2,4395349987081/3721041,-67.83644885721769,0,,,,,
source_03_001,65537,intersection,2,4/5,4395349987081/33489369,-13.809273364490391,0,,,,,
source_03_001,65537,intersection,3,9/10,4395349987081/149255089,-5.000710010724817,0,,,,,
source_03_001,65537,intersection,4,97/100,39558149883729/16045542241,-0.5485563663443609,0,,,,,
source_03_001,65537,intersection,5,199/200,35866408166449/467912089681,0.7380447720266153,1,0.0005564964439488537,0.060164077892671045,3.654654526417318e-05,0.0006074479414339224,0.009249646357775292
source_03_001,65537,lag,0,0,4373146716849/35343025,-13.26452908502866,0,,,,,
source_03_001,65537,lag,1,1/2,485905190761/35343025,-2.9025607649491323,0,,,,,
source_03_001,65537,lag,2,4/5,485905190761/318087225,-0.20615555905040484,0,,,,,
source_03_001,65537,lag,3,9/10,4373146716849/12758832025,0.44046761972118986,1,0.0009989624685731856,0.2471586479910713,2.7573129615504116e-05,0.00011156044847963485,0.004041786426219946
source_03_001,65537,lag,4,97/100,39358320451641/1371627457225,0.8402893802616997,1,0.00048365455626574427,0.031209723775102175,3.49447764155821e-05,0.0011196759275216527,0.015496918836929401
source_03_001,65537,lag,5,199/200,314620502627025/4213564973809,0.741486861295742,1,0.0005539131069566429,0.05905193816294292,3.654654526417318e-05,0.0006188881584771992,0.009380100369072088
source_03_002,65537,bridge,0,0,4391711200881/2283121,-99.81633820081223,0,,,,,
source_03_002,65537,bridge,1,1/2,487967911209/2283121,-19.34391644899458,0,,,,,
source_03_002,65537,bridge,2,4/5,54218656801/2283121,-4.307802192115656,0,,,,,
source_03_002,65537,bridge,3,9/10,4391711200881/824206681,-1.330544395462779,0,,,,,
source_03_002,65537,bridge,4,97/100,38809/9,-1.0816101556122049,0,,,,,
source_03_002,65537,bridge,5,199/200,159201,-15.774384394913602,0,,,,,
source_03_002,65537,intersection,0,0,4390948420681/2866249,-83.24129474964248,0,,,,,
source_03_002,65537,intersection,1,1/2,4390948420681/25796241,-16.518746975807197,0,,,,,
source_03_002,65537,intersection,2,4/5,4390948420681/232166169,-3.6660618133349594,0,,,,,
source_03_002,65537,intersection,3,9/10,4390948420681/1034715889,-1.0639560859923636,0,,,,,
source_03_002,65537,intersection,4,97/100,39518535786129/111236257441,0.42988602617331356,1,0.0009779249265486215,0.24213381339695944,0.0002515727106655838,0.0010389821526213278,0.004038778858801476
source_03_002,65537,intersection,5,199/200,36000348000841/467873784169,0.737420154261135,1,0.0005758249327315595,0.061157735776054815,0.0002579908335010999,0.0042184497223017115,0.009415406332897842
source_03_002,65537,lag,0,0,68239545529/840889,-9.96763324322915,0,,,,,
source_03_002,65537,lag,1,1/2,68239545529/7568001,-2.0963956049459083,0,,,,,
source_03_002,65537,lag,2,4/5,68239545529/68112009,0.03003281421771297,1,0.02115784764590029,9.709833877544606,0.00021602501656637957,2.2248065135899866e-05,0.0021790123201624353
source_03_002,65537,lag,3,9/10,68239545529/303560929,0.54829091951583,1,0.000834339507338127,0.15928510915934668,0.0002352259591503418,0.0014767605107080342,0.005238025774923286
source_03_002,65537,lag,4,97/100,614155909761/32634061201,0.8707364911550745,1,0.00048280537779247113,0.024600147267699664,0.0002515727106655838,0.010226471733195772,0.019626117378020794
source_03_002,65537,lag,5,199/200,1611495685809/21495958225,0.7408462464561368,1,0.0005731619924559543,0.060034248548878774,0.0002579908335010999,0.004297394233077616,0.009547250216504275
source_03_003,65537,bridge,0,0,274522554601/114921,-119.0154261097113,0,,,,,
source_03_003,65537,bridge,1,1/2,274522554601/1034289,-22.52603090366477,0,,,,,
source_03_003,65537,bridge,2,4/5,274522554601/9308601,-5.01099795312096,0,,,,,
source_03_003,65537,bridge,3,9/10,274522554601/41486481,-1.6190722834325646,0,,,,,
source_03_003,65537,bridge,4,97/100,38809/9,-1.0822896714432055,0,,,,,
source_03_003,65537,bridge,5,199/200,159201,-15.78104480489816,0,,,,,
source_03_005,65537,bridge,0,0,4389984562441/3697929,-68.16791767353051,0,,,,,
source_03_005,65537,bridge,1,1/2,4389984562441/33281361,-13.868587858040668,0,,,,,
source_03_005,65537,bridge,2,4/5,4389984562441/299532249,-3.0464865415910185,0,,,,,
source_03_005,65537,bridge,3,9/10,4389984562441/1334952369,-0.8033581028062327,0,,,,,
source_03_005,65537,bridge,4,97/100,38809/9,-1.08199787239351,0,,,,,
source_03_005,65537,bridge,5,199/200,159201,-15.778184594673961,0,,,,,
source_03_005,65537,intersection,0,0,4351633807249/123099025,-5.675143775401838,0,,,,,
source_03_005,65537,intersection,1,1/2,4351633807249/1107891225,-0.9812452304755913,0,,,,,
source_03_005,65537,intersection,2,4/5,4351633807249/9971021025,0.36667411147017565,1,0.001893529785920599,0.4727755609648214,4.043553856844659e-05,8.552797967375337e-05,0.004005134660633387
source_03_005,65537,intersection,3,9/10,4351633807249/44438748025,0.7033802951099496,1,0.0007161439154436404,0.07753732060361136,4.0852037714948285e-05,0.000526869350100364,0.009236118940770897
source_03_005,65537,intersection,4,97/100,39164704265241/4777350061225,0.914800929837093,1,0.0005078892466274401,0.015282351917248976,4.2529517403730793e-05,0.0027829170296574785,0.03323370966573493
source_03_005,65537,intersection,5,199/200,20977756569/256672441,0.7292553360758453,1,0.0006437712140317628,0.06325175986656895,4.340522102617828e-05,0.0006862294601405967,0.01017791782220468
source_03_005,65537,lag,0,0,1085732740225/43441281,-4.465873680560023,0,,,,,
source_03_005,65537,lag,1,1/2,1085732740225/390971529,-0.6495881309769523,0,,,,,
source_03_005,65537,lag,2,4/5,1085732740225/3518743761,0.46928948551246646,1,0.0014794884037015218,0.3024795676004799,4.043553856844659e-05,0.0001336802313267471,0.0048912011328171925
source_03_005,65537,lag,3,9/10,1085732740225/15682302441,0.7509982017599641,1,0.0006707359849936676,0.06031879065138779,4.0852037714948285e-05,0.0006772688456413603,0.0111198513390327
source_03_005,65537,lag,4,97/100,1085732740225/187323630481,0.9283956057329302,1,0.0005004521264426348,0.01268832831884524,4.2529517403730793e-05,0.003351861359117273,0.03944192756262006
source_03_005,65537,lag,5,199/200,2330022126481/29219457969,0.732598295817689,1,0.0006408335860523475,0.06213945309746619,4.340522102617828e-05,0.0006985130840803646,0.010312829516654987
source_03_006,65537,bridge,0,0,4393362721225/1247689,-164.00420373669135,0,,,,,
source_03_006,65537,bridge,1,1/2,4393362721225/11229201,-29.707460776219122,0,,,,,
source_03_006,65537,bridge,2,4/5,4393362721225/101062809,-6.536493539923634,0,,,,,
source_03_006,65537,bridge,3,9/10,4393362721225/450415729,-2.233436822659884,0,,,,,
source_03_006,65537,bridge,4,97/100,38809/9,-1.082422608938912,0,,,,,
source_03_006,65537,bridge,5,199/200,159201,-15.782347898113656,0,,,,,
source_03_006,65537,intersection,0,0,1098742107681/134689,-337.0212530038309,0,,,,,
source_03_006,65537,intersection,1,1/2,122082456409/134689,-55.39157387767279,0,,,,,
source_03_006,65537,intersection,2,4/5,122082456409/1212201,-11.543616056601577,0,,,,,
source_03_006,65537,intersection,3,9/10,1098742107681/48622729,-4.162181329808446,0,,,,,
source_03_006,65537,intersection,4,97/100,9888678969129/5227145401,-0.3493658336608705,0,,,,,
source_03_006,65537,intersection,5,199/200,461354751361/7340891041,0.7628102507946608,1,0.0006514863130465724,0.05344639032725951,4.257646433083812e-05,0.0007966200162468717,0.012189528779351295
source_03_007,65537,bridge,0,0,17166502441/2601,-279.9185227797648,0,,,,,
source_03_007,65537,bridge,1,1/2,17166502441/23409,-47.145814345672584,0,,,,,
source_03_007,65537,bridge,2,4/5,17166502441/210681,-9.993749976603933,0,,,,,
source_03_007,65537,bridge,3,9/10,17166502441/938961,-3.5774592237156813,0,,,,,
source_03_007,65537,bridge,4,97/100,38809/9,-1.0814085502113073,0,,,,,
source_03_007,65537,bridge,5,199/200,159201,-15.772408450659935,0,,,,,
source_03_007,65537,intersection,0,0,4395173882089/469225,-380.32204900952075,0,,,,,
source_03_007,65537,intersection,1,1/2,4395173882089/4223025,-61.541236070765464,0,,,,,
source_03_007,65537,intersection,2,4/5,4395173882089/38007225,-12.673066068135732,0,,,,,
source_03_007,65537,intersection,3,9/10,4395173882089/169390225,-4.582448004586804,0,,,,,
source_03_007,65537,intersection,4,97/100,39556564938801/18210153025,-0.44973277973279113,0,,,,,
source_03_007,65537,intersection,5,199/200,270430953696225/4226876947969,0.7607770647294599,1,0.0005840691661724738,0.05429672058486408,0.00019410255511420984,0.0035748485916535897,0.010756987896895023
source_03_008,65537,bridge,0,0,4390596390625/3157729,-77.14480494238656,0,,,,,
source_03_008,65537,bridge,1,1/2,4390596390625/28419561,-15.457370288730154,0,,,,,
source_03_008,65537,bridge,2,4/5,4390596390625/255776049,-3.4201347600879735,0,,,,,
source_03_008,65537,bridge,3,9/10,4390596390625/1139940169,-0.9609101214627422,0,,,,,
source_03_008,65537,bridge,4,97/100,38809/9,-1.0821760479268494,0,,,,,
source_03_008,65537,bridge,5,199/200,159201,-15.779931053808692,0,,,,,
source_03_008,65537,intersection,0,0,68504163289/168921,-30.482417226892863,0,,,,,
source_03_008,65537,intersection,1,1/2,68504163289/1520289,-6.696807578186136,0,,,,,
source_03_008,65537,intersection,2,4/5,68504163289/13682601,-1.2547879152348433,0,,,,,
source_03_008,65537,intersection,3,9/10,68504163289/60980481,-0.029313229966576558,0,,,,,
source_03_008,65537,intersection,4,97/100,68504163289/728406121,0.7093484143037516,1,0.0006713499526751459,0.07028827943833219,1.3556170161093344e-05,0.00019286530086409253,0.009551378381144735
source_03_008,65537,intersection,5,199/200,550969206529/7313841441,0.7401434778315036,1,0.000649815275504096,0.06040878658929567,1.4394728774163033e-05,0.00023828865943011267,0.010756966199669406
source_03_008,65537,lag,0,0,1091375106721/15108769,-9.216411516907584,0,,,,,
source_03_008,65537,lag,1,1/2,1091375106721/135978921,-1.90721101993316,0,,,,,
source_03_008,65537,lag,2,4/5,1091375106721/1223810289,0.0862918251003579,1,0.008369990506580587,3.162882649131394,9.853846280862535e-06,3.115463763275771e-06,0.002646317121148707
source_03_008,65537,lag,3,9/10,1091375106721/5454265609,0.5740919654312319,1,0.0009036494693553128,0.14302109270066493,7.655959020184635e-06,5.353027917503136e-05,0.006318295101035203
source_03_008,65537,lag,4,97/100,9822375960489/586356216121,0.8780448449216159,1,0.0005423652642884387,0.023089322716889293,1.3556170161093344e-05,0.0005871185710950858,0.023489873260410164
source_03_008,65537,lag,5,199/200,77354786654649/1053770000089,0.7435142985479675,1,0.0006468692517398972,0.05931091448569938,1.4394728774163033e-05,0.0002426994912990894,0.010906411700933486
source_03_009,65537,bridge,0,0,4395953802409/249001,-670.720686409671,0,,,,,
source_03_009,65537,bridge,1,1/2,4395953802409/2241009,-101.31759516949876,0,,,,,
source_03_009,65537,bridge,2,4/5,4395953802409/20169081,-19.595942800900524,0,,,,,
source_03_009,65537,bridge,3,9/10,4395953802409/89889361,-7.071910574659368,0,,,,,
source_03_009,65537,bridge,4,97/100,38809/9,-1.0804743486778963,0,,,,,
source_03_009,65537,bridge,5,199/200,159201,-15.763253080779249,0,,,,,
source_03_010,65537,bridge,0,0,4393798707321/1026169,-193.4356179737987,0,,,,,
source_03_010,65537,bridge,1,1/2,488199856369/1026169,-34.25276914458405,0,,,,,
source_03_010,65537,bridge,2,4/5,488199856369/9235521,-7.466578213378143,0,,,,,
source_03_010,65537,bridge,3,9/10,4393798707321/370447009,-2.601078551027474,0,,,,,
source_03_010,65537,bridge,4,97/100,38809/9,-1.083093142404747,0,,,,,
source_03_010,65537,bridge,5,199/200,159201,-15.788921066487138,0,,,,,
source_03_010,65537,intersection,0,0,274700726161/28561,-389.84537606195454,0,,,,,
source_03_010,65537,intersection,1,1/2,274700726161/257049,-62.88357911465038,0,,,,,
source_03_010,65537,intersection,2,4/5,274700726161/2313441,-12.916947159772226,0,,,,,
source_03_010,65537,intersection,3,9/10,274700726161/10310521,-4.672595290279903,0,,,,,
source_03_010,65537,intersection,4,97/100,2472306535449/1108423849,-0.47112004050086786,0,,,,,
source_03_010,65537,intersection,5,199/200,274700726161/4546939761,0.7674128571172804,1,0.0006604012974649409,0.05168379714614053,0.00010492714951630489,0.002030174935088729,0.012777724043719109
source_03_011,65537,bridge,0,0,4394528193969/703921,-266.92514559338434,0,,,,,
source_03_011,65537,bridge,1,1/2,488280910441/703921,-45.24384198881495,0,,,,,
source_03_011,65537,bridge,2,4/5,488280910441/6335289,-9.629665121199817,0,,,,,
source_03_011,65537,bridge,3,9/10,4394528193969/254115481,-3.438642759963812,0,,,,,
source_03_011,65537,bridge,4,97/100,38809/9,-1.082229281121202,0,,,,,
source_03_011,65537,bridge,5,199/200,159201,-15.780452849473269,0,,,,,
source_03_011,65537,intersection,0,0,4361193192409/77528025,-7.783400490055619,0,,,,,
source_03_011,65537,intersection,1,1/2,4361193192409/697752225,-1.5397587454922803,0,,,,,
source_03_011,65537,intersection,2,4/5,4361193192409/6279770025,0.19652946459808354,1,0.0035716100333108456,1.1614022177780874,0.00011610820374476541,9.99724315723242e-05,0.0030752567703407675
source_03_011,65537,intersection,3,9/10,12080867569/77528025,0.6247832286303885,1,0.0008191985214623324,0.1130360696305125,0.00011259613120431615,0.0009961079819244033,0.00724723111958947
source_03_011,65537,intersection,4,97/100,4361193192409/334309458025,0.8924293535971399,1,0.0005315103086307014,0.01996768200653776,0.0001161645706367915,0.005817629237021965,0.02661852830271815
source_03_011,65537,intersection,5,199/200,39030119213281/467025992449,0.7261638430001075,1,0.0006604551855655595,0.06498490385031917,0.00011864185902659369,0.0018256833817876146,0.010163209398398081
source_03_011,65537,lag,0,0,1087559065321/32661225,-5.447870142415581,0,,,,,
source_03_011,65537,lag,1,1/2,1087559065321/293951025,-0.9195948784174771,0,,,,,
source_03_011,65537,lag,2,4/5,1087559065321/2645559225,0.3856567259779946,1,0.0018200813322254241,0.4343016862150423,0.00011610820374476541,0.00026734458426043277,0.00419082262398636
source_03_011,65537,lag,3,9/10,1087559065321/11790702225,0.7121766647853435,1,0.0007186720970178718,0.07455856371782262,0.00011259613120431615,0.001510170335770577,0.009639028183774937
source_03_011,65537,lag,4,97/100,1087559065321/140838831225,0.9173099124838522,1,0.000517093944703081,0.01495058945630386,0.0001161645706367915,0.007769899038182147,0.03458686001741893
source_03_011,65537,lag,5,199/200,342738611266401/4205587867009,0.7296177842220039,1,0.0006573286535100498,0.06381237201052056,0.00011864185902659369,0.0018592297275367472,0.010300959403321945
source_03_012,65537,bridge,0,0,4393748400129/1050625,-189.40931596428823,0,,,,,
source_03_012,65537,bridge,1,1/2,488194266681/1050625,-33.636731522767825,0,,,,,
source_03_012,65537,bridge,2,4/5,54243807409/1050625,-7.341906011441691,0,,,,,
source_03_012,65537,bridge,3,9/10,4393748400129/379275625,-2.552079572381961,0,,,,,
source_03_012,65537,bridge,4,97/100,38809/9,-1.081646406940979,0,,,,,
source_03_012,65537,bridge,5,199/200,159201,-15.774739702308382,0,,,,,
source_03_012,65537,intersection,0,0,273143162161/2745649,-11.442367725685912,0,,,,,
source_03_012,65537,intersection,1,1/2,273143162161/24710841,-2.461575648113632,0,,,,,
source_03_012,65537,intersection,2,4/5,273143162161/222397569,-0.07764963154361745,0,,,,,
source_03_012,65537,intersection,3,9/10,273143162161/991179289,0.49903411165729394,1,0.0009159528171034097,0.19494911771130155,1.1133039068817773e-05,5.710740935644856e-05,0.004698419915189544
source_03_012,65537,intersection,4,97/100,2458288459449/106555892041,0.8568084999931415,1,0.0004906485311058482,0.027577222028115203,1.0006779096215927e-05,0.00036286392755637003,0.01779180406951897
source_03_012,65537,intersection,5,199/200,324894316280625/4210609608529,0.737043639464025,1,0.0005763632695924051,0.06093193372832403,1.013137041549251e-05,0.0001662735743898273,0.009459133074000644
source_03_012,65537,lag,0,0,4357518476089/93799225,-6.8347233002778,0,,,,,
source_03_012,65537,lag,1,1/2,4357518476089/844193025,-1.291284731612279,0,,,,,
source_03_012,65537,lag,2,4/5,4357518476089/7597737225,0.2718261674418686,1,0.002331904580519983,0.7590593865191891,1.6512954267541723e-05,2.1754495841577045e-05,0.003072097680279502
source_03_012,65537,lag,3,9/10,4357518476089/33861520225,0.6595116984532626,1,0.0006930759552487126,0.09658333698765025,1.1133039068817773e-05,0.00011526873491895724,0.007175937142628793
source_03_012,65537,lag,4,97/100,39217666284801/3640254123025,0.9023040340793574,1,0.00046590929008710015,0.017792542177511105,1.0006779096215927e-05,0.0005624142405498412,0.026185650450557114
source_03_012,65537,lag,5,199/200,35209923102025/468100904041,0.7404040994601877,1,0.0005737473390321409,0.05983493244721116,1.013137041549251e-05,0.00016932199972701268,0.00958883574471024
source_03_014,65537,bridge,0,0,68506257169/165649,-30.931674602907304,0,,,,,
source_03_014,65537,bridge,1,1/2,68506257169/1490841,-6.789403671186932,0,,,,,
source_03_014,65537,bridge,2,4/5,68506257169/13417569,-1.279302572271699,0,,,,,
source_03_014,65537,bridge,3,9/10,68506257169/59799289,-0.04013379651768154,0,,,,,
source_03_014,65537,bridge,4,97/100,38809/9,-1.0828807529838664,0,,,,,
source_03_014,65537,bridge,5,199/200,159201,-15.786838963631716,0,,,,,
source_03_014,65537,intersection,0,0,1096412127409/2187441,-35.580454315843696,0,,,,,
source_03_014,65537,intersection,1,1/2,1096412127409/19686969,-7.733897733524488,0,,,,,
source_03_014,65537,intersection,2,4/5,1096412127409/177182721,-1.526900684683339,0,,,,,
source_03_014,65537,intersection,3,9/10,1096412127409/789666201,-0.1490362379189306,0,,,,,
source_03_014,65537,intersection,4,97/100,1096412127409/9432488641,0.6764052140732121,1,0.0006709868111046747,0.08184471940508058,4.253541019471821e-05,0.0005197086690980553,0.008198290811942384
source_03_014,65537,intersection,5,199/200,19301866905321/263453278729,0.7436838999752365,1,0.0006167389278911011,0.058685886770591104,4.3538274572225696e-05,0.0007418866267186366,0.010509152401530443
source_03_015,65537,bridge,0,0,1097564236609/863041,-71.80534903834443,0,,,,,
source_03_015,65537,bridge,1,1/2,1097564236609/7767369,-14.516346444243558,0,,,,,
source_03_015,65537,bridge,2,4/5,1097564236609/69906321,-3.199659566391787,0,,,,,
source_03_015,65537,bridge,3,9/10,1097564236609/311557801,-0.8680921597700073,0,,,,,
source_03_015,65537,bridge,4,97/100,38809/9,-1.0796348075699342,0,,,,,
source_03_015,65537,bridge,5,199/200,159201,-15.755026503753758,0,,,,,
source_03_015,65537,intersection,0,0,1097945613241/558009,-101.50570311589289,0,,,,,
source_03_015,65537,intersection,1,1/2,1097945613241/5022081,-19.627480451101057,0,,,,,
source_03_015,65537,intersection,2,4/5,1097945613241/45198729,-4.3712615665674,0,,,,,
source_03_015,65537,intersection,3,9/10,1097945613241/201441249,-1.3567321097286495,0,,,,,
source_03_015,65537,intersection,4,97/100,1097945613241/2406196809,0.3528108680266981,1,0.0010401983720710224,0.3406517047644464,6.389004458184595e-05,0.000187552399381135,0.0030535539893754475
source_03_015,65537,intersection,5,199/200,2104330298161/29284450129,0.7465529555669657,1,0.000496721125740755,0.0581466585756566,6.63819194526079e-05,0.0011416291336197094,0.008542556664618211
source_03_016,65537,bridge,0,0,1098809194081/112225,-395.0330269302249,0,,,,,
source_03_016,65537,bridge,1,1/2,1098809194081/1010025,-63.6133648042801,0,,,,,
source_03_016,65537,bridge,2,4/5,1098809194081/9090225,-13.049161137819866,0,,,,,
source_03_016,65537,bridge,3,9/10,1098809194081/40513225,-4.721380425775317,0,,,,,
source_03_016,65537,bridge,4,97/100,38809/9,-1.0798848689299263,0,,,,,
source_03_016,65537,bridge,5,199/200,159201,-15.757476720328835,0,,,,,
source_03_016,65537,intersection,0,0,4357727225289/92833225,-6.8756974786978065,0,,,,,
source_03_016,65537,intersection,1,1/2,484191913921/92833225,-1.3021089145471711,0,,,,,
source_03_016,65537,intersection,2,4/5,484191913921/835499025,0.26853298163450934,1,0.002062860905656288,0.7686226673971691,3.624445088369104e-05,4.7155063753750195e-05,0.0026838408404501937
source_03_016,65537,intersection,3,9/10,4357727225289/33512794225,0.6579910187015556,1,0.0006101264608309638,0.0972349195483378,2.6743455458649824e-05,0.0002750396213919323,0.006274766962990651
source_03_016,65537,intersection,4,97/100,39219545027601/3602764629025,0.9018713041251705,1,0.00041037459172701735,0.01787408244105743,2.4698784594922902e-05,0.0013818211187271285,0.0229591976584136
source_03_016,65537,intersection,5,199/200,21938553867321/262706477401,0.7265585201245488,1,0.0005146920082188014,0.06453526934493732,2.48878148824809e-05,0.0003856467189972812,0.007975360038675938
source_03_016,65537,lag,0,0,1086900077025/36372961,-5.049202481738094,0,,,,,
source_03_016,65537,lag,1,1/2,120766675225/36372961,-0.8107061714036896,0,,,,,
source_03_016,65537,lag,2,4/5,120766675225/327356649,0.41928623795903036,1,0.0013211647307805863,0.3779398920365016,3.624445088369104e-05,9.590004031696801e-05,0.0034957006619798364
source_03_016,65537,lag,3,9/10,1086900077025/13130638921,0.7277740165379665,1,0.0005516241613140875,0.06883921699624557,2.6743455458649824e-05,0.00038849156956721905,0.008013225387850834
source_03_016,65537,lag,4,97/100,9782100693225/1411598243449,0.9217613346631935,1,0.0004015194110478868,0.01394833522915355,2.4698784594922902e-05,0.001770733509709441,0.028786188778189614
source_03_016,65537,lag,5,199/200,85636645556049/1051410296689,0.7299846246220307,1,0.0005122763565123159,0.06337730488342479,2.48878148824809e-05,0.00039269285635069455,0.008082962149535846
source_03_017,65537,bridge,0,0,274260642601/346921,-49.98342524545415,0,,,,,
source_03_017,65537,bridge,1,1/2,274260642601/3122289,-10.532130997227164,0,,,,,
source_03_017,65537,bridge,2,4/5,274260642601/28100601,-2.237116545232289,0,,,,,
source_03_017,65537,bridge,3,9/10,274260642601/125238481,-0.45771525986639056,0,,,,,
source_03_017,65537,bridge,4,97/100,38809/9,-1.0840535193235497,0,,,,,
source_03_017,65537,bridge,5,199/200,159201,-15.7983366969353,0,,,,,
source_03_017,65537,intersection,0,0,66210769/3025,-4.073808101649428,0,,,,,
source_03_017,65537,intersection,1,1/2,66210769/27225,-0.5400353783141993,0,,,,,
source_03_017,65537,intersection,2,4/5,66210769/245025,0.5034586504399643,1,0.0015807646327061554,0.25924275419227133,5.044553449684995e-05,0.00019458802099994762,0.00609762320120144
source_03_017,65537,intersection,3,9/10,66210769/1092025,0.7668908564258872,1,0.0007648997187764168,0.05551115803562474,5.604553323162864e-05,0.00100962644655442,0.013779206664821084
source_03_017,65537,intersection,4,97/100,595896921/117397225,0.9329398136736389,1,0.0005842699808780432,0.012074441929155227,5.9964423686269984e-05,0.004966227345172657,0.04838898429477319
source_03_017,65537,intersection,5,199/200,374681331615969/4196921752321,0.7166482717113732,1,0.0007691578223300831,0.06858072637150141,6.136380615395312e-05,0.0008947675156070195,0.01121536418502714
source_03_017,65537,lag,0,0,4331738926089/251825161,-3.429469010433673,0,,,,,
source_03_017,65537,lag,1,1/2,481304325121/251825161,-0.35763690021414357,0,,,,,
source_03_017,65537,lag,2,4/5,481304325121/2266426449,0.560660229920887,1,0.0014194865021151342,0.2033039479499109,5.044553449684995e-05,0.0002481286517332093,0.006982090197603348
source_03_017,65537,lag,3,9/10,4331738926089/90908883121,0.793537848105606,1,0.0007392143951453985,0.047264870953584066,5.604553323162864e-05,0.0011857756532683125,0.01563982679380074
source_03_017,65537,lag,4,97/100,38985650334801/9773082673249,0.9405668586998236,1,0.0005795321428281624,0.010658235210633553,5.9964423686269984e-05,0.005626111875110846,0.054374118357790824
source_03_017,65537,lag,5,199/200,91508834300625/1049807209201,0.7200461280924487,1,0.0007655282106806433,0.06738841507287242,6.136380615395312e-05,0.0009105987444221026,0.011359937904056908
source_03_018,65537,bridge,0,0,4391820174889/2205225,-102.79271305686599,0,,,,,
source_03_018,65537,bridge,1,1/2,4391820174889/19847025,-19.843013365549258,0,,,,,
source_03_018,65537,bridge,2,4/5,4391820174889/178623225,-4.419386938137967,0,,,,,
source_03_018,65537,bridge,3,9/10,4391820174889/796086225,-1.376571684638676,0,,,,,
source_03_018,65537,bridge,4,97/100,38809/9,-1.0835653904164197,0,,,,,
source_03_018,65537,bridge,5,199/200,159201,-15.793550862434262,0,,,,,
source_03_018,65537,intersection,0,0,1053067401/100489,-2.3648818485719483,0,,,,,
source_03_018,65537,intersection,1,1/2,117007489/100489,-0.04925160732139194,0,,,,,
source_03_018,65537,intersection,2,4/5,117007489/904401,0.6582912059524165,1,0.001235061539715116,0.13395142516861844,2.565899673896751e-05,0.00019155448855186046,0.009220219480012379
source_03_018,65537,intersection,3,9/10,1053067401/36276529,0.8391403728408389,1,0.0007017286099143534,0.034535829297704414,5.298080797048928e-05,0.0015340824021854572,0.020318857956626423
source_03_018,65537,intersection,4,97/100,23921088664561/9432558135009,0.952642546852582,1,0.0005706077995216355,0.006897684917175808,6.398670584738157e-05,0.00927654809051213,0.08272453821437606
source_03_018,65537,intersection,5,199/200,98128301076729/1048062015001,0.7098184077976585,1,0.000773937731147556,0.0704639462022964,6.629692116351656e-05,0.0009408630191273045,0.010983457113310714
source_03_018,65537,lag,0,0,4108729/441,-2.1552120182527594,0,,,,,
source_03_018,65537,lag,1,1/2,4108729/3969,0.012609007166748225,1,0.20640829324676208,74.44828365474348,0.0001381824368060814,1.856086265828602e-06,0.0027725057330265364
source_03_018,65537,lag,2,4/5,4108729/35721,0.6780192631205089,1,0.0011991254446999493,0.12200086215441598,2.565899673896751e-05,0.0002103181591167038,0.009828827628957417
source_03_018,65537,lag,3,9/10,4108729/159201,0.848374032483459,1,0.0006940910315617127,0.03215872371560812,5.298080797048928e-05,0.0016474785641065485,0.021583289116192075
source_03_018,65537,lag,4,97/100,93671678198569/37749583876761,0.9531561206552567,1,0.000570300348086256,0.006757779419903867,6.398670584738157e-05,0.00946859935364564,0.0843916784863583
source_03_018,65537,lag,5,199/200,384256869305841/4194398208529,0.7129913096424823,1,0.0007704936099896584,0.0693348856952022,6.629692116351656e-05,0.0009561841848987738,0.01111263979545256
source_03_019,65537,bridge,0,0,1097073992569/1352569,-50.857434383488254,0,,,,,
source_03_019,65537,bridge,1,1/2,1097073992569/12173121,-10.696853760940307,0,,,,,
source_03_019,65537,bridge,2,4/5,1097073992569/109558089,-2.277955953622053,0,,,,,
source_03_019,65537,bridge,3,9/10,3038986129/1352569,-0.475306591601825,0,,,,,
source_03_019,65537,bridge,4,97/100,38809/9,-1.081012285463771,0,,,,,
source_03_019,65537,bridge,5,199/200,159201,-15.768524815896885,0,,,,,
source_03_019,65537,intersection,0,0,1097363097601/1050625,-61.6937146255703,0,,,,,
source_03_019,65537,intersection,1,1/2,1097363097601/9455625,-12.700814550529097,0,,,,,
source_03_019,65537,intersection,2,4/5,1097363097601/85100625,-2.7672614807695877,0,,,,,
source_03_019,65537,intersection,3,9/10,1097363097601/379275625,-0.6848095888872423,0,,,,,
source_03_019,65537,intersection,4,97/100,9876267878409/40773705625,0.530964317982301,1,0.0007778217112961041,0.15735420351210005,0.00020893627915488278,0.001327808692055794,0.004943126360372648
source_03_019,65537,intersection,5,199/200,6108129360369/86082973201,0.7480044583456238,1,0.0005575670147231855,0.05762292138536711,0.00021379059294033878,0.003710165812499559,0.009676132367436256
source_03_020,65537,bridge,0,0,4394838453769/585225,-313.5344395926578,0,,,,,
source_03_020,65537,bridge,1,1/2,4394838453769/5267025,-52.02065122795679,0,,,,,
source_03_020,65537,bridge,2,4/5,4394838453769/47403225,-10.91531019047495,0,,,,,
source_03_020,65537,bridge,3,9/10,4394838453769/211266225,-3.9263081238870843,0,,,,,
source_03_020,65537,bridge,4,97/100,38809/9,-1.0826905306574055,0,,,,,
source_03_020,65537,bridge,5,199/200,159201,-15.784974226554086,0,,,,,
source_03_020,65537,intersection,0,0,4395056480721/508369,-354.73796131968726,0,,,,,
source_03_020,65537,intersection,1,1/2,488339608969/508369,-57.9173430309712,0,,,,,
source_03_020,65537,intersection,2,4/5,488339608969/4575321,-12.010005742665452,0,,,,,
source_03_020,65537,intersection,3,9/10,4395056480721/183521209,-4.336291121748392,0,,,,,
source_03_020,65537,intersection,4,97/100,39555508326489/19729292521,-0.3910798089608539,0,,,,,
source_03_020,65537,intersection,5,199/200,19980873180009/263256217225,0.7390982239781686,1,0.0006548243662259911,0.06033937992019843,6.239383402953209e-06,0.00010340483132582861,0.010852354914684672
source_03_021,65537,bridge,0,0,17157070225/7569,-114.03329313294697,0,,,,,
source_03_021,65537,bridge,1,1/2,17157070225/68121,-21.708362160914724,0,,,,,
source_03_021,65537,bridge,2,4/5,17157070225/613089,-4.832113066593694,0,,,,,
source_03_021,65537,bridge,3,9/10,17157070225/2732409,-1.5460138226330111,0,,,,,
source_03_021,65537,bridge,4,97/100,38809/9,-1.0822075270659444,0,,,,,
source_03_021,65537,bridge,5,199/200,159201,-15.780239614126375,0,,,,,
source_03_021,65537,intersection,0,0,68641380025/22201,-147.1440627927388,0,,,,,
source_03_021,65537,intersection,1,1/2,68641380025/199809,-27.05402760200382,0,,,,,
source_03_021,65537,intersection,2,4/5,68641380025/1798281,-5.9816395715298905,0,,,,,
source_03_021,65537,intersection,3,9/10,68641380025/8014561,-2.0117000925772826,0,,,,,
source_03_021,65537,intersection,4,97/100,617772420225/861598609,0.18325974433518866,1,0.0025540556535881553,0.8595536922135674,0.00014659548130123388,0.00017054837019397074,0.0029713741872375863
source_03_021,65537,intersection,5,199/200,1539383636961/21517075969,0.746818964256286,1,0.0006330241333138061,0.058195399911296575,0.00015002813925991913,0.002578006843987621,0.010877563076784133
source_03_022,65537,bridge,0,0,4392826152649/1550025,-136.82006457831267,0,,,,,
source_03_022,65537,bridge,1,1/2,4392826152649/13950225,-25.408175660668018,0,,,,,
source_03_022,65537,bridge,2,4/5,4392826152649/125552025,-5.632520124063095,0,,,,,
source_03_022,65537,bridge,3,9/10,4392826152649/559559025,-1.871195877805009,0,,,,,
source_03_022,65537,bridge,4,97/100,38809/9,-1.0812255680237468,0,,,,,
source_03_022,65537,bridge,5,199/200,159201,-15.770615085438129,0,,,,,
source_03_022,65537,intersection,0,0,274585432081/77841,-164.10185750730764,0,,,,,
source_03_022,65537,intersection,1,1/2,274585432081/700569,-29.72271529505124,0,,,,,
source_03_022,65537,intersection,2,4/5,274585432081/6305121,-6.53965651975212,0,,,,,
source_03_022,65537,intersection,3,9/10,274585432081/28100601,-2.2346955092539873,0,,,,,
source_03_022,65537,intersection,4,97/100,274585432081/335659041,0.1263864685851621,1,0.0034165816113716704,1.3411856145898604,4.080643190674932e-05,3.0425640912669705e-05,0.002547433833322522
source_03_022,65537,intersection,5,199/200,65508222501225/1057382380681,0.7646454370236131,1,0.0005704566822139594,0.05229735017248201,4.175175307012148e-05,0.0007983531274991932,0.010907946202485114
source_03_023,65537,bridge,0,0,16752649/9,-97.13815614216631,0,,,,,
source_03_023,65537,bridge,1,1/2,16752649/81,-18.89282609649201,0,,,,,
source_03_023,65537,bridge,2,4/5,16752649/729,-4.2065095191014,0,,,,,
source_03_023,65537,bridge,3,9/10,16752649/3249,-1.2886805115748536,0,,,,,
source_03_023,65537,bridge,4,97/100,38809/9,-1.0804745444494563,0,,,,,
source_03_023,65537,bridge,5,199/200,159201,-15.763254999246191,0,,,,,
source_03_023,65537,intersection,0,0,269227114641/29343889,-2.1241278797343695,0,,,,,
source_03_023,65537,intersection,1,1/2,29914123849/29343889,0.021813483968717448,1,0.08637107306944228,42.91652142145847,2.379775329269389e-05,5.545126330018653e-07,0.002012536669066014
source_03_023,65537,intersection,2,4/5,29914123849/264095001,0.6809588773095918,1,0.0008641011597582103,0.12103531883418427,8.03909817083478e-05,0.000664194406084737,0.007139248015217855
source_03_023,65537,intersection,3,9/10,745781481/29343889,0.8497504577267065,1,0.0005014660280484773,0.03189658292834374,9.466669024627575e-05,0.00296792576367651,0.015721622255745384
source_03_023,65537,intersection,4,97/100,10734187558249/4191269413081,0.9524751039050728,1,0.00041230928389908195,0.0068316301586755996,0.0001032945476949732,0.015120043868855773,0.06035298666973118
source_03_023,65537,intersection,5,199/200,396300871992249/4191269413081,0.7087838084976018,1,0.0005598178679036558,0.07111260996550604,0.0001061034712372686,0.001492048615410618,0.007872272838462853
source_03_023,65537,lag,0,0,4302973558321/519429681,-1.9551304667291778,0,,,,,
source_03_023,65537,lag,1,1/2,4302973558321/4674867129,0.07201040926743156,1,0.026163634354086515,12.208295355048975,2.379775329269389e-05,1.949310087984714e-06,0.002143102996215278
source_03_023,65537,lag,2,4/5,4302973558321/42073804161,0.6970094584421613,1,0.0008442028275283364,0.11187912350034111,8.03909817083478e-05,0.0007185521229803226,0.007545668942658122
source_03_023,65537,lag,3,9/10,4302973558321/187514114841,0.8572683847215938,1,0.0004970683562615854,0.029998275890195585,9.466669024627575e-05,0.003155737702819645,0.016569897486143313
source_03_023,65537,lag,4,97/100,657161529025/262085635249,0.9529763653976209,1,0.00041209241097909887,0.006693629081246001,0.0001032945476949732,0.01543177048521864,0.06156487101050855
source_03_023,65537,lag,5,199/200,24262077179025/262085635249,0.7118808312630486,1,0.000557382391900846,0.06999998586255972,0.0001061034712372686,0.0015157641809470598,0.007962607206738997
source_03_024,65537,bridge,0,0,1098754686225/130321,-346.7482420408584,0,,,,,
source_03_024,65537,bridge,1,1/2,122083854025/130321,-56.78001924316659,0,,,,,
source_03_024,65537,bridge,2,4/5,122083854025/1172889,-11.800444032486693,0,,,,,
source_03_024,65537,bridge,3,9/10,1098754686225/47045881,-4.258159618752429,0,,,,,
source_03_024,65537,bridge,4,97/100,38809/9,-1.0817899643863407,0,,,,,
source_03_024,65537,bridge,5,199/200,159201,-15.77614676007214,0,,,,,
source_03_024,65537,intersection,0,0,4350398949121/129754881,-5.472147954810275,0,,,,,
source_03_024,65537,intersection,1,1/2,4350398949121/1167793929,-0.9261949905513569,0,,,,,
source_03_024,65537,intersection,2,4/5,4350398949121/10510145361,0.38362252104422195,1,0.0017763595393552423,0.44126001091765943,1.929697643422196e-05,4.3731532331904054e-05,0.004025652666012187
source_03_024,65537,intersection,3,9/10,4350398949121/46841512041,0.7112337656615576,1,0.000697297430606226,0.07527365284463856,3.2668179717830346e-05,0.0004339922201630895,0.009263499302278003
source_03_024,65537,intersection,4,97/100,4350398949121/559517464081,0.9170409194517378,1,0.0004995692430556286,0.015011889388773993,3.713905316650116e-05,0.0024739759403152833,0.03327823900895582
source_03_024,65537,intersection,5,199/200,5442669700209/65688152209,0.7274041248408464,1,0.0006364952024585455,0.06462619997939019,3.776005410250496e-05,0.0005842839918569705,0.009848872479915713
source_03_024,65537,lag,0,0,1085449338801/45252529,-4.338640357681511,0,,,,,
source_03_024,65537,lag,1,1/2,120605482089/45252529,-0.6141504163096771,0,,,,,
source_03_024,65537,lag,2,4/5,13400609121/45252529,0.4803272356283476,1,0.0014187234747930946,0.290704479116882,1.929697643422196e-05,6.638004509886937e-05,0.004880294514563279
source_03_024,65537,lag,3,9/10,1085449338801/16336162969,0.7561300253195796,1,0.000655894437132799,0.059200654726287334,3.2668179717830346e-05,0.0005518212571950566,0.011079175393672749
source_03_024,65537,lag,4,97/100,9769044049209/1756205397961,0.9298625741593739,1,0.000492680801134192,0.012548731907774046,3.713905316650116e-05,0.0029595861509714144,0.039261401451167514
source_03_024,65537,lag,5,199/200,340084533187161/4206326170489,0.7307542207574723,1,0.0006335772309735529,0.0634916791857195,3.776005410250496e-05,0.0005947244518774347,0.009978901788378855
source_03_025,65537,bridge,0,0,17163358081/3969,-194.86265750764244,0,,,,,
source_03_025,65537,bridge,1,1/2,17163358081/35721,-34.47070591522851,0,,,,,
source_03_025,65537,bridge,2,4/5,17163358081/321489,-7.51058568426295,0,,,,,
source_03_025,65537,bridge,3,9/10,17163358081/1432809,-2.6183543464608574,0,,,,,
source_03_025,65537,bridge,4,97/100,38809/9,-1.0817422059801256,0,,,,,
source_03_025,65537,bridge,5,199/200,159201,-15.775678659503953,0,,,,,
source_03_025,65537,intersection,0,0,274648316761/47961,-247.6679163582156,0,,,,,
source_03_025,65537,intersection,1,1/2,274648316761/431649,-42.40456765122203,0,,,,,
source_03_025,65537,intersection,2,4/5,274648316761/3884841,-9.08099612801662,0,,,,,
source_03_025,65537,intersection,3,9/10,274648316761/17313921,-3.228328667266647,0,,,,,
source_03_025,65537,intersection,4,97/100,274648316761/206813161,-0.12221933740971667,0,,,,,
source_03_025,65537,intersection,5,199/200,317628424669689/4212694675225,0.740080826330758,1,0.0005911047288917949,0.06017510339379655,0.0001495678822735681,0.0024855442506640886,0.009823077910203173
source_03_025,65537,lag,0,0,4374853308225/30658369,-14.633297049437145,0,,,,,
source_03_025,65537,lag,1,1/2,486094812025/30658369,-3.2271898768444927,0,,,,,
source_03_025,65537,lag,2,4/5,486094812025/275925321,-0.2997400545443248,0,,,,,
source_03_025,65537,lag,3,9/10,12118707225/30658369,0.39796120878419183,1,0.0011871405157043058,0.30285814988072784,0.00013954609796291826,0.0004607638857262865,0.003919790555980836
source_03_025,65537,lag,4,97/100,39373679774025/1189820642521,0.8283279517762774,1,0.0005229954175725473,0.034525484843701375,0.00014612207271069133,0.0042322960379034035,0.015148097700587674
source_03_025,65537,lag,5,199/200,8397339769/114340249,0.7435050144190681,1,0.0005883824153466783,0.05906363380411352,0.0001495678822735681,0.002532317648616319,0.009961839078477086
source_03_026,65537,bridge,0,0,4394142480841/866761,-223.3880491880891,0,,,,,
source_03_026,65537,bridge,1,1/2,4394142480841/7800849,-38.78605945032284,0,,,,,
source_03_026,65537,bridge,2,4/5,4394142480841/70207641,-8.372024600584627,0,,,,,
source_03_026,65537,bridge,3,9/10,4394142480841/312900721,-2.954477623189576,0,,,,,
source_03_026,65537,bridge,4,97/100,38809/9,-1.083467910481274,0,,,,,
source_03_026,65537,bridge,5,199/200,159201,-15.792595167658419,0,,,,,
source_03_026,65537,intersection,0,0,4339076472025/199007449,-4.061207094685197,0,,,,,
source_03_026,65537,intersection,1,1/2,4339076472025/1791067041,-0.5364968387064235,0,,,,,
source_03_026,65537,intersection,2,4/5,4339076472025/16119603369,0.5045646307484487,1,0.0015888544414939512,0.26244532952031363,9.83414095552943e-05,0.00037471198186318853,0.006054039690468074
source_03_026,65537,intersection,3,9/10,4339076472025/71841689089,0.7674055756849343,1,0.000758127095721909,0.05542079984073237,0.00012715542055716925,0.0022943627829729446,0.01367946868144461
source_03_026,65537,intersection,4,97/100,39051688248225/7723280088241,0.933087046307019,1,0.0005751947550104683,0.011971751584364906,0.00014204575916927913,0.011865077400602827,0.0480459981947564
source_03_026,65537,intersection,5,199/200,39550326099025/466883857521,0.7241297181487889,1,0.0007489364550851457,0.06553459531412446,0.00014631006169151534,0.002232562221376556,0.011428108337211779
source_03_026,65537,lag,0,0,4332030310609/249608401,-3.450324801063141,0,,,,,
source_03_026,65537,lag,1,1/2,4332030310609/2246475609,-0.3635885498377264,0,,,,,
source_03_026,65537,lag,2,4/5,4332030310609/20218280481,0.5587874890003861,1,0.0014346773511689599,0.20844508867630393,9.83414095552943e-05,0.000471785687922873,0.00688275919706068
source_03_026,65537,lag,3,9/10,4332030310609/90108632761,0.7926646146029066,1,0.0007339686288712066,0.04758871996776102,0.00012715542055716925,0.00267196555493215,0.015423163921375355
source_03_026,65537,lag,4,97/100,38988272795481/9687052434409,0.9403167611088871,1,0.0005707723154600427,0.010636926108157155,0.00014204575916927913,0.013354023307574573,0.053659516824351515
source_03_026,65537,lag,5,199/200,38642224066369/467132607841,0.7274185289069713,1,0.0007455503572985246,0.06441438637247318,0.00014631006169151534,0.002271387960532361,0.01157428331285211
source_03_027,65537,bridge,0,0,4396289273289/175561,-924.7648651394621,0,,,,,
source_03_027,65537,bridge,1,1/2,488476585921/175561,-134.85676584110175,0,,,,,
source_03_027,65537,bridge,2,4/5,488476585921/1580049,-25.093197220509587,0,,,,,
source_03_027,65537,bridge,3,9/10,4396289273289/63377521,-8.967532166242506,0,,,,,
source_03_027,65537,bridge,4,97/100,39566603459601/6813346849,-1.4412682050173198,0,,,,,
source_03_027,65537,bridge,5,199/200,159201,-15.780000402222615,0,,,,,
source_03_028,65537,bridge,0,0,4388735894761/4932841,-54.62782922923468,0,,,,,
source_03_028,65537,bridge,1,1/2,4388735894761/44395569,-11.401863801165636,0,,,,,
source_03_028,65537,bridge,2,4/5,4388735894761/399560121,-2.4516494957315906,0,,,,,
source_03_028,65537,bridge,3,9/10,4388735894761/1780755601,-0.5499399835471995,0,,,,,
source_03_028,65537,bridge,4,97/100,38809/9,-1.0828603906845256,0,,,,,
source_03_028,65537,bridge,5,199/200,159201,-15.78663935078127,0,,,,,
source_03_028,65537,intersection,0,0,1086674898969/37687321,-4.935246073894578,0,,,,,
source_03_028,65537,intersection,1,1/2,120741655441/37687321,-0.7794015686257546,0,,,,,
source_03_028,65537,intersection,2,4/5,120741655441/339185889,0.42897878705131565,1,0.0017120932666780356,0.3591199002584931,5.4649349605826186e-05,0.00015217577629780414,0.004767469765517526
source_03_028,65537,intersection,3,9/10,1086674898969/13605122881,0.7322726912256801,1,0.0007357867889334927,0.06752198090381614,4.8348653803505454e-05,0.0007160431781818909,0.010896996490396334
source_03_028,65537,intersection,4,97/100,9780074090721/1462607240689,0.9230458575229308,1,0.0005414221879667185,0.01394762455631337,4.811741890611813e-05,0.003449864793237344,0.03881823645171498
source_03_028,65537,intersection,5,199/200,361423938389409/4200470745025,0.7220247648873299,1,0.0006998070282039932,0.06682954678097168,4.886892945873722e-05,0.0007312473570844511,0.010471521384060153
source_03_028,65537,lag,0,0,4338418254769/203490225,-3.9957471845039647,0,,,,,
source_03_028,65537,lag,1,1/2,4338418254769/1831412025,-0.5180968927591535,0,,,,,
source_03_028,65537,lag,2,4/5,4338418254769/16482708225,0.5103179433849675,1,0.001439204132205521,0.25414020265421966,5.4649349605826186e-05,0.0002150362242379317,0.005663032126261763
source_03_028,65537,lag,3,9/10,4338418254769/73459971225,0.7700834602840451,1,0.000699659971793051,0.05469287793798025,4.8348653803505454e-05,0.0008840027372180173,0.012792524331713542
source_03_028,65537,lag,4,97/100,4338418254769/877472460225,0.9338530996391017,1,0.0005351564480182356,0.011890151605779388,4.811741890611813e-05,0.004046829721055022,0.04500837884675203
source_03_028,65537,lag,5,199/200,2450924884849/29185963921,0.7254166876583786,1,0.0006965348517643151,0.06565601676819394,4.886892945873722e-05,0.0007443176096301205,0.010608850278315098
source_03_029,65537,bridge,0,0,1098352208529/305809,-166.5491288944689,0,,,,,
source_03_029,65537,bridge,1,1/2,122039134281/305809,-30.10459915325103,0,,,,,
source_03_029,65537,bridge,2,4/5,13559903809/305809,-6.618742997946055,0,,,,,
source_03_029,65537,bridge,3,9/10,1098352208529/110397049,-2.266148200159508,0,,,,,
source_03_029,65537,bridge,4,97/100,38809/9,-1.0808687366275884,0,,,,,
source_03_029,65537,bridge,5,199/200,159201,-15.767118007559201,0,,,,,
source_03_029,65537,intersection,0,0,274623162025/59049,-207.137429680342,0,,,,,
source_03_029,65537,intersection,1,1/2,274623162025/531441,-36.33691951565463,0,,,,,
source_03_029,65537,intersection,2,4/5,274623162025/4782969,-7.885392759537539,0,,,,,
source_03_029,65537,intersection,3,9/10,274623162025/21316689,-2.765072142175316,0,,,,,
source_03_029,65537,intersection,4,97/100,274623162025/254625849,-0.00725700331477319,0,,,,,
source_03_029,65537,intersection,5,199/200,289115101458225/4221122284369,0.7524721985394399,1,0.0005409678712079542,0.05673253535850023,4.8976778965025106e-05,0.0008632926178168224,0.009535407994539787
source_03_030,65537,bridge,0,0,1098016866769/508369,-109.6091210321236,0,,,,,
source_03_030,65537,bridge,1,1/2,1098016866769/4575321,-20.97771289266382,0,,,,,
source_03_030,65537,bridge,2,4/5,1098016866769/41177889,-4.671238284438602,0,,,,,
source_03_030,65537,bridge,3,9/10,1098016866769/183521209,-1.4801157231268165,0,,,,,
source_03_030,65537,bridge,4,97/100,38809/9,-1.0816972062039893,0,,,,,
source_03_030,65537,bridge,5,199/200,159201,-15.775237600534549,0,,,,,
source_03_030,65537,intersection,0,0,1086820845049/36832761,-5.010980609932094,0,,,,,
source_03_030,65537,intersection,1,1/2,1086820845049/331494849,-0.8002154056651113,0,,,,,
source_03_030,65537,intersection,2,4/5,1086820845049/2983453641,0.42253317562780585,1,0.001560554381608383,0.3765967586166211,0.00018948532944907312,0.0005031517800236058,0.00414383381137128
source_03_030,65537,intersection,3,9/10,1086820845049/13296626721,0.7292808781733594,1,0.000652030070820566,0.06872859393677722,0.00019961350654321548,0.002904373494485251,0.009487027647042545
source_03_030,65537,intersection,4,97/100,1086820845049/158826957961,0.9221915634147729,1,0.0004754574257937636,0.01400891107077237,0.00021089798340996052,0.015054559368998324,0.033939641945885356
source_03_030,65537,intersection,5,199/200,9464378474929/116837494225,0.7305070760738157,1,0.0006064612095670587,0.06361817198545967,0.00021576534179846253,0.0033915677716702874,0.009532829860400095
source_03_030,65537,lag,0,0,1084849316721/49210225,-4.088323217948289,0,,,,,
source_03_030,65537,lag,1,1/2,120538812969/49210225,-0.5441100543569937,0,,,,,
source_03_030,65537,lag,2,4/5,13393201441/49210225,0.5021852802097914,1,0.001313033305805805,0.26824062282954725,0.00018948532944907312,0.0007064005721813472,0.004894983063919324
source_03_030,65537,lag,3,9/10,3005122761/49210225,0.7662982585614123,1,0.0006205326155068533,0.056003327231835584,0.00019961350654321548,0.003564315129293665,0.01108028122932857
source_03_030,65537,lag,4,97/100,9763643850489/1909799622025,0.9327703088227074,1,0.0004700651625407315,0.011996032033526437,0.00021089798340996052,0.01758064523506974,0.039185053960092496
source_03_030,65537,lag,5,199/200,2310573283249/29224928209,0.7337885624549866,1,0.0006037491283195063,0.06251628474651234,0.00021576534179846253,0.003451346200007505,0.009657469741964922
source_03_031,65537,bridge,0,0,4396582820809/121801,-1295.2245234706686,0,,,,,
source_03_031,65537,bridge,1,1/2,4396582820809/1096209,-182.59737647330155,0,,,,,
source_03_031,65537,bridge,2,4/5,4396582820809/9865881,-32.590518304035186,0,,,,,
source_03_031,65537,bridge,3,9/10,4396582820809/43970161,-11.469782012665034,0,,,,,
source_03_031,65537,bridge,4,97/100,39569245387281/4726975009,-1.9711204453824687,0,,,,,
source_03_031,65537,bridge,5,199/200,159201,-15.757740323394165,0,,,,,
source_03_031,65537,intersection,0,0,274851693169/625,-14242.955264219758,0,,,,,
source_03_031,65537,intersection,1,1/2,274851693169/5625,-1719.785875308308,0,,,,,
source_03_031,65537,intersection,2,4/5,274851693169/50625,-236.23982368444217,0,,,,,
source_03_031,65537,intersection,3,9/10,274851693169/225625,-69.44879165156478,0,,,,,
source_03_031,65537,intersection,4,97/100,2473665238521/24255625,-11.62446398831423,0,,,,,
source_03_031,65537,intersection,5,199/200,274851693169/99500625,-0.6433587751437967,0,,,,,
source_04_000,65537,bridge,0,0,4395794458225/288369,-588.4742026468241,0,,,,,
source_04_000,65537,bridge,1,1/2,4395794458225/2595321,-90.25089530754163,0,,,,,
source_04_000,65537,bridge,2,4/5,4395794458225/23357889,-17.7235755942102,0,,,,,
source_04_000,65537,bridge,3,9/10,4395794458225/104101209,-6.411437392621271,0,,,,,
source_04_000,65537,bridge,4,97/100,38809/9,-1.0831547286175025,0,,,,,
source_04_000,65537,bridge,5,199/200,159201,-15.789524822913794,0,,,,,
source_04_000,65537,intersection,0,0,4396532497681/130321,-1219.5072358783755,0,,,,,
source_04_000,65537,intersection,1,1/2,4396532497681/1172889,-172.92474324159656,0,,,,,
source_04_000,65537,intersection,2,4/5,4396532497681/10556001,-31.095914185954936,0,,,,,
source_04_000,65537,intersection,3,9/10,4396532497681/47045881,-10.977413616460714,0,,,,,
source_04_000,65537,intersection,4,97/100,39568792479129/5057627689,-1.8685578611157083,0,,,,,
source_04_000,65537,intersection,5,199/200,4396532497681/20747233521,0.5613169361889617,1,0.0009361342512266891,0.14001527366697997,0.023744755520245044,0.16958689504632812,0.006685943802482879
source_04_001,65537,bridge,0,0,1070532961/2401,-32.65814496550443,0,,,,,
source_04_001,65537,bridge,1,1/2,1070532961/21609,-7.143001777300661,0,,,,,
source_04_001,65537,bridge,2,4/5,1070532961/194481,-1.372513939337167,0,,,,,
source_04_001,65537,bridge,3,9/10,1070532961/866761,-0.0812132527349533,0,,,,,
source_04_001,65537,bridge,4,97/100,38809/9,-1.0824859665872426,0,,,,,
source_04_001,65537,bridge,5,199/200,159201,-15.782968957982435,0,,,,,
source_04_001,65537,intersection,0,0,1096558725889/1985281,-38.203383709547,0,,,,,
source_04_001,65537,intersection,1,1/2,1096558725889/17867529,-8.256767903982434,0,,,,,
source_04_001,65537,intersection,2,4/5,1096558725889/160807761,-1.662141894008971,0,,,,,
source_04_001,65537,intersection,3,9/10,1096558725889/716686441,-0.20823027852133294,0,,,,,
source_04_001,65537,intersection,4,97/100,9869028533001/77046770329,0.6601788004216099,1,0.0007318013201560688,0.08950886748162414,0.023715120424273595,0.2649471621249395,0.008175741027069805
source_04_001,65537,intersection,5,199/200,33710971393225/468538881001,0.7460617994312816,1,0.0006544800912494987,0.0586728903632323,0.02430499060948951,0.4142456671048947,0.01115472728883376
source_04_002,65537,bridge,0,0,4388719135329/4950625,-54.49756616180041,0,,,,,
source_04_002,65537,bridge,1,1/2,487635459481/4950625,-11.377652252747396,0,,,,,
source_04_002,65537,bridge,2,4/5,487635459481/44555625,-2.4457133655988272,0,,,,,
source_04_002,65537,bridge,3,9/10,4388719135329/1787175625,-0.5473941916291849,0,,,,,
source_04_002,65537,bridge,4,97/100,38809/9,-1.0833808047317128,0,,,,,
source_04_002,65537,bridge,5,199/200,159201,-15.791741193438153,0,,,,,
source_04_002,65537,intersection,0,0,4389825326481/3845521,-66.18963898521056,0,,,,,
source_04_002,65537,intersection,1,1/2,487758369609/3845521,-13.513851094064124,0,,,,,
source_04_002,65537,intersection,2,4/5,54195374401/3845521,-2.9620953386503306,0,,,,,
source_04_002,65537,intersection,3,9/10,4389825326481/1388233081,-0.7676033981648464,0,,,,,
source_04_002,65537,intersection,4,97/100,39508427938329/149240824489,0.5087660640180226,1,0.0010790806381036815,0.17266776404732398,0.023129483540542697,0.13395368653875356,0.006249462046707989
source_04_002,65537,intersection,5,199/200,77214479629329/1053811061809,0.7436135724496633,1,0.0007458527170398116,0.059077256906543224,0.02370313867476492,0.4012227363951902,0.012625039754633617
source_04_003,65537,intersection,0,0,67164423921/8898289,-1.8118369628243114,0,,,,,
source_04_003,65537,intersection,1,1/2,7462713769/8898289,0.11478023163460338,1,0.020701389008829875,7.24018737349034,0.018129821356192195,0.002504054166135785,0.0028592338762705497
source_04_003,65537,intersection,2,4/5,7462713769/80084601,0.7107111015718353,1,0.0010417809089316708,0.10431546896036237,0.020554136155968402,0.19703823757700337,0.009986830518180626
source_04_003,65537,intersection,3,9/10,67164423921/3212282329,0.8636894583517932,1,0.0006198455093059494,0.02840355856940604,0.02230344564081336,0.7852342017748714,0.021822811666056367
source_04_003,65537,intersection,4,97/100,1563397628881/588888946881,0.9515769868730202,1,0.0005181113574799311,0.00715204560994351,0.02380797063430173,3.3288337257247687,0.072442401200518
source_04_003,65537,intersection,5,199/200,17765424369/181252369,0.70323347751976,1,0.0007083038421646518,0.0728793800784412,0.024401185009369435,0.3348160341526789,0.0097188510852081
source_04_003,65537,lag,0,0,1073575738225/154778481,-1.6861781437333698,0,,,,,
source_04_003,65537,lag,1,1/2,1073575738225/1393006329,0.152446822801357,1,0.015586485713038915,5.17870353156533,0.018129821356192195,0.003500841715631522,0.003009727360918785
source_04_003,65537,lag,2,4/5,1073575738225/12537056961,0.7227977784203575,1,0.0010243601730506953,0.0980209038453623,0.020554136155968402,0.20969135510517828,0.0104504257037532
source_04_003,65537,lag,3,9/10,1073575738225/55875031641,0.8693562819855315,1,0.0006158051000351046,0.027029194361909703,0.02230344564081336,0.8251613178764957,0.022782961703916502
source_04_003,65537,lag,4,97/100,98084878095961/37707422765769,0.9520692869853958,1,0.00051784345021415,0.007014437028689485,0.02380797063430173,3.3941384799557888,0.0738253758777986
source_04_003,65537,lag,5,199/200,44706728043481/465523737849,0.7062760896093837,1,0.0007052524945896702,0.07177228965785401,0.024401185009369435,0.33998058478686455,0.009826250464513287
source_04_004,65537,bridge,0,0,4396037668929/229441,-723.0621190761846,0,,,,,
source_04_004,65537,bridge,1,1/2,488448629881/229441,-108.29997058575192,0,,,,,
source_04_004,65537,bridge,2,4/5,488448629881/2064969,-20.760649183438463,0,,,,,
source_04_004,65537,bridge,3,9/10,4396037668929/82828201,-7.478672201762961,0,,,,,
source_04_004,65537,bridge,4,97/100,39564339020361/8904375769,-1.1147441414259638,0,,,,,
source_04_004,65537,bridge,5,199/200,159201,-15.771200783740628,0,,,,,
source_04_004,65537,intersection,0,0,4397706779041/6561,-21555.67478591769,0,,,,,
source_04_004,65537,intersection,1,1/2,4397706779041/59049,-2564.8171243015936,0,,,,,
source_04_004,65537,intersection,2,4/5,4397706779041/531441,-340.9678039148678,0,,,,,
source_04_004,65537,intersection,3,9/10,4397706779041/2368521,-96.99941490605967,0,,,,,
source_04_004,65537,intersection,4,97/100,4397706779041/28291761,-15.51402403867877,0,,,,,
source_04_004,65537,intersection,5,199/200,4397706779041/1044517761,-1.0549925064066874,0,,,,,
source_04_005,65537,intersection,0,0,1085232645025/46662561,-4.244156673656448,0,,,,,
source_04_005,65537,intersection,1,1/2,1085232645025/419963049,-0.5877636754549073,0,,,,,
source_04_005,65537,intersection,2,4/5,1085232645025/3779667441,0.4885552803036134,1,0.0012928495813153335,0.2813272144592388,0.020602169888525434,0.07323205445348217,0.004595536851279822
source_04_005,65537,intersection,3,9/10,1085232645025/16845184521,0.7599567747296513,1,0.0006031416911895695,0.057854148551502865,0.022360179725447953,0.38649224446787067,0.010425210746168725
source_04_005,65537,intersection,4,97/100,1085232645025/201214147761,0.9309567140600046,1,0.00045509382026411987,0.012307245251594623,0.023868725502834972,1.939404392688311,0.0369777160494266
source_04_005,65537,intersection,5,199/200,368038095493761/4198691963041,0.7196138320282942,1,0.0005952718159161191,0.06730314018895737,0.02446296284916315,0.36347431606433217,0.008844636583744233
source_04_005,65537,lag,0,0,1083345823921/59861169,-3.5510441797756984,0,,,,,
source_04_005,65537,lag,1,1/2,1083345823921/538750521,-0.3922849515943169,0,,,,,
source_04_005,65537,lag,2,4/5,1083345823921/4848754689,0.549763880023848,1,0.0011489086725059545,0.21699339125191525,0.020602169888525434,0.09494376658046536,0.0052946712610806934
source_04_005,65537,lag,3,9/10,3000957961/59861169,0.7884578181691576,1,0.0005813394246070809,0.048840955780137564,0.022360179725447953,0.4578161784160108,0.01190270369040357
source_04_005,65537,lag,4,97/100,1083345823921/258128011969,0.9391120660277572,1,0.0004511417357186601,0.010788373176593404,0.023868725502834972,2.212449005251401,0.04181740178375209
source_04_005,65537,lag,5,199/200,359514932452641/4200987236161,0.7229872192034942,1,0.0005924943362370431,0.06613224824349521,0.02446296284916315,0.36990974144855776,0.00895923474513542
source_04_006,65537,bridge,0,0,1095964015689/2866249,-29.223362157842995,0,,,,,
source_04_006,65537,bridge,1,1/2,121773779521/2866249,-6.43596226020082,0,,,,,
source_04_006,65537,bridge,2,4/5,121773779521/25796241,-1.1854883320209944,0,,,,,
source_04_006,65537,bridge,3,9/10,1095964015689/1034715889,0.0013128924833172937,1,0.37903549758445954,163.33934601212138,0.02239599243274381,0.00013711327355921826,0.002320540070953458
source_04_006,65537,bridge,4,97/100,38809/9,-1.0825913291895224,0,,,,,
source_04_006,65537,bridge,5,199/200,159201,-15.78400178224424,0,,,,,
source_04_006,65537,intersection,0,0,4385158481929/9455625,-33.60966323937595,0,,,,,
source_04_006,65537,intersection,1,1/2,4385158481929/85100625,-7.3364185108726385,0,,,,,
source_04_006,65537,intersection,2,4/5,4385158481929/765905625,-1.4232355144850264,0,,,,,
source_04_006,65537,intersection,3,9/10,4385158481929/3413480625,-0.10352518965561247,0,,,,,
source_04_006,65537,intersection,4,97/100,4385158481929/40773705625,0.6889083705719956,1,0.0006700228104822896,0.0773496271003901,0.02390672631565317,0.30907358201772894,0.008662262968801182
source_04_006,65537,intersection,5,199/200,83523057419025/1052001000241,0.7331151375102283,1,0.0006367225252974679,0.06243262735649463,0.024501873689674,0.3924530286026023,0.01019855406151239
source_04_006,65537,lag,0,0,273101353281/2879809,-11.083309094219032,0,,,,,
source_04_006,65537,lag,1,1/2,30344594809/2879809,-2.373384395859197,0,,,,,
source_04_006,65537,lag,2,4/5,30344594809/25918281,-0.05175198726264188,0,,,,,
source_04_006,65537,lag,3,9/10,273101353281/1039611049,0.5108651985849233,1,0.0009740981712347814,0.18424103173404788,0.02239599243274381,0.12155811450878351,0.005287085955103058
source_04_006,65537,lag,4,97/100,2457912179529/111762507481,0.8601509812624528,1,0.000536631745670918,0.026905862844270875,0.02390672631565317,0.8885322300951104,0.019944788568086534
source_04_006,65537,lag,5,199/200,1150634241/14876449,0.7366121486249385,1,0.0006336997327028736,0.06127439772841046,0.024501873689674,0.3998713100090329,0.010341998553974406
source_04_007,65537,bridge,0,0,267944161/225,-68.35608164397132,0,,,,,
source_04_007,65537,bridge,1,1/2,267944161/2025,-13.90223700931634,0,,,,,
source_04_007,65537,bridge,2,4/5,267944161/18225,-3.054472683993509,0,,,,,
source_04_007,65537,bridge,3,9/10,267944161/81225,-0.8067383507004235,0,,,,,
source_04_007,65537,bridge,4,97/100,38809/9,-1.082462292333414,0,,,,,
source_04_007,65537,bridge,5,199/200,159201,-15.782736891714888,0,,,,,
source_04_007,65537,intersection,0,0,268789365601/34093921,-1.879534652861137,0,,,,,
source_04_007,65537,intersection,1,1/2,268789365601/306845289,0.09454998437368145,1,0.024343592519569152,9.154502572113518,0.017843811403053952,0.0019491841596516494,0.002659193367177011
source_04_007,65537,intersection,2,4/5,268789365601/2761607601,0.7042272024201969,1,0.0010122370619771023,0.10860686159348695,0.020311932694730347,0.18702255453027875,0.009320194388508188
source_04_007,65537,intersection,3,9/10,268789365601/12307905481,0.8606504874159482,1,0.0005962932926742829,0.029227743547658485,0.022049377942211276,0.7543989123299158,0.02040161915687992
source_04_007,65537,intersection,4,97/100,103063124304001/37661013838449,0.9508266455590557,1,0.0004960047901614541,0.0073524810966596275,0.023537724215148926,3.201330803263481,0.06746087254638418
source_04_007,65537,intersection,5,199/200,46975794424321/464950788129,0.698595063616486,1,0.000681874992105311,0.07464953884772563,0.02412358903315522,0.3231579110269373,0.009134349690977171
source_04_007,65537,lag,0,0,4296106017025/597655809,-1.7390337480115154,0,,,,,
source_04_007,65537,lag,1,1/2,4296106017025/5378902281,0.1365847500274392,1,0.016851707762851525,5.990728948400426,0.017843811403053952,0.0029785709813858956,0.0028129644836211577
source_04_007,65537,lag,2,4/5,4296106017025/48410120529,0.7177055832718809,1,0.0009932274333055238,0.101402007688752,0.020311932694730347,0.20031095199886703,0.009794948403331243
source_04_007,65537,lag,3,9/10,4296106017025/215753747049,0.8669685172751099,1,0.0005919478075120593,0.027678447857520373,0.022049377942211276,0.7966262434842548,0.021386596913208922
source_04_007,65537,lag,4,97/100,100993676292721/37680163265889,0.9513360755959438,1,0.0004957391850351161,0.007207530829850604,0.023537724215148926,3.2657125957290996,0.06878072348743483
source_04_007,65537,lag,5,199/200,414292928430969/4186684807321,0.7017443590741209,1,0.0006788148665944405,0.07348545046928422,0.02412358903315522,0.3282770790557854,0.009237404986422103
source_04_008,65537,bridge,0,0,4390361711761/3359889,-73.4748670531419,0,,,,,
source_04_008,65537,bridge,1,1/2,4390361711761/30239001,-14.811797601302937,0,,,,,
source_04_008,65537,bridge,2,4/5,4390361711761/272151009,-3.2691371912034572,0,,,,,
source_04_008,65537,bridge,3,9/10,4390361711761/1212919929,-0.897386895513581,0,,,,,
source_04_008,65537,bridge,4,97/100,38809/9,-1.0821530940827853,0,,,,,
source_04_008,65537,bridge,5,199/200,159201,-15.779706059842862,0,,,,,
source_04_008,65537,intersection,0,0,1097794731049/670761,-87.75720518073581,0,,,,,
source_04_008,65537,intersection,1,1/2,1097794731049/6036849,-17.296748539730984,0,,,,,
source_04_008,65537,intersection,2,4/5,1097794731049/54331641,-3.84458434429763,0,,,,,
source_04_008,65537,intersection,3,9/10,1097794731049/242144721,-1.1384459564330287,0,,,,,
source_04_008,65537,intersection,4,97/100,1097794731049/2892395961,0.41019731081481225,1,0.0011513716062397101,0.26280797502186687,0.023516600089761926,0.08948206418699901,0.004381037547068009
source_04_008,65537,intersection,5,199/200,16206563025/238671601,0.7534042814961867,1,0.0006332096303234941,0.05587456733932135,0.02410282495093784,0.43137380920667356,0.011332698586783993
source_04_010,65537,bridge,0,0,4394670744409/648025,-286.6646848849473,0,,,,,
source_04_010,65537,bridge,1,1/2,4394670744409/5832225,-48.129242494606494,0,,,,,
source_04_010,65537,bridge,2,4/5,4394670744409/52490025,-10.180971298160395,0,,,,,
source_04_010,65537,bridge,3,9/10,4394670744409/233937025,-3.648618180009828,0,,,,,
source_04_010,65537,bridge,4,97/100,38809/9,-1.081716582747963,0,,,,,
source_04_010,65537,bridge,5,199/200,159201,-15.775427516634911,0,,,,,
source_04_010,65537,intersection,0,0,4395484164681/373321,-466.1010915242245,0,,,,,
source_04_010,65537,intersection,1,1/2,488387129409/373321,-73.51928842003353,0,,,,,
source_04_010,65537,intersection,2,4/5,54265236601/373321,-14.819643315413993,0,,,,,
source_04_010,65537,intersection,3,9/10,4395484164681/134768881,-5.369123628334957,0,,,,,
source_04_010,65537,intersection,4,97/100,39559357482129/14488214689,-0.6347627757024528,0,,,,,
source_04_010,65537,intersection,5,199/200,36925517229769/467611160041,0.7339484211733147,1,0.0006322826496420336,0.06267200806122235,0.02431133749118523,0.38791381101809014,0.010088756834221368
source_04_010,65537,lag,0,0,4374669248041/31147561,-14.474767784555878,0,,,,,
source_04_010,65537,lag,1,1/2,4374669248041/280328049,-3.189862844281617,0,,,,,
source_04_010,65537,lag,2,4/5,4374669248041/2522952441,-0.2890217165490193,0,,,,,
source_04_010,65537,lag,3,9/10,4374669248041/11244269521,0.40282341243666503,1,0.0012340016041468614,0.29621762706313226,0.02226557307611252,0.07516626642670086,0.004165861486304666
source_04_010,65537,lag,4,97/100,39372023232369/1208805694849,0.8296950121381949,1,0.0005532598401616617,0.03441971860393586,0.023724670122941407,0.6892755398711631,0.016073921072044937
source_04_010,65537,lag,5,199/200,323888229641025/4210896890209,0.7374554476290157,1,0.0006292757805668853,0.06150370418140618,0.02431133749118523,0.39528249257115544,0.010231510263362774
source_04_011,65537,bridge,0,0,4394519808721/707281,-265.6390031066894,0,,,,,
source_04_011,65537,bridge,1,1/2,4394519808721/6365529,-45.05499289538221,0,,,,,
source_04_011,65537,bridge,2,4/5,4394519808721/57289761,-9.593367097699893,0,,,,,
source_04_011,65537,bridge,3,9/10,4394519808721/255328441,-3.4247711902283764,0,,,,,
source_04_011,65537,bridge,4,97/100,38809/9,-1.0813190657363785,0,,,,,
source_04_011,65537,bridge,5,199/200,159201,-15.771531428261913,0,,,,,
source_04_011,65537,intersection,0,0,1079901307489/88228449,-2.6608623996960756,0,,,,,
source_04_011,65537,intersection,1,1/2,1079901307489/794056041,-0.13592484610469996,0,,,,,
source_04_011,65537,intersection,2,4/5,1079901307489/7146504369,0.6307320091273954,1,0.0009748201235563717,0.1518599826936827,0.020747376134023224,0.13662174699356333,0.006419203441651147
source_04_011,65537,intersection,3,9/10,1079901307489/31850470089,0.8262520406179721,1,0.0005414208910445856,0.03799416666524644,0.022602245490860606,0.5948872544041098,0.01425010570214263
source_04_011,65537,intersection,4,97/100,1079901307489/380450875249,0.9499439827041687,1,0.00043511048987362604,0.007568120642861499,0.0241521556678246,3.191301619987481,0.057492541465236364
source_04_011,65537,intersection,5,199/200,97213467176721/1048299538225,0.7115162697433789,1,0.0005872288709478825,0.07013527102534917,0.02475588966922328,0.35297346552315595,0.008372803902556231
source_04_011,65537,lag,0,0,4314074391225/404693689,-2.392807067546389,0,,,,,
source_04_011,65537,lag,1,1/2,479341599025/404693689,-0.05746132494809321,0,,,,,
source_04_011,65537,lag,2,4/5,479341599025/3642243201,0.6556767099321952,1,0.000937733864501774,0.13542164308527146,0.020747376134023224,0.15320576284072365,0.006924549452640355
source_04_011,65537,lag,3,9/10,4314074391225/146094421729,0.8379171446525638,1,0.0005338834739373664,0.034875623971341835,0.022602245490860606,0.6480814654221938,0.015308212818674491
source_04_011,65537,lag,4,97/100,38826669521025/15705757376401,0.9532912567448021,1,0.00043358269442049817,0.006624157901254178,0.0241521556678246,3.6460718521295776,0.06545476434648488
source_04_011,65537,lag,5,199/200,95116269101049/1048848401689,0.7147512402911751,1,0.0005845710677916989,0.0689835900191692,0.02475588966922328,0.35886635738070605,0.008474059810880499
source_04_012,65537,bridge,0,0,1098025249689/502681,-110.6205730387063,0,,,,,
source_04_012,65537,bridge,1,1/2,122002805521/502681,-21.14514443658471,0,,,,,
source_04_012,65537,bridge,2,4/5,122002805521/4524129,-4.708191118530009,0,,,,,
source_04_012,65537,bridge,3,9/10,1098025249689/181467841,-1.4952690167692833,0,,,,,
source_04_012,65537,bridge,4,97/100,38809/9,-1.0817778446056432,0,,,,,
source_04_012,65537,bridge,5,199/200,159201,-15.776027968597962,0,,,,,
source_04_012,65537,intersection,0,0,4392977059249/1461681,-143.68237962301103,0,,,,,
source_04_012,65537,intersection,1,1/2,4392977059249/13155129,-26.504067412158868,0,,,,,
source_04_012,65537,intersection,2,4/5,4392977059249/118396161,-5.865423308255385,0,,,,,
source_04_012,65537,intersection,3,9/10,4392977059249/527666841,-1.9650150232708588,0,,,,,
source_04_012,65537,intersection,4,97/100,4392977059249/6302930881,0.19521962692275083,1,0.0022129144346410327,0.7892907646115217,0.023425309567768823,0.029678935340512243,0.0028036745567778174
source_04_012,65537,intersection,5,199/200,259160188993209/4230446808025,0.7659163644582698,1,0.0005697347588485721,0.05196853263602982,0.024009340751397337,0.46199766538629655,0.01096307188118632
source_04_013,65537,bridge,0,0,1096504273881/2059225,-37.17709766346088,0,,,,,
source_04_013,65537,bridge,1,1/2,121833808209/2059225,-8.0529831566652,0,,,,,
source_04_013,65537,bridge,2,4/5,13537089801/2059225,-1.6095814895007972,0,,,,,
source_04_013,65537,bridge,3,9/10,1096504273881/743380225,-0.18524890410580105,0,,,,,
source_04_013,65537,bridge,4,97/100,38809/9,-1.0821000590834071,0,,,,,
source_04_013,65537,bridge,5,199/200,159201,-15.779186212865083,0,,,,,
source_04_013,65537,intersection,0,0,17140831929/22201,-49.03308220645996,0,,,,,
source_04_013,65537,intersection,1,1/2,1904536881/22201,-10.352441780365416,0,,,,,
source_04_013,65537,intersection,2,4/5,211615209/22201,-2.1924525614046306,0,,,,,
source_04_013,65537,intersection,3,9/10,17140831929/8014561,-0.4384574142878642,0,,,,,
source_04_013,65537,intersection,4,97/100,154267487361/861598609,0.5974460604355867,1,0.0007410925533382299,0.11876455060109914,0.023828809437544993,0.20063907383929816,0.006240014798922426
source_04_013,65537,intersection,5,199/200,72288952248681/1055277489289,0.7523154437043534,1,0.0005945943431299033,0.056578405107571395,0.024422902063256938,0.4316647317438899,0.010509210042231005
source_04_014,65537,bridge,0,0,4391325611401/2569609,-90.81339405465746,0,,,,,
source_04_014,65537,bridge,1,1/2,4391325611401/23126481,-17.819591098906855,0,,,,,
source_04_014,65537,bridge,2,4/5,4391325611401/208138329,-3.963766634526844,0,,,,,
source_04_014,65537,bridge,3,9/10,4391325611401/927628849,-1.1880324835850289,0,,,,,
source_04_014,65537,bridge,4,97/100,38809/9,-1.0818845060087112,0,,,,,
source_04_014,65537,bridge,5,199/200,159201,-15.777073412897744,0,,,,,
source_04_014,65537,intersection,0,0,1097987526801/528529,-106.22566498530536,0,,,,,
source_04_014,65537,intersection,1,1/2,121998614089/528529,-20.41588930836083,0,,,,,
source_04_014,65537,intersection,2,4/5,121998614089/4756761,-4.546852100556467,0,,,,,
source_04_014,65537,intersection,3,9/10,1097987526801/190798969,-1.4290352190991258,0,,,,,
source_04_014,65537,intersection,4,97/100,9881887741209/20511681961,0.3339025336200133,1,0.001309169027825467,0.37366056519765645,0.024335105046313015,0.06512623303837373,0.0035036317710779876
source_04_014,65537,intersection,5,199/200,7668429871249/117364482225,0.7581748508681563,1,0.0005831917533465328,0.05484416981085543,0.02493979615001005,0.4547392409443248,0.010633614390696827
source_04_016,65537,bridge,0,0,1098239024961/368449,-142.87288480472898,0,,,,,
source_04_016,65537,bridge,1,1/2,122026558329/368449,-26.375191177293303,0,,,,,
source_04_016,65537,bridge,2,4/5,13558506481/368449,-5.838126271214469,0,,,,,
source_04_016,65537,bridge,3,9/10,1098239024961/133010089,-1.954037138290653,0,,,,,
source_04_016,65537,bridge,4,97/100,38809/9,-1.0833670792252232,0,,,,,
source_04_016,65537,bridge,5,199/200,159201,-15.791606631257379,0,,,,,
source_04_016,65537,intersection,0,0,4393756784641/1046529,-190.28564559756285,0,,,,,
source_04_016,65537,intersection,1,1/2,4393756784641/9418761,-33.77095819641189,0,,,,,
source_04_016,65537,intersection,2,4/5,4393756784641/84768849,-7.369105657754809,0,,,,,
source_04_016,65537,intersection,3,9/10,4393756784641/377796969,-2.562776867392965,0,,,,,
source_04_016,65537,intersection,4,97/100,4393756784641/4512749329,0.043454161202555644,1,0.011992462842864938,4.337054359406576,0.023581819762254933,0.005437289415362909,0.002765117023920776
source_04_016,65537,intersection,5,199/200,42568355041/597753601,0.7472727282711469,1,0.0007048946964109213,0.05771748184888153,0.024169248322973867,0.4187509147792494,0.012212845637592225
source_04_017,65537,bridge,0,0,1095989141025/2825761,-29.47844905505204,0,,,,,
source_04_017,65537,bridge,1,1/2,121776571225/2825761,-6.488972918233459,0,,,,,
source_04_017,65537,bridge,2,4/5,121776571225/25431849,-1.1996009616203505,0,,,,,
source_04_017,65537,bridge,3,9/10,1095989141025/1020099721,-0.004928570461201768,0,,,,,
source_04_017,65537,bridge,4,97/100,38809/9,-1.0801686584598358,0,,,,,
source_04_017,65537,bridge,5,199/200,159201,-15.760257533092737,0,,,,,
source_04_017,65537,intersection,0,0,4385744843089/8614225,-35.92606781021202,0,,,,,
source_04_017,65537,intersection,1,1/2,4385744843089/77528025,-7.803184594200385,0,,,,,
source_04_017,65537,intersection,2,4/5,4385744843089/697752225,-1.5448943451923187,0,,,,,
source_04_017,65537,intersection,3,9/10,4385744843089/3109735225,-0.15692357243361518,0,,,,,
source_04_017,65537,intersection,4,97/100,39471703587801/334309458025,0.6742407861647809,1,0.000583755484832683,0.08343635878890503,0.023409680277262597,0.28056929397517655,0.006996416110506348
source_04_017,65537,intersection,5,199/200,30334351721569/469563451009,0.7597425176428764,1,0.0005235274826919855,0.05411167799031675,0.02399388922923233,0.4434142521606153,0.009674944524649011
source_04_018,65537,bridge,0,0,4387663355625/6135529,-46.27635314456902,0,,,,,
source_04_018,65537,bridge,1,1/2,487518150625/6135529,-9.827645273222611,0,,,,,
source_04_018,65537,bridge,2,4/5,487518150625/55219761,-2.061310745707493,0,,,,,
source_04_018,65537,bridge,3,9/10,4387663355625/2214925969,-0.3817962381564524,0,,,,,
source_04_018,65537,bridge,4,97/100,38809/9,-1.0818070521459964,0,,,,,
source_04_018,65537,bridge,5,199/200,159201,-15.77631424533294,0,,,,,
source_04_018,65537,intersection,0,0,68572230769/78961,-53.59197054930929,0,,,,,
source_04_018,65537,intersection,1,1/2,68572230769/710649,-11.2090503021356,0,,,,,
source_04_018,65537,intersection,2,4/5,68572230769/6395841,-2.40431974356733,0,,,,,
source_04_018,65537,intersection,3,9/10,68572230769/28504921,-0.5296324378906073,0,,,,,
source_04_018,65537,intersection,4,97/100,617150076921/3064397449,0.5727648986990668,1,0.000825157546295835,0.13219746948567496,0.0231705339292243,0.17527214415957548,0.006241855835109234
source_04_018,65537,intersection,5,199/200,510285921649/7325819281,0.7502541258837805,1,0.0006370143413395404,0.05728569396278861,0.023747726733402454,0.4145489927874208,0.011119955040665638
source_04_019,65537,bridge,0,0,4391174733169/2686321,-87.80303596693437,0,,,,,
source_04_019,65537,bridge,1,1/2,4391174733169/24176889,-17.304610522049508,0,,,,,
source_04_019,65537,bridge,2,4/5,4391174733169/217592001,-3.8463811221355457,0,,,,,
source_04_019,65537,bridge,3,9/10,4391174733169/969761881,-1.1391943616358315,0,,,,,
source_04_019,65537,bridge,4,97/100,38809/9,-1.0842352313832144,0,,,,,
source_04_019,65537,bridge,5,199/200,159201,-15.800118373318243,0,,,,,
source_04_019,65537,intersection,0,0,1097953995889/552049,-102.73115615484471,0,,,,,
source_04_019,65537,intersection,1,1/2,1097953995889/4968441,-19.832714173187636,0,,,,,
source_04_019,65537,intersection,2,4/5,1097953995889/44715969,-4.417089404570627,0,,,,,
source_04_019,65537,intersection,3,9/10,1097953995889/199289689,-1.3756249273945726,0,,,,,
source_04_019,65537,intersection,4,97/100,9881585963001/21424469641,0.34786538215588636,1,0.0015895601266612358,0.34612043665735304,0.02342384508838308,0.06767541759336174,0.004592505839910412
source_04_019,65537,intersection,5,199/200,294924259342881/4219372000321,0.7495406297678616,1,0.0007454768350162361,0.05696866757004607,0.024008032744657952,0.42142521088699797,0.013085734085313331
source_04_020,65537,bridge,0,0,4392348298849/1846881,-118.4500369898047,0,,,,,
source_04_020,65537,bridge,1,1/2,4392348298849/16621929,-22.433502671833175,0,,,,,
source_04_020,65537,bridge,2,4/5,4392348298849/149597361,-4.99081463230346,0,,,,,
source_04_020,65537,bridge,3,9/10,4392348298849/666724041,-1.6108405000001373,0,,,,,
source_04_020,65537,bridge,4,97/100,38809/9,-1.080721415254435,0,,,,,
source_04_020,65537,bridge,5,199/200,159201,-15.765674259256508,0,,,,,
source_04_020,65537,intersection,0,0,4392750700321/1595169,-133.56913318497405,0,,,,,
source_04_020,65537,intersection,1,1/2,4392750700321/14356521,-24.88625662148226,0,,,,,
source_04_020,65537,intersection,2,4/5,4392750700321/129208689,-5.52096097306715,0,,,,,
source_04_020,65537,intersection,3,9/10,4392750700321/575856009,-1.826132190748672,0,,,,,
source_04_020,65537,intersection,4,97/100,4392750700321/6878545969,0.23091008442630948,1,0.0016979990432035748,0.6318043500140893,0.023609845502723947,0.037368918878443055,0.002687539335817661
source_04_020,65537,intersection,5,199/200,447364801/6630625,0.7543599555235434,1,0.0005253510235065451,0.05541453070731358,0.02419618371077046,0.43663969363142263,0.00948038387767506
source_04_021,65537,bridge,0,0,4394989394929/531441,-340.5076825906999,0,,,,,
source_04_021,65537,bridge,1,1/2,4394989394929/4782969,-55.889724783840535,0,,,,,
source_04_021,65537,bridge,2,4/5,4394989394929/43046721,-11.635889437606908,0,,,,,
source_04_021,65537,bridge,3,9/10,4394989394929/191850201,-4.196693204336521,0,,,,,
source_04_021,65537,bridge,4,97/100,38809/9,-1.080266379275059,0,,,,,
source_04_021,65537,bridge,5,199/200,159201,-15.761215112862988,0,,,,,
source_04_021,65537,intersection,0,0,4395299671009/429025,-411.33807684574384,0,,,,,
source_04_021,65537,intersection,1,1/2,4395299671009/3861225,-65.9007992201195,0,,,,,
source_04_021,65537,intersection,2,4/5,4395299671009/34751025,-13.461907918358895,0,,,,,
source_04_021,65537,intersection,3,9/10,4395299671009/154878025,-4.873296737018639,0,,,,,
source_04_021,65537,intersection,4,97/100,39557697039081/16650031225,-0.5185615575509084,0,,,,,
source_04_021,65537,intersection,5,199/200,17938486098225/263859950929,0.753466619146142,1,0.0005045165694068925,0.05571817421829991,0.024366918312797154,0.43732442160307106,0.00905479363753435
source_04_022,65537,bridge,0,0,4389087850225/4566769,-57.916208370270034,0,,,,,
source_04_022,65537,bridge,1,1/2,4389087850225/41100921,-12.00979703036742,0,,,,,
source_04_022,65537,bridge,2,4/5,4389087850225/369908289,-2.6000502220051485,0,,,,,
source_04_022,65537,bridge,3,9/10,4389087850225/1648603609,-0.6134733864199468,0,,,,,
source_04_022,65537,bridge,4,97/100,38809/9,-1.0820948839956008,0,,,,,
source_04_022,65537,bridge,5,199/200,159201,-15.779135487080623,0,,,,,
source_04_022,65537,intersection,0,0,4390026467121/3659569,-68.72827929042434,0,,,,,
source_04_022,65537,intersection,1,1/2,487780718569/3659569,-13.968750591724877,0,,,,,
source_04_022,65537,intersection,2,4/5,487780718569/32936121,-3.0702491781583032,0,,,,,
source_04_022,65537,intersection,3,9/10,4390026467121/1321104409,-0.8134143036186159,0,,,,,
source_04_022,65537,intersection,4,97/100,39510238204089/142024213321,0.49651413229333946,1,0.000943312405335688,0.18444061576233384,0.02385911212271967,0.12935931722036756,0.0051144505316075275
source_04_022,65537,intersection,5,199/200,268858493579025/4227370387249,0.761418866898444,1,0.0006219437714608337,0.0542318193012608,0.024452810940629517,0.45089416611293787,0.011468244648144683
source_04_023,65537,bridge,0,0,4391057385225/2778889,-85.34615403206105,0,,,,,
source_04_023,65537,bridge,1,1/2,487895265025/2778889,-16.88220237171807,0,,,,,
source_04_023,65537,bridge,2,4/5,487895265025/25010001,-3.749639793650214,0,,,,,
source_04_023,65537,bridge,3,9/10,4391057385225/1003178929,-1.0988619386500698,0,,,,,
source_04_023,65537,bridge,4,97/100,38809/9,-1.0822065471157845,0,,,,,
source_04_023,65537,bridge,5,199/200,159201,-15.780230008576899,0,,,,,
source_04_023,65537,intersection,0,0,4352593446369/118048225,-5.841797797920476,0,,,,,
source_04_023,65537,intersection,1,1/2,483621494041/118048225,-1.0262612906162598,0,,,,,
source_04_023,65537,intersection,2,4/5,483621494041/1062434025,0.3528393448342725,1,0.001894758813794283,0.5108666753634781,0.02012103623840904,0.039386080965435964,0.0037089105732844587
source_04_023,65537,intersection,3,9/10,4352593446369/42615409225,0.6969729026134259,1,0.0006929994512728296,0.08085328225135292,0.021832500064681317,0.2700261443537871,0.008571073826272941
source_04_023,65537,intersection,4,97/100,39173341017321/4581333564025,0.9129740178538378,1,0.00048735485605335197,0.015754844486454894,0.023303693812707776,1.4791446423189356,0.03093365069216339
source_04_023,65537,intersection,5,199/200,39560363828209/466881124369,0.7242520096712868,1,0.0006211258459855393,0.06553564592732358,0.023883639188295815,0.36443738137229653,0.00947767947041131
source_04_023,65537,lag,0,0,1085849445681/42706225,-4.520349066915316,0,,,,,
source_04_023,65537,lag,1,1/2,120649938409/42706225,-0.6647279026427267,0,,,,,
source_04_023,65537,lag,2,4/5,120649938409/384356025,0.4645783050075036,1,0.0014390371897958951,0.31303544145673434,0.02012103623840904,0.06427718262435161,0.004597042376732889
source_04_023,65537,lag,3,9/10,1085849445681/15416947225,0.7488084000588966,1,0.0006450272713622677,0.06165741834898297,0.021832500064681317,0.3540936459763635,0.010461470632964109
source_04_023,65537,lag,4,97/100,9772645011129/1657385886025,0.9277697456736534,1,0.00047958270155547587,0.012896860739682754,0.023303693812707776,1.8069276146406632,0.03718600295340344
source_04_023,65537,lag,5,199/200,347541948695529/4204259084041,0.7276713301796575,1,0.000618207181671895,0.06436920463423648,0.023883639188295815,0.3710413904289981,0.00960408296459026
source_04_024,65537,bridge,0,0,4395056480721/508369,-354.35141112031005,0,,,,,
source_04_024,65537,bridge,1,1/2,488339608969/508369,-57.862381870812506,0,,,,,
source_04_024,65537,bridge,2,4/5,488339608969/4575321,-11.999895234423702,0,,,,,
source_04_024,65537,bridge,3,9/10,4395056480721/183521209,-4.332525325687901,0,,,,,
source_04_024,65537,bridge,4,97/100,38809/9,-1.0813175721622095,0,,,,,
source_04_024,65537,bridge,5,199/200,159201,-15.771516790091304,0,,,,,
source_04_024,65537,intersection,0,0,274759430625/12769,-803.9712300792445,0,,,,,
source_04_024,65537,intersection,1,1/2,30528825625/12769,-119.01396903973088,0,,,,,
source_04_024,65537,intersection,2,4/5,30528825625/114921,-22.525792533241706,0,,,,,
source_04_024,65537,intersection,3,9/10,274759430625/4609609,-8.089644464222287,0,,,,,
source_04_024,65537,intersection,4,97/100,2472834875625/495552121,-1.2498569412432228,0,,,,,
source_04_024,65537,intersection,5,199/200,30528825625/225870841,0.6510027261482805,1,0.000663512884026304,0.09301210264143536,0.024454762062131367,0.2629202154090125,0.007133618799955178
source_04_025,65537,bridge,0,0,4392608181025/1682209,-127.76122031817582,0,,,,,
source_04_025,65537,bridge,1,1/2,4392608181025/15139881,-23.949168694778173,0,,,,,
source_04_025,65537,bridge,2,4/5,4392608181025/136258929,-5.3195853340430475,0,,,,,
source_04_025,65537,bridge,3,9/10,4392608181025/607277449,-1.7445786751568575,0,,,,,
source_04_025,65537,bridge,4,97/100,38809/9,-1.079689772549485,0,,,,,
source_04_025,65537,bridge,5,199/200,159201,-15.755565068053322,0,,,,,
source_04_025,65537,intersection,0,0,4393580711569/1134225,-177.29816677006622,0,,,,,
source_04_025,65537,intersection,1,1/2,4393580711569/10208025,-31.773045638852366,0,,,,,
source_04_025,65537,intersection,2,4/5,4393580711569/91872225,-6.962162255413415,0,,,,,
source_04_025,65537,intersection,3,9/10,4393580711569/409455225,-2.402302943452942,0,,,,,
source_04_025,65537,intersection,4,97/100,4393580711569/4890904225,0.08391034298756272,1,0.004419310596223896,2.1387240744154234,0.023722575838084986,0.011091929118799053,0.002066330411243827
source_04_025,65537,intersection,5,199/200,31658233699225/469155132601,0.754457449575465,1,0.0004966117244449744,0.0554158247307111,0.024312683654958735,0.43873178416281516,0.008961550727760899
source_04_026,65537,bridge,0,0,4388325297889/5377761,-51.20762359280373,0,,,,,
source_04_026,65537,bridge,1,1/2,4388325297889/48399849,-10.762712471716156,0,,,,,
source_04_026,65537,bridge,2,4/5,4388325297889/435598641,-2.2942565210292645,0,,,,,
source_04_026,65537,bridge,3,9/10,4388325297889/1941371721,-0.4823233281622681,0,,,,,
source_04_026,65537,bridge,4,97/100,38809/9,-1.0843662334141455,0,,,,,
source_04_026,65537,bridge,5,199/200,159201,-15.801402871029865,0,,,,,
source_04_026,65537,intersection,0,0,4389112990441/4541161,-58.257993738193775,0,,,,,
source_04_026,65537,intersection,1,1/2,4389112990441/40870449,-12.072633842925677,0,,,,,
source_04_026,65537,intersection,2,4/5,4389112990441/367834041,-2.6153189769227536,0,,,,,
source_04_026,65537,intersection,3,9/10,4389112990441/1639359121,-0.6199983140482814,0,,,,,
source_04_026,65537,intersection,4,97/100,39502016913969/176237917249,0.5483915122664407,1,0.0010847292054306447,0.1466199883864017,0.024075319191021124,0.1642021627199501,0.007398235515964945
source_04_026,65537,intersection,5,199/200,35990772591361/467876520225,0.7371266011906417,1,0.0008155306435136688,0.061519136142572484,0.024672719360659047,0.40105763682180556,0.01325653600895259
source_04_027,65537,bridge,0,0,68653956361/15625,-197.42554348431142,0,,,,,
source_04_027,65537,bridge,1,1/2,68653956361/140625,-34.86158685216834,0,,,,,
source_04_027,65537,bridge,2,4/5,68653956361/1265625,-7.589388842285505,0,,,,,
source_04_027,65537,bridge,3,9/10,68653956361/5640625,-2.649263676318958,0,,,,,
source_04_027,65537,bridge,4,97/100,38809/9,-1.081164610339534,0,,,,,
source_04_027,65537,bridge,5,199/200,159201,-15.770017664558376,0,,,,,
source_04_027,65537,intersection,0,0,274650413041/47089,-251.50112372470355,0,,,,,
source_04_027,65537,intersection,1,1/2,274650413041/423801,-42.97177968174035,0,,,,,
source_04_027,65537,intersection,2,4/5,274650413041/3814209,-9.191119720599284,0,,,,,
source_04_027,65537,intersection,3,9/10,274650413041/16999129,-3.2706514249954015,0,,,,,
source_04_027,65537,intersection,4,97/100,2471853717369/1827477001,-0.13264382220906426,0,,,,,
source_04_027,65537,intersection,5,199/200,36249755683729/467802649521,0.736537139291311,1,0.0005551889623663774,0.061823049353616454,0.024669893131353798,0.3990403803967441,0.008980290816630524
source_04_028,65537,bridge,0,0,274126592041/514089,-37.20509818206317,0,,,,,
source_04_028,65537,bridge,1,1/2,274126592041/4626801,-8.058556507639901,0,,,,,
source_04_028,65537,bridge,2,4/5,274126592041/41641209,-1.6110214781339127,0,,,,,
source_04_028,65537,bridge,3,9/10,274126592041/185586129,-0.1858789242723729,0,,,,,
source_04_028,65537,bridge,4,97/100,38809/9,-1.0816870068437927,0,,,,,
source_04_028,65537,bridge,5,199/200,159201,-15.775137633357899,0,,,,,
source_04_028,65537,intersection,0,0,4387152269809/6754801,-43.05719383016626,0,,,,,
source_04_028,65537,intersection,1,1/2,4387152269809/60793209,-9.207680076609071,0,,,,,
source_04_028,65537,intersection,2,4/5,4387152269809/547138881,-1.9049987810793556,0,,,,,
source_04_028,65537,intersection,3,9/10,4387152269809/2438483161,-0.3140291843878248,0,,,,,
source_04_028,65537,intersection,4,97/100,39484370428281/262147072009,0.6312766249959475,1,0.0006569731438499689,0.10173276376209274,0.023807414668180038,0.23401914769419704,0.006457832457853343
source_04_028,65537,intersection,5,199/200,19365025126041/263434801081,0.7433915738307367,1,0.0005638893790708453,0.05921261150797015,0.024400164415923454,0.4120771537434916,0.009523129696702274
source_04_029,65537,bridge,0,0,4390872984481/2927521,-81.76447784644276,0,,,,,
source_04_029,65537,bridge,1,1/2,4390872984481/26347689,-16.262844940702507,0,,,,,
source_04_029,65537,bridge,2,4/5,4390872984481/237129201,-3.6070244978513832,0,,,,,
source_04_029,65537,bridge,3,9/10,4390872984481/1056835081,-1.0392648682142966,0,,,,,
source_04_029,65537,bridge,4,97/100,38809/9,-1.079987775860883,0,,,,,
source_04_029,65537,bridge,5,199/200,159201,-15.758485076773269,0,,,,,
source_04_029,65537,intersection,0,0,4391518404025/2424249,-95.01194755119968,0,,,,,
source_04_029,65537,intersection,1,1/2,4391518404025/21818241,-18.533309020803696,0,,,,,
source_04_029,65537,intersection,2,4/5,4391518404025/196364169,-4.125472618460914,0,,,,,
source_04_029,65537,intersection,3,9/10,4391518404025/875153889,-1.2551314412063765,0,,,,,
source_04_029,65537,intersection,4,97/100,4391518404025/10453631049,0.37946437382961246,1,0.0010379616347781586,0.3006779808195582,0.023903132991352716,0.07949745081498795,0.003452070656949956
source_04_029,65537,intersection,5,199/200,7832828040961/117313785121,0.7557323974784959,1,0.0005262882048089244,0.0550143611873192,0.024495610506254324,0.44525847392554213,0.009566378550083642
source_04_030,65537,bridge,0,0,4291691121/625,-289.619698112618,0,,,,,
source_04_030,65537,bridge,1,1/2,476854569/625,-48.5591688402681,0,,,,,
source_04_030,65537,bridge,2,4/5,52983841/625,-10.262604739651824,0,,,,,
source_04_030,65537,bridge,3,9/10,4291691121/225625,-3.6795985904730535,0,,,,,
source_04_030,65537,bridge,4,97/100,38809/9,-1.0809803598463175,0,,,,,
source_04_030,65537,bridge,5,199/200,159201,-15.76821193559643,0,,,,,
source_04_030,65537,intersection,0,0,1078322326929/103083409,-2.357281266086675,0,,,,,
source_04_030,65537,intersection,1,1/2,119813591881/103083409,-0.047015936413763684,0,,,,,
source_04_030,65537,intersection,2,4/5,119813591881/927750681,0.6590033344119078,1,0.0009211409123988235,0.13190917621315973,0.020633497454831076,0.15642200222286437,0.006983145061191939
source_04_030,65537,intersection,3,9/10,1078322326929/37213110649,0.8394735714104669,1,0.0005273535827802272,0.03417865564763242,0.02237096646197476,0.6545303212803343,0.015429324904321022
source_04_030,65537,intersection,4,97/100,6113488667209/2356872814521,0.9521601445897254,1,0.00042990108115583634,0.006881645594842169,0.02387358992136991,3.469168760923012,0.062470680192837816
source_04_030,65537,intersection,5,199/200,2786505734089/29097195241,0.7068375689925993,1,0.0005853090417982141,0.07126276865416666,0.02446739985364861,0.34334057342603724,0.008213391829311023
source_04_030,65537,lag,0,0,4308111208801/464531809,-2.1432961613324872,0,,,,,
source_04_030,65537,lag,1,1/2,4308111208801/4180786281,0.016136437542636335,1,0.11920884883007833,56.74569183253474,0.018309108797042787,0.00032265196186303944,0.002100755933717082
source_04_030,65537,lag,2,4/5,4308111208801/37627076529,0.6791456819201527,1,0.0008938213830908535,0.11987163075821146,0.020633497454831076,0.17212994704685486,0.007456488056742524
source_04_030,65537,lag,3,9/10,4308111208801/167695983049,0.8489014424698433,1,0.0005214968115080676,0.03176330759693623,0.02237096646197476,0.7043021698449496,0.016418214945548345
source_04_030,65537,lag,4,97/100,10638876069441/4192178445361,0.9526812317453354,1,0.0004296659385665752,0.006738405154175395,0.02387358992136991,3.542913994504597,0.06376374360635415
source_04_030,65537,lag,5,199/200,392782019175441/4192178445361,0.7100574260776445,1,0.0005826548741267546,0.07010841746060541,0.02446739985364861,0.3489937548140646,0.008310769166258159
source_04_031,65537,bridge,0,0,1099450811209/841,-41589.66621103463,0,,,,,
source_04_031,65537,bridge,1,1/2,1099450811209/7569,-4858.400996680401,0,,,,,
source_04_031,65537,bridge,2,4/5,1099450811209/68121,-618.3387314492659,0,,,,,
source_04_031,65537,bridge,3,9/10,1099450811209/303601,-167.65969817959953,0,,,,,
source_04_031,65537,bridge,4,97/100,9895057300881/32638369,-24.72092398140133,0,,,,,
source_04_031,65537,bridge,5,199/200,159201,-15.763747561741745,0,,,,,
source_04_031,65537,intersection,0,0,67917050881/2356225,-4.926932210637171,0,,,,,
source_04_031,65537,intersection,1,1/2,67917050881/21206025,-0.777114507712708,0,,,,,
source_04_031,65537,intersection,2,4/5,67917050881/190854225,0.4296873377068398,1,0.0013870708887950731,0.3590979184062251,0.019986999823757057,0.05565891306879426,0.0038626536599022173
source_04_031,65537,intersection,3,9/10,67917050881/850597225,0.7326016137406316,1,0.0005910733227808635,0.06687569908628767,0.021663269788424568,0.3239333582213939,0.00883838719978418
source_04_031,65537,intersection,4,97/100,611253457929/91442736025,0.9231397868458373,1,0.00043294260633648765,0.013678379151961627,0.023115148069794606,1.6899040312447873,0.0316516015184737
source_04_031,65537,intersection,5,199/200,349448774215401/4203734190601,0.7271102314155661,1,0.0005554415722841976,0.06421536728442022,0.02368925687633383,0.3689032373109429,0.008649667451469324
source_04_031,65537,lag,0,0,1084674341529/50395801,-4.016648879788574,0,,,,,
source_04_031,65537,lag,1,1/2,120519371281/50395801,-0.5239753601217962,0,,,,,
source_04_031,65537,lag,2,4/5,120519371281/453562209,0.5084794280861858,1,0.0011721355171835852,0.25684885082925196,0.019986999823757057,0.07781619329511434,0.0045635225285193025
source_04_031,65537,lag,3,9/10,1084674341529/18192884161,0.769227664455521,1,0.000562929923242947,0.054517439019745165,0.021663269788424568,0.3973640394329336,0.010325685383700153
source_04_031,65537,lag,4,97/100,9762069073761/1955810641009,0.9336082742647683,1,0.0004280880497173082,0.01170739661410715,0.023115148069794606,1.9744054832772446,0.03656560581551254
source_04_031,65537,lag,5,199/200,341233367085009/4206006231025,0.7304406981608582,1,0.0005529090194156308,0.06309435030558064,0.02368925687633383,0.3754576560595559,0.008763209649323015
source_05_000,65537,bridge,0,0,4393941245929/958441,-204.8205389221677,0,,,,,
source_05_000,65537,bridge,1,1/2,4393941245929/8625969,-35.985786440889285,0,,,,,
source_05_000,65537,bridge,2,4/5,4393941245929/77633721,-7.815144384018655,0,,,,,
source_05_000,65537,bridge,3,9/10,4393941245929/345997201,-2.7376298901237957,0,,,,,
source_05_000,65537,bridge,4,97/100,38809/9,-1.0821172354760649,0,,,,,
source_05_000,65537,bridge,5,199/200,159201,-15.77935457473504,0,,,,,
source_05_000,65537,intersection,0,0,4328035034449/280864081,-3.1613027321210083,0,,,,,
source_05_000,65537,intersection,1,1/2,4328035034449/2527776729,-0.28081342680407695,0,,,,,
source_05_000,65537,intersection,2,4/5,4328035034449/22749990561,0.5848719114989661,1,0.00121709247616127,0.18294386625098163,0.046291631332250914,0.2530373511880589,0.006652819255998092
source_05_000,65537,intersection,3,9/10,4328035034449/101391933241,0.8048325049469192,1,0.0006529210873560805,0.043940904312052255,0.05016524782621021,1.1416526039144517,0.014859072601675957
source_05_000,65537,intersection,4,97/100,38952315310041/10900054119529,0.9438026490159047,1,0.0005177540435962082,0.009588932379333556,0.053527495911750864,5.582216433929123,0.053994962433158045
source_05_000,65537,intersection,5,199/200,97559968790025/1048209440041,0.7108797443627839,1,0.0006951743896757459,0.07070122117266509,0.054858168697086956,0.7759154338100249,0.009832565522142895
source_05_000,65537,lag,0,0,67525660449/5230369,-2.7718323953630724,0,,,,,
source_05_000,65537,lag,1,1/2,7502851161/5230369,-0.16822948516524422,0,,,,,
source_05_000,65537,lag,2,4/5,833650129/5230369,0.6204843916066719,1,0.0011472378880638993,0.15635837027749575,0.046291631332250914,0.29606110149456805,0.007337233600144644
source_05_000,65537,lag,3,9/10,67525660449/1888163209,0.8214628001787252,1,0.0006397028741351763,0.039262137055958636,0.05016524782621021,1.2777003899383224,0.01629312416752647
source_05_000,65537,lag,4,97/100,607730944041/202985390521,0.9485702727162414,1,0.0005151517519999029,0.008076815000511241,0.053527495911750864,6.627302458749236,0.06378154655855002
source_05_000,65537,lag,5,199/200,95381064940329/1048778761801,0.7142370185537674,1,0.0006919067194541479,0.06949937697661196,0.054858168697086956,0.7893332441749501,0.00995558161171703
source_05_001,65537,bridge,0,0,274526746209/112225,-121.30179973673962,0,,,,,
source_05_001,65537,bridge,1,1/2,30502971801/112225,-22.899536679668117,0,,,,,
source_05_001,65537,bridge,2,4/5,3389219089/112225,-5.092320015528807,0,,,,,
source_05_001,65537,bridge,3,9/10,274526746209/40513225,-1.6522107289728547,0,,,,,
source_05_001,65537,bridge,4,97/100,38809/9,-1.0817958819871414,0,,,,,
source_05_001,65537,bridge,5,199/200,159201,-15.776204761243651,0,,,,,
source_05_001,65537,intersection,0,0,274556088361/94249,-140.02304473391592,0,,,,,
source_05_001,65537,intersection,1,1/2,274556088361/848241,-25.920642831591188,0,,,,,
source_05_001,65537,intersection,2,4/5,274556088361/7634169,-5.741654416488087,0,,,,,
source_05_001,65537,intersection,3,9/10,274556088361/34023889,-1.915201416863044,0,,,,,
source_05_001,65537,intersection,4,97/100,2471004795249/3657709441,0.20800162434040986,1,0.002062687170365719,0.7287247075402802,0.052857485122453925,0.07253422942233949,0.002830543755443758
source_05_001,65537,intersection,5,199/200,447364801/6630625,0.7542397544230258,1,0.0005749535975909145,0.05570715830876666,0.054171585940450545,0.9724349183312325,0.010321000299533027
source_05_002,65537,bridge,0,0,1098012675321/511225,-109.26499111387703,0,,,,,
source_05_002,65537,bridge,1,1/2,122001408369/511225,-20.920693171269058,0,,,,,
source_05_002,65537,bridge,2,4/5,13555712041/511225,-4.658641738568579,0,,,,,
source_05_002,65537,bridge,3,9/10,1098012675321/184552225,-1.474947972193289,0,,,,,
source_05_002,65537,bridge,4,97/100,38809/9,-1.0836085762436758,0,,,,,
source_05_002,65537,bridge,5,199/200,159201,-15.793974261434483,0,,,,,
source_05_002,65537,intersection,0,0,4373096528025/35485849,-13.252496863718791,0,,,,,
source_05_002,65537,intersection,1,1/2,485899614225/35485849,-2.8996829524596017,0,,,,,
source_05_002,65537,intersection,2,4/5,53988846025/35485849,-0.20532216910357137,0,,,,,
source_05_002,65537,intersection,3,9/10,4373096528025/12810391489,0.4408466918574033,1,0.0012739598358522891,0.25188790477493816,0.050349447928296986,0.19988831132357948,0.005057645927820839
source_05_002,65537,intersection,4,97/100,39357868752225/1377170313841,0.8403961571562525,1,0.0006191095913743514,0.03202064559261775,0.0537295324688978,1.6779653087720683,0.019334700469533474
source_05_002,65537,intersection,5,199/200,37823151902809/467359547769,0.7303987860011074,1,0.0007201196045298937,0.06427209584380712,0.05506544361209144,0.8567550643736667,0.011204234047072548
source_05_002,65537,lag,0,0,1089695893225/22005481,-7.145776473338053,0,,,,,
source_05_002,65537,lag,1,1/2,1089695893225/198049329,-1.3732428829506167,0,,,,,
source_05_002,65537,lag,2,4/5,1089695893225/1782443961,0.24692081029372784,1,0.0031059785500906507,0.8631592396283585,0.046442249445604586,0.05380496125558564,0.0035983841769775407
source_05_002,65537,lag,3,9/10,1089695893225/7943978641,0.6480153414617852,1,0.0008666785232704282,0.10287908656982812,0.050349447928296986,0.4894041112439584,0.008424243956347523
source_05_002,65537,lag,4,97/100,9807263039025/854010712129,0.8990333648131533,1,0.00057872971328235,0.018846908588757778,0.0537295324688978,2.8508406148341794,0.030706877499663977
source_05_002,65537,lag,5,199/200,102179319025/1295352081,0.7338634425880154,1,0.0007167198342369392,0.06309883106935298,0.05506544361209144,0.8726856374180387,0.011358686398630437
source_05_003,65537,bridge,0,0,4287499441/3249,-74.0211635640109,0,,,,,
source_05_003,65537,bridge,1,1/2,4287499441/29241,-14.908229782572635,0,,,,,
source_05_003,65537,bridge,2,4/5,4287499441/263169,-3.291762734328174,0,,,,,
source_05_003,65537,bridge,3,9/10,4287499441/1172889,-0.9069177392695181,0,,,,,
source_05_003,65537,bridge,4,97/100,38809/9,-1.0817176891531042,0,,,,,
source_05_003,65537,bridge,5,199/200,159201,-15.775438360904909,0,,,,,
source_05_003,65537,intersection,0,0,4390914893401/2893401,-82.62846708925254,0,,,,,
source_05_003,65537,intersection,1,1/2,4390914893401/26040609,-16.412647304879684,0,,,,,
source_05_003,65537,intersection,2,4/5,4390914893401/234365481,-3.6416037247890247,0,,,,,
source_05_003,65537,intersection,3,9/10,4390914893401/1044517761,-1.0537304570117287,0,,,,,
source_05_003,65537,intersection,4,97/100,4390914893401/12476666601,0.4325930693315809,1,0.0010346139870053507,0.23707427133377326,0.052963064633014555,0.22340283631389363,0.00436409223651576
source_05_003,65537,intersection,5,199/200,6709990833225/85908196201,0.7354138968300717,1,0.0006153830844642432,0.06132969395735876,0.054280459350110166,0.8850600067864389,0.010034015250297939
source_05_004,65537,bridge,0,0,1097208065529/1207801,-55.47059678520481,0,,,,,
source_05_004,65537,bridge,1,1/2,121912007281/1207801,-11.558263253716648,0,,,,,
source_05_004,65537,bridge,2,4/5,121912007281/10870209,-2.4899467503479618,0,,,,,
source_05_004,65537,bridge,3,9/10,1097208065529/436016161,-0.5663560921590306,0,,,,,
source_05_004,65537,bridge,4,97/100,38809/9,-1.0820115046143692,0,,,,,
source_05_004,65537,bridge,5,199/200,159201,-15.778318214710314,0,,,,,
source_05_004,65537,intersection,0,0,4367092678081/54656449,-9.865864549511697,0,,,,,
source_05_004,65537,intersection,1,1/2,4367092678081/491908041,-2.0708971026941585,0,,,,,
source_05_004,65537,intersection,2,4/5,4367092678081/4427172369,0.03759627100673326,1,0.01796068965991983,7.534973557666953,0.045786408044010934,0.0060765187420495385,0.0023836433562058816
source_05_004,65537,intersection,3,9/10,4367092678081/19730978089,0.5517569281935367,1,0.0008924609836365993,0.1559264314292462,0.049684440024212295,0.3186402688036717,0.0057236029546508665
source_05_004,65537,intersection,4,97/100,39303834102729/2121162129241,0.8717177533821098,1,0.000522308121135035,0.024403537303223644,0.053033669158588356,2.1731959797312967,0.021402967719193706
source_05_004,65537,intersection,5,199/200,338849493858225/4206670734289,0.7312320960980561,1,0.0006293278157594251,0.06325537267994207,0.05435368301137463,0.859273777207701,0.009949001785882794
source_05_004,65537,lag,0,0,4354871969889/106481761,-6.269057603427785,0,,,,,
source_05_004,65537,lag,1,1/2,483874663321/106481761,-1.1409560958309546,0,,,,,
source_05_004,65537,lag,2,4/5,483874663321/958335849,0.31768831309097517,1,0.002125526587214455,0.5959904869957507,0.045786408044010934,0.076824058509406,0.0035663767016294833
source_05_004,65537,lag,3,9/10,4354871969889/38439915721,0.6807064184629223,1,0.0007233978077889011,0.08737768452526176,0.049684440024212295,0.568617036422475,0.008278976625659604
source_05_004,65537,lag,4,97/100,39193847729001/4132450662649,0.9083385356279565,1,0.0005012506285603088,0.01670942526511555,0.053033669158588356,3.1738775162606774,0.029998077169462862
source_05_004,65537,lag,5,199/200,9181742359321/116916808761,0.7346516523583735,1,0.0006263985065211438,0.06211240923879896,0.05435368301137463,0.8750857304923573,0.01008491723631064
source_05_005,65537,bridge,0,0,4394871996025/573049,-319.56710563042935,0,,,,,
source_05_005,65537,bridge,1,1/2,4394871996025/5157441,-52.88906609733342,0,,,,,
source_05_005,65537,bridge,2,4/5,4394871996025/46416969,-11.077840279169319,0,,,,,
source_05_005,65537,bridge,3,9/10,4394871996025/206870689,-3.9874723236580936,0,,,,,
source_05_005,65537,bridge,4,97/100,38809/9,-1.0835473449479824,0,,,,,
source_05_005,65537,bridge,5,199/200,159201,-15.793373943326324,0,,,,,
source_05_005,65537,intersection,0,0,4396121536249/210681,-783.1072268847236,0,,,,,
source_05_005,65537,intersection,1,1/2,4396121536249/1896129,-116.25969976764534,0,,,,,
source_05_005,65537,intersection,2,4/5,4396121536249/17065161,-22.07441371581558,0,,,,,
source_05_005,65537,intersection,3,9/10,4396121536249/76055841,-7.934010709422396,0,,,,,
source_05_005,65537,intersection,4,97/100,4396121536249/908479881,-1.215592148985316,0,,,,,
source_05_005,65537,intersection,5,199/200,4396121536249/33540625881,0.6560392751259253,1,0.0007948945199091507,0.0922899459749828,0.05499291051933948,0.5958710879974565,0.008613013167486566
source_05_006,65537,bridge,0,0,1096240410225/2436721,-32.834670824850626,0,,,,,
source_05_006,65537,bridge,1,1/2,121804490025/2436721,-7.17896123005564,0,,,,,
source_05_006,65537,bridge,2,4/5,13533832225/2436721,-1.3819579235487798,0,,,,,
source_05_006,65537,bridge,3,9/10,1096240410225/879656281,-0.08536978680249813,0,,,,,
source_05_006,65537,bridge,4,97/100,38809/9,-1.0807675484489572,0,,,,,
source_05_006,65537,bridge,5,199/200,159201,-15.766126360750306,0,,,,,
source_05_006,65537,intersection,0,0,4385920759081/8369449,-36.71016573315508,0,,,,,
source_05_006,65537,intersection,1,1/2,4385920759081/75325041,-7.959930099451257,0,,,,,
source_05_006,65537,intersection,2,4/5,4385920759081/677925369,-1.58551835038,0,,,,,
source_05_006,65537,intersection,3,9/10,4385920759081/3021371089,-0.17471748529172065,0,,,,,
source_05_006,65537,intersection,4,97/100,39473286831729/324809946241,0.6693604526343604,1,0.0006343954523233795,0.08489120219208844,0.053153783277118186,0.6261400699314391,0.007473041209710928
source_05_006,65537,intersection,5,199/200,327142065010761/4209969416041,0.7362126923381276,1,0.0005833591210852424,0.06132946026343353,0.05447581149601632,0.8882486697587397,0.009511890673413586
source_05_007,65537,bridge,0,0,4391727966025/2271049,-100.17368312799867,0,,,,,
source_05_007,65537,bridge,1,1/2,4391727966025/20439441,-19.40395989021872,0,,,,,
source_05_007,65537,bridge,2,4/5,4391727966025/183954969,-4.321253168689851,0,,,,,
source_05_007,65537,bridge,3,9/10,4391727966025/819848689,-1.3360977453842855,0,,,,,
source_05_007,65537,bridge,4,97/100,38809/9,-1.080656789742091,0,,,,,
source_05_007,65537,bridge,5,199/200,159201,-15.765040939868033,0,,,,,
source_05_007,65537,intersection,0,0,4392876454561/1520289,-138.96746419036882,0,,,,,
source_05_007,65537,intersection,1,1/2,4392876454561/13682601,-25.751941863310623,0,,,,,
source_05_007,65537,intersection,2,4/5,4392876454561/123143409,-5.70577178405032,0,,,,,
source_05_007,65537,intersection,3,9/10,4392876454561/548824329,-1.9007412116487807,0,,,,,
source_05_007,65537,intersection,4,97/100,4392876454561/6555655089,0.21171607518033156,1,0.0018546496340465523,0.7158145662712071,0.05398070824732625,0.0754115811424744,0.002590963807439292
source_05_007,65537,intersection,5,199/200,26425593579889/470825151889,0.776133038324187,1,0.0005113001325059056,0.04929700436634768,0.05532311210840712,1.1222408505246442,0.010371829669531435
source_05_008,65537,bridge,0,0,1097568427201/859329,-72.08076188287285,0,,,,,
source_05_008,65537,bridge,1,1/2,1097568427201/7733961,-14.565164265007034,0,,,,,
source_05_008,65537,bridge,2,4/5,1097568427201/69605649,-3.211155899896725,0,,,,,
source_05_008,65537,bridge,3,9/10,1097568427201/310217769,-0.8729424110874987,0,,,,,
source_05_008,65537,bridge,4,97/100,38809/9,-1.0802826782862358,0,,,,,
source_05_008,65537,bridge,5,199/200,159201,-15.761374830499525,0,,,,,
source_05_008,65537,intersection,0,0,1097773776009/687241,-85.9645276037588,0,,,,,
source_05_008,65537,intersection,1,1/2,121974864001/687241,-16.98870163855727,0,,,,,
source_05_008,65537,intersection,2,4/5,121974864001/6185169,-3.7740700762566086,0,,,,,
source_05_008,65537,intersection,3,9/10,1097773776009/248094001,-1.1090543265735966,0,,,,,
source_05_008,65537,intersection,4,97/100,9879963984081/26671135969,0.41795942160010546,1,0.000906182472973536,0.25426606136275637,0.053674557671754504,0.21109603611304645,0.003563914382111356
source_05_008,65537,intersection,5,199/200,9037232427601/116957844081,0.7370209985686118,1,0.0005197520701469039,0.06117653658527851,0.055009640656297945,0.8991950791397929,0.008495938135078682
source_05_009,65537,bridge,0,0,1097895318025/594441,-96.64548498611256,0,,,,,
source_05_009,65537,bridge,1,1/2,1097895318025/5349969,-18.809632831782782,0,,,,,
source_05_009,65537,bridge,2,4/5,1097895318025/48149721,-4.187781814640031,0,,,,,
source_05_009,65537,bridge,3,9/10,1097895318025/214593201,-1.2809317991288225,0,,,,,
source_05_009,65537,bridge,4,97/100,38809/9,-1.08209402199637,0,,,,,
source_05_009,65537,bridge,5,199/200,159201,-15.779127037839,0,,,,,
source_05_009,65537,intersection,0,0,4392138722049/1985281,-111.79591614114995,0,,,,,
source_05_009,65537,intersection,1,1/2,488015413561/1985281,-21.33941206152995,0,,,,,
source_05_009,65537,intersection,2,4/5,488015413561/17867529,-4.751001059155905,0,,,,,
source_05_009,65537,intersection,3,9/10,4392138722049/716686441,-1.5128117669105992,0,,,,,
source_05_009,65537,intersection,4,97/100,39529248498441/77046770329,0.3120546306953889,1,0.0014195915429698485,0.41054084534769153,0.052885233209502114,0.12881844476330492,0.0034578570172904017
source_05_009,65537,intersection,5,199/200,1676980970289/21477195601,0.7354105883923552,1,0.0006087782607577629,0.06147821625135101,0.05420077179811159,0.8816256408044452,0.00990234098967347
source_05_009,65537,lag,0,0,4367845023721/52027369,-10.202151433327183,0,,,,,
source_05_009,65537,lag,1,1/2,4367845023721/468246321,-2.155003475142221,0,,,,,
source_05_009,65537,lag,2,4/5,4367845023721/4214216889,0.012670730800760348,1,0.05196508912028114,22.965465286732567,0.04569405070268515,0.0019896853876974646,0.002262749239846754
source_05_009,65537,lag,3,9/10,4367845023721/18781880209,0.5403377561775555,1,0.0008873032575076366,0.16284285342059854,0.049553679650282074,0.30430368056921964,0.005448831427780659
source_05_009,65537,lag,4,97/100,39310605213489/2019130163521,0.8684854699374059,1,0.0005100719931580213,0.02496156152193676,0.052885233209502114,2.118666861567351,0.020434298259336018
source_05_009,65537,lag,5,199/200,320422064713569/4211890139521,0.7388629899416056,1,0.0006059336914137818,0.060345953534467596,0.05420077179811159,0.8981674598472277,0.010040999535581002
source_05_010,65537,bridge,0,0,4393614249025/1117249,-179.87301834327658,0,,,,,
source_05_010,65537,bridge,1,1/2,4393614249025/10055241,-32.17065284216476,0,,,,,
source_05_010,65537,bridge,2,4/5,4393614249025/90497169,-7.043511694914837,0,,,,,
source_05_010,65537,bridge,3,9/10,4393614249025/403326889,-2.4344563253992613,0,,,,,
source_05_010,65537,bridge,4,97/100,38809/9,-1.081953536733716,0,,,,,
source_05_010,65537,bridge,5,199/200,159201,-15.777750028168722,0,,,,,
source_05_010,65537,intersection,0,0,4394813297161/594441,-309.10494428653743,0,,,,,
source_05_010,65537,intersection,1,1/2,4394813297161/5349969,-51.381830474033386,0,,,,,
source_05_010,65537,intersection,2,4/5,4394813297161/48149721,-10.795445237106042,0,,,,,
source_05_010,65537,intersection,3,9/10,4394813297161/214593201,-3.8811321720343614,0,,,,,
source_05_010,65537,intersection,4,97/100,4394813297161/2563295641,-0.2816207509260705,0,,,,,
source_05_010,65537,intersection,5,199/200,4962277498689/65823546721,0.7400738100123228,1,0.0006251562137523222,0.0604074538595584,0.05482587417662161,0.9076011431318818,0.01034899128848819
source_05_010,65537,lag,0,0,4390462287649/3272481,-74.99891580041262,0,,,,,
source_05_010,65537,lag,1,1/2,4390462287649/29452329,-15.080526972260225,0,,,,,
source_05_010,65537,lag,2,4/5,4390462287649/265070961,-3.3321262172855586,0,,,,,
source_05_010,65537,lag,3,9/10,4390462287649/1181365641,-0.9239095799162806,0,,,,,
source_05_010,65537,lag,4,97/100,4390462287649/14111301681,0.4670513055055999,1,0.0009803324648584469,0.20681688012413427,0.053494912385120205,0.2586583471958954,0.0047400988945875125
source_05_010,65537,lag,5,199/200,77354786654649/1053770000089,0.7435402812254205,1,0.0006222416628216181,0.05927845699524806,0.05482587417662161,0.9248869986784004,0.010496927456655947
source_05_011,65537,bridge,0,0,4384413022201/10582009,-30.931200488759703,0,,,,,
source_05_011,65537,bridge,1,1/2,4384413022201/95238081,-6.789306081758921,0,,,,,
source_05_011,65537,bridge,2,4/5,4384413022201/857142729,-1.2792767589758278,0,,,,,
source_05_011,65537,bridge,3,9/10,4384413022201/3820105249,-0.04012240640552625,0,,,,,
source_05_011,65537,bridge,4,97/100,38809/9,-1.0808117263455022,0,,,,,
source_05_011,65537,bridge,5,199/200,159201,-15.766559303435091,0,,,,,
source_05_011,65537,intersection,0,0,4370512192929/43230625,-11.562225203523159,0,,,,,
source_05_011,65537,intersection,1,1/2,485612465881/43230625,-2.490915822585933,0,,,,,
source_05_011,65537,intersection,2,4/5,485612465881/389075625,-0.0862505432410383,0,,,,,
source_05_011,65537,intersection,3,9/10,4370512192929/15606255625,0.49510698060588565,1,0.0008564607253509024,0.19864847973079097,0.05061758092051125,0.25480980770206924,0.004311438610109579
source_05_011,65537,intersection,4,97/100,39334609736361/1677737325625,0.8556994245675223,1,0.0004589339848386806,0.028059308504532043,0.054027220889938096,1.9254651582455,0.016355855126100317
source_05_011,65537,intersection,5,199/200,85194136824489/1051533346249,0.7305917534241019,1,0.0005433714699939041,0.06365084138223524,0.05537158774341594,0.8699270353851125,0.008536752353843314
source_05_011,65537,lag,0,0,4357126041129/95628841,-6.741828262835897,0,,,,,
source_05_011,65537,lag,1,1/2,484125115681/95628841,-1.2667126108537323,0,,,,,
source_05_011,65537,lag,2,4/5,484125115681/860659569,0.27930655305893,1,0.0020746952917844504,0.7209838518615971,0.046653130249193084,0.06470759383685726,0.0028775891255088987
source_05_011,65537,lag,3,9/10,4357126041129/34522011601,0.6629664948020356,1,0.0006396095233479813,0.0952180020480503,0.05061758092051125,0.5315967551489672,0.006717317204631245
source_05_011,65537,lag,4,97/100,39214134370161/3711259690369,0.9032872592000257,1,0.0004347559901251487,0.017726612147666625,0.054027220889938096,3.0478029552335957,0.024525610788092757
source_05_011,65537,lag,5,199/200,2308147909081/29225612025,0.734040069323058,1,0.0005408188620950639,0.0624915536911615,0.05537158774341594,0.8860651475728539,0.008654271339897166
source_05_012,65537,bridge,0,0,4392775851025/1580049,-134.71625674641336,0,,,,,
source_05_012,65537,bridge,1,1/2,4392775851025/14220441,-25.070629462495923,0,,,,,
source_05_012,65537,bridge,2,4/5,4392775851025/127983969,-5.560418400131026,0,,,,,
source_05_012,65537,bridge,3,9/10,4392775851025/570397689,-1.8420801454040525,0,,,,,
source_05_012,65537,bridge,4,97/100,38809/9,-1.0816670844207987,0,,,,,
source_05_012,65537,bridge,5,199/200,159201,-15.774942367790638,0,,,,,
source_05_012,65537,intersection,0,0,4393740015625/1054729,-188.7889992839828,0,,,,,
source_05_012,65537,intersection,1,1/2,4393740015625/9492561,-33.54166868903141,0,,,,,
source_05_012,65537,intersection,2,4/5,4393740015625/85433049,-7.322630554977562,0,,,,,
source_05_012,65537,intersection,3,9/10,4393740015625/380757169,-2.544496314514355,0,,,,,
source_05_012,65537,intersection,4,97/100,39543660140625/40932977761,0.048052449213065944,1,0.009544311227680877,3.9126004240064867,0.053205477886543416,0.013598495149182965,0.002439377956696008
source_05_012,65537,intersection,5,199/200,8713920244225/117050884129,0.7417511198942905,1,0.0006249234682456971,0.059614284837768844,0.05452975368156381,0.9147095168541935,0.010482780594388253
source_05_013,65537,bridge,0,0,1073152081/81,-518.5905035223906,0,,,,,
source_05_013,65537,bridge,1,1/2,1073152081/729,-80.74030990919712,0,,,,,
source_05_013,65537,bridge,2,4/5,1073152081/6561,-16.084933903258328,0,,,,,
source_05_013,65537,bridge,3,9/10,1073152081/29241,-5.826152560847208,0,,,,,
source_05_013,65537,bridge,4,97/100,38809/9,-1.0830126092955081,0,,,,,
source_05_013,65537,bridge,5,199/200,159201,-15.788131573852668,0,,,,,
source_05_013,65537,intersection,0,0,4353044096025/115713049,-5.925457191932095,0,,,,,
source_05_013,65537,intersection,1,1/2,483671566225/115713049,-1.0487993520652776,0,,,,,
source_05_013,65537,intersection,2,4/5,483671566225/1041417441,0.34592092470921343,1,0.0021934065047094827,0.526517119030709,0.0459720832489684,0.08731355845295333,0.004165878801334003
source_05_013,65537,intersection,3,9/10,4353044096025/41772410689,0.6937698338453442,1,0.0007895105696938163,0.0819882771774475,0.049875816190230925,0.6083286282779736,0.00962955433232334
source_05_013,65537,intersection,4,97/100,39177396864225/4490707718641,0.9120609504255686,1,0.0005528502895193513,0.015941930390605076,0.05323412547291732,3.3392521588407726,0.03467900536343817
source_05_013,65537,intersection,5,199/200,21707427129129/262770037321,0.7276616386939632,1,0.0007003391220903649,0.06419179731265187,0.05455839799249281,0.8499278767154824,0.0109101030257698
source_05_013,65537,lag,0,0,4343993850625/167107329,-4.5930091932332,0,,,,,
source_05_013,65537,lag,1,1/2,4343993850625/1503965961,-0.6848910741732971,0,,,,,
source_05_013,65537,lag,2,4/5,4343993850625/13535693649,0.45830801122791237,1,0.0016555355520394578,0.3209558925079658,0.0459720832489684,0.14323489402154352,0.005158140388397353
source_05_013,65537,lag,3,9/10,4343993850625/60325745769,0.7458944502432924,1,0.0007343379704420152,0.0625527576861619,0.049875816190230925,0.7973400060228614,0.011739497947097981
source_05_013,65537,lag,4,97/100,4343993850625/720585370129,0.9269370215473703,1,0.0005439777986861881,0.013071436914251222,0.05323412547291732,4.072553447806373,0.04161576131642518
source_05_013,65537,lag,5,199/200,2354447805241/29212620889,0.7310313472106075,1,0.0006971108902050266,0.06305859640144768,0.05455839799249281,0.8652015919472684,0.01105496998009652
source_05_014,65537,intersection,0,0,4325264394529/303630625,-2.985487153588749,0,,,,,
source_05_014,65537,intersection,1,1/2,4325264394529/2732675625,-0.23014155814855564,0,,,,,
source_05_014,65537,intersection,2,4/5,4325264394529/24594080625,0.6008810539187437,1,0.0012440136342191104,0.1741017474779909,0.0460710592070162,0.2646214634510793,0.0071453253757626555
source_05_014,65537,intersection,3,9/10,4325264394529/109610655625,0.8123059030988282,1,0.0006707802140177384,0.04215001792544539,0.049947353005302945,1.1849900774336424,0.015914114561094827
source_05_014,65537,intersection,4,97/100,38927379550761/11783600925625,0.9459446684150831,1,0.0005325057901715194,0.008922428557469837,0.053302879437276865,5.974032640771532,0.05968170960872606
source_05_014,65537,intersection,5,199/200,380792020015449/4195307580025,0.7143752545200772,1,0.0007126724367402496,0.06955173972674711,0.05462943609040086,0.7854503180657656,0.01024665147903096
source_05_014,65537,lag,0,0,4319318420209/355511025,-2.6494277074490387,0,,,,,
source_05_014,65537,lag,1,1/2,4319318420209/3199599225,-0.13259022937763487,0,,,,,
source_05_014,65537,lag,2,4/5,4319318420209/28796393025,0.6317905538858304,1,0.0011831519465135049,0.15167642595162362,0.0460710592070162,0.3037456804375805,0.007800499906893012
source_05_014,65537,lag,3,9/10,4319318420209/128339480025,0.8267468506371298,1,0.0006590635659616909,0.038130144190736515,0.049947353005302945,1.3099177583870072,0.017284581004070956
source_05_014,65537,lag,4,97/100,4319318420209/1533003041025,0.9500859285928677,1,0.0005301846895669213,0.007654708990403383,0.053302879437276865,6.9634103013063005,0.06926255331608393
source_05_014,65537,lag,5,199/200,93103529066289/1049381018449,0.7176409390743828,1,0.0007094293617674871,0.0683938579157777,0.05462943609040086,0.7987476910232674,0.010372705728065526
source_05_015,65537,bridge,0,0,17145021721/17689,-58.264914432721156,0,,,,,
source_05_015,65537,bridge,1,1/2,17145021721/159201,-12.07390554171792,0,,,,,
source_05_015,65537,bridge,2,4/5,17145021721/1432809,-2.6156278543664406,0,,,,,
source_05_015,65537,bridge,3,9/10,17145021721/6385729,-0.6201302864747434,0,,,,,
source_05_015,65537,bridge,4,97/100,38809/9,-1.0814117956962956,0,,,,,
source_05_015,65537,bridge,5,199/200,159201,-15.772440259338893,0,,,,,
source_05_015,65537,intersection,0,0,4375815504025/28164249,-15.510195905848853,0,,,,,
source_05_015,65537,intersection,1,1/2,4375815504025/253478241,-3.4324421438774273,0,,,,,
source_05_015,65537,intersection,2,4/5,4375815504025/2281304169,-0.35848554891408424,0,,,,,
source_05_015,65537,intersection,3,9/10,4375815504025/10167293889,0.3713400376529618,1,0.001240323626815223,0.3367132540838951,0.04957836404080933,0.14724209231293414,0.0036836198509316346
source_05_015,65537,intersection,4,97/100,4375815504025/121447371049,0.8208484957261046,1,0.0005204558708343331,0.03636612572680795,0.05291219500889633,1.4549857580757122,0.014311556714733283
source_05_015,65537,intersection,5,199/200,343448107716609/4205390997025,0.7294298421872726,1,0.0005921578941948804,0.06371621289291697,0.05422873786647354,0.8510979451589769,0.009293676872950303
source_05_015,65537,lag,0,0,4360249310641/81558961,-7.516135359247495,0,,,,,
source_05_015,65537,lag,1,1/2,4360249310641/734030649,-1.470200632274228,0,,,,,
source_05_015,65537,lag,2,4/5,4360249310641/6606275841,0.21754547303543553,1,0.0028837503988441474,1.0076325490348021,0.04571684815605289,0.04537055516898938,0.002861906755202036
source_05_015,65537,lag,3,9/10,4360249310641/29442784921,0.6344676777278878,1,0.0007259342570969528,0.10786654110689667,0.04957836404080933,0.4596269012805068,0.006729929871187264
source_05_015,65537,lag,4,97/100,39242243795769/3165221717449,0.8951813938875413,1,0.0004772389390388199,0.019315969079088745,0.05291219500889633,2.739297976314245,0.024706963294711087
source_05_015,65537,lag,5,199/200,334924148670489/4207770151225,0.7329160230862924,1,0.000589341241979729,0.0625467659559456,0.05422873786647354,0.867011060246811,0.00942240950387151
source_05_016,65537,bridge,0,0,68558614569/94249,-46.82030373198416,0,,,,,
source_05_016,65537,bridge,1,1/2,7617623841/94249,-9.93162786877787,0,,,,,
source_05_016,65537,bridge,2,4/5,846402649/94249,-2.087378914568529,0,,,,,
source_05_016,65537,bridge,3,9/10,68558614569/34023889,-0.3930732064131143,0,,,,,
source_05_016,65537,bridge,4,97/100,38809/9,-1.080160214826072,0,,,,,
source_05_016,65537,bridge,5,199/200,159201,-15.760174793421616,0,,,,,
source_05_016,65537,intersection,0,0,4388903490841/4756761,-56.06128787853572,0,,,,,
source_05_016,65537,intersection,1,1/2,4388903490841/42810849,-11.667635077909114,0,,,,,
source_05_016,65537,intersection,2,4/5,4388903490841/385297641,-2.5166790020879133,0,,,,,
source_05_016,65537,intersection,3,9/10,4388903490841/1717190721,-0.5778064772364335,0,,,,,
source_05_016,65537,intersection,4,97/100,4388903490841/20511681961,0.5597605429849546,1,0.000673308060215939,0.13857920305118115,0.05284334019413159,0.38132229822836455,0.0048586515537058445
source_05_016,65537,intersection,5,199/200,301594453925625/4217383855129,0.7471087978609181,1,0.0005096837321350279,0.05767389881079824,0.05415778363275395,0.9390345502810714,0.00883733790578417
source_05_017,65537,bridge,0,0,273975824329/741321,-28.487541111682003,0,,,,,
source_05_017,65537,bridge,1,1/2,273975824329/6671889,-6.28257194929159,0,,,,,
source_05_017,65537,bridge,2,4/5,273975824329/60047001,-1.1445674918450768,0,,,,,
source_05_017,65537,bridge,3,9/10,273975824329/267616881,0.019423825487083813,1,0.02232416181429802,10.865328852111457,0.05000626771649182,0.004602370383550251,0.0020546236674612727
source_05_017,65537,bridge,4,97/100,38809/9,-1.0810171277160778,0,,,,,
source_05_017,65537,bridge,5,199/200,159201,-15.768572271503997,0,,,,,
source_05_018,65537,bridge,0,0,4382947415401/12981609,-26.731065070164814,0,,,,,
source_05_018,65537,bridge,1,1/2,4382947415401/116834481,-5.913444614331652,0,,,,,
source_05_018,65537,bridge,2,4/5,4382947415401/1051510329,-1.0455655667338897,0,,,,,
source_05_018,65537,bridge,3,9/10,4382947415401/4686360849,0.0633227335192649,1,0.008053186817407758,3.1459367704066685,0.04939834353710009,0.0157022683996012,0.0025598692552128884
source_05_018,65537,bridge,4,97/100,38809/9,-1.0828216339757946,0,,,,,
source_05_018,65537,bridge,5,199/200,159201,-15.786259418117758,0,,,,,
source_05_018,65537,intersection,0,0,4281739225/10201,-31.264195524088418,0,,,,,
source_05_018,65537,intersection,1,1/2,4281739225/91809,-6.857781302333303,0,,,,,
source_05_018,65537,intersection,2,4/5,4281739225/826281,-1.297377040885601,0,,,,,
source_05_018,65537,intersection,3,9/10,4281739225/3682561,-0.04810726120856018,0,,,,,
source_05_018,65537,intersection,4,97/100,38535653025/395890609,0.704165886958747,1,0.0006661940669483977,0.07133710514624775,0.05272188812010352,0.7390528114649271,0.009338675372131199
source_05_018,65537,intersection,5,199/200,301123450762281/4217523502921,0.7470058708973994,1,0.000634372412697823,0.05754020710152051,0.054033513478901334,0.939056638839826,0.011024854526132903
source_05_019,65537,bridge,0,0,4389356016241/4297329,-60.653827271192505,0,,,,,
source_05_019,65537,bridge,1,1/2,4389356016241/38675961,-12.511336693487499,0,,,,,
source_05_019,65537,bridge,2,4/5,4389356016241/348083649,-2.721563446320647,0,,,,,
source_05_019,65537,bridge,3,9/10,4389356016241/1551335769,-0.6653397617810174,0,,,,,
source_05_019,65537,bridge,4,97/100,38809/9,-1.0812988116409825,0,,,,,
source_05_019,65537,bridge,5,199/200,159201,-15.771332922897683,0,,,,,
source_05_019,65537,intersection,0,0,4390093515025/3598609,-69.59493400913716,0,,,,,
source_05_019,65537,intersection,1,1/2,4390093515025/32387481,-14.123390983759847,0,,,,,
source_05_019,65537,intersection,2,4/5,4390093515025/291487329,-3.1068799183696667,0,,,,,
source_05_019,65537,intersection,3,9/10,4390093515025/1299097849,-0.8289063645746546,0,,,,,
source_05_019,65537,intersection,4,97/100,39510841635225/139658416681,0.49237574799942385,1,0.0008475456602601129,0.18688886863666176,0.05372394184262054,0.28746464267525446,0.004535024832901422
source_05_019,65537,intersection,5,199/200,288855727209/4120227721,0.7494980240316551,1,0.0005627916329090255,0.057694658360583094,0.05506074201887188,0.9543473101920523,0.009754657517714394
source_05_020,65537,bridge,0,0,4391057385225/2778889,-85.34111511751004,0,,,,,
source_05_020,65537,bridge,1,1/2,487895265025/2778889,-16.881334032823254,0,,,,,
source_05_020,65537,bridge,2,4/5,487895265025/25010001,-3.749440491717371,0,,,,,
source_05_020,65537,bridge,3,9/10,4391057385225/1003178929,-1.0987787693036102,0,,,,,
source_05_020,65537,bridge,4,97/100,38809/9,-1.0821240727538683,0,,,,,
source_05_020,65537,bridge,5,199/200,159201,-15.779421593403267,0,,,,,
source_05_020,65537,intersection,0,0,4392096807289/2013561,-110.5220965932545,0,,,,,
source_05_020,65537,intersection,1,1/2,4392096807289/18122049,-21.128853387888693,0,,,,,
source_05_020,65537,intersection,2,4/5,4392096807289/163098441,-4.7045979282003625,0,,,,,
source_05_020,65537,intersection,3,9/10,4392096807289/726895521,-1.4937959880137062,0,,,,,
source_05_020,65537,intersection,4,97/100,4392096807289/8682698761,0.31700801918156324,1,0.0014518179868257088,0.4046895969197364,0.053662425409638635,0.13260144520167072,0.0035874853168356914
source_05_020,65537,intersection,5,199/200,1314588368025/21586367929,0.7665772839639678,1,0.000606943010989859,0.05220676087282424,0.05499726833512647,1.0534510744518302,0.011625754994997165
source_05_021,65537,bridge,0,0,4391836940241/2193361,-103.14675168843445,0,,,,,
source_05_021,65537,bridge,1,1/2,487981882249/2193361,-19.902229568028673,0,,,,,
source_05_021,65537,bridge,2,4/5,487981882249/19740249,-4.432592708441097,0,,,,,
source_05_021,65537,bridge,3,9/10,4391836940241/791803321,-1.3820126911436206,0,,,,,
source_05_021,65537,bridge,4,97/100,38809/9,-1.0823098648656329,0,,,,,
source_05_021,65537,bridge,5,199/200,159201,-15.781242745200329,0,,,,,
source_05_021,65537,intersection,0,0,1086591505609/38180041,-4.889121695443673,0,,,,,
source_05_021,65537,intersection,1,1/2,1086591505609/343620369,-0.7667077123773707,0,,,,,
source_05_021,65537,intersection,2,4/5,1086591505609/3092583321,0.43291219062648983,1,0.0015843735099473927,0.35570937472021813,0.04599623109649263,0.1293084589987846,0.004454123569820378
source_05_021,65537,intersection,3,9/10,3009948769/38180041,0.7340987503074303,1,0.000680276657244644,0.06682639470651747,0.049899182232205685,0.7466987026810097,0.0101797599620962
source_05_021,65537,intersection,4,97/100,9779323550481/1481729211169,0.9235673379731192,1,0.0005005921134320089,0.013783757101572206,0.053258842882398696,3.863884316150919,0.03631753735524767
source_05_021,65537,intersection,5,199/200,22020860784321/262683925729,0.7257263549094307,1,0.000644035036592736,0.06538053531496285,0.054583976961760525,0.8348658618166522,0.009850562304058463
source_05_021,65537,lag,0,0,4338343271161/204004089,-3.987166176817369,0,,,,,
source_05_021,65537,lag,1,1/2,4338343271161/1836036801,-0.5156826492662183,0,,,,,
source_05_021,65537,lag,2,4/5,4338343271161/16524331209,0.5110731253934352,1,0.0013420674515684813,0.2551906441391256,0.04599623109649263,0.18024262312460118,0.005259077800817843
source_05_021,65537,lag,3,9/10,4338343271161/73645476129,0.7704349995123969,1,0.0006481925720698956,0.054539196289587435,0.049899182232205685,0.9149233143674392,0.011884894097598717
source_05_021,65537,lag,4,97/100,4338343271161/879688298889,0.9339536706288303,1,0.0004950251175751056,0.011811874421088196,0.053258842882398696,4.5089239001147545,0.04190910772733227
source_05_021,65537,lag,5,199/200,344069518890321/4205218739569,0.7290664628954757,1,0.0006410844872553369,0.06424036217453247,0.054583976961760525,0.8496835184936093,0.009979465643633766
source_05_022,65537,bridge,0,0,4395601571761/339889,-508.1445358813489,0,,,,,
source_05_022,65537,bridge,1,1/2,4395601571761/3059001,-79.30896595758475,0,,,,,
source_05_022,65537,bridge,2,4/5,4395601571761/27531009,-15.835668726284002,0,,,,,
source_05_022,65537,bridge,3,9/10,4395601571761/122699929,-5.736481871228735,0,,,,,
source_05_022,65537,bridge,4,97/100,38809/9,-1.0846632216818735,0,,,,,
source_05_022,65537,bridge,5,199/200,159201,-15.804314986593191,0,,,,,
source_05_022,65537,intersection,0,0,1097191305961/1225449,-54.95971706612549,0,,,,,
source_05_022,65537,intersection,1,1/2,1097191305961/11029041,-11.463505043750718,0,,,,,
source_05_022,65537,intersection,2,4/5,1097191305961/99261369,-2.466753461440116,0,,,,,
source_05_022,65537,intersection,3,9/10,1097191305961/442387089,-0.5564159889606767,0,,,,,
source_05_022,65537,intersection,4,97/100,1097191305961/5284272249,0.5655317195254775,1,0.0009986572485585225,0.1371814117089477,0.0539880431615034,0.3935521765590783,0.00727982921386852
source_05_022,65537,intersection,5,199/200,20030843189889/263241851041,0.7385274581869252,1,0.0007725412424063649,0.0614335194295163,0.055330984825172416,0.9006644147850682,0.012575239862217471
source_05_022,65537,lag,0,0,1091742868225/13771521,-9.829460214638704,0,,,,,
source_05_022,65537,lag,1,1/2,1091742868225/123943689,-2.061766107445187,0,,,,,
source_05_022,65537,lag,2,4/5,1091742868225/1115493201,0.04030618241838743,1,0.021074865672452807,7.164691922611616,0.046650178794473376,0.0065111213850307225,0.0029414894457556475
source_05_022,65537,lag,3,9/10,1091742868225/4971519081,0.552998966797921,1,0.001109573792975374,0.1572635283955767,0.05058771672918379,0.3216748170747939,0.007055506157692075
source_05_022,65537,lag,4,97/100,1091742868225/59384328721,0.8720694257808542,1,0.0006476231528105508,0.024642260569146143,0.0539880431615034,2.1908721811464105,0.02628099605526536
source_05_022,65537,lag,5,199/200,312444475857801/4214197228201,0.7419331770486144,1,0.0007689950223934489,0.060311397960213266,0.055330984825172416,0.9174216930218337,0.012750409514645079
source_05_023,65537,intersection,0,0,1078338941761/102921025,-2.3581248921355105,0,,,,,
source_05_023,65537,intersection,1,1/2,1078338941761/926289225,-0.0472641094898543,0,,,,,
source_05_023,65537,intersection,2,4/5,1078338941761/8336603025,0.6589242806761948,1,0.0008521899430238975,0.13187069895048772,0.045974813761036945,0.34863555078523306,0.006462314599120017
source_05_023,65537,intersection,3,9/10,1078338941761/37154490025,0.8394365824609581,1,0.0004882130266006926,0.034169994119157755,0.04987024640588494,1.4594748313967274,0.014287770284600983
source_05_023,65537,intersection,4,97/100,376572459025/147356944641,0.9525429937307919,1,0.00039795526625521424,0.0067506317431735565,0.053226018735188035,7.884598176905709,0.05895081844119828
source_05_023,65537,intersection,5,199/200,1544763123225/16372993849,0.7092032945717172,1,0.0005402426846277341,0.07044051446558168,0.05455003847548831,0.7744128345647205,0.007669488059910536
source_05_023,65537,lag,0,0,269266550281/28933641,-2.1473100989586213,0,,,,,
source_05_023,65537,lag,1,1/2,269266550281/260402769,0.014948055360832118,1,0.11890322713451464,61.257452851450196,0.04063106518356365,0.0006632836217022327,0.001941040993376853
source_05_023,65537,lag,2,4/5,269266550281/2343624921,0.6787661764180966,1,0.0008272784719028587,0.12000747115527391,0.045974813761036945,0.38309959637055907,0.006893558075500724
source_05_023,65537,lag,3,9/10,745890721/28933641,0.8487237486866935,1,0.0004828707517572868,0.03178893212320692,0.04987024640588494,1.5687927550569742,0.01518990162632031
source_05_023,65537,lag,4,97/100,92158994929/36858240225,0.9530587042320653,1,0.00039773992830285774,0.006609960404674249,0.053226018735188035,8.052396001880606,0.06017281556204104
source_05_023,65537,lag,5,199/200,378051589881/4095360025,0.7123895064989303,1,0.000537826411409716,0.06930573568353837,0.05455003847548831,0.7870926978478802,0.007760200596751786
source_05_025,65537,bridge,0,0,1098716950809/143641,-318.36401465946847,0,,,,,
source_05_025,65537,bridge,1,1/2,122079661201/143641,-52.71602518087275,0,,,,,
source_05_025,65537,bridge,2,4/5,122079661201/1292769,-11.045492130037204,0,,,,,
source_05_025,65537,bridge,3,9/10,1098716950809/51854401,-3.9753072641965232,0,,,,,
source_05_025,65537,bridge,4,97/100,38809/9,-1.0816938126352784,0,,,,,
source_05_025,65537,bridge,5,199/200,159201,-15.775204339070067,0,,,,,
source_05_025,65537,intersection,0,0,4387864446729/5900041,-47.655738221510674,0,,,,,
source_05_025,65537,intersection,1,1/2,487540494081/5900041,-10.090913195559109,0,,,,,
source_05_025,65537,intersection,2,4/5,54171166009/5900041,-2.1272303750073567,0,,,,,
source_05_025,65537,intersection,3,9/10,4387864446729/2129914801,-0.4102993436792311,0,,,,,
source_05_025,65537,intersection,4,97/100,39490780020561/228974691169,0.6050868746758923,1,0.0007691846196295177,0.11371532555253913,0.05311043799282958,0.4670473195654822,0.006764124500299975
source_05_025,65537,intersection,5,199/200,328355600742225/4209624717169,0.7355969361878276,1,0.0006394121824793976,0.06142637321481734,0.05443261756264993,0.8861440894823925,0.010409408028100182
source_05_025,65537,lag,0,0,4366323680625/57410929,-9.540255524616976,0,,,,,
source_05_025,65537,lag,1,1/2,485147075625/57410929,-1.9890423629845686,0,,,,,
source_05_025,65537,lag,2,4/5,53905230625/57410929,0.06191656180748713,1,0.011193933828909873,4.428728624304529,0.045851056333021806,0.010353096841697334,0.0025275727592515844
source_05_025,65537,lag,3,9/10,4366323680625/20725345369,0.5629075146681045,1,0.0008953052896445598,0.14793639333260686,0.0497556676893252,0.33633149063908185,0.00605196104539088
source_05_025,65537,lag,4,97/100,39296913125625/2228060743561,0.8748756759845758,1,0.0005319881787964983,0.02357749968570814,0.05311043799282958,2.2525899141469727,0.022563383984221662
source_05_025,65537,lag,5,199/200,80030540268441/1052994084025,0.7390365921708406,1,0.0006364362027209173,0.06029916384877069,0.05443261756264993,0.9027093261055168,0.010554643913754573
source_05_026,65537,bridge,0,0,4385711335681/8661249,-35.8583591008011,0,,,,,
source_05_026,65537,bridge,1,1/2,4385711335681/77951241,-7.789620268378114,0,,,,,
source_05_026,65537,bridge,2,4/5,4385711335681/701561169,-1.5413734859161579,0,,,,,
source_05_026,65537,bridge,3,9/10,4385711335681/3126710889,-0.15538052335794564,0,,,,,
source_05_026,65537,bridge,4,97/100,38809/9,-1.083358491415143,0,,,,,
source_05_026,65537,bridge,5,199/200,159201,-15.79152243818882,0,,,,,
source_05_026,65537,intersection,0,0,4386842281441/7144929,-41.339197802724115,0,,,,,
source_05_026,65537,intersection,1,1/2,4386842281441/64304361,-8.87343506136483,0,,,,,
source_05_026,65537,intersection,2,4/5,4386842281441/578739249,-1.820074923468661,0,,,,,
source_05_026,65537,intersection,3,9/10,4386842281441/2579319369,-0.27710431453949674,0,,,,,
source_05_026,65537,intersection,4,97/100,4386842281441/30809727729,0.6413493610928833,1,0.0007750653416043687,0.09738248860633336,0.05323145856042837,0.5466224916023189,0.00795898064114539
source_05_026,65537,intersection,5,199/200,72941762954025/1055080263241,0.7510239871414939,1,0.0006688998616285476,0.05692184606786396,0.05455516232834938,0.9584222244532802,0.011751197612794652
source_05_027,65537,intersection,0,0,4334469999721/231435369,-3.636104418182494,0,,,,,
source_05_027,65537,intersection,1,1/2,4334469999721/2082918321,-0.416460942662055,0,,,,,
source_05_027,65537,intersection,2,4/5,4334469999721/18746264889,0.5421693743051049,1,0.0010406266192450571,0.22596128692756406,0.046093027610633164,0.20398639181679432,0.004605331441481162
source_05_027,65537,intersection,3,9/10,4334469999721/83548168209,0.7849182797502313,1,0.0005198794862529207,0.05012008555443281,0.049993878445224564,0.9974819055511951,0.010372677550366645
source_05_027,65537,intersection,4,97/100,4334469999721/997975026169,0.9380986430234106,1,0.0004010503143095393,0.01095442746096929,0.05335683199354679,4.8708006131454695,0.03661079647827188
source_05_027,65537,intersection,5,199/200,2516319136681/29168199369,0.7220476257695083,1,0.0005265264863823877,0.06653879404980076,0.054684092728431374,0.8218377490806826,0.00791307528038922
source_05_027,65537,lag,0,0,4327876926025/282139209,-3.1458446263693323,0,,,,,
source_05_027,65537,lag,1,1/2,4327876926025/2539252881,-0.2763680402613135,0,,,,,
source_05_027,65537,lag,2,4/5,4327876926025/22853275929,0.5862751164160581,1,0.0009623398081267702,0.18688934442526944,0.046093027610633164,0.2466327213698594,0.005149249204582536
source_05_027,65537,lag,3,9/10,4327876926025/101852254449,0.8054873843484439,1,0.0005066037283217754,0.04397553068856463,0.049993878445224564,1.136856739701039,0.011520127679857935
source_05_027,65537,lag,4,97/100,4327876926025/1216615618009,0.9439903189258103,1,0.0003985472605969164,0.009407224767346865,0.05335683199354679,5.671899344719824,0.04236608250079256
source_05_027,65537,lag,5,199/200,39349838973025/466938522241,0.7253147427770347,1,0.0005241547937403952,0.06541095331618028,0.054684092728431374,0.8360081906175876,0.008013257217132445
source_05_029,65537,bridge,0,0,1097702530369/744769,-80.66061416204968,0,,,,,
source_05_029,65537,bridge,1,1/2,1097702530369/6702921,-16.071074273283802,0,,,,,
source_05_029,65537,bridge,2,4/5,1097702530369/60326289,-3.562676930272443,0,,,,,
source_05_029,65537,bridge,3,9/10,1097702530369/268861609,-1.0206983458160404,0,,,,,
source_05_029,65537,bridge,4,97/100,38809/9,-1.080276624821094,0,,,,,
source_05_029,65537,bridge,5,199/200,159201,-15.761315511202039,0,,,,,
source_05_029,65537,intersection,0,0,4391350758025/2550409,-91.25297724126489,0,,,,,
source_05_029,65537,intersection,1,1/2,4391350758025/22953681,-17.89455928902393,0,,,,,
source_05_029,65537,intersection,2,4/5,4391350758025/206583129,-3.9808049713711964,0,,,,,
source_05_029,65537,intersection,3,9/10,4391350758025/920697649,-1.195112145376231,0,,,,,
source_05_029,65537,intersection,4,97/100,39522156822225/98978822881,0.39525596650475453,1,0.0009641154688298522,0.28173794766249877,0.05358280193498088,0.1901866694903631,0.0034220291474004465
source_05_029,65537,intersection,5,199/200,31883131645225/469086640201,0.7534953528889834,1,0.0005111060217490321,0.05602420543612853,0.054914794635485605,0.9801976522111012,0.009122949942266086
source_05_030,65537,bridge,0,0,4384882068121/9865881,-32.58245017474539,0,,,,,
source_05_030,65537,bridge,1,1/2,4384882068121/88792929,-7.127571417359829,0,,,,,
source_05_030,65537,bridge,2,4/5,4384882068121/799136361,-1.3684595123545396,0,,,,,
source_05_030,65537,bridge,3,9/10,4384882068121/3561583041,-0.079428485895244,0,,,,,
source_05_030,65537,bridge,4,97/100,38809/9,-1.0824859235869628,0,,,,,
source_05_030,65537,bridge,5,199/200,159201,-15.782968536472541,0,,,,,
source_05_030,65537,intersection,0,0,1096525216801/2030625,-37.57196365506264,0,,,,,
source_05_030,65537,intersection,1,1/2,1096525216801/18275625,-8.13150905066227,0,,,,,
source_05_030,65537,intersection,2,4/5,1096525216801/164480625,-1.6298572204772077,0,,,,,
source_05_030,65537,intersection,3,9/10,1096525216801/733055625,-0.19411779463474457,0,,,,,
source_05_030,65537,intersection,4,97/100,1096525216801/8756280625,0.6640436895318915,1,0.0006928977475003007,0.08703761383400946,0.05302663540415023,0.6092381565661715,0.00796090008650438
source_05_030,65537,intersection,5,199/200,33720238589569/468536143009,0.7460258471262863,1,0.0006238657023223857,0.058152356139532686,0.054344893885305376,0.9345260879010377,0.010728124253907474
source_05_031,65537,intersection,0,0,1086520623769/38601369,-4.8490140562891115,0,,,,,
source_05_031,65537,intersection,1,1/2,1086520623769/347412321,-0.7556587795221921,0,,,,,
source_05_031,65537,intersection,2,4/5,1086520623769/3126710889,0.43633735933417805,1,0.0014865445509000686,0.35109646256168137,0.0459075974777539,0.13075494165563903,0.004234006062191269
source_05_031,65537,intersection,3,9/10,1086520623769/13935094209,0.7356890617978264,1,0.0006382222989357574,0.06596495525896218,0.04978385634383502,0.7547015858404792,0.00967517216422347
source_05_031,65537,intersection,4,97/100,1086520623769/166453392169,0.9240215316113507,1,0.00046817390911797746,0.013549978964146328,0.053129182623186534,3.9209789744890395,0.03455163364878871
source_05_031,65537,intersection,5,199/200,784168694089/9534546025,0.728472817376169,1,0.0005999734574560763,0.063808394473427,0.054450065500148206,0.853337024845907,0.009402735524178333
source_05_031,65537,lag,0,0,271142028369/12780625,-3.9780160252684955,0,,,,,
source_05_031,65537,lag,1,1/2,30126892041/12780625,-0.513107706831208,0,,,,,
source_05_031,65537,lag,2,4/5,3347432449/12780625,0.5118786497516296,1,0.0012671654193568613,0.25473366456386404,0.0459075974777539,0.1802180232296876,0.0049744717547498376
source_05_031,65537,lag,3,9/10,271142028369/4613805625,0.7708099832377289,1,0.0006091425572230666,0.05417218099278407,0.04978385634383502,0.918993022460484,0.011244564019015713
source_05_031,65537,lag,4,97/100,2440278255321/496003275625,0.9340609506798625,1,0.0004631419097959229,0.011662177680079322,0.053129182623186534,4.555682830483608,0.039713158425551676
source_05_031,65537,lag,5,199/200,9381093002449/116860738801,0.7317734058273804,1,0.0005972673390744253,0.06270172855609558,0.054450065500148206,0.8683981567020901,0.009525532275239989
