job_id,cell_id,replicate,length,method,decision,stage,lower_exact,upper_exact,lower,upper,finite,available_members,span_exact,bank_min_exact,bank_penalty_exact,span,log_span,bank_min,bank_penalty,min_covariance_ratio,ideal_min_denominator,saved_max_denominator_lower,largest_statistic_threshold_ratio,smallest_phase_fraction
source_00_000,p0_reversible,0,16385,bridge,ABSTAIN,SCALE_UNAVAILABLE,0,129769/131072,0.0,0.9900588989257812,1,0,260841/1303,361,470383/260841,200.18495778971604,5.299241728142771,361.0,1.8033322982199884,734.3367862571857,-0.1722595822242029,-0.17225958222420298,,
source_00_000,p0_reversible,0,16385,intersection,DO_NOT_REJECT,AVAILABLE_NONREJECTION,403319/524288,875421/1048576,0.7692699432373047,0.8348665237426758,1,5,232743993093/160619790085,3701764456009/2428594976025,1784713085179/1696657362795,1.449036840166656,0.37089908756100337,1.524241173416186,1.051899531581875,3.100571647554913,0.9265508458259448,0.9265508458259448,0.019209694926088837,0.003770351981343166
source_00_000,p0_reversible,0,16385,lag,DO_NOT_REJECT,AVAILABLE_NONREJECTION,808195/1048576,873335/1048576,0.7707548141479492,0.8328771591186523,1,5,461990888091/325382406811,410415765769/276384672729,1189516203127/1137364384167,1.419839789799544,0.3505440411632254,1.4849440155873617,1.0458532196769954,3.020634393845605,0.9275062649947828,0.9275062649947828,0.019706960425958493,0.0038285669393900543
source_00_000,p0_reversible,0,65537,bridge,DO_NOT_REJECT,AVAILABLE_NONREJECTION,0,257541/262144,0.0,0.9824409484863281,1,2,519685/4603,270072499225/1716196329,519685/372843,112.90136867260482,4.726514593957289,157.36690182898067,1.3938440576864792,320.1116480674341,0.6229241645025216,0.6229241645025215,0.0010266805716987253,0.004523972361023765
source_00_000,p0_reversible,0,65537,intersection,DO_NOT_REJECT,AVAILABLE_NONREJECTION,828825/1048576,862027/1048576,0.7904291152954102,0.8220930099487305,1,5,419856919853/350227279149,3650403823609/2818842881481,3586967982803/3320540673219,1.1988127277612115,0.18133167348877127,1.295000813131913,1.0802361229099837,2.634256884531112,0.9661965296637683,0.9661965296637683,0.029414124723527748,0.009005792378368824
source_00_000,p0_reversible,0,65537,lag,DO_NOT_REJECT,AVAILABLE_NONREJECTION,414799/524288,861135/1048576,0.7911663055419922,0.8212423324584961,1,5,209092347679/176023406367,3646996103521/2845864406961,66421658291/61568182947,1.187866727468351,0.17215903238185434,1.2815073320430965,1.078830901151948,2.606808797167722,0.966373310189169,0.966373310189169,0.029687599691414317,0.009056924462022015
source_00_001,p0_reversible,1,16385,bridge,ABSTAIN,SCALE_UNAVAILABLE,0,260077/262144,0.0,0.9921150207519531,1,0,522221/2067,361,746187/522221,252.6468311562651,5.5319925892340285,361.0,1.428872067572924,733.8303902617598,-0.1718398682165907,-0.1718398682165908,,
source_00_001,p0_reversible,1,16385,intersection,DO_NOT_REJECT,AVAILABLE_NONREJECTION,203023/262144,884463/1048576,0.7744712829589844,0.8434896469116211,1,5,114283198719/76339951871,3736639775521/2181579218289,899185952513/785904498513,1.4970300074607967,0.4034831503005842,1.7128141596671538,1.1441415009257976,3.481759233336332,0.9221547591720555,0.9221547591720556,0.02213898073518063,0.0031911049264365518
source_00_001,p0_reversible,1,16385,lag,DO_NOT_REJECT,AVAILABLE_NONREJECTION,813707/1048576,55139/65536,0.7760114669799805,0.8413543701171875,1,5,9447605525/6454052117,1618050625/972878481,24970111225/21977396937,1.4638254159917563,0.3810531570563585,1.6631579961937712,1.1361723727600161,3.3808196161048243,0.9232945210482749,0.9232945210482749,0.022794678946942905,0.0032470924963058255
source_00_001,p0_reversible,1,65537,bridge,DO_NOT_REJECT,AVAILABLE_NONREJECTION,0,1035361/1048576,0.0,0.9873971939086914,1,2,2083937/13215,4342793419969/14145534225,2083937/1070415,157.6948164964056,5.060661624033764,307.00808826956836,1.9468495863753779,624.0771889982664,0.470798950434837,0.47079895043483694,0.0009291962882047165,0.004101753184031095
source_00_001,p0_reversible,1,65537,intersection,DO_NOT_REJECT,AVAILABLE_NONREJECTION,205583/262144,213729/262144,0.7842369079589844,0.8153114318847656,1,5,26915852753/22645002705,226455112129/189864990225,74192883557/73936822005,1.1886001120705099,0.17277623823824464,1.192716529048556,1.003463248014402,2.424519767266907,0.967571705703135,0.967571705703135,0.055794877202256024,0.008539755537492795
source_00_001,p0_reversible,1,65537,lag,DO_NOT_REJECT,AVAILABLE_NONREJECTION,411547/524288,213511/262144,0.7849636077880859,0.8144798278808594,1,5,10725164071/9102492711,226247679025/191578663809,148378198975/148039192431,1.1782667024867888,0.1640444623942942,1.1809649077131277,1.0022899783390673,2.400631410284121,0.967732038039964,0.9677320380399639,0.05628576689393545,0.008585463852185917
source_00_002,p0_reversible,2,16385,bridge,DO_NOT_REJECT,AVAILABLE_NONREJECTION,0,129279/131072,0.0,0.9863204956054688,1,1,260351/1793,67782643201/260402769,260351/145233,145.20412716118238,4.978140525961828,260.299241291862,1.7926435451997824,529.0018271749793,0.010795703183502425,0.010795703183502385,1.2589187423812963e-05,0.002066612365212969
source_00_002,p0_reversible,2,16385,intersection,DO_NOT_REJECT,AVAILABLE_NONREJECTION,809345/1048576,876191/1048576,0.7718515396118164,0.8356008529663086,1,5,11806767543/8212249015,45737382769/29716588225,132446852941/123719507805,1.4377020864119523,0.3630460656604588,1.5391195793641617,1.0705413826068204,3.127927172140714,0.9262267094570129,0.926226709457013,0.027035146111899565,0.00322071337674313
source_00_002,p0_reversible,2,16385,lag,DO_NOT_REJECT,AVAILABLE_NONREJECTION,50679/65536,874175/1048576,0.7733001708984375,0.8336782455444336,1,5,28566311607/20268012215,45641622321/30415708801,8276018795/7773226971,1.4094283792595395,0.34318421741087385,1.50059374317456,1.0646825090629404,3.0496317547718568,0.9271582478761641,0.9271582478761641,0.02772031356095475,0.0032690198026754614
source_00_002,p0_reversible,2,65537,bridge,DO_NOT_REJECT,AVAILABLE_NONREJECTION,0,1026071/1048576,0.0,0.9785375595092773,1,3,2074647/22505,478240019401/4558275225,691549/607635,92.18604754499,4.523808790965845,104.91688101194022,1.138099352407284,213.22083568651362,0.6929866917391216,0.6929866917391216,0.0032055805410419755,0.002195048375797627
source_00_002,p0_reversible,2,65537,intersection,DO_NOT_REJECT,AVAILABLE_NONREJECTION,823189/1048576,213809/262144,0.7850542068481445,0.8156166076660156,1,5,107273618811/90471761275,25170139801/21026450025,8484496829/8404005069,1.1857138326834238,0.17034498367294504,1.1970703457346932,1.0095777857508572,2.4327861925674967,0.9675164073199631,0.9675164073199631,0.07230560723902475,0.008078500719711773
source_00_002,p0_reversible,2,65537,lag,DO_NOT_REJECT,AVAILABLE_NONREJECTION,823939/1048576,213595/262144,0.7857694625854492,0.8148002624511719,1,5,35622860581/30302910245,226327596121/190917437481,890828413585/883378038753,1.1755590566380598,0.16174382732603382,1.185473674417634,1.0084339597603278,2.4092184699516883,0.9676743127261739,0.9676743127261739,0.07293560356733171,0.008121034790661726
source_00_003,p0_reversible,3,16385,bridge,ABSTAIN,SCALE_UNAVAILABLE,0,130135/131072,0.0,0.9928512573242188,1,0,261207/937,361,338257/261207,278.76947705442905,5.6303851931743365,361.0,1.2949767808672814,733.999377789797,-0.17197994433004682,-0.17197994433004685,,
source_00_003,p0_reversible,3,16385,intersection,DO_NOT_REJECT,AVAILABLE_NONREJECTION,799403/1048576,867829/1048576,0.7623701095581055,0.8276262283325195,1,5,477516383065/334016660313,62087183929/42160819561,57905064297/56213907865,1.4296184586048175,0.3574075965066545,1.4726275384464413,1.0300843064684522,2.994204146636588,0.9278249230793134,0.9278249230793134,0.06944560970911955,0.003517830510977718
source_00_003,p0_reversible,3,16385,lag,DO_NOT_REJECT,AVAILABLE_NONREJECTION,800961/1048576,865771/1048576,0.7638559341430664,0.8256635665893555,1,5,94804206481/67620922257,4966368246225/3420787114369,3666486066075/3540655607339,1.4019951712679581,0.33789634443240024,1.4518203209325111,1.0355387455575122,2.9518980948117632,0.9283379156864928,0.9283379156864929,0.07042396253099324,0.003569083037652834
source_00_003,p0_reversible,3,65537,bridge,DO_NOT_REJECT,AVAILABLE_NONREJECTION,0,1042235/1048576,0.0,0.993952751159668,1,1,2090811/6341,361,2289101/2090811,329.7289071124428,5.798270823251092,361.0,1.0948387970026943,733.999377789797,0.4252099695126773,0.42520996951267737,0.000547558213839478,0.0039958712128433825
source_00_003,p0_reversible,3,65537,intersection,DO_NOT_REJECT,AVAILABLE_NONREJECTION,409935/524288,426259/524288,0.7818889617919922,0.8130245208740234,1,5,108697901091/91580946467,1059205297329/872772613729,302667576399/296007623327,1.1869051946320284,0.17134924270907037,1.2136096855782967,1.0224992620025963,2.467558875607039,0.9672848149548021,0.9672848149548021,0.03747527377719298,0.008442926963616953
source_00_003,p0_reversible,3,65537,lag,DO_NOT_REJECT,AVAILABLE_NONREJECTION,410317/524288,851645/1048576,0.7826175689697266,0.8121919631958008,1,5,72190029197/61350899085,12989388841/10783784025,3206346143/3132197615,1.176674348276179,0.16269211053582538,1.204529765329754,1.0236730044250417,2.449097225156038,0.9674075686759743,0.9674075686759744,0.037726558292471506,0.0084876322102338
source_00_004,p0_reversible,4,16385,bridge,ABSTAIN,SCALE_UNAVAILABLE,0,517487/524288,0.0,0.9870281219482422,1,0,1041775/6801,1085295150625/3746541681,1041775/550881,153.1796794589031,5.031611607901265,289.67918764360866,1.8911071538136186,589.3442429596458,-0.04599082494692086,-0.04599082494692077,,
source_00_004,p0_reversible,4,16385,intersection,DO_NOT_REJECT,AVAILABLE_NONREJECTION,402537/524288,874045/1048576,0.7677783966064453,0.8335542678833008,1,5,33440147053/23108527725,3696471509641/2467346666841,1781933208325/1721195226261,1.4470911972822362,0.36955547073745965,1.4981565255172173,1.0352882584946177,3.0479577443867445,0.9271782939253728,0.9271782939253728,0.006336872712122612,0.0038148859728470478
source_00_004,p0_reversible,4,16385,lag,DO_NOT_REJECT,AVAILABLE_NONREJECTION,806637/1048576,217989/262144,0.7692689895629883,0.8315620422363281,1,5,116162897887/81916930015,230527697689/157922786025,890748983329/865308140145,1.4180572668644826,0.34928781295347155,1.4597494350973916,1.0294009058781497,2.9698195881323066,0.9281201605468404,0.9281201605468404,0.0064997180700272226,0.003873384985328311
source_00_004,p0_reversible,4,65537,bridge,DO_NOT_REJECT,AVAILABLE_NONREJECTION,0,519875/524288,0.0,0.9915828704833984,1,2,1044163/4413,361,1593093/1044163,236.61069567187855,5.466416156236312,361.0,1.5257129394548552,734.4444502177415,0.4250323331453363,0.4250323331453363,0.00043407441379189393,0.003093378840878372
source_00_004,p0_reversible,4,65537,intersection,DO_NOT_REJECT,AVAILABLE_NONREJECTION,826601/1048576,215067/262144,0.7883081436157227,0.8204154968261719,1,5,105928911725/88277707629,227730338521/179515758249,33142781161/31349751225,1.1999508660802767,0.1822806110225852,1.2685813253515228,1.0571943912132273,2.580893390732114,0.9665410736029141,0.9665410736029141,0.029619914816779922,0.009121355225679112
source_00_004,p0_reversible,4,65537,lag,DO_NOT_REJECT,AVAILABLE_NONREJECTION,827385/1048576,429681/524288,0.7890558242797852,0.8195514678955078,1,5,211009357079/177479042327,910056852961/724989240369,1789608639209/1695023571897,1.1889254883977871,0.1730499482914567,1.2552694609616628,1.0558016235763283,2.553810773216369,0.9667172933543254,0.9667172933543253,0.029896396682817687,0.009173466841044422
source_00_005,p0_reversible,5,16385,bridge,DO_NOT_REJECT,AVAILABLE_NONREJECTION,0,1027313/1048576,0.0,0.9797220230102539,1,1,2075889/21263,478812793369/4069036521,691963/574101,97.62916803837652,4.581176301623647,117.67227718352544,1.2052983708441547,239.18907279928732,0.34194904362767253,0.3419490436276725,0.0007818247226499548,0.0034303438040840344
source_00_005,p0_reversible,5,16385,intersection,DO_NOT_REJECT,AVAILABLE_NONREJECTION,800147/1048576,867927/1048576,0.7630796432495117,0.8277196884155273,1,5,476114923787/333969961227,555452712369/379752970081,17066452977/16634193313,1.4256219991695116,0.35460820913155505,1.4626685138249842,1.0259862114060065,2.9731244606481577,0.9280800761467697,0.9280800761467697,0.03451868464490551,0.0035207732491155845
source_00_005,p0_reversible,5,16385,lag,DO_NOT_REJECT,AVAILABLE_NONREJECTION,801693/1048576,216473/262144,0.7645540237426758,0.8257789611816406,1,5,118162400811/84503635499,4937048470809/3423495372361,304435624311/295190065991,1.3983114467589777,0.3352653992279556,1.4421075345003853,1.0313206960029675,2.9313307459499542,0.928588631413222,0.9285886314132221,0.03500217428054552,0.0035715222027820916
source_00_005,p0_reversible,5,65537,bridge,DO_NOT_REJECT,AVAILABLE_NONREJECTION,0,129047/131072,0.0,0.9845504760742188,1,2,260119/2025,67661894161/332150625,260119/164025,128.45382716049383,4.855569518055542,203.70846558244472,1.585849718030788,414.0723726119252,0.5703765325284099,0.5703765325284099,0.001013786712186808,0.004001975067514278
source_00_005,p0_reversible,5,65537,intersection,DO_NOT_REJECT,AVAILABLE_NONREJECTION,815169/1048576,6617/8192,0.7774057388305664,0.8077392578125,1,5,3456524263/2935398375,4412785039569/3473545425025,5955379605/5520039941,1.1775315720136283,0.16342035929940787,1.270397965081237,1.0788653105146073,2.5823016145082702,0.9665319359346158,0.9665319359346158,0.03780128552147307,0.008740586581932224
source_00_005,p0_reversible,5,65537,lag,DO_NOT_REJECT,AVAILABLE_NONREJECTION,203979/262144,846129/1048576,0.7781181335449219,0.8069314956665039,1,5,110205516325/94365202981,274036545225/217270651129,27251477433/25233302249,1.1678618054495085,0.1551745601538639,1.2612681179028473,1.079980621009681,2.5637436352317047,0.96665255497477,0.96665255497477,0.038046123194636336,0.008784271650390692
source_00_006,p0_reversible,6,16385,bridge,DO_NOT_REJECT,AVAILABLE_NONREJECTION,0,512239/524288,0.0,0.9770183563232422,1,1,1036527/12049,119376469081/1306605609,345509/325323,86.02597725952361,4.454649311799472,91.36381189451943,1.0620491019694274,185.49878873639892,0.4220265613379789,0.42202656133797894,0.00034858855792160496,0.0035992721803611567
source_00_006,p0_reversible,6,16385,intersection,DO_NOT_REJECT,AVAILABLE_NONREJECTION,802501/1048576,868851/1048576,0.765324592590332,0.8286008834838867,1,5,18873233961/13307392553,4904785355625/3426486059929,3582292179375/3549305018879,1.4182518390310237,0.3494250139140028,1.4314330395164754,1.009293977361917,2.9062830182055497,0.9288951477852003,0.9288951477852003,0.011057106541133928,0.0031681520289886032
source_00_006,p0_reversible,6,16385,lag,DO_NOT_REJECT,AVAILABLE_NONREJECTION,402009/524288,866865/1048576,0.7667713165283203,0.8267068862915039,1,5,234218210039/168318354167,1211124461121/858026132209,1799774588889/1774267251977,1.391519131696216,0.3303960508624981,1.4115239800481876,1.0143762654039734,2.865861035588274,0.9293925887248401,0.9293925887248401,0.011210866064601074,0.0032129684220328545
source_00_006,p0_reversible,6,65537,bridge,DO_NOT_REJECT,AVAILABLE_NONREJECTION,0,1026639/1048576,0.0,0.9790792465209961,1,3,2075215/21937,4306517296225/38979789489,2075215/1776897,94.59885125586908,4.5496453328114725,110.48077356703757,1.1678870525415936,224.3125505644012,0.6850168368212449,0.6850168368212449,0.0009839081171727961,0.0019828642964241387
source_00_006,p0_reversible,6,65537,intersection,DO_NOT_REJECT,AVAILABLE_NONREJECTION,411719/524288,856515/1048576,0.7852916717529297,0.8168363571166992,1,5,214454188779/179770440427,3629371718281/2987881645401,1783178511637/1751229291429,1.1929335449677787,0.17641543742994498,1.214697283564559,1.0182438818059796,2.4662376723374893,0.9672935845400844,0.9672935845400844,0.022979242458589875,0.007476635080073322
source_00_006,p0_reversible,6,65537,lag,DO_NOT_REJECT,AVAILABLE_NONREJECTION,412105/524288,855629/1048576,0.7860279083251953,0.8159914016723633,1,5,71206476505/60224740057,402888520225/335056903281,198120470285/194808359709,1.182345933541702,0.16750054413597312,1.2024480507035311,1.0170018914021326,2.4413676739042574,0.9674591004365279,0.967459100436528,0.023189866242296134,0.00751767002539636
source_00_007,p0_reversible,7,16385,bridge,DO_NOT_REJECT,AVAILABLE_NONREJECTION,0,515563/524288,0.0,0.9833583831787109,1,1,1039851/8725,13349260521/76125625,38513/26175,119.18063037249284,4.780640244552142,175.3583043948736,1.4713658070678128,356.813342568575,0.19232410201625372,0.19232410201625375,0.0004386829444105545,0.00303988142813964
source_00_007,p0_reversible,7,16385,intersection,DO_NOT_REJECT,AVAILABLE_NONREJECTION,6247/8192,865503/1048576,0.7625732421875,0.8254079818725586,1,5,3722883655/2643391047,34047225/23164969,9614078595/9212462227,1.4083741636429927,0.34243596365662227,1.469772094234186,1.0435948998328524,2.9906441874391536,0.9278679507302676,0.9278679507302676,0.04312574137957324,0.00402065006982865
source_00_007,p0_reversible,7,16385,lag,DO_NOT_REJECT,AVAILABLE_NONREJECTION,801127/1048576,215885/262144,0.7640142440795898,0.8235359191894531,1,5,118287798021/85565411077,4959711615681/3421401188209,309062068857/294737225129,1.3824254045195112,0.32383949601071205,1.4496141618157499,1.048602085202269,2.949627485833182,0.9283655516151921,0.9283655516151921,0.04371123422435902,0.0040757584383413
source_00_007,p0_reversible,7,65537,bridge,DO_NOT_REJECT,AVAILABLE_NONREJECTION,0,1039269/1048576,0.0,0.991124153137207,1,2,2087845/9307,361,3359827/2087845,224.3306113677877,5.413120907327023,361.0,1.6092320071652828,734.5509932463807,0.4249898175965684,0.4249898175965684,0.00011818302796917608,0.0032690343556591507
source_00_007,p0_reversible,7,65537,intersection,DO_NOT_REJECT,AVAILABLE_NONREJECTION,827163/1048576,860435/1048576,0.788844108581543,0.8205747604370117,1,5,422679852543/352903411199,404924777569/318573322929,1193602128043/1124735307291,1.1977210736131239,0.18042064588468315,1.2710567659780008,1.0612293579703391,2.5863047366251326,0.9665059740835631,0.9665059740835631,0.0057352420418615825,0.009034788363818429
source_00_007,p0_reversible,7,65537,lag,DO_NOT_REJECT,AVAILABLE_NONREJECTION,413969/524288,859541/1048576,0.7895832061767578,0.8197221755981445,1,5,19136505393/16123946545,44949512169/35734231225,22102520149/20854152165,1.186837561113981,0.17129225800177472,1.2578838449322203,1.0598618430575741,2.559500907710633,0.9666801920227646,0.9666801920227646,0.00578818470793704,0.009085770681972213
source_00_008,p0_reversible,8,16385,bridge,ABSTAIN,SCALE_UNAVAILABLE,0,1041397/1048576,0.0,0.9931535720825195,1,0,2089973/7179,361,2591619/2089973,291.1231369271486,5.673746328620777,361.0,1.2400251103722393,734.1435610100756,-0.1720994479985919,-0.17209944799859192,,
source_00_008,p0_reversible,8,16385,intersection,DO_NOT_REJECT,AVAILABLE_NONREJECTION,402887/524288,873629/1048576,0.7684459686279297,0.8331575393676758,1,5,1138329801/791251145,410541340225/275458075281,594073473625/573446000169,1.438645375988682,0.3637019597225476,1.4903950076838335,1.0359710826301358,3.030924925907614,0.9273825718304396,0.9273825718304397,0.021798891949593526,0.0035249927507292923
source_00_008,p0_reversible,8,16385,lag,DO_NOT_REJECT,AVAILABLE_NONREJECTION,201829/262144,871581/1048576,0.7699165344238281,0.8312044143676758,1,5,23162853891/16424180227,3687002904649/2537505632025,890901003761/864711727425,1.410289802648547,0.34379521706419636,1.4530028458327673,1.030286713485416,2.9548827794942985,0.9283016047155688,0.9283016047155688,0.02234922114297951,0.003577866711528229
source_00_008,p0_reversible,8,65537,bridge,DO_NOT_REJECT,AVAILABLE_NONREJECTION,0,129239/131072,0.0,0.9860153198242188,1,2,260311/1833,67761816721/272151009,260311/148473,142.01363884342607,4.955923101182069,248.9860940438402,1.7532548005361244,506.3477499261341,0.5241723428312417,0.5241723428312416,0.00033092974448214156,0.004174431189637499
source_00_008,p0_reversible,8,65537,intersection,DO_NOT_REJECT,AVAILABLE_NONREJECTION,817643/1048576,13275/16384,0.7797651290893555,0.81024169921875,1,5,6849241847/5802074871,479970454401/386974817329,19385208819/18450063107,1.180481465558806,0.1659223769193768,1.2403144414251033,1.0506852310789767,2.522351414958582,0.9669231659435802,0.9669231659435803,0.015271330786454521,0.00897468847428242
source_00_008,p0_reversible,8,65537,lag,DO_NOT_REJECT,AVAILABLE_NONREJECTION,818393/1048576,212187/262144,0.7804803848266602,0.8094291687011719,1,5,8398687121/7174474641,52984213489/43031768481,11499252131/10932855219,1.1706344424167294,0.15754586031650228,1.2312813383998928,1.0518068611222136,2.5039813473078927,0.9670439738088291,0.967043973808829,0.01537073625018734,0.009020377573329184
source_00_009,p0_reversible,9,16385,bridge,ABSTAIN,SCALE_UNAVAILABLE,0,1035899/1048576,0.0,0.987910270690918,1,0,2084475/12677,482781780625/1446356961,694825/342279,164.42967579080224,5.102482976008581,333.7915837119548,2.0299959974173114,679.57053608803,-0.12606063008017554,-0.1260606300801756,,
source_00_009,p0_reversible,9,16385,intersection,DO_NOT_REJECT,AVAILABLE_NONREJECTION,406063/524288,220133/262144,0.7745037078857422,0.8397407531738281,1,5,19005732775/13028325287,25843456081/15884317089,49854098803/44700754275,1.4588009092745338,0.3776148032552743,1.6269793618572859,1.1152854042752056,3.312388002256026,0.9240768701547396,0.9240768701547396,0.002254275525109724,0.00411446438464565
source_00_009,p0_reversible,9,16385,lag,DO_NOT_REJECT,AVAILABLE_NONREJECTION,813671/1048576,439225/524288,0.7759771347045898,0.8377552032470703,1,5,6858606705/4800252017,11461201249/7235713969,94531331/85270515,1.4288013797422252,0.35683589680468253,1.583976549944245,1.1086051374264598,3.2248380298449293,0.9250896081045802,0.9250896081045801,0.002295437155506824,0.004179875369124059
source_00_009,p0_reversible,9,65537,bridge,DO_NOT_REJECT,AVAILABLE_NONREJECTION,0,15987/16384,0.0,0.97576904296875,1,3,32371/397,1047881641/12766329,32371/32157,81.53904282115869,4.401081958557904,82.08167289124384,1.0066548496439345,167.11112314275863,0.7285331345730044,0.7285331345730044,0.000982235501581326,0.003364865556531327
source_00_009,p0_reversible,9,65537,intersection,DO_NOT_REJECT,AVAILABLE_NONREJECTION,412947/524288,107313/131072,0.7876338958740234,0.8187332153320312,1,5,5308404857/4453553273,56827408225/45723696561,223422765475/214273416339,1.1919482111469513,0.17558912067493898,1.2428437002941468,1.042699413171837,2.530321316943004,0.9668708896826628,0.9668708896826628,0.01722344240992561,0.010434122916137682
source_00_009,p0_reversible,9,65537,lag,DO_NOT_REJECT,AVAILABLE_NONREJECTION,826655/1048576,857631/1048576,0.7883596420288086,0.8179006576538086,1,5,423027363647/358065983295,3633625126849/2953259435025,44130598257/42374705345,1.1814229314781914,0.16671958612939244,1.230377894930264,1.0414372890077732,2.5049420250516503,0.9670376451287754,0.9670376451287754,0.01737386841293807,0.01049096376982707
source_00_010,p0_reversible,10,16385,bridge,DO_NOT_REJECT,AVAILABLE_NONREJECTION,0,517041/524288,0.0,0.9861774444580078,1,1,1041329/7247,1084366086241/4254039729,1041329/587007,143.69104457016695,4.967665470824038,254.90267024278654,1.7739635132119378,518.7216786371305,0.020766700594386567,0.020766700594386463,9.800487342653279e-05,0.002381400527110166
source_00_010,p0_reversible,10,16385,intersection,DO_NOT_REJECT,AVAILABLE_NONREJECTION,797805/1048576,862063/1048576,0.7608461380004883,0.8221273422241211,1,5,479132852669/344374059453,5093773649721/3409122797161,3788536173363/3527767547459,1.3913151688313847,0.3302494644378893,1.4941596277971914,1.0739188799703734,3.0405840376037507,0.9272666583363152,0.9272666583363152,0.11037506588112582,0.004051060503582338
source_00_010,p0_reversible,10,16385,lag,DO_NOT_REJECT,AVAILABLE_NONREJECTION,799287/1048576,430081/524288,0.7622594833374023,0.8203144073486328,1,5,237913693641/174081629641,5033745447201/3414597666769,70454306469/65316413461,1.366678920295253,0.3123836510716547,1.4741840586929496,1.07866159110325,2.9999341663112484,0.9277557202810078,0.9277557202810078,0.11183865486349258,0.004103802040030524
source_00_010,p0_reversible,10,65537,bridge,DO_NOT_REJECT,AVAILABLE_NONREJECTION,0,515309/524288,0.0,0.9828739166259766,1,2,1039597/8979,1080761922409/6530417721,1039597/727299,115.78093328878494,4.751699899499221,165.4965989286675,1.4293942381331475,336.78216679036035,0.6131014437058862,0.6131014437058862,0.001573991510668749,0.004420541027177286
source_00_010,p0_reversible,10,65537,intersection,DO_NOT_REJECT,AVAILABLE_NONREJECTION,823911/1048576,26747/32768,0.7857427597045898,0.816253662109375,1,5,13370937475/11274244227,3542035225/2936447721,22288212761/21913869033,1.1859719557057986,0.1705626541794326,1.206231324899518,1.0170825027491164,2.4546558774006195,0.967370560109518,0.967370560109518,0.05029132056157037,0.009144911066170757
source_00_010,p0_reversible,10,65537,lag,DO_NOT_REJECT,AVAILABLE_NONREJECTION,206165/262144,855049/1048576,0.7864570617675781,0.8154382705688477,1,5,106563023875/90630435843,3623788140625/3033668678049,297161573375/292503094191,1.175797323314214,0.16194649050291438,1.1945233725904159,1.0159262560858864,2.430830435833466,0.9675294819100025,0.9675294819100025,0.05072352034491851,0.00919311720870988
source_00_011,p0_reversible,11,16385,bridge,DO_NOT_REJECT,AVAILABLE_NONREJECTION,0,1032463/1048576,0.0,0.9846334457397461,1,1,2081039/16113,4330723319521/21029930289,2081039/1305153,129.15279587910382,4.860996167616501,205.9314158443143,1.5944789614704176,418.5822686621099,0.12324334647959123,0.12324334647959123,0.000332483565775098,0.0026699347664961813
source_00_011,p0_reversible,11,16385,intersection,DO_NOT_REJECT,AVAILABLE_NONREJECTION,100913/131072,218313/262144,0.7699050903320312,0.8327980041503906,1,5,14490102663/10168134535,230838928849/155613681441,111458817145/107073829449,1.4250502501833784,0.3542070763854601,1.4834102420263169,1.0409529361055365,3.0152234029868104,0.9275713897107466,0.9275713897107465,0.05583482739217161,0.003682447798743099
source_00_011,p0_reversible,11,16385,lag,DO_NOT_REJECT,AVAILABLE_NONREJECTION,808809/1048576,435637/524288,0.7713403701782227,0.8309116363525391,1,5,46031667495/32931807527,102384000625/70730998209,594316765375/573900776559,1.397787456921693,0.33489059857785786,1.447512451647719,1.0355740742126371,2.9422564956549517,0.9284553380848456,0.9284553380848456,0.05718954797059488,0.003735663165968934
source_00_011,p0_reversible,11,65537,bridge,DO_NOT_REJECT,AVAILABLE_NONREJECTION,0,64545/65536,0.0,0.9848785400390625,1,2,130081/991,16921066561/79548561,130081/80271,131.26236125126135,4.877198077998976,212.71367260810663,1.620522978410634,432.36808376563636,0.5608466118068134,0.5608466118068134,0.0016398815707604185,0.0043487625567355595
source_00_011,p0_reversible,11,65537,intersection,DO_NOT_REJECT,AVAILABLE_NONREJECTION,102793/131072,854203/1048576,0.7842483520507812,0.814631462097168,1,5,53808687341/45457041645,799701841/675220225,49470066603/49443712315,1.1837261157737182,0.16866718856589072,1.1843570606908287,1.0005330159643373,2.40735908767192,0.9676868034474139,0.9676868034474139,0.0670930429368479,0.009091162663505228
source_00_011,p0_reversible,11,65537,lag,DO_NOT_REJECT,AVAILABLE_NONREJECTION,823091/1048576,853353/1048576,0.7849607467651367,0.8138208389282227,1,5,428856460565/365392446741,50843485225/43248609369,6288551165/6278267629,1.173687262531141,0.1601502996591072,1.1756097124695968,1.0016379575716874,2.3895789697224137,0.9678064883615531,0.967806488361553,0.06753067546656784,0.009138397263216145
source_00_012,p0_reversible,12,16385,bridge,DO_NOT_REJECT,AVAILABLE_NONREJECTION,0,1034127/1048576,0.0,0.9862203598022461,1,1,2082703/14449,4337651786209/16910661681,2082703/1170369,144.14167070385494,4.970796640270352,256.503965843192,1.779526798813024,521.867778199654,0.01770545859331163,0.017705458593311633,1.10090301552918e-05,0.002262995440436449
source_00_012,p0_reversible,12,16385,intersection,DO_NOT_REJECT,AVAILABLE_NONREJECTION,812571/1048576,110135/131072,0.774928092956543,0.8402633666992188,1,5,8132294005/5566690677,58180816849/35506995489,448921684429/400240171485,1.4608848374852856,0.37904230521636284,1.6385733585097142,1.1216307517643178,3.3337443154596973,0.9238318569496149,0.9238318569496149,0.01336682779295722,0.00336815638875538
source_00_012,p0_reversible,12,16385,lag,DO_NOT_REJECT,AVAILABLE_NONREJECTION,814117/1048576,878993/1048576,0.776402473449707,0.8382730484008789,1,5,64562271453/45125866717,412835805529/258825545001,1196823094439/1073527036119,1.4307153778982784,0.3581745834458962,1.5950350091116585,1.114851376976716,3.245163768207131,0.9248532823868294,0.9248532823868294,0.013727141871888627,0.0034220548632369592
source_00_012,p0_reversible,12,65537,bridge,DO_NOT_REJECT,AVAILABLE_NONREJECTION,0,64617/65536,0.0,0.9859771728515625,1,2,130153/919,16939803409/68409441,130153/74439,141.62459194776932,4.953179838127916,247.62376597990328,1.7484517524415966,503.8006494619392,0.525390047060637,0.525390047060637,0.00108990150593213,0.004217392273884028
source_00_012,p0_reversible,12,65537,intersection,DO_NOT_REJECT,AVAILABLE_NONREJECTION,410649/524288,427047/524288,0.7832508087158203,0.8145275115966797,1,5,108108758065/90914208817,1046019608001/874107193969,895079969919/889438290895,1.189129394312947,0.17322143795483003,1.1966720045529071,1.0063429684574554,2.4346779910277445,0.9675037652907347,0.9675037652907347,0.05155950619958092,0.00882395931215515
source_00_012,p0_reversible,12,65537,lag,DO_NOT_REJECT,AVAILABLE_NONREJECTION,822065/1048576,853217/1048576,0.7839822769165039,0.8136911392211914,1,5,143592344741/121815518373,51307233121/43201206801,44250962449/43920641473,1.1787689011946672,0.1644705897847276,1.187634256546101,1.007520859553089,2.416290324167562,0.9676268501974181,0.9676268501974181,0.051905429677550574,0.008871251060417673
source_00_013,p0_reversible,13,16385,bridge,DO_NOT_REJECT,AVAILABLE_NONREJECTION,0,1033521/1048576,0.0,0.9856424331665039,1,1,2082097/15055,4335127917409/18358895025,2082097/1219455,138.29936898040518,4.929420675973429,236.1322896342995,1.7073996170420394,480.4808063085289,0.058697549357440426,0.05869754935744044,1.8260840465247696e-05,0.002496001751882603
source_00_013,p0_reversible,13,16385,intersection,DO_NOT_REJECT,AVAILABLE_NONREJECTION,12785/16384,889577/1048576,0.78033447265625,0.8483667373657227,1,5,332162507/220849611,417381894601/227526138009,34325431/28142823,1.5040212454800295,0.40814235141193944,1.8344349280190837,1.2196868452038376,3.732699050605012,0.9193905114956595,0.9193905114956595,0.005668994064363067,0.0033018485849452234
source_00_013,p0_reversible,13,16385,lag,DO_NOT_REJECT,AVAILABLE_NONREJECTION,409915/524288,887365/1048576,0.7818508148193359,0.846257209777832,1,5,221419379993/150603799833,3747867555481/2105107908201,86121994763/71118716283,1.4702111117948236,0.38540600394508473,1.7803683796351717,1.2109610418205248,3.62268470736524,0.9205906351782692,0.9205906351782692,0.0058400021475403276,0.0033610252569565816
source_00_013,p0_reversible,13,65537,bridge,DO_NOT_REJECT,AVAILABLE_NONREJECTION,0,128505/131072,0.0,0.9804153442382812,1,2,259577/2567,67380218929/533748609,259577/207927,101.12076353720296,4.616315481173076,126.23961504131995,1.2484044881136167,256.87173963827576,0.6626742536883397,0.6626742536883397,0.0016911811454031367,0.004420062729346068
source_00_013,p0_reversible,13,65537,intersection,DO_NOT_REJECT,AVAILABLE_NONREJECTION,826813/1048576,430297/524288,0.7885103225708008,0.8207263946533203,1,5,211691633355/176269687499,11249784225/8834308081,22101459365/20843726133,1.20095313243351,0.18311551855081182,1.273419957947242,1.060341093716864,2.5911485850217613,0.966474586572496,0.966474586572496,0.041084191472212275,0.008880244847940599
source_00_013,p0_reversible,13,65537,lag,DO_NOT_REJECT,AVAILABLE_NONREJECTION,827599/1048576,859685/1048576,0.7892599105834961,0.819859504699707,1,5,421681790997/354392571925,44956296841/35679809881,397803509075/375665098563,1.1898719792756842,0.17384572089564587,1.259992611814332,1.0589312411418685,2.5638266880185347,0.9666520141982284,0.9666520141982284,0.04147105326142936,0.008931246705071859
source_00_014,p0_reversible,14,16385,bridge,ABSTAIN,SCALE_UNAVAILABLE,0,1041727/1048576,0.0,0.9934682846069336,1,0,2090303/6849,361,2472489/2090303,305.19827712074755,5.720961654311628,361.0,1.182837607753517,733.6427785381859,-0.17168433674548367,-0.1716843367454837,,
source_00_014,p0_reversible,14,16385,intersection,DO_NOT_REJECT,AVAILABLE_NONREJECTION,817809/1048576,889173/1048576,0.7799234390258789,0.8479814529418945,1,5,447168523483/297507368155,3754871187001/2058154629129,3616585667365/2979581120181,1.5030502479858825,0.40749654200567514,1.824387309805795,1.2137899662705958,3.707613781428614,0.9196625967811503,0.9196625967811503,0.024679215424055757,0.00283553911416395
source_00_014,p0_reversible,14,16385,lag,DO_NOT_REJECT,AVAILABLE_NONREJECTION,102425/131072,443481/524288,0.7814407348632812,0.8458728790283203,1,5,2520334413/1715290189,936576837361/528911471169,225971158193/187505128449,1.4693341273463087,0.38480932357231373,1.7707629507277998,1.2051465475220986,3.5986355991812182,0.9208553853857078,0.9208553853857077,0.025426544668615336,0.002886218978084732
source_00_014,p0_reversible,14,65537,bridge,DO_NOT_REJECT,AVAILABLE_NONREJECTION,0,517783/524288,0.0,0.9875926971435547,1,2,1042071/6505,120656885449/380835225,347357/175635,160.1953881629516,5.07639424622332,316.82175788492253,1.9777208415179206,643.8614813186897,0.4623239979776562,0.4623239979776562,2.5987543783646754e-05,0.0037839846376419017
source_00_014,p0_reversible,14,65537,intersection,DO_NOT_REJECT,AVAILABLE_NONREJECTION,830771/1048576,432121/524288,0.7922849655151367,0.8242053985595703,1,5,69436887415/57737924983,101635352809/76452803001,199713820547/180669900915,1.2026218024884783,0.18450400891889668,1.3293868742480326,1.1054072622808357,2.701648421538838,0.9657663500154542,0.9657663500154542,0.00236679585776892,0.0074317713634463895
source_00_014,p0_reversible,14,65537,lag,DO_NOT_REJECT,AVAILABLE_NONREJECTION,415775/524288,863341/1048576,0.7930278778076172,0.8233461380004883,1,5,69155949807/58044189935,3655426614889/2779272423225,1797322430771/1628132849955,1.1914362123830715,0.1751594805659403,1.3152458839019934,1.1039163240399432,2.672910373204351,0.9659491310284791,0.9659491310284791,0.0023810543037059485,0.007474965195388786
source_00_015,p0_reversible,15,16385,bridge,ABSTAIN,SCALE_UNAVAILABLE,0,64775/65536,0.0,0.9883880615234375,1,0,130311/761,361,274721/130311,171.2365308804205,5.143045822255956,361.0,2.1081950103982012,733.9850132125902,-0.17196803791305904,-0.1719680379130589,,
source_00_015,p0_reversible,15,16385,intersection,DO_NOT_REJECT,AVAILABLE_NONREJECTION,814269/1048576,441109/524288,0.7765474319458008,0.8413486480712891,1,5,226199274879/154949584255,103554596401/62268714369,599461658155/526214392731,1.459824987376182,0.37831655687491406,1.6630276929654078,1.1391966210651405,3.3812670448590527,0.9232894318339979,0.9232894318339979,0.030085582554311242,0.0032990985149225186
source_00_015,p0_reversible,15,16385,lag,DO_NOT_REJECT,AVAILABLE_NONREJECTION,815803/1048576,440075/524288,0.778010368347168,0.8393764495849609,1,5,74825889533/52334982909,929995995769/574438178889,1797938125577/1587803524569,1.4297490010287603,0.357498905109607,1.618966200275322,1.1323429490843584,3.2916812407197202,0.9243151826011791,0.9243151826011792,0.03089554249225116,0.003351788755355233
source_00_015,p0_reversible,15,65537,bridge,DO_NOT_REJECT,AVAILABLE_NONREJECTION,0,129403/131072,0.0,0.9872665405273438,1,2,260475/1669,7538580625/25070049,86825/45063,156.0665068903535,5.050282242618549,300.70067374020687,1.9267469986463395,611.384454261054,0.47630448844598317,0.4763044884459831,0.0005413838178090682,0.00416721008875253
source_00_015,p0_reversible,15,65537,intersection,DO_NOT_REJECT,AVAILABLE_NONREJECTION,414491/524288,862399/1048576,0.7905788421630859,0.8224477767944336,1,5,69939774025/58259685961,3651825450625/2807611901649,1793983199525/1655775761589,1.2004831964219451,0.1827241394316431,1.3006874092819476,1.0834699004189832,2.6445569675547365,0.9661304288044938,0.966130428804494,0.02933832673500657,0.008278758674143655
source_00_015,p0_reversible,15,65537,lag,DO_NOT_REJECT,AVAILABLE_NONREJECTION,12965/16384,215375/262144,0.79132080078125,0.8215904235839844,1,5,544212487/457541127,25336043929/19686054249,173021051/159903211,1.189428566931864,0.1734729959369093,1.287004678974051,1.0820361262163771,2.6167372473723938,0.9663092589005501,0.9663092589005501,0.02961679905258215,0.008326259396630443
source_00_016,p0_reversible,16,16385,bridge,ABSTAIN,SCALE_UNAVAILABLE,0,1044619/1048576,0.0,0.9962263107299805,1,0,2093195/3957,4381465308025/5652483489,2093195/1428477,528.9853424311347,6.270960723404735,775.1398684404012,1.4653333585349992,1575.663753418638,-0.7476659061844722,-0.7476659061844722,,
source_00_016,p0_reversible,16,16385,intersection,DO_NOT_REJECT,AVAILABLE_NONREJECTION,806087/1048576,218955/262144,0.7687444686889648,0.8352470397949219,1,5,116661215411/80101040307,231456247801/151088467401,297425504879/282767150367,1.4564257213623857,0.3759852980821576,1.5319253135760384,1.0518389582841399,3.114017595821594,0.9263913474219682,0.9263913474219682,0.032906559171018535,0.003349166940113222
source_00_016,p0_reversible,16,16385,lag,DO_NOT_REJECT,AVAILABLE_NONREJECTION,403831/524288,873699/1048576,0.7702465057373047,0.8332242965698242,1,5,231551479675/162306666363,3695141175625/2477139175449,594699983575/568759287303,1.4266295085941416,0.3553146752084709,1.4916970399756517,1.0456092706547409,3.032243666811502,0.9273667355518709,0.9273667355518709,0.033780575548018874,0.0034018950138163194
source_00_016,p0_reversible,16,65537,bridge,DO_NOT_REJECT,AVAILABLE_NONREJECTION,0,1035763/1048576,0.0,0.9877805709838867,1,2,2084339/12813,4344469066921/13298010489,2084339/1037853,162.67376882853353,5.09174677706308,326.700679813323,2.008318133685599,664.1000422734168,0.45378336618444215,0.45378336618444215,0.00045721877239957357,0.004030790619007014
source_00_016,p0_reversible,16,65537,intersection,DO_NOT_REJECT,AVAILABLE_NONREJECTION,206235/262144,857877/1048576,0.7867240905761719,0.8181352615356445,1,5,106587880777/89319406921,3634563041209/2945654796681,892942549687/863605021671,1.1933339511677836,0.1767510294827314,1.2338727013444426,1.0339710021130197,2.508151845876395,0.9670165084904687,0.9670165084904687,0.028700654383619247,0.00824039874602906
source_00_016,p0_reversible,16,65537,lag,DO_NOT_REJECT,AVAILABLE_NONREJECTION,825709/1048576,428497/524288,0.7874574661254883,0.8172931671142578,1,5,42468866919/35907926887,11207398225/9175915681,198421181525/192137875173,1.1827156452848662,0.1678131886349457,1.2213928957745837,1.032702070564393,2.482783550312263,0.9671839285566356,0.9671839285566356,0.028961718953477943,0.008285755123787314
source_00_017,p0_reversible,17,16385,bridge,ABSTAIN,SCALE_UNAVAILABLE,0,258919/262144,0.0,0.9876976013183594,1,0,521063/3225,271506649969/842450625,521063/261225,161.56992248062016,5.084938005500422,322.28197346164944,1.9946904009953106,655.8520286432973,-0.10551770502061375,-0.10551770502061363,,
source_00_017,p0_reversible,17,16385,intersection,DO_NOT_REJECT,AVAILABLE_NONREJECTION,200123/262144,868709/1048576,0.7634086608886719,0.828465461730957,1,5,39637310995/27715526163,3846604441/2638157769,11155531207/10941945495,1.4301482411658302,0.35777810404988564,1.458064595756934,1.0195199027538202,2.967198607941837,0.9281519658800549,0.9281519658800549,0.01895974332241732,0.004062425950369844
source_00_017,p0_reversible,17,16385,lag,DO_NOT_REJECT,AVAILABLE_NONREJECTION,802045/1048576,866657/1048576,0.7648897171020508,0.8265085220336914,1,5,472164306723/336663121699,4922980250841/3424798085641,1210914170703/1181456803231,1.4024830053858628,0.33824424096936456,1.437451238798971,1.0249330888708255,2.9252499012462168,0.9286629243368055,0.9286629243368055,0.019224472458297826,0.004121710593789664
source_00_017,p0_reversible,17,65537,bridge,DO_NOT_REJECT,AVAILABLE_NONREJECTION,0,1031279/1048576,0.0,0.9835042953491211,1,2,2079855/17297,53404899025/299186209,231095/155673,120.24368387581661,4.789520382665153,178.5005371855225,1.4844899243927978,363.2531418670061,0.5979781955310182,0.5979781955310182,0.0004796592445630955,0.004642999117135028
source_00_017,p0_reversible,17,65537,intersection,DO_NOT_REJECT,AVAILABLE_NONREJECTION,25647/32768,853293/1048576,0.782684326171875,0.8137636184692383,1,5,13543209149/11407456445,4107399921/3412312225,112639429683/111097677635,1.1872242698709685,0.17161803617263832,1.203699910842713,1.0138774462330822,2.44955999221561,0.967404486053207,0.967404486053207,0.016305628164752204,0.009757480338926545
source_00_017,p0_reversible,17,65537,lag,DO_NOT_REJECT,AVAILABLE_NONREJECTION,821467/1048576,426211/524288,0.783411979675293,0.8129329681396484,1,5,215866877391/183408207311,4177858328361/3497060821849,28638217791/28213873039,1.176975014127698,0.16294759961415387,1.1946770563035396,1.0150402871457396,2.4311982533007446,0.9675270225826841,0.9675270225826841,0.016412860890172177,0.009809160387620005
source_00_018,p0_reversible,18,16385,bridge,DO_NOT_REJECT,AVAILABLE_NONREJECTION,0,1033689/1048576,0.0,0.9858026504516602,1,1,2082265/14887,4335827530225/17951444289,2082265/1205847,139.8713642775576,4.940723173640531,241.5308462329039,1.7268069663896,490.8672290059601,0.04825934234532525,0.04825934234532529,9.517989852257275e-06,0.002207352318540229
source_00_018,p0_reversible,18,16385,intersection,DO_NOT_REJECT,AVAILABLE_NONREJECTION,399365/524288,866499/1048576,0.7617282867431641,0.8263578414916992,1,5,239236914225/168175967281,1264066230249/853134864409,1842394010751/1768864768975,1.4225392491738518,0.35244347832406864,1.4816722220403784,1.0415686055065747,3.011227548247554,0.9276195196910495,0.9276195196910495,0.004528437761873199,0.0035228027915534645
source_00_018,p0_reversible,18,16385,lag,DO_NOT_REJECT,AVAILABLE_NONREJECTION,800277/1048576,864467/1048576,0.7632036209106445,0.8244199752807617,1,5,475006663857/340390476977,4993843865481/3418257415609,1234280175957/1178978429893,1.3954757726347788,0.33323541277924157,1.4609326502671514,1.04690649520112,2.9690781653183134,0.9281291562218812,0.9281291562218812,0.004591685791172298,0.0035730924481198814
source_00_018,p0_reversible,18,65537,bridge,DO_NOT_REJECT,AVAILABLE_NONREJECTION,0,259225/262144,0.0,0.9888648986816406,1,2,521369/2919,361,1053759/521369,178.6121959575197,5.1852169525472664,361.0,2.021138579393865,733.6664133585564,0.42534289544564274,0.4253428954456428,0.0006000828514826484,0.00376969973864973
source_00_018,p0_reversible,18,65537,intersection,DO_NOT_REJECT,AVAILABLE_NONREJECTION,823593/1048576,428117/524288,0.7854394912719727,0.8165683746337891,1,5,214274934115/180048364899,907075284025/749157760521,1783063116445/1752584047533,1.1900965289809755,0.17403442062438476,1.2107934160545526,1.0173909313820946,2.4607159636423765,0.9673302606832608,0.9673302606832608,0.04117999590494843,0.008187847356108635
source_00_018,p0_reversible,18,65537,lag,DO_NOT_REJECT,AVAILABLE_NONREJECTION,206089/262144,13365/16384,0.7861671447753906,0.81573486328125,1,5,1667580195/1413595427,885003001/738263241,13929463517/13707633645,1.1796728845812827,0.1652371835894487,1.1987634651851777,1.0161829443173742,2.436267290769208,0.9674931485100974,0.9674931485100974,0.04154772343317094,0.008232083016484988
source_00_019,p0_reversible,19,16385,bridge,ABSTAIN,SCALE_UNAVAILABLE,0,260081/262144,0.0,0.9921302795410156,1,0,522225/2063,361,744743/522225,253.13863305865246,5.533937295407606,361.0,1.4260960314040882,734.0441177603167,-0.17201702741321956,-0.1720170274132195,,
source_00_019,p0_reversible,19,16385,intersection,DO_NOT_REJECT,AVAILABLE_NONREJECTION,201693/262144,877761/1048576,0.7693977355957031,0.8370981216430664,1,5,116448997987/79230317155,3710774237569/2363398902225,893506375069/836400942765,1.4697530209198617,0.3850943736951972,1.5701006859550988,1.0682751888289594,3.192584966251464,0.925466137635893,0.925466137635893,0.045648342775591,0.0035784452799120354
source_00_019,p0_reversible,19,16385,lag,DO_NOT_REJECT,AVAILABLE_NONREJECTION,808369/1048576,875589/1048576,0.7709207534790039,0.835026741027832,1,5,92439580431/64245468943,3702410947225/2423884675689,3573068575925/3365767753029,1.438849804536635,0.36384404757011757,1.5274699264199,1.0615909468826068,3.105901148322192,0.9264875851907286,0.9264875851907287,0.046899913560822896,0.003636814191680303
source_00_019,p0_reversible,19,65537,bridge,DO_NOT_REJECT,AVAILABLE_NONREJECTION,0,1032175/1048576,0.0,0.9843587875366211,1,2,2080751/16401,4329524724001/21788416881,2080751/1328481,126.8673251630998,4.843141856641056,198.70763202518145,1.5662632736185162,404.0447879284376,0.5756865426952202,0.5756865426952203,0.0019553644380227654,0.004369262674960568
source_00_019,p0_reversible,19,65537,intersection,DO_NOT_REJECT,AVAILABLE_NONREJECTION,411297/524288,26743/32768,0.7844867706298828,0.816131591796875,1,5,6724207401/5636899625,393506569/326705625,3711839929/3676162185,1.1928911011964312,0.17637985747110746,1.2044683007830062,1.0097051604919873,2.449121526921134,0.9674074067877891,0.9674074067877891,0.07387255473969803,0.009046214647121053
source_00_019,p0_reversible,19,65537,lag,DO_NOT_REJECT,AVAILABLE_NONREJECTION,823369/1048576,427443/524288,0.7852258682250977,0.8152828216552734,1,5,214336483317/181288513525,905791896361/759695276025,356317617359/353324785023,1.1822948908864137,0.16745737254325693,1.1923095021735954,1.008470485125478,2.4243982731863136,0.9675725191404717,0.9675725191404717,0.074533928501206,0.009095824671393436
source_00_020,p0_reversible,20,16385,bridge,ABSTAIN,SCALE_UNAVAILABLE,0,518343/524288,0.0,0.9886608123779297,1,0,1042631/5945,361,2146145/1042631,175.37947855340622,5.166952075108143,361.0,2.0583936215209406,734.3162320935595,-0.17224254901620029,-0.1722425490162003,,
source_00_020,p0_reversible,20,16385,intersection,DO_NOT_REJECT,AVAILABLE_NONREJECTION,6339/8192,220035/262144,0.7738037109375,0.8393669128417969,1,5,52557511/35993287,232496588041/143626598361,7006543049/6320266137,1.460203148437096,0.3785755688059227,1.618757184909641,1.1085835465032727,3.2927414866959137,0.9243029622362737,0.9243029622362736,0.024783567062275046,0.0032074976851754746
source_00_020,p0_reversible,20,16385,lag,DO_NOT_REJECT,AVAILABLE_NONREJECTION,812943/1048576,878047/1048576,0.7752828598022461,0.8373708724975586,1,5,453975957359/317442973551,3711876184129/2355491327121,3586445320337/3254763048417,1.4301023969146534,0.35774604794223525,1.5758394613432272,1.1019067339114959,3.2054418161714766,0.9253158181189631,0.9253158181189631,0.025451430530040044,0.003258678718273629
source_00_020,p0_reversible,20,65537,bridge,DO_NOT_REJECT,AVAILABLE_NONREJECTION,0,259351/262144,0.0,0.9893455505371094,1,2,521495/2793,361,1008273/521495,186.71500179018977,5.229583399704117,361.0,1.9334279331537214,734.3162320935595,0.42508350198258527,0.42508350198258527,0.0009703069651211479,0.0036015634202673213
source_00_020,p0_reversible,20,65537,intersection,DO_NOT_REJECT,AVAILABLE_NONREJECTION,205109/262144,852607/1048576,0.7824287414550781,0.8131093978881836,1,5,108433972405/91567103157,3252991225/2695374889,100593827235/98703717811,1.1842022808025305,0.16906936714182993,1.206878953378867,1.0191493235099738,2.45493297960717,0.9673687163044675,0.9673687163044675,0.067117275897029,0.0084212698608334
source_00_020,p0_reversible,20,65537,lag,DO_NOT_REJECT,AVAILABLE_NONREJECTION,821189/1048576,212937/262144,0.783146858215332,0.8122901916503906,1,5,108027243347/92005526355,465343629921/388446795025,302103866943/296096608655,1.1741386373920712,0.1605348042056378,1.1979597614933366,1.0202881698486437,2.436790299887773,0.9674896554797763,0.9674896554797763,0.06756157613302542,0.008465166162004423
source_00_021,p0_reversible,21,16385,bridge,ABSTAIN,SCALE_UNAVAILABLE,0,259101/262144,0.0,0.9883918762207031,1,0,521245/3043,361,1098523/521245,171.29313177785082,5.1433763098260314,361.0,2.1074983932699594,734.9514777659996,-0.17276887424991572,-0.17276887424991574,,
source_00_021,p0_reversible,21,16385,intersection,DO_NOT_REJECT,AVAILABLE_NONREJECTION,100913/131072,876301/1048576,0.7699050903320312,0.8357057571411133,1,5,19350788481/13321738625,3705151465129/2403972725625,89308518169/84169395945,1.4525722974841806,0.3733359830210061,1.5412618561076692,1.0610568980126474,3.137819054766479,0.9261098476131954,0.9261098476131954,0.01902681945543896,0.003845677311572541
source_00_021,p0_reversible,21,16385,lag,DO_NOT_REJECT,AVAILABLE_NONREJECTION,808865/1048576,437103/524288,0.7713937759399414,0.8337078094482422,1,5,230455998001/161940993585,924272654881/615699162225,595242353477/564278495445,1.423086229738597,0.35282791441766936,1.5011757552842593,1.0548733617920019,3.0562086973203795,0.9270795428234778,0.9270795428234778,0.019523488857375752,0.0039056293231995005
source_00_021,p0_reversible,21,65537,bridge,DO_NOT_REJECT,AVAILABLE_NONREJECTION,0,1036347/1048576,0.0,0.988337516784668,1,2,2084923/12229,4346903915929/12113423721,2084923/990549,170.4900646005397,5.138677022888087,358.85014972217533,2.104815612352342,730.5746477420026,0.4265785770577575,0.4265785770577575,0.0006115884563823596,0.004644494349781658
source_00_021,p0_reversible,21,65537,intersection,DO_NOT_REJECT,AVAILABLE_NONREJECTION,414193/524288,430953/524288,0.7900104522705078,0.8219776153564453,1,5,21033451579/17518624827,912485368081/705625200225,298825176307/277444354275,1.200633713359903,0.18284951186773052,1.2931587020843918,1.07706346048335,2.6327116318085477,0.9662064574484434,0.9662064574484434,0.03822212971630943,0.009251972270732527
source_00_021,p0_reversible,21,65537,lag,DO_NOT_REJECT,AVAILABLE_NONREJECTION,414583/524288,215251/262144,0.7907543182373047,0.8211174011230469,1,5,52372618475/44026477803,227905986025/178115229369,1106697089/1028879313,1.1895709375014163,0.1735926853857359,1.2795423885559436,1.0756335315685368,2.6049904967684974,0.9663850537437664,0.9663850537437664,0.038579959423686964,0.009305045743257257
source_00_022,p0_reversible,22,16385,bridge,ABSTAIN,SCALE_UNAVAILABLE,0,1043561/1048576,0.0,0.9952173233032227,1,0,2092137/5015,4377037226769/9079231225,2092137/1810415,417.1758723828514,6.033507889198399,482.0933753418093,1.1556118348555442,981.0539322793458,-0.36302136834761944,-0.3630213683476194,,
source_00_022,p0_reversible,22,16385,intersection,DO_NOT_REJECT,AVAILABLE_NONREJECTION,797793/1048576,863745/1048576,0.7608346939086914,0.8237314224243164,1,5,479577597343/341266228639,5094261160209/3409078484161,3754550286513/3530850212449,1.4052887660627833,0.3402428091146577,1.4943220532696935,1.0633558663223046,3.0409265122395883,0.9272625518583961,0.9272625518583961,0.04080712218879934,0.004036781547040111
source_00_022,p0_reversible,22,16385,lag,DO_NOT_REJECT,AVAILABLE_NONREJECTION,799307/1048576,430891/524288,0.7622785568237305,0.8218593597412109,1,5,4668559101/3384053501,559215309249/379407953521,23280976793/21790852297,1.3795760320043475,0.32177622878114703,1.473915620532841,1.0683830295249694,2.9993996792560633,0.927762172624832,0.927762172624832,0.04135973798281706,0.004091565252558647
source_00_022,p0_reversible,22,65537,bridge,DO_NOT_REJECT,AVAILABLE_NONREJECTION,0,1034471/1048576,0.0,0.9865484237670898,1,2,2083047/14105,482120533801/1790559225,694349/380835,147.68146047500886,4.995057660162636,269.2569600991556,1.8232279070988748,547.9345143698986,0.5046942734999039,0.5046942734999039,0.000490560489933929,0.0044561601957023595
source_00_022,p0_reversible,22,65537,intersection,DO_NOT_REJECT,AVAILABLE_NONREJECTION,823521/1048576,855585/1048576,0.7853708267211914,0.8159494400024414,1,5,428540953855/361297872127,3625829113921/3016887612561,1821550381/1797711165,1.1861153549898664,0.17068355974947286,1.2018442777996217,1.0132608710810338,2.4457379317580816,0.9674299545990653,0.9674299545990653,0.025047370856481198,0.009236369937360574
source_00_022,p0_reversible,22,65537,lag,DO_NOT_REJECT,AVAILABLE_NONREJECTION,824271/1048576,106841/131072,0.7860860824584961,0.8151321411132812,1,5,53365075465/45380955657,56602595569/47558450241,445574648311/440245890855,1.175935471001225,0.16206397637333628,1.1901690505508329,1.0121040481392138,2.421978991709262,0.9675887211525139,0.9675887211525139,0.025262453727056017,0.009285088556511367
source_00_023,p0_reversible,23,16385,bridge,ABSTAIN,SCALE_UNAVAILABLE,0,1041191/1048576,0.0,0.9929571151733398,1,0,2089767/7385,361,2665985/2089767,282.9745429925525,5.645356939507205,361.0,1.275733131971172,733.0101181031664,-0.17115972082559894,-0.171159720825599,,
source_00_023,p0_reversible,23,16385,intersection,DO_NOT_REJECT,AVAILABLE_NONREJECTION,400749/524288,216741/262144,0.7643680572509766,0.8268013000488281,1,5,59160974015/41999454911,1236212646201/855693451369,454332338577/442986343745,1.408612900818988,0.34260546189790186,1.4446910213268758,1.0256125160339733,2.933443590485865,0.9285628356158788,0.9285628356158788,0.04547165021786189,0.003225752590716266
source_00_023,p0_reversible,23,16385,lag,DO_NOT_REJECT,AVAILABLE_NONREJECTION,100375/131072,432507/524288,0.7658004760742188,0.8249416351318359,1,5,29370736115/21242437107,8480752281/5951968201,76069836639/73815777455,1.382644372067906,0.32399787722098494,1.424865186540334,1.0305362791223616,2.8931872539252637,0.9290559277390091,0.9290559277390091,0.046095709044919206,0.003270069540381589
source_00_023,p0_reversible,23,65537,bridge,DO_NOT_REJECT,AVAILABLE_NONREJECTION,0,1035503/1048576,0.0,0.9875326156616211,1,2,2084079/13073,482598364249/1538129961,694693/352971,159.41857263061272,5.071533275444531,313.756559254098,1.9681305263038607,637.0823616467853,0.4652136262479962,0.46521362624799617,0.0011380418324356335,0.00364193135084625
source_00_023,p0_reversible,23,65537,intersection,DO_NOT_REJECT,AVAILABLE_NONREJECTION,411827/524288,856169/1048576,0.7854976654052734,0.8165063858032227,1,5,42841905489/36023015761,403117057225/333184082841,594353455225/584233657929,1.1892925837537014,0.17335866292375085,1.2098929030093342,1.017321489713333,2.456686259631731,0.9673570525940112,0.9673570525940112,0.07015913778854206,0.007527583144782325
source_00_023,p0_reversible,23,65537,lag,DO_NOT_REJECT,AVAILABLE_NONREJECTION,412207/524288,855299/1048576,0.7862224578857422,0.8156766891479492,1,5,14225880925/12066862941,402748890625/336203988561,3144566875/3094668491,1.178921232018326,0.1645998101786419,1.1979301386304828,1.0161239836011888,2.4323958792157137,0.9675190162169028,0.9675190162169028,0.07078889779312117,0.007568077788173595
source_00_024,p0_reversible,24,16385,bridge,ABSTAIN,SCALE_UNAVAILABLE,0,518687/524288,0.0,0.9893169403076172,1,0,1042975/5601,361,2021961/1042975,186.21228352079984,5.2268873321665374,361.0,1.9386476185910497,734.1913844001846,-0.17213908315435933,-0.1721390831543593,,
source_00_024,p0_reversible,24,16385,intersection,DO_NOT_REJECT,AVAILABLE_NONREJECTION,803231/1048576,437219/524288,0.7660207748413086,0.8339290618896484,1,5,235900934915/161234983683,924495711049/614061871641,593508464383/576772482735,1.4630877835966345,0.38054912269630853,1.505541629833499,1.029016609059849,3.0619271287522625,0.927011179862302,0.927011179862302,0.0030453599861159737,0.0037501322572432143
source_00_024,p0_reversible,24,16385,lag,DO_NOT_REJECT,AVAILABLE_NONREJECTION,201209/262144,872265/1048576,0.7675514221191406,0.8318567276000977,1,5,117046446335/81694230783,3689630147281/2517931066401,296675813291/290074791195,1.4327382143532779,0.35958744852390545,1.4653420010241844,1.0227562762996614,2.9801702835226664,0.9279946921485135,0.9279946921485135,0.0031270564733507176,0.003810097773129177
source_00_024,p0_reversible,24,65537,bridge,DO_NOT_REJECT,AVAILABLE_NONREJECTION,0,520107/524288,0.0,0.9920253753662109,1,2,1044395/4181,361,1509341/1044395,249.79550346806985,5.520642597001323,361.0,1.445182138941684,734.1913844001846,0.42513332988888763,0.42513332988888763,0.0004491460861778659,0.0028566531836398453
source_00_024,p0_reversible,24,65537,intersection,DO_NOT_REJECT,AVAILABLE_NONREJECTION,412159/524288,857211/1048576,0.7861309051513672,0.817500114440918,1,5,213693990523/179203180155,3632024089369/2966265621225,594889506263/579354284295,1.1924676243924215,0.17602479405534882,1.2244433079020944,1.0268147183668528,2.4902374718786153,0.9671346476392184,0.9671346476392184,0.031866428854686,0.009166542531388851
source_00_024,p0_reversible,24,65537,lag,DO_NOT_REJECT,AVAILABLE_NONREJECTION,412543/524288,428165/524288,0.7868633270263672,0.8166599273681641,1,5,106431860485/90051006213,907166717209/748410121449,297429165481/290014145145,1.181906399060705,0.16712872723639813,1.212125131943206,1.0255677885376684,2.46518512101839,0.9673005726053692,0.9673005726053692,0.03215056593581093,0.009216664055910767
source_00_025,p0_reversible,25,16385,bridge,ABSTAIN,SCALE_UNAVAILABLE,0,258855/262144,0.0,0.9874534606933594,1,0,520999/3289,271439958001/876219201,520999/266409,158.40650653694132,5.065164555158808,309.78544831158064,1.955635883172115,630.8218923269932,-0.08346040924939291,-0.08346040924939295,,
source_00_025,p0_reversible,25,16385,intersection,DO_NOT_REJECT,AVAILABLE_NONREJECTION,50557/65536,878487/1048576,0.7714385986328125,0.8377904891967773,1,5,28865476677/19746142277,3713571805969/2343351701601,223718524859/206368813611,1.4618286585842166,0.3796881578687066,1.584726613351232,1.0840713814477014,3.227008390819243,0.9250643382298644,0.9250643382298643,0.021745080546183303,0.003917982108471421
source_00_025,p0_reversible,25,16385,lag,DO_NOT_REJECT,AVAILABLE_NONREJECTION,810481/1048576,876367/1048576,0.7729349136352539,0.8357686996459961,1,5,152773101195/106715448971,3705405553249/2402131114161,3578578758751/3321170250255,1.4315931073533337,0.35878788525252553,1.542549251955882,1.0775053638024839,3.1411218423264495,0.9260708695850837,0.9260708695850838,0.022326394531481403,0.0039806204997920305
source_00_025,p0_reversible,25,65537,bridge,DO_NOT_REJECT,AVAILABLE_NONREJECTION,0,1034511/1048576,0.0,0.9865865707397461,1,2,2083087/14065,4339251449569/16023762225,2083087/1139265,148.10430145751866,4.9979167651296175,270.8010383977724,1.8284481661422056,551.4372105508984,0.5030868973470595,0.5030868973470595,0.0009917080852541015,0.0048097007215560155
source_00_025,p0_reversible,25,65537,intersection,DO_NOT_REJECT,AVAILABLE_NONREJECTION,825367/1048576,429277/524288,0.7871313095092773,0.8187808990478516,1,5,30406327155/25435028339,101031801025/81243811089,595642152265/572597378073,1.195450885673967,0.1785234244073052,1.2435630440123357,1.040246035127779,2.5322906447909226,0.9668579851081507,0.9668579851081508,0.048933095166109754,0.009783960195746072
source_00_025,p0_reversible,25,65537,lag,DO_NOT_REJECT,AVAILABLE_NONREJECTION,826141/1048576,857663/1048576,0.7878694534301758,0.8179311752319336,1,5,424014271965/357907846621,403749680569/328029962121,1191219553121/1146574795185,1.1847023639411913,0.16949157336882947,1.230831714147104,1.0389375016121791,2.5063656000827317,0.9670282692350256,0.9670282692350257,0.049373638357362214,0.009838409086836662
source_00_026,p0_reversible,26,16385,bridge,ABSTAIN,SCALE_UNAVAILABLE,0,1038947/1048576,0.0,0.9908170700073242,1,0,2087523/9629,361,3476069/2087523,216.795409699865,5.378954096370238,361.0,1.6651644077693994,734.7578855495412,-0.17260849805504064,-0.17260849805504055,,
source_00_026,p0_reversible,26,16385,intersection,DO_NOT_REJECT,AVAILABLE_NONREJECTION,403151/524288,873241/1048576,0.7689495086669922,0.8327875137329102,1,5,77601048643/54204172355,3693380581489/2490131340225,1782368036663/1720404027495,1.4316434560566034,0.3588230543362948,1.483207139248839,1.0360171263131852,3.018831416804601,0.927527958518158,0.927527958518158,0.010170218737168212,0.004109060240977439
source_00_026,p0_reversible,26,16385,lag,DO_NOT_REJECT,AVAILABLE_NONREJECTION,403913/524288,871227/1048576,0.7704029083251953,0.830866813659668,1,5,231096286125/164615519149,3685643558809/2547666091881,1781963064403/1729219255875,1.4038547964352355,0.3392218789128387,1.4466744957490898,1.0305015158423685,2.944475051454432,0.9284283019646491,0.9284283019646491,0.010419796539583187,0.004169497551932676
source_00_026,p0_reversible,26,65537,bridge,DO_NOT_REJECT,AVAILABLE_NONREJECTION,0,1028993/1048576,0.0,0.9813241958618164,1,2,2077569/19583,53287567281/383493889,25649/19583,106.09043558188225,4.664291896239755,138.9528459500433,1.3097584639738549,282.81634149957046,0.6458459451110278,0.6458459451110278,0.0006150059720371142,0.0048518667066866335
source_00_026,p0_reversible,26,65537,intersection,DO_NOT_REJECT,AVAILABLE_NONREJECTION,207687/262144,864467/1048576,0.7922630310058594,0.8244199752807617,1,5,104178582651/86500115579,406637057761/305065114929,299602301911/270702642951,1.2043750687922996,0.18596081730516334,1.3329516810063307,1.1067579490357289,2.7130104118446483,0.9656943526419605,0.9656943526419605,0.015330887961596757,0.009505944124377943
source_00_026,p0_reversible,26,65537,lag,DO_NOT_REJECT,AVAILABLE_NONREJECTION,831531/1048576,431779/524288,0.7930097579956055,0.8235530853271484,1,5,207509562015/173926818463,101562678721/77021235729,599169419723/542122629435,1.1930854818639953,0.17654279341052467,1.3186321637106593,1.1052285722650135,2.6838653197386715,0.9658793398225185,0.9658793398225185,0.015477120615372934,0.009561637172025307
source_00_027,p0_reversible,27,16385,bridge,DO_NOT_REJECT,AVAILABLE_NONREJECTION,0,1017219/1048576,0.0,0.9700956344604492,1,1,2065795/31357,81,2539917/2065795,65.87986733424754,4.187832891558893,81.0,1.2295106726466083,164.46893054079317,0.45639649341655475,0.4563964934165548,0.002527679195715568,0.003910982821314184
source_00_027,p0_reversible,27,16385,intersection,DO_NOT_REJECT,AVAILABLE_NONREJECTION,50387/65536,437405/524288,0.7688446044921875,0.8342838287353516,1,5,14568687257/10071738009,924853426249/611441110809,37160779213/35537145309,1.446491880942651,0.3691412325200294,1.5125797233773224,1.045688360443201,3.071263820513049,0.9268996975192015,0.9268996975192015,0.06546974580809498,0.003076795198124132
source_00_027,p0_reversible,27,16385,lag,DO_NOT_REJECT,AVAILABLE_NONREJECTION,807747/1048576,872731/1048576,0.7703275680541992,0.832301139831543,1,5,462706443503/326425117935,3691420588249/2504638586025,3566566374161/3430234615905,1.4174964427680388,0.3488922471055375,1.4738336336610898,1.0397441497511188,2.992590636090007,0.9278444217118719,0.9278444217118718,0.06717130414471227,0.0031239957135067078
source_00_027,p0_reversible,27,65537,bridge,DO_NOT_REJECT,AVAILABLE_NONREJECTION,0,509873/524288,0.0,0.9725055694580078,1,3,1034161/14415,81,1167615/1034161,71.74200485605272,4.27307641785322,81.0,1.1290456708384864,164.46893054079317,0.7307078434267342,0.7307078434267343,0.0022128531021652093,0.0028090308585084034
source_00_027,p0_reversible,27,65537,intersection,DO_NOT_REJECT,AVAILABLE_NONREJECTION,206943/262144,860929/1048576,0.7894248962402344,0.8210458755493164,1,5,105406585505/88022768289,3646209345025/2852123125329,895723971935/839022465807,1.1974922801669305,0.18022960365746102,1.2784193335287375,1.0675804384730778,2.5958056860264818,0.9664444367461873,0.9664444367461872,0.03907406615168853,0.007374010913228122
source_00_027,p0_reversible,27,65537,lag,DO_NOT_REJECT,AVAILABLE_NONREJECTION,6473/8192,430019/524288,0.7901611328125,0.8201961517333984,1,5,546817911/460818295,910701850249/719818193241,1999273165/1875131613,1.1866237016479564,0.17111204906391786,1.2651831515240555,1.0662041806235603,2.5689298749307614,0.9666188028767239,0.9666188028767239,0.03944360720606162,0.007415656187990542
source_00_028,p0_reversible,28,16385,bridge,DO_NOT_REJECT,AVAILABLE_NONREJECTION,0,255851/262144,0.0,0.9759941101074219,1,1,517995/6293,3312578025/39601849,6395/6293,82.31288733513428,4.410527685158448,83.64705458575936,1.0162084856189417,170.04708142699332,0.44708324228469387,0.447083242284694,0.0001334325357273993,0.004285443182924494
source_00_028,p0_reversible,28,16385,intersection,DO_NOT_REJECT,AVAILABLE_NONREJECTION,408343/524288,887749/1048576,0.7788524627685547,0.846623420715332,1,5,224507202125/149992245837,3749354505625/2095091238249,120391781405/100694267181,1.4967920566305615,0.40332418906264667,1.7895900842765073,1.1956170373492396,3.6380787379656954,0.9204216249260371,0.9204216249260371,0.0030245520808655354,0.0031098335742656994
source_00_028,p0_reversible,28,16385,lag,DO_NOT_REJECT,AVAILABLE_NONREJECTION,818273/1048576,55347/65536,0.7803659439086914,0.8445281982421875,1,5,27839717549/19021324461,14612699689/8409073401,75223435889/63357046209,1.463605628834134,0.38090300003836564,1.7377300675318483,1.1872939221449115,3.5326518997601384,0.9215863347482603,0.9215863347482603,0.0031143714547045113,0.003164531561221498
source_00_028,p0_reversible,28,65537,bridge,DO_NOT_REJECT,AVAILABLE_NONREJECTION,0,1038219/1048576,0.0,0.9901227951049805,1,2,2086795/10357,361,3738877/2086795,201.48643429564547,5.3057220555255915,361.0,1.791683898035025,733.8811473894445,0.4252571660870915,0.4252571660870915,0.00011959889329647694,0.0033895389405783696
source_00_028,p0_reversible,28,65537,intersection,DO_NOT_REJECT,AVAILABLE_NONREJECTION,51695/65536,429839/524288,0.7888031005859375,0.8198528289794922,1,5,13206071807/11072350719,910358332129/722569701681,37284420779/35296252443,1.1927071443228912,0.1762256346263765,1.2598899870989952,1.056328029135974,2.5612451781625576,0.9666688271133436,0.9666688271133436,0.010236108739093917,0.008292443215886567
source_00_028,p0_reversible,28,65537,lag,DO_NOT_REJECT,AVAILABLE_NONREJECTION,103485/131072,429403/524288,0.7895278930664062,0.8190212249755859,1,5,3758496231/3179420135,101058502609/81028469025,74564966629/70674997365,1.182132612681589,0.16732010616073123,1.2471974828725947,1.0550402463251651,2.535442436985504,0.9668373425165044,0.9668373425165045,0.01032890187788896,0.008337937245586206
source_00_029,p0_reversible,29,16385,bridge,DO_NOT_REJECT,AVAILABLE_NONREJECTION,0,257555/262144,0.0,0.9824943542480469,1,1,519699/4589,30009672289/189530289,173233/123903,113.24885595990412,4.7295876624128175,158.3370787188532,1.3981340241963471,322.02024101765795,0.23374699725795622,0.23374699725795617,0.0007907127436270265,0.0033878339883347706
source_00_029,p0_reversible,29,16385,intersection,DO_NOT_REJECT,AVAILABLE_NONREJECTION,812193/1048576,220943/262144,0.7745676040649414,0.8428306579589844,1,5,114193554321/76665543569,25930338841/15277701609,299637771301/262958831541,1.4895029631952494,0.3984424825584453,1.6972670042020324,1.139485483507258,3.4518404292081866,0.9224908544687789,0.9224908544687789,0.052112042920481313,0.0036843382024686366
source_00_029,p0_reversible,29,16385,lag,DO_NOT_REJECT,AVAILABLE_NONREJECTION,406897/524288,881565/1048576,0.7760944366455078,0.8407258987426758,1,5,226581182131/155518138035,3725444279881/2259306603801,199702038565/176450294709,1.4569437687069464,0.3763409325815142,1.6489325856054275,1.1317750355381755,3.3535396316194928,0.9236054486621562,0.9236054486621563,0.053615475676320815,0.00374774254234358
source_00_029,p0_reversible,29,65537,bridge,DO_NOT_REJECT,AVAILABLE_NONREJECTION,0,1033457/1048576,0.0,0.9855813980102539,1,2,2082033/15119,53516807569/228584161,231337/136071,137.70970302268668,4.92514786819533,234.12299143946373,1.7001197904035392,476.15089744695536,0.5388056439539364,0.5388056439539364,0.0003742437369644075,0.00470967118837621
source_00_029,p0_reversible,29,65537,intersection,DO_NOT_REJECT,AVAILABLE_NONREJECTION,410589/524288,854185/1048576,0.7831363677978516,0.8146142959594727,1,5,216342022939/181731674907,1047124470681/873995005129,1790267047029/1778847495397,1.1904475268260837,0.1743293093888212,1.1980897654288614,1.006419634994877,2.436631761466576,0.96749071427365,0.96749071427365,0.01646359754845949,0.009843028114104202
source_00_029,p0_reversible,29,65537,lag,DO_NOT_REJECT,AVAILABLE_NONREJECTION,821949/1048576,853301/1048576,0.7838716506958008,0.8137712478637695,1,5,431016678879/365266769375,4160143567449/3498863775625,47794954419/47433446339,1.1800051770833224,0.16551882582669677,1.1889984389877757,1.0076213749558982,2.4181421495865503,0.9676144331818455,0.9676144331818455,0.01657289996032374,0.009896171411574856
source_00_030,p0_reversible,30,16385,bridge,ABSTAIN,SCALE_UNAVAILABLE,0,520833/524288,0.0,0.9934101104736328,1,0,1045121/3455,361,1247255/1045121,302.49522431259044,5.712065489949879,361.0,1.193407270545707,734.748478186703,-0.1726007042831239,-0.17260070428312405,,
source_00_030,p0_reversible,30,16385,intersection,DO_NOT_REJECT,AVAILABLE_NONREJECTION,407179/524288,442287/524288,0.7766323089599609,0.8435955047607422,1,5,113194631675/76381225467,934267230625/544657284081,300110905175/259282487943,1.4819693057151195,0.3933718152661046,1.7153304617992737,1.1574669294324869,3.4912366936130494,0.922048593126459,0.922048593126459,0.018971973092395605,0.003614657842443343
source_00_030,p0_reversible,30,16385,lag,DO_NOT_REJECT,AVAILABLE_NONREJECTION,815933/1048576,882417/1048576,0.7781343460083008,0.8415384292602539,1,5,449232004499/309804950931,3728733966049/2236313875761,1200117942479/1043704662399,1.4500478547841325,0.37159655918728784,1.6673571659435065,1.1498635444633134,3.3935959564284914,0.923149329919458,0.9231493299194579,0.01951008281284246,0.0036757726953379685
source_00_030,p0_reversible,30,65537,bridge,DO_NOT_REJECT,AVAILABLE_NONREJECTION,0,259749/262144,0.0,0.9908638000488281,1,2,521893/2395,361,864595/521893,217.90939457202506,5.384079355165404,361.0,1.6566518424274708,734.748478186703,0.4249110199010818,0.42491101990108177,0.00022755187010143645,0.003502291823640262
source_00_030,p0_reversible,30,65537,intersection,DO_NOT_REJECT,AVAILABLE_NONREJECTION,827225/1048576,1681/2048,0.7889032363891602,0.82080078125,1,5,275139293/229472989,1545049/1212201,777206881/731122353,1.1990051386832286,0.18149216184372322,1.2745815256710726,1.0630325797192526,2.594174061805282,0.9664549967223853,0.9664549967223853,0.014895034040252756,0.009334976053177492
source_00_030,p0_reversible,30,65537,lag,DO_NOT_REJECT,AVAILABLE_NONREJECTION,207001/262144,859773/1048576,0.7896461486816406,0.8199434280395508,1,5,105232088907/88575983435,3641795905801/2887372397529,895292391605/843304270149,1.1880431334326962,0.17230752788462772,1.261283757134214,1.061648118355685,2.5671089227589214,0.9666306497756967,0.9666306497756967,0.015032874101237156,0.009387997190164518
source_00_031,p0_reversible,31,16385,bridge,ABSTAIN,SCALE_UNAVAILABLE,0,519647/524288,0.0,0.9911479949951172,1,0,1043935/4641,361,1675401/1043935,224.93751346692522,5.415822645708879,361.0,1.6048901512067322,735.120644758204,-0.17290900001551046,-0.1729090000155104,,
source_00_031,p0_reversible,31,16385,intersection,DO_NOT_REJECT,AVAILABLE_NONREJECTION,405345/524288,219441/262144,0.7731342315673828,0.8371009826660156,1,5,57281164655/39698117999,231924112225/147707242929,447697308305/411417057249,1.4429188974762712,0.36666807410707575,1.5701607289256723,1.0881836336553306,3.1973893834400324,0.9254099302530541,0.9254099302530541,0.002885677435533612,0.0039987280069888565
source_00_031,p0_reversible,31,16385,lag,DO_NOT_REJECT,AVAILABLE_NONREJECTION,203053/262144,109467/131072,0.7745857238769531,0.8351669311523438,1,5,14213690049/10050581185,57859010521/37808858025,111898021183/103409545455,1.4142157341321948,0.34657512594438006,1.5303030438724816,1.0820859978704178,3.1162253747561794,0.9263651910936544,0.9263651910936544,0.002959041923169824,0.004059602823451921
source_00_031,p0_reversible,31,65537,bridge,DO_NOT_REJECT,AVAILABLE_NONREJECTION,0,517463/524288,0.0,0.9869823455810547,1,2,1041751/6825,1085245146001/3773030625,1041751/552825,152.63750915750916,5.028065889154285,287.63221236800854,1.8844136933025821,585.7184969783908,0.48760844201895726,0.48760844201895726,0.00010716923549287259,0.004882165844549487
source_00_031,p0_reversible,31,65537,intersection,DO_NOT_REJECT,AVAILABLE_NONREJECTION,822897/1048576,855399/1048576,0.7847757339477539,0.8157720565795898,1,5,429687174025/361525539721,3625120800625/3022705619649,3563237805175/3531275366823,1.188538918596463,0.17272475326132833,1.1992966754883505,1.0090512449559423,2.4421821200591873,0.9674536668135298,0.9674536668135298,0.005813570009021088,0.01012651235081999
source_00_031,p0_reversible,31,65537,lag,DO_NOT_REJECT,AVAILABLE_NONREJECTION,823657/1048576,427265/524288,0.7855005264282227,0.8149433135986328,1,5,71340783069/60549887453,905453111809/762490464849,1781528927849/1767607607097,1.1782149574493612,0.164000545194924,1.1874943406516063,1.0078757981670283,2.418148491264618,0.9676143906672442,0.9676143906672441,0.005863467662002997,0.010180575763437524
source_01_000,p0_weak_delay,0,16385,bridge,DO_NOT_REJECT,AVAILABLE_NONREJECTION,0,1028891/1048576,0.0,0.981226921081543,1,1,2077467/19685,479541015121/3487493025,692489/531495,105.53553467106934,4.659047717731209,137.50307504084543,1.3029078354453005,279.70879951751556,0.2871052797475623,0.28710527974756234,0.04827072030301099,0.0034487495846041013
source_01_000,p0_weak_delay,0,16385,intersection,REJECT,REJECT,99659/131072,864619/1048576,0.7603378295898438,0.8245649337768555,1,5,20033064845/14148194189,79928902089/53236794361,468069940521/441433395545,1.4159450017003157,0.3477971539100904,1.5013845790000082,1.0603410282158516,3.054116993975997,0.927104564704794,0.927104564704794,2.6963682341119912,0.0039702188118608955
source_01_000,p0_weak_delay,0,16385,lag,REJECT,REJECT,199703/262144,862605/1048576,0.7618064880371094,0.8226442337036133,1,5,119336052821/85890148437,35089906329/23700294601,313529810697/294224403769,1.389403266761524,0.3288743504769339,1.480568360847271,1.0656145672510462,3.0117726363078705,0.9276129522469835,0.9276129522469835,2.7334847330306737,0.004025775377247178
source_01_000,p0_weak_delay,0,65537,bridge,DO_NOT_REJECT,AVAILABLE_NONREJECTION,0,129361/131072,0.0,0.9869461059570312,1,2,260433/1711,837349969/2927521,28937/15399,152.21098772647574,5.025267635505628,286.02697265023886,1.8791479966231575,581.8361598521504,0.4893389868823601,0.48933898688236016,0.1257495971699799,0.004409286747941766
source_01_000,p0_weak_delay,0,65537,intersection,REJECT,REJECT,101803/131072,846467/1048576,0.7766952514648438,0.8072538375854492,1,5,18488671189/15688711125,856674361/669515625,5915528321/5448248625,1.1784697316236676,0.1642167592489128,1.2795434923568811,1.0857669552479352,2.6028477841043056,0.9663988977753919,0.9663988977753919,6.494916207071379,0.009654662978303382
source_01_000,p0_weak_delay,0,65537,lag,REJECT,REJECT,101897/131072,422807/524288,0.7774124145507812,0.8064403533935547,1,5,9210498875/7880642363,68945630625/54274554961,47963472435/44128755011,1.1687497605834445,0.15593459677234897,1.2703122241083722,1.0868983823143008,2.584069535261161,0.9665204677866087,0.9665204677866087,6.5366794835639235,0.009703095916975497
source_01_001,p0_weak_delay,1,16385,bridge,ABSTAIN,SCALE_UNAVAILABLE,0,1042549/1048576,0.0,0.9942522048950195,1,0,2091125/6027,361,2175747/2091125,346.9595155135225,5.849208103150538,361.0,1.0404672126247834,734.270349775833,-0.17220452560396016,-0.17220452560396013,,
source_01_001,p0_weak_delay,1,16385,intersection,REJECT,REJECT,201041/262144,872957/1048576,0.7669105529785156,0.8325166702270508,1,5,39137143633/27114695505,410254341121/277578298449,10987966205/10730847757,1.4433923340862536,0.3669961306306074,1.4779770011320854,1.0239606836125577,3.0061902758501193,0.9276802388184614,0.9276802388184614,2.9032672095777388,0.0036453173706272627
source_01_001,p0_weak_delay,1,16385,lag,REJECT,REJECT,201431/262144,217719/262144,0.7683982849121094,0.8305320739746094,1,5,29133922319/20594319375,230268498769/159860030625,2966033203/2912949027,1.4146581777481053,0.34688793141631014,1.4404382250442846,1.0182235169609783,2.9298367848580247,0.9286068768227205,0.9286068768227205,2.9773202043996587,0.003700650211310729
source_01_001,p0_weak_delay,1,65537,bridge,DO_NOT_REJECT,AVAILABLE_NONREJECTION,0,519307/524288,0.0,0.9904994964599609,1,2,1043595/4981,361,1798141/1043595,209.51515759887573,5.344796088052245,361.0,1.723025694833724,734.270349775833,0.42510181358009747,0.42510181358009747,0.1016591942723751,0.003389520933828987
source_01_001,p0_weak_delay,1,65537,intersection,REJECT,REJECT,206103/262144,858121/1048576,0.7862205505371094,0.8183679580688477,1,5,8219477429/6859998645,3635493449809/2938121669025,892805150159/864536381055,1.1981747889980816,0.18079938971696885,1.2373529279389641,1.0326981833540694,2.516763344027408,0.9669598684296326,0.9669598684296327,6.737367309127085,0.008766429393168
source_01_001,p0_weak_delay,1,65537,lag,REJECT,REJECT,825197/1048576,857215/1048576,0.7869691848754883,0.8175039291381836,1,5,425713687789/358567075053,3632039335681/2966141618001,14695554401/14248676273,1.1872637434044244,0.17165128421031117,1.2244996373870964,1.0313627820183406,2.4906198810099833,0.9671321213621316,0.9671321213621316,6.799837357658904,0.008815975527105564
source_01_002,p0_weak_delay,2,16385,bridge,ABSTAIN,SCALE_UNAVAILABLE,0,1037721/1048576,0.0,0.9896478652954102,1,0,2086297/10855,361,3918655/2086297,192.19686780285582,5.2585201998521836,361.0,1.878282430545603,735.3297601776409,-0.1730821955442089,-0.17308219554420895,,
source_01_002,p0_weak_delay,2,16385,intersection,REJECT,REJECT,800203/1048576,433581/524288,0.7631330490112305,0.8269901275634766,1,5,237908797137/167697196753,4996820917449/3417983790841,1824862746591/1770888091951,1.4186808231947619,0.3497274420771523,1.461920600922313,1.0304788624901395,2.977821952562208,0.9280231389597973,0.9280231389597973,2.8201892647201623,0.004556265223924684
source_01_002,p0_weak_delay,2,16385,lag,REJECT,REJECT,801733/1048576,432579/524288,0.764592170715332,0.8250789642333984,1,5,236195920881/169689988081,4935448798569/3423643395481,1833655699647/1770499621903,1.391926085634787,0.33068846110210814,1.4415779415237846,1.0356713308281407,2.9363854903547417,0.9285269332417809,0.9285269332417809,2.8586850835195725,0.004620595176556024
source_01_002,p0_weak_delay,2,65537,bridge,DO_NOT_REJECT,AVAILABLE_NONREJECTION,0,511155/524288,0.0,0.9749507904052734,1,3,1035443/13133,81,1063773/1035443,78.84283865072717,4.367456486845977,81.0,1.027360269952088,164.9908880176978,0.7302768846680712,0.7302768846680712,0.3751259831201867,0.003518160104074947
source_01_002,p0_weak_delay,2,65537,intersection,REJECT,REJECT,815443/1048576,847115/1048576,0.7776670455932617,0.8078718185424805,1,5,441948129903/375527131759,4402430650809/3474566832361,1268114597451/1177868014043,1.1768740325975344,0.16286179841941198,1.2670444585512572,1.076618587424096,2.5808739552379634,0.9665411997331503,0.9665411997331503,6.403010903438283,0.011225350833757591
source_01_002,p0_weak_delay,2,65537,lag,REJECT,REJECT,816187/1048576,13223/16384,0.778376579284668,0.80706787109375,1,5,6880341123/5894515843,4374376433001/3477341046169,19833703983/18403346047,1.167244487292491,0.15464583204130017,1.2579658925949375,1.0777227104433635,2.562381601422403,0.9666614247494847,0.9666614247494847,6.4429628166796755,0.011281090434662697
source_01_003,p0_weak_delay,3,16385,bridge,ABSTAIN,SCALE_UNAVAILABLE,0,260299/262144,0.0,0.9929618835449219,1,0,522443/1845,361,35055/27497,283.1669376693767,5.646036609486539,361.0,1.2748663490562606,735.3585730015086,-0.1731060573824953,-0.17310605738249524,,
source_01_003,p0_weak_delay,3,16385,intersection,REJECT,REJECT,806221/1048576,436245/524288,0.7688722610473633,0.8320713043212891,1,5,33255710745/23328841753,922623644089/627877157769,1781593726801/1728350562465,1.4255191533768898,0.35453606553208816,1.4694333639518051,1.030805766776888,2.9932421651978003,0.9278365476126103,0.9278365476126103,2.8546075516556235,0.004459867775510292
source_01_003,p0_weak_delay,3,16385,lag,REJECT,REJECT,201933/262144,870501/1048576,0.7703132629394531,0.830174446105957,1,5,115549545247/82640511775,3682856531929/2568567155625,890599496929/868487979825,1.3982191393199417,0.33519938354443046,1.4338174977686593,1.0254597848417608,2.920692490592119,0.9287186550372708,0.9287186550372708,2.9231050302301504,0.004524341342594221
source_01_003,p0_weak_delay,3,65537,bridge,DO_NOT_REJECT,AVAILABLE_NONREJECTION,0,1035017/1048576,0.0,0.9870691299438477,1,2,2083593/13559,482373309961/1654618329,694531/366093,153.66863338004276,5.0347985528152455,291.5314677146913,1.8971436219758366,593.85087003798,0.48400131047465744,0.48400131047465744,0.12520907460530342,0.005237129407227582
source_01_003,p0_weak_delay,3,65537,intersection,REJECT,REJECT,103343/131072,429747/524288,0.7884445190429688,0.8196773529052734,1,5,5290887303/4432365703,910182781225/723978055161,223640114525/212343718509,1.193693764803504,0.17705250368517828,1.257196643926716,1.053198635190714,2.560915041718104,0.9666709778428841,0.9666709778428841,6.550776894572105,0.010586421244845191
source_01_003,p0_weak_delay,3,65537,lag,REJECT,REJECT,206877/262144,107327/131072,0.7891731262207031,0.8188400268554688,1,5,1882228219/1590986235,56834083201/45669827025,111814137379/106297508115,1.183057513379429,0.16810220036516202,1.2444558454291628,1.0518980111747467,2.534961979662535,0.9668404884336128,0.9668404884336127,6.6085159957049875,0.010644712863007963
source_01_004,p0_weak_delay,4,16385,bridge,ABSTAIN,SCALE_UNAVAILABLE,0,1039547/1048576,0.0,0.991389274597168,1,0,2088123/9029,361,3259469/2088123,231.26846826891128,5.443579235988153,361.0,1.5609564187550256,734.2913092127543,-0.17222189516186848,-0.1722218951618684,,
source_01_004,p0_weak_delay,4,16385,intersection,REJECT,REJECT,814941/1048576,884439/1048576,0.7771883010864258,0.8434667587280273,1,5,451619959525/305872089829,3736546990225/2182217336289,720441262751/621239997519,1.4764994078978615,0.38967402118439554,1.7122707844394807,1.1596826759837948,3.4828408754371636,0.9221426354117587,0.9221426354117586,2.475829965435755,0.003275206339386853
source_01_004,p0_weak_delay,4,16385,lag,REJECT,REJECT,408251/524288,882309/1048576,0.7786769866943359,0.841435432434082,1,5,224054102745/155050461913,3728316883225/2239221938409,1800625567015/1562743034199,1.4450398920495862,0.3681369281380614,1.6650055178871745,1.1522211442381691,3.3867010569967686,0.9232276501541573,0.9232276501541573,2.5454652207245165,0.0033298570275257637
source_01_004,p0_weak_delay,4,65537,bridge,DO_NOT_REJECT,AVAILABLE_NONREJECTION,0,518433/524288,0.0,0.9888324737548828,1,2,1042721/5855,361,2113655/1042721,178.09069171648164,5.182292924564158,361.0,2.0270570938918464,734.2913092127543,0.4250934486167701,0.4250934486167702,0.10205770615953952,0.004016091029051927
source_01_004,p0_weak_delay,4,65537,intersection,REJECT,REJECT,51927/65536,108123/131072,0.7923431396484375,0.8249130249023438,1,5,3255204755/2695658387,57214248025/42659184681,28096562285/25297348221,1.2075731742191262,0.18861270447589132,1.341194128599525,1.1106524699563687,2.728053165090871,0.9655992624023948,0.9655992624023948,6.312423473191027,0.008223861419323774
source_01_004,p0_weak_delay,4,65537,lag,REJECT,REJECT,831625/1048576,432031/524288,0.7930994033813477,0.8240337371826172,1,5,207474363369/173461703657,101616225529/76602186441,85622473339/77201672427,1.1960816652605697,0.17905093518777387,1.32654471432439,1.109075369059686,2.698255554045749,0.9657878788254705,0.9657878788254705,6.374834692599779,0.008272931039055386
source_01_005,p0_weak_delay,5,16385,bridge,ABSTAIN,SCALE_UNAVAILABLE,0,1044663/1048576,0.0,0.9962682723999023,1,0,2093239/3913,4381649511121/5527476409,2093239/1412593,534.9447993866598,6.282163562856193,792.7034304455228,1.481841549547534,1609.4390557015856,-0.7673339312135187,-0.7673339312135186,,
source_01_005,p0_weak_delay,5,16385,intersection,REJECT,REJECT,407995/524288,887069/1048576,0.7781887054443359,0.8459749221801758,1,5,1744976465/1167211089,416302396225/234760599441,22278628735/18782133551,1.4949964761686736,0.40212384976206156,1.773306071019916,1.1861607029098054,3.60037302577098,0.9208362290942541,0.9208362290942541,2.4175431696945955,0.0027823452247131212
source_01_005,p0_weak_delay,5,16385,lag,REJECT,REJECT,408789/524288,884873/1048576,0.7797031402587891,0.8438806533813477,1,5,223311426051/152747504131,415358337289/241188049881,601352264191/510503385519,1.461964483946544,0.37978106824629065,1.722134813453378,1.1779594048717994,3.4964791642158906,0.9219899287867855,0.9219899287867855,2.4893466947444662,0.002831055174094875
source_01_005,p0_weak_delay,5,65537,bridge,DO_NOT_REJECT,AVAILABLE_NONREJECTION,0,1038625/1048576,0.0,0.9905099868774414,1,2,2087201/9951,361,3592311/2087201,209.74786453622752,5.345906164300149,361.0,1.721114066158458,732.9443481551845,0.425631257749016,0.425631257749016,0.1023493993216903,0.002876678627920839
source_01_005,p0_weak_delay,5,65537,intersection,REJECT,REJECT,822423/1048576,854949/1048576,0.7843236923217773,0.815342903137207,1,5,238233475/200484739,3623407425625/3036804625449,3561493371475/3546935481411,1.1882873289422793,0.17251305107621162,1.1931644845572735,1.0041043571669956,2.422501843146115,0.967585218914659,0.967585218914659,7.125266879133319,0.007603096039382129
source_01_005,p0_weak_delay,5,65537,lag,REJECT,REJECT,823183/1048576,854079/1048576,0.7850484848022461,0.8145132064819336,1,5,428845118415/364051510223,3620096049025/3064155723729,3561311620145/3550899248001,1.177979231983712,0.16380045517900513,1.1814334438001195,1.0029323197919124,2.3986841145562696,0.9677451427856825,0.9677451427856826,7.188731139442146,0.007643741122959857
source_01_006,p0_weak_delay,6,16385,bridge,DO_NOT_REJECT,AVAILABLE_NONREJECTION,0,1028265/1048576,0.0,0.9806299209594727,1,1,2076841/20311,4313268539281/33415474401,2076841/1645191,102.25203091920635,4.6274406570161855,129.07997317410283,1.262370752088967,262.3544593472971,0.31009605245483696,0.31009605245483707,0.05858346033391105,0.0032292077421240462
source_01_006,p0_weak_delay,6,16385,intersection,REJECT,REJECT,401025/524288,868215/1048576,0.7648944854736328,0.8279943466186523,1,5,236269409033/166890377993,1230695140689/856204147969,1800778873383/1773631630583,1.4157161837269612,0.34763553996063196,1.4373851652182827,1.0153060208962763,2.92147882139726,0.9287090362345212,0.9287090362345212,3.0646529404736516,0.003492295058474266
source_01_006,p0_weak_delay,6,16385,lag,REJECT,REJECT,803563/1048576,433119/524288,0.7663373947143555,0.8261089324951172,1,5,234577161291/168857660491,4862540983689/3430418875321,1809344805957/1773250843573,1.3892005882878071,0.32872846536005557,1.4174773286932751,1.0203546850209149,2.881016234058106,0.929205679313996,0.929205679313996,3.1068952796407445,0.0035412793078734026
source_01_006,p0_weak_delay,6,65537,bridge,DO_NOT_REJECT,AVAILABLE_NONREJECTION,0,517417/524288,0.0,0.9868946075439453,1,2,1041705/6871,13396905025/47210641,115745/61839,151.60893610828117,5.02130441677635,283.76875935660354,1.871715260596064,576.7587148491242,0.4916106866027918,0.4916106866027918,0.12675576397836694,0.003977715861457813
source_01_006,p0_weak_delay,6,65537,intersection,REJECT,REJECT,205811/262144,855487/1048576,0.7851066589355469,0.8158559799194336,1,5,107261580979/90356962995,3625455907969/3019952315601,99001755685/97895543733,1.1870870536555709,0.17150245215954724,1.200501044086022,1.0112999214245857,2.4400129208443575,0.9674681407506839,0.9674681407506839,6.9565276453491,0.00825357527427394
source_01_006,p0_weak_delay,6,65537,lag,REJECT,REJECT,823999/1048576,854625/1048576,0.7858266830444336,0.8150339126586914,1,5,427415170977/363187793825,3622174046401/3046976222481,3563886612575/3528111631887,1.1768434353907489,0.16283579937135,1.1887766040562158,1.010139979802415,2.4161830497223615,0.9676275696484966,0.9676275696484966,7.017483914419007,0.008297383987151378
source_01_007,p0_weak_delay,7,16385,bridge,DO_NOT_REJECT,AVAILABLE_NONREJECTION,0,2009/2048,0.0,0.98095703125,1,1,4057/39,16459249/123201,4057/3159,104.02564102564102,4.644637417076801,133.59671593574728,1.284267173156062,271.5470438226299,0.2978304604432648,0.2978304604432647,0.05098730815383533,0.00329751912826462
source_01_007,p0_weak_delay,7,16385,intersection,REJECT,REJECT,800831/1048576,216421/262144,0.7637319564819336,0.8255805969238281,1,5,118562085925/84560436261,552398265225/380034027961,61169281029/59004097397,1.4020987966411647,0.3379702544899372,1.4535494839469703,1.0366954792551422,2.9544668269056973,0.9283066640021947,0.9283066640021949,2.7967891422277162,0.003704551323523429
source_01_007,p0_weak_delay,7,16385,lag,REJECT,REJECT,401161/524288,863757/1048576,0.7651538848876953,0.8237428665161133,1,5,235459825291/171040558731,136442323161/95161761289,614417643351/589922220839,1.3766315255162016,0.3196395917196135,1.4337935880214916,1.0415231392320874,2.914311235512183,0.9287967615311402,0.9287967615311402,2.834555818668543,0.0037544587681473465
source_01_007,p0_weak_delay,7,65537,bridge,DO_NOT_REJECT,AVAILABLE_NONREJECTION,0,517261/524288,0.0,0.9865970611572266,1,2,1041549/7027,120536035489/444408561,347183/189729,148.22100469617192,4.99870443491187,271.22797818694585,1.8298889468663198,551.2946569291125,0.5031522182449348,0.5031522182449347,0.12820009970540192,0.0041449442311769944
source_01_007,p0_weak_delay,7,65537,intersection,REJECT,REJECT,204693/262144,425309/524288,0.7808418273925781,0.8112125396728516,1,5,54555297247/46207059423,267350009481/217936784569,460601844849/443307014689,1.1806701817481289,0.16608222788866114,1.2267319168249704,1.0390132111311912,2.493440226007497,0.9671134955284155,0.9671134955284154,6.539249407339797,0.008857277402194065
source_01_007,p0_weak_delay,7,65537,lag,REJECT,REJECT,819519/1048576,849769/1048576,0.7815542221069336,0.8104028701782227,1,5,86965842133/74278072533,4249835849169/3489778929025,3688588934919/3546288802775,1.1708144701030458,0.15769963491795402,1.217795148518577,1.0401264928092289,2.4752754605195784,0.9672336422716981,0.9672336422716982,6.581800423103716,0.008902439769440969
source_01_008,p0_weak_delay,8,16385,bridge,DO_NOT_REJECT,AVAILABLE_NONREJECTION,0,1032823/1048576,0.0,0.9849767684936523,1,1,2081399/15753,4332221797201/20100717729,2081399/1275993,132.12715038405383,4.883764719433958,215.5257267729676,1.6311993874574546,437.816647996887,0.10273197626261943,0.10273197626261944,0.01401747946887014,0.002236253293220824
source_01_008,p0_weak_delay,8,16385,intersection,REJECT,REJECT,201033/262144,217541/262144,0.7668800354003906,0.8298530578613281,1,5,29314030035/20659083731,25566411025/17904848481,5696898955/5661139707,1.4189414408061485,0.3499111293955285,1.4279043496028565,1.006316616414851,2.900629569210708,0.9289645122769198,0.9289645122769198,3.039520588662522,0.0032431050232950985
source_01_008,p0_weak_delay,8,16385,lag,REJECT,REJECT,805641/1048576,217047/262144,0.7683191299438477,0.8279685974121094,1,5,116412265585/83619624049,229624014481/164732892129,888524098447/887406815295,1.3921644220354774,0.33085967421505547,1.393917216612604,1.0012590427893306,2.831588472059037,0.9298170950497662,0.9298170950497662,3.112419728854588,0.0032890980227654946
source_01_008,p0_weak_delay,8,65537,bridge,DO_NOT_REJECT,AVAILABLE_NONREJECTION,0,258219/262144,0.0,0.9850273132324219,1,2,520363/3925,270777651769/1247855625,520363/317925,132.57656050955413,4.887160293721817,216.99437526596876,1.6367476606117795,440.8000447816651,0.5565205033193824,0.5565205033193824,0.17169264108334154,0.003745649052941527
source_01_008,p0_weak_delay,8,65537,intersection,REJECT,REJECT,823083/1048576,427899/524288,0.7849531173706055,0.8161525726318359,1,5,214711503191/180407339351,906660082969/752557985001,1782169368233/1760538626937,1.190148382895099,0.17407799085858455,1.2047710622162826,1.012286433802156,2.447359004239951,0.9674191500552769,0.9674191500552769,7.185023339790704,0.007758965213632405
source_01_008,p0_weak_delay,8,65537,lag,REJECT,REJECT,823847/1048576,427461/524288,0.7856817245483398,0.8153171539306641,1,5,213885601021/181301101821,905826159001/759412902249,66002841401/65279504649,1.1797258752027384,0.1652821023394013,1.1927979578940486,1.0110806103062406,2.4230369686344324,0.9675816348514521,0.9675816348514521,7.249602832932711,0.007800904126639872
source_01_009,p0_weak_delay,9,16385,bridge,ABSTAIN,SCALE_UNAVAILABLE,0,1039635/1048576,0.0,0.9914731979370117,1,0,2088211/8941,361,3227701/2088211,233.5545241024494,5.45341555778362,361.0,1.545677615911419,733.5240738269679,-0.1715859201684622,-0.17158592016846227,,
source_01_009,p0_weak_delay,9,16385,intersection,REJECT,REJECT,797781/1048576,216719/262144,0.7608232498168945,0.8267173767089844,1,5,24019289217/16774153345,5094748694025/3409034171449,102531265875/98239116899,1.4319225968063307,0.35901801456801874,1.494484489681572,1.043690834277478,3.036676872970759,0.9273135238985336,0.9273135238985336,2.7721920063298016,0.0036029101168432633
source_01_009,p0_weak_delay,9,16385,lag,REJECT,REJECT,799353/1048576,864795/1048576,0.7623224258422852,0.824732780456543,1,5,36681235441/26124172273,5031080402049/3414841589041,3709998625203/3535773758659,1.404110915273323,0.33940430196574845,1.4732983275695355,1.0492748909958758,2.993628230474416,0.9278318821968017,0.9278318821968017,2.8113843072342735,0.0036556938157394866
source_01_009,p0_weak_delay,9,65537,bridge,DO_NOT_REJECT,AVAILABLE_NONREJECTION,0,518357/524288,0.0,0.9886875152587891,1,2,1042645/5931,361,2141091/1042645,175.79581858034058,5.1693231998734435,361.0,2.0535186952414293,733.5240738269679,0.4253997290305602,0.4253997290305602,0.1006598661990224,0.003937356624520024
source_01_009,p0_weak_delay,9,65537,intersection,REJECT,REJECT,819113/1048576,425861/524288,0.7811670303344727,0.8122653961181641,1,5,218024039987/183831025203,52653268369/43064965441,203268192309/197175870629,1.1860024157850477,0.17058833749171193,1.222647407929218,1.030897906830918,2.484324951574024,0.9671737316771317,0.9671737316771318,6.791489280585146,0.008629704784750844
source_01_009,p0_weak_delay,9,65537,lag,REJECT,REJECT,204969/262144,850851/1048576,0.7818946838378906,0.8114347457885742,1,5,4343989549/3694396717,264787430625/218194554769,915699076875/887247044251,1.175831910257731,0.16197590580616517,1.2135382154945495,1.0320677682820785,2.4658157772140465,0.967296385394097,0.967296385394097,6.836782011340463,0.008675104529252277
source_01_010,p0_weak_delay,10,16385,bridge,ABSTAIN,SCALE_UNAVAILABLE,0,258743/262144,0.0,0.9870262145996094,1,0,520887/3401,30147029641/104101209,173629/91827,153.15701264334018,5.031463621609133,289.59346323249713,1.890827316584447,589.5752960843873,-0.04620289771230779,-0.04620289771230766,,
source_01_010,p0_weak_delay,10,16385,intersection,REJECT,REJECT,804951/1048576,875353/1048576,0.7676610946655273,0.8348016738891602,1,5,468717202625/321073507521,3701502797041/2430502826049,3566054347583/3418317723375,1.459843903796215,0.37832951479633486,1.5229370471698336,1.0432191025420936,3.1005052755012588,0.926551633996367,0.9265516339963669,2.754883962135371,0.0038835228284074155
source_01_010,p0_weak_delay,10,16385,lag,REJECT,REJECT,806539/1048576,109151/131072,0.7691755294799805,0.8327560424804688,1,5,19380951417/13555325305,57707089729/38922949521,445641290645/429761139237,1.4297666032294456,0.3575112164260127,1.48259806718567,1.0369511106476348,3.0183802654874397,0.9275333878048275,0.9275333878048275,2.828070143886363,0.003945154300686864
source_01_010,p0_weak_delay,10,65537,bridge,DO_NOT_REJECT,AVAILABLE_NONREJECTION,0,512211/524288,0.0,0.9769649505615234,1,3,1036499/12077,1074330177001/11814168249,1036499/978237,85.82421131075598,4.452301149796796,90.93574379152216,1.0595581643303207,185.13355747777237,0.7141284000603514,0.7141284000603514,0.34695200835809925,0.002870980836083957
source_01_010,p0_weak_delay,10,65537,intersection,REJECT,REJECT,414333/524288,862069/1048576,0.7902774810791016,0.8221330642700195,1,5,210084970975/175059386847,3650564316025/2817573744969,21098488477/19542324141,1.2000782977642437,0.18238680280225728,1.2956410892681587,1.0796304638471916,2.63775974187339,0.9661740356078088,0.9661740356078088,6.406019432220847,0.009267872082664979
source_01_010,p0_weak_delay,10,65537,lag,REJECT,REJECT,829443/1048576,861171/1048576,0.7910184860229492,0.8212766647338867,1,5,418488589351/351950150695,3647133604009/2844771356025,3586541151193/3326396209065,1.189056428942013,0.1731600757431445,1.282048062064693,1.0782062405611996,2.610086074972517,0.9663521540941501,0.9663521540941501,6.465766554265886,0.009320845627912102
source_01_011,p0_weak_delay,11,16385,bridge,ABSTAIN,SCALE_UNAVAILABLE,0,1035779/1048576,0.0,0.9877958297729492,1,0,2084355/12797,53636244025/163763209,231595/115173,162.87840900210986,5.093003965400096,327.5231619636862,2.0108445555816035,665.6925110065042,-0.11408191226032838,-0.11408191226032839,,
source_01_011,p0_weak_delay,11,16385,intersection,REJECT,REJECT,816141/1048576,222235/262144,0.7783327102661133,0.8477592468261719,1,5,112586632865/74418990753,234623015641/129010990761,129032822249/107339445945,1.5128750299594915,0.41401183387964907,1.8186281204184542,1.2021006919964496,3.6963710071980467,0.9197848375734059,0.9197848375734058,2.3503347257572056,0.003114456444840601
source_01_011,p0_weak_delay,11,16385,lag,REJECT,REJECT,408879/524288,443337/524288,0.7798748016357422,0.8455982208251953,1,5,111672633625/75540801817,936298140625/530798216481,902955718375/756740390679,1.4783088203846513,0.39089874547996206,1.7639436447852401,1.193217290231866,3.5852245292540394,0.921003406430894,0.921003406430894,2.4228809348795757,0.0031714043313497203
source_01_011,p0_weak_delay,11,65537,bridge,DO_NOT_REJECT,AVAILABLE_NONREJECTION,0,257927/262144,0.0,0.9839134216308594,1,2,520071/4217,30052649449/160047801,173357/113859,123.3272468579559,4.814841365952061,187.7729607106567,1.5225586031846408,381.64950828259845,0.5877819597219667,0.5877819597219667,0.18955907438922515,0.004148024210401257
source_01_011,p0_weak_delay,11,65537,intersection,REJECT,REJECT,829959/1048576,863143/1048576,0.7915105819702148,0.8231573104858398,1,5,417934272623/348342380655,3654669534961/2785217196609,3591231051665/3283643299041,1.199780146869135,0.18213832906639219,1.3121667995625468,1.0936727057758777,2.666985768038623,0.9659869346476004,0.9659869346476004,6.341088959522162,0.008201610254907708
source_01_011,p0_weak_delay,11,65537,lag,REJECT,REJECT,207683/262144,431125/524288,0.7922477722167969,0.8223056793212891,1,5,5781416377/4863388089,11269308649/8679344569,5541713871/5073750143,1.1887631155893963,0.17291336790967674,1.2984054912683811,1.0922323162967782,2.6390158381620497,0.9661659730513016,0.9661659730513016,6.4011935661090975,0.008248542152637286
source_01_012,p0_weak_delay,12,16385,bridge,ABSTAIN,SCALE_UNAVAILABLE,0,259471/262144,0.0,0.9898033142089844,1,0,521615/2673,361,964953/521615,195.14216236438457,5.273728330710879,361.0,1.849933379983321,734.8571313167542,-0.17269071795019209,-0.17269071795019217,,
source_01_012,p0_weak_delay,12,16385,intersection,REJECT,REJECT,202833/262144,440691/524288,0.7737464904785156,0.8405513763427734,1,5,57233869469/38870682269,931184470441/566065131129,448693040483/401615955027,1.4724174140530828,0.38690554943804123,1.645012948569682,1.1172191614071585,3.3486135633374845,0.9236617281507873,0.9236617281507873,2.5543400791826785,0.003754513989554019
source_01_012,p0_weak_delay,12,16385,lag,REJECT,REJECT,812907/1048576,879237/1048576,0.7752485275268555,0.838505744934082,1,5,454325761897/315221669737,3716462962969/2322731450601,3588591126679/3232544176071,1.441289751037926,0.3655383731664399,1.6000398849412298,1.1101444964754534,3.2570657059288135,0.9247152411946301,0.9247152411946301,2.6248324752876564,0.0038163622916711284
source_01_012,p0_weak_delay,12,65537,bridge,DO_NOT_REJECT,AVAILABLE_NONREJECTION,0,259461/262144,0.0,0.9897651672363281,1,2,521605/2683,361,968563/521605,194.4111069698099,5.269975025012582,361.0,1.8568897920840484,734.8571313167542,0.42486767098274014,0.42486767098274014,0.1006080936300593,0.004059769519349875
source_01_012,p0_weak_delay,12,65537,intersection,REJECT,REJECT,409741/524288,425895/524288,0.7815189361572266,0.8123302459716797,1,5,108840612101/91901915397,13121015209/10770495961,101435606739/98610941923,1.1843127711846682,0.16916266642833863,1.2182368626766342,1.028644537420661,2.4798616237420332,0.967203266738907,0.967203266738907,6.668924263247012,0.009991540025556042
source_01_012,p0_weak_delay,12,65537,lag,REJECT,REJECT,820239/1048576,850927/1048576,0.7822408676147461,0.8115072250366211,1,5,433726816511/369369415935,4223160631089/3492469504225,3655576956753/3549819698945,1.174235867398738,0.1606176104245982,1.2092190428520706,1.0297922899688203,2.4615048115342493,0.9673250185074174,0.9673250185074175,6.712220040220125,0.010043570266742064
source_01_013,p0_weak_delay,13,16385,bridge,DO_NOT_REJECT,AVAILABLE_NONREJECTION,0,1027895/1048576,0.0,0.9802770614624023,1,1,2076471/20681,53231256961/427703761,230719/186129,100.40476766113824,4.609209692794896,124.45823912453274,1.2395650328535586,253.4958530245259,0.32211166936440927,0.32211166936440927,0.061782056561211156,0.004236051013527164
source_01_013,p0_weak_delay,13,16385,intersection,REJECT,REJECT,793531/1048576,859307/1048576,0.756770133972168,0.8194990158081055,1,5,486596019735/348653749783,5268884114025/3393358199449,434449008945/390502736609,1.3956425824700134,0.33335494180969494,1.5527049619696913,1.1125376808306524,3.162540877957313,0.9258185849060503,0.9258185849060502,2.781036023178285,0.004768101371366392
source_01_013,p0_weak_delay,13,16385,lag,REJECT,REJECT,795045/1048576,428679/524288,0.758213996887207,0.8176403045654297,1,5,241606676477/176266760189,5206515404841/3398938391641,1963427475699/1756909973507,1.3706876793896934,0.3153125696612835,1.5318063480189488,1.1175458647888297,3.1199746966603654,0.9263207926774635,0.9263207926774634,2.8179566208265903,0.004830748471398522
source_01_013,p0_weak_delay,13,65537,bridge,DO_NOT_REJECT,AVAILABLE_NONREJECTION,0,1029701/1048576,0.0,0.981999397277832,1,2,2078277/18875,479915032081/3206390625,692759/509625,110.10739072847682,4.701456168891465,149.6745369510304,1.3593505028207016,304.85626895691325,0.632133855779828,0.6321338557798281,0.2352637692872086,0.005106328259504611
source_01_013,p0_weak_delay,13,65537,intersection,REJECT,REJECT,205225/262144,426669/524288,0.7828712463378906,0.8138065338134766,1,5,7732503069/6517727773,262421577441/218433782161,450066444741/444447822133,1.186380183141779,0.17090680834889582,1.201378169827129,1.0126418047928214,2.446960411039121,0.9674218063714131,0.9674218063714131,6.780574533144457,0.010723079414366185
source_01_013,p0_weak_delay,13,65537,lag,REJECT,REJECT,821659/1048576,106559/131072,0.783595085144043,0.8129806518554688,1,5,17974171209/15281690185,4170797316009/3497778955225,450555730101/444425813285,1.1761900019830824,0.16228040273814914,1.1924130625174703,1.013792891035492,2.4287003300601158,0.9675437280267769,0.9675437280267769,6.824325439566953,0.010779506699905978
source_01_014,p0_weak_delay,14,16385,bridge,ABSTAIN,SCALE_UNAVAILABLE,0,1043077/1048576,0.0,0.994755744934082,1,0,2091653/5499,12119147569/30239001,110087/104481,380.3697035824695,5.94114368392031,400.77870194852005,1.0536556885940984,813.8539036236818,-0.23658625118732413,-0.2365862511873242,,
source_01_014,p0_weak_delay,14,16385,intersection,REJECT,REJECT,803543/1048576,871335/1048576,0.7663183212280273,0.8309698104858398,1,5,470441552063/328271423679,3686058247921/2544564138561,131700134867/130289681859,1.4330871289089755,0.35983094874853844,1.4486010362488002,1.010825515788168,2.9416473540448576,0.9284627630784105,0.9284627630784105,2.921143463129792,0.003094221399498014
source_01_014,p0_weak_delay,14,16385,lag,REJECT,REJECT,805085/1048576,869293/1048576,0.7677888870239258,0.8290224075317383,1,5,466983840679/332329905063,3678221501161/2603533921209,1185026322803/1178652517731,1.4051815186191974,0.3401664891875462,1.4127803256939893,1.0054077049648782,2.868906899090863,0.9293549846084362,0.9293549846084362,2.994214834304699,0.003139888768476126
source_01_014,p0_weak_delay,14,65537,bridge,DO_NOT_REJECT,AVAILABLE_NONREJECTION,0,1036403/1048576,0.0,0.9883909225463867,1,2,2084979/12173,361,4394453/2084979,171.27897806621212,5.143293677812275,361.0,2.1076725473014357,733.0760286904863,0.4255786599307225,0.42557865993072247,0.10138360724806966,0.003597216542525831
source_01_014,p0_weak_delay,14,65537,intersection,REJECT,REJECT,205129/262144,213307/262144,0.7825050354003906,0.8137016296386719,1,5,9035946255/7606737167,263307528225/218344056529,3089585835/3043361851,1.187887271062852,0.17217632676040895,1.2059294510268845,1.015188461399952,2.448858650525448,0.9674091580028364,0.9674091580028364,7.003649300030824,0.007585097057272936
source_01_014,p0_weak_delay,14,65537,lag,REJECT,REJECT,821281/1048576,852353/1048576,0.7832345962524414,0.8128671646118164,1,5,432071657055/366908950111,4184704379025/3496365200449,1204213683195/1184821799051,1.177599120774477,0.16347772236726135,1.196872791917619,1.0163669204597114,2.4304674602400635,0.9675319090452367,0.9675319090452367,7.051336682494114,0.007625528445876593
source_01_015,p0_weak_delay,15,16385,bridge,DO_NOT_REJECT,AVAILABLE_NONREJECTION,0,32061/32768,0.0,0.978424072265625,1,1,64829/707,4202799241/40487769,64829/57267,91.6958981612447,4.518477647195922,103.80416962465874,1.1320481254474655,211.17024429338335,0.38251994043266824,0.3825199404326683,0.07340038952254582,0.004104841294379076
source_01_015,p0_weak_delay,15,16385,intersection,REJECT,REJECT,804531/1048576,54595/65536,0.7672605514526367,0.8330535888671875,1,5,29317369895/20274843687,14431457161/9696143961,222615597017/216277803945,1.4459973328326061,0.36879927922076816,1.4883707604844214,1.0293039459269326,3.0278130274254607,0.9274199550773309,0.9274199550773309,2.6308559605511928,0.003761672347365017
source_01_015,p0_weak_delay,15,16385,lag,REJECT,REJECT,403047/524288,871431/1048576,0.7687511444091797,0.8310613632202148,1,5,232783568687/164272758575,3686426880049/2541808433025,356097938269/347931238509,1.4170552117484583,0.34858092378042455,1.450316566800352,1.0234721659227755,2.950398859904932,0.9283561619169117,0.9283561619169117,2.698314850447469,0.003819177452487005
source_01_015,p0_weak_delay,15,65537,bridge,DO_NOT_REJECT,AVAILABLE_NONREJECTION,0,1028639/1048576,0.0,0.9809865951538086,1,2,2077215/19937,479424684025/3577355721,692405/538299,104.18894517730853,4.646206031342788,134.01649749580494,1.2862832737939323,272.63159676400875,0.6523582790173479,0.652358279017348,0.25827289544165577,0.004450990581334293
source_01_015,p0_weak_delay,15,65537,intersection,REJECT,REJECT,818105/1048576,425317/524288,0.7802057266235352,0.8112277984619141,1,5,72952137985/61582428417,53116881841/43018493281,68429836023/65652207815,1.1846258723512981,0.16942700520242002,1.2347452871962896,1.0423082223803808,2.51185925266922,0.966992112039768,0.9669921120397681,6.761240137737883,0.009507312820605204
source_01_015,p0_weak_delay,15,65537,lag,REJECT,REJECT,818867/1048576,424883/524288,0.7809324264526367,0.8104000091552734,1,5,218033121239/185633171415,474896022129/387482595361,616524024915/590840913251,1.1745375009058425,0.16087445385856508,1.2255931693823845,1.0434687427495213,2.493240974024418,0.9671148110628408,0.9671148110628408,6.805632550166608,0.009556847761699351
source_01_016,p0_weak_delay,16,16385,bridge,ABSTAIN,SCALE_UNAVAILABLE,0,519651/524288,0.0,0.9911556243896484,1,0,1043939/4637,361,1673957/1043939,225.1324131981885,5.416688732207439,361.0,1.6035007792600908,734.0870731493991,-0.17205263034669405,-0.17205263034669394,,
source_01_016,p0_weak_delay,16,16385,intersection,REJECT,REJECT,401551/524288,868071/1048576,0.7658977508544922,0.8278570175170898,1,5,235243502839/167118568695,15064371169/10582442641,199391779665/197167393537,1.4076443131123957,0.3419176072942875,1.4235249535523564,1.0112817139188006,2.8947126501617273,0.9290371814653894,0.9290371814653895,2.7658286700160217,0.003473906331366187
source_01_016,p0_weak_delay,16,16385,lag,REJECT,REJECT,50287/65536,108267/131072,0.7673187255859375,0.8260116577148438,1,5,3649680411/2641343515,18835092081/13414967329,28168029045/27720960997,1.3817515178445088,0.323351910224939,1.4040356281959008,1.0161274368535917,2.855081454016085,0.9295258330049538,0.9295258330049537,2.8034943254420566,0.003521558953911165
source_01_016,p0_weak_delay,16,65537,bridge,DO_NOT_REJECT,AVAILABLE_NONREJECTION,0,1038565/1048576,0.0,0.990452766418457,1,2,2087141/10011,361,3613971/2087141,208.48476675656778,5.3398659774501835,361.0,1.7315413764570768,734.0870731493991,0.4251749646293477,0.42517496462934773,0.10073945020770446,0.003136910335734662
source_01_016,p0_weak_delay,16,65537,intersection,REJECT,REJECT,819535/1048576,213007/262144,0.7815694808959961,0.8125572204589844,1,5,36276353397/30597790069,4249242154161/3489838708321,911605396977/887634809761,1.185587368080978,0.17023832105030998,1.217604167215326,1.0270050103402932,2.4759763971346542,0.9672289979420903,0.9672289979420904,6.846591153113929,0.0083771030892752
source_01_016,p0_weak_delay,16,65537,lag,REJECT,REJECT,820295/1048576,106395/131072,0.7822942733764648,0.8117294311523438,1,5,54209204227/46118129667,469009934649/388075423849,152098836399/147931729919,1.175442382820429,0.16164457275666744,1.2085535589893257,1.028169118838005,2.4575721464342486,0.9673511608035791,0.9673511608035791,6.8922818141853535,0.00842110134028735
source_01_017,p0_weak_delay,17,16385,bridge,ABSTAIN,SCALE_UNAVAILABLE,0,4049/4096,0.0,0.988525390625,1,0,8145/47,361,16967/8145,173.29787234042553,5.155011919326087,361.0,2.0831184775936156,734.0765311584197,-0.1720438928640763,-0.17204389286407637,,
source_01_017,p0_weak_delay,17,16385,intersection,REJECT,REJECT,201215/262144,872781/1048576,0.7675743103027344,0.8323488235473633,1,5,117066360653/81456195405,3691612721449/2503214444025,296759352721/289197365985,1.4371695126558066,0.3626755630178986,1.474748889477138,1.026148186759046,2.998832546030773,0.9277690196996989,0.9277690196996989,2.830629384374261,0.0038885454422495106
source_01_017,p0_weak_delay,17,16385,lag,REJECT,REJECT,201601/262144,217683/262144,0.7690467834472656,0.8303947448730469,1,5,29050166061/20618566445,230233949929/160119222201,222517372115/218035988163,1.4089323881217097,0.34283224604603607,1.4378907589245216,1.0205534140935018,2.9238832700721895,0.9286796317700318,0.9286796317700318,2.9013640036002397,0.003946585346231683
source_01_017,p0_weak_delay,17,65537,bridge,DO_NOT_REJECT,AVAILABLE_NONREJECTION,0,1031705/1048576,0.0,0.9839105606079102,1,2,2080281/16871,480841004329/2561675769,693427/455517,123.30513899591014,4.814662088100708,187.70564571358912,1.5222856666161746,381.69060743568645,0.5877594512375699,0.5877594512375699,0.1922164130380222,0.0045762807119500825
source_01_017,p0_weak_delay,17,65537,intersection,REJECT,REJECT,206543/262144,26859/32768,0.7878990173339844,0.819671630859375,1,5,3315320827/2769471483,3555379129/2828218761,9315466583/8870750343,1.1970951307318445,0.179897897713531,1.25710895423906,1.0501328774685819,2.5562719679113513,0.9667012405938096,0.9667012405938097,6.595909538802421,0.009256664944343084
source_01_017,p0_weak_delay,17,65537,lag,REJECT,REJECT,206737/262144,858593/1048576,0.7886390686035156,0.8188180923461914,1,5,105670512783/89079419023,404143732729/324841862601,27098039633/25837498017,1.1862505833779207,0.17079756272516367,1.2441245395314264,1.0487872941555958,2.5298687709371075,0.9668738558254835,0.9668738558254835,6.656339088000894,0.00930868708740616
source_01_018,p0_weak_delay,18,16385,bridge,DO_NOT_REJECT,AVAILABLE_NONREJECTION,0,1033965/1048576,0.0,0.9860658645629883,1,1,2082541/14611,4336977016681/17291987001,2082541/1183491,142.53240709054822,4.959569392032397,250.8084823583427,1.7596593467968915,510.5638974993559,0.028745239298381464,0.02874523929838158,0.003368486731542881,0.0025244929424960124
source_01_018,p0_weak_delay,18,16385,intersection,REJECT,REJECT,403257/524288,439455/524288,0.7691516876220703,0.8381938934326172,1,5,116642779033/78686424985,928800570049/582927669009,893915000935/831661248663,1.4823748703189352,0.39364544382086225,1.593337594744812,1.0748546987996384,3.2435133164390795,0.9248724445427742,0.9248724445427742,2.540348278166745,0.0037669161206171013
source_01_018,p0_weak_delay,18,16385,lag,REJECT,REJECT,101017/131072,876683/1048576,0.7706985473632812,0.8360700607299805,1,5,19287886415/13298158159,411846913009/265924831041,49647937339/46496197035,1.4504178837688315,0.3718517106147211,1.5487343223901566,1.0677849051101433,3.1527156673305394,0.9259342055527233,0.9259342055527234,2.612058859727846,0.003830357511607305
source_01_018,p0_weak_delay,18,65537,bridge,DO_NOT_REJECT,AVAILABLE_NONREJECTION,0,514285/524288,0.0,0.9809207916259766,1,2,1038573/10003,13316467609/100060009,115397/90027,103.8261521543537,4.642717886535464,133.08481322443214,1.2818043475846135,270.91707704191094,0.6534661840474002,0.6534661840474001,0.2569281534520616,0.004639156828704722
source_01_018,p0_weak_delay,18,65537,intersection,REJECT,REJECT,205833/262144,856693/1048576,0.7851905822753906,0.8170061111450195,1,5,107287602659/89796830691,3630049962361/2982345940809,891622070813/875215012653,1.1947816179413673,0.1779634221907194,1.2171793730194498,1.0187463171024296,2.4777784180231146,0.9672170609578031,0.9672170609578032,6.734617530424181,0.009548412671427203
source_01_018,p0_weak_delay,18,65537,lag,REJECT,REJECT,412055/524288,427899/524288,0.7859325408935547,0.8161525726318359,1,5,6286282563/5309009731,906660082969/752557985001,891573632141/876260157597,1.184078176819601,0.16896456200133758,1.2047710622162826,1.0174759452557955,2.452519162572587,0.967384781043909,0.967384781043909,6.7951030386900095,0.009601293100993755
source_01_019,p0_weak_delay,19,16385,bridge,ABSTAIN,SCALE_UNAVAILABLE,0,258971/262144,0.0,0.9878959655761719,1,0,521115/3173,30173427025/90611361,173705/85671,164.23416325244247,5.101293234161768,332.99827628678923,2.0275822623758333,676.1803806428217,-0.12314501397466393,-0.12314501397466393,,
source_01_019,p0_weak_delay,19,16385,intersection,REJECT,REJECT,804513/1048576,435221/524288,0.7672433853149414,0.8301181793212891,1,5,234180645067/165049077963,920657521081/642567369609,1778055573301/1760774696901,1.4188546095331573,0.34984993312104085,1.432779759173294,1.0098143597987947,2.909377110711379,0.9288572135135624,0.9288572135135623,2.897038688538418,0.0031082970340645644
source_01_019,p0_weak_delay,19,16385,lag,REJECT,REJECT,806021/1048576,868469/1048576,0.768681526184082,0.8282365798950195,1,5,154996283325/111341967293,45371130025/32438531449,26335895599/26211512031,1.3920742294513464,0.33079488624573794,1.3986801497574786,1.0047453793528924,2.8401350499665967,0.9297109973719875,0.9297109973719875,2.9666751488240894,0.0031523877190912227
source_01_019,p0_weak_delay,19,65537,bridge,DO_NOT_REJECT,AVAILABLE_NONREJECTION,0,1026425/1048576,0.0,0.9788751602172852,1,3,2075001/22151,478403238889/4416001209,691667/598077,93.67527425398401,4.5398342723934695,108.33403711801384,1.156484867333136,219.98117008853205,0.6881056414155735,0.6881056414155735,0.29557369950451784,0.0019915585616751687
source_01_019,p0_weak_delay,19,65537,intersection,REJECT,REJECT,825287/1048576,857751/1048576,0.7870550155639648,0.8180150985717773,1,5,425661849503/357579906975,3634082630929/2949548630625,396910625689/383482110825,1.1903964434242105,0.1742863973773502,1.2320809337389869,1.0350173175878028,2.5018416432909403,0.9670580739434531,0.9670580739434532,6.718046095044004,0.007362801036150205
source_01_019,p0_weak_delay,19,65537,lag,REJECT,REJECT,826045/1048576,428441/524288,0.7877779006958008,0.8171863555908203,1,5,70670579033/59892266329,907692547441/744118440129,1786005790709/1727643229317,1.1799616772688581,0.16548196105938956,1.2198226767282407,1.033781605137927,2.4769502445006197,0.9672225464241029,0.9672225464241029,6.778951948565208,0.007402692175655924
source_01_020,p0_weak_delay,20,16385,bridge,DO_NOT_REJECT,AVAILABLE_NONREJECTION,0,1030659/1048576,0.0,0.9829130172729492,1,1,2079235/17917,4323218185225/26002530009,2079235/1451277,116.04816654573868,4.7540053337653,166.26144393367287,1.4326934141449221,338.1117918953781,0.21433824463687845,0.21433824463687848,0.033823228404564615,0.002808243994843365
source_01_020,p0_weak_delay,20,16385,intersection,REJECT,REJECT,398995/524288,432725/524288,0.7610225677490234,0.8253574371337891,1,5,119907029809/84538561329,15698335849/10524092569,103249826631/98177092631,1.4183708348472597,0.3495089135580419,1.4916569524712626,1.0516692220563706,3.03345618298887,0.927352177910321,0.9273521779103211,2.866465907753625,0.003599072411649846
source_01_020,p0_weak_delay,20,16385,lag,REJECT,REJECT,199883/262144,863431/1048576,0.7624931335449219,0.8234319686889648,1,5,119043467827/85541988915,34887889089/23718772081,311237446815/294466286063,1.391637829993516,0.33048134845728394,1.4708977753931476,1.0569544343300878,2.9912400059000017,0.9278607475616008,0.9278607475616008,2.9062590696440274,0.0036498163974557607
source_01_020,p0_weak_delay,20,65537,bridge,DO_NOT_REJECT,AVAILABLE_NONREJECTION,0,1030529/1048576,0.0,0.9827890396118164,1,2,2079105/18047,480297511225/2931247881,693035/487269,115.20502022496814,4.74671332565402,163.8542800621644,1.4222842003082485,333.2165469683207,0.6151821337046646,0.6151821337046646,0.21729716235366023,0.0040204221336460864
source_01_020,p0_weak_delay,20,65537,intersection,REJECT,REJECT,205325/262144,854397/1048576,0.7832527160644531,0.8148164749145508,1,5,108125022887/90772662951,3228398761/2697867481,99297509409/98842320593,1.1911628388093778,0.17493000546835177,1.1966483838573685,1.0046052016309321,2.433522287320755,0.967511487750645,0.9675114877506449,7.016561408713449,0.008397953062506004
source_01_020,p0_weak_delay,20,65537,lag,REJECT,REJECT,822073/1048576,426755/524288,0.7839899063110352,0.8139705657958984,1,5,23934899181/20272223213,4155592329729/3499327681201,1789412885019/1779067636907,1.1806746072947356,0.1660859762159933,1.1875402100962331,1.0058149830267193,2.414999767135615,0.9676355065562816,0.9676355065562815,7.064302653128367,0.008443563549292292
source_01_021,p0_weak_delay,21,16385,bridge,DO_NOT_REJECT,AVAILABLE_NONREJECTION,0,1027441/1048576,0.0,0.9798440933227539,1,1,2076017/21135,4309846584289/36181746225,2076017/1711935,98.22649633309676,4.587275999058161,119.11659977624532,1.2126727942357625,242.22039447352626,0.3376995242363241,0.3376995242363241,0.06594037083384804,0.0038989598533085445
source_01_021,p0_weak_delay,21,16385,intersection,REJECT,REJECT,403653/524288,872583/1048576,0.7699069976806641,0.8321599960327148,1,5,231759015965/163311120413,3690851903281/2508856419969,1782722203619/1719704159955,1.419125748319533,0.3500410118129355,1.4711291861519142,1.0366447003684918,2.9915015410160866,0.9278575859488483,0.9278575859488483,2.929685553677413,0.003898099964307127
source_01_021,p0_weak_delay,21,16385,lag,REJECT,REJECT,404399/524288,435315/524288,0.7713298797607422,0.8302974700927734,1,5,115045844067/82628068451,920837917609/641211773049,891170831261/864017603757,1.3923336975403746,0.33098125842724485,1.4360901597772622,1.0314267063378453,2.9202506254730034,0.9287240607240239,0.9287240607240239,2.9993554199350285,0.003953487402425095
source_01_021,p0_weak_delay,21,65537,bridge,DO_NOT_REJECT,AVAILABLE_NONREJECTION,0,257695/262144,0.0,0.9830284118652344,1,2,519839/4449,270232585921/1603281681,519839/360369,116.84400988986289,4.760839796426214,168.54966231039973,1.4425186406155912,342.7411945093682,0.6096478954139601,0.6096478954139603,0.21467568903462692,0.0045809231352743635
source_01_021,p0_weak_delay,21,65537,intersection,REJECT,REJECT,824023/1048576,857119/1048576,0.7858495712280273,0.8174123764038086,1,5,20377596635/17072485083,3631673433025/2969118410769,3568602551305/3482371741401,1.1935928797671687,0.17696798510704706,1.2231487366259666,1.0247620921335951,2.487239982016516,0.9671544564102571,0.9671544564102571,6.852751616732016,0.009403954165046493
source_01_021,p0_weak_delay,21,65537,lag,REJECT,REJECT,824795/1048576,856231/1048576,0.786585807800293,0.8165655136108398,1,5,14698607423/12425294655,3628289707249/2996724521025,1189470064799/1162165224015,1.1829584594265705,0.16801846977834026,1.2107518331407985,1.0234948011003706,2.462031212977874,0.9673215208481111,0.9673215208481111,6.914088727566088,0.009455745363889843
source_01_022,p0_weak_delay,22,16385,bridge,ABSTAIN,SCALE_UNAVAILABLE,0,1036293/1048576,0.0,0.988286018371582,1,0,2084869/12283,4346678747161/12220639209,2084869/994923,169.73613937963037,5.134245109965863,355.6834198950779,2.0955078935756837,722.0180622349469,-0.1620111428341673,-0.1620111428341672,,
source_01_022,p0_weak_delay,22,16385,intersection,REJECT,REJECT,203173/262144,221293/262144,0.7750434875488281,0.8441658020019531,1,5,9502921109/6336221589,233711332969/135173140281,224951454529/195130970001,1.499777268758648,0.40531660958857024,1.7289776096283425,1.152822919538847,3.5097308266989633,0.9218418346421696,0.9218418346421696,2.552087078194204,0.00275743106493438
source_01_022,p0_weak_delay,22,16385,lag,REJECT,REJECT,203577/262144,882927/1048576,0.7765846252441406,0.8420248031616211,1,5,113122336201/77146217929,3730703839009/2222606887281,899541508663/785826763623,1.466336772401596,0.38276729904802737,1.6785261758875014,1.1447071419605588,3.4073171509721547,0.9229937038240038,0.9229937038240038,2.6287109725435953,0.002806179098334998
source_01_022,p0_weak_delay,22,65537,bridge,DO_NOT_REJECT,AVAILABLE_NONREJECTION,0,518959/524288,0.0,0.9898357391357422,1,2,1043247/5329,361,1923769/1043247,195.76787389754176,5.276929640523838,361.0,1.844020639407542,732.8104316577472,0.42568475334988476,0.42568475334988465,0.10147033014664941,0.003045975825606009
source_01_022,p0_weak_delay,22,65537,intersection,REJECT,REJECT,826613/1048576,859307/1048576,0.7883195877075195,0.8194990158081055,1,5,141159811443/118305048947,44938488169/35822754361,132505230181/126032145141,1.1931850136526194,0.17662621378459276,1.254467697155198,1.0513605876719638,2.5465014256315817,0.9667650129860689,0.9667650129860689,6.774462836282022,0.0072252723214448695
source_01_022,p0_weak_delay,22,65537,lag,REJECT,REJECT,51711/65536,858431/1048576,0.7890472412109375,0.8186635971069336,1,5,5272874355/4458786163,404075077561/325396089225,74530283243/70976374875,1.1825806760493438,0.16769906404560653,1.2417945111860156,1.0500717087095384,2.520775545076026,0.9669335121572129,0.9669335121572129,6.837033704285925,0.007265057610869339
source_01_023,p0_weak_delay,23,16385,bridge,ABSTAIN,SCALE_UNAVAILABLE,0,1035509/1048576,0.0,0.9875383377075195,1,0,2084085/13067,53622349225/170746489,231565/117603,159.49223234101171,5.07199522098266,314.0465700878921,1.969039905444589,639.5395635176682,-0.09118814126959607,-0.09118814126959605,,
source_01_023,p0_weak_delay,23,16385,intersection,REJECT,REJECT,199993/262144,865735/1048576,0.7629127502441406,0.8256292343139648,1,5,39658780987/28165863739,312882490881/213570606769,920463830271/884673942607,1.408044196851179,0.3422016470522769,1.465007266750975,1.0404554558920687,2.9834113700586267,0.9279554491368288,0.9279554491368288,2.8319656839564016,0.004054926621781058
source_01_023,p0_weak_delay,23,16385,lag,REJECT,REJECT,100185/131072,863775/1048576,0.7643508911132812,0.8237600326538086,1,5,59066785337/42736524857,77274548289/53479800049,462343827447/442244555207,1.3821148428573082,0.32361482092138816,1.4449296410644477,1.0454483203995404,2.9425243259350773,0.9284520736704127,0.9284520736704127,2.870352206995081,0.004110493621139936
source_01_023,p0_weak_delay,23,65537,bridge,DO_NOT_REJECT,AVAILABLE_NONREJECTION,0,1026927/1048576,0.0,0.9793539047241211,1,3,2075503/21649,4307712703009/37963015281,2075503/1753569,95.87061758048871,4.56299954892159,113.47130018844827,1.1835878713640582,231.07842182130037,0.680249753890233,0.680249753890233,0.2908620448307216,0.002442682620717354
source_01_023,p0_weak_delay,23,65537,intersection,REJECT,REJECT,816695/1048576,848947/1048576,0.7788610458374023,0.8096189498901367,1,5,439999530763/372362184459,483919183449/386581767049,1249834648023/1179798207911,1.1816439722585401,0.16690666570859847,1.2517899826032466,1.0593630670417862,2.5492054215583844,0.9667473517900641,0.9667473517900641,6.5701550853812,0.009791708997255174
source_01_023,p0_weak_delay,23,65537,lag,REJECT,REJECT,817451/1048576,848087/1048576,0.7795820236206055,0.8087987899780273,1,5,146122078625/124705962401,480768890625/386895196081,417042181125/393247151989,1.1717328972221481,0.15848376178682436,1.2426333939911383,1.0605090946384415,2.5305585034192704,0.9668693351862733,0.9668693351862733,6.612697924708198,0.00984182626187647
source_01_024,p0_weak_delay,24,16385,bridge,DO_NOT_REJECT,AVAILABLE_NONREJECTION,0,1029783/1048576,0.0,0.9820775985717773,1,1,2078359/18793,4319576132881/28607324769,2078359/1522233,110.59218858085457,4.705849458934441,150.9954589518926,1.3653356614920318,306.946893826303,0.25235006095033685,0.25235006095033696,0.04103223809023236,0.002962273031988809
source_01_024,p0_weak_delay,24,16385,intersection,REJECT,REJECT,403153/524288,874709/1048576,0.7689533233642578,0.8341875076293945,1,5,77659042825/53750461449,411002799025/272067603201,1887548533/1805261061,1.444806997586154,0.3679757469593826,1.5106642400247725,1.045582034519937,3.070911531437578,0.9269039008723632,0.9269039008723633,2.7550239618613945,0.003354235937320685
source_01_024,p0_weak_delay,24,16385,lag,REJECT,REJECT,807857/1048576,872639/1048576,0.7704324722290039,0.8322134017944336,1,5,154157651195/108871750907,410118564025/278584451721,396289658455/381162408327,1.4159563882341155,0.34780519552752837,1.4721516634953136,1.0396871511920511,2.992622317834595,0.9278440388002712,0.9278440388002713,2.8259616612024185,0.0034054276428050123
source_01_024,p0_weak_delay,24,65537,bridge,DO_NOT_REJECT,AVAILABLE_NONREJECTION,0,1036355/1048576,0.0,0.9883451461791992,1,2,2084931/12221,53665892281/149352841,231659/109989,170.60232386875052,5.139335256704256,359.32287542491406,2.1062015292438336,730.439453331855,0.42663266735022576,0.42663266735022576,0.10028514586190658,0.0040039136831033885
source_01_024,p0_weak_delay,24,65537,intersection,REJECT,REJECT,409225/524288,850849/1048576,0.7805347442626953,0.8114328384399414,1,5,218553538775/184580724951,119155445721/96827391241,614278668627/591045976675,1.1840539624764106,0.16894411183912797,1.2305964685594621,1.0393077575499259,2.501583598605368,0.9670597748022577,0.9670597748022577,6.724129868871546,0.00854545455351473
source_01_024,p0_weak_delay,24,65537,lag,REJECT,REJECT,819209/1048576,849985/1048576,0.7812585830688477,0.8106088638305664,1,5,435467240887/370925290935,473482986201/387624534025,1229855991219/1182034585795,1.1740025593544932,0.16041890143290932,1.2214990142250968,1.0404568580299507,2.483090093111605,0.9671819004230465,0.9671819004230465,6.768748876124574,0.00858986190433666
source_01_025,p0_weak_delay,25,16385,bridge,ABSTAIN,SCALE_UNAVAILABLE,0,523935/524288,0.0,0.9993267059326172,1,0,1048223/353,38809/9,13699577/9434007,2969.470254957507,7.996138850553585,4312.111111111111,1.4521482759128757,8760.968931812462,-3.428956828378918,-3.428956828378918,,
source_01_025,p0_weak_delay,25,16385,intersection,REJECT,REJECT,808995/1048576,880351/1048576,0.7715177536010742,0.8395681381225586,1,5,462134259587/312489881475,3720759371329/2292271700625,3583118856317/3264584611725,1.4788775156675655,0.391283364658667,1.6231755469103053,1.0975726723234436,3.2978256290095076,0.924244389730652,0.9242443897306521,2.514491267174974,0.0030223535809337015
source_01_025,p0_weak_delay,25,16385,lag,REJECT,REJECT,810595/1048576,54885/65536,0.7730436325073242,0.8374786376953125,1,5,28657910001/19802030321,14501217241/9188947881,223883230991/205313586111,1.447220791830036,0.3696450219319223,1.5781150822483374,1.09044528046946,3.206275731341214,0.9253060785280869,0.9253060785280869,2.5857379307127033,0.003072914079782627
source_01_025,p0_weak_delay,25,65537,bridge,DO_NOT_REJECT,AVAILABLE_NONREJECTION,0,509755/524288,0.0,0.9722805023193359,1,3,1034043/14533,81,392391/344681,71.1513796187986,4.264809714633166,81.0,1.1384178414243895,164.56869157389485,0.730625423029801,0.730625423029801,0.3723424405245082,0.0029046654012849092
source_01_025,p0_weak_delay,25,65537,intersection,REJECT,REJECT,412957/524288,859519/1048576,0.7876529693603516,0.8197011947631836,1,5,3862365899/3221685963,3640826529025/2895146489169,596117499425/568293431409,1.1988648004051288,0.1813751093914844,1.2575621104651027,1.0489607418952818,2.5550043344709596,0.9667095075729177,0.9667095075729177,6.655381068598081,0.007617580488893117
source_01_025,p0_weak_delay,25,65537,lag,REJECT,REJECT,103337/131072,858615/1048576,0.7883987426757812,0.8188390731811523,1,5,52895942385/44528568049,3637377510481/2922899703201,447062735119/426754035135,1.1879102495906089,0.17219567060394592,1.2444414382394111,1.0475887708421445,2.5283469040913054,0.9668838326085654,0.9668838326085653,6.718517789433055,0.007660899263828806
source_01_026,p0_weak_delay,26,16385,bridge,ABSTAIN,SCALE_UNAVAILABLE,0,1042629/1048576,0.0,0.994328498840332,1,0,2091205/5947,361,2146867/2091205,351.64032285185806,5.862608843114334,361.0,1.0266171896107747,734.4042599053669,-0.17231549599430418,-0.17231549599430415,,
source_01_026,p0_weak_delay,26,16385,intersection,REJECT,REJECT,203673/262144,885281/1048576,0.7769508361816406,0.8442697525024414,1,5,113074552647/76065587015,46170406129/26665257025,9099226931/7812017955,1.4865401962217408,0.3964514039392179,1.7314817586687035,1.1647729157068993,3.5224586690158786,0.9216998560133712,0.9216998560133712,2.4455272750816217,0.003369805493954539
source_01_026,p0_weak_delay,26,16385,lag,REJECT,REJECT,816273/1048576,220777/262144,0.7784585952758789,0.8421974182128906,1,5,112183997063/77143208583,233212692241/138609523809,900574743929/778383934281,1.4542303739194213,0.3744768080459603,1.682515644180125,1.1569801280146779,3.4228439236656683,0.9228179742266,0.9228179742266,2.515975697772985,0.0034274787786568533
source_01_026,p0_weak_delay,26,65537,bridge,DO_NOT_REJECT,AVAILABLE_NONREJECTION,0,1034561/1048576,0.0,0.9866342544555664,1,2,2083137/14015,482162195641/1767782025,694379/378405,148.63624687834462,5.001502025004718,272.7498010627187,1.8350153935598104,554.8715118803378,0.501515691732178,0.501515691732178,0.13384326639060068,0.004359131469865358
source_01_026,p0_weak_delay,26,65537,intersection,REJECT,REJECT,827023/1048576,430399/524288,0.7887105941772461,0.8209209442138672,1,5,211513768911/176098114511,101269696441/79336298889,596869994171/561637519659,1.2011131947570497,0.1832487890787441,1.2764610633360547,1.0627316966526588,2.5967823892446895,0.9664381170447128,0.9664381170447128,6.589014101186144,0.008747024990867014
source_01_026,p0_weak_delay,26,65537,lag,REJECT,REJECT,827809/1048576,859889/1048576,0.7894601821899414,0.8200540542602539,1,5,84265218531/70809891299,404693184025/320425055721,1193671699675/1124708299083,1.1900204474991196,0.1739704897481853,1.26298857345717,1.0613166993150378,2.569374483542238,0.9666159109421094,0.9666159109421094,6.651252064259964,0.008797321850797863
source_01_027,p0_weak_delay,27,16385,bridge,ABSTAIN,SCALE_UNAVAILABLE,0,1034791/1048576,0.0,0.9868535995483398,1,0,2083367/13785,4340418056689/15392124225,2083367/1116585,151.1328980776206,5.018159569456006,281.9895417449439,1.8658382478718594,573.8855991078847,-0.031712743547851474,-0.03171274354785134,,
source_01_027,p0_weak_delay,27,16385,intersection,REJECT,REJECT,402503/524288,436635/524288,0.7677135467529297,0.8328151702880859,1,5,5088087285/3532000501,923373011929/622326921129,890574788093/864660469005,1.4405681096476153,0.3650375563737461,1.4837426770062503,1.029970514458491,3.0196104077002914,0.9275185848643663,0.9275185848643663,2.6960855047233325,0.0037005357293382383
source_01_027,p0_weak_delay,27,16385,lag,REJECT,REJECT,806555/1048576,108901/131072,0.769190788269043,0.8308486938476562,1,5,19359501811/13710036467,6398560081/4423979169,49464594607/48292628319,1.412067856828699,0.3450551951604591,1.4463359425009084,1.0242680162334197,2.9434828105226467,0.9284403925169536,0.9284403925169536,2.7642870133046062,0.0037562957694732895
source_01_027,p0_weak_delay,27,65537,bridge,DO_NOT_REJECT,AVAILABLE_NONREJECTION,0,259005/262144,0.0,0.9880256652832031,1,2,521149/3139,271596280201/798119001,521149/254259,166.02389295954126,5.112131711490324,340.29546954865697,2.049677690858534,692.545788071346,0.4419885305224742,0.44198853052247417,0.09976392219293169,0.004370735839442221
source_01_027,p0_weak_delay,27,65537,intersection,REJECT,REJECT,205859/262144,427961/524288,0.7852897644042969,0.8162708282470703,1,5,53597334965/45081324981,906778158001/751590165249,148551796249/146387660265,1.188903276192285,0.17303126552856524,1.206479541547203,1.0147835956943525,2.455343663554987,0.9673659838533822,0.9673659838533822,6.641644910726815,0.00904138068899442
source_01_027,p0_weak_delay,27,65537,lag,REJECT,REJECT,206049/262144,855053/1048576,0.7860145568847656,0.8154420852661133,1,5,106784068755/90606113939,402644818849/337060363761,2077542593/2049672465,1.1785525734708333,0.16428705289613094,1.194577773417773,1.0135973568830667,2.4311220087690133,0.9675275323590459,0.9675275323590459,6.6997560927619615,0.00908983149359486
source_01_028,p0_weak_delay,28,16385,bridge,ABSTAIN,SCALE_UNAVAILABLE,0,1043925/1048576,0.0,0.9955644607543945,1,0,2092501/4651,4378560435001/7809080161,2092501/1679011,449.90346162115674,6.109033030018808,560.7011766722982,1.246269976789908,1139.225449731376,-0.47380189179360777,-0.4738018917936077,,
source_01_028,p0_weak_delay,28,16385,intersection,REJECT,REJECT,403361/524288,437715/524288,0.7693500518798828,0.8348751068115234,1,5,116332136781/80309356877,925449772009/607085630649,892401120947/847990066851,1.448550222599487,0.3705632097694459,1.5244138969648406,1.0523721395238979,3.097284577951788,0.9265898899805379,0.926589889980538,2.840681222234036,0.0031319308885635858
source_01_028,p0_weak_delay,28,16385,lag,REJECT,REJECT,404139/524288,218337/262144,0.7708339691162109,0.8328895568847656,1,5,57729311669/40671601589,230861991361/155443313169,446091533387/426332746683,1.4194009926723272,0.35023494646902453,1.4851844486227839,1.046345927817484,3.0175786886304374,0.9275430352106683,0.9275430352106683,2.914820909654548,0.003180226136849075
source_01_028,p0_weak_delay,28,65537,bridge,DO_NOT_REJECT,AVAILABLE_NONREJECTION,0,1024149/1048576,0.0,0.9767045974731445,1,3,2072725/24427,4296188925625/48330944649,2072725/1978587,84.85385024767675,4.440930367759467,88.89106051673026,1.047578398119466,180.60771513853354,0.7176785970275139,0.7176785970275139,0.354822405493141,0.002348526285853449
source_01_028,p0_weak_delay,28,65537,intersection,REJECT,REJECT,825231/1048576,429013/524288,0.7870016098022461,0.8182773590087891,1,5,42583002369/35705392385,100975866289/81695930625,595434028969/574538261625,1.19262104473859,0.17615344365095156,1.235996279331202,1.036369670637599,2.511281366563544,0.9669959136152231,0.966995913615223,6.8943764324654,0.007678929723294185
source_01_028,p0_weak_delay,28,65537,lag,REJECT,REJECT,206499/262144,857147/1048576,0.7877311706542969,0.817439079284668,1,5,106043956335/89711860847,44836792009/36645062041,14176249903/13695514335,1.1820505709479567,0.16725070228861738,1.2235425323836198,1.0351016804656574,2.4859780034577232,0.9671627996984108,0.9671627996984108,6.957391352709849,0.007721059674698585
source_01_029,p0_weak_delay,29,16385,bridge,DO_NOT_REJECT,AVAILABLE_NONREJECTION,0,1027237/1048576,0.0,0.979649543762207,1,1,2075813/21339,4308999610969/36883586601,2075813/1728459,97.27789493415811,4.577571778737817,116.82702275087784,1.2009616658538038,237.51204985484208,0.34431108174625213,0.3443110817462522,0.06606836892674202,0.003421044848123409
source_01_029,p0_weak_delay,29,16385,intersection,REJECT,REJECT,201419/262144,109231/131072,0.7683525085449219,0.8333663940429688,1,5,4864133225/3374893161,6416170201/4293263529,196464867/189470675,1.4412702841113731,0.36552486647355875,1.494473879290255,1.036914377383202,3.0383000967306524,0.927294050053909,0.927294050053909,2.825183601426005,0.0033505605552106585
source_01_029,p0_weak_delay,29,16385,lag,REJECT,REJECT,100903/131072,217947/262144,0.7698287963867188,0.8314018249511719,1,5,14483865379/10252599075,230487368281/158223359529,12374345525/12000413637,1.4127018205868935,0.3455040556632513,1.4567214914859337,1.0311599165921317,2.961548615753175,0.9282205755449351,0.9282205755449351,2.8972186016514714,0.003401187201394834
source_01_029,p0_weak_delay,29,65537,bridge,DO_NOT_REJECT,AVAILABLE_NONREJECTION,0,1030679/1048576,0.0,0.9829320907592773,1,2,2079255/17897,480366817225/2882723481,693085/483219,116.17896854221378,4.755131834423873,166.63645347571233,1.4343082536075775,338.77577904175484,0.6119427605436756,0.6119427605436755,0.2172822747925413,0.003974340042260006
source_01_029,p0_weak_delay,29,65537,intersection,REJECT,REJECT,824893/1048576,857853/1048576,0.7866792678833008,0.8181123733520508,1,5,426435758007/357313628087,3634471532041/2946396281049,274741202477/265813916733,1.1934494642425726,0.17684782341395558,1.233531129338456,1.0335847191664052,2.507797427258614,0.9670188416705929,0.9670188416705929,6.9397556832249325,0.008126726429639323
source_01_029,p0_weak_delay,29,65537,lag,REJECT,REJECT,412831/524288,856969/1048576,0.7874126434326172,0.8172693252563477,1,5,212386329065/179558560233,3631101747025/2973772638369,595240808285/576610417773,1.1828248610893393,0.16790552761984695,1.2210421537190952,1.0323101871519331,2.482407049843392,0.9671864197116994,0.9671864197116994,7.003053947061947,0.008171507672031094
source_01_030,p0_weak_delay,30,16385,bridge,ABSTAIN,SCALE_UNAVAILABLE,0,521975/524288,0.0,0.9955883026123047,1,0,1046263/2313,1094666265169/1931338809,1046263/834993,452.34025075659315,6.114434663805744,566.7914195416554,1.253020085198319,1152.4128926526248,-0.48271117043220646,-0.48271117043220646,,
source_01_030,p0_weak_delay,30,16385,intersection,REJECT,REJECT,814581/1048576,889023/1048576,0.7768449783325195,0.8478384017944336,1,5,453388478005/297272288821,3754289884801/2062029944529,3610051140043/3024102943035,1.5251622672371055,0.4221008091444345,1.8206767048955435,1.1937593422067638,3.7018402815106857,0.9197253480183762,0.9197253480183762,2.2524189796011562,0.003013370070290597
source_01_030,p0_weak_delay,30,16385,lag,REJECT,REJECT,204057/262144,886693/1048576,0.7784156799316406,0.845616340637207,1,5,112413970403/75470016483,3745266102361/2122694560809,902224343069/761667123501,1.4895182966910019,0.39845277687621944,1.7643923772686385,1.1845389084432703,3.587401737497472,0.9209793573889069,0.9209793573889069,2.3240688542111947,0.0030700667185560053
source_01_030,p0_weak_delay,30,65537,bridge,DO_NOT_REJECT,AVAILABLE_NONREJECTION,0,1040739/1048576,0.0,0.9925260543823242,1,2,2089315/7837,361,2829157/2089315,266.5962740844711,5.585735431969795,361.0,1.3541074466990377,733.9932114427903,0.42521243097580597,0.425212430975806,0.10168757319100728,0.002372401823799669
source_01_030,p0_weak_delay,30,65537,intersection,REJECT,REJECT,824269/1048576,857555/1048576,0.7860841751098633,0.8178281784057617,1,5,427558526217/357752724745,403703932129/328401201969,1189962637565/1156878381069,1.195123046293376,0.1782491476921932,1.229301018718891,1.0285978690909834,2.4994421123528325,0.9670738934325699,0.9670738934325699,6.823780612242288,0.00822730608720968
source_01_030,p0_weak_delay,30,65537,lag,REJECT,REJECT,412523/524288,856661/1048576,0.7868251800537109,0.8169755935668945,1,5,42587762661/35957616613,44813926249/36831367225,198316331023/193044419775,1.1843878063264894,0.16922602195968675,1.216732628339186,1.0273093169652072,2.4738877821105434,0.9672428388130965,0.9672428388130965,6.886527673884349,0.00827307991444981
source_01_031,p0_weak_delay,31,16385,bridge,DO_NOT_REJECT,AVAILABLE_NONREJECTION,0,1033407/1048576,0.0,0.9855337142944336,1,1,2081983/15169,4334653212289/18637983441,2081983/1228689,137.25248862812313,4.9218222123062985,232.57093376065524,1.6944751682484338,473.5455285352623,0.0657265177475832,0.06572651774758316,0.008804175322964413,0.0026632426769964013
source_01_031,p0_weak_delay,31,16385,intersection,REJECT,REJECT,411447/524288,111907/131072,0.7847728729248047,0.8537826538085938,1,5,27417993339/17933361275,6559866049/3305675025,15157596971/11678027931,1.5288820048041998,0.4245367524871695,1.9844255709921153,1.2979586160059853,4.040555888301316,0.9161226216333053,0.9161226216333053,2.2298142151459515,0.0033305772879669536
source_01_031,p0_weak_delay,31,16385,lag,REJECT,REJECT,824495/1048576,892989/1048576,0.7862997055053711,0.8516206741333008,1,5,435067826765/291425497677,3769674649225/1960792480089,134692188745/104592271641,1.4928955435711575,0.4007175519910025,1.922526064080935,1.2877833766467395,3.914520212895322,0.9174449802994468,0.9174449802994468,2.3013439746229047,0.00339416765217682
source_01_031,p0_weak_delay,31,65537,bridge,DO_NOT_REJECT,AVAILABLE_NONREJECTION,0,258035/262144,0.0,0.9843254089355469,1,2,520179/4109,30065132449/151954929,173393/110943,126.59503528839133,4.840993293209613,197.8555920946796,1.5629016702270535,402.86044957172015,0.5763179032258768,0.5763179032258768,0.18375476754958214,0.00467204083207638
source_01_031,p0_weak_delay,31,65537,intersection,REJECT,REJECT,824189/1048576,856315/1048576,0.7860078811645508,0.816645622253418,1,5,427432776817/360059671665,3628609721881/2994107661801,396379243735/388267821063,1.187116498886007,0.1715272564611044,1.2119169154052187,1.0208913080919055,2.467624939051938,0.9672843765152546,0.9672843765152546,6.814787920264231,0.009638317036617916
source_01_031,p0_weak_delay,31,65537,lag,REJECT,REJECT,824941/1048576,26733/32768,0.7867250442504883,0.815826416015625,1,5,156547131/133019707,3540369001/2950119225,111476135017/109320615225,1.1768717172110446,0.16285983101363755,1.200076583684512,1.0197174136603933,2.4435164399714586,0.9674447667769976,0.9674447667769976,6.873326574768578,0.009689444347976257
source_02_000,p0_strong_delay,0,16385,bridge,DO_NOT_REJECT,AVAILABLE_NONREJECTION,0,516565/524288,0.0,0.9852695465087891,1,1,1040853/7723,120374996401/536802561,346951/208521,134.7731451508481,4.903592958682078,224.24445251668612,1.6638659895166434,455.71798597492506,0.08402033151585064,0.08402033151585063,0.024843457252189092,0.0023882490257952135
source_02_000,p0_strong_delay,0,16385,intersection,REJECT,REJECT,795703/1048576,862253/1048576,0.7588415145874023,0.8223085403442383,1,5,483197061717/343631596117,5179525084449/3401365029841,1272133511433/1174700599097,1.406148524108594,0.34085442373300073,1.5227783666286243,1.0829427621054226,3.0946473035918025,0.9266212307047251,0.9266212307047251,6.303351783574279,0.003750350492675354
source_02_000,p0_strong_delay,0,16385,lag,REJECT,REJECT,797229/1048576,860271/1048576,0.7602968215942383,0.8204183578491211,1,5,479782966909/347574310525,5117200467129/3406996098025,58980332979/54205528259,1.380375224464383,0.3223553639963068,1.5019683967631743,1.0880870433950105,3.052356502419916,0.9271256310917145,0.9271256310917145,6.389300374855902,0.0038013252589982264
source_02_000,p0_strong_delay,0,65537,bridge,DO_NOT_REJECT,AVAILABLE_NONREJECTION,0,1040751/1048576,0.0,0.9925374984741211,1,2,2089327/7825,361,2824825/2089327,267.00664536741215,5.587273547107048,361.0,1.3520262744893452,733.6377381496488,0.42535434450823906,0.4253543445082391,0.22842127058099596,0.0024161667883081488
source_02_000,p0_strong_delay,0,65537,intersection,REJECT,REJECT,204691/262144,425471/524288,0.7808341979980469,0.8115215301513672,1,5,18188834609/15377078065,267368623929/217934917225,459863981181/443380742765,1.1828537601301434,0.16792995954440879,1.2268278407767201,1.0371762614524205,2.4932055462782565,0.9671150449752624,0.9671150449752624,15.327147380079657,0.0087399512216159
source_02_000,p0_strong_delay,0,65537,lag,REJECT,REJECT,409759/524288,212521/262144,0.7815532684326172,0.8107032775878906,1,5,3197818105/2726483193,13116891841/10770911089,51149453103/49262157695,1.1728728470471081,0.15945616400632,1.2178070854559255,1.038311261550599,2.4748732290207798,0.967236307710031,0.967236307710031,15.42796400382665,0.00878506509544433
source_02_001,p0_strong_delay,1,16385,bridge,ABSTAIN,SCALE_UNAVAILABLE,0,518963/524288,0.0,0.9898433685302734,1,0,1043251/5325,361,1922325/1043251,195.9156807511737,5.277684366418728,361.0,1.842629434335553,734.0875643700117,-0.17205303748199052,-0.17205303748199058,,
source_02_001,p0_strong_delay,1,16385,intersection,REJECT,REJECT,407383/524288,13875/16384,0.7770214080810547,0.84686279296875,1,5,3537428395/2337562539,915607081/509901561,240952417/203063985,1.5132978630438259,0.4142912845931649,1.7956545949856388,1.1865837115330915,3.6514340944122643,0.9202752850128322,0.9202752850128322,5.409936261660575,0.003200072262322939
source_02_001,p0_strong_delay,1,16385,lag,REJECT,REJECT,102049/131072,110715/131072,0.7785720825195312,0.8446884155273438,1,5,1002483443/677949171,58460953369/33567003369,18788542409/15952172697,1.4787000056675341,0.3911633272300863,1.7416196711497403,1.1778046016598989,3.5415549652443588,0.9214873151497702,0.9214873151497702,5.57675105629251,0.0032585795092565494
source_02_001,p0_strong_delay,1,65537,bridge,DO_NOT_REJECT,AVAILABLE_NONREJECTION,0,32275/32768,0.0,0.984954833984375,1,2,65043/493,52229529/243049,803/493,131.93306288032454,4.88229469457651,214.8930009997984,1.6288032454361054,436.9813842218961,0.5584746887678087,0.5584746887678087,0.3816238489039816,0.0042299471288825335
source_02_001,p0_strong_delay,1,65537,intersection,REJECT,REJECT,823193/1048576,53499/65536,0.7850580215454102,0.8163299560546875,1,5,26828465405/22530483453,14169331225/11736038889,74268674305/73249249617,1.1907629705756586,0.17459425341772108,1.2073350607487068,1.0139172031567598,2.455095994802045,0.9673676316692964,0.9673676316692964,15.558804653885709,0.008747879087772114
source_02_001,p0_strong_delay,1,65537,lag,REJECT,REJECT,823959/1048576,427553/524288,0.7857885360717773,0.8154926300048828,1,5,213799669897/181139673225,906001289281/757970478225,356471117387/351998873019,1.1803028353232805,0.16577104565561016,1.1952989137553953,1.0127052803596863,2.430620687791742,0.9675308844253967,0.9675308844253967,15.697003660697515,0.008795270436411982
source_02_002,p0_strong_delay,2,16385,bridge,ABSTAIN,SCALE_UNAVAILABLE,0,1043409/1048576,0.0,0.9950723648071289,1,0,2091985/5167,4376401240225/9637937929,2091985/1865287,404.87420166440876,6.003576405681976,454.0806625301726,1.1215351846659523,923.2838923520028,-0.32054503453660055,-0.32054503453660055,,
source_02_002,p0_strong_delay,2,16385,intersection,REJECT,REJECT,402209/524288,434771/524288,0.7671527862548828,0.8292598724365234,1,5,39026987887/27645743983,919794165481/649076756409,888565286323/885179813283,1.4116815923275057,0.34478161245734923,1.4170807325927628,1.0038246161844155,2.881355500309013,0.9292015007404986,0.9292015007404986,6.7054488005142385,0.0036536334845528296
source_02_002,p0_strong_delay,2,16385,lag,REJECT,REJECT,805911/1048576,54225/65536,0.7685766220092773,0.8274078369140625,1,5,29061803065/20976102457,4769790480225/3439122033169,222327489015/222095217607,1.385472021057072,0.3260408910044494,1.3869209740806572,1.0010458190433034,2.820031551660125,0.9299608170022879,0.929960817002288,6.847900850240291,0.003704353394532362
source_02_002,p0_strong_delay,2,65537,bridge,DO_NOT_REJECT,AVAILABLE_NONREJECTION,0,521601/524288,0.0,0.9948749542236328,1,1,1045889/2687,1093883800321/2606408809,1045889/970007,389.2404168217343,5.964197190813698,419.6900334835386,1.0782283014452474,853.3572989804996,0.3792903888924092,0.3792903888924091,0.1869904307238672,0.0038502035859708074
source_02_002,p0_strong_delay,2,65537,intersection,REJECT,REJECT,820517/1048576,213119/262144,0.782505989074707,0.8129844665527344,1,5,227228521/192101225,52010907481/43129736329,11180592475/10966799339,1.1828582613150957,0.16793376489764836,1.2059175851262598,1.0194945789916765,2.4519966907357955,0.967388259302594,0.9673882593025941,15.519694552318038,0.008876238313057247
source_02_002,p0_strong_delay,2,65537,lag,REJECT,REJECT,410633/524288,851623/1048576,0.7832202911376953,0.8121709823608398,1,5,71989039115/61378498571,1046314181025/874077276241,1813160150415/1776535949279,1.1728706434831766,0.15945428522976968,1.1970499742593823,1.020615513663466,2.433966144727927,0.9675085216607638,0.9675085216607638,15.621217861122467,0.008922131004902493
source_02_003,p0_strong_delay,3,16385,bridge,DO_NOT_REJECT,AVAILABLE_NONREJECTION,0,16145/16384,0.0,0.98541259765625,1,1,32529/239,117570649/514089,10843/6453,136.10460251046024,4.913423726208781,228.69707190778252,1.6803037346970402,465.5039334439658,0.07393760702840968,0.07393760702840968,0.021528327029655105,0.00266575426835077
source_02_003,p0_strong_delay,3,16385,intersection,REJECT,REJECT,199091/262144,431025/524288,0.7594718933105469,0.8221149444580078,1,5,60235350589/43016159805,35781127281/23637525025,158773822353/146874597185,1.4002958623470272,0.33668354454199817,1.5137425446681256,1.0810162233365106,3.081163667231506,0.9267816749616543,0.9267816749616543,6.272039847929552,0.004242152631506408
source_02_003,p0_strong_delay,3,16385,lag,REJECT,REJECT,398937/524288,215025/262144,0.7609119415283203,0.8202552795410156,1,5,59813611319/43501438775,1272742729281/852344400625,478419515289/440534350025,1.3749800697023038,0.31843923625152365,1.4932258936032592,1.0859982093606322,3.0394028274790683,0.9272808235254244,0.9272808235254244,6.356229835539663,0.004298793087087087
source_02_003,p0_strong_delay,3,65537,bridge,DO_NOT_REJECT,AVAILABLE_NONREJECTION,0,1032515/1048576,0.0,0.9846830368041992,1,2,2081091/16061,481215527809/2321601489,693697/433647,129.5741859161945,4.864253581333244,207.27740315857457,1.5996813076073395,421.905036559778,0.5662721149645038,0.5662721149645038,0.39322669597812737,0.0046285750870995864
source_02_003,p0_strong_delay,3,65537,intersection,REJECT,REJECT,409205/524288,850917/1048576,0.7804965972900391,0.811497688293457,1,5,218599352919/184513292887,1072771848009/871409181049,167502040587/161196674459,1.184734983039271,0.16951910657043393,1.2310770546594427,1.0391159814503725,2.5058091322990883,0.9670319339048732,0.9670319339048732,15.046085195671688,0.009868050316650697
source_02_003,p0_strong_delay,3,65537,lag,REJECT,REJECT,819171/1048576,850049/1048576,0.7812223434448242,0.8106698989868164,1,5,435554068125/370798208669,4262758976025/3488478856009,35133238107/33772868075,1.1746390838522243,0.16096093773304615,1.2219535080977433,1.0402799676053276,2.4872385105766432,0.9671544661371219,0.9671544661371219,15.144286158900703,0.009919518795418077
source_02_004,p0_strong_delay,4,16385,bridge,ABSTAIN,SCALE_UNAVAILABLE,0,1044909/1048576,0.0,0.9965028762817383,1,0,2093485/3667,4382679445225/4854326929,2093485/1323787,570.8985546768475,6.347211531309709,902.839777651284,1.5814364395480542,1834.1521705609293,-0.893765095691456,-0.8937650956914561,,
source_02_004,p0_strong_delay,4,16385,intersection,REJECT,REJECT,802495/1048576,868279/1048576,0.7653188705444336,0.8280553817749023,1,5,157233865085/111247516029,4905024543441/3426463847041,3593780950617/3548234701705,1.4133696706002161,0.34597669057559344,1.4315121251539964,1.012836312347127,2.9081694632085835,0.9288720171549458,0.9288720171549458,6.624309329343443,0.00351976713012526
source_02_004,p0_strong_delay,4,16385,lag,REJECT,REJECT,402001/524288,866315/1048576,0.7667560577392578,0.8261823654174805,1,5,78055425239/56275453143,14954110369/10592732241,2026195537/1990732289,1.3870243752752291,0.3271607152772114,1.4117330664810863,1.0178141723002916,2.867987579008769,0.9293663324059045,0.9293663324059045,6.7153233535738535,0.003568826978964663
source_02_004,p0_strong_delay,4,65537,bridge,DO_NOT_REJECT,AVAILABLE_NONREJECTION,0,1037381/1048576,0.0,0.989323616027832,1,2,2085957/11195,361,4041395/2085957,186.3293434569004,5.227515771682963,361.0,1.9374296785600087,733.3847599127811,0.4254553596773576,0.42545535967735765,0.22957169978232334,0.003631209517821487
source_02_004,p0_strong_delay,4,65537,intersection,REJECT,REJECT,817073/1048576,212273/262144,0.7792215347290039,0.8097572326660156,1,5,36609652917/31013927093,482342751081/386738465689,11545286113/10927106193,1.180426226166727,0.16587558187331664,1.2472065591450145,1.056573067844441,2.533745936122472,0.9668484521187999,0.9668484521187999,15.226438426389869,0.008650378340612585
source_02_004,p0_strong_delay,4,65537,lag,REJECT,REJECT,25557/32768,848239/1048576,0.779937744140625,0.8089437484741211,1,5,2735586593/2336931105,4211880201/3401805625,117015038667/110631734875,1.170589319962002,0.15750731427450665,1.238130765040404,1.0576986684626462,2.5153081270354147,0.9669694329739977,0.9669694329739976,15.32603515972193,0.008694371543463498
source_02_005,p0_strong_delay,5,16385,bridge,ABSTAIN,SCALE_UNAVAILABLE,0,260267/262144,0.0,0.9928398132324219,1,0,522411/1877,361,677597/522411,278.32232285562065,5.628779876797723,361.0,1.2970572977980939,735.1937584477146,-0.17296955751336773,-0.17296955751336782,,
source_02_005,p0_strong_delay,5,16385,intersection,REJECT,REJECT,201931/262144,438525/524288,0.7703056335449219,0.8364200592041016,1,5,57973859169/39800464225,927008872969/595778665689,446817442975/418287849039,1.4566126375125215,0.3761136287990003,1.5559618468327365,1.0682056483389264,3.1687906874631766,0.9257451316483276,0.9257451316483276,6.023053949909781,0.004010483297153906
source_02_005,p0_strong_delay,5,16385,lag,REJECT,REJECT,404645/524288,437471/524288,0.7717990875244141,0.8344097137451172,1,5,38355910679/26882392087,924980374081/610512510609,893409673147/841350752811,1.426804227647154,0.3554371375253711,1.5150883200711338,1.0618754070904057,3.0855497961588108,0.9267294453521127,0.9267294453521125,6.181556507737728,0.004073671568324272
source_02_005,p0_strong_delay,5,65537,bridge,DO_NOT_REJECT,AVAILABLE_NONREJECTION,0,1030155/1048576,0.0,0.9824323654174805,1,2,2078731/18421,4321122570361/27485992521,2078731/1492101,112.84571955919874,4.726021572187048,157.21180768930037,1.3931570315950461,320.16936223672036,0.622889733458847,0.6228897334588471,0.5013547111422474,0.0048704523299628365
source_02_005,p0_strong_delay,5,65537,intersection,REJECT,REJECT,205573/262144,855113/1048576,0.7841987609863281,0.8154993057250977,1,5,107693590419/90485933971,44741133441/37427932369,32977322519/32833186119,1.190169407474038,0.17409565621320633,1.1953942045181534,1.0043899607999538,2.434477446111682,0.967505105208997,0.967505105208997,15.237099842264724,0.010120124250549943
source_02_005,p0_strong_delay,5,65537,lag,REJECT,REJECT,823059/1048576,427117/524288,0.7849302291870117,0.8146610260009766,1,5,42911600277/36373728917,100574608225/84979829169,593560965725/591670234989,1.1797415759851995,0.16529541109045304,1.1835115368964386,1.0031955819714933,2.4102778254213955,0.9676671984734536,0.9676671984734536,15.369190405607277,0.010174696976621832
source_02_006,p0_strong_delay,6,16385,bridge,DO_NOT_REJECT,AVAILABLE_NONREJECTION,0,64349/65536,0.0,0.9818878173828125,1,1,129885/1187,1874457025/12680721,43295/32049,109.4229149115417,4.695220327940343,147.8194358980061,1.3509001840931074,300.19207398519325,0.26082739004279454,0.26082739004279454,0.09915934739633561,0.0028434158017640737
source_02_006,p0_strong_delay,6,16385,intersection,REJECT,REJECT,807281/1048576,874181/1048576,0.7698831558227539,0.833683967590332,1,5,30930110021/21576812101,410777164561/273722544225,396484670861/378725773725,1.4334884076580763,0.36011091956849633,1.500706365725364,1.0468911765928428,3.047638178518821,0.9271821213061592,0.9271821213061592,6.422100260642889,0.003191603242333404
source_02_006,p0_strong_delay,6,16385,lag,REJECT,REJECT,202201/262144,436083/524288,0.7713356018066406,0.8317623138427734,1,5,4428270681/3150580825,922312457641/630189884025,89188694399/85653811503,1.405541050037972,0.34042231765296976,1.4635469102585774,1.0412694173670975,2.9721746649627825,0.9280915938332454,0.9280915938332454,6.582958001274111,0.0032388717720777155
source_02_006,p0_strong_delay,6,65537,bridge,DO_NOT_REJECT,AVAILABLE_NONREJECTION,0,1035065/1048576,0.0,0.9871149063110352,1,2,2083641/13511,482395535209/1642924089,694547/364797,154.21811857005403,5.038367954680898,293.62009994181784,1.9039273897537534,596.284421123697,0.48292654620994946,0.4829265462099495,0.27503171243116453,0.0037951100059499194
source_02_006,p0_strong_delay,6,65537,intersection,REJECT,REJECT,25635/32768,851917/1048576,0.782318115234375,0.8124513626098633,1,5,13556216569/11485475577,4121254809/3410910409,16232037201/15856356097,1.180292141854946,0.16576198567841113,1.2082565399916958,1.0236927766822213,2.4537303531353363,0.9673767191903415,0.9673767191903415,15.670453368205242,0.008049443540037312
source_02_006,p0_strong_delay,6,65537,lag,REJECT,REJECT,821061/1048576,851075/1048576,0.783024787902832,0.8116483688354492,1,5,432199097265/369255177137,4192809093225/3495542511769,1213229880405/1183885932229,1.170461848676117,0.15739841337757723,1.1994730657997725,1.0247861279344301,2.4358928521433274,0.9674956495098025,0.9674956495098025,15.773111124981904,0.008090442975250718
source_02_007,p0_strong_delay,7,16385,bridge,ABSTAIN,NO_FINITE_SOURCE,0,1,0.0,1.0,0,0,,,,,,,,,,,,
source_02_007,p0_strong_delay,7,16385,intersection,REJECT,REJECT,204967/262144,223153/262144,0.7818870544433594,0.8512611389160156,1,5,9249275523/6071041667,235513178209/123144144561,226687566967/180580460967,1.5235071722989049,0.42101502720996875,1.912500014098011,1.2553272139914728,3.88681197832148,0.9177385187584748,0.9177385187584749,4.951540554389822,0.0030791757857988066
source_02_007,p0_strong_delay,7,16385,lag,REJECT,REJECT,102685/131072,445169/524288,0.7834243774414062,0.8490924835205078,1,5,27519975859/18494620083,939846874849/507045109041,25179706661/20213559477,1.4879989821632498,0.3974322523805921,1.8535764532401857,1.2456839523811098,3.7670604486695627,0.919019284707084,0.9190192847070842,5.108675748304922,0.0031370921694215547
source_02_007,p0_strong_delay,7,65537,bridge,DO_NOT_REJECT,AVAILABLE_NONREJECTION,0,520779/524288,0.0,0.9933071136474609,1,1,1045067/3509,361,1266749/1045067,297.8247363921345,5.696505180575101,361.0,1.2121222849826854,733.6675104997655,0.42534245739771603,0.4253424573977159,0.22817880031183385,0.004225627734624799
source_02_007,p0_strong_delay,7,65537,intersection,REJECT,REJECT,831063/1048576,864805/1048576,0.7925634384155273,0.824742317199707,1,5,416185241453/345423138669,3661026851161/2735514215721,3596465549459/3237779103363,1.2048562903361475,0.18636029869861626,1.3383322338889994,1.1107816298287432,2.7199193303571527,0.9656506465046371,0.9656506465046372,14.098684841353496,0.008265546687673101
source_02_007,p0_strong_delay,7,65537,lag,REJECT,REJECT,415923/524288,107987/131072,0.7933101654052734,0.8238754272460938,1,5,5181125707/4340954187,57149205481/43166295225,224765901449/202630088025,1.1935453551931254,0.17692816791225416,1.323931210290702,1.1092424804221026,2.6906518424568446,0.9658361758574565,0.9658361758574566,14.235877881451216,0.008314118883072326
source_02_008,p0_strong_delay,8,16385,bridge,ABSTAIN,SCALE_UNAVAILABLE,0,520053/524288,0.0,0.9919223785400391,1,0,1044341/4235,361,1528835/1044341,246.59763872491146,5.507758015359629,361.0,1.4639231821790009,734.5972494428291,-0.17247540859313604,-0.17247540859313598,,
source_02_008,p0_strong_delay,8,16385,intersection,REJECT,REJECT,817209/1048576,889359/1048576,0.7793512344360352,0.8481588363647461,1,5,89674841429/59412938069,3755592064225/2053354300209,3615770053975/2983842330759,1.509348709953629,0.4116782398710031,1.8290034329890064,1.211783215454034,3.721830723255446,0.9195082819381424,0.9195082819381424,5.163527133079245,0.0034956424737497276
source_02_008,p0_strong_delay,8,16385,lag,REJECT,REJECT,818813/1048576,221779/262144,0.7808809280395508,0.8460197448730469,1,5,111187600249/75377156985,234181469929/131975991225,301224162349/250408354365,1.4750834960666699,0.38871459569246597,1.7744247855638715,1.2029317596565885,3.610768883153468,0.9207217037132588,0.9207217037132587,5.320815157455769,0.003559067198922482
source_02_008,p0_strong_delay,8,65537,bridge,DO_NOT_REJECT,AVAILABLE_NONREJECTION,0,257443/262144,0.0,0.9820671081542969,1,2,519587/4701,269970650569/1790051481,519587/380781,110.52690916826207,4.7052590131958905,150.81725494184263,1.3645297428180503,306.8973425174392,0.6308888433820817,0.6308888433820817,0.5201449359951784,0.004670955935026773
source_02_008,p0_strong_delay,8,65537,intersection,REJECT,REJECT,826037/1048576,858839/1048576,0.7877702713012695,0.8190526962280273,1,5,1992836745/1669875337,44916444225/36000129169,44144011795/42223882243,1.1934045020272073,0.17681014853647584,1.2476745295591303,1.0454749646408539,2.538887195606684,0.9668147957829789,0.9668147957829789,14.788504381094883,0.009485961850674534
source_02_008,p0_strong_delay,8,65537,lag,REJECT,REJECT,413401/524288,857959/1048576,0.7884998321533203,0.8182134628295898,1,5,30201420935/25534209159,3634875706225/2943122095809,595912299205/570697576533,1.1827827032722082,0.16786988534530353,1.235040745132883,1.0441822844687374,2.513178765441657,0.9669834333703465,0.9669834333703465,14.92078733721381,0.009538191717168836
source_02_009,p0_strong_delay,9,16385,bridge,ABSTAIN,SCALE_UNAVAILABLE,0,1040183/1048576,0.0,0.9919958114624023,1,0,2088759/8393,361,3029873/2088759,248.86917669486476,5.516927363596758,361.0,1.4505613141583111,734.4151356148338,-0.17232450820738043,-0.1723245082073804,,
source_02_009,p0_strong_delay,9,16385,intersection,REJECT,REJECT,803795/1048576,435525/524288,0.7665586471557617,0.8306980133056641,1,5,234943985953/164422007073,921240994969/638188483689,197547751847/195547463127,1.4289083933192086,0.356910791447968,1.443524943671557,1.0102291724372865,2.936694092160504,0.928523168162576,0.928523168162576,6.713955441553067,0.003942695347092005
source_02_009,p0_strong_delay,9,16385,lag,REJECT,REJECT,805327/1048576,869029/1048576,0.7680196762084961,0.828770637512207,1,5,155485166215/110954240647,3677208936025/2611207141929,3555053662315/3537644884443,1.4013449626470318,0.33743246306123176,1.4082409920602863,1.0049210077440378,2.864912740061838,0.9294043004044559,0.929404300404456,6.877646842558537,0.004000146496880796
source_02_009,p0_strong_delay,9,65537,bridge,DO_NOT_REJECT,AVAILABLE_NONREJECTION,0,1039377/1048576,0.0,0.9912271499633789,1,2,2087953/9199,361,3320839/2087953,226.97608435699533,5.424844656675621,361.0,1.5904759350425992,734.4151356148338,0.42504403153496384,0.4250440315349639,0.22816804010768796,0.0032878982877559844
source_02_009,p0_strong_delay,9,65537,intersection,REJECT,REJECT,823679/1048576,856241/1048576,0.7855215072631836,0.8165750503540039,1,5,142795876283/120033388475,403147533721/332934770025,7204652833/7078183281,1.189634634972759,0.17364623054559494,1.210890450675151,1.0178675158553019,2.4634245832335133,0.9673122644395963,0.9673122644395963,15.255148208371882,0.009458042784987106
source_02_009,p0_strong_delay,9,65537,lag,REJECT,REJECT,103055/131072,427685/524288,0.7862472534179688,0.8157444000244141,1,5,8890475847/7539123527,906252592729/755903308329,20262052961/19929875121,1.1792452816511598,0.16487464203041752,1.1989001539527089,1.0166673317310446,2.4390316320050522,0.9674746904889442,0.9674746904889442,15.38832055501903,0.009508903500161044
source_02_010,p0_strong_delay,10,16385,bridge,ABSTAIN,SCALE_UNAVAILABLE,0,517789/524288,0.0,0.9876041412353516,1,0,1042077/6499,120658274881/380133009,347359/175473,160.3442068010463,5.077322797024066,317.41067474884824,1.9795581086548928,645.5241586686437,-0.09646479857030188,-0.09646479857030188,,
source_02_010,p0_strong_delay,10,16385,intersection,REJECT,REJECT,403555/524288,437145/524288,0.7697200775146484,0.8337879180908203,1,5,116076690389/80855022549,924353413489/615106098369,42478994239/40581138159,1.4356150889532542,0.3615933907914253,1.5027544287725199,1.0467669505119361,3.056180417015037,0.9270798810681884,0.9270798810681885,6.347395196471822,0.0035291966351788336
source_02_010,p0_strong_delay,10,16385,lag,REJECT,REJECT,404319/524288,872265/1048576,0.7711772918701172,0.8318567276000977,1,5,230441373929/163723628777,3689630147281/2517931066401,1783706398487/1713300203079,1.4075022380726303,0.3418166711353325,1.4653420010241844,1.0410939047818193,2.9800940473140027,0.9279956154705331,0.9279956154705331,6.506426742058859,0.0035817457275468855
source_02_010,p0_strong_delay,10,65537,bridge,DO_NOT_REJECT,AVAILABLE_NONREJECTION,0,1023457/1048576,0.0,0.9760446548461914,1,3,2072033/25119,4293320753089/51108097041,2072033/2034639,82.48867391217803,4.412660998003068,84.00470770110668,1.0183786902738028,170.84198036461595,0.7254909093141735,0.7254909093141735,0.8249893226404219,0.0027158963375510012
source_02_010,p0_strong_delay,10,65537,intersection,REJECT,REJECT,102915/131072,213929/262144,0.7851791381835938,0.8160743713378906,1,5,1031137497/867821785,2798092609/2324686225,12377210339/12218307795,1.1881903805860323,0.1724314611198556,1.2036431320962466,1.0130052824553188,2.447872053447819,0.9674157312958186,0.9674157312958185,15.541612270431154,0.008699979589215513
source_02_010,p0_strong_delay,10,65537,lag,REJECT,REJECT,824077/1048576,854849/1048576,0.7859010696411133,0.8152475357055664,1,5,427317009075/362783447731,402558525625/337771354761,1188151512175/1174270979871,1.177884525183329,0.16372005426435476,1.1918077715910578,1.0118205529574824,2.423802254476195,0.967576509949436,0.967576509949436,15.677827184085903,0.008746459756088206
source_02_011,p0_strong_delay,11,16385,bridge,ABSTAIN,SCALE_UNAVAILABLE,0,1034767/1048576,0.0,0.9868307113647461,1,0,2083343/13809,4340318055649/15445766961,2083343/1118529,150.8684915634731,5.016408540548358,281.0037252671328,1.862573969919421,571.388253469387,-0.029389343086902664,-0.029389343086902626,,
source_02_011,p0_strong_delay,11,16385,intersection,REJECT,REJECT,409965/524288,892905/1048576,0.7819461822509766,0.8515405654907227,1,5,221955932363/145436098763,3769348473361/1962910279521,1813834448693/1441538834373,1.5261405816770108,0.42274205291594447,1.9202856659759389,1.2582626325720394,3.904676608116933,0.917549143880865,0.917549143880865,4.933625182080396,0.003069650648978972
source_02_011,p0_strong_delay,11,16385,lag,REJECT,REJECT,821545/1048576,445311/524288,0.7834863662719727,0.8493633270263672,1,5,220129030569/147696546217,940122220801/505226688849,1813267451479/1452348410247,1.490414205390965,0.3990540715205314,1.8607928709046875,1.2485072030137856,3.783704958230587,0.9188400693905827,0.9188400693905827,5.091143174765449,0.00312773533548293
source_02_011,p0_strong_delay,11,65537,bridge,DO_NOT_REJECT,AVAILABLE_NONREJECTION,0,1033595/1048576,0.0,0.985713005065918,1,2,2082171/14981,481715119249/2019873249,694057/404487,138.98745077097658,4.934383646831816,238.48779594832882,1.7158944539626737,484.93707715489035,0.5345026575922707,0.5345026575922708,0.344326511522109,0.004222818090757266
source_02_011,p0_strong_delay,11,65537,intersection,REJECT,REJECT,827013/1048576,430199/524288,0.788701057434082,0.8205394744873047,1,5,211479003181/176472293421,911045433169/717071933601,1790225317843/1688577929667,1.1983694385185242,0.1809618315518707,1.2705077279958534,1.0601970370393539,2.583429066745614,0.9665246219254162,0.9665246219254162,14.866726270954342,0.008495976142327727
source_02_011,p0_strong_delay,11,65537,lag,REJECT,REJECT,413895/524288,859501/1048576,0.7894420623779297,0.8196840286254883,1,5,210638344261/177386950725,3640757837929/2895697805625,1790125404091/1690677074475,1.1874511817250248,0.17180914595531996,1.2572989594621005,1.0588215994156551,2.556570578745828,0.9666992934755196,0.9666992934755196,15.005501566100824,0.00854409470833396
source_02_012,p0_strong_delay,12,16385,bridge,DO_NOT_REJECT,AVAILABLE_NONREJECTION,0,516369/524288,0.0,0.9848957061767578,1,1,1040657/7919,1082966991649/5079555441,1040657/641439,131.41267836848087,4.878342588218489,213.2011362466395,1.6223787452898872,433.10931249377046,0.10771192253546968,0.10771192253546968,0.032459250687758484,0.002584048877654775
source_02_012,p0_strong_delay,12,16385,intersection,REJECT,REJECT,398721/524288,431237/524288,0.7604999542236328,0.8225193023681641,1,5,119982407675/85886910459,1277132790609/851945614081,946414928277/881958174725,1.396981298241904,0.3343136930999657,1.4990778395950222,1.0730836851442507,3.045314785426621,0.9272099541561591,0.9272099541561591,6.310414636535728,0.003928337157273325
source_02_012,p0_strong_delay,12,16385,lag,REJECT,REJECT,798939/1048576,430273/524288,0.761927604675293,0.8206806182861328,1,5,238293744357/173694122725,5047809173289/3413311675225,126735961797/117571051061,1.3719159901240694,0.3162082957409611,1.478859727322222,1.0779521034582307,3.004242524459567,0.927703730521946,0.9277037305219459,6.394991233604264,0.003980327774595084
source_02_012,p0_strong_delay,12,65537,bridge,DO_NOT_REJECT,AVAILABLE_NONREJECTION,0,1036791/1048576,0.0,0.9887609481811523,1,2,2085367/11785,361,4254385/2085367,176.9509546033093,5.175872601539901,361.0,2.040113322978641,733.3566066429235,0.42546660242084633,0.4254666024208464,0.2289155592704141,0.004132300474719513
source_02_012,p0_strong_delay,12,65537,intersection,REJECT,REJECT,204549/262144,850489/1048576,0.7802925109863281,0.8110895156860352,1,5,109376648675/92445816291,268691906025/217802356249,184822896393/177256068409,1.1831433055954128,0.16817471510299276,1.2336501342429056,1.0426886822658186,2.5061093524458844,0.967029956727019,0.9670299567270191,15.201575463082259,0.009191182237257437
source_02_012,p0_strong_delay,12,65537,lag,REJECT,REJECT,818953/1048576,849627/1048576,0.7810144424438477,0.810267448425293,1,5,435871067469/371543027021,4270864492449/3487664565841,194754977073/186576271073,1.1731375258574401,0.1596818056441507,1.2245628591346893,1.04383572440892,2.487648927966682,0.9671517532088927,0.9671517532088927,15.30120289220109,0.009238717784145006
source_02_013,p0_strong_delay,13,16385,bridge,DO_NOT_REJECT,AVAILABLE_NONREJECTION,0,128705/131072,0.0,0.9819412231445312,1,1,259777/2367,67484089729/453817809,259777/191727,109.74947190536544,4.698200240147489,148.7030442408222,1.354931751918092,302.4870879341205,0.2579370549298573,0.25793705492985725,0.09898071344856793,0.0031605259782594417
source_02_013,p0_strong_delay,13,16385,intersection,REJECT,REJECT,806065/1048576,219381/262144,0.7687234878540039,0.8368721008300781,1,5,116775109275/79310013083,231866325625/148122607689,893056007525/840010329333,1.4723879714001786,0.38688555310616096,1.5653675643614735,1.0631488403649991,3.1842218060001364,0.9255640795812523,0.9255640795812524,6.201473583073077,0.0034728927522681787
source_02_013,p0_strong_delay,13,16385,lag,REJECT,REJECT,807671/1048576,875335/1048576,0.7702550888061523,0.8347845077514648,1,5,463479779455/321578086527,3701433535921/2431007970561,1190418007339/1126834823835,1.441266674792798,0.36552236220830453,1.5225921020188287,1.0564263565156824,3.097209296571562,0.9265907844219748,0.9265907844219747,6.37288916916418,0.0035299086046084024
source_02_013,p0_strong_delay,13,65537,bridge,DO_NOT_REJECT,AVAILABLE_NONREJECTION,0,32177/32768,0.0,0.981964111328125,1,2,64945/591,4217853025/28291761,64945/47871,109.89001692047377,4.699480019435286,149.08414591088905,1.3566668755614046,303.2623130478623,0.6331089641970928,0.6331089641970928,0.529092554579434,0.0042329835044390765
source_02_013,p0_strong_delay,13,65537,intersection,REJECT,REJECT,413317/524288,860595/1048576,0.7883396148681641,0.8207273483276367,1,5,211862615041/176251925505,3644933907241/2862285365241,596682758485/563231867877,1.2020442581490536,0.18402365585866615,1.27343484039164,1.0593909764624772,2.5903813772641895,0.9664795560275588,0.9664795560275589,14.816275746808095,0.008505861292864157
source_02_013,p0_strong_delay,13,65537,lag,REJECT,REJECT,827423/1048576,859681/1048576,0.7890920639038086,0.8198556900024414,1,5,422016760321/354366831105,3641444778049/2890187003025,1193296074581/1127916790245,1.190903671782857,0.17471240698704066,1.259933967676728,1.0579646343608367,2.5629183236801,0.9666579292504583,0.9666579292504585,14.95734407499508,0.008555000139857548
source_02_014,p0_strong_delay,14,16385,bridge,ABSTAIN,SCALE_UNAVAILABLE,0,520539/524288,0.0,0.9928493499755859,1,0,1044827/3749,361,1353389/1044827,278.6948519605228,5.630117462700948,361.0,1.2953235320297045,734.4954784439359,-0.1723910827946289,-0.1723910827946289,,
source_02_014,p0_strong_delay,14,16385,intersection,REJECT,REJECT,407185/524288,442885/524288,0.7766437530517578,0.8447360992431641,1,5,5393279039/3610699839,103935956881/59638035681,11122167109/9532535509,1.493693544045382,0.4012519412021088,1.7427796823649042,1.1667585290921993,3.545883093132911,0.9214392225693266,0.9214392225693266,5.459133273885285,0.0032466402759512014
source_02_014,p0_strong_delay,14,16385,lag,REJECT,REJECT,815965/1048576,883565/1048576,0.7781648635864258,0.8426332473754883,1,5,449437250151/307669774951,414796538209/245057671089,171550291061/148050155781,1.4607780378250614,0.37896919639797433,1.6926486584390752,1.158730905455865,3.4438858343980465,0.9225804565824873,0.9225804565824873,5.619513674690621,0.003303211574815455
source_02_014,p0_strong_delay,14,65537,bridge,DO_NOT_REJECT,AVAILABLE_NONREJECTION,0,1036105/1048576,0.0,0.9881067276000977,1,2,2084681/12471,4345894871761/12597593121,2084681/1010151,167.16229652794482,5.1189651759870465,344.9781898826735,2.0637320559005534,701.8972870653664,0.4381621419810465,0.4381621419810465,0.2298441854093795,0.004216162153882592
source_02_014,p0_strong_delay,14,65537,intersection,REJECT,REJECT,818553/1048576,212801/262144,0.7806329727172852,0.8117713928222656,1,5,109248273735/92129746247,4285757022849/3486170702641,306450672003/295594527635,1.1858089073870366,0.1704251639740295,1.2293594859259938,1.0367264727627339,2.501271423254304,0.967061832571368,0.9670618325713679,15.355182722297613,0.008977365808284433
source_02_014,p0_strong_delay,14,65537,lag,REJECT,REJECT,819317/1048576,212583/262144,0.7813615798950195,0.8109397888183594,1,5,108835437293/92574644973,473037201729/387669362161,306782243073/295579746737,1.1756506041664276,0.16182170003125462,1.2202078572630317,1.0379000809753305,2.482651395904322,0.9671848029487489,0.9671848029487489,15.457109240638854,0.009024513281120977
source_02_015,p0_strong_delay,15,16385,bridge,DO_NOT_REJECT,AVAILABLE_NONREJECTION,0,1029735/1048576,0.0,0.9820318222045898,1,1,2078311/18841,4319376612721/28753645761,2078311/1526121,110.30789236240115,4.703275477302531,150.2201372522849,1.3618258316345822,305.023314125841,0.25475504583000996,0.25475504583000996,0.09633402049510731,0.002709723034623184
source_02_015,p0_strong_delay,15,16385,intersection,REJECT,REJECT,411727/524288,898677/1048576,0.7853069305419922,0.8570451736450195,1,5,219184744933/140307712485,3791794246009/1820046526281,607552672265/455565096153,1.5621717512957998,0.44607700138801143,2.0833501733370405,1.3336242776179577,4.230260908953095,0.9141703193500289,0.9141703193500289,4.654258064622103,0.0025278083108578307
source_02_015,p0_strong_delay,15,16385,lag,REJECT,REJECT,412551/524288,896289/1048576,0.7868785858154297,0.8547677993774414,1,5,217313380505/142668400793,3782499868225/1878497759889,1822025381735/1378303494039,1.5232061149988192,0.4208173996207101,2.0135769916747237,1.3219333692579645,4.088585847959097,0.9156241004213319,0.9156241004213319,4.817102732247619,0.002579924475867716
source_02_015,p0_strong_delay,15,65537,bridge,DO_NOT_REJECT,AVAILABLE_NONREJECTION,0,1034179/1048576,0.0,0.9862699508666992,1,2,2082755/14397,4337868390025/16789162329,2082755/1166157,144.6659026186011,4.9744269639801075,258.3731281537602,1.7859987977605074,524.6289164159438,0.5155181582437073,0.5155181582437073,0.317775513403208,0.0036516126288334786
source_02_015,p0_strong_delay,15,65537,intersection,REJECT,REJECT,413699/524288,860245/1048576,0.7890682220458984,0.8203935623168945,1,5,70364868523/58884009899,3643597610041/2872953810441,1790449283327/1687014293679,1.1949741303911263,0.17812453694088565,1.2682409291786372,1.0613124559972942,2.575174396748329,0.9665782085379279,0.9665782085379279,15.16779005239608,0.007357786156484328
source_02_015,p0_strong_delay,15,65537,lag,REJECT,REJECT,207041/262144,859363/1048576,0.7897987365722656,0.8195524215698242,1,5,105133162717/88775901405,3640231227721/2899926308889,298392119905/281507506353,1.1842533959455661,0.1691125304093931,1.255284045171348,1.0599792658133504,2.5488653294492485,0.9667495725936069,0.966749572593607,15.30928777658796,0.007398773509426809
source_02_016,p0_strong_delay,16,16385,bridge,DO_NOT_REJECT,AVAILABLE_NONREJECTION,0,258407/262144,0.0,0.9857444763183594,1,1,520551/3737,3345349921/13965169,57839/33633,139.2964945143163,4.936604715460619,239.5495479503327,1.7197098088187197,487.00116794576945,0.05213244658789029,0.05213244658789027,0.014948853170121198,0.002298950403513879
source_02_016,p0_strong_delay,16,16385,intersection,REJECT,REJECT,197827/262144,428251/524288,0.7546501159667969,0.8168239593505859,1,5,61264450863/44174234927,335070795609/211573320841,166773916683/146046772123,1.3868819904689325,0.3270580551382968,1.583710055110445,1.1419212780857881,3.2196622916865514,0.925149904247561,0.9251499042475612,6.122220694887726,0.003907962530655847
source_02_016,p0_strong_delay,16,16385,lag,REJECT,REJECT,792813/1048576,854577/1048576,0.7560853958129883,0.8149881362915039,1,5,486756120739/357227624611,5298591685689/3390713449321,4019039065197/3504444999517,1.3625937279320124,0.30939003633202133,1.5626775204935286,1.1468403886352687,3.1769034177461095,0.9256498911028895,0.9256498911028895,6.203544826349918,0.003957951028062323
source_02_016,p0_strong_delay,16,65537,bridge,DO_NOT_REJECT,AVAILABLE_NONREJECTION,0,1030117/1048576,0.0,0.982396125793457,1,2,2078693/18459,4320964588249/27599509161,2078693/1495179,112.61135489463135,4.723942553380017,156.55947223709396,1.390263640674461,318.2834051861634,0.624016425044918,0.6240164250449179,0.5094435372028719,0.004107642255801763
source_02_016,p0_strong_delay,16,65537,intersection,REJECT,REJECT,817771/1048576,425133/524288,0.7798871994018555,0.8108768463134766,1,5,43826222781/37011527357,4314946790025/3483251124409,264817578825/253135576441,1.184123593664965,0.16900291755527364,1.2387699410438324,1.046149192255964,2.51840345041912,0.9669490919892457,0.9669490919892457,15.297735961132846,0.008796555643306433
source_02_016,p0_strong_delay,16,65537,lag,REJECT,REJECT,204633/262144,424699/524288,0.7806129455566406,0.8100490570068359,1,5,54577191357/46485854653,267908724801/217880767729,51547166811/49218367211,1.174060190232037,0.16046798945456928,1.229611624713131,1.0473156614484262,2.499784710423029,0.9670716343083039,0.9670716343083039,15.399017460510967,0.008842336361979768
source_02_017,p0_strong_delay,17,16385,bridge,ABSTAIN,SCALE_UNAVAILABLE,0,517377/524288,0.0,0.9868183135986328,1,0,1041665/6911,1085065972225/3868715601,1041665/559791,150.72565475329185,5.015461328391855,280.47188889887076,1.860810552509776,570.6793333312544,-0.02872893654466957,-0.028728936544669566,,
source_02_017,p0_strong_delay,17,16385,intersection,REJECT,REJECT,811079/1048576,879731/1048576,0.7735052108764648,0.8389768600463867,1,5,152655709193/104664482825,413151987361/256577706225,79688572313/72180325737,1.45852446859401,0.37742528673205866,1.610241175820224,1.104020680141531,3.276375983088123,0.9244918091595044,0.9244918091595044,6.0004051494961885,0.003501761227590089
source_02_017,p0_strong_delay,17,16385,lag,REJECT,REJECT,812629/1048576,438821/524288,0.7749834060668945,0.8369846343994141,1,5,75747559741/53023869245,927578945881/591673255209,1792543286345/1633420262169,1.4285558715265347,0.356664053948011,1.5677216059957724,1.0974170749937326,3.1898609321280644,0.9254980250884872,0.9254980250884873,6.160664127606704,0.0035573731997490935
source_02_017,p0_strong_delay,17,65537,bridge,DO_NOT_REJECT,AVAILABLE_NONREJECTION,0,63327/65536,0.0,0.9662933349609375,1,3,128863/2209,81,178929/128863,58.335445903123585,4.066209900081758,81.0,1.388521142608817,164.8116186663501,0.7304248244390255,0.7304248244390256,0.8469019900690448,0.004225332687632866
source_02_017,p0_strong_delay,17,65537,intersection,REJECT,REJECT,816049/1048576,423851/524288,0.7782449722290039,0.8084316253662109,1,5,73489305751/62425780375,4379573264049/3476826390625,1891699458219/1767923682875,1.1772268653998383,0.163161558557345,1.2596468077492131,1.0700119448271181,2.563017646087019,0.9666572824356836,0.9666572824356836,14.864406153061648,0.009434249752933247
source_02_017,p0_strong_delay,17,65537,lag,REJECT,REJECT,816793/1048576,211715/262144,0.7789545059204102,0.8076286315917969,1,5,109832460597/94068693301,4351592086209/3479601506161,105197264163/98213543219,1.1675771900600262,0.15493082405847589,1.2506007019780998,1.0711075144537598,2.5446114320775846,0.966777363066629,0.966777363066629,14.959536134153808,0.009481256631194819
source_02_018,p0_strong_delay,18,16385,bridge,DO_NOT_REJECT,AVAILABLE_NONREJECTION,0,1029933/1048576,0.0,0.9822206497192383,1,1,2078509/18643,4320199663081/28152477369,2078509/1510083,111.49004988467522,4.713935348215699,153.45717559614033,1.3764203689466075,311.7133344980709,0.24642144241424113,0.2464214424142411,0.09086639346652214,0.002793326574021067
source_02_018,p0_strong_delay,18,16385,intersection,REJECT,REJECT,12813/16384,444459/524288,0.78204345703125,0.8477382659912109,1,5,80451059/54203891,938470750009/516186208521,28284506159/23090618079,1.484230329516381,0.3948963412705748,1.8180856724125751,1.224934995773181,3.69302735534737,0.9198212281905281,0.9198212281905283,5.261899452857816,0.002862633336147333
source_02_018,p0_strong_delay,18,16385,lag,REJECT,REJECT,102697/131072,55425/65536,0.7835159301757812,0.8457183837890625,1,5,3432268375/2363638359,14631563521/8280818001,9425644003/7746289875,1.4521123174071826,0.3730192669971839,1.7669224851014813,1.2167946404148735,3.5891009820231137,0.9209605928882983,0.9209605928882983,5.414176358286483,0.002911556361168101
source_02_018,p0_strong_delay,18,65537,bridge,DO_NOT_REJECT,AVAILABLE_NONREJECTION,0,1040621/1048576,0.0,0.9924135208129883,1,2,2089197/7955,361,2871755/2089197,262.62690131992457,5.5707343988150155,361.0,1.374573580184157,733.289357872385,0.42549345842482533,0.4254934584248253,0.23016419803854163,0.002293392671520002
source_02_018,p0_strong_delay,18,65537,intersection,REJECT,REJECT,829451/1048576,862591/1048576,0.7910261154174805,0.8226308822631836,1,5,83756893775/69856970319,3652559301889/2801824038225,1196407742503/1100357004375,1.198976900837903,0.1814686105035868,1.3036362212821024,1.0872905227540735,2.648040353471289,0.966108103217651,0.966108103217651,14.733653165018817,0.00756669573868199
source_02_018,p0_strong_delay,18,65537,lag,REJECT,REJECT,415111/524288,215425/262144,0.7917613983154297,0.8217811584472656,1,5,52139550713/43887781881,228072149761/176795861841,149542613677/137717287101,1.1880197284605165,0.17228782725081387,1.2900310413719691,1.0858666825707035,2.620404526213561,0.9662856308953699,0.9662856308953699,14.873882234318863,0.007609797714586447
source_02_019,p0_strong_delay,19,16385,bridge,ABSTAIN,SCALE_UNAVAILABLE,0,64897/65536,0.0,0.9902496337890625,1,0,130433/639,361,230679/130433,204.12050078247262,5.318710509565643,361.0,1.7685631703633282,734.898390071658,-0.17272489714384165,-0.17272489714384173,,
source_02_019,p0_strong_delay,19,16385,intersection,REJECT,REJECT,810617/1048576,439353/524288,0.7730646133422852,0.8379993438720703,1,5,32758149817/22558651065,928603976881/584330292225,22118451873/20211047665,1.452132475590468,0.3730331488733497,1.5891765140997265,1.094374336235083,3.235133689062544,0.9249698090081355,0.9249698090081355,6.0427426221617155,0.0038858881185610764
source_02_019,p0_strong_delay,19,16385,lag,REJECT,REJECT,406079/524288,876639/1048576,0.7745342254638672,0.8360280990600586,1,5,227577739935/159964510879,3706452796225/2394548889489,1791156503905/1646284567473,1.422676434194481,0.35253991039530846,1.5478710050543014,1.0879993284844882,3.1510468411440593,0.9259538616833813,0.9259538616833813,6.200503408641272,0.0039465409752595885
source_02_019,p0_strong_delay,19,65537,bridge,DO_NOT_REJECT,AVAILABLE_NONREJECTION,0,32485/32768,0.0,0.991363525390625,1,2,65253/283,361,102163/65253,230.57597173144876,5.440580403496286,361.0,1.5656444914410066,734.898390071658,0.42485121094455347,0.4248512109445534,0.22830244982047482,0.0033647506583456143
source_02_019,p0_strong_delay,19,65537,intersection,REJECT,REJECT,205661/262144,855253/1048576,0.7845344543457031,0.8156328201293945,1,5,107533973407/90437466015,3624564861241/3027276368649,22836428855/22678884711,1.1890423089603634,0.17314820072599355,1.1973022677340013,1.0069467324344916,2.437383681404052,0.9674856929049056,0.9674856929049056,15.3305295849578,0.009920751674195868
source_02_019,p0_strong_delay,19,65537,lag,REJECT,REJECT,411703/524288,213595/262144,0.7852611541748047,0.8148002624511719,1,5,53561075315/45441427059,226327596121/190917437481,4497852751/4472091135,1.17868383062569,0.164398418183689,1.185473674417634,1.0057605301909842,2.413303863717042,0.9676468852690582,0.9676468852690582,15.463016329821079,0.009973931623567609
source_02_020,p0_strong_delay,20,16385,bridge,DO_NOT_REJECT,AVAILABLE_NONREJECTION,0,515287/524288,0.0,0.9828319549560547,1,1,1039575/9001,120079575625/729162009,346525/243027,115.49550049994446,4.749231572492579,164.68161278682308,1.425870376542524,335.1068317554562,0.21792881054902535,0.2179288105490254,0.07684312163976417,0.0030888787891433446
source_02_020,p0_strong_delay,20,16385,intersection,REJECT,REJECT,808169/1048576,877417/1048576,0.7707300186157227,0.8367700576782227,1,5,463022199151/317798617455,3709449036049/2372927665761,397341985865/370330395417,1.4569673174130895,0.3763570955360091,1.5632372994645736,1.0729391667070276,3.180995679120798,0.9256018953226383,0.9256018953226383,6.051030239755109,0.003610066780324539
source_02_020,p0_strong_delay,20,16385,lag,REJECT,REJECT,809733/1048576,875311/1048576,0.772221565246582,0.8347616195678711,1,5,459506942741/321979908885,3701341188769/2431681578225,3575176527083/3352033723995,1.4271292402443652,0.35566490218931496,1.5221323473901485,1.0665693789088897,3.0973521561675015,0.9265890870719997,0.9265890870719998,6.211459151834119,0.0036670401805800534
source_02_020,p0_strong_delay,20,65537,bridge,DO_NOT_REJECT,AVAILABLE_NONREJECTION,0,518441/524288,0.0,0.9888477325439453,1,2,1042729/5847,361,2110767/1042729,178.33572772361896,5.183667884625345,361.0,2.0242718865592115,734.5906092158415,0.42497400976641764,0.4249740097664176,0.22885591831073201,0.004188397172627528
source_02_020,p0_strong_delay,20,65537,intersection,REJECT,REJECT,205121/262144,852791/1048576,0.7824745178222656,0.8132848739624023,1,5,36140550147/30494492675,29264602761/24259620025,2232849611/2193684571,1.18515007061025,0.16986940843388035,1.206309197375815,1.0178535421718111,2.4546908814486783,0.9673703271910253,0.9673703271910253,15.449962862347052,0.009270265552275241
source_02_020,p0_strong_delay,20,65537,lag,REJECT,REJECT,821241/1048576,851929/1048576,0.7831964492797852,0.8124628067016602,1,5,432051304175/367693903599,4186177380225/3496215613489,724216881069/710719311517,1.1750298276530224,0.16129353251053746,1.1973453136225378,1.018991420851067,2.436450480265133,0.967491924996584,0.967491924996584,15.55148754732243,0.009318759551486432
source_02_021,p0_strong_delay,21,16385,bridge,ABSTAIN,SCALE_UNAVAILABLE,0,1040541/1048576,0.0,0.9923372268676758,1,0,2089117/8035,361,2900635/2089117,260.00211574362163,5.560689768457887,361.0,1.3884502399817722,734.6928753437154,-0.17255463773254098,-0.17255463773254107,,
source_02_021,p0_strong_delay,21,16385,intersection,REJECT,REJECT,201651/262144,874073/1048576,0.7692375183105469,0.8335809707641602,1,5,116306805957/80933618885,410731019689/274061673081,297238330985/285017669433,1.4370641960575417,0.3626022797647012,1.4986809905652398,1.0428768559377781,3.0500560836048303,0.9271531674651254,0.9271531674651253,6.284956901619374,0.0037867394794712027
source_02_021,p0_strong_delay,21,16385,lag,REJECT,REJECT,404069/524288,436019/524288,0.7707004547119141,0.8316402435302734,1,5,38482382411/27315048011,922189534249/631104725241,891507725599/859540483791,1.4088345147884354,0.3427627773236853,1.4612305967077706,1.0371910833879616,2.973838528076025,0.9280714182216437,0.9280714182216437,6.442366233544275,0.00384331615179092
source_02_021,p0_strong_delay,21,65537,bridge,DO_NOT_REJECT,AVAILABLE_NONREJECTION,0,64847/65536,0.0,0.9894866943359375,1,2,130383/689,361,248729/130383,189.23512336719884,5.242990280864213,361.0,1.9076796821671538,734.6928753437154,0.42493320474432084,0.42493320474432084,0.22871459467477953,0.004000419213841844
source_02_021,p0_strong_delay,21,65537,intersection,REJECT,REJECT,824763/1048576,857495/1048576,0.786555290222168,0.8177709579467773,1,5,426603468723/357959489459,403678517449/328607537049,1190239047023/1154693120031,1.1917646585308987,0.1754351150321032,1.2284517910762522,1.0307838735464585,2.5000963396314377,0.9670695795297933,0.9670695795297933,15.136431774698295,0.009214920002819673
source_02_021,p0_strong_delay,21,65537,lag,REJECT,REJECT,825527/1048576,428309/524288,0.7872838973999023,0.8169345855712891,1,5,212475808253/179874531837,907441044409/746169443721,595088298497/578016539217,1.1812445379735184,0.1665685758773628,1.2161326787703477,1.029535070576226,2.475024971094853,0.9672353021464389,0.9672353021464389,15.270902421200718,0.009265149159498649
source_02_022,p0_strong_delay,22,16385,bridge,ABSTAIN,SCALE_UNAVAILABLE,0,1038373/1048576,0.0,0.990269660949707,1,0,2086949/10203,361,3683283/2086949,204.5426835244536,5.320776675094549,361.0,1.764912798539878,733.4075429266883,-0.17148929869471985,-0.17148929869471982,,
source_02_022,p0_strong_delay,22,16385,intersection,REJECT,REJECT,810549/1048576,441817/524288,0.7729997634887695,0.8426990509033203,1,5,45991814967/30664779575,11522949025/6801465841,199567773125/176672922453,1.4998253894019715,0.4053486942669838,1.6941861202240214,1.1295889056122377,3.4419082539999954,0.9226027484046133,0.9226027484046133,5.721264191555745,0.0029643858381594316
source_02_022,p0_strong_delay,22,16385,lag,REJECT,REJECT,406089/524288,440685/524288,0.7745532989501953,0.8405399322509766,1,5,114058843627/77782308331,931172890729/566146390329,897788684821/800425070757,1.4663854297255672,0.3828004814094118,1.64475638569006,1.121639885632166,3.341486813135533,0.9237432229802377,0.9237432229802376,5.892335429719012,0.0030167086838323864
source_02_022,p0_strong_delay,22,65537,bridge,DO_NOT_REJECT,AVAILABLE_NONREJECTION,0,1025437/1048576,0.0,0.9779329299926758,1,3,2074013/23139,4301529924169/43368479001,2074013/1874259,89.63278447642509,4.4957211512308595,99.18563028391691,1.1065775861287048,201.505510803774,0.7016283173621141,0.701628317362114,0.732451239118902,0.002212861495493831
source_02_022,p0_strong_delay,22,65537,intersection,REJECT,REJECT,826785/1048576,859989/1048576,0.7884836196899414,0.8201494216918945,1,5,423302539915/353668704907,3642620359225/2880769582089,3579248366965/3387978844677,1.196890010458547,0.17972653468351862,1.2644608516671234,1.0564553472901732,2.568878466338428,0.9666191372774601,0.9666191372774601,15.118470460940829,0.00763997424361689
source_02_022,p0_strong_delay,22,65537,lag,REJECT,REJECT,827559/1048576,859097/1048576,0.7892217636108398,0.8192987442016602,1,5,421628163441/355488183665,404357363881/323120622969,1193017361285/1130708163861,1.18605394726236,0.17063178627153272,1.251413048679947,1.0551063478760376,2.54237055185251,0.9667920119312573,0.9667920119312573,15.260303172738293,0.007682947402396698
source_02_023,p0_strong_delay,23,16385,bridge,ABSTAIN,SCALE_UNAVAILABLE,0,4053/4096,0.0,0.989501953125,1,0,8149/43,361,15523/8149,189.51162790697674,5.244450383626657,361.0,1.9048963062952509,733.9026691409623,-0.17189978301370779,-0.17189978301370784,,
source_02_023,p0_strong_delay,23,16385,intersection,REJECT,REJECT,804501/1048576,871991/1048576,0.7672319412231445,0.8315954208374023,1,5,93752478105/65445120409,409841955721/280640360025,1186319511553/1163699564625,1.4325358028084119,0.35944616252892536,1.4603813780900596,1.0194379611504703,2.968913549429506,0.9281311536562925,0.9281311536562926,6.619313221125158,0.003337104336819787
source_02_023,p0_strong_delay,23,16385,lag,REJECT,REJECT,806037/1048576,869959/1048576,0.7686967849731445,0.8296575546264648,1,5,465319560365/331265410221,3680776546225/2584226647809,209302350115/206414627859,1.40467294805868,0.33980449850646144,1.4243241974714929,1.0139899109183899,2.8956103330924865,0.9290261517372358,0.9290261517372358,6.784050607186445,0.0033862960208520853
source_02_023,p0_strong_delay,23,65537,bridge,DO_NOT_REJECT,AVAILABLE_NONREJECTION,0,1023619/1048576,0.0,0.9761991500854492,1,3,2072195/24957,4293992118025/50450999769,2072195/2021517,83.03061265376448,4.419209366950372,85.1121313291293,1.0250692920217837,173.03052730948508,0.7237214742833615,0.7237214742833615,0.8230026648536797,0.002505313492025891
source_02_023,p0_strong_delay,23,65537,intersection,REJECT,REJECT,205273/262144,426845/524288,0.7830543518066406,0.8141422271728516,1,5,6010209427/5060723859,261979161921/218478651889,448876149093/444575733461,1.1876185293752857,0.17195006615631922,1.1991064557378395,1.0096730777420564,2.43774910928022,0.9674832528335501,0.9674832528335502,15.845014387721115,0.008193601744279182
source_02_023,p0_strong_delay,23,65537,lag,REJECT,REJECT,821855/1048576,426409/524288,0.7837820053100586,0.8133106231689453,1,5,71847658179/61025305283,462621706569/388723569529,2017384069/1995749877,1.1773420525438127,0.16325939994409605,1.190104595740205,1.0108401319470557,2.4194485855143,0.9676056760113335,0.9676056760113334,15.95175631514838,0.008237202698028821
source_02_024,p0_strong_delay,24,16385,bridge,ABSTAIN,SCALE_UNAVAILABLE,0,261113/262144,0.0,0.9960670471191406,1,0,523257/1031,273797888049/383728921,523257/372191,507.52376333656645,6.229543534128224,713.519031444075,1.405883000932317,1451.7099981980841,-0.6738103367710305,-0.6738103367710304,,
source_02_024,p0_strong_delay,24,16385,intersection,REJECT,REJECT,397893/524288,859683/1048576,0.7589206695556641,0.8198575973510742,1,5,241194396305/174193535633,1294031378025/850417796761,1933885589535/1759760192879,1.3846345986866062,0.32543627716756124,1.5216419305353184,1.0989483665789301,3.0958989275518634,0.9266063550556202,0.9266063550556202,6.191708820824746,0.004191970965446034
source_02_024,p0_strong_delay,24,16385,lag,REJECT,REJECT,797263/1048576,428899/524288,0.7603292465209961,0.8180599212646484,1,5,239548284531/176072736371,5115816141489/3407121613921,647257385439/586476579631,1.3605075349442615,0.30785781758985625,1.5015067617740807,1.1036372259677312,3.0549323597128306,0.9270948099253871,0.9270948099253871,6.272994731846542,0.004245374880996585
source_02_024,p0_strong_delay,24,65537,bridge,DO_NOT_REJECT,AVAILABLE_NONREJECTION,0,518123/524288,0.0,0.9882411956787109,1,2,1042411/6165,1086620692921/3078585225,1042411/499365,169.0853203568532,5.13040344170964,352.9610562985145,2.0874730908253483,718.1267377915365,0.4315792529461029,0.43157925294610283,0.2284477207835982,0.004500888972915941
source_02_024,p0_strong_delay,24,65537,intersection,REJECT,REJECT,103185/131072,107331/131072,0.7872390747070312,0.8188705444335938,1,5,6648344461/5561495437,56835990409/45654441561,55847571571/53627286627,1.1954238812764848,0.17850083485317497,1.244916999654022,1.04140214960796,2.5328805199026503,0.9668541207600065,0.9668541207600065,14.952288778786878,0.00915307115768234
source_02_024,p0_strong_delay,24,65537,lag,REJECT,REJECT,413127/524288,428879/524288,0.7879772186279297,0.8180217742919922,1,5,105954996887/89437827735,908527329889/737333059761,893513043305/859066547769,1.1846776645888537,0.16947072457966006,1.2321803801710602,1.0400975868813165,2.5069668763531032,0.967024309930947,0.967024309930947,15.08808683109525,0.009204007609690661
source_02_025,p0_strong_delay,25,16385,bridge,DO_NOT_REJECT,AVAILABLE_NONREJECTION,0,258263/262144,0.0,0.9851951599121094,1,1,520407/3881,3343499329/15062161,57823/34929,134.09095593919093,4.898518345352506,221.98005511958078,1.6554439004838386,451.28441183801647,0.08862186928748295,0.08862186928748295,0.02655226468333349,0.0023488505643530205
source_02_025,p0_strong_delay,25,16385,intersection,REJECT,REJECT,800599/1048576,54249/65536,0.7635107040405273,0.8277740478515625,1,5,5940784989/4174327645,4980899994849/3419448180625,226712228319/221503427375,1.4231717043380288,0.3528879754532024,1.4566385369052737,1.0235156674807637,2.9613393195788063,0.9282231183456346,0.9282231183456346,6.638079602058017,0.003522431318861356
source_02_025,p0_strong_delay,25,16385,lag,REJECT,REJECT,802137/1048576,865963/1048576,0.7649774551391602,0.8258466720581055,1,5,471817076621/337964253069,4919306638401/3425138608369,3645240173667/3543262216307,1.3960561578229167,0.3336512311979156,1.4362357851390724,1.028780810206671,2.9198606208473947,0.9287288322982944,0.9287288322982943,6.730685656230684,0.0035728713640818775
source_02_025,p0_strong_delay,25,65537,bridge,DO_NOT_REJECT,AVAILABLE_NONREJECTION,0,515193/524288,0.0,0.9826526641845703,1,2,1039481/9095,1080520749361/6700241025,1039481/736695,114.29147883452447,4.738752017142659,161.2659522738587,1.411005911537339,327.8529252648444,0.6183325646642848,0.6183325646642849,0.49229339595002036,0.004005477859415758
source_02_025,p0_strong_delay,25,65537,intersection,REJECT,REJECT,816653/1048576,848211/1048576,0.7788209915161133,0.8089170455932617,1,5,439908531401/373726608585,484094501361/386564358049,1254669801165/1179314039741,1.1770864618566426,0.16304228510148272,1.2522998855979302,1.0638979600722378,2.5459197990217373,0.9667688131126329,0.9667688131126329,15.063287878653686,0.008684566075836769
source_02_025,p0_strong_delay,25,65537,lag,REJECT,REJECT,817395/1048576,211843/262144,0.7795286178588867,0.8081169128417969,1,5,109576788647/93860207271,4329017035641/3481847772841,941919473961/884445996377,1.1674466936837455,0.1548190510035405,1.243310253081155,1.0649824611332195,2.527643918241424,0.9668884421292065,0.9668884421292065,15.16054908941175,0.008727821526824263
source_02_026,p0_strong_delay,26,16385,bridge,DO_NOT_REJECT,AVAILABLE_NONREJECTION,0,1033129/1048576,0.0,0.9852685928344727,1,1,2081705/15447,4333495707025/19327394529,2081705/1251207,134.76435553829222,4.9035277387216905,224.21520399569425,1.6637574757813856,456.4855709376647,0.08322580985087913,0.08322580985087911,0.024925809002342907,0.0026814780279397978
source_02_026,p0_strong_delay,26,16385,intersection,REJECT,REJECT,200229/262144,868115/1048576,0.7638130187988281,0.8278989791870117,1,5,118671923265/83440293953,310510845225/213788791129,43096793715/42201246083,1.4222375982021966,0.3522314047668306,1.4524187333920513,1.0212208812564127,2.957017110961675,0.928275650129687,0.928275650129687,6.638187007394165,0.0040416660464495085
source_02_026,p0_strong_delay,26,16385,lag,REJECT,REJECT,401225/524288,216525/262144,0.7652759552001953,0.8259773254394531,1,5,3100339113/2222156713,1226704659489/856574313169,26749111221/26059669541,1.395193729975245,0.33303328016537936,1.4321053534172161,1.0264562710173777,2.915660571841052,0.9287802385808184,0.9287802385808185,6.729892612070263,0.004099387408303411
source_02_026,p0_strong_delay,26,65537,bridge,DO_NOT_REJECT,AVAILABLE_NONREJECTION,0,1023517/1048576,0.0,0.9761018753051758,1,3,2072093/25059,4293569400649/50864231961,2072093/2029779,82.68857496308712,4.4150814421001146,84.41235098056886,1.020846604482557,171.8573029164226,0.724668649184854,0.7246686491848541,0.830819215525156,0.002966349591916213
source_02_026,p0_strong_delay,26,65537,intersection,REJECT,REJECT,824089/1048576,857233/1048576,0.7859125137329102,0.8175210952758789,1,5,142609781661/119440446365,3632107944481/2965583635569,3568941810985/3479275299321,1.1939823234182871,0.17729421035352533,1.224753165251438,1.0257716058517987,2.4935068538360636,0.9671130556388365,0.9671130556388364,15.285111334396284,0.009436429027686377
source_02_026,p0_strong_delay,26,65537,lag,REJECT,REJECT,824863/1048576,107043/131072,0.7866506576538086,0.8166732788085938,1,5,53269420995/45016865731,56698753225/46768820121,446093927485/435423573837,1.1833214092094608,0.1683252380440449,1.2123195128358881,1.024505686621355,2.46819285719085,0.967280607686402,0.9672806076864019,15.422110643418257,0.009488488667842234
source_02_027,p0_strong_delay,27,16385,bridge,ABSTAIN,SCALE_UNAVAILABLE,0,519637/524288,0.0,0.9911289215087891,1,0,1043925/4651,361,1679011/1043925,224.45173081057837,5.413660676539614,361.0,1.6083636276552433,735.3576816756944,-0.17310531922210104,-0.17310531922210098,,
source_02_027,p0_strong_delay,27,16385,intersection,REJECT,REJECT,793247/1048576,857241/1048576,0.7564992904663086,0.8175287246704102,1,5,486610348793/352405203705,65192898241/41880394609,439680367935/390019731599,1.3808262297975138,0.32268203725402617,1.5566447940533539,1.1273285229247292,3.170888384896435,0.9257204938179956,0.9257204938179956,6.089193669200594,0.004663516133415187
source_02_027,p0_strong_delay,27,16385,lag,REJECT,REJECT,99341/131072,855357/1048576,0.7579116821289062,0.8157320022583008,1,5,3179668317/2343166813,81555365241/53090150569,496613599209/438690914329,1.3569961384563192,0.305273535201166,1.5361675257448073,1.1320352963511808,3.129176150684734,0.9262119440026921,0.9262119440026921,6.16837815464481,0.004722091026158594
source_02_027,p0_strong_delay,27,65537,bridge,DO_NOT_REJECT,AVAILABLE_NONREJECTION,0,1034517/1048576,0.0,0.9865922927856445,1,2,2083093/14059,4339276446649/16010093961,2083093/1138779,148.16793513052139,4.998346327310091,271.03379013385666,1.8292337670434737,552.0963422953172,0.5027849761647394,0.5027849761647393,0.301204250866463,0.004925765347749908
source_02_027,p0_strong_delay,27,65537,intersection,REJECT,REJECT,821393/1048576,854033/1048576,0.7833414077758789,0.8144693374633789,1,5,144080140149/121263126389,464509039401/388531562329,44196862369/43923701841,1.1881611866644877,0.17240689074740023,1.1955503347438836,1.0062189778308945,2.4353382894289823,0.9674993539703922,0.9674993539703921,15.340299676326149,0.010302331058212977
source_02_027,p0_strong_delay,27,65537,lag,REJECT,REJECT,205539/262144,106645/131072,0.7840690612792969,0.8136367797851562,1,5,13455970785/11424092641,259534208025/218727388489,12444213015/12352911079,1.1778590394748534,0.16369841718223857,1.1865647453567627,1.0073911271129616,2.4170346268799436,0.9676218588658727,0.9676218588658727,15.440471952242563,0.010357197326185305
source_02_028,p0_strong_delay,28,16385,bridge,ABSTAIN,SCALE_UNAVAILABLE,0,521371/524288,0.0,0.9944362640380859,1,0,1045659/2917,361,1053037/1045659,358.470689064107,5.881846896764394,361.0,1.0070558375149068,733.7249243869372,-0.17175243851316058,-0.17175243851316055,,
source_02_028,p0_strong_delay,28,16385,intersection,REJECT,REJECT,801791/1048576,435101/524288,0.7646474838256836,0.8298892974853516,1,5,33823259195/23575525947,548125526025/380428670521,594270372465/591740581921,1.4346767605964705,0.36093956989836357,1.4408102451225295,1.0042751682431301,2.9284165876965442,0.9286242256618628,0.9286242256618628,6.7311481933374635,0.0036363121326642143
source_02_028,p0_strong_delay,28,16385,lag,REJECT,REJECT,401673/524288,217035/262144,0.7661304473876953,0.8279228210449219,1,5,58754533085/41769174749,1217789496225/857403773521,448014242835/443701066019,1.406648166693948,0.34120968765395376,1.4203220627593531,1.0097209070392796,2.8867747869894878,0.9291347872384166,0.9291347872384166,6.826164271391803,0.003690121111158193
source_02_028,p0_strong_delay,28,65537,bridge,DO_NOT_REJECT,AVAILABLE_NONREJECTION,0,1041917/1048576,0.0,0.9936494827270508,1,1,2090493/6659,361,2403899/2090493,313.9349752215047,5.7491858791813035,361.0,1.1499196600993162,733.7249243869372,0.42531953459453875,0.42531953459453875,0.22981295963423248,0.004200692158468841
source_02_028,p0_strong_delay,28,65537,intersection,REJECT,REJECT,102727/131072,854795/1048576,0.7837448120117188,0.8151960372924805,1,5,17983683665/15101934673,402535684849/337959683649,49445137381/49434502005,1.1908198554952125,0.1746420241011019,1.1910760493759596,1.0002151407532927,2.420837075533152,0.9675963714094855,0.9675963714094855,15.791666331752708,0.00875125214928043
source_02_028,p0_strong_delay,28,65537,lag,REJECT,REJECT,411293/524288,853911/1048576,0.7844791412353516,0.8143529891967773,1,5,42994303713/36424975073,1034197472025/875311807561,1781689905675/1779930689947,1.1803523166957364,0.16581296738434786,1.181518931986905,1.0009883619277626,2.40141243499675,0.967726783456117,0.9677267834561171,15.904254160325209,0.008798697899766316
source_02_029,p0_strong_delay,29,16385,bridge,ABSTAIN,SCALE_UNAVAILABLE,0,129399/131072,0.0,0.9872360229492188,1,0,260471/1673,67845141841/226713249,260471/135513,155.69097429766884,5.047873108615517,299.2553021945356,1.922110793798381,607.1449163797824,-0.062217246128310255,-0.062217246128310276,,
source_02_029,p0_strong_delay,29,16385,intersection,REJECT,REJECT,50365/65536,217919/262144,0.7685089111328125,0.8312950134277344,1,5,7283035773/5125721725,25606720441/17602655625,18546593921/18115311825,1.4208800562617354,0.3512764375733353,1.4547078001476268,1.0238075999003677,2.9513877922988248,0.9283441257347623,0.9283441257347623,6.591126969944432,0.0029063610749467724
source_02_029,p0_strong_delay,29,16385,lag,REJECT,REJECT,50459/65536,108713/131072,0.7699432373046875,0.8294143676757812,1,5,723047689/518706441,57496846225/40493915361,9271287025/9101879361,1.39394391865668,0.3321370810101822,1.4198885366460674,1.018612382924551,2.8807446368658853,0.9292090246178306,0.9292090246178306,6.751105770237237,0.002947872369343061
source_02_029,p0_strong_delay,29,65537,bridge,DO_NOT_REJECT,AVAILABLE_NONREJECTION,0,1034339/1048576,0.0,0.9864225387573242,1,2,2082915/14237,53562159225/202692169,25715/14237,146.30294303575192,4.98567942426771,264.2537177891663,1.8062091732808878,536.1318586958678,0.5101473794866196,0.5101473794866195,0.3075917629349406,0.0033935978060849175
source_02_029,p0_strong_delay,29,65537,intersection,REJECT,REJECT,821877/1048576,854315/1048576,0.7838029861450195,0.8147382736206055,1,5,431383486809/363356070233,4162787364681/3498594425209,1189046909853/1186422726541,1.1872197058174307,0.17161419185911944,1.1898456519241503,1.0022118451149793,2.4140215178968583,0.9676420696609993,0.9676420696609994,16.051608153931465,0.007096480857832736
source_02_029,p0_strong_delay,29,65537,lag,REJECT,REJECT,822635/1048576,853447/1048576,0.7845258712768555,0.8139104843139648,1,5,429744978643/365127531219,459444019329/389047845169,1190366317503/1186362119951,1.1769722683147743,0.16294526667072376,1.1809447733335223,1.0033751899901906,2.3959629466769563,0.9677634643639565,0.9677634643639565,16.16102841652846,0.007134227816145833
source_02_030,p0_strong_delay,30,16385,bridge,DO_NOT_REJECT,AVAILABLE_NONREJECTION,0,1032265/1048576,0.0,0.9844446182250977,1,1,2080841/16311,4329899267281/21549946401,2080841/1321191,127.57286493777205,4.848687691068443,200.92389961025964,1.5749736412070625,408.71969618196874,0.1339331085349731,0.13393310853497306,0.041879274644210485,0.0026508783511321153
source_02_030,p0_strong_delay,30,16385,intersection,REJECT,REJECT,805407/1048576,218799/262144,0.7680959701538086,0.8346519470214844,1,5,116950428367/80360893135,231306169249/152181911025,891660145969/853752984705,1.4553151888261426,0.37522250178650857,1.5199320845103705,1.0444006193162512,3.091848112660182,0.926654510143715,0.926654510143715,6.230891795823796,0.003550997479231295
source_02_030,p0_strong_delay,30,16385,lag,REJECT,REJECT,100873/131072,873073/1048576,0.7695999145507812,0.8326272964477539,1,5,58031878151/40707043335,3692734879201/2494905543729,148572292435/143100407619,1.4255979652814545,0.3545913504616823,1.4801100941407463,1.0382380798702455,3.0108421604722864,0.9276241633576006,0.9276241633576007,6.395419169617596,0.0036067361646967546
source_02_030,p0_strong_delay,30,65537,bridge,DO_NOT_REJECT,AVAILABLE_NONREJECTION,0,1030929/1048576,0.0,0.9831705093383789,1,2,2079505/17647,4324341045025/25224745329,2079505/1429407,117.83900946336487,4.76931936634312,171.4324956951481,1.4548025859674676,348.72823836363455,0.6062074218348794,0.6062074218348794,0.46564265184737297,0.0042538889699348485
source_02_030,p0_strong_delay,30,65537,intersection,REJECT,REJECT,822095/1048576,854469/1048576,0.7840108871459961,0.814885139465332,1,5,431003534645/363110335797,461642790249/388823332249,1186961781609/1186657031065,1.1869767730488296,0.17140954765918792,1.1872816057071567,1.0002568143414838,2.4151700126682702,0.9676343645091782,0.9676343645091782,15.639394021668648,0.008879532198571127
source_02_030,p0_strong_delay,30,65537,lag,REJECT,REJECT,822853/1048576,213401/262144,0.784733772277832,0.8140602111816406,1,5,15334492005/13031294821,4127020691049/3502246502041,297065237103/296649567935,1.1767435405028506,0.16275091201517286,1.1783924085994235,1.0014012127875105,2.397087594657164,0.9677558908698227,0.9677558908698227,15.743168961010285,0.008926556149502678
source_02_031,p0_strong_delay,31,16385,bridge,DO_NOT_REJECT,AVAILABLE_NONREJECTION,0,1032075/1048576,0.0,0.9842634201049805,1,1,2080651/16501,4329108583801/22054923081,2080651/1336581,126.09241864129447,4.837015119365663,196.2876301087835,1.5566965264357342,399.3481594512064,0.14420405122281366,0.14420405122281366,0.04622845646080476,0.002554361908370304
source_02_031,p0_strong_delay,31,16385,intersection,REJECT,REJECT,201739/262144,874039/1048576,0.7695732116699219,0.8335485458374023,1,5,38711853025/26988249057,3696448438225/2467516313889,178373682809/170795101257,1.4343966125123342,0.36074428169998396,1.4980441739812071,1.0443723590209786,3.047778320643282,0.9271804428255006,0.9271804428255006,6.405936626135777,0.003402605448924889
source_02_031,p0_strong_delay,31,16385,lag,REJECT,REJECT,404241/524288,436009/524288,0.7710285186767578,0.8316211700439453,1,5,115280773959/81969611591,102463369801/70138636569,297221204371/286135986051,1.4063842895122058,0.34102207717549377,1.4608691416491968,1.0387410841711613,2.9721455325195483,0.9280919471364242,0.9280919471364242,6.566209036886899,0.0034531011321877318
source_02_031,p0_strong_delay,31,65537,bridge,DO_NOT_REJECT,AVAILABLE_NONREJECTION,0,518301/524288,0.0,0.9885807037353516,1,2,1042589/5987,361,2161307/1042589,174.14214130616335,5.159871869788423,361.0,2.073019185892044,734.456294989087,0.4250276063924764,0.4250276063924764,0.22968494636940043,0.003957717958002041
source_02_031,p0_strong_delay,31,65537,intersection,REJECT,REJECT,825713/1048576,429329/524288,0.7874612808227539,0.8188800811767578,1,5,212525945471/177980609151,909385382689/730394146161,595784617771/571396885659,1.194096067458065,0.17738947024139032,1.2450611597433932,1.0426808978559154,2.5330831202768653,0.9668527936023301,0.9668527936023301,15.229118395486962,0.008222684890625194
source_02_031,p0_strong_delay,31,65537,lag,REJECT,REJECT,826481/1048576,428887/524288,0.7881937026977539,0.8180370330810547,1,5,70565133875/59627437619,100949175625/81912157209,39716832355/38138553171,1.183433947403347,0.16842033717937094,1.232407728774946,1.0413827755060225,2.5073396520552977,0.9670218555029226,0.9670218555029226,15.368444418794445,0.008268180362877041
source_03_000,p1_reversible,0,16385,bridge,ABSTAIN,NO_FINITE_SOURCE,0,1,0.0,1.0,0,0,,,,,,,,,,,,
source_03_000,p1_reversible,0,16385,intersection,ABSTAIN,NO_FINITE_SOURCE,993257/1048576,1,0.9472436904907227,1.0,0,0,,,,,,,,,,,,
source_03_000,p1_reversible,0,16385,lag,ABSTAIN,NO_FINITE_SOURCE,248559/262144,1,0.9481773376464844,1.0,0,0,,,,,,,,,,,,
source_03_000,p1_reversible,0,65537,bridge,ABSTAIN,NO_FINITE_SOURCE,0,1,0.0,1.0,0,0,,,,,,,,,,,,
source_03_000,p1_reversible,0,65537,intersection,DO_NOT_REJECT,AVAILABLE_NONREJECTION,501243/524288,260285/262144,0.9560451507568359,0.9929084777832031,1,4,1094488755/173314739,2456388540369/134119285729,370915708707/127892536915,6.315035647372149,1.8429334006593883,18.31495393833481,2.900213864343923,37.2309173059931,0.8725009983354604,0.8725009983354604,0.00891152043248405,0.00236253555786372
source_03_000,p1_reversible,0,65537,lag,DO_NOT_REJECT,AVAILABLE_NONREJECTION,1003055/1048576,519119/524288,0.9565877914428711,0.9901409149169922,1,4,47496930047/10604880639,1088698167649/115213403761,6422058440451/3043893994547,4.478780258245205,1.4993507455718285,9.449405469414026,2.1098167189645336,19.208895354423102,0.9085338007872958,0.9085338007872958,0.012954865438005416,0.0035171988770422925
source_03_001,p1_reversible,1,16385,bridge,ABSTAIN,NO_FINITE_SOURCE,0,1,0.0,1.0,0,0,,,,,,,,,,,,
source_03_001,p1_reversible,1,16385,intersection,ABSTAIN,NO_FINITE_SOURCE,993339/1048576,1,0.947321891784668,1.0,0,0,,,,,,,,,,,,
source_03_001,p1_reversible,1,16385,lag,ABSTAIN,NO_FINITE_SOURCE,994411/1048576,1,0.9483442306518555,1.0,0,0,,,,,,,,,,,,
source_03_001,p1_reversible,1,65537,bridge,ABSTAIN,SCALE_UNAVAILABLE,0,261957/262144,0.0,0.9992866516113281,1,0,524101/187,38809/9,7257283/4716909,2802.6791443850266,7.938331075966669,4312.111111111111,1.5385675237745735,8759.423171458844,-1.0806012715728968,-1.0806012715728968,,
source_03_001,p1_reversible,1,65537,intersection,DO_NOT_REJECT,AVAILABLE_NONREJECTION,1003547/1048576,1047933/1048576,0.957056999206543,0.9993867874145508,1,1,94403703761/1319515089,35866408166449/467912089681,1536483185349/1434098112869,71.54423965893731,4.270315994850096,76.65202279962674,1.0713933527708035,155.70737565647602,0.7380447720266152,0.7380447720266153,0.0006074479414339224,0.009249646357775292
source_03_001,p1_reversible,1,65537,lag,DO_NOT_REJECT,AVAILABLE_NONREJECTION,1004121/1048576,1042631/1048576,0.9576044082641602,0.9943304061889648,1,3,18592921437/2440656733,39358320451641/1371627457225,38633529017511/10256635594775,7.61799936287886,2.0305137844227596,28.694614010766855,3.7666863232610055,58.28891241098223,0.8402893802616997,0.8402893802616997,0.0011196759275216527,0.004041786426219946
source_03_002,p1_reversible,2,16385,bridge,ABSTAIN,NO_FINITE_SOURCE,0,1,0.0,1.0,0,0,,,,,,,,,,,,
source_03_002,p1_reversible,2,16385,intersection,ABSTAIN,NO_FINITE_SOURCE,993695/1048576,1,0.9476613998413086,1.0,0,0,,,,,,,,,,,,
source_03_002,p1_reversible,2,16385,lag,ABSTAIN,NO_FINITE_SOURCE,124337/131072,1,0.9486160278320312,1.0,0,0,,,,,,,,,,,,
source_03_002,p1_reversible,2,65537,bridge,ABSTAIN,SCALE_UNAVAILABLE,0,1047065/1048576,0.0,0.9985589981079102,1,0,2095641/1511,38809/9,58640399/18860769,1386.923229649239,7.234843068854517,4312.111111111111,3.1091202590944196,8767.406890163127,-1.0816101556122049,-1.0816101556122049,,
source_03_002,p1_reversible,2,65537,intersection,DO_NOT_REJECT,AVAILABLE_NONREJECTION,1003463/1048576,1046883/1048576,0.9569768905639648,0.9983854293823242,1,2,94532441867/3474102027,36000348000841/467873784169,4053061589703/1433321196967,27.210611873892443,3.303607039638702,76.94457184597752,2.8277413313076925,156.44410637397704,0.7374201542611352,0.737420154261135,0.0042184497223017115,0.004038778858801476
source_03_002,p1_reversible,2,65537,lag,DO_NOT_REJECT,AVAILABLE_NONREJECTION,502017/524288,130155/131072,0.9575214385986328,0.9930038452148438,1,4,5817786517/941121685,614155909761/32634061201,344698169445/113225296309,6.181758012514609,1.821602699060672,18.819475332177795,3.0443565235130303,38.26385578781508,0.8707364911550745,0.8707364911550745,0.010226471733195772,0.0021790123201624353
source_03_003,p1_reversible,3,16385,bridge,ABSTAIN,NO_FINITE_SOURCE,0,1,0.0,1.0,0,0,,,,,,,,,,,,
source_03_003,p1_reversible,3,16385,intersection,ABSTAIN,NO_FINITE_SOURCE,988459/1048576,1,0.9426679611206055,1.0,0,0,,,,,,,,,,,,
source_03_003,p1_reversible,3,16385,lag,ABSTAIN,NO_FINITE_SOURCE,989427/1048576,1,0.9435911178588867,1.0,0,0,,,,,,,,,,,,
source_03_003,p1_reversible,3,65537,bridge,ABSTAIN,SCALE_UNAVAILABLE,0,261805/262144,0.0,0.9987068176269531,1,0,523949/339,38809/9,4385417/1571847,1545.5722713864307,7.343149522941753,4312.111111111111,2.7899770143022824,8772.785983344518,-1.0822896714432058,-1.0822896714432055,,
source_03_003,p1_reversible,3,65537,intersection,ABSTAIN,NO_FINITE_SOURCE,502563/524288,1,0.9585628509521484,1.0,0,0,,,,,,,,,,,,
source_03_003,p1_reversible,3,65537,lag,ABSTAIN,NO_FINITE_SOURCE,1005715/1048576,1,0.9591245651245117,1.0,0,0,,,,,,,,,,,,
source_03_004,p1_reversible,4,16385,bridge,ABSTAIN,NO_FINITE_SOURCE,0,1,0.0,1.0,0,0,,,,,,,,,,,,
source_03_004,p1_reversible,4,16385,intersection,ABSTAIN,NO_FINITE_SOURCE,495387/524288,1,0.9448757171630859,1.0,0,0,,,,,,,,,,,,
source_03_004,p1_reversible,4,16385,lag,ABSTAIN,NO_FINITE_SOURCE,991769/1048576,1,0.9458246231079102,1.0,0,0,,,,,,,,,,,,
source_03_004,p1_reversible,4,65537,bridge,ABSTAIN,NO_FINITE_SOURCE,0,1,0.0,1.0,0,0,,,,,,,,,,,,
source_03_004,p1_reversible,4,65537,intersection,ABSTAIN,NO_FINITE_SOURCE,1007347/1048576,1,0.9606809616088867,1.0,0,0,,,,,,,,,,,,
source_03_004,p1_reversible,4,65537,lag,ABSTAIN,NO_FINITE_SOURCE,1007981/1048576,1,0.9612855911254883,1.0,0,0,,,,,,,,,,,,
source_03_005,p1_reversible,5,16385,bridge,ABSTAIN,NO_FINITE_SOURCE,0,1,0.0,1.0,0,0,,,,,,,,,,,,
source_03_005,p1_reversible,5,16385,intersection,ABSTAIN,NO_FINITE_SOURCE,497031/524288,1,0.9480113983154297,1.0,0,0,,,,,,,,,,,,
source_03_005,p1_reversible,5,16385,lag,ABSTAIN,NO_FINITE_SOURCE,995095/1048576,1,0.9489965438842773,1.0,0,0,,,,,,,,,,,,
source_03_005,p1_reversible,5,65537,bridge,ABSTAIN,SCALE_UNAVAILABLE,0,1046653/1048576,0.0,0.9981660842895508,1,0,2095229/1923,4389984562441/1334952369,2095229/694203,1089.5626625065004,6.99353166765182,3288.495278471617,3.018179120516621,6688.526306338655,-0.8033581028062327,-0.8033581028062327,,
source_03_005,p1_reversible,5,65537,intersection,DO_NOT_REJECT,AVAILABLE_NONREJECTION,7829/8192,1037481/1048576,0.9556884765625,0.9894189834594727,1,4,757238691/177752995,39164704265241/4777350061225,100262157591/52100888455,4.260061502761177,1.4492835974449447,8.197997585129539,1.9243847958101006,16.674046292967162,0.914800929837093,0.914800929837093,0.0027829170296574785,0.004005134660633387
source_03_005,p1_reversible,5,65537,lag,DO_NOT_REJECT,AVAILABLE_NONREJECTION,250667/262144,517697/524288,0.9562187194824219,0.9874286651611328,1,4,11958861845/3379937301,1085732740225/187323630481,123309546885/75274440917,3.5381904396456734,1.2636154212097437,5.796026574101256,1.6381330154409919,11.788636726014005,0.9283956057329302,0.9283956057329302,0.003351861359117273,0.0048912011328171925
source_03_006,p1_reversible,6,16385,bridge,ABSTAIN,NO_FINITE_SOURCE,0,1,0.0,1.0,0,0,,,,,,,,,,,,
source_03_006,p1_reversible,6,16385,intersection,ABSTAIN,NO_FINITE_SOURCE,994527/1048576,1,0.9484548568725586,1.0,0,0,,,,,,,,,,,,
source_03_006,p1_reversible,6,16385,lag,ABSTAIN,NO_FINITE_SOURCE,497781/524288,1,0.9494419097900391,1.0,0,0,,,,,,,,,,,,
source_03_006,p1_reversible,6,65537,bridge,ABSTAIN,SCALE_UNAVAILABLE,0,1047459/1048576,0.0,0.9989347457885742,1,0,2096035/1117,38809/9,43349653/18864315,1876.4861235452104,7.537156223687734,4312.111111111111,2.297971222384698,8773.838495154998,-1.082422608938912,-1.082422608938912,,
source_03_006,p1_reversible,6,65537,intersection,DO_NOT_REJECT,AVAILABLE_NONREJECTION,125965/131072,523921/524288,0.9610366821289062,0.9993000030517578,1,1,1784401121/31444193,461354751361/7340891041,33153944341/29936499637,56.74819261540597,4.038623807667669,62.84724140220351,1.1074756482225263,127.875078290102,0.7628102507946607,0.7628102507946608,0.0007966200162468717,0.012189528779351295
source_03_006,p1_reversible,6,65537,lag,ABSTAIN,NO_FINITE_SOURCE,504171/524288,1,0.9616298675537109,1.0,0,0,,,,,,,,,,,,
source_03_007,p1_reversible,7,16385,bridge,ABSTAIN,NO_FINITE_SOURCE,0,1,0.0,1.0,0,0,,,,,,,,,,,,
source_03_007,p1_reversible,7,16385,intersection,ABSTAIN,NO_FINITE_SOURCE,988397/1048576,1,0.9426088333129883,1.0,0,0,,,,,,,,,,,,
source_03_007,p1_reversible,7,16385,lag,ABSTAIN,NO_FINITE_SOURCE,494643/524288,1,0.9434566497802734,1.0,0,0,,,,,,,,,,,,
source_03_007,p1_reversible,7,65537,bridge,ABSTAIN,SCALE_UNAVAILABLE,0,65485/65536,0.0,0.9992218017578125,1,0,131021/51,38809/9,659753/393063,2569.0392156862745,7.851287261954946,4312.111111111111,1.6784917430539126,8765.811247198553,-1.0814085502113073,-1.0814085502113073,,
source_03_007,p1_reversible,7,65537,intersection,DO_NOT_REJECT,AVAILABLE_NONREJECTION,1007361/1048576,1047891/1048576,0.9606943130493164,0.9993467330932617,1,1,17281177481/281663369,270430953696225/4226876947969,4494606412275/4310204074579,61.354011145837,4.11666055036989,63.978903816011524,1.0427827394028928,130.05856764885607,0.7607770647294599,0.7607770647294599,0.0035748485916535897,0.010756987896895023
source_03_007,p1_reversible,7,65537,lag,ABSTAIN,NO_FINITE_SOURCE,1008007/1048576,1,0.9613103866577148,1.0,0,0,,,,,,,,,,,,
source_03_008,p1_reversible,8,16385,bridge,ABSTAIN,NO_FINITE_SOURCE,0,1,0.0,1.0,0,0,,,,,,,,,,,,
source_03_008,p1_reversible,8,16385,intersection,ABSTAIN,NO_FINITE_SOURCE,996839/1048576,1,0.9506597518920898,1.0,0,0,,,,,,,,,,,,
source_03_008,p1_reversible,8,16385,lag,ABSTAIN,NO_FINITE_SOURCE,997873/1048576,1,0.9516458511352539,1.0,0,0,,,,,,,,,,,,
source_03_008,p1_reversible,8,65537,bridge,ABSTAIN,SCALE_UNAVAILABLE,0,1046799/1048576,0.0,0.9983053207397461,1,0,2095375/1777,4390596390625/1139940169,2095375/641497,1179.1643218908273,7.072561264778928,3851.6024875907324,3.2663831631324856,7835.099497136789,-0.9609101214627422,-0.9609101214627422,,
source_03_008,p1_reversible,8,65537,intersection,DO_NOT_REJECT,AVAILABLE_NONREJECTION,125491/131072,130661/131072,0.9574203491210938,0.9968643188476562,1,2,1460731873/105447393,550969206529/7313841441,40574868999/7461222631,13.852707321080949,2.6284806879769853,75.33239693170975,5.4380992239018475,153.2444812826349,0.7401434778315036,0.7401434778315036,0.00023828865943011267,0.009551378381144735
source_03_008,p1_reversible,8,65537,lag,DO_NOT_REJECT,AVAILABLE_NONREJECTION,502245/524288,520401/524288,0.9579563140869141,0.9925861358642578,1,4,23028079627/3990133771,9822375960489/586356216121,9651669599133/3325199401069,5.77125503770485,1.7528895677353409,16.751550832816722,2.9025837055155663,34.0767428438763,0.8780448449216159,0.8780448449216159,0.0005871185710950858,0.002646317121148707
source_03_009,p1_reversible,9,16385,bridge,ABSTAIN,NO_FINITE_SOURCE,0,1,0.0,1.0,0,0,,,,,,,,,,,,
source_03_009,p1_reversible,9,16385,intersection,ABSTAIN,NO_FINITE_SOURCE,1014135/1048576,1,0.9671545028686523,1.0,0,0,,,,,,,,,,,,
source_03_009,p1_reversible,9,16385,lag,ABSTAIN,NO_FINITE_SOURCE,507829/524288,1,0.9686069488525391,1.0,0,0,,,,,,,,,,,,
source_03_009,p1_reversible,9,65537,bridge,ABSTAIN,SCALE_UNAVAILABLE,0,1048077/1048576,0.0,0.9995241165161133,1,0,2096653/499,38809/9,19365691/18869877,4201.709418837675,8.343246725952762,4312.111111111111,1.0262754229929532,8758.419004287553,-1.080474348677896,-1.0804743486778963,,
source_03_009,p1_reversible,9,65537,intersection,ABSTAIN,NO_FINITE_SOURCE,1009775/1048576,1,0.9629964828491211,1.0,0,0,,,,,,,,,,,,
source_03_009,p1_reversible,9,65537,lag,ABSTAIN,NO_FINITE_SOURCE,126303/131072,1,0.9636154174804688,1.0,0,0,,,,,,,,,,,,
source_03_010,p1_reversible,10,16385,bridge,ABSTAIN,NO_FINITE_SOURCE,0,1,0.0,1.0,0,0,,,,,,,,,,,,
source_03_010,p1_reversible,10,16385,intersection,ABSTAIN,NO_FINITE_SOURCE,497785/524288,1,0.9494495391845703,1.0,0,0,,,,,,,,,,,,
source_03_010,p1_reversible,10,16385,lag,ABSTAIN,NO_FINITE_SOURCE,498283/524288,1,0.9503993988037109,1.0,0,0,,,,,,,,,,,,
source_03_010,p1_reversible,10,65537,bridge,ABSTAIN,SCALE_UNAVAILABLE,0,1047563/1048576,0.0,0.9990339279174805,1,0,2096139/1013,38809/9,39313517/18865251,2069.238894373149,7.6349361347694185,4312.111111111111,2.0839116850340345,8779.14818493839,-1.083093142404747,-1.083093142404747,,
source_03_010,p1_reversible,10,65537,intersection,DO_NOT_REJECT,AVAILABLE_NONREJECTION,126249/131072,261975/262144,0.9632034301757812,0.9993553161621094,1,1,194448149/3345173,274700726161/4546939761,134866825199/129762665487,58.1279799280934,4.0626471301734846,60.41441949971767,1.0393345781919943,122.9994143537704,0.7674128571172805,0.7674128571172804,0.002030174935088729,0.012777724043719109
source_03_010,p1_reversible,10,65537,lag,ABSTAIN,NO_FINITE_SOURCE,1010637/1048576,1,0.9638185501098633,1.0,0,0,,,,,,,,,,,,
source_03_011,p1_reversible,11,16385,bridge,ABSTAIN,NO_FINITE_SOURCE,0,1,0.0,1.0,0,0,,,,,,,,,,,,
source_03_011,p1_reversible,11,16385,intersection,ABSTAIN,NO_FINITE_SOURCE,991157/1048576,1,0.9452409744262695,1.0,0,0,,,,,,,,,,,,
source_03_011,p1_reversible,11,16385,lag,ABSTAIN,NO_FINITE_SOURCE,248057/262144,1,0.9462623596191406,1.0,0,0,,,,,,,,,,,,
source_03_011,p1_reversible,11,65537,bridge,ABSTAIN,SCALE_UNAVAILABLE,0,1047737/1048576,0.0,0.9991998672485352,1,0,2096313/839,38809/9,32560751/18866817,2498.585220500596,7.82347993886801,4312.111111111111,1.7258211069731582,8772.307870759447,-1.0822292811212022,-1.082229281121202,,
source_03_011,p1_reversible,11,65537,intersection,DO_NOT_REJECT,AVAILABLE_NONREJECTION,1001603/1048576,1039771/1048576,0.9552030563354492,0.991602897644043,1,4,98095923631/18051826095,4361193192409/334309458025,65200281687/27159553735,5.434127445874887,1.6926989641474004,13.045377830988155,2.4006389178249874,26.538757391694546,0.8924293535971399,0.8924293535971399,0.005817629237021965,0.0030752567703407675
source_03_011,p1_reversible,11,65537,lag,DO_NOT_REJECT,AVAILABLE_NONREJECTION,1002177/1048576,518573/524288,0.9557504653930664,0.9890995025634766,1,4,48387707539/11720053395,1087559065321/140838831225,2138650324333/1143443732285,4.128625178417969,1.4179444649722985,7.72201143577759,1.8703590425557972,15.709210628088739,0.9173099124838522,0.9173099124838522,0.007769899038182147,0.00419082262398636
source_03_012,p1_reversible,12,16385,bridge,ABSTAIN,NO_FINITE_SOURCE,0,1,0.0,1.0,0,0,,,,,,,,,,,,
source_03_012,p1_reversible,12,16385,intersection,ABSTAIN,NO_FINITE_SOURCE,495121/524288,1,0.9443683624267578,1.0,0,0,,,,,,,,,,,,
source_03_012,p1_reversible,12,16385,lag,ABSTAIN,NO_FINITE_SOURCE,991147/1048576,1,0.9452314376831055,1.0,0,0,,,,,,,,,,,,
source_03_012,p1_reversible,12,65537,bridge,ABSTAIN,SCALE_UNAVAILABLE,0,1047551/1048576,0.0,0.9990224838256836,1,0,2096127/1025,38809/9,39779225/18865143,2045.0019512195122,7.623154022618018,4312.111111111111,2.108609778362136,8767.693821504248,-1.081646406940979,-1.081646406940979,,
source_03_012,p1_reversible,12,65537,intersection,DO_NOT_REJECT,AVAILABLE_NONREJECTION,1003401/1048576,260487/262144,0.9569177627563477,0.9936790466308594,1,3,23609855425/3400125889,2458288459449/106555892041,9651841123383/2905046724775,6.943818021968539,1.937851770500905,23.07041321096644,3.3224392024643077,46.90842006555345,0.8568084999931413,0.8568084999931415,0.00036286392755637003,0.004698419915189544
source_03_012,p1_reversible,12,65537,lag,DO_NOT_REJECT,AVAILABLE_NONREJECTION,1003961/1048576,1038891/1048576,0.9574518203735352,0.9907636642456055,1,4,18626468041/3975764169,39217666284801/3640254123025,38561429284011/16769224336475,4.6850032469820775,1.5443666087492867,10.773332014582452,2.2995356559298594,21.905111929485848,0.9023040340793573,0.9023040340793574,0.0005624142405498412,0.003072097680279502
source_03_013,p1_reversible,13,16385,bridge,ABSTAIN,NO_FINITE_SOURCE,0,1,0.0,1.0,0,0,,,,,,,,,,,,
source_03_013,p1_reversible,13,16385,intersection,ABSTAIN,NO_FINITE_SOURCE,990525/1048576,1,0.9446382522583008,1.0,0,0,,,,,,,,,,,,
source_03_013,p1_reversible,13,16385,lag,ABSTAIN,NO_FINITE_SOURCE,3873/4096,1,0.945556640625,1.0,0,0,,,,,,,,,,,,
source_03_013,p1_reversible,13,65537,bridge,ABSTAIN,NO_FINITE_SOURCE,0,1,0.0,1.0,0,0,,,,,,,,,,,,
source_03_013,p1_reversible,13,65537,intersection,ABSTAIN,NO_FINITE_SOURCE,1003629/1048576,1,0.9571352005004883,1.0,0,0,,,,,,,,,,,,
source_03_013,p1_reversible,13,65537,lag,ABSTAIN,NO_FINITE_SOURCE,502113/524288,1,0.9577045440673828,1.0,0,0,,,,,,,,,,,,
source_03_014,p1_reversible,14,16385,bridge,ABSTAIN,NO_FINITE_SOURCE,0,1,0.0,1.0,0,0,,,,,,,,,,,,
source_03_014,p1_reversible,14,16385,intersection,ABSTAIN,NO_FINITE_SOURCE,999751/1048576,1,0.9534368515014648,1.0,0,0,,,,,,,,,,,,
source_03_014,p1_reversible,14,16385,lag,ABSTAIN,NO_FINITE_SOURCE,1000917/1048576,1,0.9545488357543945,1.0,0,0,,,,,,,,,,,,
source_03_014,p1_reversible,14,65537,bridge,ABSTAIN,SCALE_UNAVAILABLE,0,130665/131072,0.0,0.9968948364257812,1,0,261737/407,68506257169/59799289,261737/146927,643.0884520884521,6.466282276345249,1145.6032055665412,1.7814084545386484,2331.9189049504685,-0.040133796517681675,-0.04013379651768154,,
source_03_014,p1_reversible,14,65537,intersection,DO_NOT_REJECT,AVAILABLE_NONREJECTION,251133/262144,522809/524288,0.9579963684082031,0.9971790313720703,1,2,11529585067/759136683,19301866905321/263453278729,2592631110069/537450806869,15.18775910213787,2.720489781178313,73.26485742914507,4.823941236915728,149.133404373667,0.7436838999752367,0.7436838999752365,0.0007418866267186366,0.008198290811942384
source_03_014,p1_reversible,14,65537,lag,ABSTAIN,NO_FINITE_SOURCE,502561/524288,1,0.9585590362548828,1.0,0,0,,,,,,,,,,,,
source_03_015,p1_reversible,15,16385,bridge,ABSTAIN,NO_FINITE_SOURCE,0,1,0.0,1.0,0,0,,,,,,,,,,,,
source_03_015,p1_reversible,15,16385,intersection,ABSTAIN,NO_FINITE_SOURCE,994283/1048576,1,0.9482221603393555,1.0,0,0,,,,,,,,,,,,
source_03_015,p1_reversible,15,16385,lag,ABSTAIN,NO_FINITE_SOURCE,124399/131072,1,0.9490890502929688,1.0,0,0,,,,,,,,,,,,
source_03_015,p1_reversible,15,65537,bridge,ABSTAIN,SCALE_UNAVAILABLE,0,523359/524288,0.0,0.9982280731201172,1,0,1047647/929,1097564236609/311557801,1047647/335369,1127.7147470398277,7.027948516247557,3522.8270102246615,3.1238635652072793,7149.862241830071,-0.8680921597700074,-0.8680921597700073,,
source_03_015,p1_reversible,15,65537,intersection,DO_NOT_REJECT,AVAILABLE_NONREJECTION,251237/262144,523541/524288,0.9583930969238281,0.9985752105712891,1,2,11428670903/383495607,2104330298161/29284450129,432364921443/179311833283,29.801308527114365,3.3945523028531808,71.85828277093411,2.411245892292102,145.8421947076774,0.7465529555669657,0.7465529555669657,0.0011416291336197094,0.0030535539893754475
source_03_015,p1_reversible,15,65537,lag,ABSTAIN,NO_FINITE_SOURCE,1005531/1048576,1,0.958949089050293,1.0,0,0,,,,,,,,,,,,
source_03_016,p1_reversible,16,16385,bridge,ABSTAIN,NO_FINITE_SOURCE,0,1,0.0,1.0,0,0,,,,,,,,,,,,
source_03_016,p1_reversible,16,16385,intersection,ABSTAIN,NO_FINITE_SOURCE,491977/524288,1,0.9383716583251953,1.0,0,0,,,,,,,,,,,,
source_03_016,p1_reversible,16,16385,lag,ABSTAIN,NO_FINITE_SOURCE,984869/1048576,1,0.939244270324707,1.0,0,0,,,,,,,,,,,,
source_03_016,p1_reversible,16,65537,bridge,ABSTAIN,SCALE_UNAVAILABLE,0,523953/524288,0.0,0.9993610382080078,1,0,1048241/335,38809/9,13001015/9434169,3129.0776119402985,8.04849354743295,4312.111111111111,1.3780773908120578,8753.755921179303,-1.0798848689299265,-1.0798848689299263,,
source_03_016,p1_reversible,16,65537,intersection,DO_NOT_REJECT,AVAILABLE_NONREJECTION,250405/262144,1038941/1048576,0.9552192687988281,0.9908113479614258,1,4,24505362063/4938409615,39219545027601/3602764629025,3209864252499/1463167409795,4.962197139047973,1.6018486142361417,10.885958164359687,2.193777848666493,22.09892516299735,0.9018713041251705,0.9018713041251705,0.0013818211187271285,0.0026838408404501937
source_03_016,p1_reversible,16,65537,lag,DO_NOT_REJECT,AVAILABLE_NONREJECTION,501095/524288,518257/524288,0.9557628631591797,0.9884967803955078,1,4,24179746185/6184084873,9782100693225/1411598243449,356335973245/201055030861,3.9099958492759193,1.3635363124304498,6.929805090522146,1.772330549099037,14.067778120899545,0.9217613346631935,0.9217613346631935,0.001770733509709441,0.0034957006619798364
source_03_017,p1_reversible,17,16385,bridge,ABSTAIN,NO_FINITE_SOURCE,0,1,0.0,1.0,0,0,,,,,,,,,,,,
source_03_017,p1_reversible,17,16385,intersection,ABSTAIN,NO_FINITE_SOURCE,988343/1048576,1,0.9425573348999023,1.0,0,0,,,,,,,,,,,,
source_03_017,p1_reversible,17,16385,lag,ABSTAIN,NO_FINITE_SOURCE,989311/1048576,1,0.9434804916381836,1.0,0,0,,,,,,,,,,,,
source_03_017,p1_reversible,17,65537,bridge,ABSTAIN,SCALE_UNAVAILABLE,0,261555/262144,0.0,0.9977531433105469,1,0,523699/589,274260642601/125238481,523699/212629,889.132427843803,6.790246187124003,2189.9071308681873,2.462970714248762,4462.356838434537,-0.4577152598663906,-0.45771525986639056,,
source_03_017,p1_reversible,17,65537,intersection,DO_NOT_REJECT,AVAILABLE_NONREJECTION,1000063/1048576,4041/4096,0.9537343978881836,0.986572265625,1,4,394750281/112675145,595896921/117397225,485527443/335115715,3.5034370801120334,1.2537445095154882,5.075902952561272,1.4488351971198963,10.343128223255786,0.9329398136736389,0.9329398136736389,0.004966227345172657,0.00609762320120144
source_03_017,p1_reversible,17,65537,lag,DO_NOT_REJECT,AVAILABLE_NONREJECTION,500313/524288,1032707/1048576,0.9542713165283203,0.9848661422729492,1,4,7128394275/2322770467,38985650334801/9773082673249,19192361787747/14765244003475,3.0689189380846384,1.1213253621524475,3.9890842672919358,1.2998337029330553,8.128526186489337,0.9405668586998236,0.9405668586998236,0.005626111875110846,0.006982090197603348
source_03_018,p1_reversible,18,16385,bridge,ABSTAIN,NO_FINITE_SOURCE,0,1,0.0,1.0,0,0,,,,,,,,,,,,
source_03_018,p1_reversible,18,16385,intersection,ABSTAIN,NO_FINITE_SOURCE,988697/1048576,1,0.9428949356079102,1.0,0,0,,,,,,,,,,,,
source_03_018,p1_reversible,18,16385,lag,ABSTAIN,NO_FINITE_SOURCE,989665/1048576,1,0.9438180923461914,1.0,0,0,,,,,,,,,,,,
source_03_018,p1_reversible,18,65537,bridge,ABSTAIN,SCALE_UNAVAILABLE,0,1047091/1048576,0.0,0.9985837936401367,1,0,2095667/1485,38809/9,6403485/2095667,1411.223569023569,7.25221238651865,4312.111111111111,3.055583258218028,8782.888577925984,-1.0835653904164197,-1.0835653904164197,,
source_03_018,p1_reversible,18,65537,intersection,DO_NOT_REJECT,AVAILABLE_NONREJECTION,499461/524288,16067/16384,0.9526462554931641,0.98065185546875,1,4,805660977/324528433,23921088664561/9432558135009,305433000631/298995109191,2.4825589842847453,0.9092898766890626,2.5360128527358583,1.0215317616981068,5.165339608335833,0.952642546852582,0.952642546852582,0.00927654809051213,0.009220219480012379
source_03_018,p1_reversible,18,65537,lag,DO_NOT_REJECT,AVAILABLE_NONREJECTION,999447/1048576,1003/1024,0.9531469345092773,0.9794921875,1,5,99584483/43008483,93671678198569/37749583876761,13346531527/12454027863,2.3154614172278523,0.8396089839744717,2.4813963116619724,1.0716638563698386,5.0540968823477135,0.9531561206552567,0.9531561206552567,0.00946859935364564,0.0027725057330265364
source_03_019,p1_reversible,19,16385,bridge,ABSTAIN,NO_FINITE_SOURCE,0,1,0.0,1.0,0,0,,,,,,,,,,,,
source_03_019,p1_reversible,19,16385,intersection,ABSTAIN,NO_FINITE_SOURCE,991627/1048576,1,0.9456892013549805,1.0,0,0,,,,,,,,,,,,
source_03_019,p1_reversible,19,16385,lag,ABSTAIN,NO_FINITE_SOURCE,992631/1048576,1,0.9466466903686523,1.0,0,0,,,,,,,,,,,,
source_03_019,p1_reversible,19,65537,bridge,ABSTAIN,SCALE_UNAVAILABLE,0,523125/524288,0.0,0.9977817535400391,1,0,1047413/1163,3038986129/1352569,55127/22097,900.6130696474635,6.803075719917915,2246.8252111352544,2.494773046114857,4565.791394149589,-0.475306591601825,-0.475306591601825,,
source_03_019,p1_reversible,19,65537,intersection,DO_NOT_REJECT,AVAILABLE_NONREJECTION,1005217/1048576,523263/524288,0.9586496353149414,0.9980449676513672,1,2,45420763809/2105137825,6108129360369/86082973201,1010766580425/307350415849,21.57614730474951,3.071588413064286,70.95630103419852,3.28864555993178,144.19086407657758,0.7480044583456238,0.7480044583456238,0.003710165812499559,0.004943126360372648
source_03_019,p1_reversible,19,65537,lag,ABSTAIN,NO_FINITE_SOURCE,1005789/1048576,1,0.9591951370239258,1.0,0,0,,,,,,,,,,,,
source_03_020,p1_reversible,20,16385,bridge,ABSTAIN,NO_FINITE_SOURCE,0,1,0.0,1.0,0,0,,,,,,,,,,,,
source_03_020,p1_reversible,20,16385,intersection,ABSTAIN,NO_FINITE_SOURCE,30825/32768,1,0.940704345703125,1.0,0,0,,,,,,,,,,,,
source_03_020,p1_reversible,20,16385,lag,ABSTAIN,NO_FINITE_SOURCE,987355/1048576,1,0.941615104675293,1.0,0,0,,,,,,,,,,,,
source_03_020,p1_reversible,20,65537,bridge,ABSTAIN,SCALE_UNAVAILABLE,0,1047811/1048576,0.0,0.9992704391479492,1,0,2096387/765,38809/9,3298765/2096387,2740.3751633986926,7.915850110957726,4312.111111111111,1.5735477275903733,8775.959892076562,-1.0826905306574055,-1.0826905306574055,,
source_03_020,p1_reversible,20,65537,intersection,DO_NOT_REJECT,AVAILABLE_NONREJECTION,250941/262144,1047863/1048576,0.9572639465332031,0.9993200302124023,1,1,23486406117/365829605,19980873180009/263256217225,423885345513/358550468105,64.20039766054472,4.162009404766214,75.89896030045792,1.1822194731840845,154.46870785189438,0.7390982239781686,0.7390982239781686,0.00010340483132582861,0.010852354914684672
source_03_020,p1_reversible,20,65537,lag,ABSTAIN,NO_FINITE_SOURCE,502177/524288,1,0.9578266143798828,1.0,0,0,,,,,,,,,,,,
source_03_021,p1_reversible,21,16385,bridge,ABSTAIN,NO_FINITE_SOURCE,0,1,0.0,1.0,0,0,,,,,,,,,,,,
source_03_021,p1_reversible,21,16385,intersection,ABSTAIN,NO_FINITE_SOURCE,994267/1048576,1,0.948206901550293,1.0,0,0,,,,,,,,,,,,
source_03_021,p1_reversible,21,16385,lag,ABSTAIN,NO_FINITE_SOURCE,497607/524288,1,0.9491100311279297,1.0,0,0,,,,,,,,,,,,
source_03_021,p1_reversible,21,65537,bridge,ABSTAIN,SCALE_UNAVAILABLE,0,65449/65536,0.0,0.9986724853515625,1,0,130985/87,38809/9,1125461/392955,1505.5747126436781,7.316929973155848,4312.111111111111,2.8640963978063647,8772.135645843724,-1.0822075270659444,-1.0822075270659444,,
source_03_021,p1_reversible,21,65537,intersection,DO_NOT_REJECT,AVAILABLE_NONREJECTION,502521/524288,130923/131072,0.9584827423095703,0.9988632202148438,1,2,5702845165/152994541,1539383636961/21517075969,73761985269/38431260565,37.27482776656718,3.6183182400248937,71.5424177141362,1.919322556288364,145.53887329176584,0.746818964256286,0.746818964256286,0.002578006843987621,0.0029713741872375863
source_03_021,p1_reversible,21,65537,lag,ABSTAIN,NO_FINITE_SOURCE,251405/262144,1,0.9590339660644531,1.0,0,0,,,,,,,,,,,,
source_03_022,p1_reversible,22,16385,bridge,ABSTAIN,NO_FINITE_SOURCE,0,1,0.0,1.0,0,0,,,,,,,,,,,,
source_03_022,p1_reversible,22,16385,intersection,ABSTAIN,NO_FINITE_SOURCE,998691/1048576,1,0.9524259567260742,1.0,0,0,,,,,,,,,,,,
source_03_022,p1_reversible,22,16385,lag,ABSTAIN,NO_FINITE_SOURCE,999859/1048576,1,0.9535398483276367,1.0,0,0,,,,,,,,,,,,
source_03_022,p1_reversible,22,65537,bridge,ABSTAIN,SCALE_UNAVAILABLE,0,1047331/1048576,0.0,0.9988126754760742,1,0,2095907/1245,38809/9,16105735/6287721,1683.459437751004,7.428606144310867,4312.111111111111,2.5614582771722856,8764.363111607949,-1.0812255680237468,-1.0812255680237468,,
source_03_022,p1_reversible,22,65537,intersection,DO_NOT_REJECT,AVAILABLE_NONREJECTION,504003/524288,261865/262144,0.9613094329833984,0.9989356994628906,1,2,10629522565/286893189,65508222501225/1057382380681,901000447515/538833738619,37.05045282549388,3.6122805736780386,61.95320037301442,1.6721307203669402,125.91984065442887,0.7646454370236131,0.7646454370236131,0.0007983531274991932,0.002547433833322522
source_03_022,p1_reversible,22,65537,lag,ABSTAIN,NO_FINITE_SOURCE,126079/131072,1,0.9619064331054688,1.0,0,0,,,,,,,,,,,,
source_03_023,p1_reversible,23,16385,bridge,ABSTAIN,NO_FINITE_SOURCE,0,1,0.0,1.0,0,0,,,,,,,,,,,,
source_03_023,p1_reversible,23,16385,intersection,ABSTAIN,NO_FINITE_SOURCE,986653/1048576,1,0.9409456253051758,1.0,0,0,,,,,,,,,,,,
source_03_023,p1_reversible,23,16385,lag,ABSTAIN,NO_FINITE_SOURCE,987595/1048576,1,0.9418439865112305,1.0,0,0,,,,,,,,,,,,
source_03_023,p1_reversible,23,65537,bridge,ABSTAIN,SCALE_UNAVAILABLE,0,2045/2048,0.0,0.99853515625,1,0,4093/3,38809/9,38809/12279,1364.3333333333333,7.218421187824293,4312.111111111111,3.160599397345061,8758.420553121017,-1.0804745444494563,-1.0804745444494563,,
source_03_023,p1_reversible,23,65537,intersection,DO_NOT_REJECT,AVAILABLE_NONREJECTION,998683/1048576,256727/262144,0.952418327331543,0.9793357849121094,1,5,25888030803/11090002003,10734187558249/4191269413081,3496307738743/3186789973767,2.334357630954163,0.847736748756253,2.5610826936458624,1.0971252475136066,5.201869507599632,0.952475103905073,0.9524751039050728,0.015120043868855773,0.002012536669066014
source_03_023,p1_reversible,23,65537,lag,DO_NOT_REJECT,AVAILABLE_NONREJECTION,249799/262144,1025785/1048576,0.9529075622558594,0.9782648086547852,1,5,8535995515/3889230971,657161529025/262085635249,1213233568895/1061954593423,2.194777213965573,0.7860805443215514,2.5074305518524502,1.1424533369024585,5.0928955017602275,0.9529763653976209,0.9529763653976209,0.01543177048521864,0.002143102996215278
source_03_024,p1_reversible,24,16385,bridge,ABSTAIN,NO_FINITE_SOURCE,0,1,0.0,1.0,0,0,,,,,,,,,,,,
source_03_024,p1_reversible,24,16385,intersection,ABSTAIN,NO_FINITE_SOURCE,494577/524288,1,0.9433307647705078,1.0,0,0,,,,,,,,,,,,
source_03_024,p1_reversible,24,16385,lag,ABSTAIN,NO_FINITE_SOURCE,495081/524288,1,0.9442920684814453,1.0,0,0,,,,,,,,,,,,
source_03_024,p1_reversible,24,65537,bridge,ABSTAIN,SCALE_UNAVAILABLE,0,523927/524288,0.0,0.9993114471435547,1,0,1048215/361,38809/9,14010049/9433935,2903.6426592797784,7.9737213171610675,4312.111111111111,1.4850694858508142,8768.830127438752,-1.0817899643863407,-1.0817899643863407,,
source_03_024,p1_reversible,24,65537,intersection,DO_NOT_REJECT,AVAILABLE_NONREJECTION,125225/131072,1037185/1048576,0.9553909301757812,0.9891366958618164,1,4,4065148189/973159709,4350398949121/559517464081,2713575061/1457869541,4.1772672577836865,1.4296572666579754,7.775269278263678,1.8613291413844004,15.811284482096614,0.9170409194517379,0.9170409194517378,0.0024739759403152833,0.004025652666012187
source_03_024,p1_reversible,24,65537,lag,DO_NOT_REJECT,AVAILABLE_NONREJECTION,1002357/1048576,517561/524288,0.9559221267700195,0.9871692657470703,1,4,48153218931/13796626291,9769044049209/1756205397961,19230862456053/12066308501317,3.4902169498069213,1.2499638975507388,5.562586278661433,1.5937651895734317,11.311715512412947,0.9298625741593739,0.9298625741593739,0.0029595861509714144,0.004880294514563279
source_03_025,p1_reversible,25,16385,bridge,ABSTAIN,NO_FINITE_SOURCE,0,1,0.0,1.0,0,0,,,,,,,,,,,,
source_03_025,p1_reversible,25,16385,intersection,ABSTAIN,NO_FINITE_SOURCE,990901/1048576,1,0.9449968338012695,1.0,0,0,,,,,,,,,,,,
source_03_025,p1_reversible,25,16385,lag,ABSTAIN,NO_FINITE_SOURCE,495941/524288,1,0.9459323883056641,1.0,0,0,,,,,,,,,,,,
source_03_025,p1_reversible,25,65537,bridge,ABSTAIN,SCALE_UNAVAILABLE,0,65473/65536,0.0,0.9990386962890625,1,0,131009/63,38809/9,271663/131009,2079.5079365079364,7.639886575721938,4312.111111111111,2.073620896274302,8768.452096248235,-1.0817422059801256,-1.0817422059801256,,
source_03_025,p1_reversible,25,65537,intersection,DO_NOT_REJECT,AVAILABLE_NONREJECTION,1003909/1048576,261925/262144,0.957402229309082,0.9991645812988281,1,1,7802863341/149831405,317628424669689/4212694675225,222473686239/153663394495,52.07762245171498,3.9527353450094456,75.39792203258226,1.4477988526163854,153.31772546301661,0.740080826330758,0.740080826330758,0.0024855442506640886,0.009823077910203173
source_03_025,p1_reversible,25,65537,lag,DO_NOT_REJECT,AVAILABLE_NONREJECTION,15695/16384,1043039/1048576,0.95794677734375,0.9947195053100586,1,3,480374245/59207141,39373679774025/1189820642521,603872258265/148056063337,8.113451129146735,2.0935233175796384,33.09211352275733,4.078672934120147,67.29107963851567,0.8283279517762774,0.8283279517762774,0.0042322960379034035,0.003919790555980836
source_03_026,p1_reversible,26,16385,bridge,ABSTAIN,NO_FINITE_SOURCE,0,1,0.0,1.0,0,0,,,,,,,,,,,,
source_03_026,p1_reversible,26,16385,intersection,ABSTAIN,NO_FINITE_SOURCE,496355/524288,1,0.9467220306396484,1.0,0,0,,,,,,,,,,,,
source_03_026,p1_reversible,26,16385,lag,ABSTAIN,NO_FINITE_SOURCE,993767/1048576,1,0.9477300643920898,1.0,0,0,,,,,,,,,,,,
source_03_026,p1_reversible,26,65537,bridge,ABSTAIN,SCALE_UNAVAILABLE,0,1047645/1048576,0.0,0.9991121292114258,1,0,2096221/931,38809/9,36131179/18865989,2251.580021482277,7.719387480519007,4312.111111111111,1.915148948724607,8782.116440519556,-1.083467910481274,-1.083467910481274,,
source_03_026,p1_reversible,26,65537,intersection,DO_NOT_REJECT,AVAILABLE_NONREJECTION,1001291/1048576,1034469/1048576,0.9549055099487305,0.986546516418457,1,4,98496782825/28917473769,39051688248225/7723280088241,7685937369027/5177504770291,3.4061337311764124,1.2255778448802823,5.056360484411635,1.484486776937342,10.297866960089248,0.933087046307019,0.933087046307019,0.011865077400602827,0.006054039690468074
source_03_026,p1_reversible,26,65537,lag,DO_NOT_REJECT,AVAILABLE_NONREJECTION,1001837/1048576,1032777/1048576,0.9554262161254883,0.9849328994750977,1,4,13897193981/4627782141,38988272795481/9687052434409,38408699239101/28657708951949,3.0029922666145663,1.0996092137779527,4.02478184767456,1.3402571469862332,8.196936934878684,0.9403167611088871,0.9403167611088871,0.013354023307574573,0.00688275919706068
source_03_027,p1_reversible,27,16385,bridge,ABSTAIN,NO_FINITE_SOURCE,0,1,0.0,1.0,0,0,,,,,,,,,,,,
source_03_027,p1_reversible,27,16385,intersection,ABSTAIN,NO_FINITE_SOURCE,998645/1048576,1,0.9523820877075195,1.0,0,0,,,,,,,,,,,,
source_03_027,p1_reversible,27,16385,lag,ABSTAIN,NO_FINITE_SOURCE,999767/1048576,1,0.9534521102905273,1.0,0,0,,,,,,,,,,,,
source_03_027,p1_reversible,27,65537,bridge,ABSTAIN,SCALE_UNAVAILABLE,0,1048157/1048576,0.0,0.9996004104614258,1,0,2096733/419,39566603459601/6813346849,18870597/16260971,5004.136038186158,8.518020057105794,5807.219907703396,1.160484020296205,11813.378055977948,-1.44126820501732,-1.4412682050173198,,
source_03_027,p1_reversible,27,65537,intersection,ABSTAIN,NO_FINITE_SOURCE,1004305/1048576,1,0.9577798843383789,1.0,0,0,,,,,,,,,,,,
source_03_027,p1_reversible,27,65537,lag,ABSTAIN,NO_FINITE_SOURCE,502453/524288,1,0.9583530426025391,1.0,0,0,,,,,,,,,,,,
source_03_028,p1_reversible,28,16385,bridge,ABSTAIN,NO_FINITE_SOURCE,0,1,0.0,1.0,0,0,,,,,,,,,,,,
source_03_028,p1_reversible,28,16385,intersection,ABSTAIN,NO_FINITE_SOURCE,998859/1048576,1,0.9525861740112305,1.0,0,0,,,,,,,,,,,,
source_03_028,p1_reversible,28,16385,lag,ABSTAIN,NO_FINITE_SOURCE,1000001/1048576,1,0.9536752700805664,1.0,0,0,,,,,,,,,,,,
source_03_028,p1_reversible,28,65537,bridge,ABSTAIN,SCALE_UNAVAILABLE,0,1046355/1048576,0.0,0.9978818893432617,1,0,2094931/2221,4388735894761/1780755601,2094931/801781,943.2377307519135,6.849318351340701,2464.535780371245,2.612846899589788,5016.564175128327,-0.5499399835471996,-0.5499399835471995,,
source_03_028,p1_reversible,28,65537,intersection,DO_NOT_REJECT,AVAILABLE_NONREJECTION,1000929/1048576,518149/524288,0.9545602798461914,0.9882907867431641,1,4,49668995739/12581911195,9780074090721/1462607240689,620268341715/366187869187,3.9476511135079586,1.3731207472276243,6.6867398291518345,1.6938527840698336,13.610863247549947,0.9230458575229308,0.9230458575229308,0.003449864793237344,0.004767469765517526
source_03_028,p1_reversible,28,65537,lag,DO_NOT_REJECT,AVAILABLE_NONREJECTION,250373/262144,1034311/1048576,0.9550971984863281,0.9863958358764648,1,4,24517662877/7311055005,4338418254769/877472460225,1067514996579/724060871315,3.3535054599141265,1.2100062046804168,4.944221558425378,1.4743442697576479,10.063966180339936,0.9338530996391016,0.9338530996391017,0.004046829721055022,0.005663032126261763
source_03_029,p1_reversible,29,16385,bridge,ABSTAIN,NO_FINITE_SOURCE,0,1,0.0,1.0,0,0,,,,,,,,,,,,
source_03_029,p1_reversible,29,16385,intersection,ABSTAIN,NO_FINITE_SOURCE,500479/524288,1,0.9545879364013672,1.0,0,0,,,,,,,,,,,,
source_03_029,p1_reversible,29,16385,lag,ABSTAIN,NO_FINITE_SOURCE,1002125/1048576,1,0.9557008743286133,1.0,0,0,,,,,,,,,,,,
source_03_029,p1_reversible,29,65537,bridge,ABSTAIN,SCALE_UNAVAILABLE,0,523735/524288,0.0,0.9989452362060547,1,0,1048023/553,38809/9,21461377/9432207,1895.1591320072332,7.547058088664853,4312.111111111111,2.2753293052198704,8761.539422107739,-1.0808687366275884,-1.0808687366275884,,
source_03_029,p1_reversible,29,65537,intersection,DO_NOT_REJECT,AVAILABLE_NONREJECTION,1005961/1048576,261901/262144,0.9593591690063477,0.9990730285644531,1,1,2481353075/55472499,289115101458225/4221122284369,329719439889/215333968433,44.73122934302996,3.8006719007029024,68.49247237608606,1.5312003131154406,139.16605610982836,0.75247219853944,0.7524721985394399,0.0008632926178168224,0.009535407994539787
source_03_029,p1_reversible,29,65537,lag,ABSTAIN,NO_FINITE_SOURCE,251649/262144,1,0.9599647521972656,1.0,0,0,,,,,,,,,,,,
source_03_030,p1_reversible,30,16385,bridge,ABSTAIN,NO_FINITE_SOURCE,0,1,0.0,1.0,0,0,,,,,,,,,,,,
source_03_030,p1_reversible,30,16385,intersection,ABSTAIN,NO_FINITE_SOURCE,124221/131072,1,0.9477310180664062,1.0,0,0,,,,,,,,,,,,
source_03_030,p1_reversible,30,16385,lag,ABSTAIN,NO_FINITE_SOURCE,497383/524288,1,0.9486827850341797,1.0,0,0,,,,,,,,,,,,
source_03_030,p1_reversible,30,65537,bridge,ABSTAIN,SCALE_UNAVAILABLE,0,523575/524288,0.0,0.9986400604248047,1,0,1047863/713,38809/9,27670817/9430767,1469.6535764375876,7.292781989712706,4312.111111111111,2.9341003759291264,8768.095907522518,-1.0816972062039896,-1.0816972062039893,,
source_03_030,p1_reversible,30,65537,intersection,DO_NOT_REJECT,AVAILABLE_NONREJECTION,501157/524288,518219/524288,0.9558811187744141,0.9884243011474609,1,4,24114229417/6223425705,1086820845049/158826957961,3207100771845/1816028850517,3.874751713935661,1.35448158692944,6.84279834482424,1.7659965979791454,13.913906812061573,0.9221915634147729,0.9221915634147729,0.015054559368998324,0.00414383381137128
source_03_030,p1_reversible,30,65537,lag,DO_NOT_REJECT,AVAILABLE_NONREJECTION,250715/262144,517273/524288,0.9564018249511719,0.9866199493408203,1,4,3968000223/1199235295,9763643850489/1909799622025,4807565396091/3111489647915,3.3087753833996354,1.1965781461276728,5.112391759789127,1.5451008809598756,10.39535858692391,0.9327703088227074,0.9327703088227074,0.01758064523506974,0.004894983063919324
source_03_031,p1_reversible,31,16385,bridge,ABSTAIN,NO_FINITE_SOURCE,0,1,0.0,1.0,0,0,,,,,,,,,,,,
source_03_031,p1_reversible,31,16385,intersection,ABSTAIN,NO_FINITE_SOURCE,993291/1048576,1,0.9472761154174805,1.0,0,0,,,,,,,,,,,,
source_03_031,p1_reversible,31,16385,lag,ABSTAIN,NO_FINITE_SOURCE,497157/524288,1,0.9482517242431641,1.0,0,0,,,,,,,,,,,,
source_03_031,p1_reversible,31,65537,bridge,ABSTAIN,SCALE_UNAVAILABLE,0,1048227/1048576,0.0,0.9996671676635742,1,0,2096803/349,39569245387281/4726975009,18871227/13544341,6008.031518624642,8.700852439539505,8370.944486049217,1.393292372068896,16993.761101365577,-1.971120445382469,-1.9711204453824687,,
source_03_031,p1_reversible,31,65537,intersection,ABSTAIN,SCALE_UNAVAILABLE,502553/524288,262119/262144,0.9585437774658203,0.9999046325683594,1,0,2278971261/5134205,274851693169/99500625,538334743183/86505843375,443.8800673132452,6.095554407279745,2762.311223361662,6.2231026504109845,5607.737226744401,-0.6433587751437966,-0.6433587751437967,,
source_03_031,p1_reversible,31,65537,lag,ABSTAIN,NO_FINITE_SOURCE,1005701/1048576,1,0.959111213684082,1.0,0,0,,,,,,,,,,,,
source_04_000,p1_weak_delay,0,16385,bridge,ABSTAIN,NO_FINITE_SOURCE,0,1,0.0,1.0,0,0,,,,,,,,,,,,
source_04_000,p1_weak_delay,0,16385,intersection,ABSTAIN,NO_FINITE_SOURCE,995303/1048576,1,0.9491949081420898,1.0,0,0,,,,,,,,,,,,
source_04_000,p1_weak_delay,0,16385,lag,ABSTAIN,NO_FINITE_SOURCE,996419/1048576,1,0.9502592086791992,1.0,0,0,,,,,,,,,,,,
source_04_000,p1_weak_delay,0,65537,bridge,ABSTAIN,SCALE_UNAVAILABLE,0,1048039/1048576,0.0,0.9994878768920898,1,0,2096615/537,38809/9,6946811/6289845,3904.310986964618,8.269836602906674,4312.111111111111,1.1044486787830226,8779.635932644536,-1.0831547286175027,-1.0831547286175025,,
source_04_000,p1_weak_delay,0,65537,intersection,DO_NOT_REJECT,AVAILABLE_NONREJECTION,1007931/1048576,1048215/1048576,0.961237907409668,0.9996557235717773,1,1,85224070195/742399027,4396532497681/20747233521,4312065369037/2335931596845,114.79550362476431,4.743152316086748,211.90933688729652,1.8459724483632325,431.45614309534545,0.5613169361889616,0.5613169361889617,0.16958689504632812,0.006685943802482879
source_04_000,p1_weak_delay,0,65537,lag,ABSTAIN,NO_FINITE_SOURCE,1008571/1048576,1,0.961848258972168,1.0,0,0,,,,,,,,,,,,
source_04_001,p1_weak_delay,1,16385,bridge,ABSTAIN,NO_FINITE_SOURCE,0,1,0.0,1.0,0,0,,,,,,,,,,,,
source_04_001,p1_weak_delay,1,16385,intersection,ABSTAIN,NO_FINITE_SOURCE,62235/65536,1,0.9496307373046875,1.0,0,0,,,,,,,,,,,,
source_04_001,p1_weak_delay,1,16385,lag,ABSTAIN,NO_FINITE_SOURCE,124597/131072,1,0.9505996704101562,1.0,0,0,,,,,,,,,,,,
source_04_001,p1_weak_delay,1,65537,bridge,ABSTAIN,SCALE_UNAVAILABLE,0,16335/16384,0.0,0.99700927734375,1,0,32719/49,1070532961/866761,32719/17689,667.734693877551,6.50389092979183,1235.0959041765839,1.8496805924585902,2513.189314519819,-0.0812132527349535,-0.0812132527349533,,
source_04_001,p1_weak_delay,1,65537,intersection,DO_NOT_REJECT,AVAILABLE_NONREJECTION,1004921/1048576,522879/524288,0.9583673477172852,0.9973125457763672,1,2,45714075385/2893377273,33710971393225/468538881001,3264145597965/716784764333,15.799555699696684,2.7599818193651773,71.94914394554387,4.553871343795138,146.40305999017934,0.7460617994312816,0.7460617994312816,0.4142456671048947,0.008175741027069805
source_04_001,p1_weak_delay,1,65537,lag,ABSTAIN,NO_FINITE_SOURCE,502761/524288,1,0.9589405059814453,1.0,0,0,,,,,,,,,,,,
source_04_002,p1_weak_delay,2,16385,bridge,ABSTAIN,NO_FINITE_SOURCE,0,1,0.0,1.0,0,0,,,,,,,,,,,,
source_04_002,p1_weak_delay,2,16385,intersection,ABSTAIN,NO_FINITE_SOURCE,997545/1048576,1,0.9513330459594727,1.0,0,0,,,,,,,,,,,,
source_04_002,p1_weak_delay,2,16385,lag,ABSTAIN,NO_FINITE_SOURCE,62411/65536,1,0.9523162841796875,1.0,0,0,,,,,,,,,,,,
source_04_002,p1_weak_delay,2,65537,bridge,ABSTAIN,SCALE_UNAVAILABLE,0,1046351/1048576,0.0,0.9978780746459961,1,0,2094927/2225,4388719135329/1787175625,2094927/803225,941.5402247191012,6.847517071262203,2455.673115690015,2.6081446668119144,5000.871365117417,-0.5473941916291851,-0.5473941916291849,,
source_04_002,p1_weak_delay,2,65537,intersection,DO_NOT_REJECT,AVAILABLE_NONREJECTION,502265/524288,1046615/1048576,0.9579944610595703,0.9981298446655273,1,2,46142391393/2013070433,77214479629329/1053811061809,15590544183/4877153303,22.921399389009853,3.132070945349658,73.27165412059784,3.1966483754796173,149.21453292187263,0.7436135724496634,0.7436135724496633,0.4012227363951902,0.006249462046707989
source_04_002,p1_weak_delay,2,65537,lag,ABSTAIN,NO_FINITE_SOURCE,251277/262144,1,0.9585456848144531,1.0,0,0,,,,,,,,,,,,
source_04_003,p1_weak_delay,3,16385,bridge,ABSTAIN,NO_FINITE_SOURCE,0,1,0.0,1.0,0,0,,,,,,,,,,,,
source_04_003,p1_weak_delay,3,16385,intersection,ABSTAIN,NO_FINITE_SOURCE,498679/524288,1,0.9511547088623047,1.0,0,0,,,,,,,,,,,,
source_04_003,p1_weak_delay,3,16385,lag,ABSTAIN,NO_FINITE_SOURCE,998351/1048576,1,0.9521017074584961,1.0,0,0,,,,,,,,,,,,
source_04_003,p1_weak_delay,3,65537,bridge,ABSTAIN,NO_FINITE_SOURCE,0,1,0.0,1.0,0,0,,,,,,,,,,,,
source_04_003,p1_weak_delay,3,65537,intersection,REJECT,REJECT,124725/131072,128089/131072,0.9515762329101562,0.9772415161132812,1,5,1644894867/763042451,1563397628881/588888946881,38672353511/31401760887,2.155705576857873,0.7681180838226529,2.6548259008110136,1.2315345515228717,5.399994948387841,0.9515769868730202,0.9515769868730202,3.3288337257247687,0.0028592338762705497
source_04_003,p1_weak_delay,3,65537,lag,REJECT,REJECT,998303/1048576,511847/524288,0.9520559310913086,0.9762706756591797,1,5,52089614855/25465221639,98084878095961/37707422765769,8090983021979/6362528917995,2.04551979140149,0.7156519339217793,2.6012087515300295,1.2716614928217382,5.2909360699220915,0.9520692869853958,0.9520692869853958,3.3941384799557888,0.003009727360918785
source_04_004,p1_weak_delay,4,16385,bridge,ABSTAIN,NO_FINITE_SOURCE,0,1,0.0,1.0,0,0,,,,,,,,,,,,
source_04_004,p1_weak_delay,4,16385,intersection,ABSTAIN,NO_FINITE_SOURCE,497609/524288,1,0.9491138458251953,1.0,0,0,,,,,,,,,,,,
source_04_004,p1_weak_delay,4,16385,lag,ABSTAIN,NO_FINITE_SOURCE,124537/131072,1,0.9501419067382812,1.0,0,0,,,,,,,,,,,,
source_04_004,p1_weak_delay,4,65537,bridge,ABSTAIN,SCALE_UNAVAILABLE,0,1048097/1048576,0.0,0.9995431900024414,1,0,2096673/479,39564339020361/8904375769,18870057/18589511,4377.187891440501,8.384161763260762,4443.246786383572,1.0150916288222966,9031.383613453576,-1.1147441414259638,-1.1147441414259638,,
source_04_004,p1_weak_delay,4,65537,intersection,ABSTAIN,SCALE_UNAVAILABLE,501793/524288,1048495/1048576,0.9570941925048828,0.9999227523803711,1,0,47173612145/83112561,4397706779041/1044517761,11384998459/1534811355,567.587035911455,6.341394104840859,4210.274772954292,7.417848729038104,8557.842591395916,-1.0549925064066876,-1.0549925064066874,,
source_04_004,p1_weak_delay,4,65537,lag,ABSTAIN,NO_FINITE_SOURCE,1004183/1048576,1,0.9576635360717773,1.0,0,0,,,,,,,,,,,,
source_04_005,p1_weak_delay,5,16385,bridge,ABSTAIN,NO_FINITE_SOURCE,0,1,0.0,1.0,0,0,,,,,,,,,,,,
source_04_005,p1_weak_delay,5,16385,intersection,ABSTAIN,NO_FINITE_SOURCE,983807/1048576,1,0.9382314682006836,1.0,0,0,,,,,,,,,,,,
source_04_005,p1_weak_delay,5,16385,lag,ABSTAIN,NO_FINITE_SOURCE,984745/1048576,1,0.9391260147094727,1.0,0,0,,,,,,,,,,,,
source_04_005,p1_weak_delay,5,65537,bridge,ABSTAIN,NO_FINITE_SOURCE,0,1,0.0,1.0,0,0,,,,,,,,,,,,
source_04_005,p1_weak_delay,5,65537,intersection,REJECT,REJECT,1000495/1048576,517457/524288,0.9541463851928711,0.9869709014892578,1,4,1517822465/424157697,1085232645025/201214147761,2134609468895/1416275426511,3.5784390469283407,1.2749266849169913,5.393421173912818,1.5071993970506279,10.96238370796188,0.9309567140600046,0.9309567140600046,1.939404392688311,0.004595536851279822
source_04_005,p1_weak_delay,5,65537,lag,REJECT,REJECT,1001055/1048576,516551/524288,0.9546804428100586,0.9852428436279297,1,4,49461710119/15857995047,1083345823921/258128011969,6400007641227/4756301379131,3.119039321957483,1.1375250447784762,4.1969324276634685,1.34558496846058,8.530463723280256,0.9391120660277573,0.9391120660277572,2.212449005251401,0.0052946712610806934
source_04_006,p1_weak_delay,6,16385,bridge,ABSTAIN,NO_FINITE_SOURCE,0,1,0.0,1.0,0,0,,,,,,,,,,,,
source_04_006,p1_weak_delay,6,16385,intersection,ABSTAIN,NO_FINITE_SOURCE,985787/1048576,1,0.940119743347168,1.0,0,0,,,,,,,,,,,,
source_04_006,p1_weak_delay,6,16385,lag,ABSTAIN,NO_FINITE_SOURCE,30835/32768,1,0.941009521484375,1.0,0,0,,,,,,,,,,,,
source_04_006,p1_weak_delay,6,65537,bridge,DO_NOT_REJECT,AVAILABLE_NONREJECTION,0,522595/524288,0.0,0.9967708587646484,1,1,1046883/1693,1095964015689/1034715889,1046883/611173,618.359716479622,6.42707035362428,1059.193182727863,1.7129078018826094,2155.4650733635835,0.0013128924833172295,0.0013128924833172937,0.00013711327355921826,0.002320540070953458
source_04_006,p1_weak_delay,6,65537,intersection,DO_NOT_REJECT,AVAILABLE_NONREJECTION,501383/524288,1045501/1048576,0.9563121795654297,0.9970674514770508,1,2,3197655579/210262555,83523057419025/1052001000241,11212984132875/2147834050667,15.207917448734513,2.721816177024007,79.39446578462467,5.220600785890725,161.56825856486586,0.7331151375102282,0.7331151375102283,0.3924530286026023,0.008662262968801182
source_04_006,p1_weak_delay,6,65537,lag,DO_NOT_REJECT,AVAILABLE_NONREJECTION,250837/262144,260447/262144,0.9568672180175781,0.9935264587402344,1,3,5908936437/870528757,2457912179529/111762507481,804237761313/248222092337,6.787755590479592,1.9151203406070074,21.992278402905853,3.239992676482327,44.754430781991886,0.8601509812624528,0.8601509812624528,0.8885322300951104,0.005287085955103058
source_04_007,p1_weak_delay,7,16385,bridge,ABSTAIN,NO_FINITE_SOURCE,0,1,0.0,1.0,0,0,,,,,,,,,,,,
source_04_007,p1_weak_delay,7,16385,intersection,ABSTAIN,NO_FINITE_SOURCE,984603/1048576,1,0.938990592956543,1.0,0,0,,,,,,,,,,,,
source_04_007,p1_weak_delay,7,16385,lag,ABSTAIN,NO_FINITE_SOURCE,985541/1048576,1,0.939885139465332,1.0,0,0,,,,,,,,,,,,
source_04_007,p1_weak_delay,7,65537,bridge,ABSTAIN,SCALE_UNAVAILABLE,0,8177/8192,0.0,0.9981689453125,1,0,16369/15,267944161/81225,16369/5415,1091.2666666666667,6.995094380042144,3298.7893013234843,3.022899353647276,6712.276257721486,-0.8067383507004238,-0.8067383507004235,,
source_04_007,p1_weak_delay,7,65537,intersection,REJECT,REJECT,997043/1048576,256305/262144,0.9508543014526367,0.9777259826660156,1,5,26717232317/11944369341,103063124304001/37661013838449,11677674166283/9544942124379,2.236805607248846,0.8050487798714714,2.7365998362683874,1.223441065866364,5.56835021275811,0.9508266455590557,0.9508266455590557,3.201330803263481,0.002659193367177011
source_04_007,p1_weak_delay,7,65537,lag,REJECT,REJECT,997563/1048576,1024129/1048576,0.951350212097168,0.9766855239868164,1,5,105734900165/50021960133,100993676292721/37680163265889,16133092900033/12723127607985,2.1137696300558524,0.7484729080264909,2.680287651092751,1.2680131330214683,5.453767889048261,0.9513360755959438,0.9513360755959438,3.2657125957290996,0.0028129644836211577
source_04_008,p1_weak_delay,8,16385,bridge,ABSTAIN,NO_FINITE_SOURCE,0,1,0.0,1.0,0,0,,,,,,,,,,,,
source_04_008,p1_weak_delay,8,16385,intersection,ABSTAIN,NO_FINITE_SOURCE,497521/524288,1,0.9489459991455078,1.0,0,0,,,,,,,,,,,,
source_04_008,p1_weak_delay,8,16385,lag,ABSTAIN,NO_FINITE_SOURCE,497999/524288,1,0.9498577117919922,1.0,0,0,,,,,,,,,,,,
source_04_008,p1_weak_delay,8,65537,bridge,ABSTAIN,SCALE_UNAVAILABLE,0,1046743/1048576,0.0,0.9982519149780273,1,0,2095319/1833,4390361711761/1212919929,2095319/661713,1143.1091107474085,7.041507119210284,3619.6632661322196,3.1665072319872816,7363.125973951827,-0.8973868955135811,-0.897386895513581,,
source_04_008,p1_weak_delay,8,65537,intersection,DO_NOT_REJECT,AVAILABLE_NONREJECTION,1006141/1048576,523469/524288,0.9595308303833008,0.9984378814697266,1,2,4940174255/186979247,16206563025/238671601,5942979315/2312399699,26.420976307600597,3.2741582517649634,67.90318981016932,2.570048472835405,138.128799240403,0.7534042814961867,0.7534042814961867,0.43137380920667356,0.004381037547068009
source_04_008,p1_weak_delay,8,65537,lag,ABSTAIN,NO_FINITE_SOURCE,503361/524288,1,0.9600849151611328,1.0,0,0,,,,,,,,,,,,
source_04_009,p1_weak_delay,9,16385,bridge,ABSTAIN,NO_FINITE_SOURCE,0,1,0.0,1.0,0,0,,,,,,,,,,,,
source_04_009,p1_weak_delay,9,16385,intersection,ABSTAIN,NO_FINITE_SOURCE,248157/262144,1,0.9466438293457031,1.0,0,0,,,,,,,,,,,,
source_04_009,p1_weak_delay,9,16385,lag,ABSTAIN,NO_FINITE_SOURCE,993653/1048576,1,0.9476213455200195,1.0,0,0,,,,,,,,,,,,
source_04_009,p1_weak_delay,9,65537,bridge,ABSTAIN,NO_FINITE_SOURCE,0,1,0.0,1.0,0,0,,,,,,,,,,,,
source_04_009,p1_weak_delay,9,65537,intersection,ABSTAIN,NO_FINITE_SOURCE,1003765/1048576,1,0.9572649002075195,1.0,0,0,,,,,,,,,,,,
source_04_009,p1_weak_delay,9,65537,lag,ABSTAIN,NO_FINITE_SOURCE,1004375/1048576,1,0.9578466415405273,1.0,0,0,,,,,,,,,,,,
source_04_010,p1_weak_delay,10,16385,bridge,ABSTAIN,NO_FINITE_SOURCE,0,1,0.0,1.0,0,0,,,,,,,,,,,,
source_04_010,p1_weak_delay,10,16385,intersection,ABSTAIN,NO_FINITE_SOURCE,495355/524288,1,0.9448146820068359,1.0,0,0,,,,,,,,,,,,
source_04_010,p1_weak_delay,10,16385,lag,ABSTAIN,NO_FINITE_SOURCE,495885/524288,1,0.9458255767822266,1.0,0,0,,,,,,,,,,,,
source_04_010,p1_weak_delay,10,65537,bridge,ABSTAIN,SCALE_UNAVAILABLE,0,1047771/1048576,0.0,0.999232292175293,1,0,2096347/805,38809/9,31241245/18867123,2604.1577639751554,7.864864586737164,4312.111111111111,1.6558563274326457,8768.249278761426,-1.081716582747963,-1.081716582747963,,
source_04_010,p1_weak_delay,10,65537,intersection,DO_NOT_REJECT,AVAILABLE_NONREJECTION,1002887/1048576,1047965/1048576,0.9564275741577148,0.9994173049926758,1,1,31929620583/417814631,36925517229769/467611160041,493805752531/477886254387,76.42054206330558,4.33625153520618,78.96628734551884,1.0333123164725055,160.57009530197422,0.7339484211733146,0.7339484211733147,0.38791381101809014,0.010088756834221368
source_04_010,p1_weak_delay,10,65537,lag,DO_NOT_REJECT,AVAILABLE_NONREJECTION,1003471/1048576,1042995/1048576,0.9569845199584961,0.9946775436401367,1,3,94340309955/11452474307,39372023232369/1208805694849,12876005987511/3256476191015,8.237548273506029,2.1087027600246295,32.57101070928295,3.953969024259232,66.22991240283976,0.8296950121381947,0.8296950121381949,0.6892755398711631,0.004165861486304666
source_04_011,p1_weak_delay,11,16385,bridge,ABSTAIN,NO_FINITE_SOURCE,0,1,0.0,1.0,0,0,,,,,,,,,,,,
source_04_011,p1_weak_delay,11,16385,intersection,ABSTAIN,NO_FINITE_SOURCE,247159/262144,1,0.9428367614746094,1.0,0,0,,,,,,,,,,,,
source_04_011,p1_weak_delay,11,16385,lag,ABSTAIN,NO_FINITE_SOURCE,989629/1048576,1,0.9437837600708008,1.0,0,0,,,,,,,,,,,,
source_04_011,p1_weak_delay,11,65537,bridge,ABSTAIN,SCALE_UNAVAILABLE,0,1047735/1048576,0.0,0.9991979598999023,1,0,2096311/841,38809/9,32638369/18866799,2492.6409036860878,7.8210980313058105,4312.111111111111,1.7299367529171217,8765.103046803108,-1.0813190657363785,-1.0813190657363785,,
source_04_011,p1_weak_delay,11,65537,intersection,REJECT,REJECT,499577/524288,514895/524288,0.9528675079345703,0.9820842742919922,1,4,8559750371/3205721315,1079901307489/380450875249,1063983102295/1000885934023,2.670148004116197,0.9821339031291049,2.838477653079965,1.0630413178236853,5.76969110586832,0.9499439827041688,0.9499439827041687,3.191301619987481,0.006419203441651147
source_04_011,p1_weak_delay,11,65537,lag,REJECT,REJECT,499845/524288,1028459/1048576,0.9533786773681641,0.9808149337768555,1,4,50768966505/20602483561,38826669521025/15705757376401,19144440770895/19083154921279,2.4642158482827003,0.9018736425986335,2.472129715906906,1.0032115155941883,5.02502629145026,0.9532912567448022,0.9532912567448021,3.6460718521295776,0.006924549452640355
source_04_012,p1_weak_delay,12,16385,bridge,ABSTAIN,NO_FINITE_SOURCE,0,1,0.0,1.0,0,0,,,,,,,,,,,,
source_04_012,p1_weak_delay,12,16385,intersection,ABSTAIN,NO_FINITE_SOURCE,497529/524288,1,0.9489612579345703,1.0,0,0,,,,,,,,,,,,
source_04_012,p1_weak_delay,12,16385,lag,ABSTAIN,NO_FINITE_SOURCE,996067/1048576,1,0.9499235153198242,1.0,0,0,,,,,,,,,,,,
source_04_012,p1_weak_delay,12,65537,bridge,ABSTAIN,SCALE_UNAVAILABLE,0,523579/524288,0.0,0.9986476898193359,1,0,1047867/709,38809/9,27515581/9430803,1477.950634696756,7.298411700880498,4312.111111111111,2.9176286473166706,8768.734192756514,-1.0817778446056432,-1.0817778446056432,,
source_04_012,p1_weak_delay,12,65537,intersection,DO_NOT_REJECT,AVAILABLE_NONREJECTION,1008229/1048576,1047367/1048576,0.961522102355957,0.9988470077514648,1,2,28188337407/828892415,259160188993209/4230446808025,7765748841123/4310946042115,34.007232901268615,3.5265732343820884,61.26071328957305,1.8014024683345453,124.57445957521175,0.7659163644582698,0.7659163644582698,0.46199766538629655,0.0028036745567778174
source_04_012,p1_weak_delay,12,65537,lag,ABSTAIN,NO_FINITE_SOURCE,1008855/1048576,1,0.9621191024780273,1.0,0,0,,,,,,,,,,,,
source_04_013,p1_weak_delay,13,16385,bridge,ABSTAIN,NO_FINITE_SOURCE,0,1,0.0,1.0,0,0,,,,,,,,,,,,
source_04_013,p1_weak_delay,13,16385,intersection,ABSTAIN,NO_FINITE_SOURCE,990383/1048576,1,0.9445028305053711,1.0,0,0,,,,,,,,,,,,
source_04_013,p1_weak_delay,13,16385,lag,ABSTAIN,NO_FINITE_SOURCE,495691/524288,1,0.9454555511474609,1.0,0,0,,,,,,,,,,,,
source_04_013,p1_weak_delay,13,65537,bridge,ABSTAIN,SCALE_UNAVAILABLE,0,522853/524288,0.0,0.9972629547119141,1,0,1047141/1435,1096504273881/743380225,1047141/518035,729.7149825783972,6.592654023078802,1475.024808308561,2.0213711428764465,3000.354681469281,-0.18524890410580097,-0.18524890410580105,,
source_04_013,p1_weak_delay,13,65537,intersection,DO_NOT_REJECT,AVAILABLE_NONREJECTION,502979/524288,65387/65536,0.9593563079833984,0.9977264404296875,1,2,2789838207/153062783,72288952248681/1055277489289,18721100083/4981217683,18.226757362696066,2.902890699182724,68.5023161987338,3.7583380760274236,139.3408734148997,0.7523154437043535,0.7523154437043534,0.4316647317438899,0.006240014798922426
source_04_013,p1_weak_delay,13,65537,lag,ABSTAIN,NO_FINITE_SOURCE,503279/524288,1,0.9599285125732422,1.0,0,0,,,,,,,,,,,,
source_04_014,p1_weak_delay,14,16385,bridge,ABSTAIN,NO_FINITE_SOURCE,0,1,0.0,1.0,0,0,,,,,,,,,,,,
source_04_014,p1_weak_delay,14,16385,intersection,ABSTAIN,NO_FINITE_SOURCE,1002377/1048576,1,0.9559412002563477,1.0,0,0,,,,,,,,,,,,
source_04_014,p1_weak_delay,14,16385,lag,ABSTAIN,NO_FINITE_SOURCE,1003527/1048576,1,0.9570379257202148,1.0,0,0,,,,,,,,,,,,
source_04_014,p1_weak_delay,14,65537,bridge,ABSTAIN,SCALE_UNAVAILABLE,0,1046973/1048576,0.0,0.9984712600708008,1,0,2095549/1603,38809/9,62210827/18859941,1307.2669993761697,7.175693976905028,4312.111111111111,3.298569544835798,8769.57849184188,-1.0818845060087114,-1.0818845060087112,,
source_04_014,p1_weak_delay,14,65537,intersection,DO_NOT_REJECT,AVAILABLE_NONREJECTION,503467/524288,523561/524288,0.9602870941162109,0.9986133575439453,1,2,7272421343/249059295,7668429871249/117364482225,267756040363/119659116555,29.199558053033115,3.3741535739895996,65.33859073776526,2.2376568377882755,132.87966966916144,0.7581748508681563,0.7581748508681563,0.4547392409443248,0.0035036317710779876
source_04_014,p1_weak_delay,14,65537,lag,ABSTAIN,NO_FINITE_SOURCE,15743/16384,1,0.96087646484375,1.0,0,0,,,,,,,,,,,,
source_04_015,p1_weak_delay,15,16385,bridge,ABSTAIN,NO_FINITE_SOURCE,0,1,0.0,1.0,0,0,,,,,,,,,,,,
source_04_015,p1_weak_delay,15,16385,intersection,ABSTAIN,NO_FINITE_SOURCE,249069/262144,1,0.9501228332519531,1.0,0,0,,,,,,,,,,,,
source_04_015,p1_weak_delay,15,16385,lag,ABSTAIN,NO_FINITE_SOURCE,498685/524288,1,0.9511661529541016,1.0,0,0,,,,,,,,,,,,
source_04_015,p1_weak_delay,15,65537,bridge,ABSTAIN,NO_FINITE_SOURCE,0,1,0.0,1.0,0,0,,,,,,,,,,,,
source_04_015,p1_weak_delay,15,65537,intersection,ABSTAIN,NO_FINITE_SOURCE,251899/262144,1,0.9609184265136719,1.0,0,0,,,,,,,,,,,,
source_04_015,p1_weak_delay,15,65537,lag,ABSTAIN,NO_FINITE_SOURCE,252055/262144,1,0.9615135192871094,1.0,0,0,,,,,,,,,,,,
source_04_016,p1_weak_delay,16,16385,bridge,ABSTAIN,NO_FINITE_SOURCE,0,1,0.0,1.0,0,0,,,,,,,,,,,,
source_04_016,p1_weak_delay,16,16385,intersection,ABSTAIN,NO_FINITE_SOURCE,249025/262144,1,0.9499549865722656,1.0,0,0,,,,,,,,,,,,
source_04_016,p1_weak_delay,16,16385,lag,ABSTAIN,NO_FINITE_SOURCE,249277/262144,1,0.9509162902832031,1.0,0,0,,,,,,,,,,,,
source_04_016,p1_weak_delay,16,65537,bridge,ABSTAIN,SCALE_UNAVAILABLE,0,523681/524288,0.0,0.9988422393798828,1,0,1047969/607,38809/9,23557063/9431721,1726.4728171334432,7.453835772213453,4312.111111111111,2.497642052813055,8781.317788736676,-1.0833670792252232,-1.0833670792252232,,
source_04_016,p1_weak_delay,16,65537,intersection,DO_NOT_REJECT,AVAILABLE_NONREJECTION,251285/262144,1047553/1048576,0.9585762023925781,0.9990243911743164,1,2,3251694973/75033981,42568355041/597753601,12030783831/7321179703,43.33629816336148,3.7689905786014846,71.21388306115783,1.643284869249985,145.02217638098455,0.7472727282711469,0.7472727282711469,0.4187509147792494,0.002765117023920776
source_04_016,p1_weak_delay,16,65537,lag,ABSTAIN,NO_FINITE_SOURCE,1005749/1048576,1,0.9591569900512695,1.0,0,0,,,,,,,,,,,,
source_04_017,p1_weak_delay,17,16385,bridge,ABSTAIN,NO_FINITE_SOURCE,0,1,0.0,1.0,0,0,,,,,,,,,,,,
source_04_017,p1_weak_delay,17,16385,intersection,ABSTAIN,NO_FINITE_SOURCE,985939/1048576,1,0.9402647018432617,1.0,0,0,,,,,,,,,,,,
source_04_017,p1_weak_delay,17,16385,lag,ABSTAIN,NO_FINITE_SOURCE,246717/262144,1,0.9411506652832031,1.0,0,0,,,,,,,,,,,,
source_04_017,p1_weak_delay,17,65537,bridge,ABSTAIN,SCALE_UNAVAILABLE,0,522607/524288,0.0,0.9967937469482422,1,0,1046895/1681,1095989141025/1020099721,1046895/606841,622.7810826888757,6.4341950648820765,1074.3941189892748,1.725155353708797,2181.621813423185,-0.004928570461201653,-0.004928570461201768,,
source_04_017,p1_weak_delay,17,65537,intersection,DO_NOT_REJECT,AVAILABLE_NONREJECTION,1007165/1048576,1045641/1048576,0.9605073928833008,0.9972009658813477,1,2,86723620187/6033599835,30334351721569/469563451009,6449831371095/1435055916599,14.373445796641898,2.665382462343712,64.60117723469834,4.494480874571584,131.17657192745867,0.7597425176428764,0.7597425176428764,0.4434142521606153,0.006996416110506348
source_04_017,p1_weak_delay,17,65537,lag,ABSTAIN,NO_FINITE_SOURCE,503897/524288,1,0.9611072540283203,1.0,0,0,,,,,,,,,,,,
source_04_018,p1_weak_delay,18,16385,bridge,ABSTAIN,NO_FINITE_SOURCE,0,1,0.0,1.0,0,0,,,,,,,,,,,,
source_04_018,p1_weak_delay,18,16385,intersection,ABSTAIN,NO_FINITE_SOURCE,999393/1048576,1,0.9530954360961914,1.0,0,0,,,,,,,,,,,,
source_04_018,p1_weak_delay,18,16385,lag,ABSTAIN,NO_FINITE_SOURCE,500231/524288,1,0.9541149139404297,1.0,0,0,,,,,,,,,,,,
source_04_018,p1_weak_delay,18,65537,bridge,ABSTAIN,SCALE_UNAVAILABLE,0,1046099/1048576,0.0,0.9976377487182617,1,0,2094675/2477,4387663355625/2214925969,2094675/894197,845.6499798142914,6.74010553855,1980.9525993349353,2.3425207197071787,4028.3991598534244,-0.38179623815645247,-0.3817962381564524,,
source_04_018,p1_weak_delay,18,65537,intersection,DO_NOT_REJECT,AVAILABLE_NONREJECTION,125701/131072,130791/131072,0.9590225219726562,0.9978561401367188,1,2,1406466173/72153213,510285921649/7325819281,11441631831/3201873719,19.4927725948947,2.9700437607078976,69.65581624057538,3.573417578308934,141.64974553992084,0.7502541258837805,0.7502541258837805,0.4145489927874208,0.006241855835109234
source_04_018,p1_weak_delay,18,65537,lag,ABSTAIN,NO_FINITE_SOURCE,1006205/1048576,1,0.9595918655395508,1.0,0,0,,,,,,,,,,,,
source_04_019,p1_weak_delay,19,16385,bridge,ABSTAIN,NO_FINITE_SOURCE,0,1,0.0,1.0,0,0,,,,,,,,,,,,
source_04_019,p1_weak_delay,19,16385,intersection,ABSTAIN,NO_FINITE_SOURCE,249661/262144,1,0.9523811340332031,1.0,0,0,,,,,,,,,,,,
source_04_019,p1_weak_delay,19,16385,lag,ABSTAIN,NO_FINITE_SOURCE,499835/524288,1,0.9533596038818359,1.0,0,0,,,,,,,,,,,,
source_04_019,p1_weak_delay,19,65537,bridge,ABSTAIN,SCALE_UNAVAILABLE,0,1046937/1048576,0.0,0.9984369277954102,1,0,2095513/1639,38809/9,63607951/18859617,1278.5314215985356,7.153467371354173,4312.111111111111,3.372706402256207,8788.195187243417,-1.0842352313832142,-1.0842352313832144,,
source_04_019,p1_weak_delay,19,65537,intersection,DO_NOT_REJECT,AVAILABLE_NONREJECTION,1005535/1048576,523545/524288,0.9589529037475586,0.9985828399658203,1,2,45099780153/1526204473,294924259342881/4219372000321,5091162489063/2152365291463,29.550286970624022,3.3860934551627873,69.89766707473146,2.3653803140462504,142.45327301582827,0.7495406297678616,0.7495406297678616,0.42142521088699797,0.004592505839910412
source_04_019,p1_weak_delay,19,65537,lag,ABSTAIN,NO_FINITE_SOURCE,1006103/1048576,1,0.9594945907592773,1.0,0,0,,,,,,,,,,,,
source_04_020,p1_weak_delay,20,16385,bridge,ABSTAIN,NO_FINITE_SOURCE,0,1,0.0,1.0,0,0,,,,,,,,,,,,
source_04_020,p1_weak_delay,20,16385,intersection,ABSTAIN,NO_FINITE_SOURCE,124285/131072,1,0.9482192993164062,1.0,0,0,,,,,,,,,,,,
source_04_020,p1_weak_delay,20,16385,lag,ABSTAIN,NO_FINITE_SOURCE,995309/1048576,1,0.9492006301879883,1.0,0,0,,,,,,,,,,,,
source_04_020,p1_weak_delay,20,65537,bridge,ABSTAIN,SCALE_UNAVAILABLE,0,1047217/1048576,0.0,0.9987039566040039,1,0,2095793/1359,38809/9,5860159/2095793,1542.158204562178,7.340938145852896,4312.111111111111,2.796153532338356,8760.373750620754,-1.0807214152544349,-1.080721415254435,,
source_04_020,p1_weak_delay,20,65537,intersection,DO_NOT_REJECT,AVAILABLE_NONREJECTION,503137/524288,1047313/1048576,0.9596576690673828,0.9987955093383789,1,2,44330148239/1297637775,447364801/6630625,10658771487/5396914175,34.162190014081546,3.5311194773478607,67.46947701008578,1.9749751693985387,137.06924987259123,0.7543599555235434,0.7543599555235434,0.43663969363142263,0.002687539335817661
source_04_020,p1_weak_delay,20,65537,lag,ABSTAIN,NO_FINITE_SOURCE,1006881/1048576,1,0.9602365493774414,1.0,0,0,,,,,,,,,,,,
source_04_021,p1_weak_delay,21,16385,bridge,ABSTAIN,NO_FINITE_SOURCE,0,1,0.0,1.0,0,0,,,,,,,,,,,,
source_04_021,p1_weak_delay,21,16385,intersection,ABSTAIN,NO_FINITE_SOURCE,494781/524288,1,0.9437198638916016,1.0,0,0,,,,,,,,,,,,
source_04_021,p1_weak_delay,21,16385,lag,ABSTAIN,NO_FINITE_SOURCE,990595/1048576,1,0.9447050094604492,1.0,0,0,,,,,,,,,,,,
source_04_021,p1_weak_delay,21,65537,bridge,ABSTAIN,SCALE_UNAVAILABLE,0,1047847/1048576,0.0,0.9993047714233398,1,0,2096423/729,38809/9,3143529/2096423,2875.7517146776404,7.964069385030012,4312.111111111111,1.4994726732152814,8756.77373642417,-1.0802663792750589,-1.080266379275059,,
source_04_021,p1_weak_delay,21,65537,intersection,DO_NOT_REJECT,AVAILABLE_NONREJECTION,251529/262144,1047921/1048576,0.9595069885253906,0.9993753433227539,1,1,4450863131/67291163,17938486098225/263859950929,1106896692825/1076913903481,66.14335274603592,4.191824397923479,67.98487620067786,1.0278413986922112,138.05956364485817,0.7534666191461421,0.753466619146142,0.43732442160307106,0.00905479363753435
source_04_021,p1_weak_delay,21,65537,lag,ABSTAIN,NO_FINITE_SOURCE,1006723/1048576,1,0.9600858688354492,1.0,0,0,,,,,,,,,,,,
source_04_022,p1_weak_delay,22,16385,bridge,ABSTAIN,NO_FINITE_SOURCE,0,1,0.0,1.0,0,0,,,,,,,,,,,,
source_04_022,p1_weak_delay,22,16385,intersection,ABSTAIN,NO_FINITE_SOURCE,15555/16384,1,0.94940185546875,1.0,0,0,,,,,,,,,,,,
source_04_022,p1_weak_delay,22,16385,lag,ABSTAIN,NO_FINITE_SOURCE,124577/131072,1,0.9504470825195312,1.0,0,0,,,,,,,,,,,,
source_04_022,p1_weak_delay,22,65537,bridge,ABSTAIN,SCALE_UNAVAILABLE,0,1046439/1048576,0.0,0.9979619979858398,1,0,2095015/2137,4389087850225/1648603609,2095015/771457,980.353299017314,6.88791301589813,2662.306345967122,2.7156601080812024,5415.384171222462,-0.6134733864199468,-0.6134733864199468,,
source_04_022,p1_weak_delay,22,65537,intersection,DO_NOT_REJECT,AVAILABLE_NONREJECTION,1007481/1048576,1046663/1048576,0.9608087539672852,0.9981756210327148,1,2,86103846705/3933237041,268858493579025/4227370387249,4171848142245/1435976937541,21.891344408550736,3.0860913262112426,63.59946466720346,2.9052333872359877,129.3673565323234,0.7614188668984438,0.761418866898444,0.45089416611293787,0.0051144505316075275
source_04_022,p1_weak_delay,22,65537,lag,ABSTAIN,NO_FINITE_SOURCE,1008139/1048576,1,0.9614362716674805,1.0,0,0,,,,,,,,,,,,
source_04_023,p1_weak_delay,23,16385,bridge,ABSTAIN,NO_FINITE_SOURCE,0,1,0.0,1.0,0,0,,,,,,,,,,,,
source_04_023,p1_weak_delay,23,16385,intersection,ABSTAIN,NO_FINITE_SOURCE,988255/1048576,1,0.9424734115600586,1.0,0,0,,,,,,,,,,,,
source_04_023,p1_weak_delay,23,16385,lag,ABSTAIN,NO_FINITE_SOURCE,989197/1048576,1,0.9433717727661133,1.0,0,0,,,,,,,,,,,,
source_04_023,p1_weak_delay,23,65537,bridge,ABSTAIN,SCALE_UNAVAILABLE,0,1046909/1048576,0.0,0.9984102249145508,1,0,2095485/1667,38809/9,64694603/18859365,1257.0395920815836,7.136514705374714,4312.111111111111,3.430370163576557,8772.127887700675,-1.0822065471157845,-1.0822065471157845,,
source_04_023,p1_weak_delay,23,65537,intersection,REJECT,REJECT,1001285/1048576,1037711/1048576,0.954899787902832,0.9896383285522461,1,4,32887532839/7423913255,39173341017321/4581333564025,38489385204963/19940712892435,4.429945732036978,1.4883873338774913,8.55064152606794,1.9301910324161426,17.39457056087424,0.9129740178538378,0.9129740178538378,1.4791446423189356,0.0037089105732844587
source_04_023,p1_weak_delay,23,65537,lag,REJECT,REJECT,1001853/1048576,517753/524288,0.9554414749145508,0.9875354766845703,1,4,48687281643/13399553515,9772645011129/1657385886025,19229679770301/11849738447245,3.633500294505895,1.2901964521275007,5.8964210408278985,1.622793604762795,11.995089671180475,0.9277697456736534,0.9277697456736534,1.8069276146406632,0.004597042376732889
source_04_024,p1_weak_delay,24,16385,bridge,ABSTAIN,NO_FINITE_SOURCE,0,1,0.0,1.0,0,0,,,,,,,,,,,,
source_04_024,p1_weak_delay,24,16385,intersection,ABSTAIN,NO_FINITE_SOURCE,992025/1048576,1,0.9460687637329102,1.0,0,0,,,,,,,,,,,,
source_04_024,p1_weak_delay,24,16385,lag,ABSTAIN,NO_FINITE_SOURCE,993067/1048576,1,0.9470624923706055,1.0,0,0,,,,,,,,,,,,
source_04_024,p1_weak_delay,24,65537,bridge,ABSTAIN,SCALE_UNAVAILABLE,0,1047863/1048576,0.0,0.9993200302124023,1,0,2096439/713,38809/9,27670817/18867951,2940.3071528751752,7.9862693286427895,4312.111111111111,1.4665512434286054,8765.091226532393,-1.0813175721622095,-1.0813175721622095,,
source_04_024,p1_weak_delay,24,65537,intersection,DO_NOT_REJECT,AVAILABLE_NONREJECTION,1003709/1048576,262031/262144,0.9572114944458008,0.9995689392089844,1,1,1567877315/15460547,30528825625/225870841,331103875/248428579,101.41150342222691,4.6191865307011435,135.1605434762604,1.3327930157343129,274.73654163142777,0.6510027261482805,0.6510027261482805,0.2629202154090125,0.007133618799955178
source_04_024,p1_weak_delay,24,65537,lag,ABSTAIN,NO_FINITE_SOURCE,251073/262144,1,0.9577674865722656,1.0,0,0,,,,,,,,,,,,
source_04_025,p1_weak_delay,25,16385,bridge,ABSTAIN,NO_FINITE_SOURCE,0,1,0.0,1.0,0,0,,,,,,,,,,,,
source_04_025,p1_weak_delay,25,16385,intersection,ABSTAIN,NO_FINITE_SOURCE,994731/1048576,1,0.9486494064331055,1.0,0,0,,,,,,,,,,,,
source_04_025,p1_weak_delay,25,16385,lag,ABSTAIN,NO_FINITE_SOURCE,497833/524288,1,0.9495410919189453,1.0,0,0,,,,,,,,,,,,
source_04_025,p1_weak_delay,25,65537,bridge,ABSTAIN,SCALE_UNAVAILABLE,0,1047279/1048576,0.0,0.9987630844116211,1,0,2095855/1297,38809/9,50335273/18862695,1615.9252120277563,7.3876629583243085,4312.111111111111,2.66850908632091,8752.212850557484,-1.079689772549485,-1.079689772549485,,
source_04_025,p1_weak_delay,25,65537,intersection,DO_NOT_REJECT,AVAILABLE_NONREJECTION,1006271/1048576,1047511/1048576,0.9596548080444336,0.9989843368530273,1,2,17734992107/437682411,31658233699225/469155132601,341560628325/205101813509,40.520230334318825,3.701801363824317,67.4792440694648,1.6653223220281868,136.96138431333122,0.754457449575465,0.754457449575465,0.43873178416281516,0.002066330411243827
source_04_025,p1_weak_delay,25,65537,lag,ABSTAIN,NO_FINITE_SOURCE,503433/524288,1,0.9602222442626953,1.0,0,0,,,,,,,,,,,,
source_04_026,p1_weak_delay,26,16385,bridge,ABSTAIN,NO_FINITE_SOURCE,0,1,0.0,1.0,0,0,,,,,,,,,,,,
source_04_026,p1_weak_delay,26,16385,intersection,ABSTAIN,NO_FINITE_SOURCE,496883/524288,1,0.9477291107177734,1.0,0,0,,,,,,,,,,,,
source_04_026,p1_weak_delay,26,16385,lag,ABSTAIN,NO_FINITE_SOURCE,497421/524288,1,0.9487552642822266,1.0,0,0,,,,,,,,,,,,
source_04_026,p1_weak_delay,26,65537,bridge,ABSTAIN,SCALE_UNAVAILABLE,0,1046257/1048576,0.0,0.9977884292602539,1,0,2094833/2319,4388325297889/1941371721,2094833/837159,903.3346269943942,6.806093057301727,2260.425064618009,2.502311986134056,4607.349499191753,-0.4823233281622681,-0.4823233281622681,,
source_04_026,p1_weak_delay,26,65537,intersection,DO_NOT_REJECT,AVAILABLE_NONREJECTION,1003469/1048576,1046445/1048576,0.9569826126098633,0.9979677200317383,1,2,94500112247/4372907895,35990772591361/467876520225,1700320047713/477675263105,21.61035963164278,3.0731728122888238,76.9236562117996,3.559573164121008,156.7909392224538,0.7371266011906417,0.7371266011906417,0.40105763682180556,0.007398235515964945
source_04_026,p1_weak_delay,26,65537,lag,ABSTAIN,NO_FINITE_SOURCE,15689/16384,1,0.95758056640625,1.0,0,0,,,,,,,,,,,,
source_04_027,p1_weak_delay,27,16385,bridge,ABSTAIN,NO_FINITE_SOURCE,0,1,0.0,1.0,0,0,,,,,,,,,,,,
source_04_027,p1_weak_delay,27,16385,intersection,ABSTAIN,NO_FINITE_SOURCE,991487/1048576,1,0.9455556869506836,1.0,0,0,,,,,,,,,,,,
source_04_027,p1_weak_delay,27,16385,lag,ABSTAIN,NO_FINITE_SOURCE,992503/1048576,1,0.9465246200561523,1.0,0,0,,,,,,,,,,,,
source_04_027,p1_weak_delay,27,65537,bridge,ABSTAIN,SCALE_UNAVAILABLE,0,130947/131072,0.0,0.9990463256835938,1,0,262019/125,38809/9,4851125/2358171,2096.152,7.647858561895521,4312.111111111111,2.0571557363736557,8763.880711001706,-1.0811646103395343,-1.081164610339534,,
source_04_027,p1_weak_delay,27,65537,intersection,DO_NOT_REJECT,AVAILABLE_NONREJECTION,1003307/1048576,261927/262144,0.9568281173706055,0.9991722106933594,1,1,3389167157/63608373,36249755683729/467802649521,173765644997/119481375077,53.28177718049792,3.9755943811656773,77.48941935417945,1.4543324839123788,157.48852710101625,0.7365371392913111,0.736537139291311,0.3990403803967441,0.008980290816630524
source_04_027,p1_weak_delay,27,65537,lag,ABSTAIN,NO_FINITE_SOURCE,501953/524288,1,0.9573993682861328,1.0,0,0,,,,,,,,,,,,
source_04_028,p1_weak_delay,28,16385,bridge,ABSTAIN,NO_FINITE_SOURCE,0,1,0.0,1.0,0,0,,,,,,,,,,,,
source_04_028,p1_weak_delay,28,16385,intersection,ABSTAIN,NO_FINITE_SOURCE,497943/524288,1,0.9497509002685547,1.0,0,0,,,,,,,,,,,,
source_04_028,p1_weak_delay,28,16385,lag,ABSTAIN,NO_FINITE_SOURCE,996965/1048576,1,0.950779914855957,1.0,0,0,,,,,,,,,,,,
source_04_028,p1_weak_delay,28,65537,bridge,ABSTAIN,SCALE_UNAVAILABLE,0,261427/262144,0.0,0.9972648620605469,1,0,523571/717,274126592041/185586129,523571/258837,730.2245467224546,6.593352085093732,1477.0855640886825,2.0227826779015365,3003.426467890414,-0.18587892427237285,-0.1858789242723729,,
source_04_028,p1_weak_delay,28,65537,intersection,DO_NOT_REJECT,AVAILABLE_NONREJECTION,251115/262144,1045977/1048576,0.9579277038574219,0.9975214004516602,1,2,23100825037/1333960141,19365025126041/263434801081,4563396527571/1075048178227,17.31747773189274,2.851716265040705,73.5097452826163,4.244829785300491,149.4707686523953,0.7433915738307367,0.7433915738307367,0.4120771537434916,0.006457832457853343
source_04_028,p1_weak_delay,28,65537,lag,ABSTAIN,NO_FINITE_SOURCE,1005057/1048576,1,0.9584970474243164,1.0,0,0,,,,,,,,,,,,
source_04_029,p1_weak_delay,29,16385,bridge,ABSTAIN,NO_FINITE_SOURCE,0,1,0.0,1.0,0,0,,,,,,,,,,,,
source_04_029,p1_weak_delay,29,16385,intersection,ABSTAIN,NO_FINITE_SOURCE,992713/1048576,1,0.9467248916625977,1.0,0,0,,,,,,,,,,,,
source_04_029,p1_weak_delay,29,16385,lag,ABSTAIN,NO_FINITE_SOURCE,993737/1048576,1,0.9477014541625977,1.0,0,0,,,,,,,,,,,,
source_04_029,p1_weak_delay,29,65537,bridge,ABSTAIN,SCALE_UNAVAILABLE,0,1046865/1048576,0.0,0.9983682632446289,1,0,2095441/1711,4390872984481/1056835081,2095441/617671,1224.687901811806,7.110441316487232,4154.738107601672,3.3924872626365814,8435.066767490998,-1.0392648682142966,-1.0392648682142966,,
source_04_029,p1_weak_delay,29,65537,intersection,DO_NOT_REJECT,AVAILABLE_NONREJECTION,503245/524288,1047019/1048576,0.9598636627197266,0.9985151290893555,1,2,44097605585/1599868881,7832828040961/117313785121,1738684587717/717764339045,27.56326228274203,3.316483809341348,66.7681810188125,2.4223613422064894,135.55464875323105,0.7557323974784957,0.7557323974784959,0.44525847392554213,0.003452070656949956
source_04_029,p1_weak_delay,29,65537,lag,ABSTAIN,NO_FINITE_SOURCE,503539/524288,1,0.9604244232177734,1.0,0,0,,,,,,,,,,,,
source_04_030,p1_weak_delay,30,16385,bridge,ABSTAIN,NO_FINITE_SOURCE,0,1,0.0,1.0,0,0,,,,,,,,,,,,
source_04_030,p1_weak_delay,30,16385,intersection,ABSTAIN,NO_FINITE_SOURCE,990621/1048576,1,0.9447298049926758,1.0,0,0,,,,,,,,,,,,
source_04_030,p1_weak_delay,30,16385,lag,ABSTAIN,NO_FINITE_SOURCE,495791/524288,1,0.9456462860107422,1.0,0,0,,,,,,,,,,,,
source_04_030,p1_weak_delay,30,65537,bridge,ABSTAIN,SCALE_UNAVAILABLE,0,32743/32768,0.0,0.999237060546875,1,0,65511/25,38809/9,970225/589599,2620.44,7.871097521586276,4312.111111111111,1.6455675806777148,8762.422679502331,-1.0809803598463175,-1.0809803598463175,,
source_04_030,p1_weak_delay,30,65537,intersection,REJECT,REJECT,249593/262144,514135/524288,0.9521217346191406,0.9806346893310547,1,4,394946881/157444417,6113488667209/2356872814521,4945442629127/4782595236759,2.5084845085361143,0.9196787893345484,2.5938984189316456,1.0340500051345252,5.27092965573313,0.9521601445897255,0.9521601445897254,3.469168760923012,0.006983145061191939
source_04_030,p1_weak_delay,30,65537,lag,REJECT,REJECT,998905/1048576,1027023/1048576,0.9526300430297852,0.9794454574584961,1,5,103097077929/44129357993,10638876069441/4192178445361,4616369630663/4249749516119,2.336246948014828,0.848545773426088,2.5377917968195787,1.0862686408112845,5.156918229450943,0.9526812317453354,0.9526812317453354,3.542913994504597,0.002100755933717082
source_04_031,p1_weak_delay,31,16385,bridge,ABSTAIN,NO_FINITE_SOURCE,0,1,0.0,1.0,0,0,,,,,,,,,,,,
source_04_031,p1_weak_delay,31,16385,intersection,ABSTAIN,NO_FINITE_SOURCE,989379/1048576,1,0.9435453414916992,1.0,0,0,,,,,,,,,,,,
source_04_031,p1_weak_delay,31,16385,lag,ABSTAIN,NO_FINITE_SOURCE,247603/262144,1,0.9445304870605469,1.0,0,0,,,,,,,,,,,,
source_04_031,p1_weak_delay,31,65537,bridge,ABSTAIN,SCALE_UNAVAILABLE,0,524259/524288,0.0,0.9999446868896484,1,0,1048547/29,159201,4616829/1048547,36156.793103448275,10.495620124274806,159201.0,4.403073014371316,323371.21720343217,-15.763747561741745,-15.763747561741745,,
source_04_031,p1_weak_delay,31,65537,intersection,REJECT,REJECT,1001725/1048576,129537/131072,0.9553194046020508,0.9882888793945312,1,4,12209792259/3147212035,611253457929/91442736025,1602980679927/930333034855,3.879558200469324,1.3557212812935515,6.684549090502785,1.7230181234796609,13.577746219257298,0.9231397868458373,0.9231397868458373,1.6899040312447873,0.0038626536599022173
source_04_031,p1_weak_delay,31,65537,lag,REJECT,REJECT,1002279/1048576,517189/524288,0.9558477401733398,0.9864597320556641,1,4,48217260669/14559019645,9762069073761/1955810641009,19223264815515/12755059198027,3.31184803954566,1.1975063536907202,4.9913160656109135,1.5071090237267206,10.138428474592793,0.9336082742647683,0.9336082742647683,1.9744054832772446,0.0045635225285193025
source_05_000,p1_strong_delay,0,16385,bridge,ABSTAIN,NO_FINITE_SOURCE,0,1,0.0,1.0,0,0,,,,,,,,,,,,
source_05_000,p1_strong_delay,0,16385,intersection,ABSTAIN,NO_FINITE_SOURCE,984329/1048576,1,0.9387292861938477,1.0,0,0,,,,,,,,,,,,
source_05_000,p1_strong_delay,0,16385,lag,ABSTAIN,NO_FINITE_SOURCE,985293/1048576,1,0.9396486282348633,1.0,0,0,,,,,,,,,,,,
source_05_000,p1_strong_delay,0,65537,bridge,ABSTAIN,SCALE_UNAVAILABLE,0,1047597/1048576,0.0,0.9990663528442383,1,0,2096173/979,38809/9,37994011/18865557,2141.1368743615935,7.669092216654411,4312.111111111111,2.013935289586202,8771.420831265854,-1.0821172354760646,-1.0821172354760649,,
source_05_000,p1_strong_delay,0,65537,intersection,REJECT,REJECT,499533/524288,1031817/1048576,0.9527835845947266,0.9840173721313477,1,4,51500128715/17158216139,38952315310041/10900054119529,19169550374877/16100652767405,3.001485020225505,1.0991071729345232,3.5735891659705046,1.1906070301500344,7.269166690072325,0.9438026490159047,0.9438026490159047,5.582216433929123,0.006652819255998092
source_05_000,p1_strong_delay,0,65537,lag,REJECT,REJECT,499811/524288,128785/131072,0.9533138275146484,0.9825515747070312,1,4,6360519789/2342114413,607730944041/202985390521,798357881529/724161697097,2.715716940938359,0.999055985170402,2.9939639620425136,1.1024580348966753,6.090130144617758,0.9485702727162413,0.9485702727162414,6.627302458749236,0.007337233600144644
source_05_001,p1_strong_delay,1,16385,bridge,ABSTAIN,NO_FINITE_SOURCE,0,1,0.0,1.0,0,0,,,,,,,,,,,,
source_05_001,p1_strong_delay,1,16385,intersection,ABSTAIN,NO_FINITE_SOURCE,496011/524288,1,0.9460659027099609,1.0,0,0,,,,,,,,,,,,
source_05_001,p1_strong_delay,1,16385,lag,ABSTAIN,NO_FINITE_SOURCE,992953/1048576,1,0.9469537734985352,1.0,0,0,,,,,,,,,,,,
source_05_001,p1_strong_delay,1,65537,bridge,ABSTAIN,SCALE_UNAVAILABLE,0,261809/262144,0.0,0.9987220764160156,1,0,523953/335,38809/9,13001015/4715577,1564.0388059701493,7.355026732798818,4312.111111111111,2.757035883413631,8768.876968648043,-1.0817958819871416,-1.0817958819871414,,
source_05_001,p1_strong_delay,1,65537,intersection,DO_NOT_REJECT,AVAILABLE_NONREJECTION,503137/524288,261837/262144,0.9596576690673828,0.9988288879394531,1,2,11082722131/315419475,447364801/6630625,2590849443/1349251075,35.13645481465594,3.5592391902094787,67.46947701008578,1.9202129914923358,137.2022955336192,0.7542397544230258,0.7542397544230258,0.9724349183312325,0.002830543755443758
source_05_001,p1_strong_delay,1,65537,lag,ABSTAIN,NO_FINITE_SOURCE,31465/32768,1,0.960235595703125,1.0,0,0,,,,,,,,,,,,
source_05_002,p1_strong_delay,2,16385,bridge,ABSTAIN,NO_FINITE_SOURCE,0,1,0.0,1.0,0,0,,,,,,,,,,,,
source_05_002,p1_strong_delay,2,16385,intersection,ABSTAIN,NO_FINITE_SOURCE,31005/32768,1,0.946197509765625,1.0,0,0,,,,,,,,,,,,
source_05_002,p1_strong_delay,2,16385,lag,ABSTAIN,NO_FINITE_SOURCE,496603/524288,1,0.9471950531005859,1.0,0,0,,,,,,,,,,,,
source_05_002,p1_strong_delay,2,65537,bridge,ABSTAIN,SCALE_UNAVAILABLE,0,523573/524288,0.0,0.9986362457275391,1,0,1047861/715,38809/9,27748435/9430749,1465.5398601398601,7.289978958784719,4312.111111111111,2.942336287393504,8783.230661887974,-1.0836085762436758,-1.0836085762436758,,
source_05_002,p1_strong_delay,2,65537,intersection,REJECT,REJECT,1002335/1048576,1042619/1048576,0.9559011459350586,0.994318962097168,1,3,10744327555/1357475203,39357868752225/1377170313841,38599693457805/10690235434333,7.9149346752376735,2.0687514400124574,28.578795488594178,3.6107430650065346,58.2114297028322,0.8403961571562525,0.8403961571562525,1.6779653087720683,0.005057645927820839
source_05_002,p1_strong_delay,2,65537,lag,REJECT,REJECT,1002911/1048576,519597/524288,0.9564504623413086,0.9910526275634766,1,4,47669008525/9623525517,9807263039025/854010712129,3854729712591/1662690222527,4.9533830861457675,1.600070794880434,11.483770519196478,2.3183691467990237,23.39100332512111,0.8990333648131532,0.8990333648131533,2.8508406148341794,0.0035983841769775407
source_05_003,p1_strong_delay,3,16385,bridge,ABSTAIN,NO_FINITE_SOURCE,0,1,0.0,1.0,0,0,,,,,,,,,,,,
source_05_003,p1_strong_delay,3,16385,intersection,ABSTAIN,NO_FINITE_SOURCE,998275/1048576,1,0.9520292282104492,1.0,0,0,,,,,,,,,,,,
source_05_003,p1_strong_delay,3,16385,lag,ABSTAIN,NO_FINITE_SOURCE,999487/1048576,1,0.9531850814819336,1.0,0,0,,,,,,,,,,,,
source_05_003,p1_strong_delay,3,65537,bridge,ABSTAIN,SCALE_UNAVAILABLE,0,32711/32768,0.0,0.998260498046875,1,0,65479/57,4287499441/1172889,65479/20577,1148.7543859649122,7.046433491695176,3655.5031558826113,3.1821451134762113,7433.109699053928,-0.9069177392695181,-0.9069177392695181,,
source_05_003,p1_strong_delay,3,65537,intersection,DO_NOT_REJECT,AVAILABLE_NONREJECTION,1003131/1048576,1046875/1048576,0.956660270690918,0.998377799987793,1,2,95227770695/3489953607,6709990833225/85908196201,1758078135135/614178783551,27.286256901523334,3.3063831652368476,78.10652685019237,2.8624859441908956,158.82201643166215,0.7354138968300717,0.7354138968300717,0.8850600067864389,0.00436409223651576
source_05_003,p1_strong_delay,3,65537,lag,ABSTAIN,NO_FINITE_SOURCE,1003727/1048576,1,0.9572286605834961,1.0,0,0,,,,,,,,,,,,
source_05_004,p1_strong_delay,4,16385,bridge,ABSTAIN,NO_FINITE_SOURCE,0,1,0.0,1.0,0,0,,,,,,,,,,,,
source_05_004,p1_strong_delay,4,16385,intersection,ABSTAIN,NO_FINITE_SOURCE,248129/262144,1,0.9465370178222656,1.0,0,0,,,,,,,,,,,,
source_05_004,p1_strong_delay,4,16385,lag,ABSTAIN,NO_FINITE_SOURCE,496791/524288,1,0.9475536346435547,1.0,0,0,,,,,,,,,,,,
source_05_004,p1_strong_delay,4,65537,bridge,ABSTAIN,SCALE_UNAVAILABLE,0,523189/524288,0.0,0.9979038238525391,1,0,1047477/1099,1097208065529/436016161,1047477/396739,953.1182893539582,6.859739019093176,2516.438984767356,2.6402168680165046,5118.29089665565,-0.5663560921590304,-0.5663560921590306,,
source_05_004,p1_strong_delay,4,65537,intersection,REJECT,REJECT,1002441/1048576,1041183/1048576,0.9560022354125977,0.9929494857788086,1,4,96411031465/15163168681,39303834102729/2121162129241,38575181114127/13236820618495,6.3582377465606195,1.8497512550830852,18.529387056704056,2.9142331248508615,37.68769823827269,0.8717177533821098,0.8717177533821098,2.1731959797312967,0.0023836433562058816
source_05_004,p1_strong_delay,4,65537,lag,REJECT,REJECT,501505/524288,1038257/1048576,0.9565448760986328,0.9901590347290039,1,4,15848105413/3528385989,39193847729001/4132450662649,19265928152121/9123909627593,4.491601956930909,1.502209421402969,9.484407904310418,2.111586911586233,19.29073541248161,0.9083385356279565,0.9083385356279565,3.1738775162606774,0.0035663767016294833
source_05_005,p1_strong_delay,5,16385,bridge,ABSTAIN,NO_FINITE_SOURCE,0,1,0.0,1.0,0,0,,,,,,,,,,,,
source_05_005,p1_strong_delay,5,16385,intersection,ABSTAIN,NO_FINITE_SOURCE,997001/1048576,1,0.9508142471313477,1.0,0,0,,,,,,,,,,,,
source_05_005,p1_strong_delay,5,16385,lag,ABSTAIN,NO_FINITE_SOURCE,249499/262144,1,0.9517631530761719,1.0,0,0,,,,,,,,,,,,
source_05_005,p1_strong_delay,5,65537,bridge,ABSTAIN,SCALE_UNAVAILABLE,0,1047819/1048576,0.0,0.9992780685424805,1,0,2096395/757,38809/9,29378413/18867555,2769.346103038309,7.926366507428833,4312.111111111111,1.5570863845368412,8782.745637734532,-1.0835473449479824,-1.0835473449479824,,
source_05_005,p1_strong_delay,5,65537,intersection,DO_NOT_REJECT,AVAILABLE_NONREJECTION,125629/131072,1048117/1048576,0.9584732055664062,0.9995622634887695,1,1,11412299999/117825759,4396121536249/33540625881,179407729931/132579249579,96.85742825556507,4.573240085472121,131.06856001573013,1.3532112340407865,266.9555106676468,0.6560392751259253,0.6560392751259253,0.5958710879974565,0.008613013167486566
source_05_005,p1_strong_delay,5,65537,lag,ABSTAIN,NO_FINITE_SOURCE,15713/16384,1,0.95904541015625,1.0,0,0,,,,,,,,,,,,
source_05_006,p1_strong_delay,6,16385,bridge,ABSTAIN,NO_FINITE_SOURCE,0,1,0.0,1.0,0,0,,,,,,,,,,,,
source_05_006,p1_strong_delay,6,16385,intersection,ABSTAIN,NO_FINITE_SOURCE,994847/1048576,1,0.9487600326538086,1.0,0,0,,,,,,,,,,,,
source_05_006,p1_strong_delay,6,16385,lag,ABSTAIN,NO_FINITE_SOURCE,15561/16384,1,0.94976806640625,1.0,0,0,,,,,,,,,,,,
source_05_006,p1_strong_delay,6,65537,bridge,ABSTAIN,SCALE_UNAVAILABLE,0,522727/524288,0.0,0.9970226287841797,1,0,1047015/1561,1096240410225/879656281,1047015/563521,670.7335041639974,6.508371895882181,1246.214497529405,1.8579875461606576,2531.882732653593,-0.08536978680249818,-0.08536978680249813,,
source_05_006,p1_strong_delay,6,65537,intersection,DO_NOT_REJECT,AVAILABLE_NONREJECTION,1003245/1048576,1045683/1048576,0.9567689895629883,0.9972410202026367,1,2,8630441339/539628923,327142065010761/4209969416041,20878030356183/4297044595639,15.99328903836387,2.7721691991500164,77.70651819090912,4.858695294289421,157.87313661671863,0.7362126923381276,0.7362126923381276,0.8882486697587397,0.007473041209710928
source_05_006,p1_strong_delay,6,65537,lag,ABSTAIN,NO_FINITE_SOURCE,1003853/1048576,1,0.9573488235473633,1.0,0,0,,,,,,,,,,,,
source_05_007,p1_strong_delay,7,16385,bridge,ABSTAIN,NO_FINITE_SOURCE,0,1,0.0,1.0,0,0,,,,,,,,,,,,
source_05_007,p1_strong_delay,7,16385,intersection,ABSTAIN,NO_FINITE_SOURCE,498881/524288,1,0.9515399932861328,1.0,0,0,,,,,,,,,,,,
source_05_007,p1_strong_delay,7,16385,lag,ABSTAIN,NO_FINITE_SOURCE,998965/1048576,1,0.9526872634887695,1.0,0,0,,,,,,,,,,,,
source_05_007,p1_strong_delay,7,65537,bridge,ABSTAIN,SCALE_UNAVAILABLE,0,1047069/1048576,0.0,0.9985628128051758,1,0,2095645/1507,38809/9,58485163/18860805,1390.6071665560717,7.237495741222809,4312.111111111111,3.100883710955073,8759.862426665,-1.080656789742091,-1.080656789742091,,
source_05_007,p1_strong_delay,7,65537,intersection,REJECT,REJECT,1009925/1048576,1047343/1048576,0.963139533996582,0.9988241195678711,1,2,81009365269/2538131733,26425593579889/470825151889,361285313823/205450064639,31.916927011999185,3.4631364963932945,56.12612978271603,1.7585066933798288,114.01774276429792,0.776133038324187,0.776133038324187,1.1222408505246442,0.002590963807439292
source_05_007,p1_strong_delay,7,65537,lag,ABSTAIN,NO_FINITE_SOURCE,1010603/1048576,1,0.9637861251831055,1.0,0,0,,,,,,,,,,,,
source_05_008,p1_strong_delay,8,16385,bridge,ABSTAIN,NO_FINITE_SOURCE,0,1,0.0,1.0,0,0,,,,,,,,,,,,
source_05_008,p1_strong_delay,8,16385,intersection,ABSTAIN,NO_FINITE_SOURCE,123571/131072,1,0.9427719116210938,1.0,0,0,,,,,,,,,,,,
source_05_008,p1_strong_delay,8,16385,lag,ABSTAIN,NO_FINITE_SOURCE,989583/1048576,1,0.9437398910522461,1.0,0,0,,,,,,,,,,,,
source_05_008,p1_strong_delay,8,65537,bridge,ABSTAIN,SCALE_UNAVAILABLE,0,523361/524288,0.0,0.9982318878173828,1,0,1047649/927,1097568427201/310217769,1047649/334647,1130.1499460625673,7.03010559853369,3538.0578963579615,3.130609268871378,7184.979203357834,-0.8729424110874987,-0.8729424110874987,,
source_05_008,p1_strong_delay,8,65537,intersection,DO_NOT_REJECT,AVAILABLE_NONREJECTION,501685/524288,523459/524288,0.9568881988525391,0.9984188079833984,1,2,7894075147/283510539,9037232427601/116957844081,331454483143/119440014759,27.844027156253265,3.3266184786059467,77.26914341326435,2.7750706813942716,156.91580091356667,0.7370209985686118,0.7370209985686118,0.8991950791397929,0.003563914382111356
source_05_008,p1_strong_delay,8,65537,lag,ABSTAIN,NO_FINITE_SOURCE,250995/262144,1,0.9574699401855469,1.0,0,0,,,,,,,,,,,,
source_05_009,p1_strong_delay,9,16385,bridge,ABSTAIN,NO_FINITE_SOURCE,0,1,0.0,1.0,0,0,,,,,,,,,,,,
source_05_009,p1_strong_delay,9,16385,intersection,ABSTAIN,NO_FINITE_SOURCE,497461/524288,1,0.9488315582275391,1.0,0,0,,,,,,,,,,,,
source_05_009,p1_strong_delay,9,16385,lag,ABSTAIN,NO_FINITE_SOURCE,995975/1048576,1,0.9498357772827148,1.0,0,0,,,,,,,,,,,,
source_05_009,p1_strong_delay,9,65537,bridge,ABSTAIN,SCALE_UNAVAILABLE,0,523517/524288,0.0,0.9985294342041016,1,0,1047805/771,38809/9,9973913/3143415,1359.0207522697795,7.214519684284577,4312.111111111111,3.1729545732905136,8771.23706043974,-1.08209402199637,-1.08209402199637,,
source_05_009,p1_strong_delay,9,65537,intersection,DO_NOT_REJECT,AVAILABLE_NONREJECTION,501569/524288,1047167/1048576,0.9566669464111328,0.9986562728881836,1,2,47613185217/1445432513,1676980970289/21477195601,242675929251/102377744131,32.94044155557196,3.494701129503972,78.08193404035106,2.370397309599613,158.82595229070182,0.7354105883923552,0.7354105883923552,0.8816256408044452,0.0034578570172904017
source_05_009,p1_strong_delay,9,65537,lag,REJECT,REJECT,1003713/1048576,1041363/1048576,0.9572153091430664,0.9931211471557617,1,4,93760933357/14803160557,39310605213489/2019130163521,38602429383339/12558468948571,6.333845599794098,1.8459075714053974,19.46907927170895,3.0738165250415723,39.601927046970395,0.868485469937406,0.8684854699374059,2.118666861567351,0.002262749239846754
source_05_010,p1_strong_delay,10,16385,bridge,ABSTAIN,NO_FINITE_SOURCE,0,1,0.0,1.0,0,0,,,,,,,,,,,,
source_05_010,p1_strong_delay,10,16385,intersection,ABSTAIN,NO_FINITE_SOURCE,989647/1048576,1,0.9438009262084961,1.0,0,0,,,,,,,,,,,,
source_05_010,p1_strong_delay,10,16385,lag,ABSTAIN,NO_FINITE_SOURCE,123835/131072,1,0.9447860717773438,1.0,0,0,,,,,,,,,,,,
source_05_010,p1_strong_delay,10,65537,bridge,ABSTAIN,SCALE_UNAVAILABLE,0,1047519/1048576,0.0,0.9989919662475586,1,0,2096095/1057,38809/9,41021113/18864855,1983.0605487228004,7.592396661953193,4312.111111111111,2.174472743098211,8770.124937022476,-1.081953536733716,-1.081953536733716,,
source_05_010,p1_strong_delay,10,65537,intersection,DO_NOT_REJECT,AVAILABLE_NONREJECTION,125489/131072,1047805/1048576,0.9574050903320312,0.9992647171020508,1,1,3901365041/65936177,4962277498689/65823546721,97897084299/76835657963,59.16880866477897,4.080394522377053,75.38757398962613,1.2741100537740182,153.32592912191564,0.7400738100123228,0.7400738100123228,0.9076011431318818,0.01034899128848819
source_05_010,p1_strong_delay,10,65537,lag,DO_NOT_REJECT,AVAILABLE_NONREJECTION,502245/524288,1046767/1048576,0.9579563140869141,0.9982748031616211,1,2,689367847/27716391,77354786654649/1053770000089,6348265166187/2150938735819,24.872208181793944,3.2137510428482305,73.40765693473502,2.9513928316372104,149.2991034003812,0.7435402812254205,0.7435402812254205,0.9248869986784004,0.0047400988945875125
source_05_011,p1_strong_delay,11,16385,bridge,ABSTAIN,NO_FINITE_SOURCE,0,1,0.0,1.0,0,0,,,,,,,,,,,,
source_05_011,p1_strong_delay,11,16385,intersection,ABSTAIN,NO_FINITE_SOURCE,491541/524288,1,0.9375400543212891,1.0,0,0,,,,,,,,,,,,
source_05_011,p1_strong_delay,11,16385,lag,ABSTAIN,NO_FINITE_SOURCE,123001/131072,1,0.9384231567382812,1.0,0,0,,,,,,,,,,,,
source_05_011,p1_strong_delay,11,65537,bridge,ABSTAIN,SCALE_UNAVAILABLE,0,1045323/1048576,0.0,0.9968976974487305,1,0,2093899/3253,4384413022201/3820105249,2093899/1174333,643.6824469720258,6.467205509729217,1147.7204779498472,1.7830538697286034,2331.869522613149,-0.04012240640552622,-0.04012240640552625,,
source_05_011,p1_strong_delay,11,65537,intersection,REJECT,REJECT,501155/524288,1042001/1048576,0.9558773040771484,0.9937295913696289,1,3,48361317741/6742287725,39334609736361/1677737325625,6431302651833/1967609508425,7.172835054439923,1.9703009815418164,23.44503465207693,3.268586894043333,47.63421304414189,0.8556994245675223,0.8556994245675223,1.9254651582455,0.004311438610109579
source_05_011,p1_strong_delay,11,65537,lag,REJECT,REJECT,250721/262144,1038797/1048576,0.9564247131347656,0.9906740188598633,1,4,7948020593/1671768945,39214134370161/3711259690369,9634864982805/4335179409253,4.754257827776553,1.5590406013286853,10.566259879879775,2.2224835637114255,21.467892100273563,0.9032872592000257,0.9032872592000257,3.0478029552335957,0.0028775891255088987
source_05_012,p1_strong_delay,12,16385,bridge,ABSTAIN,NO_FINITE_SOURCE,0,1,0.0,1.0,0,0,,,,,,,,,,,,
source_05_012,p1_strong_delay,12,16385,intersection,ABSTAIN,NO_FINITE_SOURCE,123441/131072,1,0.9417800903320312,1.0,0,0,,,,,,,,,,,,
source_05_012,p1_strong_delay,12,16385,lag,ABSTAIN,NO_FINITE_SOURCE,988531/1048576,1,0.9427366256713867,1.0,0,0,,,,,,,,,,,,
source_05_012,p1_strong_delay,12,65537,bridge,ABSTAIN,SCALE_UNAVAILABLE,0,1047319/1048576,0.0,0.9988012313842773,1,0,2095895/1257,38809/9,16260971/6287685,1667.378679395386,7.4190080191581576,4312.111111111111,2.5861618385781093,8767.857486788782,-1.0816670844207987,-1.0816670844207987,,
source_05_012,p1_strong_delay,12,65537,intersection,DO_NOT_REJECT,AVAILABLE_NONREJECTION,502093/524288,1047549/1048576,0.9576663970947266,0.9990205764770508,1,2,46523494375/1054093287,8713920244225/117050884129,241924652151/143428191575,44.13603136341765,3.7872764865783974,74.44557389777185,1.6867301295121973,151.37090989514797,0.7417511198942905,0.7417511198942905,0.9147095168541935,0.002439377956696008
source_05_012,p1_strong_delay,12,65537,lag,ABSTAIN,NO_FINITE_SOURCE,125597/131072,1,0.9582290649414062,1.0,0,0,,,,,,,,,,,,
source_05_013,p1_strong_delay,13,16385,bridge,ABSTAIN,NO_FINITE_SOURCE,0,1,0.0,1.0,0,0,,,,,,,,,,,,
source_05_013,p1_strong_delay,13,16385,intersection,ABSTAIN,NO_FINITE_SOURCE,994173/1048576,1,0.9481172561645508,1.0,0,0,,,,,,,,,,,,
source_05_013,p1_strong_delay,13,16385,lag,ABSTAIN,NO_FINITE_SOURCE,497613/524288,1,0.9491214752197266,1.0,0,0,,,,,,,,,,,,
source_05_013,p1_strong_delay,13,65537,bridge,ABSTAIN,SCALE_UNAVAILABLE,0,16375/16384,0.0,0.99945068359375,1,0,32759/9,38809/9,38809/32759,3639.8888888888887,8.199708435134363,4312.111111111111,1.184682072102323,8778.510400429153,-1.083012609295508,-1.0830126092955081,,
source_05_013,p1_strong_delay,13,65537,intersection,REJECT,REJECT,250467/262144,1037819/1048576,0.9554557800292969,0.989741325378418,1,4,24362834415/5514156527,39177396864225/4490707718641,9625581246105/4874778658601,4.418234102660612,1.4857400919735864,8.724103040952542,1.974567856352153,17.760356193531333,0.9120609504255686,0.9120609504255686,3.3392521588407726,0.004165878801334003
source_05_013,p1_strong_delay,13,65537,lag,REJECT,REJECT,250607/262144,1035649/1048576,0.9559898376464844,0.9876718521118164,1,4,172990675/47685843,4343993850625/720585370129,3206065358925/1929309216797,3.6277155674903345,1.2886031299210552,6.02842359934026,1.6617685392327335,12.27254537310957,0.9269370215473703,0.9269370215473703,4.072553447806373,0.005158140388397353
source_05_014,p1_strong_delay,14,16385,bridge,ABSTAIN,NO_FINITE_SOURCE,0,1,0.0,1.0,0,0,,,,,,,,,,,,
source_05_014,p1_strong_delay,14,16385,intersection,ABSTAIN,NO_FINITE_SOURCE,124395/131072,1,0.9490585327148438,1.0,0,0,,,,,,,,,,,,
source_05_014,p1_strong_delay,14,16385,lag,ABSTAIN,NO_FINITE_SOURCE,996213/1048576,1,0.9500627517700195,1.0,0,0,,,,,,,,,,,,
source_05_014,p1_strong_delay,14,65537,bridge,ABSTAIN,NO_FINITE_SOURCE,0,1,0.0,1.0,0,0,,,,,,,,,,,,
source_05_014,p1_strong_delay,14,65537,intersection,REJECT,REJECT,999669/1048576,1031151/1048576,0.9533586502075195,0.9833822250366211,1,4,101713208389/35690669125,38927379550761/11783600925625,451036633671/389096511415,2.849854342398799,1.0472678850442585,3.3035215462964516,1.159189610903338,6.726594283468619,0.9459446684150831,0.9459446684150831,5.974032640771532,0.0071453253757626555
source_05_014,p1_strong_delay,14,65537,lag,REJECT,REJECT,500105/524288,1029721/1048576,0.9538745880126953,0.9820184707641602,1,4,5584384039/2146103335,4319318420209/1533003041025,2128992898721/1966195308465,2.6021039844290628,0.9563203425620043,2.8175537194766473,1.082798280290423,5.737071932842358,0.9500859285928678,0.9500859285928677,6.9634103013063005,0.007800499906893012
source_05_015,p1_strong_delay,15,16385,bridge,ABSTAIN,NO_FINITE_SOURCE,0,1,0.0,1.0,0,0,,,,,,,,,,,,
source_05_015,p1_strong_delay,15,16385,intersection,ABSTAIN,NO_FINITE_SOURCE,495685/524288,1,0.9454441070556641,1.0,0,0,,,,,,,,,,,,
source_05_015,p1_strong_delay,15,16385,lag,ABSTAIN,NO_FINITE_SOURCE,496179/524288,1,0.9463863372802734,1.0,0,0,,,,,,,,,,,,
source_05_015,p1_strong_delay,15,65537,bridge,ABSTAIN,SCALE_UNAVAILABLE,0,65403/65536,0.0,0.9979705810546875,1,0,130939/133,17145021721/6385729,130939/48013,984.5037593984962,6.892137716658477,2684.8965436835792,2.727157228250682,5457.968191897798,-0.6201302864747434,-0.6201302864747434,,
source_05_015,p1_strong_delay,15,65537,intersection,REJECT,REJECT,1002129/1048576,1043269/1048576,0.9557046890258789,0.994938850402832,1,3,19431984943/2176618287,4375815504025/121447371049,12869271002175/3188731511087,8.927603456728653,2.1891479889635543,36.03054941600591,4.035859073562459,73.2443837032769,0.8208484957261046,0.8208484957261046,1.4549857580757122,0.0036836198509316346
source_05_015,p1_strong_delay,15,65537,lag,REJECT,REJECT,1002709/1048576,1039545/1048576,0.9562578201293945,0.9913873672485352,1,4,95775845907/18525154835,39242243795769/3165221717449,12849993856455/5358551083831,5.170042936755838,1.6428809934676385,12.397944693554093,2.398035150813217,25.203052214998525,0.8951813938875413,0.8951813938875413,2.739297976314245,0.002861906755202036
source_05_016,p1_strong_delay,16,16385,bridge,ABSTAIN,NO_FINITE_SOURCE,0,1,0.0,1.0,0,0,,,,,,,,,,,,
source_05_016,p1_strong_delay,16,16385,intersection,ABSTAIN,NO_FINITE_SOURCE,995151/1048576,1,0.9490499496459961,1.0,0,0,,,,,,,,,,,,
source_05_016,p1_strong_delay,16,16385,lag,ABSTAIN,NO_FINITE_SOURCE,996169/1048576,1,0.9500207901000977,1.0,0,0,,,,,,,,,,,,
source_05_016,p1_strong_delay,16,65537,bridge,ABSTAIN,SCALE_UNAVAILABLE,0,130765/131072,0.0,0.9976577758789062,1,0,261837/307,68558614569/34023889,261837/110827,852.8892508143323,6.748629704143677,2015.0140558300081,2.3625741019787596,4091.575900365516,-0.3930732064131143,-0.3930732064131143,,
source_05_016,p1_strong_delay,16,65537,intersection,DO_NOT_REJECT,AVAILABLE_NONREJECTION,1005051/1048576,1046395/1048576,0.958491325378418,0.997920036315918,1,2,91183612775/4478960487,301594453925625/4217383855129,15112636508025/4302289009817,20.358208794129066,3.0134842110994264,71.51221332600277,3.5126967234281232,145.20873826160295,0.7471087978609181,0.7471087978609181,0.9390345502810714,0.0048586515537058445
source_05_016,p1_strong_delay,16,65537,lag,ABSTAIN,NO_FINITE_SOURCE,1005643/1048576,1,0.9590559005737305,1.0,0,0,,,,,,,,,,,,
source_05_017,p1_strong_delay,17,16385,bridge,ABSTAIN,NO_FINITE_SOURCE,0,1,0.0,1.0,0,0,,,,,,,,,,,,
source_05_017,p1_strong_delay,17,16385,intersection,ABSTAIN,NO_FINITE_SOURCE,989595/1048576,1,0.943751335144043,1.0,0,0,,,,,,,,,,,,
source_05_017,p1_strong_delay,17,16385,lag,ABSTAIN,NO_FINITE_SOURCE,990645/1048576,1,0.9447526931762695,1.0,0,0,,,,,,,,,,,,
source_05_017,p1_strong_delay,17,65537,bridge,DO_NOT_REJECT,AVAILABLE_NONREJECTION,0,261283/262144,0.0,0.9967155456542969,1,1,523427/861,273975824329/267616881,523427/310821,607.9291521486643,6.410058349105201,1023.7613685102324,1.6840142718799567,2080.402722252926,0.019423825487083768,0.019423825487083813,0.004602370383550251,0.0020546236674612727
source_05_017,p1_strong_delay,17,65537,intersection,ABSTAIN,NO_FINITE_SOURCE,1004125/1048576,1,0.9576082229614258,1.0,0,0,,,,,,,,,,,,
source_05_017,p1_strong_delay,17,65537,lag,ABSTAIN,NO_FINITE_SOURCE,1004745/1048576,1,0.9581995010375977,1.0,0,0,,,,,,,,,,,,
source_05_018,p1_strong_delay,18,16385,bridge,ABSTAIN,NO_FINITE_SOURCE,0,1,0.0,1.0,0,0,,,,,,,,,,,,
source_05_018,p1_strong_delay,18,16385,intersection,ABSTAIN,NO_FINITE_SOURCE,995673/1048576,1,0.9495477676391602,1.0,0,0,,,,,,,,,,,,
source_05_018,p1_strong_delay,18,16385,lag,ABSTAIN,NO_FINITE_SOURCE,124587/131072,1,0.9505233764648438,1.0,0,0,,,,,,,,,,,,
source_05_018,p1_strong_delay,18,65537,bridge,DO_NOT_REJECT,AVAILABLE_NONREJECTION,0,1044973/1048576,0.0,0.9965639114379883,1,1,2093549/3603,4382947415401/4686360849,2093549/1300683,581.0571745767417,6.364849159199125,935.2560668340885,1.6095766608774005,1903.6477633122033,0.06332273351926487,0.0633227335192649,0.0157022683996012,0.0025598692552128884
source_05_018,p1_strong_delay,18,65537,intersection,DO_NOT_REJECT,AVAILABLE_NONREJECTION,1005085/1048576,32667/32768,0.9585237503051758,0.996917724609375,1,2,2845833585/207419761,301123450762281/4217523502921,699304879791/134381307535,13.72016615620341,2.61886673273486,71.39816780006726,5.2038850686793925,145.32593506426153,0.7470058708973994,0.7470058708973994,0.939056638839826,0.009338675372131199
source_05_018,p1_strong_delay,18,65537,lag,ABSTAIN,NO_FINITE_SOURCE,251417/262144,1,0.9590797424316406,1.0,0,0,,,,,,,,,,,,
source_05_019,p1_strong_delay,19,16385,bridge,ABSTAIN,NO_FINITE_SOURCE,0,1,0.0,1.0,0,0,,,,,,,,,,,,
source_05_019,p1_strong_delay,19,16385,intersection,ABSTAIN,NO_FINITE_SOURCE,985091/1048576,1,0.9394559860229492,1.0,0,0,,,,,,,,,,,,
source_05_019,p1_strong_delay,19,16385,lag,ABSTAIN,NO_FINITE_SOURCE,986017/1048576,1,0.9403390884399414,1.0,0,0,,,,,,,,,,,,
source_05_019,p1_strong_delay,19,65537,bridge,ABSTAIN,SCALE_UNAVAILABLE,0,1046503/1048576,0.0,0.9980230331420898,1,0,2095079/2073,4389356016241/1551335769,2095079/748353,1010.6507477086349,6.918349707022185,2829.404248875409,2.799586558749681,5751.142684536076,-0.6653397617810174,-0.6653397617810174,,
source_05_019,p1_strong_delay,19,65537,intersection,DO_NOT_REJECT,AVAILABLE_NONREJECTION,31421/32768,1046679/1048576,0.958892822265625,0.9981908798217773,1,2,2822308485/121766533,288855727209/4120227721,406799788059/134492323195,23.17803106868453,3.143204893349843,70.10673845446904,3.0247063802235186,142.50132555620473,0.7494980240316551,0.7494980240316551,0.9543473101920523,0.004535024832901422
source_05_019,p1_strong_delay,19,65537,lag,ABSTAIN,NO_FINITE_SOURCE,1006085/1048576,1,0.959477424621582,1.0,0,0,,,,,,,,,,,,
source_05_020,p1_strong_delay,20,16385,bridge,ABSTAIN,NO_FINITE_SOURCE,0,1,0.0,1.0,0,0,,,,,,,,,,,,
source_05_020,p1_strong_delay,20,16385,intersection,ABSTAIN,NO_FINITE_SOURCE,1008109/1048576,1,0.9614076614379883,1.0,0,0,,,,,,,,,,,,
source_05_020,p1_strong_delay,20,16385,lag,ABSTAIN,NO_FINITE_SOURCE,504703/524288,1,0.9626445770263672,1.0,0,0,,,,,,,,,,,,
source_05_020,p1_strong_delay,20,65537,bridge,ABSTAIN,SCALE_UNAVAILABLE,0,1046909/1048576,0.0,0.9984102249145508,1,0,2095485/1667,38809/9,64694603/18859365,1257.0395920815836,7.136514705374714,4312.111111111111,3.430370163576557,8771.474959285324,-1.0821240727538686,-1.0821240727538683,,
source_05_020,p1_strong_delay,20,65537,intersection,REJECT,REJECT,504173/524288,1047157/1048576,0.9616336822509766,0.9986467361450195,1,2,14051889765/486462053,1314588368025/21586367929,92736808065/43987339937,28.885890848715388,3.3633532699802684,60.89900683379573,2.108261336053066,123.87763202844356,0.7665772839639678,0.7665772839639678,1.0534510744518302,0.0035874853168356914
source_05_020,p1_strong_delay,20,65537,lag,ABSTAIN,NO_FINITE_SOURCE,504501/524288,1,0.9622592926025391,1.0,0,0,,,,,,,,,,,,
source_05_021,p1_strong_delay,21,16385,bridge,ABSTAIN,NO_FINITE_SOURCE,0,1,0.0,1.0,0,0,,,,,,,,,,,,
source_05_021,p1_strong_delay,21,16385,intersection,ABSTAIN,NO_FINITE_SOURCE,991215/1048576,1,0.9452962875366211,1.0,0,0,,,,,,,,,,,,
source_05_021,p1_strong_delay,21,16385,lag,ABSTAIN,NO_FINITE_SOURCE,124033/131072,1,0.9462966918945312,1.0,0,0,,,,,,,,,,,,
source_05_021,p1_strong_delay,21,65537,bridge,ABSTAIN,SCALE_UNAVAILABLE,0,1047095/1048576,0.0,0.9985876083374023,1,0,2095671/1481,38809/9,57476129/18861039,1415.037812288994,7.25491153218602,4312.111111111111,3.0473469144515315,8772.945858029854,-1.0823098648656329,-1.0823098648656329,,
source_05_021,p1_strong_delay,21,65537,intersection,REJECT,REJECT,250383/262144,518109/524288,0.9551353454589844,0.9882144927978516,1,4,12259631117/3166904333,9779323550481/1481729211169,253068919209/148436702009,3.871171916767844,1.3535572820709487,6.5999397708881435,1.7048945158701785,13.427509816958356,0.9235673379731192,0.9235673379731192,3.863884316150919,0.004454123569820378
source_05_021,p1_strong_delay,21,65537,lag,REJECT,REJECT,1002087/1048576,1034293/1048576,0.9556646347045898,0.9863786697387695,1,4,96830496941/29289619629,4338343271161/879688298889,4271262392147/2863252070787,3.3059663514758304,1.1957288213300459,4.931682365947233,1.4917521358756902,10.033457225620367,0.9339536706288303,0.9339536706288303,4.5089239001147545,0.005259077800817843
source_05_022,p1_strong_delay,22,16385,bridge,ABSTAIN,NO_FINITE_SOURCE,0,1,0.0,1.0,0,0,,,,,,,,,,,,
source_05_022,p1_strong_delay,22,16385,intersection,ABSTAIN,NO_FINITE_SOURCE,994795/1048576,1,0.9487104415893555,1.0,0,0,,,,,,,,,,,,
source_05_022,p1_strong_delay,22,16385,lag,ABSTAIN,NO_FINITE_SOURCE,995885/1048576,1,0.9497499465942383,1.0,0,0,,,,,,,,,,,,
source_05_022,p1_strong_delay,22,65537,bridge,ABSTAIN,SCALE_UNAVAILABLE,0,1047993/1048576,0.0,0.9994440078735352,1,0,2096569/583,38809/9,22625647/18869121,3596.173241852487,8.187625570697058,4312.111111111111,1.1990832535336438,8791.586546594166,-1.0846632216818737,-1.0846632216818735,,
source_05_022,p1_strong_delay,22,65537,intersection,DO_NOT_REJECT,AVAILABLE_NONREJECTION,250927/262144,523181/524288,0.9572105407714844,0.9978885650634766,1,2,3916486591/189323199,20030843189889/263241851041,1976833682019/537425967299,20.686775903253146,3.0294946508692724,76.09292789378384,3.6783367427409353,155.13922158410548,0.7385274581869252,0.7385274581869252,0.9006644147850682,0.00727982921386852
source_05_022,p1_strong_delay,22,65537,lag,REJECT,REJECT,1004275/1048576,520577/524288,0.9577512741088867,0.9929218292236328,1,4,15429521455/2539376687,1091742868225/59384328721,2144952160115/708915426211,6.076105815253553,1.804363999863902,18.38435984271602,3.0256813165701675,37.482264834154805,0.8720694257808541,0.8720694257808542,2.1908721811464105,0.0029414894457556475
source_05_023,p1_strong_delay,23,16385,bridge,ABSTAIN,NO_FINITE_SOURCE,0,1,0.0,1.0,0,0,,,,,,,,,,,,
source_05_023,p1_strong_delay,23,16385,intersection,ABSTAIN,NO_FINITE_SOURCE,989091/1048576,1,0.9432706832885742,1.0,0,0,,,,,,,,,,,,
source_05_023,p1_strong_delay,23,16385,lag,ABSTAIN,NO_FINITE_SOURCE,989999/1048576,1,0.9441366195678711,1.0,0,0,,,,,,,,,,,,
source_05_023,p1_strong_delay,23,65537,bridge,ABSTAIN,NO_FINITE_SOURCE,0,1,0.0,1.0,0,0,,,,,,,,,,,,
source_05_023,p1_strong_delay,23,65537,intersection,REJECT,REJECT,62421/65536,514143/524288,0.9524688720703125,0.9806499481201172,1,4,646942513/259624753,376572459025/147356944641,1226429405075/1195870639203,2.491836797240978,0.913020108106834,2.5555121269813843,1.0255535714902795,5.187042979270363,0.9525429937307919,0.9525429937307919,7.884598176905709,0.006462314599120017
source_05_023,p1_strong_delay,23,65537,lag,REJECT,REJECT,31227/32768,256765/262144,0.952972412109375,0.9794807434082031,1,5,799638769/344229105,92158994929/36858240225,107229771517/99622744365,2.3229841910084854,0.8428526483447473,2.5003634022248007,1.0763583376515828,5.07510502266898,0.9530587042320653,0.9530587042320653,8.052396001880606,0.001941040993376853
source_05_024,p1_strong_delay,24,16385,bridge,ABSTAIN,NO_FINITE_SOURCE,0,1,0.0,1.0,0,0,,,,,,,,,,,,
source_05_024,p1_strong_delay,24,16385,intersection,ABSTAIN,NO_FINITE_SOURCE,123489/131072,1,0.9421463012695312,1.0,0,0,,,,,,,,,,,,
source_05_024,p1_strong_delay,24,16385,lag,ABSTAIN,NO_FINITE_SOURCE,988943/1048576,1,0.9431295394897461,1.0,0,0,,,,,,,,,,,,
source_05_024,p1_strong_delay,24,65537,bridge,ABSTAIN,NO_FINITE_SOURCE,0,1,0.0,1.0,0,0,,,,,,,,,,,,
source_05_024,p1_strong_delay,24,65537,intersection,ABSTAIN,NO_FINITE_SOURCE,1004595/1048576,1,0.9580564498901367,1.0,0,0,,,,,,,,,,,,
source_05_024,p1_strong_delay,24,65537,lag,ABSTAIN,NO_FINITE_SOURCE,1005231/1048576,1,0.9586629867553711,1.0,0,0,,,,,,,,,,,,
source_05_025,p1_strong_delay,25,16385,bridge,ABSTAIN,NO_FINITE_SOURCE,0,1,0.0,1.0,0,0,,,,,,,,,,,,
source_05_025,p1_strong_delay,25,16385,intersection,ABSTAIN,NO_FINITE_SOURCE,123831/131072,1,0.9447555541992188,1.0,0,0,,,,,,,,,,,,
source_05_025,p1_strong_delay,25,16385,lag,ABSTAIN,NO_FINITE_SOURCE,123959/131072,1,0.9457321166992188,1.0,0,0,,,,,,,,,,,,
source_05_025,p1_strong_delay,25,65537,bridge,ABSTAIN,SCALE_UNAVAILABLE,0,523909/524288,0.0,0.9992771148681641,1,0,1048197/379,38809/9,14708611/9433773,2765.6912928759893,7.925045898214454,4312.111111111111,1.5591440455478418,8768.069046515384,-1.0816938126352786,-1.0816938126352784,,
source_05_025,p1_strong_delay,25,65537,intersection,DO_NOT_REJECT,AVAILABLE_NONREJECTION,1003161/1048576,1046147/1048576,0.9566888809204102,0.9976835250854492,1,2,95131845045/4983669173,328355600742225/4209624717169,1951327276115/477535631539,19.088715912443654,2.9490973705430354,78.00115753858607,4.086244349612761,158.60433958767345,0.7355969361878276,0.7355969361878276,0.8861440894823925,0.006764124500299975
source_05_025,p1_strong_delay,25,65537,lag,REJECT,REJECT,501867/524288,1040999/1048576,0.9572353363037109,0.9927740097045898,1,4,9370072215/1555035287,39296913125625/2228060743561,19298050507125/6593024934853,6.0256331758727475,1.7960225652861626,17.637271891797113,2.9270404249662185,35.862901895307246,0.8748756759845758,0.8748756759845758,2.2525899141469727,0.0025275727592515844
source_05_026,p1_strong_delay,26,16385,bridge,ABSTAIN,NO_FINITE_SOURCE,0,1,0.0,1.0,0,0,,,,,,,,,,,,
source_05_026,p1_strong_delay,26,16385,intersection,ABSTAIN,NO_FINITE_SOURCE,495497/524288,1,0.9450855255126953,1.0,0,0,,,,,,,,,,,,
source_05_026,p1_strong_delay,26,16385,lag,ABSTAIN,NO_FINITE_SOURCE,991987/1048576,1,0.9460325241088867,1.0,0,0,,,,,,,,,,,,
source_05_026,p1_strong_delay,26,65537,bridge,ABSTAIN,SCALE_UNAVAILABLE,0,1045633/1048576,0.0,0.9971933364868164,1,0,2094209/2943,4385711335681/3126710889,2094209/1062423,711.5898742779477,6.5675017261765944,1402.659693005278,1.9711630866425143,2856.3978960033946,-0.1553805233579456,-0.15538052335794564,,
source_05_026,p1_strong_delay,26,65537,intersection,DO_NOT_REJECT,AVAILABLE_NONREJECTION,502883/524288,1045903/1048576,0.9591732025146484,0.9974508285522461,1,2,14944107665/915209361,72941762954025/1055080263241,9108775163565/2151388088909,16.32862195451255,2.792919516067767,69.13385217723834,4.233906104864693,140.78524597693007,0.7510239871414939,0.7510239871414939,0.9584222244532802,0.00795898064114539
source_05_026,p1_strong_delay,26,65537,lag,ABSTAIN,NO_FINITE_SOURCE,251591/262144,1,0.9597434997558594,1.0,0,0,,,,,,,,,,,,
source_05_027,p1_strong_delay,27,16385,bridge,ABSTAIN,NO_FINITE_SOURCE,0,1,0.0,1.0,0,0,,,,,,,,,,,,
source_05_027,p1_strong_delay,27,16385,intersection,ABSTAIN,NO_FINITE_SOURCE,987211/1048576,1,0.9414777755737305,1.0,0,0,,,,,,,,,,,,
source_05_027,p1_strong_delay,27,16385,lag,ABSTAIN,NO_FINITE_SOURCE,988131/1048576,1,0.9423551559448242,1.0,0,0,,,,,,,,,,,,
source_05_027,p1_strong_delay,27,65537,bridge,ABSTAIN,NO_FINITE_SOURCE,0,1,0.0,1.0,0,0,,,,,,,,,,,,
source_05_027,p1_strong_delay,27,65537,intersection,REJECT,REJECT,250217/262144,1033363/1048576,0.9545021057128906,0.9854917526245117,1,4,24831286453/7794547893,4334469999721/997975026169,3200113043937/2347238835953,3.185725047029357,1.1586799073963323,4.343264997682405,1.3633521203383316,8.816164106880855,0.9380986430234106,0.9380986430234106,4.8708006131454695,0.004605331441481162
source_05_027,p1_strong_delay,27,65537,lag,REJECT,REJECT,1001411/1048576,1031779/1048576,0.9550199508666992,0.9839811325073242,1,4,98119943575/34433631639,4327876926025/1216615618009,2558820423231/2049711577903,2.8495380505804104,1.0471568936273128,3.5573083741170453,1.2483807238132765,7.220792289149352,0.9439903189258103,0.9439903189258103,5.671899344719824,0.005149249204582536
source_05_028,p1_strong_delay,28,16385,bridge,ABSTAIN,NO_FINITE_SOURCE,0,1,0.0,1.0,0,0,,,,,,,,,,,,
source_05_028,p1_strong_delay,28,16385,intersection,ABSTAIN,NO_FINITE_SOURCE,498047/524288,1,0.9499492645263672,1.0,0,0,,,,,,,,,,,,
source_05_028,p1_strong_delay,28,16385,lag,ABSTAIN,NO_FINITE_SOURCE,498527/524288,1,0.9508647918701172,1.0,0,0,,,,,,,,,,,,
source_05_028,p1_strong_delay,28,65537,bridge,ABSTAIN,NO_FINITE_SOURCE,0,1,0.0,1.0,0,0,,,,,,,,,,,,
source_05_028,p1_strong_delay,28,65537,intersection,ABSTAIN,NO_FINITE_SOURCE,1008033/1048576,1,0.9613351821899414,1.0,0,0,,,,,,,,,,,,
source_05_028,p1_strong_delay,28,65537,lag,ABSTAIN,NO_FINITE_SOURCE,504321/524288,1,0.9619159698486328,1.0,0,0,,,,,,,,,,,,
source_05_029,p1_strong_delay,29,16385,bridge,ABSTAIN,NO_FINITE_SOURCE,0,1,0.0,1.0,0,0,,,,,,,,,,,,
source_05_029,p1_strong_delay,29,16385,intersection,ABSTAIN,NO_FINITE_SOURCE,988069/1048576,1,0.942296028137207,1.0,0,0,,,,,,,,,,,,
source_05_029,p1_strong_delay,29,16385,lag,ABSTAIN,NO_FINITE_SOURCE,989021/1048576,1,0.9432039260864258,1.0,0,0,,,,,,,,,,,,
source_05_029,p1_strong_delay,29,65537,bridge,ABSTAIN,SCALE_UNAVAILABLE,0,523425/524288,0.0,0.9983539581298828,1,0,1047713/863,1097702530369/268861609,1047713/311543,1214.0359212050985,7.101705560312747,4082.7789971642997,3.3629803911498573,8291.136727156396,-1.0206983458160404,-1.0206983458160404,,
source_05_029,p1_strong_delay,29,65537,intersection,DO_NOT_REJECT,AVAILABLE_NONREJECTION,1006121/1048576,1046979/1048576,0.9595117568969727,0.9984769821166992,1,2,88966787525/3281351109,31883131645225/469086640201,102799322787/41006957827,27.112852166592088,3.300007865154558,67.96853483519233,2.506875131305507,138.02765612698533,0.7534953528889834,0.7534953528889834,0.9801976522111012,0.0034220291474004465
source_05_029,p1_strong_delay,29,65537,lag,ABSTAIN,NO_FINITE_SOURCE,1006737/1048576,1,0.9600992202758789,1.0,0,0,,,,,,,,,,,,
source_05_030,p1_strong_delay,30,16385,bridge,ABSTAIN,NO_FINITE_SOURCE,0,1,0.0,1.0,0,0,,,,,,,,,,,,
source_05_030,p1_strong_delay,30,16385,intersection,ABSTAIN,NO_FINITE_SOURCE,496027/524288,1,0.9460964202880859,1.0,0,0,,,,,,,,,,,,
source_05_030,p1_strong_delay,30,16385,lag,ABSTAIN,NO_FINITE_SOURCE,496607/524288,1,0.9472026824951172,1.0,0,0,,,,,,,,,,,,
source_05_030,p1_strong_delay,30,65537,bridge,ABSTAIN,SCALE_UNAVAILABLE,0,1045435/1048576,0.0,0.997004508972168,1,0,2094011/3141,4384882068121/3561583041,2094011/1133901,666.6701687360713,6.5022954239642825,1231.1609802841601,1.846731769351998,2505.1823826641235,-0.0794284858952442,-0.079428485895244,,
source_05_030,p1_strong_delay,30,65537,intersection,DO_NOT_REJECT,AVAILABLE_NONREJECTION,1004915/1048576,522863/524288,0.9583616256713867,0.9972820281982422,1,2,45719659811/2926224675,33720238589569/468536143009,471666508425/102395959721,15.624111231650385,2.7488153128302946,71.96934343850882,4.6062999918176235,146.444156500511,0.7460258471262864,0.7460258471262863,0.9345260879010377,0.00796090008650438
source_05_030,p1_strong_delay,30,65537,lag,ABSTAIN,NO_FINITE_SOURCE,1005537/1048576,1,0.9589548110961914,1.0,0,0,,,,,,,,,,,,
source_05_031,p1_strong_delay,31,16385,bridge,ABSTAIN,NO_FINITE_SOURCE,0,1,0.0,1.0,0,0,,,,,,,,,,,,
source_05_031,p1_strong_delay,31,16385,intersection,ABSTAIN,NO_FINITE_SOURCE,250005/262144,1,0.9536933898925781,1.0,0,0,,,,,,,,,,,,
source_05_031,p1_strong_delay,31,16385,lag,ABSTAIN,NO_FINITE_SOURCE,250293/262144,1,0.9547920227050781,1.0,0,0,,,,,,,,,,,,
source_05_031,p1_strong_delay,31,65537,bridge,ABSTAIN,NO_FINITE_SOURCE,0,1,0.0,1.0,0,0,,,,,,,,,,,,
source_05_031,p1_strong_delay,31,65537,intersection,REJECT,REJECT,1001969/1048576,518075/524288,0.9555521011352539,0.9881496429443359,1,4,365273777/95789745,1086520623769/166453392169,6412236713505/3745964871473,3.813286871157241,1.338491513072228,6.527476608382102,1.7117717153027012,13.26882223780477,0.9240215316113507,0.9240215316113507,3.9209789744890395,0.004234006062191269
source_05_031,p1_strong_delay,31,65537,lag,REJECT,REJECT,501259/524288,258569/262144,0.9560756683349609,0.9863624572753906,1,4,3997166559/1222110175,2440278255321/496003275625,4806140895099/3195093548075,3.270708845051552,1.1850067336044852,4.919883346024425,1.5042254077332522,10.000963843410045,0.9340609506798624,0.9340609506798625,4.555682830483608,0.0049744717547498376
source_06_000,p2_reversible,0,16385,bridge,ABSTAIN,NO_FINITE_SOURCE,0,1,0.0,1.0,0,0,,,,,,,,,,,,
source_06_000,p2_reversible,0,16385,intersection,ABSTAIN,NO_FINITE_SOURCE,64553/65536,1,0.9850006103515625,1.0,0,0,,,,,,,,,,,,
source_06_000,p2_reversible,0,16385,lag,ABSTAIN,NO_FINITE_SOURCE,516735/524288,1,0.9855937957763672,1.0,0,0,,,,,,,,,,,,
source_06_000,p2_reversible,0,65537,bridge,ABSTAIN,NO_FINITE_SOURCE,0,1,0.0,1.0,0,0,,,,,,,,,,,,
source_06_000,p2_reversible,0,65537,intersection,ABSTAIN,NO_FINITE_SOURCE,1034517/1048576,1,0.9865922927856445,1.0,0,0,,,,,,,,,,,,
source_06_000,p2_reversible,0,65537,lag,ABSTAIN,NO_FINITE_SOURCE,258699/262144,1,0.9868583679199219,1.0,0,0,,,,,,,,,,,,
source_06_001,p2_reversible,1,16385,bridge,ABSTAIN,NO_FINITE_SOURCE,0,1,0.0,1.0,0,0,,,,,,,,,,,,
source_06_001,p2_reversible,1,16385,intersection,ABSTAIN,NO_FINITE_SOURCE,64245/65536,1,0.9803009033203125,1.0,0,0,,,,,,,,,,,,
source_06_001,p2_reversible,1,16385,lag,ABSTAIN,NO_FINITE_SOURCE,32139/32768,1,0.980804443359375,1.0,0,0,,,,,,,,,,,,
source_06_001,p2_reversible,1,65537,bridge,ABSTAIN,NO_FINITE_SOURCE,0,1,0.0,1.0,0,0,,,,,,,,,,,,
source_06_001,p2_reversible,1,65537,intersection,ABSTAIN,NO_FINITE_SOURCE,1033797/1048576,1,0.985905647277832,1.0,0,0,,,,,,,,,,,,
source_06_001,p2_reversible,1,65537,lag,ABSTAIN,NO_FINITE_SOURCE,258527/262144,1,0.9862022399902344,1.0,0,0,,,,,,,,,,,,
source_06_002,p2_reversible,2,16385,bridge,ABSTAIN,NO_FINITE_SOURCE,0,1,0.0,1.0,0,0,,,,,,,,,,,,
source_06_002,p2_reversible,2,16385,intersection,ABSTAIN,NO_FINITE_SOURCE,1024467/1048576,1,0.9770078659057617,1.0,0,0,,,,,,,,,,,,
source_06_002,p2_reversible,2,16385,lag,ABSTAIN,NO_FINITE_SOURCE,1025091/1048576,1,0.9776029586791992,1.0,0,0,,,,,,,,,,,,
source_06_002,p2_reversible,2,65537,bridge,ABSTAIN,NO_FINITE_SOURCE,0,1,0.0,1.0,0,0,,,,,,,,,,,,
source_06_002,p2_reversible,2,65537,intersection,ABSTAIN,NO_FINITE_SOURCE,1032115/1048576,1,0.9843015670776367,1.0,0,0,,,,,,,,,,,,
source_06_002,p2_reversible,2,65537,lag,ABSTAIN,NO_FINITE_SOURCE,1032427/1048576,1,0.9845991134643555,1.0,0,0,,,,,,,,,,,,
source_06_003,p2_reversible,3,16385,bridge,ABSTAIN,NO_FINITE_SOURCE,0,1,0.0,1.0,0,0,,,,,,,,,,,,
source_06_003,p2_reversible,3,16385,intersection,ABSTAIN,NO_FINITE_SOURCE,1031535/1048576,1,0.9837484359741211,1.0,0,0,,,,,,,,,,,,
source_06_003,p2_reversible,3,16385,lag,ABSTAIN,NO_FINITE_SOURCE,516135/524288,1,0.9844493865966797,1.0,0,0,,,,,,,,,,,,
source_06_003,p2_reversible,3,65537,bridge,ABSTAIN,NO_FINITE_SOURCE,0,1,0.0,1.0,0,0,,,,,,,,,,,,
source_06_003,p2_reversible,3,65537,intersection,ABSTAIN,NO_FINITE_SOURCE,258459/262144,1,0.9859428405761719,1.0,0,0,,,,,,,,,,,,
source_06_003,p2_reversible,3,65537,lag,ABSTAIN,NO_FINITE_SOURCE,129271/131072,1,0.9862594604492188,1.0,0,0,,,,,,,,,,,,
source_06_004,p2_reversible,4,16385,bridge,ABSTAIN,NO_FINITE_SOURCE,0,1,0.0,1.0,0,0,,,,,,,,,,,,
source_06_004,p2_reversible,4,16385,intersection,ABSTAIN,NO_FINITE_SOURCE,1031349/1048576,1,0.9835710525512695,1.0,0,0,,,,,,,,,,,,
source_06_004,p2_reversible,4,16385,lag,ABSTAIN,NO_FINITE_SOURCE,515911/524288,1,0.9840221405029297,1.0,0,0,,,,,,,,,,,,
source_06_004,p2_reversible,4,65537,bridge,ABSTAIN,NO_FINITE_SOURCE,0,1,0.0,1.0,0,0,,,,,,,,,,,,
source_06_004,p2_reversible,4,65537,intersection,ABSTAIN,NO_FINITE_SOURCE,259229/262144,1,0.9888801574707031,1.0,0,0,,,,,,,,,,,,
source_06_004,p2_reversible,4,65537,lag,ABSTAIN,NO_FINITE_SOURCE,1037231/1048576,1,0.9891805648803711,1.0,0,0,,,,,,,,,,,,
source_06_005,p2_reversible,5,16385,bridge,ABSTAIN,NO_FINITE_SOURCE,0,1,0.0,1.0,0,0,,,,,,,,,,,,
source_06_005,p2_reversible,5,16385,intersection,ABSTAIN,NO_FINITE_SOURCE,1030645/1048576,1,0.9828996658325195,1.0,0,0,,,,,,,,,,,,
source_06_005,p2_reversible,5,16385,lag,ABSTAIN,NO_FINITE_SOURCE,257787/262144,1,0.9833793640136719,1.0,0,0,,,,,,,,,,,,
source_06_005,p2_reversible,5,65537,bridge,ABSTAIN,NO_FINITE_SOURCE,0,1,0.0,1.0,0,0,,,,,,,,,,,,
source_06_005,p2_reversible,5,65537,intersection,ABSTAIN,NO_FINITE_SOURCE,258941/262144,1,0.9877815246582031,1.0,0,0,,,,,,,,,,,,
source_06_005,p2_reversible,5,65537,lag,ABSTAIN,NO_FINITE_SOURCE,1036111/1048576,1,0.9881124496459961,1.0,0,0,,,,,,,,,,,,
source_06_006,p2_reversible,6,16385,bridge,ABSTAIN,NO_FINITE_SOURCE,0,1,0.0,1.0,0,0,,,,,,,,,,,,
source_06_006,p2_reversible,6,16385,intersection,ABSTAIN,NO_FINITE_SOURCE,1025965/1048576,1,0.9784364700317383,1.0,0,0,,,,,,,,,,,,
source_06_006,p2_reversible,6,16385,lag,ABSTAIN,NO_FINITE_SOURCE,128301/131072,1,0.9788589477539062,1.0,0,0,,,,,,,,,,,,
source_06_006,p2_reversible,6,65537,bridge,ABSTAIN,NO_FINITE_SOURCE,0,1,0.0,1.0,0,0,,,,,,,,,,,,
source_06_006,p2_reversible,6,65537,intersection,ABSTAIN,NO_FINITE_SOURCE,258509/262144,1,0.9861335754394531,1.0,0,0,,,,,,,,,,,,
source_06_006,p2_reversible,6,65537,lag,ABSTAIN,NO_FINITE_SOURCE,1034339/1048576,1,0.9864225387573242,1.0,0,0,,,,,,,,,,,,
source_06_007,p2_reversible,7,16385,bridge,ABSTAIN,NO_FINITE_SOURCE,0,1,0.0,1.0,0,0,,,,,,,,,,,,
source_06_007,p2_reversible,7,16385,intersection,ABSTAIN,NO_FINITE_SOURCE,517927/524288,1,0.9878673553466797,1.0,0,0,,,,,,,,,,,,
source_06_007,p2_reversible,7,16385,lag,ABSTAIN,NO_FINITE_SOURCE,518295/524288,1,0.9885692596435547,1.0,0,0,,,,,,,,,,,,
source_06_007,p2_reversible,7,65537,bridge,ABSTAIN,NO_FINITE_SOURCE,0,1,0.0,1.0,0,0,,,,,,,,,,,,
source_06_007,p2_reversible,7,65537,intersection,ABSTAIN,NO_FINITE_SOURCE,1036835/1048576,1,0.9888029098510742,1.0,0,0,,,,,,,,,,,,
source_06_007,p2_reversible,7,65537,lag,ABSTAIN,NO_FINITE_SOURCE,1037227/1048576,1,0.9891767501831055,1.0,0,0,,,,,,,,,,,,
source_06_008,p2_reversible,8,16385,bridge,ABSTAIN,NO_FINITE_SOURCE,0,1,0.0,1.0,0,0,,,,,,,,,,,,
source_06_008,p2_reversible,8,16385,intersection,ABSTAIN,NO_FINITE_SOURCE,1026151/1048576,1,0.9786138534545898,1.0,0,0,,,,,,,,,,,,
source_06_008,p2_reversible,8,16385,lag,ABSTAIN,NO_FINITE_SOURCE,256645/262144,1,0.9790229797363281,1.0,0,0,,,,,,,,,,,,
source_06_008,p2_reversible,8,65537,bridge,ABSTAIN,NO_FINITE_SOURCE,0,1,0.0,1.0,0,0,,,,,,,,,,,,
source_06_008,p2_reversible,8,65537,intersection,ABSTAIN,NO_FINITE_SOURCE,1034695/1048576,1,0.9867620468139648,1.0,0,0,,,,,,,,,,,,
source_06_008,p2_reversible,8,65537,lag,ABSTAIN,NO_FINITE_SOURCE,1034971/1048576,1,0.987025260925293,1.0,0,0,,,,,,,,,,,,
source_06_009,p2_reversible,9,16385,bridge,ABSTAIN,NO_FINITE_SOURCE,0,1,0.0,1.0,0,0,,,,,,,,,,,,
source_06_009,p2_reversible,9,16385,intersection,ABSTAIN,NO_FINITE_SOURCE,1026627/1048576,1,0.9790678024291992,1.0,0,0,,,,,,,,,,,,
source_06_009,p2_reversible,9,16385,lag,ABSTAIN,NO_FINITE_SOURCE,513543/524288,1,0.9795055389404297,1.0,0,0,,,,,,,,,,,,
source_06_009,p2_reversible,9,65537,bridge,ABSTAIN,NO_FINITE_SOURCE,0,1,0.0,1.0,0,0,,,,,,,,,,,,
source_06_009,p2_reversible,9,65537,intersection,ABSTAIN,NO_FINITE_SOURCE,1034853/1048576,1,0.986912727355957,1.0,0,0,,,,,,,,,,,,
source_06_009,p2_reversible,9,65537,lag,ABSTAIN,NO_FINITE_SOURCE,258801/262144,1,0.9872474670410156,1.0,0,0,,,,,,,,,,,,
source_06_010,p2_reversible,10,16385,bridge,ABSTAIN,NO_FINITE_SOURCE,0,1,0.0,1.0,0,0,,,,,,,,,,,,
source_06_010,p2_reversible,10,16385,intersection,ABSTAIN,NO_FINITE_SOURCE,1030609/1048576,1,0.9828653335571289,1.0,0,0,,,,,,,,,,,,
source_06_010,p2_reversible,10,16385,lag,ABSTAIN,NO_FINITE_SOURCE,515547/524288,1,0.9833278656005859,1.0,0,0,,,,,,,,,,,,
source_06_010,p2_reversible,10,65537,bridge,ABSTAIN,NO_FINITE_SOURCE,0,1,0.0,1.0,0,0,,,,,,,,,,,,
source_06_010,p2_reversible,10,65537,intersection,ABSTAIN,NO_FINITE_SOURCE,518471/524288,1,0.9889049530029297,1.0,0,0,,,,,,,,,,,,
source_06_010,p2_reversible,10,65537,lag,ABSTAIN,NO_FINITE_SOURCE,518659/524288,1,0.9892635345458984,1.0,0,0,,,,,,,,,,,,
source_06_011,p2_reversible,11,16385,bridge,ABSTAIN,NO_FINITE_SOURCE,0,1,0.0,1.0,0,0,,,,,,,,,,,,
source_06_011,p2_reversible,11,16385,intersection,ABSTAIN,NO_FINITE_SOURCE,1028735/1048576,1,0.9810781478881836,1.0,0,0,,,,,,,,,,,,
source_06_011,p2_reversible,11,16385,lag,ABSTAIN,NO_FINITE_SOURCE,32165/32768,1,0.981597900390625,1.0,0,0,,,,,,,,,,,,
source_06_011,p2_reversible,11,65537,bridge,ABSTAIN,NO_FINITE_SOURCE,0,1,0.0,1.0,0,0,,,,,,,,,,,,
source_06_011,p2_reversible,11,65537,intersection,ABSTAIN,NO_FINITE_SOURCE,516841/524288,1,0.9857959747314453,1.0,0,0,,,,,,,,,,,,
source_06_011,p2_reversible,11,65537,lag,ABSTAIN,NO_FINITE_SOURCE,1034009/1048576,1,0.9861078262329102,1.0,0,0,,,,,,,,,,,,
source_06_012,p2_reversible,12,16385,bridge,ABSTAIN,NO_FINITE_SOURCE,0,1,0.0,1.0,0,0,,,,,,,,,,,,
source_06_012,p2_reversible,12,16385,intersection,ABSTAIN,NO_FINITE_SOURCE,514857/524288,1,0.9820117950439453,1.0,0,0,,,,,,,,,,,,
source_06_012,p2_reversible,12,16385,lag,ABSTAIN,NO_FINITE_SOURCE,515175/524288,1,0.9826183319091797,1.0,0,0,,,,,,,,,,,,
source_06_012,p2_reversible,12,65537,bridge,ABSTAIN,NO_FINITE_SOURCE,0,1,0.0,1.0,0,0,,,,,,,,,,,,
source_06_012,p2_reversible,12,65537,intersection,ABSTAIN,NO_FINITE_SOURCE,520071/524288,1,0.9919567108154297,1.0,0,0,,,,,,,,,,,,
source_06_012,p2_reversible,12,65537,lag,ABSTAIN,NO_FINITE_SOURCE,1040717/1048576,1,0.9925050735473633,1.0,0,0,,,,,,,,,,,,
source_06_013,p2_reversible,13,16385,bridge,ABSTAIN,NO_FINITE_SOURCE,0,1,0.0,1.0,0,0,,,,,,,,,,,,
source_06_013,p2_reversible,13,16385,intersection,ABSTAIN,NO_FINITE_SOURCE,256727/262144,1,0.9793357849121094,1.0,0,0,,,,,,,,,,,,
source_06_013,p2_reversible,13,16385,lag,ABSTAIN,NO_FINITE_SOURCE,1027389/1048576,1,0.9797945022583008,1.0,0,0,,,,,,,,,,,,
source_06_013,p2_reversible,13,65537,bridge,ABSTAIN,NO_FINITE_SOURCE,0,1,0.0,1.0,0,0,,,,,,,,,,,,
source_06_013,p2_reversible,13,65537,intersection,ABSTAIN,NO_FINITE_SOURCE,1034195/1048576,1,0.9862852096557617,1.0,0,0,,,,,,,,,,,,
source_06_013,p2_reversible,13,65537,lag,ABSTAIN,NO_FINITE_SOURCE,1034471/1048576,1,0.9865484237670898,1.0,0,0,,,,,,,,,,,,
source_06_014,p2_reversible,14,16385,bridge,ABSTAIN,NO_FINITE_SOURCE,0,1,0.0,1.0,0,0,,,,,,,,,,,,
source_06_014,p2_reversible,14,16385,intersection,ABSTAIN,NO_FINITE_SOURCE,1029415/1048576,1,0.9817266464233398,1.0,0,0,,,,,,,,,,,,
source_06_014,p2_reversible,14,16385,lag,ABSTAIN,NO_FINITE_SOURCE,514935/524288,1,0.9821605682373047,1.0,0,0,,,,,,,,,,,,
source_06_014,p2_reversible,14,65537,bridge,ABSTAIN,NO_FINITE_SOURCE,0,1,0.0,1.0,0,0,,,,,,,,,,,,
source_06_014,p2_reversible,14,65537,intersection,ABSTAIN,NO_FINITE_SOURCE,516741/524288,1,0.9856052398681641,1.0,0,0,,,,,,,,,,,,
source_06_014,p2_reversible,14,65537,lag,ABSTAIN,NO_FINITE_SOURCE,1033757/1048576,1,0.9858675003051758,1.0,0,0,,,,,,,,,,,,
source_06_015,p2_reversible,15,16385,bridge,ABSTAIN,NO_FINITE_SOURCE,0,1,0.0,1.0,0,0,,,,,,,,,,,,
source_06_015,p2_reversible,15,16385,intersection,ABSTAIN,NO_FINITE_SOURCE,129045/131072,1,0.9845352172851562,1.0,0,0,,,,,,,,,,,,
source_06_015,p2_reversible,15,16385,lag,ABSTAIN,NO_FINITE_SOURCE,1032919/1048576,1,0.9850683212280273,1.0,0,0,,,,,,,,,,,,
source_06_015,p2_reversible,15,65537,bridge,ABSTAIN,NO_FINITE_SOURCE,0,1,0.0,1.0,0,0,,,,,,,,,,,,
source_06_015,p2_reversible,15,65537,intersection,ABSTAIN,NO_FINITE_SOURCE,129623/131072,1,0.9889450073242188,1.0,0,0,,,,,,,,,,,,
source_06_015,p2_reversible,15,65537,lag,ABSTAIN,NO_FINITE_SOURCE,129667/131072,1,0.9892807006835938,1.0,0,0,,,,,,,,,,,,
source_06_016,p2_reversible,16,16385,bridge,ABSTAIN,NO_FINITE_SOURCE,0,1,0.0,1.0,0,0,,,,,,,,,,,,
source_06_016,p2_reversible,16,16385,intersection,ABSTAIN,NO_FINITE_SOURCE,1026291/1048576,1,0.9787473678588867,1.0,0,0,,,,,,,,,,,,
source_06_016,p2_reversible,16,16385,lag,ABSTAIN,NO_FINITE_SOURCE,256703/262144,1,0.9792442321777344,1.0,0,0,,,,,,,,,,,,
source_06_016,p2_reversible,16,65537,bridge,ABSTAIN,NO_FINITE_SOURCE,0,1,0.0,1.0,0,0,,,,,,,,,,,,
source_06_016,p2_reversible,16,65537,intersection,ABSTAIN,NO_FINITE_SOURCE,16201/16384,1,0.98883056640625,1.0,0,0,,,,,,,,,,,,
source_06_016,p2_reversible,16,65537,lag,ABSTAIN,NO_FINITE_SOURCE,518629/524288,1,0.9892063140869141,1.0,0,0,,,,,,,,,,,,
source_06_017,p2_reversible,17,16385,bridge,ABSTAIN,NO_FINITE_SOURCE,0,1,0.0,1.0,0,0,,,,,,,,,,,,
source_06_017,p2_reversible,17,16385,intersection,ABSTAIN,NO_FINITE_SOURCE,1026873/1048576,1,0.9793024063110352,1.0,0,0,,,,,,,,,,,,
source_06_017,p2_reversible,17,16385,lag,ABSTAIN,NO_FINITE_SOURCE,513649/524288,1,0.9797077178955078,1.0,0,0,,,,,,,,,,,,
source_06_017,p2_reversible,17,65537,bridge,ABSTAIN,NO_FINITE_SOURCE,0,1,0.0,1.0,0,0,,,,,,,,,,,,
source_06_017,p2_reversible,17,65537,intersection,ABSTAIN,NO_FINITE_SOURCE,1032493/1048576,1,0.9846620559692383,1.0,0,0,,,,,,,,,,,,
source_06_017,p2_reversible,17,65537,lag,ABSTAIN,NO_FINITE_SOURCE,1032789/1048576,1,0.9849443435668945,1.0,0,0,,,,,,,,,,,,
source_06_018,p2_reversible,18,16385,bridge,ABSTAIN,NO_FINITE_SOURCE,0,1,0.0,1.0,0,0,,,,,,,,,,,,
source_06_018,p2_reversible,18,16385,intersection,ABSTAIN,NO_FINITE_SOURCE,257089/262144,1,0.9807167053222656,1.0,0,0,,,,,,,,,,,,
source_06_018,p2_reversible,18,16385,lag,ABSTAIN,NO_FINITE_SOURCE,257211/262144,1,0.9811820983886719,1.0,0,0,,,,,,,,,,,,
source_06_018,p2_reversible,18,65537,bridge,ABSTAIN,NO_FINITE_SOURCE,0,1,0.0,1.0,0,0,,,,,,,,,,,,
source_06_018,p2_reversible,18,65537,intersection,ABSTAIN,NO_FINITE_SOURCE,1033603/1048576,1,0.9857206344604492,1.0,0,0,,,,,,,,,,,,
source_06_018,p2_reversible,18,65537,lag,ABSTAIN,NO_FINITE_SOURCE,1033923/1048576,1,0.9860258102416992,1.0,0,0,,,,,,,,,,,,
source_06_019,p2_reversible,19,16385,bridge,ABSTAIN,NO_FINITE_SOURCE,0,1,0.0,1.0,0,0,,,,,,,,,,,,
source_06_019,p2_reversible,19,16385,intersection,ABSTAIN,NO_FINITE_SOURCE,517275/524288,1,0.9866237640380859,1.0,0,0,,,,,,,,,,,,
source_06_019,p2_reversible,19,16385,lag,ABSTAIN,NO_FINITE_SOURCE,517589/524288,1,0.9872226715087891,1.0,0,0,,,,,,,,,,,,
source_06_019,p2_reversible,19,65537,bridge,ABSTAIN,NO_FINITE_SOURCE,0,1,0.0,1.0,0,0,,,,,,,,,,,,
source_06_019,p2_reversible,19,65537,intersection,ABSTAIN,NO_FINITE_SOURCE,516601/524288,1,0.9853382110595703,1.0,0,0,,,,,,,,,,,,
source_06_019,p2_reversible,19,65537,lag,ABSTAIN,NO_FINITE_SOURCE,129185/131072,1,0.9856033325195312,1.0,0,0,,,,,,,,,,,,
source_06_020,p2_reversible,20,16385,bridge,ABSTAIN,NO_FINITE_SOURCE,0,1,0.0,1.0,0,0,,,,,,,,,,,,
source_06_020,p2_reversible,20,16385,intersection,ABSTAIN,NO_FINITE_SOURCE,1028431/1048576,1,0.9807882308959961,1.0,0,0,,,,,,,,,,,,
source_06_020,p2_reversible,20,16385,lag,ABSTAIN,NO_FINITE_SOURCE,1028869/1048576,1,0.981205940246582,1.0,0,0,,,,,,,,,,,,
source_06_020,p2_reversible,20,65537,bridge,ABSTAIN,NO_FINITE_SOURCE,0,1,0.0,1.0,0,0,,,,,,,,,,,,
source_06_020,p2_reversible,20,65537,intersection,ABSTAIN,NO_FINITE_SOURCE,1035033/1048576,1,0.9870843887329102,1.0,0,0,,,,,,,,,,,,
source_06_020,p2_reversible,20,65537,lag,ABSTAIN,NO_FINITE_SOURCE,1035351/1048576,1,0.9873876571655273,1.0,0,0,,,,,,,,,,,,
source_06_021,p2_reversible,21,16385,bridge,ABSTAIN,NO_FINITE_SOURCE,0,1,0.0,1.0,0,0,,,,,,,,,,,,
source_06_021,p2_reversible,21,16385,intersection,ABSTAIN,NO_FINITE_SOURCE,32111/32768,1,0.979949951171875,1.0,0,0,,,,,,,,,,,,
source_06_021,p2_reversible,21,16385,lag,ABSTAIN,NO_FINITE_SOURCE,1028061/1048576,1,0.9804353713989258,1.0,0,0,,,,,,,,,,,,
source_06_021,p2_reversible,21,65537,bridge,ABSTAIN,NO_FINITE_SOURCE,0,1,0.0,1.0,0,0,,,,,,,,,,,,
source_06_021,p2_reversible,21,65537,intersection,ABSTAIN,NO_FINITE_SOURCE,1036089/1048576,1,0.9880914688110352,1.0,0,0,,,,,,,,,,,,
source_06_021,p2_reversible,21,65537,lag,ABSTAIN,NO_FINITE_SOURCE,518219/524288,1,0.9884243011474609,1.0,0,0,,,,,,,,,,,,
source_06_022,p2_reversible,22,16385,bridge,ABSTAIN,NO_FINITE_SOURCE,0,1,0.0,1.0,0,0,,,,,,,,,,,,
source_06_022,p2_reversible,22,16385,intersection,ABSTAIN,NO_FINITE_SOURCE,1027533/1048576,1,0.9799318313598633,1.0,0,0,,,,,,,,,,,,
source_06_022,p2_reversible,22,16385,lag,ABSTAIN,NO_FINITE_SOURCE,513983/524288,1,0.9803447723388672,1.0,0,0,,,,,,,,,,,,
source_06_022,p2_reversible,22,65537,bridge,ABSTAIN,NO_FINITE_SOURCE,0,1,0.0,1.0,0,0,,,,,,,,,,,,
source_06_022,p2_reversible,22,65537,intersection,ABSTAIN,NO_FINITE_SOURCE,1034205/1048576,1,0.9862947463989258,1.0,0,0,,,,,,,,,,,,
source_06_022,p2_reversible,22,65537,lag,ABSTAIN,NO_FINITE_SOURCE,1034491/1048576,1,0.986567497253418,1.0,0,0,,,,,,,,,,,,
source_06_023,p2_reversible,23,16385,bridge,ABSTAIN,NO_FINITE_SOURCE,0,1,0.0,1.0,0,0,,,,,,,,,,,,
source_06_023,p2_reversible,23,16385,intersection,ABSTAIN,NO_FINITE_SOURCE,1029549/1048576,1,0.9818544387817383,1.0,0,0,,,,,,,,,,,,
source_06_023,p2_reversible,23,16385,lag,ABSTAIN,NO_FINITE_SOURCE,257497/262144,1,0.9822731018066406,1.0,0,0,,,,,,,,,,,,
source_06_023,p2_reversible,23,65537,bridge,ABSTAIN,NO_FINITE_SOURCE,0,1,0.0,1.0,0,0,,,,,,,,,,,,
source_06_023,p2_reversible,23,65537,intersection,ABSTAIN,NO_FINITE_SOURCE,1034545/1048576,1,0.9866189956665039,1.0,0,0,,,,,,,,,,,,
source_06_023,p2_reversible,23,65537,lag,ABSTAIN,NO_FINITE_SOURCE,517421/524288,1,0.9869022369384766,1.0,0,0,,,,,,,,,,,,
source_06_024,p2_reversible,24,16385,bridge,ABSTAIN,NO_FINITE_SOURCE,0,1,0.0,1.0,0,0,,,,,,,,,,,,
source_06_024,p2_reversible,24,16385,intersection,ABSTAIN,NO_FINITE_SOURCE,1029039/1048576,1,0.9813680648803711,1.0,0,0,,,,,,,,,,,,
source_06_024,p2_reversible,24,16385,lag,ABSTAIN,NO_FINITE_SOURCE,257401/262144,1,0.9819068908691406,1.0,0,0,,,,,,,,,,,,
source_06_024,p2_reversible,24,65537,bridge,ABSTAIN,NO_FINITE_SOURCE,0,1,0.0,1.0,0,0,,,,,,,,,,,,
source_06_024,p2_reversible,24,65537,intersection,ABSTAIN,NO_FINITE_SOURCE,1034979/1048576,1,0.9870328903198242,1.0,0,0,,,,,,,,,,,,
source_06_024,p2_reversible,24,65537,lag,ABSTAIN,NO_FINITE_SOURCE,1035299/1048576,1,0.9873380661010742,1.0,0,0,,,,,,,,,,,,
source_06_025,p2_reversible,25,16385,bridge,ABSTAIN,NO_FINITE_SOURCE,0,1,0.0,1.0,0,0,,,,,,,,,,,,
source_06_025,p2_reversible,25,16385,intersection,ABSTAIN,NO_FINITE_SOURCE,513869/524288,1,0.9801273345947266,1.0,0,0,,,,,,,,,,,,
source_06_025,p2_reversible,25,16385,lag,ABSTAIN,NO_FINITE_SOURCE,1028223/1048576,1,0.9805898666381836,1.0,0,0,,,,,,,,,,,,
source_06_025,p2_reversible,25,65537,bridge,ABSTAIN,NO_FINITE_SOURCE,0,1,0.0,1.0,0,0,,,,,,,,,,,,
source_06_025,p2_reversible,25,65537,intersection,ABSTAIN,NO_FINITE_SOURCE,1034579/1048576,1,0.9866514205932617,1.0,0,0,,,,,,,,,,,,
source_06_025,p2_reversible,25,65537,lag,ABSTAIN,NO_FINITE_SOURCE,258717/262144,1,0.9869270324707031,1.0,0,0,,,,,,,,,,,,
source_06_026,p2_reversible,26,16385,bridge,ABSTAIN,NO_FINITE_SOURCE,0,1,0.0,1.0,0,0,,,,,,,,,,,,
source_06_026,p2_reversible,26,16385,intersection,ABSTAIN,NO_FINITE_SOURCE,257615/262144,1,0.9827232360839844,1.0,0,0,,,,,,,,,,,,
source_06_026,p2_reversible,26,16385,lag,ABSTAIN,NO_FINITE_SOURCE,257723/262144,1,0.9831352233886719,1.0,0,0,,,,,,,,,,,,
source_06_026,p2_reversible,26,65537,bridge,ABSTAIN,NO_FINITE_SOURCE,0,1,0.0,1.0,0,0,,,,,,,,,,,,
source_06_026,p2_reversible,26,65537,intersection,ABSTAIN,NO_FINITE_SOURCE,1034359/1048576,1,0.9864416122436523,1.0,0,0,,,,,,,,,,,,
source_06_026,p2_reversible,26,65537,lag,ABSTAIN,NO_FINITE_SOURCE,1034651/1048576,1,0.986720085144043,1.0,0,0,,,,,,,,,,,,
source_06_027,p2_reversible,27,16385,bridge,ABSTAIN,NO_FINITE_SOURCE,0,1,0.0,1.0,0,0,,,,,,,,,,,,
source_06_027,p2_reversible,27,16385,intersection,ABSTAIN,NO_FINITE_SOURCE,127551/131072,1,0.9731369018554688,1.0,0,0,,,,,,,,,,,,
source_06_027,p2_reversible,27,16385,lag,ABSTAIN,NO_FINITE_SOURCE,255233/262144,1,0.9736366271972656,1.0,0,0,,,,,,,,,,,,
source_06_027,p2_reversible,27,65537,bridge,ABSTAIN,NO_FINITE_SOURCE,0,1,0.0,1.0,0,0,,,,,,,,,,,,
source_06_027,p2_reversible,27,65537,intersection,ABSTAIN,NO_FINITE_SOURCE,64511/65536,1,0.9843597412109375,1.0,0,0,,,,,,,,,,,,
source_06_027,p2_reversible,27,65537,lag,ABSTAIN,NO_FINITE_SOURCE,1032453/1048576,1,0.984623908996582,1.0,0,0,,,,,,,,,,,,
source_06_028,p2_reversible,28,16385,bridge,ABSTAIN,NO_FINITE_SOURCE,0,1,0.0,1.0,0,0,,,,,,,,,,,,
source_06_028,p2_reversible,28,16385,intersection,ABSTAIN,NO_FINITE_SOURCE,512647/524288,1,0.9777965545654297,1.0,0,0,,,,,,,,,,,,
source_06_028,p2_reversible,28,16385,lag,ABSTAIN,NO_FINITE_SOURCE,1025769/1048576,1,0.9782495498657227,1.0,0,0,,,,,,,,,,,,
source_06_028,p2_reversible,28,65537,bridge,ABSTAIN,NO_FINITE_SOURCE,0,1,0.0,1.0,0,0,,,,,,,,,,,,
source_06_028,p2_reversible,28,65537,intersection,ABSTAIN,NO_FINITE_SOURCE,516355/524288,1,0.9848690032958984,1.0,0,0,,,,,,,,,,,,
source_06_028,p2_reversible,28,65537,lag,ABSTAIN,NO_FINITE_SOURCE,129121/131072,1,0.9851150512695312,1.0,0,0,,,,,,,,,,,,
source_06_029,p2_reversible,29,16385,bridge,ABSTAIN,NO_FINITE_SOURCE,0,1,0.0,1.0,0,0,,,,,,,,,,,,
source_06_029,p2_reversible,29,16385,intersection,ABSTAIN,NO_FINITE_SOURCE,257373/262144,1,0.9818000793457031,1.0,0,0,,,,,,,,,,,,
source_06_029,p2_reversible,29,16385,lag,ABSTAIN,NO_FINITE_SOURCE,1030051/1048576,1,0.9823331832885742,1.0,0,0,,,,,,,,,,,,
source_06_029,p2_reversible,29,65537,bridge,ABSTAIN,NO_FINITE_SOURCE,0,1,0.0,1.0,0,0,,,,,,,,,,,,
source_06_029,p2_reversible,29,65537,intersection,ABSTAIN,NO_FINITE_SOURCE,516755/524288,1,0.9856319427490234,1.0,0,0,,,,,,,,,,,,
source_06_029,p2_reversible,29,65537,lag,ABSTAIN,NO_FINITE_SOURCE,516911/524288,1,0.9859294891357422,1.0,0,0,,,,,,,,,,,,
source_06_030,p2_reversible,30,16385,bridge,ABSTAIN,NO_FINITE_SOURCE,0,1,0.0,1.0,0,0,,,,,,,,,,,,
source_06_030,p2_reversible,30,16385,intersection,ABSTAIN,NO_FINITE_SOURCE,1033605/1048576,1,0.985722541809082,1.0,0,0,,,,,,,,,,,,
source_06_030,p2_reversible,30,16385,lag,ABSTAIN,NO_FINITE_SOURCE,1034037/1048576,1,0.9861345291137695,1.0,0,0,,,,,,,,,,,,
source_06_030,p2_reversible,30,65537,bridge,ABSTAIN,NO_FINITE_SOURCE,0,1,0.0,1.0,0,0,,,,,,,,,,,,
source_06_030,p2_reversible,30,65537,intersection,ABSTAIN,NO_FINITE_SOURCE,1035201/1048576,1,0.9872446060180664,1.0,0,0,,,,,,,,,,,,
source_06_030,p2_reversible,30,65537,lag,ABSTAIN,NO_FINITE_SOURCE,1035495/1048576,1,0.9875249862670898,1.0,0,0,,,,,,,,,,,,
source_06_031,p2_reversible,31,16385,bridge,ABSTAIN,NO_FINITE_SOURCE,0,1,0.0,1.0,0,0,,,,,,,,,,,,
source_06_031,p2_reversible,31,16385,intersection,ABSTAIN,NO_FINITE_SOURCE,257459/262144,1,0.9821281433105469,1.0,0,0,,,,,,,,,,,,
source_06_031,p2_reversible,31,16385,lag,ABSTAIN,NO_FINITE_SOURCE,515131/524288,1,0.9825344085693359,1.0,0,0,,,,,,,,,,,,
source_06_031,p2_reversible,31,65537,bridge,ABSTAIN,NO_FINITE_SOURCE,0,1,0.0,1.0,0,0,,,,,,,,,,,,
source_06_031,p2_reversible,31,65537,intersection,ABSTAIN,NO_FINITE_SOURCE,517141/524288,1,0.9863681793212891,1.0,0,0,,,,,,,,,,,,
source_06_031,p2_reversible,31,65537,lag,ABSTAIN,NO_FINITE_SOURCE,1034591/1048576,1,0.9866628646850586,1.0,0,0,,,,,,,,,,,,
source_07_000,p2_weak_delay,0,16385,bridge,ABSTAIN,NO_FINITE_SOURCE,0,1,0.0,1.0,0,0,,,,,,,,,,,,
source_07_000,p2_weak_delay,0,16385,intersection,ABSTAIN,NO_FINITE_SOURCE,2001/2048,1,0.97705078125,1.0,0,0,,,,,,,,,,,,
source_07_000,p2_weak_delay,0,16385,lag,ABSTAIN,NO_FINITE_SOURCE,128125/131072,1,0.9775161743164062,1.0,0,0,,,,,,,,,,,,
source_07_000,p2_weak_delay,0,65537,bridge,ABSTAIN,NO_FINITE_SOURCE,0,1,0.0,1.0,0,0,,,,,,,,,,,,
source_07_000,p2_weak_delay,0,65537,intersection,ABSTAIN,NO_FINITE_SOURCE,258647/262144,1,0.9866600036621094,1.0,0,0,,,,,,,,,,,,
source_07_000,p2_weak_delay,0,65537,lag,ABSTAIN,NO_FINITE_SOURCE,1034907/1048576,1,0.986964225769043,1.0,0,0,,,,,,,,,,,,
source_07_001,p2_weak_delay,1,16385,bridge,ABSTAIN,NO_FINITE_SOURCE,0,1,0.0,1.0,0,0,,,,,,,,,,,,
source_07_001,p2_weak_delay,1,16385,intersection,ABSTAIN,NO_FINITE_SOURCE,1025933/1048576,1,0.9784059524536133,1.0,0,0,,,,,,,,,,,,
source_07_001,p2_weak_delay,1,16385,lag,ABSTAIN,NO_FINITE_SOURCE,256611/262144,1,0.9788932800292969,1.0,0,0,,,,,,,,,,,,
source_07_001,p2_weak_delay,1,65537,bridge,ABSTAIN,NO_FINITE_SOURCE,0,1,0.0,1.0,0,0,,,,,,,,,,,,
source_07_001,p2_weak_delay,1,65537,intersection,ABSTAIN,NO_FINITE_SOURCE,1037191/1048576,1,0.9891424179077148,1.0,0,0,,,,,,,,,,,,
source_07_001,p2_weak_delay,1,65537,lag,ABSTAIN,NO_FINITE_SOURCE,1037563/1048576,1,0.989497184753418,1.0,0,0,,,,,,,,,,,,
source_07_002,p2_weak_delay,2,16385,bridge,ABSTAIN,NO_FINITE_SOURCE,0,1,0.0,1.0,0,0,,,,,,,,,,,,
source_07_002,p2_weak_delay,2,16385,intersection,ABSTAIN,NO_FINITE_SOURCE,1031683/1048576,1,0.9838895797729492,1.0,0,0,,,,,,,,,,,,
source_07_002,p2_weak_delay,2,16385,lag,ABSTAIN,NO_FINITE_SOURCE,258051/262144,1,0.9843864440917969,1.0,0,0,,,,,,,,,,,,
source_07_002,p2_weak_delay,2,65537,bridge,ABSTAIN,NO_FINITE_SOURCE,0,1,0.0,1.0,0,0,,,,,,,,,,,,
source_07_002,p2_weak_delay,2,65537,intersection,ABSTAIN,NO_FINITE_SOURCE,258247/262144,1,0.9851341247558594,1.0,0,0,,,,,,,,,,,,
source_07_002,p2_weak_delay,2,65537,lag,ABSTAIN,NO_FINITE_SOURCE,129161/131072,1,0.9854202270507812,1.0,0,0,,,,,,,,,,,,
source_07_003,p2_weak_delay,3,16385,bridge,ABSTAIN,NO_FINITE_SOURCE,0,1,0.0,1.0,0,0,,,,,,,,,,,,
source_07_003,p2_weak_delay,3,16385,intersection,ABSTAIN,NO_FINITE_SOURCE,4027/4096,1,0.983154296875,1.0,0,0,,,,,,,,,,,,
source_07_003,p2_weak_delay,3,16385,lag,ABSTAIN,NO_FINITE_SOURCE,515701/524288,1,0.9836215972900391,1.0,0,0,,,,,,,,,,,,
source_07_003,p2_weak_delay,3,65537,bridge,ABSTAIN,NO_FINITE_SOURCE,0,1,0.0,1.0,0,0,,,,,,,,,,,,
source_07_003,p2_weak_delay,3,65537,intersection,ABSTAIN,NO_FINITE_SOURCE,1035475/1048576,1,0.9875059127807617,1.0,0,0,,,,,,,,,,,,
source_07_003,p2_weak_delay,3,65537,lag,ABSTAIN,NO_FINITE_SOURCE,258949/262144,1,0.9878120422363281,1.0,0,0,,,,,,,,,,,,
source_07_004,p2_weak_delay,4,16385,bridge,ABSTAIN,NO_FINITE_SOURCE,0,1,0.0,1.0,0,0,,,,,,,,,,,,
source_07_004,p2_weak_delay,4,16385,intersection,ABSTAIN,NO_FINITE_SOURCE,1024803/1048576,1,0.9773283004760742,1.0,0,0,,,,,,,,,,,,
source_07_004,p2_weak_delay,4,16385,lag,ABSTAIN,NO_FINITE_SOURCE,512647/524288,1,0.9777965545654297,1.0,0,0,,,,,,,,,,,,
source_07_004,p2_weak_delay,4,65537,bridge,ABSTAIN,NO_FINITE_SOURCE,0,1,0.0,1.0,0,0,,,,,,,,,,,,
source_07_004,p2_weak_delay,4,65537,intersection,ABSTAIN,NO_FINITE_SOURCE,1032185/1048576,1,0.9843683242797852,1.0,0,0,,,,,,,,,,,,
source_07_004,p2_weak_delay,4,65537,lag,ABSTAIN,NO_FINITE_SOURCE,516231/524288,1,0.9846324920654297,1.0,0,0,,,,,,,,,,,,
source_07_005,p2_weak_delay,5,16385,bridge,ABSTAIN,NO_FINITE_SOURCE,0,1,0.0,1.0,0,0,,,,,,,,,,,,
source_07_005,p2_weak_delay,5,16385,intersection,ABSTAIN,NO_FINITE_SOURCE,128655/131072,1,0.9815597534179688,1.0,0,0,,,,,,,,,,,,
source_07_005,p2_weak_delay,5,16385,lag,ABSTAIN,NO_FINITE_SOURCE,1029743/1048576,1,0.9820394515991211,1.0,0,0,,,,,,,,,,,,
source_07_005,p2_weak_delay,5,65537,bridge,ABSTAIN,NO_FINITE_SOURCE,0,1,0.0,1.0,0,0,,,,,,,,,,,,
source_07_005,p2_weak_delay,5,65537,intersection,ABSTAIN,NO_FINITE_SOURCE,64703/65536,1,0.9872894287109375,1.0,0,0,,,,,,,,,,,,
source_07_005,p2_weak_delay,5,65537,lag,ABSTAIN,NO_FINITE_SOURCE,129449/131072,1,0.9876174926757812,1.0,0,0,,,,,,,,,,,,
source_07_006,p2_weak_delay,6,16385,bridge,ABSTAIN,NO_FINITE_SOURCE,0,1,0.0,1.0,0,0,,,,,,,,,,,,
source_07_006,p2_weak_delay,6,16385,intersection,ABSTAIN,NO_FINITE_SOURCE,1026729/1048576,1,0.9791650772094727,1.0,0,0,,,,,,,,,,,,
source_07_006,p2_weak_delay,6,16385,lag,ABSTAIN,NO_FINITE_SOURCE,256789/262144,1,0.9795722961425781,1.0,0,0,,,,,,,,,,,,
source_07_006,p2_weak_delay,6,65537,bridge,ABSTAIN,NO_FINITE_SOURCE,0,1,0.0,1.0,0,0,,,,,,,,,,,,
source_07_006,p2_weak_delay,6,65537,intersection,ABSTAIN,NO_FINITE_SOURCE,1032837/1048576,1,0.984990119934082,1.0,0,0,,,,,,,,,,,,
source_07_006,p2_weak_delay,6,65537,lag,ABSTAIN,NO_FINITE_SOURCE,516557/524288,1,0.9852542877197266,1.0,0,0,,,,,,,,,,,,
source_07_007,p2_weak_delay,7,16385,bridge,ABSTAIN,NO_FINITE_SOURCE,0,1,0.0,1.0,0,0,,,,,,,,,,,,
source_07_007,p2_weak_delay,7,16385,intersection,ABSTAIN,NO_FINITE_SOURCE,1028653/1048576,1,0.9809999465942383,1.0,0,0,,,,,,,,,,,,
source_07_007,p2_weak_delay,7,16385,lag,ABSTAIN,NO_FINITE_SOURCE,514631/524288,1,0.9815807342529297,1.0,0,0,,,,,,,,,,,,
source_07_007,p2_weak_delay,7,65537,bridge,ABSTAIN,NO_FINITE_SOURCE,0,1,0.0,1.0,0,0,,,,,,,,,,,,
source_07_007,p2_weak_delay,7,65537,intersection,ABSTAIN,NO_FINITE_SOURCE,1034315/1048576,1,0.9863996505737305,1.0,0,0,,,,,,,,,,,,
source_07_007,p2_weak_delay,7,65537,lag,ABSTAIN,NO_FINITE_SOURCE,1034631/1048576,1,0.9867010116577148,1.0,0,0,,,,,,,,,,,,
source_07_008,p2_weak_delay,8,16385,bridge,ABSTAIN,NO_FINITE_SOURCE,0,1,0.0,1.0,0,0,,,,,,,,,,,,
source_07_008,p2_weak_delay,8,16385,intersection,ABSTAIN,NO_FINITE_SOURCE,1027331/1048576,1,0.9797391891479492,1.0,0,0,,,,,,,,,,,,
source_07_008,p2_weak_delay,8,16385,lag,ABSTAIN,NO_FINITE_SOURCE,1027777/1048576,1,0.9801645278930664,1.0,0,0,,,,,,,,,,,,
source_07_008,p2_weak_delay,8,65537,bridge,ABSTAIN,NO_FINITE_SOURCE,0,1,0.0,1.0,0,0,,,,,,,,,,,,
source_07_008,p2_weak_delay,8,65537,intersection,ABSTAIN,NO_FINITE_SOURCE,129135/131072,1,0.9852218627929688,1.0,0,0,,,,,,,,,,,,
source_07_008,p2_weak_delay,8,65537,lag,ABSTAIN,NO_FINITE_SOURCE,1033343/1048576,1,0.9854726791381836,1.0,0,0,,,,,,,,,,,,
source_07_009,p2_weak_delay,9,16385,bridge,ABSTAIN,NO_FINITE_SOURCE,0,1,0.0,1.0,0,0,,,,,,,,,,,,
source_07_009,p2_weak_delay,9,16385,intersection,ABSTAIN,NO_FINITE_SOURCE,257077/262144,1,0.9806709289550781,1.0,0,0,,,,,,,,,,,,
source_07_009,p2_weak_delay,9,16385,lag,ABSTAIN,NO_FINITE_SOURCE,1028841/1048576,1,0.9811792373657227,1.0,0,0,,,,,,,,,,,,
source_07_009,p2_weak_delay,9,65537,bridge,ABSTAIN,NO_FINITE_SOURCE,0,1,0.0,1.0,0,0,,,,,,,,,,,,
source_07_009,p2_weak_delay,9,65537,intersection,ABSTAIN,NO_FINITE_SOURCE,1037855/1048576,1,0.9897756576538086,1.0,0,0,,,,,,,,,,,,
source_07_009,p2_weak_delay,9,65537,lag,ABSTAIN,NO_FINITE_SOURCE,519151/524288,1,0.9902019500732422,1.0,0,0,,,,,,,,,,,,
source_07_010,p2_weak_delay,10,16385,bridge,ABSTAIN,NO_FINITE_SOURCE,0,1,0.0,1.0,0,0,,,,,,,,,,,,
source_07_010,p2_weak_delay,10,16385,intersection,ABSTAIN,NO_FINITE_SOURCE,257523/262144,1,0.9823722839355469,1.0,0,0,,,,,,,,,,,,
source_07_010,p2_weak_delay,10,16385,lag,ABSTAIN,NO_FINITE_SOURCE,515309/524288,1,0.9828739166259766,1.0,0,0,,,,,,,,,,,,
source_07_010,p2_weak_delay,10,65537,bridge,ABSTAIN,NO_FINITE_SOURCE,0,1,0.0,1.0,0,0,,,,,,,,,,,,
source_07_010,p2_weak_delay,10,65537,intersection,ABSTAIN,NO_FINITE_SOURCE,1036457/1048576,1,0.9884424209594727,1.0,0,0,,,,,,,,,,,,
source_07_010,p2_weak_delay,10,65537,lag,ABSTAIN,NO_FINITE_SOURCE,129599/131072,1,0.9887619018554688,1.0,0,0,,,,,,,,,,,,
source_07_011,p2_weak_delay,11,16385,bridge,ABSTAIN,NO_FINITE_SOURCE,0,1,0.0,1.0,0,0,,,,,,,,,,,,
source_07_011,p2_weak_delay,11,16385,intersection,ABSTAIN,NO_FINITE_SOURCE,1027961/1048576,1,0.9803400039672852,1.0,0,0,,,,,,,,,,,,
source_07_011,p2_weak_delay,11,16385,lag,ABSTAIN,NO_FINITE_SOURCE,1028363/1048576,1,0.9807233810424805,1.0,0,0,,,,,,,,,,,,
source_07_011,p2_weak_delay,11,65537,bridge,ABSTAIN,NO_FINITE_SOURCE,0,1,0.0,1.0,0,0,,,,,,,,,,,,
source_07_011,p2_weak_delay,11,65537,intersection,ABSTAIN,NO_FINITE_SOURCE,515683/524288,1,0.9835872650146484,1.0,0,0,,,,,,,,,,,,
source_07_011,p2_weak_delay,11,65537,lag,ABSTAIN,NO_FINITE_SOURCE,1031635/1048576,1,0.9838438034057617,1.0,0,0,,,,,,,,,,,,
source_07_012,p2_weak_delay,12,16385,bridge,ABSTAIN,NO_FINITE_SOURCE,0,1,0.0,1.0,0,0,,,,,,,,,,,,
source_07_012,p2_weak_delay,12,16385,intersection,ABSTAIN,NO_FINITE_SOURCE,517023/524288,1,0.9861431121826172,1.0,0,0,,,,,,,,,,,,
source_07_012,p2_weak_delay,12,16385,lag,ABSTAIN,NO_FINITE_SOURCE,32337/32768,1,0.986846923828125,1.0,0,0,,,,,,,,,,,,
source_07_012,p2_weak_delay,12,65537,bridge,ABSTAIN,NO_FINITE_SOURCE,0,1,0.0,1.0,0,0,,,,,,,,,,,,
source_07_012,p2_weak_delay,12,65537,intersection,ABSTAIN,NO_FINITE_SOURCE,518065/524288,1,0.9881305694580078,1.0,0,0,,,,,,,,,,,,
source_07_012,p2_weak_delay,12,65537,lag,ABSTAIN,NO_FINITE_SOURCE,259129/262144,1,0.9884986877441406,1.0,0,0,,,,,,,,,,,,
source_07_013,p2_weak_delay,13,16385,bridge,ABSTAIN,NO_FINITE_SOURCE,0,1,0.0,1.0,0,0,,,,,,,,,,,,
source_07_013,p2_weak_delay,13,16385,intersection,ABSTAIN,NO_FINITE_SOURCE,1027363/1048576,1,0.9797697067260742,1.0,0,0,,,,,,,,,,,,
source_07_013,p2_weak_delay,13,16385,lag,ABSTAIN,NO_FINITE_SOURCE,513921/524288,1,0.9802265167236328,1.0,0,0,,,,,,,,,,,,
source_07_013,p2_weak_delay,13,65537,bridge,ABSTAIN,NO_FINITE_SOURCE,0,1,0.0,1.0,0,0,,,,,,,,,,,,
source_07_013,p2_weak_delay,13,65537,intersection,ABSTAIN,NO_FINITE_SOURCE,1033479/1048576,1,0.9856023788452148,1.0,0,0,,,,,,,,,,,,
source_07_013,p2_weak_delay,13,65537,lag,ABSTAIN,NO_FINITE_SOURCE,64609/65536,1,0.9858551025390625,1.0,0,0,,,,,,,,,,,,
source_07_014,p2_weak_delay,14,16385,bridge,ABSTAIN,NO_FINITE_SOURCE,0,1,0.0,1.0,0,0,,,,,,,,,,,,
source_07_014,p2_weak_delay,14,16385,intersection,ABSTAIN,NO_FINITE_SOURCE,1027353/1048576,1,0.9797601699829102,1.0,0,0,,,,,,,,,,,,
source_07_014,p2_weak_delay,14,16385,lag,ABSTAIN,NO_FINITE_SOURCE,1027831/1048576,1,0.9802160263061523,1.0,0,0,,,,,,,,,,,,
source_07_014,p2_weak_delay,14,65537,bridge,ABSTAIN,NO_FINITE_SOURCE,0,1,0.0,1.0,0,0,,,,,,,,,,,,
source_07_014,p2_weak_delay,14,65537,intersection,ABSTAIN,NO_FINITE_SOURCE,1033315/1048576,1,0.9854459762573242,1.0,0,0,,,,,,,,,,,,
source_07_014,p2_weak_delay,14,65537,lag,ABSTAIN,NO_FINITE_SOURCE,1033611/1048576,1,0.9857282638549805,1.0,0,0,,,,,,,,,,,,
source_07_015,p2_weak_delay,15,16385,bridge,ABSTAIN,NO_FINITE_SOURCE,0,1,0.0,1.0,0,0,,,,,,,,,,,,
source_07_015,p2_weak_delay,15,16385,intersection,ABSTAIN,NO_FINITE_SOURCE,128819/131072,1,0.9828109741210938,1.0,0,0,,,,,,,,,,,,
source_07_015,p2_weak_delay,15,16385,lag,ABSTAIN,NO_FINITE_SOURCE,1031067/1048576,1,0.983302116394043,1.0,0,0,,,,,,,,,,,,
source_07_015,p2_weak_delay,15,65537,bridge,ABSTAIN,NO_FINITE_SOURCE,0,1,0.0,1.0,0,0,,,,,,,,,,,,
source_07_015,p2_weak_delay,15,65537,intersection,ABSTAIN,NO_FINITE_SOURCE,258005/262144,1,0.9842109680175781,1.0,0,0,,,,,,,,,,,,
source_07_015,p2_weak_delay,15,65537,lag,ABSTAIN,NO_FINITE_SOURCE,1032287/1048576,1,0.9844655990600586,1.0,0,0,,,,,,,,,,,,
source_07_016,p2_weak_delay,16,16385,bridge,ABSTAIN,NO_FINITE_SOURCE,0,1,0.0,1.0,0,0,,,,,,,,,,,,
source_07_016,p2_weak_delay,16,16385,intersection,ABSTAIN,NO_FINITE_SOURCE,1028771/1048576,1,0.9811124801635742,1.0,0,0,,,,,,,,,,,,
source_07_016,p2_weak_delay,16,16385,lag,ABSTAIN,NO_FINITE_SOURCE,514643/524288,1,0.9816036224365234,1.0,0,0,,,,,,,,,,,,
source_07_016,p2_weak_delay,16,65537,bridge,ABSTAIN,NO_FINITE_SOURCE,0,1,0.0,1.0,0,0,,,,,,,,,,,,
source_07_016,p2_weak_delay,16,65537,intersection,ABSTAIN,NO_FINITE_SOURCE,258579/262144,1,0.9864006042480469,1.0,0,0,,,,,,,,,,,,
source_07_016,p2_weak_delay,16,65537,lag,ABSTAIN,NO_FINITE_SOURCE,1034655/1048576,1,0.9867238998413086,1.0,0,0,,,,,,,,,,,,
source_07_017,p2_weak_delay,17,16385,bridge,ABSTAIN,NO_FINITE_SOURCE,0,1,0.0,1.0,0,0,,,,,,,,,,,,
source_07_017,p2_weak_delay,17,16385,intersection,ABSTAIN,NO_FINITE_SOURCE,515189/524288,1,0.9826450347900391,1.0,0,0,,,,,,,,,,,,
source_07_017,p2_weak_delay,17,16385,lag,ABSTAIN,NO_FINITE_SOURCE,515437/524288,1,0.9831180572509766,1.0,0,0,,,,,,,,,,,,
source_07_017,p2_weak_delay,17,65537,bridge,ABSTAIN,NO_FINITE_SOURCE,0,1,0.0,1.0,0,0,,,,,,,,,,,,
source_07_017,p2_weak_delay,17,65537,intersection,ABSTAIN,NO_FINITE_SOURCE,516613/524288,1,0.9853610992431641,1.0,0,0,,,,,,,,,,,,
source_07_017,p2_weak_delay,17,65537,lag,ABSTAIN,NO_FINITE_SOURCE,1033529/1048576,1,0.9856500625610352,1.0,0,0,,,,,,,,,,,,
source_07_018,p2_weak_delay,18,16385,bridge,ABSTAIN,NO_FINITE_SOURCE,0,1,0.0,1.0,0,0,,,,,,,,,,,,
source_07_018,p2_weak_delay,18,16385,intersection,ABSTAIN,NO_FINITE_SOURCE,1032659/1048576,1,0.9848203659057617,1.0,0,0,,,,,,,,,,,,
source_07_018,p2_weak_delay,18,16385,lag,ABSTAIN,NO_FINITE_SOURCE,516599/524288,1,0.9853343963623047,1.0,0,0,,,,,,,,,,,,
source_07_018,p2_weak_delay,18,65537,bridge,ABSTAIN,NO_FINITE_SOURCE,0,1,0.0,1.0,0,0,,,,,,,,,,,,
source_07_018,p2_weak_delay,18,65537,intersection,ABSTAIN,NO_FINITE_SOURCE,1034073/1048576,1,0.9861688613891602,1.0,0,0,,,,,,,,,,,,
source_07_018,p2_weak_delay,18,65537,lag,ABSTAIN,NO_FINITE_SOURCE,64649/65536,1,0.9864654541015625,1.0,0,0,,,,,,,,,,,,
source_07_019,p2_weak_delay,19,16385,bridge,ABSTAIN,NO_FINITE_SOURCE,0,1,0.0,1.0,0,0,,,,,,,,,,,,
source_07_019,p2_weak_delay,19,16385,intersection,ABSTAIN,NO_FINITE_SOURCE,1029909/1048576,1,0.9821977615356445,1.0,0,0,,,,,,,,,,,,
source_07_019,p2_weak_delay,19,16385,lag,ABSTAIN,NO_FINITE_SOURCE,16101/16384,1,0.98272705078125,1.0,0,0,,,,,,,,,,,,
source_07_019,p2_weak_delay,19,65537,bridge,ABSTAIN,NO_FINITE_SOURCE,0,1,0.0,1.0,0,0,,,,,,,,,,,,
source_07_019,p2_weak_delay,19,65537,intersection,ABSTAIN,NO_FINITE_SOURCE,516261/524288,1,0.9846897125244141,1.0,0,0,,,,,,,,,,,,
source_07_019,p2_weak_delay,19,65537,lag,ABSTAIN,NO_FINITE_SOURCE,1032831/1048576,1,0.9849843978881836,1.0,0,0,,,,,,,,,,,,
source_07_020,p2_weak_delay,20,16385,bridge,ABSTAIN,NO_FINITE_SOURCE,0,1,0.0,1.0,0,0,,,,,,,,,,,,
source_07_020,p2_weak_delay,20,16385,intersection,ABSTAIN,NO_FINITE_SOURCE,512317/524288,1,0.9771671295166016,1.0,0,0,,,,,,,,,,,,
source_07_020,p2_weak_delay,20,16385,lag,ABSTAIN,NO_FINITE_SOURCE,512529/524288,1,0.9775714874267578,1.0,0,0,,,,,,,,,,,,
source_07_020,p2_weak_delay,20,65537,bridge,ABSTAIN,NO_FINITE_SOURCE,0,1,0.0,1.0,0,0,,,,,,,,,,,,
source_07_020,p2_weak_delay,20,65537,intersection,ABSTAIN,NO_FINITE_SOURCE,257831/262144,1,0.9835472106933594,1.0,0,0,,,,,,,,,,,,
source_07_020,p2_weak_delay,20,65537,lag,ABSTAIN,NO_FINITE_SOURCE,257897/262144,1,0.9837989807128906,1.0,0,0,,,,,,,,,,,,
source_07_021,p2_weak_delay,21,16385,bridge,ABSTAIN,NO_FINITE_SOURCE,0,1,0.0,1.0,0,0,,,,,,,,,,,,
source_07_021,p2_weak_delay,21,16385,intersection,ABSTAIN,NO_FINITE_SOURCE,1027845/1048576,1,0.980229377746582,1.0,0,0,,,,,,,,,,,,
source_07_021,p2_weak_delay,21,16385,lag,ABSTAIN,NO_FINITE_SOURCE,1028311/1048576,1,0.9806737899780273,1.0,0,0,,,,,,,,,,,,
source_07_021,p2_weak_delay,21,65537,bridge,ABSTAIN,NO_FINITE_SOURCE,0,1,0.0,1.0,0,0,,,,,,,,,,,,
source_07_021,p2_weak_delay,21,65537,intersection,ABSTAIN,NO_FINITE_SOURCE,517227/524288,1,0.9865322113037109,1.0,0,0,,,,,,,,,,,,
source_07_021,p2_weak_delay,21,65537,lag,ABSTAIN,NO_FINITE_SOURCE,517393/524288,1,0.9868488311767578,1.0,0,0,,,,,,,,,,,,
source_07_022,p2_weak_delay,22,16385,bridge,ABSTAIN,NO_FINITE_SOURCE,0,1,0.0,1.0,0,0,,,,,,,,,,,,
source_07_022,p2_weak_delay,22,16385,intersection,ABSTAIN,NO_FINITE_SOURCE,257853/262144,1,0.9836311340332031,1.0,0,0,,,,,,,,,,,,
source_07_022,p2_weak_delay,22,16385,lag,ABSTAIN,NO_FINITE_SOURCE,1031891/1048576,1,0.9840879440307617,1.0,0,0,,,,,,,,,,,,
source_07_022,p2_weak_delay,22,65537,bridge,ABSTAIN,NO_FINITE_SOURCE,0,1,0.0,1.0,0,0,,,,,,,,,,,,
source_07_022,p2_weak_delay,22,65537,intersection,ABSTAIN,NO_FINITE_SOURCE,517069/524288,1,0.9862308502197266,1.0,0,0,,,,,,,,,,,,
source_07_022,p2_weak_delay,22,65537,lag,ABSTAIN,NO_FINITE_SOURCE,258609/262144,1,0.9865150451660156,1.0,0,0,,,,,,,,,,,,
source_07_023,p2_weak_delay,23,16385,bridge,ABSTAIN,NO_FINITE_SOURCE,0,1,0.0,1.0,0,0,,,,,,,,,,,,
source_07_023,p2_weak_delay,23,16385,intersection,ABSTAIN,NO_FINITE_SOURCE,515333/524288,1,0.9829196929931641,1.0,0,0,,,,,,,,,,,,
source_07_023,p2_weak_delay,23,16385,lag,ABSTAIN,NO_FINITE_SOURCE,1031179/1048576,1,0.9834089279174805,1.0,0,0,,,,,,,,,,,,
source_07_023,p2_weak_delay,23,65537,bridge,ABSTAIN,NO_FINITE_SOURCE,0,1,0.0,1.0,0,0,,,,,,,,,,,,
source_07_023,p2_weak_delay,23,65537,intersection,ABSTAIN,NO_FINITE_SOURCE,1035289/1048576,1,0.9873285293579102,1.0,0,0,,,,,,,,,,,,
source_07_023,p2_weak_delay,23,65537,lag,ABSTAIN,NO_FINITE_SOURCE,517815/524288,1,0.9876537322998047,1.0,0,0,,,,,,,,,,,,
source_07_024,p2_weak_delay,24,16385,bridge,ABSTAIN,NO_FINITE_SOURCE,0,1,0.0,1.0,0,0,,,,,,,,,,,,
source_07_024,p2_weak_delay,24,16385,intersection,ABSTAIN,NO_FINITE_SOURCE,1028201/1048576,1,0.9805688858032227,1.0,0,0,,,,,,,,,,,,
source_07_024,p2_weak_delay,24,16385,lag,ABSTAIN,NO_FINITE_SOURCE,514419/524288,1,0.9811763763427734,1.0,0,0,,,,,,,,,,,,
source_07_024,p2_weak_delay,24,65537,bridge,ABSTAIN,NO_FINITE_SOURCE,0,1,0.0,1.0,0,0,,,,,,,,,,,,
source_07_024,p2_weak_delay,24,65537,intersection,ABSTAIN,NO_FINITE_SOURCE,516843/524288,1,0.9857997894287109,1.0,0,0,,,,,,,,,,,,
source_07_024,p2_weak_delay,24,65537,lag,ABSTAIN,NO_FINITE_SOURCE,1034017/1048576,1,0.9861154556274414,1.0,0,0,,,,,,,,,,,,
source_07_025,p2_weak_delay,25,16385,bridge,ABSTAIN,NO_FINITE_SOURCE,0,1,0.0,1.0,0,0,,,,,,,,,,,,
source_07_025,p2_weak_delay,25,16385,intersection,ABSTAIN,NO_FINITE_SOURCE,514287/524288,1,0.9809246063232422,1.0,0,0,,,,,,,,,,,,
source_07_025,p2_weak_delay,25,16385,lag,ABSTAIN,NO_FINITE_SOURCE,32157/32768,1,0.981353759765625,1.0,0,0,,,,,,,,,,,,
source_07_025,p2_weak_delay,25,65537,bridge,ABSTAIN,NO_FINITE_SOURCE,0,1,0.0,1.0,0,0,,,,,,,,,,,,
source_07_025,p2_weak_delay,25,65537,intersection,ABSTAIN,NO_FINITE_SOURCE,1036191/1048576,1,0.9881887435913086,1.0,0,0,,,,,,,,,,,,
source_07_025,p2_weak_delay,25,65537,lag,ABSTAIN,NO_FINITE_SOURCE,129563/131072,1,0.9884872436523438,1.0,0,0,,,,,,,,,,,,
source_07_026,p2_weak_delay,26,16385,bridge,ABSTAIN,NO_FINITE_SOURCE,0,1,0.0,1.0,0,0,,,,,,,,,,,,
source_07_026,p2_weak_delay,26,16385,intersection,ABSTAIN,NO_FINITE_SOURCE,64065/65536,1,0.9775543212890625,1.0,0,0,,,,,,,,,,,,
source_07_026,p2_weak_delay,26,16385,lag,ABSTAIN,NO_FINITE_SOURCE,1025663/1048576,1,0.9781484603881836,1.0,0,0,,,,,,,,,,,,
source_07_026,p2_weak_delay,26,65537,bridge,ABSTAIN,NO_FINITE_SOURCE,0,1,0.0,1.0,0,0,,,,,,,,,,,,
source_07_026,p2_weak_delay,26,65537,intersection,ABSTAIN,NO_FINITE_SOURCE,129573/131072,1,0.9885635375976562,1.0,0,0,,,,,,,,,,,,
source_07_026,p2_weak_delay,26,65537,lag,ABSTAIN,NO_FINITE_SOURCE,1036975/1048576,1,0.9889364242553711,1.0,0,0,,,,,,,,,,,,
source_07_027,p2_weak_delay,27,16385,bridge,ABSTAIN,NO_FINITE_SOURCE,0,1,0.0,1.0,0,0,,,,,,,,,,,,
source_07_027,p2_weak_delay,27,16385,intersection,ABSTAIN,NO_FINITE_SOURCE,1024085/1048576,1,0.9766435623168945,1.0,0,0,,,,,,,,,,,,
source_07_027,p2_weak_delay,27,16385,lag,ABSTAIN,NO_FINITE_SOURCE,256137/262144,1,0.9770851135253906,1.0,0,0,,,,,,,,,,,,
source_07_027,p2_weak_delay,27,65537,bridge,ABSTAIN,NO_FINITE_SOURCE,0,1,0.0,1.0,0,0,,,,,,,,,,,,
source_07_027,p2_weak_delay,27,65537,intersection,ABSTAIN,NO_FINITE_SOURCE,1033845/1048576,1,0.9859514236450195,1.0,0,0,,,,,,,,,,,,
source_07_027,p2_weak_delay,27,65537,lag,ABSTAIN,NO_FINITE_SOURCE,258541/262144,1,0.9862556457519531,1.0,0,0,,,,,,,,,,,,
source_07_028,p2_weak_delay,28,16385,bridge,ABSTAIN,NO_FINITE_SOURCE,0,1,0.0,1.0,0,0,,,,,,,,,,,,
source_07_028,p2_weak_delay,28,16385,intersection,ABSTAIN,NO_FINITE_SOURCE,514931/524288,1,0.9821529388427734,1.0,0,0,,,,,,,,,,,,
source_07_028,p2_weak_delay,28,16385,lag,ABSTAIN,NO_FINITE_SOURCE,1030433/1048576,1,0.9826974868774414,1.0,0,0,,,,,,,,,,,,
source_07_028,p2_weak_delay,28,65537,bridge,ABSTAIN,NO_FINITE_SOURCE,0,1,0.0,1.0,0,0,,,,,,,,,,,,
source_07_028,p2_weak_delay,28,65537,intersection,ABSTAIN,NO_FINITE_SOURCE,517279/524288,1,0.9866313934326172,1.0,0,0,,,,,,,,,,,,
source_07_028,p2_weak_delay,28,65537,lag,ABSTAIN,NO_FINITE_SOURCE,1034875/1048576,1,0.986933708190918,1.0,0,0,,,,,,,,,,,,
source_07_029,p2_weak_delay,29,16385,bridge,ABSTAIN,NO_FINITE_SOURCE,0,1,0.0,1.0,0,0,,,,,,,,,,,,
source_07_029,p2_weak_delay,29,16385,intersection,ABSTAIN,NO_FINITE_SOURCE,513837/524288,1,0.9800662994384766,1.0,0,0,,,,,,,,,,,,
source_07_029,p2_weak_delay,29,16385,lag,ABSTAIN,NO_FINITE_SOURCE,514109/524288,1,0.9805850982666016,1.0,0,0,,,,,,,,,,,,
source_07_029,p2_weak_delay,29,65537,bridge,ABSTAIN,NO_FINITE_SOURCE,0,1,0.0,1.0,0,0,,,,,,,,,,,,
source_07_029,p2_weak_delay,29,65537,intersection,ABSTAIN,NO_FINITE_SOURCE,1036279/1048576,1,0.9882726669311523,1.0,0,0,,,,,,,,,,,,
source_07_029,p2_weak_delay,29,65537,lag,ABSTAIN,NO_FINITE_SOURCE,1036659/1048576,1,0.9886350631713867,1.0,0,0,,,,,,,,,,,,
source_07_030,p2_weak_delay,30,16385,bridge,ABSTAIN,NO_FINITE_SOURCE,0,1,0.0,1.0,0,0,,,,,,,,,,,,
source_07_030,p2_weak_delay,30,16385,intersection,ABSTAIN,NO_FINITE_SOURCE,1029149/1048576,1,0.9814729690551758,1.0,0,0,,,,,,,,,,,,
source_07_030,p2_weak_delay,30,16385,lag,ABSTAIN,NO_FINITE_SOURCE,514781/524288,1,0.9818668365478516,1.0,0,0,,,,,,,,,,,,
source_07_030,p2_weak_delay,30,65537,bridge,ABSTAIN,NO_FINITE_SOURCE,0,1,0.0,1.0,0,0,,,,,,,,,,,,
source_07_030,p2_weak_delay,30,65537,intersection,ABSTAIN,NO_FINITE_SOURCE,517013/524288,1,0.9861240386962891,1.0,0,0,,,,,,,,,,,,
source_07_030,p2_weak_delay,30,65537,lag,ABSTAIN,NO_FINITE_SOURCE,517153/524288,1,0.9863910675048828,1.0,0,0,,,,,,,,,,,,
source_07_031,p2_weak_delay,31,16385,bridge,ABSTAIN,NO_FINITE_SOURCE,0,1,0.0,1.0,0,0,,,,,,,,,,,,
source_07_031,p2_weak_delay,31,16385,intersection,ABSTAIN,NO_FINITE_SOURCE,128811/131072,1,0.9827499389648438,1.0,0,0,,,,,,,,,,,,
source_07_031,p2_weak_delay,31,16385,lag,ABSTAIN,NO_FINITE_SOURCE,1031007/1048576,1,0.9832448959350586,1.0,0,0,,,,,,,,,,,,
source_07_031,p2_weak_delay,31,65537,bridge,ABSTAIN,NO_FINITE_SOURCE,0,1,0.0,1.0,0,0,,,,,,,,,,,,
source_07_031,p2_weak_delay,31,65537,intersection,ABSTAIN,NO_FINITE_SOURCE,258719/262144,1,0.9869346618652344,1.0,0,0,,,,,,,,,,,,
source_07_031,p2_weak_delay,31,65537,lag,ABSTAIN,NO_FINITE_SOURCE,1035185/1048576,1,0.9872293472290039,1.0,0,0,,,,,,,,,,,,
source_08_000,p2_strong_delay,0,16385,bridge,ABSTAIN,NO_FINITE_SOURCE,0,1,0.0,1.0,0,0,,,,,,,,,,,,
source_08_000,p2_strong_delay,0,16385,intersection,ABSTAIN,NO_FINITE_SOURCE,1031929/1048576,1,0.9841241836547852,1.0,0,0,,,,,,,,,,,,
source_08_000,p2_strong_delay,0,16385,lag,ABSTAIN,NO_FINITE_SOURCE,516249/524288,1,0.9846668243408203,1.0,0,0,,,,,,,,,,,,
source_08_000,p2_strong_delay,0,65537,bridge,ABSTAIN,NO_FINITE_SOURCE,0,1,0.0,1.0,0,0,,,,,,,,,,,,
source_08_000,p2_strong_delay,0,65537,intersection,ABSTAIN,NO_FINITE_SOURCE,1037629/1048576,1,0.9895601272583008,1.0,0,0,,,,,,,,,,,,
source_08_000,p2_strong_delay,0,65537,lag,ABSTAIN,NO_FINITE_SOURCE,1038055/1048576,1,0.9899663925170898,1.0,0,0,,,,,,,,,,,,
source_08_001,p2_strong_delay,1,16385,bridge,ABSTAIN,NO_FINITE_SOURCE,0,1,0.0,1.0,0,0,,,,,,,,,,,,
source_08_001,p2_strong_delay,1,16385,intersection,ABSTAIN,NO_FINITE_SOURCE,128465/131072,1,0.9801101684570312,1.0,0,0,,,,,,,,,,,,
source_08_001,p2_strong_delay,1,16385,lag,ABSTAIN,NO_FINITE_SOURCE,257039/262144,1,0.9805259704589844,1.0,0,0,,,,,,,,,,,,
source_08_001,p2_strong_delay,1,65537,bridge,ABSTAIN,NO_FINITE_SOURCE,0,1,0.0,1.0,0,0,,,,,,,,,,,,
source_08_001,p2_strong_delay,1,65537,intersection,ABSTAIN,NO_FINITE_SOURCE,1033007/1048576,1,0.9851522445678711,1.0,0,0,,,,,,,,,,,,
source_08_001,p2_strong_delay,1,65537,lag,ABSTAIN,NO_FINITE_SOURCE,1033287/1048576,1,0.9854192733764648,1.0,0,0,,,,,,,,,,,,
source_08_002,p2_strong_delay,2,16385,bridge,ABSTAIN,NO_FINITE_SOURCE,0,1,0.0,1.0,0,0,,,,,,,,,,,,
source_08_002,p2_strong_delay,2,16385,intersection,ABSTAIN,NO_FINITE_SOURCE,513635/524288,1,0.9796810150146484,1.0,0,0,,,,,,,,,,,,
source_08_002,p2_strong_delay,2,16385,lag,ABSTAIN,NO_FINITE_SOURCE,1027785/1048576,1,0.9801721572875977,1.0,0,0,,,,,,,,,,,,
source_08_002,p2_strong_delay,2,65537,bridge,ABSTAIN,NO_FINITE_SOURCE,0,1,0.0,1.0,0,0,,,,,,,,,,,,
source_08_002,p2_strong_delay,2,65537,intersection,ABSTAIN,NO_FINITE_SOURCE,258345/262144,1,0.9855079650878906,1.0,0,0,,,,,,,,,,,,
source_08_002,p2_strong_delay,2,65537,lag,ABSTAIN,NO_FINITE_SOURCE,1033699/1048576,1,0.9858121871948242,1.0,0,0,,,,,,,,,,,,
source_08_003,p2_strong_delay,3,16385,bridge,ABSTAIN,NO_FINITE_SOURCE,0,1,0.0,1.0,0,0,,,,,,,,,,,,
source_08_003,p2_strong_delay,3,16385,intersection,ABSTAIN,NO_FINITE_SOURCE,1026937/1048576,1,0.9793634414672852,1.0,0,0,,,,,,,,,,,,
source_08_003,p2_strong_delay,3,16385,lag,ABSTAIN,NO_FINITE_SOURCE,256875/262144,1,0.9799003601074219,1.0,0,0,,,,,,,,,,,,
source_08_003,p2_strong_delay,3,65537,bridge,ABSTAIN,NO_FINITE_SOURCE,0,1,0.0,1.0,0,0,,,,,,,,,,,,
source_08_003,p2_strong_delay,3,65537,intersection,ABSTAIN,NO_FINITE_SOURCE,517833/524288,1,0.9876880645751953,1.0,0,0,,,,,,,,,,,,
source_08_003,p2_strong_delay,3,65537,lag,ABSTAIN,NO_FINITE_SOURCE,1036007/1048576,1,0.9880132675170898,1.0,0,0,,,,,,,,,,,,
source_08_004,p2_strong_delay,4,16385,bridge,ABSTAIN,NO_FINITE_SOURCE,0,1,0.0,1.0,0,0,,,,,,,,,,,,
source_08_004,p2_strong_delay,4,16385,intersection,ABSTAIN,NO_FINITE_SOURCE,128143/131072,1,0.9776535034179688,1.0,0,0,,,,,,,,,,,,
source_08_004,p2_strong_delay,4,16385,lag,ABSTAIN,NO_FINITE_SOURCE,1025721/1048576,1,0.9782037734985352,1.0,0,0,,,,,,,,,,,,
source_08_004,p2_strong_delay,4,65537,bridge,ABSTAIN,NO_FINITE_SOURCE,0,1,0.0,1.0,0,0,,,,,,,,,,,,
source_08_004,p2_strong_delay,4,65537,intersection,ABSTAIN,NO_FINITE_SOURCE,1037341/1048576,1,0.9892854690551758,1.0,0,0,,,,,,,,,,,,
source_08_004,p2_strong_delay,4,65537,lag,ABSTAIN,NO_FINITE_SOURCE,1037739/1048576,1,0.9896650314331055,1.0,0,0,,,,,,,,,,,,
source_08_005,p2_strong_delay,5,16385,bridge,ABSTAIN,NO_FINITE_SOURCE,0,1,0.0,1.0,0,0,,,,,,,,,,,,
source_08_005,p2_strong_delay,5,16385,intersection,ABSTAIN,NO_FINITE_SOURCE,255669/262144,1,0.9752998352050781,1.0,0,0,,,,,,,,,,,,
source_08_005,p2_strong_delay,5,16385,lag,ABSTAIN,NO_FINITE_SOURCE,255793/262144,1,0.9757728576660156,1.0,0,0,,,,,,,,,,,,
source_08_005,p2_strong_delay,5,65537,bridge,ABSTAIN,NO_FINITE_SOURCE,0,1,0.0,1.0,0,0,,,,,,,,,,,,
source_08_005,p2_strong_delay,5,65537,intersection,ABSTAIN,NO_FINITE_SOURCE,515845/524288,1,0.9838962554931641,1.0,0,0,,,,,,,,,,,,
source_08_005,p2_strong_delay,5,65537,lag,ABSTAIN,NO_FINITE_SOURCE,1031969/1048576,1,0.9841623306274414,1.0,0,0,,,,,,,,,,,,
source_08_006,p2_strong_delay,6,16385,bridge,ABSTAIN,NO_FINITE_SOURCE,0,1,0.0,1.0,0,0,,,,,,,,,,,,
source_08_006,p2_strong_delay,6,16385,intersection,ABSTAIN,NO_FINITE_SOURCE,257809/262144,1,0.9834632873535156,1.0,0,0,,,,,,,,,,,,
source_08_006,p2_strong_delay,6,16385,lag,ABSTAIN,NO_FINITE_SOURCE,257925/262144,1,0.9839057922363281,1.0,0,0,,,,,,,,,,,,
source_08_006,p2_strong_delay,6,65537,bridge,ABSTAIN,NO_FINITE_SOURCE,0,1,0.0,1.0,0,0,,,,,,,,,,,,
source_08_006,p2_strong_delay,6,65537,intersection,ABSTAIN,NO_FINITE_SOURCE,517375/524288,1,0.9868144989013672,1.0,0,0,,,,,,,,,,,,
source_08_006,p2_strong_delay,6,65537,lag,ABSTAIN,NO_FINITE_SOURCE,1035035/1048576,1,0.987086296081543,1.0,0,0,,,,,,,,,,,,
source_08_007,p2_strong_delay,7,16385,bridge,ABSTAIN,NO_FINITE_SOURCE,0,1,0.0,1.0,0,0,,,,,,,,,,,,
source_08_007,p2_strong_delay,7,16385,intersection,ABSTAIN,NO_FINITE_SOURCE,128109/131072,1,0.9773941040039062,1.0,0,0,,,,,,,,,,,,
source_08_007,p2_strong_delay,7,16385,lag,ABSTAIN,NO_FINITE_SOURCE,256365/262144,1,0.9779548645019531,1.0,0,0,,,,,,,,,,,,
source_08_007,p2_strong_delay,7,65537,bridge,ABSTAIN,NO_FINITE_SOURCE,0,1,0.0,1.0,0,0,,,,,,,,,,,,
source_08_007,p2_strong_delay,7,65537,intersection,ABSTAIN,NO_FINITE_SOURCE,1035105/1048576,1,0.9871530532836914,1.0,0,0,,,,,,,,,,,,
source_08_007,p2_strong_delay,7,65537,lag,ABSTAIN,NO_FINITE_SOURCE,1035453/1048576,1,0.9874849319458008,1.0,0,0,,,,,,,,,,,,
source_08_008,p2_strong_delay,8,16385,bridge,ABSTAIN,NO_FINITE_SOURCE,0,1,0.0,1.0,0,0,,,,,,,,,,,,
source_08_008,p2_strong_delay,8,16385,intersection,ABSTAIN,NO_FINITE_SOURCE,516363/524288,1,0.9848842620849609,1.0,0,0,,,,,,,,,,,,
source_08_008,p2_strong_delay,8,16385,lag,ABSTAIN,NO_FINITE_SOURCE,32293/32768,1,0.985504150390625,1.0,0,0,,,,,,,,,,,,
source_08_008,p2_strong_delay,8,65537,bridge,ABSTAIN,NO_FINITE_SOURCE,0,1,0.0,1.0,0,0,,,,,,,,,,,,
source_08_008,p2_strong_delay,8,65537,intersection,ABSTAIN,NO_FINITE_SOURCE,517723/524288,1,0.9874782562255859,1.0,0,0,,,,,,,,,,,,
source_08_008,p2_strong_delay,8,65537,lag,ABSTAIN,NO_FINITE_SOURCE,1035851/1048576,1,0.9878644943237305,1.0,0,0,,,,,,,,,,,,
source_08_009,p2_strong_delay,9,16385,bridge,ABSTAIN,NO_FINITE_SOURCE,0,1,0.0,1.0,0,0,,,,,,,,,,,,
source_08_009,p2_strong_delay,9,16385,intersection,ABSTAIN,NO_FINITE_SOURCE,1024703/1048576,1,0.9772329330444336,1.0,0,0,,,,,,,,,,,,
source_08_009,p2_strong_delay,9,16385,lag,ABSTAIN,NO_FINITE_SOURCE,32035/32768,1,0.977630615234375,1.0,0,0,,,,,,,,,,,,
source_08_009,p2_strong_delay,9,65537,bridge,ABSTAIN,NO_FINITE_SOURCE,0,1,0.0,1.0,0,0,,,,,,,,,,,,
source_08_009,p2_strong_delay,9,65537,intersection,ABSTAIN,NO_FINITE_SOURCE,516319/524288,1,0.9848003387451172,1.0,0,0,,,,,,,,,,,,
source_08_009,p2_strong_delay,9,65537,lag,ABSTAIN,NO_FINITE_SOURCE,1032913/1048576,1,0.9850625991821289,1.0,0,0,,,,,,,,,,,,
source_08_010,p2_strong_delay,10,16385,bridge,ABSTAIN,NO_FINITE_SOURCE,0,1,0.0,1.0,0,0,,,,,,,,,,,,
source_08_010,p2_strong_delay,10,16385,intersection,ABSTAIN,NO_FINITE_SOURCE,1031735/1048576,1,0.9839391708374023,1.0,0,0,,,,,,,,,,,,
source_08_010,p2_strong_delay,10,16385,lag,ABSTAIN,NO_FINITE_SOURCE,516177/524288,1,0.9845294952392578,1.0,0,0,,,,,,,,,,,,
source_08_010,p2_strong_delay,10,65537,bridge,ABSTAIN,NO_FINITE_SOURCE,0,1,0.0,1.0,0,0,,,,,,,,,,,,
source_08_010,p2_strong_delay,10,65537,intersection,ABSTAIN,NO_FINITE_SOURCE,517573/524288,1,0.9871921539306641,1.0,0,0,,,,,,,,,,,,
source_08_010,p2_strong_delay,10,65537,lag,ABSTAIN,NO_FINITE_SOURCE,129435/131072,1,0.9875106811523438,1.0,0,0,,,,,,,,,,,,
source_08_011,p2_strong_delay,11,16385,bridge,ABSTAIN,NO_FINITE_SOURCE,0,1,0.0,1.0,0,0,,,,,,,,,,,,
source_08_011,p2_strong_delay,11,16385,intersection,ABSTAIN,NO_FINITE_SOURCE,1028063/1048576,1,0.9804372787475586,1.0,0,0,,,,,,,,,,,,
source_08_011,p2_strong_delay,11,16385,lag,ABSTAIN,NO_FINITE_SOURCE,1028695/1048576,1,0.9810400009155273,1.0,0,0,,,,,,,,,,,,
source_08_011,p2_strong_delay,11,65537,bridge,ABSTAIN,NO_FINITE_SOURCE,0,1,0.0,1.0,0,0,,,,,,,,,,,,
source_08_011,p2_strong_delay,11,65537,intersection,ABSTAIN,NO_FINITE_SOURCE,517249/524288,1,0.9865741729736328,1.0,0,0,,,,,,,,,,,,
source_08_011,p2_strong_delay,11,65537,lag,ABSTAIN,NO_FINITE_SOURCE,64677/65536,1,0.9868927001953125,1.0,0,0,,,,,,,,,,,,
source_08_012,p2_strong_delay,12,16385,bridge,ABSTAIN,NO_FINITE_SOURCE,0,1,0.0,1.0,0,0,,,,,,,,,,,,
source_08_012,p2_strong_delay,12,16385,intersection,ABSTAIN,NO_FINITE_SOURCE,517719/524288,1,0.9874706268310547,1.0,0,0,,,,,,,,,,,,
source_08_012,p2_strong_delay,12,16385,lag,ABSTAIN,NO_FINITE_SOURCE,518143/524288,1,0.9882793426513672,1.0,0,0,,,,,,,,,,,,
source_08_012,p2_strong_delay,12,65537,bridge,ABSTAIN,NO_FINITE_SOURCE,0,1,0.0,1.0,0,0,,,,,,,,,,,,
source_08_012,p2_strong_delay,12,65537,intersection,ABSTAIN,NO_FINITE_SOURCE,1036253/1048576,1,0.9882478713989258,1.0,0,0,,,,,,,,,,,,
source_08_012,p2_strong_delay,12,65537,lag,ABSTAIN,NO_FINITE_SOURCE,518317/524288,1,0.9886112213134766,1.0,0,0,,,,,,,,,,,,
source_08_013,p2_strong_delay,13,16385,bridge,ABSTAIN,NO_FINITE_SOURCE,0,1,0.0,1.0,0,0,,,,,,,,,,,,
source_08_013,p2_strong_delay,13,16385,intersection,ABSTAIN,NO_FINITE_SOURCE,256633/262144,1,0.9789772033691406,1.0,0,0,,,,,,,,,,,,
source_08_013,p2_strong_delay,13,16385,lag,ABSTAIN,NO_FINITE_SOURCE,1027057/1048576,1,0.9794778823852539,1.0,0,0,,,,,,,,,,,,
source_08_013,p2_strong_delay,13,65537,bridge,ABSTAIN,NO_FINITE_SOURCE,0,1,0.0,1.0,0,0,,,,,,,,,,,,
source_08_013,p2_strong_delay,13,65537,intersection,ABSTAIN,NO_FINITE_SOURCE,1032179/1048576,1,0.9843626022338867,1.0,0,0,,,,,,,,,,,,
source_08_013,p2_strong_delay,13,65537,lag,ABSTAIN,NO_FINITE_SOURCE,1032481/1048576,1,0.9846506118774414,1.0,0,0,,,,,,,,,,,,
source_08_014,p2_strong_delay,14,16385,bridge,ABSTAIN,NO_FINITE_SOURCE,0,1,0.0,1.0,0,0,,,,,,,,,,,,
source_08_014,p2_strong_delay,14,16385,intersection,ABSTAIN,NO_FINITE_SOURCE,1024619/1048576,1,0.9771528244018555,1.0,0,0,,,,,,,,,,,,
source_08_014,p2_strong_delay,14,16385,lag,ABSTAIN,NO_FINITE_SOURCE,1025107/1048576,1,0.9776182174682617,1.0,0,0,,,,,,,,,,,,
source_08_014,p2_strong_delay,14,65537,bridge,ABSTAIN,NO_FINITE_SOURCE,0,1,0.0,1.0,0,0,,,,,,,,,,,,
source_08_014,p2_strong_delay,14,65537,intersection,ABSTAIN,NO_FINITE_SOURCE,64659/65536,1,0.9866180419921875,1.0,0,0,,,,,,,,,,,,
source_08_014,p2_strong_delay,14,65537,lag,ABSTAIN,NO_FINITE_SOURCE,1034903/1048576,1,0.9869604110717773,1.0,0,0,,,,,,,,,,,,
source_08_015,p2_strong_delay,15,16385,bridge,ABSTAIN,NO_FINITE_SOURCE,0,1,0.0,1.0,0,0,,,,,,,,,,,,
source_08_015,p2_strong_delay,15,16385,intersection,ABSTAIN,NO_FINITE_SOURCE,514105/524288,1,0.9805774688720703,1.0,0,0,,,,,,,,,,,,
source_08_015,p2_strong_delay,15,16385,lag,ABSTAIN,NO_FINITE_SOURCE,1028723/1048576,1,0.9810667037963867,1.0,0,0,,,,,,,,,,,,
source_08_015,p2_strong_delay,15,65537,bridge,ABSTAIN,NO_FINITE_SOURCE,0,1,0.0,1.0,0,0,,,,,,,,,,,,
source_08_015,p2_strong_delay,15,65537,intersection,ABSTAIN,NO_FINITE_SOURCE,1036209/1048576,1,0.9882059097290039,1.0,0,0,,,,,,,,,,,,
source_08_015,p2_strong_delay,15,65537,lag,ABSTAIN,NO_FINITE_SOURCE,1036561/1048576,1,0.9885416030883789,1.0,0,0,,,,,,,,,,,,
source_08_016,p2_strong_delay,16,16385,bridge,ABSTAIN,NO_FINITE_SOURCE,0,1,0.0,1.0,0,0,,,,,,,,,,,,
source_08_016,p2_strong_delay,16,16385,intersection,ABSTAIN,NO_FINITE_SOURCE,1028655/1048576,1,0.9810018539428711,1.0,0,0,,,,,,,,,,,,
source_08_016,p2_strong_delay,16,16385,lag,ABSTAIN,NO_FINITE_SOURCE,1029063/1048576,1,0.9813909530639648,1.0,0,0,,,,,,,,,,,,
source_08_016,p2_strong_delay,16,65537,bridge,ABSTAIN,NO_FINITE_SOURCE,0,1,0.0,1.0,0,0,,,,,,,,,,,,
source_08_016,p2_strong_delay,16,65537,intersection,ABSTAIN,NO_FINITE_SOURCE,1034005/1048576,1,0.9861040115356445,1.0,0,0,,,,,,,,,,,,
source_08_016,p2_strong_delay,16,65537,lag,ABSTAIN,NO_FINITE_SOURCE,16161/16384,1,0.98638916015625,1.0,0,0,,,,,,,,,,,,
source_08_017,p2_strong_delay,17,16385,bridge,ABSTAIN,NO_FINITE_SOURCE,0,1,0.0,1.0,0,0,,,,,,,,,,,,
source_08_017,p2_strong_delay,17,16385,intersection,ABSTAIN,NO_FINITE_SOURCE,1028899/1048576,1,0.9812345504760742,1.0,0,0,,,,,,,,,,,,
source_08_017,p2_strong_delay,17,16385,lag,ABSTAIN,NO_FINITE_SOURCE,1029355/1048576,1,0.9816694259643555,1.0,0,0,,,,,,,,,,,,
source_08_017,p2_strong_delay,17,65537,bridge,ABSTAIN,NO_FINITE_SOURCE,0,1,0.0,1.0,0,0,,,,,,,,,,,,
source_08_017,p2_strong_delay,17,65537,intersection,ABSTAIN,NO_FINITE_SOURCE,1034403/1048576,1,0.9864835739135742,1.0,0,0,,,,,,,,,,,,
source_08_017,p2_strong_delay,17,65537,lag,ABSTAIN,NO_FINITE_SOURCE,1034689/1048576,1,0.9867563247680664,1.0,0,0,,,,,,,,,,,,
source_08_018,p2_strong_delay,18,16385,bridge,ABSTAIN,NO_FINITE_SOURCE,0,1,0.0,1.0,0,0,,,,,,,,,,,,
source_08_018,p2_strong_delay,18,16385,intersection,ABSTAIN,NO_FINITE_SOURCE,1033733/1048576,1,0.985844612121582,1.0,0,0,,,,,,,,,,,,
source_08_018,p2_strong_delay,18,16385,lag,ABSTAIN,NO_FINITE_SOURCE,517205/524288,1,0.9864902496337891,1.0,0,0,,,,,,,,,,,,
source_08_018,p2_strong_delay,18,65537,bridge,ABSTAIN,NO_FINITE_SOURCE,0,1,0.0,1.0,0,0,,,,,,,,,,,,
source_08_018,p2_strong_delay,18,65537,intersection,ABSTAIN,NO_FINITE_SOURCE,518107/524288,1,0.9882106781005859,1.0,0,0,,,,,,,,,,,,
source_08_018,p2_strong_delay,18,65537,lag,ABSTAIN,NO_FINITE_SOURCE,64785/65536,1,0.9885406494140625,1.0,0,0,,,,,,,,,,,,
source_08_019,p2_strong_delay,19,16385,bridge,ABSTAIN,NO_FINITE_SOURCE,0,1,0.0,1.0,0,0,,,,,,,,,,,,
source_08_019,p2_strong_delay,19,16385,intersection,ABSTAIN,NO_FINITE_SOURCE,512447/524288,1,0.9774150848388672,1.0,0,0,,,,,,,,,,,,
source_08_019,p2_strong_delay,19,16385,lag,ABSTAIN,NO_FINITE_SOURCE,512723/524288,1,0.9779415130615234,1.0,0,0,,,,,,,,,,,,
source_08_019,p2_strong_delay,19,65537,bridge,ABSTAIN,NO_FINITE_SOURCE,0,1,0.0,1.0,0,0,,,,,,,,,,,,
source_08_019,p2_strong_delay,19,65537,intersection,ABSTAIN,NO_FINITE_SOURCE,258699/262144,1,0.9868583679199219,1.0,0,0,,,,,,,,,,,,
source_08_019,p2_strong_delay,19,65537,lag,ABSTAIN,NO_FINITE_SOURCE,1035131/1048576,1,0.987177848815918,1.0,0,0,,,,,,,,,,,,
source_08_020,p2_strong_delay,20,16385,bridge,ABSTAIN,NO_FINITE_SOURCE,0,1,0.0,1.0,0,0,,,,,,,,,,,,
source_08_020,p2_strong_delay,20,16385,intersection,ABSTAIN,NO_FINITE_SOURCE,256865/262144,1,0.9798622131347656,1.0,0,0,,,,,,,,,,,,
source_08_020,p2_strong_delay,20,16385,lag,ABSTAIN,NO_FINITE_SOURCE,1027979/1048576,1,0.9803571701049805,1.0,0,0,,,,,,,,,,,,
source_08_020,p2_strong_delay,20,65537,bridge,ABSTAIN,NO_FINITE_SOURCE,0,1,0.0,1.0,0,0,,,,,,,,,,,,
source_08_020,p2_strong_delay,20,65537,intersection,ABSTAIN,NO_FINITE_SOURCE,258793/262144,1,0.9872169494628906,1.0,0,0,,,,,,,,,,,,
source_08_020,p2_strong_delay,20,65537,lag,ABSTAIN,NO_FINITE_SOURCE,1035477/1048576,1,0.9875078201293945,1.0,0,0,,,,,,,,,,,,
source_08_021,p2_strong_delay,21,16385,bridge,ABSTAIN,NO_FINITE_SOURCE,0,1,0.0,1.0,0,0,,,,,,,,,,,,
source_08_021,p2_strong_delay,21,16385,intersection,ABSTAIN,NO_FINITE_SOURCE,1029621/1048576,1,0.9819231033325195,1.0,0,0,,,,,,,,,,,,
source_08_021,p2_strong_delay,21,16385,lag,ABSTAIN,NO_FINITE_SOURCE,515021/524288,1,0.9823246002197266,1.0,0,0,,,,,,,,,,,,
source_08_021,p2_strong_delay,21,65537,bridge,ABSTAIN,NO_FINITE_SOURCE,0,1,0.0,1.0,0,0,,,,,,,,,,,,
source_08_021,p2_strong_delay,21,65537,intersection,ABSTAIN,NO_FINITE_SOURCE,258199/262144,1,0.9849510192871094,1.0,0,0,,,,,,,,,,,,
source_08_021,p2_strong_delay,21,65537,lag,ABSTAIN,NO_FINITE_SOURCE,258269/262144,1,0.9852180480957031,1.0,0,0,,,,,,,,,,,,
source_08_022,p2_strong_delay,22,16385,bridge,ABSTAIN,NO_FINITE_SOURCE,0,1,0.0,1.0,0,0,,,,,,,,,,,,
source_08_022,p2_strong_delay,22,16385,intersection,ABSTAIN,NO_FINITE_SOURCE,514237/524288,1,0.9808292388916016,1.0,0,0,,,,,,,,,,,,
source_08_022,p2_strong_delay,22,16385,lag,ABSTAIN,NO_FINITE_SOURCE,1028905/1048576,1,0.9812402725219727,1.0,0,0,,,,,,,,,,,,
source_08_022,p2_strong_delay,22,65537,bridge,ABSTAIN,NO_FINITE_SOURCE,0,1,0.0,1.0,0,0,,,,,,,,,,,,
source_08_022,p2_strong_delay,22,65537,intersection,ABSTAIN,NO_FINITE_SOURCE,516869/524288,1,0.9858493804931641,1.0,0,0,,,,,,,,,,,,
source_08_022,p2_strong_delay,22,65537,lag,ABSTAIN,NO_FINITE_SOURCE,1034023/1048576,1,0.9861211776733398,1.0,0,0,,,,,,,,,,,,
source_08_023,p2_strong_delay,23,16385,bridge,ABSTAIN,NO_FINITE_SOURCE,0,1,0.0,1.0,0,0,,,,,,,,,,,,
source_08_023,p2_strong_delay,23,16385,intersection,ABSTAIN,NO_FINITE_SOURCE,513105/524288,1,0.9786701202392578,1.0,0,0,,,,,,,,,,,,
source_08_023,p2_strong_delay,23,16385,lag,ABSTAIN,NO_FINITE_SOURCE,64167/65536,1,0.9791107177734375,1.0,0,0,,,,,,,,,,,,
source_08_023,p2_strong_delay,23,65537,bridge,ABSTAIN,NO_FINITE_SOURCE,0,1,0.0,1.0,0,0,,,,,,,,,,,,
source_08_023,p2_strong_delay,23,65537,intersection,ABSTAIN,NO_FINITE_SOURCE,517117/524288,1,0.9863224029541016,1.0,0,0,,,,,,,,,,,,
source_08_023,p2_strong_delay,23,65537,lag,ABSTAIN,NO_FINITE_SOURCE,1034565/1048576,1,0.986638069152832,1.0,0,0,,,,,,,,,,,,
source_08_024,p2_strong_delay,24,16385,bridge,ABSTAIN,NO_FINITE_SOURCE,0,1,0.0,1.0,0,0,,,,,,,,,,,,
source_08_024,p2_strong_delay,24,16385,intersection,ABSTAIN,NO_FINITE_SOURCE,515867/524288,1,0.9839382171630859,1.0,0,0,,,,,,,,,,,,
source_08_024,p2_strong_delay,24,16385,lag,ABSTAIN,NO_FINITE_SOURCE,1032383/1048576,1,0.9845571517944336,1.0,0,0,,,,,,,,,,,,
source_08_024,p2_strong_delay,24,65537,bridge,ABSTAIN,NO_FINITE_SOURCE,0,1,0.0,1.0,0,0,,,,,,,,,,,,
source_08_024,p2_strong_delay,24,65537,intersection,ABSTAIN,NO_FINITE_SOURCE,518657/524288,1,0.9892597198486328,1.0,0,0,,,,,,,,,,,,
source_08_024,p2_strong_delay,24,65537,lag,ABSTAIN,NO_FINITE_SOURCE,1037693/1048576,1,0.9896211624145508,1.0,0,0,,,,,,,,,,,,
source_08_025,p2_strong_delay,25,16385,bridge,ABSTAIN,NO_FINITE_SOURCE,0,1,0.0,1.0,0,0,,,,,,,,,,,,
source_08_025,p2_strong_delay,25,16385,intersection,ABSTAIN,NO_FINITE_SOURCE,257753/262144,1,0.9832496643066406,1.0,0,0,,,,,,,,,,,,
source_08_025,p2_strong_delay,25,16385,lag,ABSTAIN,NO_FINITE_SOURCE,1031515/1048576,1,0.983729362487793,1.0,0,0,,,,,,,,,,,,
source_08_025,p2_strong_delay,25,65537,bridge,ABSTAIN,NO_FINITE_SOURCE,0,1,0.0,1.0,0,0,,,,,,,,,,,,
source_08_025,p2_strong_delay,25,65537,intersection,ABSTAIN,NO_FINITE_SOURCE,32303/32768,1,0.985809326171875,1.0,0,0,,,,,,,,,,,,
source_08_025,p2_strong_delay,25,65537,lag,ABSTAIN,NO_FINITE_SOURCE,64625/65536,1,0.9860992431640625,1.0,0,0,,,,,,,,,,,,
source_08_026,p2_strong_delay,26,16385,bridge,ABSTAIN,NO_FINITE_SOURCE,0,1,0.0,1.0,0,0,,,,,,,,,,,,
source_08_026,p2_strong_delay,26,16385,intersection,ABSTAIN,NO_FINITE_SOURCE,1031089/1048576,1,0.9833230972290039,1.0,0,0,,,,,,,,,,,,
source_08_026,p2_strong_delay,26,16385,lag,ABSTAIN,NO_FINITE_SOURCE,515783/524288,1,0.9837779998779297,1.0,0,0,,,,,,,,,,,,
source_08_026,p2_strong_delay,26,65537,bridge,ABSTAIN,NO_FINITE_SOURCE,0,1,0.0,1.0,0,0,,,,,,,,,,,,
source_08_026,p2_strong_delay,26,65537,intersection,ABSTAIN,NO_FINITE_SOURCE,129063/131072,1,0.9846725463867188,1.0,0,0,,,,,,,,,,,,
source_08_026,p2_strong_delay,26,65537,lag,ABSTAIN,NO_FINITE_SOURCE,1032767/1048576,1,0.9849233627319336,1.0,0,0,,,,,,,,,,,,
source_08_027,p2_strong_delay,27,16385,bridge,ABSTAIN,NO_FINITE_SOURCE,0,1,0.0,1.0,0,0,,,,,,,,,,,,
source_08_027,p2_strong_delay,27,16385,intersection,ABSTAIN,NO_FINITE_SOURCE,128333/131072,1,0.9791030883789062,1.0,0,0,,,,,,,,,,,,
source_08_027,p2_strong_delay,27,16385,lag,ABSTAIN,NO_FINITE_SOURCE,1027191/1048576,1,0.9796056747436523,1.0,0,0,,,,,,,,,,,,
source_08_027,p2_strong_delay,27,65537,bridge,ABSTAIN,NO_FINITE_SOURCE,0,1,0.0,1.0,0,0,,,,,,,,,,,,
source_08_027,p2_strong_delay,27,65537,intersection,ABSTAIN,NO_FINITE_SOURCE,517051/524288,1,0.9861965179443359,1.0,0,0,,,,,,,,,,,,
source_08_027,p2_strong_delay,27,65537,lag,ABSTAIN,NO_FINITE_SOURCE,1034379/1048576,1,0.9864606857299805,1.0,0,0,,,,,,,,,,,,
source_08_028,p2_strong_delay,28,16385,bridge,ABSTAIN,NO_FINITE_SOURCE,0,1,0.0,1.0,0,0,,,,,,,,,,,,
source_08_028,p2_strong_delay,28,16385,intersection,ABSTAIN,NO_FINITE_SOURCE,1028021/1048576,1,0.9803972244262695,1.0,0,0,,,,,,,,,,,,
source_08_028,p2_strong_delay,28,16385,lag,ABSTAIN,NO_FINITE_SOURCE,1028495/1048576,1,0.9808492660522461,1.0,0,0,,,,,,,,,,,,
source_08_028,p2_strong_delay,28,65537,bridge,ABSTAIN,NO_FINITE_SOURCE,0,1,0.0,1.0,0,0,,,,,,,,,,,,
source_08_028,p2_strong_delay,28,65537,intersection,ABSTAIN,NO_FINITE_SOURCE,258485/262144,1,0.9860420227050781,1.0,0,0,,,,,,,,,,,,
source_08_028,p2_strong_delay,28,65537,lag,ABSTAIN,NO_FINITE_SOURCE,258567/262144,1,0.9863548278808594,1.0,0,0,,,,,,,,,,,,
source_08_029,p2_strong_delay,29,16385,bridge,ABSTAIN,NO_FINITE_SOURCE,0,1,0.0,1.0,0,0,,,,,,,,,,,,
source_08_029,p2_strong_delay,29,16385,intersection,ABSTAIN,NO_FINITE_SOURCE,128643/131072,1,0.9814682006835938,1.0,0,0,,,,,,,,,,,,
source_08_029,p2_strong_delay,29,16385,lag,ABSTAIN,NO_FINITE_SOURCE,1029531/1048576,1,0.981837272644043,1.0,0,0,,,,,,,,,,,,
source_08_029,p2_strong_delay,29,65537,bridge,ABSTAIN,NO_FINITE_SOURCE,0,1,0.0,1.0,0,0,,,,,,,,,,,,
source_08_029,p2_strong_delay,29,65537,intersection,ABSTAIN,NO_FINITE_SOURCE,1034709/1048576,1,0.9867753982543945,1.0,0,0,,,,,,,,,,,,
source_08_029,p2_strong_delay,29,65537,lag,ABSTAIN,NO_FINITE_SOURCE,1035011/1048576,1,0.9870634078979492,1.0,0,0,,,,,,,,,,,,
source_08_030,p2_strong_delay,30,16385,bridge,ABSTAIN,NO_FINITE_SOURCE,0,1,0.0,1.0,0,0,,,,,,,,,,,,
source_08_030,p2_strong_delay,30,16385,intersection,ABSTAIN,NO_FINITE_SOURCE,1028509/1048576,1,0.9808626174926758,1.0,0,0,,,,,,,,,,,,
source_08_030,p2_strong_delay,30,16385,lag,ABSTAIN,NO_FINITE_SOURCE,1029039/1048576,1,0.9813680648803711,1.0,0,0,,,,,,,,,,,,
source_08_030,p2_strong_delay,30,65537,bridge,ABSTAIN,NO_FINITE_SOURCE,0,1,0.0,1.0,0,0,,,,,,,,,,,,
source_08_030,p2_strong_delay,30,65537,intersection,ABSTAIN,NO_FINITE_SOURCE,518161/524288,1,0.9883136749267578,1.0,0,0,,,,,,,,,,,,
source_08_030,p2_strong_delay,30,65537,lag,ABSTAIN,NO_FINITE_SOURCE,259173/262144,1,0.9886665344238281,1.0,0,0,,,,,,,,,,,,
source_08_031,p2_strong_delay,31,16385,bridge,ABSTAIN,NO_FINITE_SOURCE,0,1,0.0,1.0,0,0,,,,,,,,,,,,
source_08_031,p2_strong_delay,31,16385,intersection,ABSTAIN,NO_FINITE_SOURCE,515339/524288,1,0.9829311370849609,1.0,0,0,,,,,,,,,,,,
source_08_031,p2_strong_delay,31,16385,lag,ABSTAIN,NO_FINITE_SOURCE,32223/32768,1,0.983367919921875,1.0,0,0,,,,,,,,,,,,
source_08_031,p2_strong_delay,31,65537,bridge,ABSTAIN,NO_FINITE_SOURCE,0,1,0.0,1.0,0,0,,,,,,,,,,,,
source_08_031,p2_strong_delay,31,65537,intersection,ABSTAIN,NO_FINITE_SOURCE,517719/524288,1,0.9874706268310547,1.0,0,0,,,,,,,,,,,,
source_08_031,p2_strong_delay,31,65537,lag,ABSTAIN,NO_FINITE_SOURCE,258937/262144,1,0.9877662658691406,1.0,0,0,,,,,,,,,,,,
