calibration_case,spectral_ratio,record_length,method,original_margin,trace_margin,improvement
0,1,128,joint,-6.327287217027717,-6.327287217027718,-8.881784197001252e-16
0,1,128,pair_coarse,-30.678975478115635,-30.678975478115632,3.552713678800501e-15
0,1,128,separate,-30.588905678446512,-30.58890567844651,3.552713678800501e-15
0,1,128,exact,-4.79035856021158,-4.79035856021158,0.0
0,1,512,joint,-1.1929367418455201,-1.19293674184552,2.220446049250313e-16
0,1,512,pair_coarse,-2.90554147876205,-2.90554147876205,0.0
0,1,512,separate,-2.8889818424467677,-2.8889818424467673,4.440892098500626e-16
0,1,512,exact,-0.8164886484376043,-0.8164886484376042,1.1102230246251565e-16
0,1,2048,joint,-0.2669153595430008,-0.2669153595430007,5.551115123125783e-17
0,1,2048,pair_coarse,-0.7704365806536979,-0.7704365806536979,0.0
0,1,2048,separate,-0.7604133352437727,-0.7604133352437726,1.1102230246251565e-16
0,1,2048,exact,-0.05700856416514302,-0.05700856416514302,0.0
0,1,8192,joint,0.04163396877677071,0.04163396877677071,0.0
0,1,8192,pair_coarse,-0.16079103086237673,-0.1607910308623767,2.7755575615628914e-17
0,1,8192,separate,-0.15276953604745525,-0.15276953604745527,-2.7755575615628914e-17
0,1,8192,exact,0.1990996647118625,0.19909966471186252,2.7755575615628914e-17
0,1,32768,joint,0.16937580796736512,0.16937580796736512,0.0
0,1,32768,pair_coarse,0.07775739888177435,0.07775739888177435,0.0
0,1,32768,separate,0.0849705770571827,0.0849705770571827,0.0
0,1,32768,exact,0.3055367443049417,0.3055367443049417,0.0
0,1,131072,joint,0.2276547740681208,0.22765477406812082,2.7755575615628914e-17
0,1,131072,pair_coarse,0.18397644666499233,0.1839764466649923,-2.7755575615628914e-17
0,1,131072,separate,0.1908244516371963,0.1908244516371963,0.0
0,1,131072,exact,0.35416694297342816,0.35416694297342816,0.0
0,1,524288,joint,0.25550614710917974,0.2555061471091796,-1.1102230246251565e-16
0,1,524288,pair_coarse,0.23416990860010548,0.23416990860010542,-5.551115123125783e-17
0,1,524288,separate,0.2408441601714413,0.2408441601714413,0.0
0,1,524288,exact,0.3774217077054061,0.3774217077054061,0.0
0,2,128,joint,-46.76961130588503,-46.76961130588502,7.105427357601002e-15
0,2,128,pair_coarse,,,
0,2,128,separate,,,
0,2,128,exact,-29.052825770421585,-29.05282577042158,3.552713678800501e-15
0,2,512,joint,-3.3462236494556543,-3.346223649455654,4.440892098500626e-16
0,2,512,pair_coarse,-9.049733350087953,-9.049733350087953,0.0
0,2,512,separate,-9.022033190461704,-9.022033190461705,-1.7763568394002505e-15
0,2,512,exact,-2.6065683728759472,-2.6065683728759472,0.0
0,2,2048,joint,-0.8858590466410864,-0.8858590466410864,0.0
0,2,2048,pair_coarse,-2.0647430171580594,-2.0647430171580594,0.0
0,2,2048,separate,-2.05253558860474,-2.05253558860474,0.0
0,2,2048,exact,-0.5894736202233195,-0.5894736202233196,-1.1102230246251565e-16
0,2,8192,joint,-0.20550664496179286,-0.20550664496179286,0.0
0,2,8192,pair_coarse,-0.6347028252951763,-0.6347028252951763,0.0
0,2,8192,separate,-0.6259215656216772,-0.6259215656216772,0.0
0,2,8192,exact,-0.015968332283359504,-0.015968332283359504,0.0
0,2,32768,joint,0.05781576676480232,0.05781576676480235,2.7755575615628914e-17
0,2,32768,pair_coarse,-0.12921649561697712,-0.12921649561697715,-2.7755575615628914e-17
0,2,32768,separate,-0.1216817728237145,-0.12168177282371448,2.7755575615628914e-17
0,2,32768,exact,0.20798648370904282,0.20798648370904282,0.0
0,2,131072,joint,0.17453160041981888,0.17453160041981888,0.0
0,2,131072,pair_coarse,0.08682279088138421,0.08682279088138421,0.0
0,2,131072,separate,0.09381912617393555,0.09381912617393555,0.0
0,2,131072,exact,0.3076125746984194,0.30761257469841946,5.551115123125783e-17
0,2,524288,joint,0.2295704418287434,0.22957044182874337,-2.7755575615628914e-17
0,2,524288,pair_coarse,0.18705305961534158,0.18705305961534158,0.0
0,2,524288,separate,0.19379859261650645,0.19379859261650645,0.0
0,2,524288,exact,0.3546690357401092,0.3546690357401092,0.0
0,4,128,joint,,,
0,4,128,pair_coarse,,,
0,4,128,separate,,,
0,4,128,exact,,,
0,4,512,joint,-10.80001776074865,-10.38988034304203,0.41013741770662016
0,4,512,pair_coarse,-52.00496076289143,-39.40974642056331,12.59521434232812
0,4,512,separate,-51.914890963222305,-39.319676620894185,12.59521434232812
0,4,512,exact,-8.549625582059424,-8.549625582059424,0.0
0,4,2048,joint,-2.3463037655941257,-2.2412236870019595,0.10508007859216617
0,4,2048,pair_coarse,-5.445333904529759,-3.9546965927606257,1.4906373117691336
0,4,2048,separate,-5.428774268214477,-3.938136956445343,1.490637311769134
0,4,2048,exact,-1.8443460978066137,-1.844346097806614,-2.220446049250313e-16
0,4,8192,joint,-0.7309886570457691,-0.688770995397775,0.04221766164799412
0,4,8192,pair_coarse,-1.677882758876688,-1.1460651781754707,0.5318175807012173
0,4,8192,separate,-1.6678595134667629,-1.1360419327655455,0.5318175807012173
0,4,8192,exact,-0.47616308274325203,-0.47616308274325203,0.0
0,4,32768,joint,-0.1702259648416537,-0.15095950003009895,0.01926646481155475
0,4,32768,pair_coarse,-0.5589059881237806,-0.32566887054815563,0.23323711757562493
0,4,32768,separate,-0.5508844933088591,-0.3176473757332342,0.23323711757562493
0,4,32768,exact,0.006817861213285564,0.006817861213285564,0.0
0,4,131072,joint,0.0677771392080189,0.07701568269444695,0.009238543486428052
0,4,131072,pair_coarse,-0.11006076017454161,-3.62968519606998e-05,0.11002446332258091
0,4,131072,separate,-0.10284758199913327,0.0071768813234476415,0.11002446332258091
0,4,131072,exact,0.21313692317329913,0.2131369231732991,-2.7755575615628914e-17
0,4,524288,joint,0.17786156740021625,0.18238925308831114,0.00452768568809489
0,4,524288,pair_coarse,0.0926075823662442,0.14613060339569794,0.05352302102945375
0,4,524288,separate,0.09945558733844814,0.15297860836790195,0.053523021029453804
0,4,524288,exact,0.30883912507103234,0.30883912507103234,0.0
1,1,128,joint,-5.443512566634524,-5.443512566634524,0.0
1,1,128,pair_coarse,-29.767790340957205,-29.7677903409572,7.105427357601002e-15
1,1,128,separate,-29.749753084513074,-29.749753084513067,7.105427357601002e-15
1,1,128,exact,-4.79035856021158,-4.79035856021158,0.0
1,1,512,joint,-0.9805476413190761,-0.9805476413190761,0.0
1,1,512,pair_coarse,-2.738017019479754,-2.738017019479753,8.881784197001252e-16
1,1,512,separate,-2.734700809074739,-2.734700809074739,0.0
1,1,512,exact,-0.8164886484376043,-0.8164886484376042,1.1102230246251565e-16
1,1,2048,joint,-0.14897298378250448,-0.14897298378250448,0.0
1,1,2048,pair_coarse,-0.6690370851827845,-0.6690370851827845,0.0
1,1,2048,separate,-0.6670298435932014,-0.6670298435932013,1.1102230246251565e-16
1,1,2048,exact,-0.05700856416514302,-0.05700856416514302,0.0
1,1,8192,joint,0.12997754853677815,0.12997754853677812,-2.7755575615628914e-17
1,1,8192,pair_coarse,-0.07964211213489913,-0.07964211213489916,-2.7755575615628914e-17
1,1,8192,separate,-0.07803573841614414,-0.07803573841614411,2.7755575615628914e-17
1,1,8192,exact,0.1990996647118625,0.19909966471186252,2.7755575615628914e-17
1,1,32768,joint,0.24571677134200337,0.24571677134200337,0.0
1,1,32768,pair_coarse,0.15072903609260685,0.1507290360926069,5.551115123125783e-17
1,1,32768,separate,0.15217353741274975,0.15217353741274975,0.0
1,1,32768,exact,0.3055367443049417,0.3055367443049417,0.0
1,1,131072,joint,0.29856435802374326,0.29856435802374326,0.0
1,1,131072,pair_coarse,0.25325383345592056,0.2532538334559206,5.551115123125783e-17
1,1,131072,separate,0.2546252056835494,0.25462520568354946,5.551115123125783e-17
1,1,131072,exact,0.35416694297342816,0.35416694297342816,0.0
1,1,524288,joint,0.32382928169813996,0.32382928169813996,0.0
1,1,524288,pair_coarse,0.3016895306687478,0.3016895306687478,0.0
1,1,524288,separate,0.30302610727496965,0.30302610727496965,0.0
1,1,524288,exact,0.3774217077054061,0.3774217077054061,0.0
1,2,128,joint,-35.6406697073013,-35.64066970730129,7.105427357601002e-15
1,2,128,pair_coarse,,,
1,2,128,separate,,,
1,2,128,exact,-29.052825770421585,-29.05282577042158,3.552713678800501e-15
1,2,512,joint,-2.9273381510109244,-2.927338151010924,4.440892098500626e-16
1,2,512,pair_coarse,-8.76950652776711,-8.76950652776711,0.0
1,2,512,separate,-8.763959331208913,-8.763959331208914,-1.7763568394002505e-15
1,2,512,exact,-2.6065683728759472,-2.6065683728759472,0.0
1,2,2048,joint,-0.719273957071435,-0.7192739570714349,1.1102230246251565e-16
1,2,2048,pair_coarse,-1.9412473782028261,-1.941247378202826,2.220446049250313e-16
1,2,2048,separate,-1.9388027350466457,-1.938802735046646,-2.220446049250313e-16
1,2,2048,exact,-0.5894736202233195,-0.5894736202233196,-1.1102230246251565e-16
1,2,8192,joint,-0.099188591340659,-0.099188591340659,0.0
1,2,8192,pair_coarse,-0.5458677959133572,-0.5458677959133572,0.0
1,2,8192,separate,-0.5441092727100719,-0.5441092727100718,1.1102230246251565e-16
1,2,8192,exact,-0.015968332283359504,-0.015968332283359504,0.0
1,2,32768,joint,0.14199601623532554,0.1419960162353255,-2.7755575615628914e-17
1,2,32768,pair_coarse,-0.05299197366788072,-0.05299197366788075,-2.7755575615628914e-17
1,2,32768,separate,-0.051483080256806424,-0.05148308025680645,-2.7755575615628914e-17
1,2,32768,exact,0.20798648370904282,0.20798648370904282,0.0
1,2,131072,joint,0.2491141596733943,0.24911415967339426,-2.7755575615628914e-17
1,2,131072,pair_coarse,0.1576007514915836,0.15760075149158356,-2.7755575615628914e-17
1,2,131072,separate,0.15900182814884783,0.1590018281488478,-2.7755575615628914e-17
1,2,131072,exact,0.3076125746984194,0.30761257469841946,5.551115123125783e-17
1,2,524288,joint,0.2996727641546097,0.2996727641546097,0.0
1,2,524288,pair_coarse,0.2552937955274053,0.2552937955274053,0.0
1,2,524288,separate,0.25664464685650035,0.25664464685650035,0.0
1,2,524288,exact,0.3546690357401092,0.3546690357401092,0.0
1,4,128,joint,,,
1,4,128,pair_coarse,,,
1,4,128,separate,,,
1,4,128,exact,,,
1,4,512,joint,-9.509413511262897,-9.336496668604974,0.17291684265792284
1,4,512,pair_coarse,-51.093775625732995,-38.49856128340488,12.595214342328113
1,4,512,separate,-51.075738369288864,-38.48052402696075,12.595214342328113
1,4,512,exact,-8.549625582059424,-8.549625582059424,0.0
1,4,2048,joint,-2.063896449671788,-2.0181163820453705,0.04578006762641751
1,4,2048,pair_coarse,-5.277809445247462,-3.787172133478329,1.4906373117691336
1,4,2048,separate,-5.274493234842448,-3.7838559230733146,1.4906373117691336
1,4,2048,exact,-1.8443460978066137,-1.844346097806614,-2.220446049250313e-16
1,4,8192,joint,-0.5881086303812584,-0.5695791627242442,0.01852946765701413
1,4,8192,pair_coarse,-1.5764832634057746,-1.0446656827045573,0.5318175807012173
1,4,8192,separate,-1.5744760218161917,-1.0426584411149742,0.5318175807012175
1,4,8192,exact,-0.47616308274325203,-0.47616308274325203,0.0
1,4,32768,joint,-0.07103169849847052,-0.06255306394693798,0.00847863455153254
1,4,32768,pair_coarse,-0.477757069396303,-0.2445199518206781,0.23323711757562493
1,4,32768,separate,-0.476150695677548,-0.24291357810192304,0.23323711757562493
1,4,32768,exact,0.006817861213285564,0.006817861213285564,0.0
1,4,131072,joint,0.14921270919198237,0.1532829279938588,0.004070218801876413
1,4,131072,pair_coarse,-0.037089122963709115,0.07293534035887185,0.11002446332258096
1,4,131072,separate,-0.035644621643566216,0.0743798416790147,0.11002446332258091
1,4,131072,exact,0.21313692317329913,0.2131369231732991,-2.7755575615628914e-17
1,4,524288,joint,0.2512434233869727,0.2532392194380596,0.0019957960510869066
1,4,524288,pair_coarse,0.16188496915717243,0.2154079901866262,0.05352302102945378
1,4,524288,separate,0.1632563413848013,0.21677936241425505,0.05352302102945375
1,4,524288,exact,0.30883912507103234,0.30883912507103234,0.0
2,1,128,joint,-5.093907093381339,-5.093907093381339,0.0
2,1,128,pair_coarse,-29.389861092359446,-29.389861092359443,3.552713678800501e-15
2,1,128,separate,-29.385778790889436,-29.38577879088943,7.105427357601002e-15
2,1,128,exact,-4.79035856021158,-4.79035856021158,0.0
2,1,512,joint,-0.8935312627657432,-0.8935312627657432,0.0
2,1,512,pair_coarse,-2.6685334530382,-2.6685334530382,0.0
2,1,512,separate,-2.6677829081505564,-2.667782908150556,4.440892098500626e-16
2,1,512,exact,-0.8164886484376043,-0.8164886484376042,1.1102230246251565e-16
2,1,2048,joint,-0.10029344233582602,-0.100293442335826,1.3877787807814457e-17
2,1,2048,pair_coarse,-0.626979951490918,-0.6269799514909179,1.1102230246251565e-16
2,1,2048,separate,-0.6265256603786744,-0.6265256603786744,0.0
2,1,2048,exact,-0.05700856416514302,-0.05700856416514302,0.0
2,1,8192,joint,0.1665385405495744,0.16653854054957437,-2.7755575615628914e-17
2,1,8192,pair_coarse,-0.04598424324687367,-0.04598424324687364,2.7755575615628914e-17
2,1,8192,separate,-0.04562067898676703,-0.045620678986767055,-2.7755575615628914e-17
2,1,8192,exact,0.1990996647118625,0.19909966471186252,2.7755575615628914e-17
2,1,32768,joint,0.2773471304841099,0.27734713048410986,-5.551115123125783e-17
2,1,32768,pair_coarse,0.1809952409453786,0.1809952409453786,0.0
2,1,32768,separate,0.18132216926071965,0.1813221692607197,5.551115123125783e-17
2,1,32768,exact,0.3055367443049417,0.3055367443049417,0.0
2,1,131072,joint,0.3279601811408136,0.3279601811408136,0.0
2,1,131072,pair_coarse,0.2819877862685851,0.28198778626858517,5.551115123125783e-17
2,1,131072,separate,0.2822981635633873,0.2822981635633874,5.551115123125783e-17
2,1,131072,exact,0.35416694297342816,0.35416694297342816,0.0
2,1,524288,joint,0.3521602497238092,0.3521602497238092,0.0
2,1,524288,pair_coarse,0.32969442121556286,0.32969442121556286,0.0
2,1,524288,separate,0.32999692335391545,0.32999692335391545,0.0
2,1,524288,exact,0.3774217077054061,0.3774217077054061,0.0
2,2,128,joint,-31.96892302104179,-31.96892302104179,0.0
2,2,128,pair_coarse,,,
2,2,128,separate,,,
2,2,128,exact,-29.052825770421585,-29.05282577042158,3.552713678800501e-15
2,2,512,joint,-2.7568925495164094,-2.756892549516409,4.440892098500626e-16
2,2,512,pair_coarse,-8.65327777459964,-8.653277774599642,-1.7763568394002505e-15
2,2,512,separate,-8.652022299370682,-8.652022299370683,-1.7763568394002505e-15
2,2,512,exact,-2.6065683728759472,-2.6065683728759472,0.0
2,2,2048,joint,-0.6505552896185887,-0.6505552896185887,0.0
2,2,2048,pair_coarse,-1.8900255000881305,-1.8900255000881307,-2.220446049250313e-16
2,2,2048,separate,-1.8894722135957505,-1.8894722135957507,-2.220446049250313e-16
2,2,2048,exact,-0.5894736202233195,-0.5894736202233196,-1.1102230246251565e-16
2,2,8192,joint,-0.05517394658995892,-0.05517394658995896,-4.163336342344337e-17
2,2,8192,pair_coarse,-0.509021984305707,-0.5090219843057069,1.1102230246251565e-16
2,2,8192,separate,-0.5086239846498248,-0.5086239846498247,1.1102230246251565e-16
2,2,8192,exact,-0.015968332283359504,-0.015968332283359504,0.0
2,2,32768,joint,0.17688624617215556,0.17688624617215562,5.551115123125783e-17
2,2,32768,pair_coarse,-0.021376580560413555,-0.021376580560413555,0.0
2,2,32768,separate,-0.021035078635816495,-0.021035078635816523,-2.7755575615628914e-17
2,2,32768,exact,0.20798648370904282,0.20798648370904282,0.0
2,2,131072,joint,0.28003931601989296,0.2800393160198929,-5.551115123125783e-17
2,2,131072,pair_coarse,0.18695709234906538,0.1869570923490654,2.7755575615628914e-17
2,2,131072,separate,0.18727419253086225,0.18727419253086222,-2.7755575615628914e-17
2,2,131072,exact,0.3076125746984194,0.30761257469841946,5.551115123125783e-17
2,2,524288,joint,0.32874500063090867,0.3287450006309087,5.551115123125783e-17
2,2,524288,pair_coarse,0.283597780080349,0.283597780080349,0.0
2,2,524288,separate,0.2839035129607133,0.2839035129607133,0.0
2,2,524288,exact,0.3546690357401092,0.3546690357401092,0.0
2,4,128,joint,,,
2,4,128,pair_coarse,,,
2,4,128,separate,,,
2,4,128,exact,,,
2,4,512,joint,-8.996354449259812,-8.916305491452029,0.08004895780778298
2,4,512,pair_coarse,-50.715846377135236,-38.12063203480712,12.595214342328113
2,4,512,separate,-50.71176407566522,-38.11654973333711,12.595214342328113
2,4,512,exact,-8.549625582059424,-8.549625582059424,0.0
2,4,2048,joint,-1.9476053875518997,-1.926117526027117,0.02148786152478266
2,4,2048,pair_coarse,-5.208325878805909,-3.7176885670367756,1.4906373117691336
2,4,2048,separate,-5.207575333918266,-3.7169380221491317,1.490637311769134
2,4,2048,exact,-1.8443460978066137,-1.844346097806614,-2.220446049250313e-16
2,4,8192,joint,-0.528912370536776,-0.5201876002803059,0.008724770256470116
2,4,8192,pair_coarse,-1.534426129713908,-1.0026085490126908,0.5318175807012171
2,4,8192,separate,-1.5339718386016648,-1.0021542579004472,0.5318175807012175
2,4,8192,exact,-0.47616308274325203,-0.47616308274325203,0.0
2,4,32768,joint,-0.029880923381492563,-0.025884117490548045,0.003996805890944519
2,4,32768,pair_coarse,-0.4440992005082775,-0.21086208293265257,0.23323711757562493
2,4,32768,separate,-0.4437356362481709,-0.210498518672546,0.23323711757562493
2,4,32768,exact,0.006817861213285564,0.006817861213285564,0.0
2,4,131072,joint,0.18300076263536874,0.18492038594498322,0.0019196233096144821
2,4,131072,pair_coarse,-0.006822918110937354,0.10320154521164356,0.11002446332258091
2,4,131072,separate,-0.006495989795596291,0.10352847352698465,0.11002446332258094
2,4,131072,exact,0.21313692317329913,0.2131369231732991,-2.7755575615628914e-17
2,4,524288,joint,0.28168691164301635,0.28262839294586367,0.0009414813028473246
2,4,524288,pair_coarse,0.190618921969837,0.24414194299929076,0.05352302102945375
2,4,524288,separate,0.19092929926463922,0.24445232029409297,0.05352302102945375
2,4,524288,exact,0.30883912507103234,0.30883912507103234,0.0
3,1,128,joint,-4.936931746013628,-4.936931746013628,0.0
3,1,128,pair_coarse,-29.216637600641217,-29.216637600641214,3.552713678800501e-15
3,1,128,separate,-29.21565884642585,-29.215658846425846,3.552713678800501e-15
3,1,128,exact,-4.79035856021158,-4.79035856021158,0.0
3,1,512,joint,-0.8538674358819316,-0.8538674358819316,0.0
3,1,512,pair_coarse,-2.636685730109372,-2.6366857301093716,4.440892098500626e-16
3,1,512,separate,-2.63650578284727,-2.6365057828472698,4.440892098500626e-16
3,1,512,exact,-0.8164886484376043,-0.8164886484376042,1.1102230246251565e-16
3,1,2048,joint,-0.07803126959539017,-0.07803126959539017,0.0
3,1,2048,pair_coarse,-0.6077031064814449,-0.607703106481445,-1.1102230246251565e-16
3,1,2048,separate,-0.6075941876903224,-0.6075941876903223,1.1102230246251565e-16
3,1,2048,exact,-0.05700856416514302,-0.05700856416514302,0.0
3,1,8192,joint,0.1832790484684318,0.1832790484684318,0.0
3,1,8192,pair_coarse,-0.030557192828810892,-0.030557192828810892,0.0
3,1,8192,separate,-0.030470026299158487,-0.030470026299158487,0.0
3,1,8192,exact,0.1990996647118625,0.19909966471186252,2.7755575615628914e-17
3,1,32768,joint,0.2918377451303002,0.29183774513030014,-5.551115123125783e-17
3,1,32768,pair_coarse,0.1948677255575354,0.19486772555753545,5.551115123125783e-17
3,1,32768,separate,0.19494610841806476,0.1949461084180648,5.551115123125783e-17
3,1,32768,exact,0.3055367443049417,0.3055367443049417,0.0
3,1,131072,joint,0.34143048138703813,0.34143048138703813,0.0
3,1,131072,pair_coarse,0.29515796469627864,0.29515796469627875,1.1102230246251565e-16
3,1,131072,separate,0.2952323793586629,0.295232379358663,5.551115123125783e-17
3,1,131072,exact,0.35416694297342816,0.35416694297342816,0.0
3,1,524288,joint,0.36514417200542204,0.36514417200542204,0.0
3,1,524288,pair_coarse,0.34253043468555855,0.34253043468555855,0.0
3,1,524288,separate,0.34260296123589906,0.34260296123589906,0.0
3,1,524288,exact,0.3774217077054061,0.3774217077054061,0.0
3,2,128,joint,-30.431364222689357,-30.431364222689357,0.0
3,2,128,pair_coarse,,,
3,2,128,separate,,,
3,2,128,exact,-29.052825770421585,-29.05282577042158,3.552713678800501e-15
3,2,512,joint,-2.679431905424457,-2.679431905424457,0.0
3,2,512,pair_coarse,-8.60000444225919,-8.600004442259191,-1.7763568394002505e-15
3,2,512,separate,-8.599703435172461,-8.599703435172463,-1.7763568394002505e-15
3,2,512,exact,-2.6065683728759472,-2.6065683728759472,0.0
3,2,2048,joint,-0.6191372418059558,-0.6191372418059559,-1.1102230246251565e-16
3,2,2048,pair_coarse,-1.8665480036722952,-1.8665480036722955,-2.220446049250313e-16
3,2,2048,separate,-1.8664153501946674,-1.8664153501946676,-2.220446049250313e-16
3,2,2048,exact,-0.5894736202233195,-0.5894736202233196,-1.1102230246251565e-16
3,2,8192,joint,-0.0350180290105786,-0.03501802901057862,-2.0816681711721685e-17
3,2,8192,pair_coarse,-0.49213374354225536,-0.49213374354225536,0.0
3,2,8192,separate,-0.49203832093719535,-0.49203832093719535,0.0
3,2,8192,exact,-0.015968332283359504,-0.015968332283359504,0.0
3,2,32768,joint,0.1928724305031883,0.1928724305031883,0.0
3,2,32768,pair_coarse,-0.006885696866072127,-0.006885696866072127,0.0
3,2,32768,separate,-0.006803819902621383,-0.006803819902621383,0.0
3,2,32768,exact,0.20798648370904282,0.20798648370904282,0.0
3,2,131072,joint,0.2942116449966173,0.2942116449966172,-5.551115123125783e-17
3,2,131072,pair_coarse,0.20041254171232947,0.20041254171232945,-2.7755575615628914e-17
3,2,131072,separate,0.20048856822382227,0.2004885682238223,2.7755575615628914e-17
3,2,131072,exact,0.3076125746984194,0.30761257469841946,5.551115123125783e-17
3,2,524288,joint,0.3420692894912046,0.34206928949120463,5.551115123125783e-17
3,2,524288,pair_coarse,0.2965708829878144,0.29657088298781437,-5.551115123125783e-17
3,2,524288,separate,0.2966441841263096,0.2966441841263096,0.0
3,2,524288,exact,0.3546690357401092,0.3546690357401092,0.0
3,4,128,joint,,,
3,4,128,pair_coarse,,,
3,4,128,separate,,,
3,4,128,exact,,,
3,4,512,joint,-8.765486205041428,-8.726917617105613,0.0385685879358153
3,4,512,pair_coarse,-50.54262288541701,-37.94740854308889,12.59521434232812
3,4,512,separate,-50.54164413120164,-37.94642978887352,12.59521434232812
3,4,512,exact,-8.549625582059424,-8.549625582059424,0.0
3,4,2048,joint,-1.8944798359699213,-1.8840578980819238,0.010421937887997501
3,4,2048,pair_coarse,-5.176478155877081,-3.6858408441079473,1.490637311769134
3,4,2048,separate,-5.17629820861498,-3.6856608968458455,1.490637311769134
3,4,2048,exact,-1.8443460978066137,-1.844346097806614,-2.220446049250313e-16
3,4,8192,joint,-0.5017959225948869,-0.49755798559794234,0.00423793699694458
3,4,8192,pair_coarse,-1.5151492847044352,-0.9833317040032179,0.5318175807012173
3,4,8192,separate,-1.5150403659133125,-0.9832227852120953,0.5318175807012172
3,4,8192,exact,-0.47616308274325203,-0.47616308274325203,0.0
3,4,32768,joint,-0.011019067638438046,-0.009076640085057217,0.001942427553380829
3,4,32768,pair_coarse,-0.42867215009021475,-0.19543503251458982,0.23323711757562493
3,4,32768,separate,-0.42858498356056235,-0.19534786598493742,0.23323711757562493
3,4,32768,exact,0.006817861213285564,0.006817861213285564,0.0
3,4,131072,joint,0.19848919073146876,0.1994223293567536,0.0009331386252848517
3,4,131072,pair_coarse,0.007049566501219462,0.1170740298238004,0.11002446332258094
3,4,131072,separate,0.007127949361748792,0.11715241268432976,0.11002446332258096
3,4,131072,exact,0.21313692317329913,0.2131369231732991,-2.7755575615628914e-17
3,4,524288,joint,0.2956418201890156,0.2960995268166507,0.0004577066276351127
3,4,524288,pair_coarse,0.20378910039753054,0.25731212142698434,0.053523021029453804
3,4,524288,separate,0.20386351505991482,0.25738653608936857,0.05352302102945375
3,4,524288,exact,0.30883912507103234,0.30883912507103234,0.0
4,1,128,joint,-4.862406392961809,-4.862406392961809,0.0
4,1,128,pair_coarse,-29.133600844253863,-29.13360084425386,3.552713678800501e-15
4,1,128,separate,-29.13335819719024,-29.133358197190237,3.552713678800501e-15
4,1,128,exact,-4.79035856021158,-4.79035856021158,0.0
4,1,512,joint,-0.8349040889941028,-0.8349040889941027,1.1102230246251565e-16
4,1,512,pair_coarse,-2.6214191425114572,-2.621419142511457,4.440892098500626e-16
4,1,512,separate,-2.6213745310307903,-2.6213745310307903,0.0
4,1,512,exact,-0.8164886484376043,-0.8164886484376042,1.1102230246251565e-16
4,1,2048,joint,-0.06737111428626738,-0.06737111428626738,0.0
4,1,2048,pair_coarse,-0.5984625198433917,-0.5984625198433917,0.0
4,1,2048,separate,-0.598435517328946,-0.5984355173289461,-1.1102230246251565e-16
4,1,2048,exact,-0.05700856416514302,-0.05700856416514302,0.0
4,1,8192,joint,0.19129984485275053,0.1912998448527506,5.551115123125783e-17
4,1,8192,pair_coarse,-0.02316205135790786,-0.02316205135790786,0.0
4,1,8192,separate,-0.023140441537858825,-0.023140441537858797,2.7755575615628914e-17
4,1,8192,exact,0.1990996647118625,0.19909966471186252,2.7755575615628914e-17
4,1,32768,joint,0.29878234404155324,0.2987823440415532,-5.551115123125783e-17
4,1,32768,pair_coarse,0.20151766728195664,0.20151766728195664,0.0
4,1,32768,separate,0.20153709950574394,0.20153709950574394,0.0
4,1,32768,exact,0.3055367443049417,0.3055367443049417,0.0
4,1,131072,joint,0.34788687820688224,0.34788687820688224,0.0
4,1,131072,pair_coarse,0.3014712475358676,0.3014712475358677,5.551115123125783e-17
4,1,131072,separate,0.3014896959870053,0.30148969598700537,5.551115123125783e-17
4,1,131072,exact,0.35416694297342816,0.35416694297342816,0.0
4,1,524288,joint,0.3713678111477782,0.3713678111477783,5.551115123125783e-17
4,1,524288,pair_coarse,0.3486835315485787,0.3486835315485787,0.0
4,1,524288,separate,0.34870151190993853,0.34870151190993853,0.0
4,1,524288,exact,0.3774217077054061,0.3774217077054061,0.0
4,2,128,joint,-29.723748290032145,-29.72374829003214,3.552713678800501e-15
4,2,128,pair_coarse,,,
4,2,128,separate,,,
4,2,128,exact,-29.052825770421585,-29.05282577042158,3.552713678800501e-15
4,2,512,joint,-2.642449718702884,-2.642449718702884,0.0
4,2,512,pair_coarse,-8.574467232059707,-8.574467232059709,-1.7763568394002505e-15
4,2,512,separate,-8.574392608130045,-8.574392608130047,-1.7763568394002505e-15
4,2,512,exact,-2.6065683728759472,-2.6065683728759472,0.0
4,2,2048,joint,-0.6040948204221077,-0.6040948204221077,0.0
4,2,2048,pair_coarse,-1.8552937844487398,-1.85529378444874,-2.220446049250313e-16
4,2,2048,separate,-1.8552608977685905,-1.8552608977685907,-2.220446049250313e-16
4,2,2048,exact,-0.5894736202233195,-0.5894736202233196,-1.1102230246251565e-16
4,2,8192,joint,-0.02536029939213741,-0.025360299392137377,3.122502256758253e-17
4,2,8192,pair_coarse,-0.484038162970731,-0.484038162970731,0.0
4,2,8192,separate,-0.4840145063523916,-0.48401450635239157,5.551115123125783e-17
4,2,8192,exact,-0.015968332283359504,-0.015968332283359504,0.0
4,2,32768,joint,0.20053423812572235,0.20053423812572238,2.7755575615628914e-17
4,2,32768,pair_coarse,6.068186829605304e-05,6.068186829602518e-05,-2.7863995832877464e-17
4,2,32768,separate,8.098032979711456e-05,8.098032979711445e-05,-1.0842021724855044e-19
4,2,32768,exact,0.20798648370904282,0.20798648370904282,0.0
4,2,131072,joint,0.30100479355337956,0.30100479355337956,0.0
4,2,131072,pair_coarse,0.20686257259311303,0.206862572593113,-2.7755575615628914e-17
4,2,131072,separate,0.2068814206445253,0.20688142064452528,-2.7755575615628914e-17
4,2,131072,exact,0.3076125746984194,0.30761257469841946,5.551115123125783e-17
4,2,524288,joint,0.3484562179321945,0.3484562179321945,0.0
4,2,524288,pair_coarse,0.30278969531534533,0.30278969531534533,0.0
4,2,524288,separate,0.3028078677081042,0.3028078677081042,0.0
4,2,524288,exact,0.3546690357401092,0.3546690357401092,0.0
4,4,128,joint,,,
4,4,128,pair_coarse,,,
4,4,128,separate,,,
4,4,128,exact,,,
4,4,512,joint,-8.655767171459592,-8.636840326033617,0.018926845425975003
4,4,512,pair_coarse,-50.45958612902965,-37.86437178670154,12.595214342328113
4,4,512,separate,-50.45934348196603,-37.86412913963792,12.595214342328113
4,4,512,exact,-8.549625582059424,-8.549625582059424,0.0
4,4,2048,joint,-1.8690539265025525,-1.8639204072329851,0.005133519269567399
4,4,2048,pair_coarse,-5.161211568279166,-3.6705742565100326,1.4906373117691332
4,4,2048,separate,-5.1611669567985,-3.670529645029366,1.4906373117691336
4,4,2048,exact,-1.8443460978066137,-1.844346097806614,-2.220446049250313e-16
4,4,8192,joint,-0.4888012550522007,-0.48671221251170277,0.0020890425404979096
4,4,8192,pair_coarse,-1.5059086980663818,-0.9740911173651646,0.5318175807012172
4,4,8192,separate,-1.505881695551936,-0.9740641148507191,0.531817580701217
4,4,8192,exact,-0.47616308274325203,-0.47616308274325203,0.0
4,4,32768,joint,-0.0019774388939121645,-0.0010196932186520421,0.0009577456752601224
4,4,32768,pair_coarse,-0.4212770086193117,-0.1880398910436868,0.23323711757562493
4,4,32768,separate,-0.42125539879926266,-0.18801828122363773,0.23323711757562493
4,4,32768,exact,0.006817861213285564,0.006817861213285564,0.0
4,4,131072,joint,0.20591408103716438,0.2063742307059952,0.0004601496688308171
4,4,131072,pair_coarse,0.013699508225640644,0.12372397154822158,0.11002446332258094
4,4,131072,separate,0.013718940449427952,0.12374340377200889,0.11002446332258094
4,4,131072,exact,0.21313692317329913,0.2131369231732991,-2.7755575615628914e-17
4,4,524288,joint,0.3023315078175454,0.30255722367118687,0.00022571585364145053
4,4,524288,pair_coarse,0.21010238323711952,0.26362540426657327,0.05352302102945375
4,4,524288,separate,0.2101208316882572,0.26364385271771096,0.05352302102945375
4,4,524288,exact,0.30883912507103234,0.30883912507103234,0.0
5,1,128,joint,-20.120933799005453,-20.120933799005453,0.0
5,1,128,pair_coarse,-40.49096836230283,-40.49096836230283,0.0
5,1,128,separate,-37.184349033123745,-37.18434903312374,7.105427357601002e-15
5,1,128,exact,-4.79035856021158,-4.79035856021158,0.0
5,1,512,joint,-3.654806582633397,-3.654806582633397,0.0
5,1,512,pair_coarse,-4.709509449015936,-4.709509449015936,0.0
5,1,512,separate,-4.101576337968272,-4.101576337968272,0.0
5,1,512,exact,-0.8164886484376043,-0.8164886484376042,1.1102230246251565e-16
5,1,2048,joint,-1.5703427975393425,-1.5703427975393425,0.0
5,1,2048,pair_coarse,-1.862345444667336,-1.8623454446673362,-2.220446049250313e-16
5,1,2048,separate,-1.4943746360798038,-1.494374636079804,-2.220446049250313e-16
5,1,2048,exact,-0.05700856416514302,-0.05700856416514302,0.0
5,1,8192,joint,-0.9199656714906652,-0.9199656714906653,-1.1102230246251565e-16
5,1,8192,pair_coarse,-1.0346338764520002,-1.0346338764520002,0.0
5,1,8192,separate,-0.7401508210730967,-0.7401508210730966,1.1102230246251565e-16
5,1,8192,exact,0.1990996647118625,0.19909966471186252,2.7755575615628914e-17
5,1,32768,joint,-0.6566817928472349,-0.6566817928472348,1.1102230246251565e-16
5,1,32768,pair_coarse,-0.7080293264077148,-0.7080293264077149,-1.1102230246251565e-16
5,1,32768,separate,-0.4432209836864389,-0.4432209836864389,0.0
5,1,32768,exact,0.3055367443049417,0.3055367443049417,0.0
5,1,131072,joint,-0.5376749202082011,-0.5376749202082011,0.0
5,1,131072,pair_coarse,-0.5620291657042983,-0.5620291657042983,0.0
5,1,131072,separate,-0.31062696773575393,-0.3106269677357539,5.551115123125783e-17
5,1,131072,exact,0.35416694297342816,0.35416694297342816,0.0
5,1,524288,joint,-0.4810406151407763,-0.48104061514077634,-5.551115123125783e-17
5,1,524288,pair_coarse,-0.49290741549515754,-0.4929074154951575,5.551115123125783e-17
5,1,524288,separate,-0.24788400770857918,-0.24788400770857913,5.551115123125783e-17
5,1,524288,exact,0.3774217077054061,0.3774217077054061,0.0
5,2,128,joint,,,
5,2,128,pair_coarse,,,
5,2,128,separate,,,
5,2,128,exact,-29.052825770421585,-29.05282577042158,3.552713678800501e-15
5,2,512,joint,-8.45403836579236,-8.454038365792362,-1.7763568394002505e-15
5,2,512,pair_coarse,-12.067323820390396,-12.067323820390397,-1.7763568394002505e-15
5,2,512,separate,-11.050402681696028,-11.050402681696031,-3.552713678800501e-15
5,2,512,exact,-2.6065683728759472,-2.6065683728759472,0.0
5,2,2048,joint,-2.729279041594756,-2.7292790415947557,4.440892098500626e-16
5,2,2048,pair_coarse,-3.3945916738599853,-3.3945916738599857,-4.440892098500626e-16
5,2,2048,separate,-2.946435695249357,-2.9464356952493573,-4.440892098500626e-16
5,2,2048,exact,-0.5894736202233195,-0.5894736202233196,-1.1102230246251565e-16
5,2,8192,joint,-1.3578184546497367,-1.357818454649737,-2.220446049250313e-16
5,2,8192,pair_coarse,-1.591312673958031,-1.5913126739580308,2.220446049250313e-16
5,2,8192,separate,-1.2689373264209027,-1.2689373264209025,2.220446049250313e-16
5,2,8192,exact,-0.015968332283359504,-0.015968332283359504,0.0
5,2,32768,joint,-0.8498556861183802,-0.8498556861183802,0.0
5,2,32768,pair_coarse,-0.9500315379886152,-0.9500315379886153,-1.1102230246251565e-16
5,2,32768,separate,-0.6734187319233934,-0.6734187319233934,0.0
5,2,32768,exact,0.20798648370904282,0.20798648370904282,0.0
5,2,131072,joint,-0.6287038608795382,-0.6287038608795381,1.1102230246251565e-16
5,2,131072,pair_coarse,-0.6753415789527198,-0.6753415789527198,0.0
5,2,131072,separate,-0.4184939163982016,-0.4184939163982016,0.0
5,2,131072,exact,0.3076125746984194,0.30761257469841946,5.551115123125783e-17
5,2,524288,joint,-0.525260733486689,-0.5252607334866891,-1.1102230246251565e-16
5,2,524288,pair_coarse,-0.5477894963870225,-0.5477894963870225,0.0
5,2,524288,separate,-0.3001492230744857,-0.3001492230744857,0.0
5,2,524288,exact,0.3546690357401092,0.3546690357401092,0.0
5,4,128,joint,,,
5,4,128,pair_coarse,,,
5,4,128,separate,,,
5,4,128,exact,,,
5,4,512,joint,-30.246202529897886,-26.05129772901653,4.194904800881357
5,4,512,pair_coarse,-61.81695364707862,-49.22173930475051,12.595214342328113
5,4,512,separate,-58.510334317899535,-45.915119975571415,12.59521434232812
5,4,512,exact,-8.549625582059424,-8.549625582059424,0.0
5,4,2048,joint,-5.502831705086422,-4.742054160948634,0.7607775441377873
5,4,2048,pair_coarse,-7.249301874783644,-5.758664563014511,1.4906373117691327
5,4,2048,separate,-6.64136876373598,-5.1507314519668475,1.4906373117691327
5,4,2048,exact,-1.8443460978066137,-1.844346097806614,-2.220446049250313e-16
5,4,8192,joint,-2.2673252108514523,-1.9808194140245314,0.2865057968269209
5,4,8192,pair_coarse,-2.7697916228903265,-2.2379740421891086,0.531817580701218
5,4,8192,separate,-2.401820814302794,-1.8700032336015766,0.5318175807012173
5,4,8192,exact,-0.47616308274325203,-0.47616308274325203,0.0
5,4,32768,joint,-1.231129254655969,-1.1032656541694645,0.12786360048650436
5,4,32768,pair_coarse,-1.4327488337134042,-1.1995117161377793,0.23323711757562493
5,4,32768,separate,-1.1382657783345005,-0.9050286607588756,0.23323711757562493
5,4,32768,exact,0.006817861213285564,0.006817861213285564,0.0
5,4,131072,joint,-0.8045203069666,-0.7437756384307659,0.060744668535834156
5,4,131072,pair_coarse,-0.8958474854640308,-0.7858230221414498,0.11002446332258098
5,4,131072,separate,-0.6310391427427549,-0.521014679420174,0.11002446332258087
5,4,131072,exact,0.21313692317329913,0.2131369231732991,-2.7755575615628914e-17
5,4,524288,joint,-0.6098234981564504,-0.580179344631429,0.029644153525021477
5,4,524288,pair_coarse,-0.6533980300030464,-0.5998750089735927,0.05352302102945372
5,4,524288,separate,-0.40199583203450207,-0.3484728110050483,0.05352302102945378
5,4,524288,exact,0.30883912507103234,0.30883912507103234,0.0
6,1,128,joint,-9.032611863357685,-9.032611863357685,0.0
6,1,128,pair_coarse,-33.153205676041374,-33.153205676041374,0.0
6,1,128,separate,-32.62743828346601,-32.62743828346601,0.0
6,1,128,exact,-4.79035856021158,-4.79035856021158,0.0
6,1,512,joint,-1.7862855679917287,-1.7862855679917287,0.0
6,1,512,pair_coarse,-3.3604370418526166,-3.360437041852616,4.440892098500626e-16
6,1,512,separate,-3.2637729342442245,-3.263772934244224,4.440892098500626e-16
6,1,512,exact,-0.8164886484376043,-0.8164886484376042,1.1102230246251565e-16
6,1,2048,joint,-0.5906629952420734,-0.5906629952420733,1.1102230246251565e-16
6,1,2048,pair_coarse,-1.0457765566008095,-1.0457765566008095,0.0
6,1,2048,separate,-0.9872675377767575,-0.9872675377767574,1.1102230246251565e-16
6,1,2048,exact,-0.05700856416514302,-0.05700856416514302,0.0
6,1,8192,joint,-0.19939469311862207,-0.1993946931186221,-2.7755575615628914e-17
6,1,8192,pair_coarse,-0.38114263346938443,-0.38114263346938443,0.0
6,1,8192,separate,-0.33431849897712346,-0.33431849897712346,0.0
6,1,8192,exact,0.1990996647118625,0.19909966471186252,2.7755575615628914e-17
6,1,32768,joint,-0.038380017985599806,-0.03838001798559978,2.7755575615628914e-17
6,1,32768,pair_coarse,-0.12038963075719844,-0.12038963075719845,-1.3877787807814457e-17
6,1,32768,separate,-0.07828390946773489,-0.0782839094677349,-1.3877787807814457e-17
6,1,32768,exact,0.3055367443049417,0.3055367443049417,0.0
6,1,131072,joint,0.03490103680923467,0.03490103680923467,0.0
6,1,131072,pair_coarse,-0.004139223182344977,-0.00413922318234498,-3.469446951953614e-18
6,1,131072,separate,0.03583486060384374,0.03583486060384374,0.0
6,1,131072,exact,0.35416694297342816,0.35416694297342816,0.0
6,1,524288,joint,0.06988420211430812,0.06988420211430811,-1.3877787807814457e-17
6,1,524288,pair_coarse,0.05082726936901714,0.05082726936901714,0.0
6,1,524288,separate,0.08978709673561666,0.08978709673561666,0.0
6,1,524288,exact,0.3774217077054061,0.3774217077054061,0.0
6,2,128,joint,-114.45678850419614,-114.45678850419614,0.0
6,2,128,pair_coarse,,,
6,2,128,separate,,,
6,2,128,exact,-29.052825770421585,-29.05282577042158,3.552713678800501e-15
6,2,512,joint,-4.536725807621849,-4.53672580762185,-8.881784197001252e-16
6,2,512,pair_coarse,-9.810660671858399,-9.8106606718584,-1.7763568394002505e-15
6,2,512,separate,-9.648965622528713,-9.648965622528715,-1.7763568394002505e-15
6,2,512,exact,-2.6065683728759472,-2.6065683728759472,0.0
6,2,2048,joint,-1.3435796838907086,-1.3435796838907086,0.0
6,2,2048,pair_coarse,-2.400082814477475,-2.4000828144774755,-4.440892098500626e-16
6,2,2048,separate,-2.3288239918298537,-2.328823991829854,-4.440892098500626e-16
6,2,2048,exact,-0.5894736202233195,-0.5894736202233196,-1.1102230246251565e-16
6,2,8192,joint,-0.4952495925789653,-0.4952495925789653,0.0
6,2,8192,pair_coarse,-0.8759252765475829,-0.8759252765475827,2.220446049250313e-16
6,2,8192,separate,-0.8246661417540865,-0.8246661417540864,1.1102230246251565e-16
6,2,8192,exact,-0.015968332283359504,-0.015968332283359504,0.0
6,2,32768,joint,-0.17104166628514783,-0.1710416662851478,2.7755575615628914e-17
6,2,32768,pair_coarse,-0.3361964016073835,-0.3361964016073835,0.0
6,2,32768,separate,-0.2922137173853169,-0.2922137173853169,0.0
6,2,32768,exact,0.20798648370904282,0.20798648370904282,0.0
6,2,131072,joint,-0.028077843292845142,-0.028077843292845142,0.0
6,2,131072,pair_coarse,-0.10536753394708655,-0.10536753394708655,0.0
6,2,131072,separate,-0.06452759672217141,-0.06452759672217141,0.0
6,2,131072,exact,0.3076125746984194,0.30761257469841946,5.551115123125783e-17
6,2,524288,joint,0.03918163511796501,0.03918163511796501,0.0
6,2,524288,pair_coarse,0.0017523093761002279,0.0017523093761002346,6.7220534694101275e-18
6,2,524288,separate,0.041128230168441984,0.041128230168441984,0.0
6,2,524288,exact,0.3546690357401092,0.3546690357401092,0.0
6,4,128,joint,,,
6,4,128,pair_coarse,,,
6,4,128,separate,,,
6,4,128,exact,,,
6,4,512,joint,-14.70360071737668,-13.554409176605104,1.149191540771577
6,4,512,pair_coarse,-54.479190960817164,-41.88397661848905,12.595214342328113
6,4,512,separate,-53.9534235682418,-41.35820922591369,12.595214342328113
6,4,512,exact,-8.549625582059424,-8.549625582059424,0.0
6,4,2048,joint,-3.1254018465596376,-2.855783539583057,0.2696183069765805
6,4,2048,pair_coarse,-5.900229467620325,-4.409592155851192,1.4906373117691327
6,4,2048,separate,-5.803565360011933,-4.3129280482428,1.4906373117691327
6,4,2048,exact,-1.8443460978066137,-1.844346097806614,-2.220446049250313e-16
6,4,8192,joint,-1.1194903770823763,-1.0131737395623348,0.1063166375200415
6,4,8192,pair_coarse,-1.9532227348237996,-1.4214051541225823,0.5318175807012173
6,4,8192,separate,-1.8947137159997476,-1.3628961352985303,0.5318175807012173
6,4,8192,exact,-0.47616308274325203,-0.47616308274325203,0.0
6,4,32768,joint,-0.43922220487986297,-0.3910238563466496,0.048198348533213364
6,4,32768,pair_coarse,-0.7792575907307883,-0.5460204731551634,0.23323711757562482
6,4,32768,separate,-0.7324334562385274,-0.4991963386629024,0.23323711757562499
6,4,32768,exact,0.006817861213285564,0.006817861213285564,0.0
6,4,131072,joint,-0.15306994025864243,-0.13002260402086213,0.023047336237780297
6,4,131072,pair_coarse,-0.3082077898135144,-0.19818332649093348,0.1100244633225809
6,4,131072,separate,-0.2661020685240508,-0.15607760520146993,0.1100244633225809
6,4,131072,exact,0.21313692317329913,0.2131369231732991,-2.7755575615628914e-17
6,4,524288,joint,-0.021236220275418452,-0.009955486300338575,0.011280733975079877
6,4,524288,pair_coarse,-0.0955080874810931,-0.04198506645163935,0.05352302102945375
6,4,524288,separate,-0.05553400369490438,-0.002010982665450634,0.05352302102945375
6,4,524288,exact,0.30883912507103234,0.30883912507103234,0.0
7,1,128,joint,-6.4964792764316766,-6.496479276431677,-8.881784197001252e-16
7,1,128,pair_coarse,-30.84680295509545,-30.846802955095445,3.552713678800501e-15
7,1,128,separate,-30.737853698540402,-30.737853698540395,7.105427357601002e-15
7,1,128,exact,-4.79035856021158,-4.79035856021158,0.0
7,1,512,joint,-1.2324389317960116,-1.2324389317960118,-2.220446049250313e-16
7,1,512,pair_coarse,-2.9363971261900073,-2.9363971261900073,0.0
7,1,512,separate,-2.9163664380792342,-2.9163664380792342,0.0
7,1,512,exact,-0.8164886484376043,-0.8164886484376042,1.1102230246251565e-16
7,1,2048,joint,-0.28872185514280657,-0.2887218551428066,-5.551115123125783e-17
7,1,2048,pair_coarse,-0.7891129404821513,-0.7891129404821512,1.1102230246251565e-16
7,1,2048,separate,-0.7769887308170718,-0.7769887308170719,-1.1102230246251565e-16
7,1,2048,exact,-0.05700856416514302,-0.05700856416514302,0.0
7,1,8192,joint,0.025334538898236975,0.025334538898236978,3.469446951953614e-18
7,1,8192,pair_coarse,-0.1757375194894235,-0.1757375194894235,0.0
7,1,8192,separate,-0.16603464572089816,-0.16603464572089816,0.0
7,1,8192,exact,0.1990996647118625,0.19909966471186252,2.7755575615628914e-17
7,1,32768,joint,0.1553035352413421,0.15530353524134208,-2.7755575615628914e-17
7,1,32768,pair_coarse,0.06431705041167973,0.06431705041167973,0.0
7,1,32768,separate,0.0730421769523934,0.07304217695239346,5.551115123125783e-17
7,1,32768,exact,0.3055367443049417,0.3055367443049417,0.0
7,1,131072,joint,0.21458910824334582,0.21458910824334584,2.7755575615628914e-17
7,1,131072,pair_coarse,0.1712165271242343,0.1712165271242343,0.0
7,1,131072,separate,0.17949993680592208,0.17949993680592202,-5.551115123125783e-17
7,1,131072,exact,0.35416694297342816,0.35416694297342816,0.0
7,1,524288,joint,0.24291955683593155,0.24291955683593155,0.0
7,1,524288,pair_coarse,0.22173374457997116,0.22173374457997116,0.0
7,1,524288,separate,0.22980698055284607,0.22980698055284607,0.0
7,1,524288,exact,0.3774217077054061,0.3774217077054061,0.0
7,2,128,joint,-49.26886375708036,-49.26886375708036,0.0
7,2,128,pair_coarse,,,
7,2,128,separate,,,
7,2,128,exact,-29.052825770421585,-29.05282577042158,3.552713678800501e-15
7,2,512,joint,-3.424569324591272,-3.424569324591272,0.0
7,2,512,pair_coarse,-9.101347186458069,-9.10134718645807,-1.7763568394002505e-15
7,2,512,separate,-9.06784081907608,-9.06784081907608,0.0
7,2,512,exact,-2.6065683728759472,-2.6065683728759472,0.0
7,2,2048,joint,-0.9166713491459677,-0.9166713491459676,1.1102230246251565e-16
7,2,2048,pair_coarse,-2.0874891756045213,-2.0874891756045217,-4.440892098500626e-16
7,2,2048,separate,-2.072722957957554,-2.072722957957554,0.0
7,2,2048,exact,-0.5894736202233195,-0.5894736202233196,-1.1102230246251565e-16
7,2,8192,joint,-0.2251161628902379,-0.22511616289023786,2.7755575615628914e-17
7,2,8192,pair_coarse,-0.6510649873197596,-0.6510649873197596,0.0
7,2,8192,separate,-0.6404430950033662,-0.6404430950033662,0.0
7,2,8192,exact,-0.015968332283359504,-0.015968332283359504,0.0
7,2,32768,joint,0.04230312489512447,0.04230312489512442,-5.551115123125783e-17
7,2,32768,pair_coarse,-0.14325597967024373,-0.14325597967024373,0.0
7,2,32768,separate,-0.13414190980787055,-0.13414190980787052,2.7755575615628914e-17
7,2,32768,exact,0.20798648370904282,0.20798648370904282,0.0
7,2,131072,joint,0.1607917810474942,0.1607917810474942,0.0
7,2,131072,pair_coarse,0.07378648676427586,0.07378648676427589,2.7755575615628914e-17
7,2,131072,separate,0.082249318163185,0.08224931816318502,2.7755575615628914e-17
7,2,131072,exact,0.3076125746984194,0.30761257469841946,5.551115123125783e-17
7,2,524288,joint,0.21665745705787298,0.21665745705787298,0.0
7,2,524288,pair_coarse,0.17448407657520654,0.17448407657520654,0.0
7,2,524288,separate,0.1826435352199935,0.1826435352199935,0.0
7,2,524288,exact,0.3546690357401092,0.3546690357401092,0.0
7,4,128,joint,,,
7,4,128,pair_coarse,,,
7,4,128,separate,,,
7,4,128,exact,,,
7,4,512,joint,-11.046127083675433,-10.59024757725153,0.4558795064239032
7,4,512,pair_coarse,-52.17278823987124,-39.577573897543125,12.595214342328113
7,4,512,separate,-52.06383898331619,-39.468624640988075,12.595214342328113
7,4,512,exact,-8.549625582059424,-8.549625582059424,0.0
7,4,2048,joint,-2.3986120505456254,-2.2825126250671897,0.11609942547843577
7,4,2048,pair_coarse,-5.476189551957717,-3.985552240188583,1.4906373117691336
7,4,2048,separate,-5.456158863846944,-3.9655215520778095,1.490637311769134
7,4,2048,exact,-1.8443460978066137,-1.844346097806614,-2.220446049250313e-16
7,4,8192,joint,-0.7573239033871283,-0.7107410622192556,0.0465828411678727
7,4,8192,pair_coarse,-1.6965591187051414,-1.164741538003924,0.5318175807012173
7,4,8192,separate,-1.6844349090400619,-1.1526173283388448,0.5318175807012171
7,4,8192,exact,-0.47616308274325203,-0.47616308274325203,0.0
7,4,32768,joint,-0.188491036113344,-0.16724259574315475,0.021248440370189248
7,4,32768,pair_coarse,-0.5738524767508274,-0.34061535917520247,0.23323711757562493
7,4,32768,separate,-0.564149602982302,-0.33091248540667706,0.23323711757562493
7,4,32768,exact,0.006817861213285564,0.006817861213285564,0.0
7,4,131072,joint,0.052782907650456234,0.06296978216334648,0.010186874512890243
7,4,131072,pair_coarse,-0.12350110864463629,-0.01347664532205532,0.11002446332258096
7,4,131072,separate,-0.11477598210392256,-0.004751518781341597,0.11002446332258096
7,4,131072,exact,0.21313692317329913,0.2131369231732991,-2.7755575615628914e-17
7,4,524288,joint,0.1643487087102262,0.1693406959886585,0.004991987278432308
7,4,524288,pair_coarse,0.07984766282548614,0.13337068385493994,0.053523021029453804
7,4,524288,separate,0.08813107250717392,0.14165409353662767,0.05352302102945375
7,4,524288,exact,0.30883912507103234,0.30883912507103234,0.0
8,1,128,joint,-5.565115948367902,-5.565115948367902,0.0
8,1,128,pair_coarse,-29.896807807983627,-29.89680780798362,7.105427357601002e-15
8,1,128,separate,-29.871807598048008,-29.871807598048,7.105427357601002e-15
8,1,128,exact,-4.79035856021158,-4.79035856021158,0.0
8,1,512,joint,-1.0104010051729966,-1.0104010051729966,0.0
8,1,512,pair_coarse,-2.761737315740265,-2.7617373157402647,4.440892098500626e-16
8,1,512,separate,-2.757140942862115,-2.7571409428621148,4.440892098500626e-16
8,1,512,exact,-0.8164886484376043,-0.8164886484376042,1.1102230246251565e-16
8,1,2048,joint,-0.16562443466857688,-0.16562443466857688,0.0
8,1,2048,pair_coarse,-0.6833945472724452,-0.6833945472724451,1.1102230246251565e-16
8,1,2048,separate,-0.6806124467192642,-0.6806124467192641,1.1102230246251565e-16
8,1,2048,exact,-0.05700856416514302,-0.05700856416514302,0.0
8,1,8192,joint,0.11748501939426192,0.11748501939426192,0.0
8,1,8192,pair_coarse,-0.09113223364719919,-0.09113223364719916,2.7755575615628914e-17
8,1,8192,separate,-0.08890574868656625,-0.08890574868656628,-2.7755575615628914e-17
8,1,8192,exact,0.1990996647118625,0.19909966471186252,2.7755575615628914e-17
8,1,32768,joint,0.23491411455465244,0.23491411455465244,0.0
8,1,32768,pair_coarse,0.14039676067043255,0.14039676067043255,0.0
8,1,32768,separate,0.14239888534874529,0.14239888534874529,0.0
8,1,32768,exact,0.3055367443049417,0.3055367443049417,0.0
8,1,131072,joint,0.28852708394879856,0.2885270839487986,5.551115123125783e-17
8,1,131072,pair_coarse,0.2434446381546794,0.24344463815467937,-2.7755575615628914e-17
8,1,131072,separate,0.2453454035896441,0.24534540358964407,-2.7755575615628914e-17
8,1,131072,exact,0.35416694297342816,0.35416694297342816,0.0
8,1,524288,joint,0.3141566424460874,0.3141566424460874,0.0
8,1,524288,pair_coarse,0.2921292226055108,0.2921292226055108,0.0
8,1,524288,separate,0.2939817602047893,0.2939817602047893,0.0
8,1,524288,exact,0.3774217077054061,0.3774217077054061,0.0
8,2,128,joint,-37.004744578519116,-37.004744578519116,0.0
8,2,128,pair_coarse,,,
8,2,128,separate,,,
8,2,128,exact,-29.052825770421585,-29.05282577042158,3.552713678800501e-15
8,2,512,joint,-2.985973359599128,-2.985973359599128,0.0
8,2,512,pair_coarse,-8.809184693415691,-8.809184693415693,-1.7763568394002505e-15
8,2,512,separate,-8.80149610291754,-8.801496102917541,-1.7763568394002505e-15
8,2,512,exact,-2.6065683728759472,-2.6065683728759472,0.0
8,2,2048,joint,-0.7427854886920267,-0.7427854886920268,-1.1102230246251565e-16
8,2,2048,pair_coarse,-1.958733500261952,-1.9587335002619521,-2.220446049250313e-16
8,2,2048,separate,-1.9553451472543046,-1.9553451472543049,-2.220446049250313e-16
8,2,2048,exact,-0.5894736202233195,-0.5894736202233196,-1.1102230246251565e-16
8,2,8192,joint,-0.11422608984719795,-0.11422608984719793,2.7755575615628914e-17
8,2,8192,pair_coarse,-0.558446217143759,-0.5584462171437589,1.1102230246251565e-16
8,2,8192,separate,-0.5560088481683294,-0.5560088481683294,0.0
8,2,8192,exact,-0.015968332283359504,-0.015968332283359504,0.0
8,2,32768,joint,0.13008155019137402,0.13008155019137407,5.551115123125783e-17
8,2,32768,pair_coarse,-0.06378483490554421,-0.06378483490554424,-2.7755575615628914e-17
8,2,32768,separate,-0.06169346074539006,-0.06169346074539009,-2.7755575615628914e-17
8,2,32768,exact,0.20798648370904282,0.20798648370904282,0.0
8,2,131072,joint,0.23855556099849157,0.2385555609984915,-5.551115123125783e-17
8,2,131072,pair_coarse,0.14757908539230868,0.14757908539230866,-2.7755575615628914e-17
8,2,131072,separate,0.1495210221095692,0.14952102210956916,-2.7755575615628914e-17
8,2,131072,exact,0.3076125746984194,0.30761257469841946,5.551115123125783e-17
8,2,524288,joint,0.2897475013231113,0.2897475013231113,0.0
8,2,524288,pair_coarse,0.24563138276807311,0.24563138276807311,0.0
8,2,524288,separate,0.24750370558633494,0.24750370558633494,0.0
8,2,524288,exact,0.3546690357401092,0.3546690357401092,0.0
8,4,128,joint,,,
8,4,128,pair_coarse,,,
8,4,128,separate,,,
8,4,128,exact,,,
8,4,512,joint,-9.687522516015093,-9.482159983074887,0.20536253294020668
8,4,512,pair_coarse,-51.22279309275942,-38.627578750431304,12.595214342328113
8,4,512,separate,-51.1977928828238,-38.602578540495685,12.595214342328113
8,4,512,exact,-8.549625582059424,-8.549625582059424,0.0
8,4,2048,joint,-2.103712980922329,-2.049596133095118,0.054116847827211156
8,4,2048,pair_coarse,-5.3015297415079745,-3.8108924297388405,1.490637311769134
8,4,2048,separate,-5.296933368629825,-3.8062960568606905,1.490637311769134
8,4,2048,exact,-1.8443460978066137,-1.844346097806614,-2.220446049250313e-16
8,4,8192,joint,-0.6083270013236729,-0.5864465619241684,0.02188043939950446
8,4,8192,pair_coarse,-1.5908407254954353,-1.059023144794218,0.5318175807012173
8,4,8192,separate,-1.5880586249422541,-1.056241044241037,0.5318175807012171
8,4,8192,exact,-0.47616308274325203,-0.47616308274325203,0.0
8,4,32768,joint,-0.08507905115654105,-0.07507094227637769,0.01000810888016336
8,4,32768,pair_coarse,-0.489247190908603,-0.2560100733329781,0.23323711757562493
8,4,32768,separate,-0.4870207059479702,-0.2537835883723452,0.23323711757562499
8,4,32768,exact,0.006817861213285564,0.006817861213285564,0.0
8,4,131072,joint,0.1376794842769694,0.1424831508448301,0.004803666567860687
8,4,131072,pair_coarse,-0.04742139838588347,0.0626030649366975,0.11002446332258096
8,4,131072,separate,-0.045419273707570734,0.06460518961501023,0.11002446332258096
8,4,131072,exact,0.21313692317329913,0.2131369231732991,-2.7755575615628914e-17
8,4,524288,joint,0.24085150398501495,0.24320676235521993,0.0023552583702049767
8,4,524288,pair_coarse,0.15207577385593127,0.20559879488538502,0.05352302102945375
8,4,524288,separate,0.15397653929089597,0.20749956032034972,0.05352302102945375
8,4,524288,exact,0.30883912507103234,0.30883912507103234,0.0
9,1,128,joint,-5.160501188195235,-5.160501188195236,-8.881784197001252e-16
9,1,128,pair_coarse,-29.46267428683453,-29.462674286834527,3.552713678800501e-15
9,1,128,separate,-29.45666249492984,-29.456662494929837,3.552713678800501e-15
9,1,128,exact,-4.79035856021158,-4.79035856021158,0.0
9,1,512,joint,-0.9102453210288859,-0.9102453210288859,0.0
9,1,512,pair_coarse,-2.681920404312554,-2.6819204043125535,4.440892098500626e-16
9,1,512,separate,-2.6808151161037364,-2.680815116103736,4.440892098500626e-16
9,1,512,exact,-0.8164886484376043,-0.8164886484376042,1.1102230246251565e-16
9,1,2048,joint,-0.1096607020520253,-0.1096607020520253,0.0
9,1,2048,pair_coarse,-0.6350828285927372,-0.6350828285927371,1.1102230246251565e-16
9,1,2048,separate,-0.6344138178273588,-0.6344138178273587,1.1102230246251565e-16
9,1,2048,exact,-0.05700856416514302,-0.05700856416514302,0.0
9,1,8192,joint,0.15949851450430536,0.15949851450430536,0.0
9,1,8192,pair_coarse,-0.052468888089932886,-0.052468888089932914,-2.7755575615628914e-17
9,1,8192,separate,-0.051933486015441566,-0.05193348601544159,-2.7755575615628914e-17
9,1,8192,exact,0.1990996647118625,0.19909966471186252,2.7755575615628914e-17
9,1,32768,joint,0.2712547470149066,0.2712547470149066,0.0
9,1,32768,pair_coarse,0.17516404616978404,0.17516404616978404,0.0
9,1,32768,separate,0.17564549640417243,0.17564549640417243,0.0
9,1,32768,exact,0.3055367443049417,0.3055367443049417,0.0
9,1,131072,joint,0.3222974207039619,0.3222974207039619,0.0
9,1,131072,pair_coarse,0.27645180062590397,0.276451800625904,5.551115123125783e-17
9,1,131072,separate,0.2769088770378247,0.27690887703782474,5.551115123125783e-17
9,1,131072,exact,0.35416694297342816,0.35416694297342816,0.0
9,1,524288,joint,0.34670225913229935,0.34670225913229935,0.0
9,1,524288,pair_coarse,0.32429889930450534,0.32429889930450534,0.0
9,1,524288,separate,0.3247443783853274,0.3247443783853274,0.0
9,1,524288,exact,0.3774217077054061,0.3774217077054061,0.0
9,2,128,joint,-32.64124018027917,-32.64124018027917,0.0
9,2,128,pair_coarse,,,
9,2,128,separate,,,
9,2,128,exact,-29.052825770421585,-29.05282577042158,3.552713678800501e-15
9,2,512,joint,-2.789577644830295,-2.7895776448302945,4.440892098500626e-16
9,2,512,pair_coarse,-8.675670819962972,-8.675670819962974,-1.7763568394002505e-15
9,2,512,separate,-8.67382194724413,-8.673821947244132,-1.7763568394002505e-15
9,2,512,exact,-2.6065683728759472,-2.6065683728759472,0.0
9,2,2048,joint,-0.6637766975336621,-0.663776697533662,1.1102230246251565e-16
9,2,2048,pair_coarse,-1.899894089477236,-1.8998940894772363,-2.220446049250313e-16
9,2,2048,separate,-1.8990792933921603,-1.8990792933921605,-2.220446049250313e-16
9,2,2048,exact,-0.5894736202233195,-0.5894736202233196,-1.1102230246251565e-16
9,2,8192,joint,-0.06364982301270411,-0.0636498230127041,1.3877787807814457e-17
9,2,8192,pair_coarse,-0.5161208295423074,-0.5161208295423074,0.0
9,2,8192,separate,-0.5155347162611403,-0.5155347162611403,0.0
9,2,8192,exact,-0.015968332283359504,-0.015968332283359504,0.0
9,2,32768,joint,0.1701654660797771,0.17016546607977714,5.551115123125783e-17
9,2,32768,pair_coarse,-0.027467714748311167,-0.027467714748311195,-2.7755575615628914e-17
9,2,32768,separate,-0.026964802721649306,-0.026964802721649334,-2.7755575615628914e-17
9,2,32768,exact,0.20798648370904282,0.20798648370904282,0.0
9,2,131072,joint,0.27408165790380246,0.2740816579038025,5.551115123125783e-17
9,2,131072,pair_coarse,0.18130119520994842,0.18130119520994833,-8.326672684688674e-17
9,2,131072,separate,0.18176817206599533,0.1817681720659953,-2.7755575615628914e-17
9,2,131072,exact,0.3076125746984194,0.30761257469841946,5.551115123125783e-17
9,2,524288,joint,0.32314405150499065,0.32314405150499065,0.0
9,2,524288,pair_coarse,0.2781446336532865,0.27814463365328645,-5.551115123125783e-17
9,2,524288,separate,0.2785948704789284,0.2785948704789284,0.0
9,2,524288,exact,0.3546690357401092,0.3546690357401092,0.0
9,4,128,joint,,,
9,4,128,pair_coarse,,,
9,4,128,separate,,,
9,4,128,exact,,,
9,4,512,joint,-9.094201003947651,-8.99651223041647,0.09768877353118022
9,4,512,pair_coarse,-50.788659571610324,-38.193445229282204,12.59521434232812
9,4,512,separate,-50.782647779705634,-38.187433437377514,12.59521434232812
9,4,512,exact,-8.549625582059424,-8.549625582059424,0.0
9,4,2048,joint,-1.9699698663901661,-1.9438173267911405,0.026152539599025637
9,4,2048,pair_coarse,-5.221712830080263,-3.7310755183111293,1.490637311769134
9,4,2048,separate,-5.220607541871446,-3.7299702301023117,1.490637311769134
9,4,2048,exact,-1.8443460978066137,-1.844346097806614,-2.220446049250313e-16
9,4,8192,joint,-0.5403137214821048,-0.5297014730132876,0.010612248468817143
9,4,8192,pair_coarse,-1.5425290068157271,-1.01071142611451,0.5318175807012171
9,4,8192,separate,-1.541859996050349,-1.0100424153491316,0.5318175807012173
9,4,8192,exact,-0.47616308274325203,-0.47616308274325203,0.0
9,4,32768,joint,-0.03780933035154238,-0.03294895225591693,0.0048603780956254505
9,4,32768,pair_coarse,-0.4505838453513368,-0.21734672777571185,0.23323711757562493
9,4,32768,separate,-0.45004844327684546,-0.21681132570122053,0.23323711757562493
9,4,32768,exact,0.006817861213285564,0.006817861213285564,0.0
9,4,131072,joint,0.17649061721721288,0.17882478445990244,0.002334167242689561
9,4,131072,pair_coarse,-0.012654112886531926,0.09737035043604898,0.11002446332258091
9,4,131072,separate,-0.012172662652143562,0.09785180067043737,0.11002446332258094
9,4,131072,exact,0.21313692317329913,0.2131369231732991,-2.7755575615628914e-17
9,4,524288,joint,0.27582127955100305,0.276966024502121,0.0011447449511179375
9,4,524288,pair_coarse,0.18508293632715586,0.2386059573566096,0.05352302102945375
9,4,524288,separate,0.18554001273907653,0.23906303376853033,0.053523021029453804
9,4,524288,exact,0.30883912507103234,0.30883912507103234,0.0
10,1,128,joint,-7.244043039786789,-7.244043039786789,0.0
10,1,128,pair_coarse,-31.431344929809026,-31.431344929809026,0.0
10,1,128,separate,-31.309089202887247,-31.309089202887247,0.0
10,1,128,exact,-5.521337258508663,-5.521337258508663,0.0
10,1,512,joint,-1.3903311512859986,-1.3903311512859986,0.0
10,1,512,pair_coarse,-3.0439744030894316,-3.043974403089431,4.440892098500626e-16
10,1,512,separate,-3.021497275542547,-3.021497275542547,0.0
10,1,512,exact,-0.9919548748381237,-0.9919548748381238,-1.1102230246251565e-16
10,1,2048,joint,-0.37119271446720414,-0.3711927144672042,-5.551115123125783e-17
10,1,2048,pair_coarse,-0.8542793782441027,-0.8542793782441026,1.1102230246251565e-16
10,1,2048,separate,-0.8406743834710781,-0.840674383471078,1.1102230246251565e-16
10,1,2048,exact,-0.1525491429232047,-0.1525491429232047,0.0
10,1,8192,joint,-0.03418945551206022,-0.03418945551206022,0.0
10,1,8192,pair_coarse,-0.2279157618225398,-0.22791576182253984,-2.7755575615628914e-17
10,1,8192,separate,-0.21702783175941026,-0.21702783175941026,0.0
10,1,8192,exact,0.1286284796752969,0.12862847967529686,-2.7755575615628914e-17
10,1,32768,joint,0.10496652775672496,0.10496652775672496,0.0
10,1,32768,pair_coarse,0.01738350464994448,0.017383504649944467,-1.3877787807814457e-17
10,1,32768,separate,0.027174270750128904,0.02717427075012889,-1.3877787807814457e-17
10,1,32768,exact,0.24522710833076555,0.2452271083307656,5.551115123125783e-17
10,1,131072,joint,0.16838458070921666,0.16838458070921666,0.0
10,1,131072,pair_coarse,0.1266523778999249,0.12665237789992487,-2.7755575615628914e-17
10,1,131072,separate,0.13594747824339498,0.13594747824339495,-2.7755575615628914e-17
10,1,131072,exact,0.2984540491133542,0.2984540491133542,0.0
10,1,524288,joint,0.19867725274337542,0.19867725274337542,0.0
10,1,524288,pair_coarse,0.17829698012204187,0.17829698012204187,0.0
10,1,524288,separate,0.18735623728160017,0.18735623728160017,0.0
10,1,524288,exact,0.3238973976784488,0.3238973976784488,0.0
10,2,128,joint,-63.26493371453434,-63.26493371453434,0.0
10,2,128,pair_coarse,,,
10,2,128,separate,,,
10,2,128,exact,-36.83822188842033,-36.83822188842033,0.0
10,2,512,joint,-3.7562090938783665,-3.7562090938783665,0.0
10,2,512,pair_coarse,-9.281208839994354,-9.281208839994356,-1.7763568394002505e-15
10,2,512,separate,-9.243610186912003,-9.243610186912004,-1.7763568394002505e-15
10,2,512,exact,-2.9605331724945856,-2.960533172494586,-4.440892098500626e-16
10,2,2048,joint,-1.0384032887067898,-1.0384032887067896,2.220446049250313e-16
10,2,2048,pair_coarse,-2.166827507502325,-2.1668275075023256,-4.440892098500626e-16
10,2,2048,separate,-2.150257824244293,-2.1502578242442936,-4.440892098500626e-16
10,2,2048,exact,-0.7277593865164391,-0.7277593865164392,-1.1102230246251565e-16
10,2,8192,joint,-0.29894819713315757,-0.29894819713315757,0.0
10,2,8192,pair_coarse,-0.7081729019546092,-0.708172901954609,2.220446049250313e-16
10,2,8192,separate,-0.6962537094104231,-0.6962537094104231,0.0
10,2,8192,exact,-0.10232405696507851,-0.10232405696507857,-5.551115123125783e-17
10,2,32768,joint,-0.014239321611030906,-0.014239321611030907,-1.734723475976807e-18
10,2,32768,pair_coarse,-0.19227584145266918,-0.19227584145266918,0.0
10,2,32768,separate,-0.18204862860631704,-0.18204862860631701,2.7755575615628914e-17
10,2,32768,exact,0.1407313209405269,0.14073132094052693,2.7755575615628914e-17
10,2,131072,joint,0.11168699334209434,0.11168699334209432,-1.3877787807814457e-17
10,2,131072,pair_coarse,0.028259908357478866,0.02825990835747886,-6.938893903907228e-18
10,2,131072,separate,0.03775634401206572,0.037756344012065714,-6.938893903907228e-18
10,2,131072,exact,0.2486414224861327,0.24864142248613277,8.326672684688674e-17
10,2,524288,joint,0.1710119007278585,0.1710119007278585,0.0
10,2,524288,pair_coarse,0.13058480837511444,0.13058480837511444,0.0
10,2,524288,separate,0.13974081897535745,0.13974081897535745,0.0
10,2,524288,exact,0.2995654577328115,0.2995654577328115,0.0
10,4,128,joint,,,
10,4,128,pair_coarse,,,
10,4,128,separate,,,
10,4,128,exact,,,
10,4,512,joint,-12.162367911037295,-11.483712688506234,0.6786552225310611
10,4,512,pair_coarse,-52.75733021458482,-40.162115872256706,12.595214342328113
10,4,512,separate,-52.63507448766304,-40.03986014533493,12.595214342328113
10,4,512,exact,-9.643409065596781,-9.438239253720951,0.20516981187583028
10,4,2048,joint,-2.6161073041811593,-2.448058295846408,0.16804900833475145
10,4,2048,pair_coarse,-5.58376682885714,-4.093129517088007,1.4906373117691327
10,4,2048,separate,-5.5612897013102565,-4.070652389541123,1.4906373117691336
10,4,2048,exact,-2.085208058087134,-2.0311405068012496,0.05406755128588436
10,4,8192,joint,-0.8607448302891411,-0.7937287840162456,0.06701604627289548
10,4,8192,pair_coarse,-1.7617255564670928,-1.2299079757658755,0.5318175807012173
10,4,8192,separate,-1.7481205616940683,-1.216302980992851,0.5318175807012173
10,4,8192,exact,-0.5952306793869075,-0.5733700342791511,0.021860645107756427
10,4,32768,joint,-0.25708896739063036,-0.2265865204519959,0.030502446938634464
10,4,32768,pair_coarse,-0.6260307190839438,-0.39279360150831877,0.23323711757562504
10,4,32768,separate,-0.6151427890208141,-0.38190567144518917,0.23323711757562493
10,4,32768,exact,-0.07392642656956089,-0.063927348967604,0.009999077601956882
10,4,131072,joint,-0.0018064070178833852,0.012803553562678862,0.014609960580562248
10,4,131072,pair_coarse,-0.17043465440637148,-0.060410191083790574,0.11002446332258091
10,4,131072,separate,-0.16064388830618712,-0.05061942498360615,0.11002446332258096
10,4,131072,exact,0.14799678356289248,0.15279611993768,0.004799336374787522
10,4,524288,joint,0.11608242754173376,0.12323888541495913,0.007156457873225372
10,4,524288,pair_coarse,0.035283513601176736,0.08880653463063051,0.05352302102945378
10,4,524288,separate,0.04457861394464682,0.0981016349741006,0.05352302102945378
10,4,524288,exact,0.2507805590871358,0.25313369538741304,0.0023531363002772254
11,1,128,joint,-6.252390690113597,-6.252390690113597,0.0
11,1,128,pair_coarse,-30.496525509994196,-30.496525509994196,0.0
11,1,128,separate,-30.464414935459587,-30.464414935459583,3.552713678800501e-15
11,1,128,exact,-5.521337258508663,-5.521337258508663,0.0
11,1,512,joint,-1.165607829342762,-1.165607829342762,0.0
11,1,512,pair_coarse,-2.872104701264126,-2.8721047012641256,4.440892098500626e-16
11,1,512,separate,-2.8662010638837687,-2.8662010638837687,0.0
11,1,512,exact,-0.9919548748381237,-0.9919548748381238,-1.1102230246251565e-16
11,1,2048,joint,-0.2483673572580667,-0.24836735725806675,-5.551115123125783e-17
11,1,2048,pair_coarse,-0.7502497868251262,-0.7502497868251262,0.0
11,1,2048,separate,-0.7466764229451528,-0.7466764229451527,1.1102230246251565e-16
11,1,2048,exact,-0.1525491429232047,-0.1525491429232047,0.0
11,1,8192,joint,0.0571396450224817,0.05713964502248173,2.7755575615628914e-17
11,1,8192,pair_coarse,-0.1446620057746827,-0.14466200577468272,-2.7755575615628914e-17
11,1,8192,separate,-0.14180228133785988,-0.1418022813378599,-2.7755575615628914e-17
11,1,8192,exact,0.1286284796752969,0.12862847967529686,-2.7755575615628914e-17
11,1,32768,joint,0.18359288304920082,0.1835928830492008,-2.7755575615628914e-17
11,1,32768,pair_coarse,0.0922478771890981,0.0922478771890981,0.0
11,1,32768,separate,0.094819430543094,0.094819430543094,0.0
11,1,32768,exact,0.24522710833076555,0.2452271083307656,5.551115123125783e-17
11,1,131072,joint,0.2412768361734334,0.2412768361734334,0.0
11,1,131072,pair_coarse,0.1977266787035415,0.19772667870354144,-5.551115123125783e-17
11,1,131072,separate,0.20016804500924137,0.20016804500924135,-2.7755575615628914e-17
11,1,131072,exact,0.2984540491133542,0.2984540491133542,0.0
11,1,524288,joint,0.26884209509265633,0.2688420950926564,5.551115123125783e-17
11,1,524288,pair_coarse,0.24756792337421443,0.24756792337421438,-5.551115123125783e-17
11,1,524288,separate,0.2499473452595901,0.24994734525959014,5.551115123125783e-17
11,1,524288,exact,0.3238973976784488,0.3238973976784488,0.0
11,2,128,joint,-46.25554159618204,-46.25554159618204,0.0
11,2,128,pair_coarse,,,
11,2,128,separate,,,
11,2,128,exact,-36.83822188842033,-36.83822188842033,0.0
11,2,512,joint,-3.305572301690964,-3.305572301690964,0.0
11,2,512,pair_coarse,-8.993713505867788,-8.99371350586779,-1.7763568394002505e-15
11,2,512,separate,-8.983838186464762,-8.983838186464762,0.0
11,2,512,exact,-2.9605331724945856,-2.960533172494586,-4.440892098500626e-16
11,2,2048,joint,-0.8638396864466114,-0.8638396864466115,-1.1102230246251565e-16
11,2,2048,pair_coarse,-2.040128643737036,-2.040128643737036,0.0
11,2,2048,separate,-2.035776601810915,-2.0357766018109156,-4.440892098500626e-16
11,2,2048,exact,-0.7277593865164391,-0.7277593865164392,-1.1102230246251565e-16
11,2,8192,joint,-0.18867811429628262,-0.18867811429628262,0.0
11,2,8192,pair_coarse,-0.6170336732300015,-0.6170336732300012,2.220446049250313e-16
11,2,8192,separate,-0.6139030867927104,-0.6139030867927104,0.0
11,2,8192,exact,-0.10232405696507851,-0.10232405696507857,-5.551115123125783e-17
11,2,32768,joint,0.07261579371246173,0.07261579371246173,0.0
11,2,32768,pair_coarse,-0.11407421098453807,-0.1140742109845381,-2.7755575615628914e-17
11,2,32768,separate,-0.11138802450761148,-0.11138802450761151,-2.7755575615628914e-17
11,2,32768,exact,0.1407313209405269,0.14073132094052693,2.7755575615628914e-17
11,2,131072,joint,0.1884278585346954,0.18842785853469543,2.7755575615628914e-17
11,2,131072,pair_coarse,0.10087370480244771,0.10087370480244771,0.0
11,2,131072,separate,0.103367952005238,0.103367952005238,0.0
11,2,131072,exact,0.2486414224861327,0.24864142248613277,8.326672684688674e-17
11,2,524288,joint,0.24303942461756323,0.2430394246175632,-2.7755575615628914e-17
11,2,524288,pair_coarse,0.20059556969195586,0.2005955696919558,-5.551115123125783e-17
11,2,524288,separate,0.2030004039538869,0.2030004039538869,0.0
11,2,524288,exact,0.2995654577328115,0.2995654577328115,0.0
11,4,128,joint,,,
11,4,128,pair_coarse,,,
11,4,128,separate,,,
11,4,128,exact,,,
11,4,512,joint,-10.716057970227817,-10.311292695724784,0.404765274503033
11,4,512,pair_coarse,-51.82251079476999,-39.22729645244188,12.595214342328113
11,4,512,separate,-51.79040022023538,-39.195185877907264,12.595214342328113
11,4,512,exact,-9.643409065596781,-9.438239253720951,0.20516981187583028
11,4,2048,joint,-2.317457145010488,-2.2136795715050583,0.10377757350542982
11,4,2048,pair_coarse,-5.411897127031835,-3.9212598152627014,1.4906373117691332
11,4,2048,separate,-5.405993489651477,-3.915356177882344,1.4906373117691332
11,4,2048,exact,-2.085208058087134,-2.0311405068012496,0.05406755128588436
11,4,8192,joint,-0.7119032790423352,-0.6702023264290599,0.04170095261327533
11,4,8192,pair_coarse,-1.6576959650481164,-1.1258783843468991,0.5318175807012173
11,4,8192,separate,-1.654122601168143,-1.1223050204669256,0.5318175807012173
11,4,8192,exact,-0.5952306793869075,-0.5733700342791511,0.021860645107756427
11,4,32768,joint,-0.15448694955209405,-0.13545521245945305,0.019031737092641
11,4,32768,pair_coarse,-0.5427769630360866,-0.30953984546046165,0.23323711757562493
11,4,32768,separate,-0.5399172385992639,-0.30668012102363884,0.23323711757562504
11,4,32768,exact,-0.07392642656956089,-0.063927348967604,0.009999077601956882
11,4,131072,joint,0.08210367811460252,0.09122988530840616,0.009126207193803637
11,4,131072,pair_coarse,-0.09557028186721792,0.014454181455363051,0.11002446332258096
11,4,131072,separate,-0.09299872851322197,0.01702573480935894,0.11002446332258091
11,4,131072,exact,0.14799678356289248,0.15279611993768,0.004799336374787522
11,4,524288,joint,0.19153672875200764,0.19600940927141355,0.004472680519405914
11,4,524288,pair_coarse,0.10635781440479333,0.15988083543424708,0.05352302102945375
11,4,524288,separate,0.10879918071049322,0.162322201739947,0.05352302102945378
11,4,524288,exact,0.2507805590871358,0.25313369538741304,0.0023531363002772254
12,1,128,joint,-5.860974464965168,-5.860974464965168,0.0
12,1,128,pair_coarse,-30.108799279695912,-30.108799279695912,0.0
12,1,128,separate,-30.0980463278855,-30.098046327885495,3.552713678800501e-15
12,1,128,exact,-5.521337258508663,-5.521337258508663,0.0
12,1,512,joint,-1.0735311850953297,-1.0735311850953297,0.0
12,1,512,pair_coarse,-2.800819926709041,-2.8008199267090403,4.440892098500626e-16
12,1,512,separate,-2.7988429602680096,-2.7988429602680096,0.0
12,1,512,exact,-0.9919548748381237,-0.9919548748381238,-1.1102230246251565e-16
12,1,2048,joint,-0.19766529421846893,-0.19766529421846893,0.0
12,1,2048,pair_coarse,-0.7071024147601127,-0.7071024147601127,0.0
12,1,2048,separate,-0.7059057930814499,-0.70590579308145,-1.1102230246251565e-16
12,1,2048,exact,-0.1525491429232047,-0.1525491429232047,0.0
12,1,8192,joint,0.0949395761415864,0.09493957614158642,2.7755575615628914e-17
12,1,8192,pair_coarse,-0.1101316309168276,-0.11013163091682757,2.7755575615628914e-17
12,1,8192,separate,-0.10917398753903385,-0.10917398753903387,-2.7755575615628914e-17
12,1,8192,exact,0.1286284796752969,0.12862847967529686,-2.7755575615628914e-17
12,1,32768,joint,0.21617160112512712,0.21617160112512715,2.7755575615628914e-17
12,1,32768,pair_coarse,0.12329866660680422,0.12329866660680422,0.0
12,1,32768,separate,0.12415980938279608,0.12415980938279614,5.551115123125783e-17
12,1,32768,exact,0.24522710833076555,0.2452271083307656,5.551115123125783e-17
12,1,131072,joint,0.2714950915086855,0.2714950915086855,0.0
12,1,131072,pair_coarse,0.22720549582859786,0.22720549582859784,-2.7755575615628914e-17
12,1,131072,separate,0.22802304252831404,0.228023042528314,-2.7755575615628914e-17
12,1,131072,exact,0.2984540491133542,0.2984540491133542,0.0
12,1,524288,joint,0.29793679270054185,0.2979367927005418,-5.551115123125783e-17
12,1,524288,pair_coarse,0.27629877890318,0.27629877890318,0.0
12,1,524288,separate,0.27709558211336593,0.27709558211336593,0.0
12,1,524288,exact,0.3238973976784488,0.3238973976784488,0.0
12,2,128,joint,-40.95102570958393,-40.95102570958393,0.0
12,2,128,pair_coarse,,,
12,2,128,separate,,,
12,2,128,exact,-36.83822188842033,-36.83822188842033,0.0
12,2,512,joint,-3.1222648592062305,-3.1222648592062305,0.0
12,2,512,pair_coarse,-8.874471778785011,-8.874471778785013,-1.7763568394002505e-15
12,2,512,separate,-8.871164804830412,-8.871164804830412,0.0
12,2,512,exact,-2.9605331724945856,-2.960533172494586,-4.440892098500626e-16
12,2,2048,joint,-0.7918198484905252,-0.7918198484905253,-1.1102230246251565e-16
12,2,2048,pair_coarse,-1.9875789514761255,-1.9875789514761257,-2.220446049250313e-16
12,2,2048,separate,-1.9861215718500453,-1.9861215718500451,2.220446049250313e-16
12,2,2048,exact,-0.7277593865164391,-0.7277593865164392,-1.1102230246251565e-16
12,2,8192,joint,-0.1430215757972401,-0.1430215757972401,0.0
12,2,8192,pair_coarse,-0.579232715273132,-0.579232715273132,0.0
12,2,8192,separate,-0.5781843676310727,-0.5781843676310727,0.0
12,2,8192,exact,-0.10232405696507851,-0.10232405696507857,-5.551115123125783e-17
12,2,32768,joint,0.10861741151922202,0.10861741151922202,0.0
12,2,32768,pair_coarse,-0.08163925858421889,-0.08163925858421892,-2.7755575615628914e-17
12,2,32768,separate,-0.08073972831548931,-0.08073972831548934,-2.7755575615628914e-17
12,2,32768,exact,0.1407313209405269,0.14073132094052693,2.7755575615628914e-17
12,2,131072,joint,0.2202491028492056,0.2202491028492056,0.0
12,2,131072,pair_coarse,0.13099104400880657,0.13099104400880654,-2.7755575615628914e-17
12,2,131072,separate,0.13182629907239807,0.13182629907239804,-2.7755575615628914e-17
12,2,131072,exact,0.2486414224861327,0.24864142248613277,8.326672684688674e-17
12,2,524288,joint,0.2729104370745951,0.27291043707459517,5.551115123125783e-17
12,2,524288,pair_coarse,0.22963327257907473,0.22963327257907473,0.0
12,2,524288,separate,0.2304385856980508,0.23043858569805076,-5.551115123125783e-17
12,2,524288,exact,0.2995654577328115,0.2995654577328115,0.0
12,4,128,joint,,,
12,4,128,pair_coarse,,,
12,4,128,separate,,,
12,4,128,exact,,,
12,4,512,joint,-10.142466932036966,-9.844863617088286,0.2976033149486792
12,4,512,pair_coarse,-51.434784564471705,-38.83957022214359,12.595214342328113
12,4,512,separate,-51.42403161266129,-38.828817270333175,12.595214342328113
12,4,512,exact,-9.643409065596781,-9.438239253720951,0.20516981187583028
12,4,2048,joint,-2.194474150112433,-2.117058372299602,0.07741577781283127
12,4,2048,pair_coarse,-5.340612352476749,-3.849975040707616,1.4906373117691332
12,4,2048,separate,-5.338635386035718,-3.847998074266585,1.4906373117691332
12,4,2048,exact,-2.085208058087134,-2.0311405068012496,0.05406755128588436
12,4,8192,joint,-0.650227838416872,-0.6190188638782814,0.031208974538590617
12,4,8192,pair_coarse,-1.614548592983103,-1.0827310122818856,0.5318175807012173
12,4,8192,separate,-1.6133519713044402,-1.0815343906032227,0.5318175807012175
12,4,8192,exact,-0.5952306793869075,-0.5733700342791511,0.021860645107756427
12,4,32768,joint,-0.11191756312711154,-0.09765764620813427,0.014259916918977267
12,4,32768,pair_coarse,-0.5082465881782314,-0.2750094706026065,0.23323711757562493
12,4,32768,separate,-0.5072889448004376,-0.2740518272248128,0.23323711757562482
12,4,32768,exact,-0.07392642656956089,-0.063927348967604,0.009999077601956882
12,4,131072,joint,0.116920734279599,0.1237621041863169,0.006841369906717909
12,4,131072,pair_coarse,-0.0645194924495118,0.045504970873069164,0.11002446332258096
12,4,131072,separate,-0.06365834967351988,0.04636611364906108,0.11002446332258096
12,4,131072,exact,0.14799678356289248,0.15279611993768,0.004799336374787522
12,4,524288,joint,0.22284096485739063,0.22619462562190262,0.00335366076451199
12,4,524288,pair_coarse,0.13583663152984968,0.18935965255930348,0.053523021029453804
12,4,524288,separate,0.13665417822956588,0.19017719925901966,0.05352302102945378
12,4,524288,exact,0.2507805590871358,0.25313369538741304,0.0023531363002772254
13,1,128,joint,-5.6853850776970445,-5.6853850776970445,0.0
13,1,128,pair_coarse,-29.93108647935951,-29.931086479359507,3.552713678800501e-15
13,1,128,separate,-29.926807428468678,-29.926807428468674,3.552713678800501e-15
13,1,128,exact,-5.521337258508663,-5.521337258508663,0.0
13,1,512,joint,-1.0315591608335548,-1.0315591608335548,0.0
13,1,512,pair_coarse,-2.7681468292562643,-2.7681468292562643,0.0
13,1,512,separate,-2.767360111324315,-2.767360111324315,0.0
13,1,512,exact,-0.9919548748381237,-0.9919548748381238,-1.1102230246251565e-16
13,1,2048,joint,-0.17447667935742706,-0.17447667935742706,0.0
13,1,2048,pair_coarse,-0.6873259856262591,-0.6873259856262591,0.0
13,1,2048,separate,-0.6868497996309763,-0.6868497996309763,0.0
13,1,2048,exact,-0.1525491429232047,-0.1525491429232047,0.0
13,1,8192,joint,0.1122480774284237,0.1122480774284237,0.0
13,1,8192,pair_coarse,-0.09430476873127408,-0.09430476873127405,2.7755575615628914e-17
13,1,8192,separate,-0.09392368223325043,-0.09392368223325046,-2.7755575615628914e-17
13,1,8192,exact,0.1286284796752969,0.12862847967529686,-2.7755575615628914e-17
13,1,32768,joint,0.23109698764114656,0.23109698764114653,-2.7755575615628914e-17
13,1,32768,pair_coarse,0.13753067442281214,0.1375306744228122,5.551115123125783e-17
13,1,32768,separate,0.13787335928067349,0.1378733592806735,2.7755575615628914e-17
13,1,32768,exact,0.24522710833076555,0.2452271083307656,5.551115123125783e-17
13,1,131072,joint,0.2853423718633786,0.2853423718633786,0.0
13,1,131072,pair_coarse,0.24071699629599766,0.24071699629599763,-2.7755575615628914e-17
13,1,131072,separate,0.24104233244512183,0.2410423324451218,-2.7755575615628914e-17
13,1,131072,exact,0.2984540491133542,0.2984540491133542,0.0
13,1,524288,joint,0.31127074149250955,0.31127074149250955,0.0
13,1,524288,pair_coarse,0.289467454100071,0.289467454100071,0.0
13,1,524288,separate,0.2897845355439832,0.2897845355439832,0.0
13,1,524288,exact,0.3238973976784488,0.3238973976784488,0.0
13,2,128,joint,-38.772442172053594,-38.772442172053594,0.0
13,2,128,pair_coarse,,,
13,2,128,separate,,,
13,2,128,exact,-36.83822188842033,-36.83822188842033,0.0
13,2,512,joint,-3.038969677205227,-3.0389696772052264,4.440892098500626e-16
13,2,512,pair_coarse,-8.81981779981504,-8.81981779981504,0.0
13,2,512,separate,-8.8185018160651,-8.818501816065101,-1.7763568394002505e-15
13,2,512,exact,-2.9605331724945856,-2.960533172494586,-4.440892098500626e-16
13,2,2048,joint,-0.7588903868960835,-0.7588903868960836,-1.1102230246251565e-16
13,2,2048,pair_coarse,-1.9634930056753528,-1.963493005675353,-2.220446049250313e-16
13,2,2048,separate,-1.9629130531472274,-1.9629130531472276,-2.220446049250313e-16
13,2,2048,exact,-0.7277593865164391,-0.7277593865164392,-1.1102230246251565e-16
13,2,8192,joint,-0.12211255932477624,-0.12211255932477624,0.0
13,2,8192,pair_coarse,-0.5619067941231861,-0.5619067941231861,0.0
13,2,8192,separate,-0.5614896125910127,-0.5614896125910127,0.0
13,2,8192,exact,-0.10232405696507851,-0.10232405696507857,-5.551115123125783e-17
13,2,32768,joint,0.1251133909108852,0.12511339091088516,-2.7755575615628914e-17
13,2,32768,pair_coarse,-0.06677282508188864,-0.06677282508188867,-2.7755575615628914e-17
13,2,32768,separate,-0.06641486422931514,-0.06641486422931517,-2.7755575615628914e-17
13,2,32768,exact,0.1407313209405269,0.14073132094052693,2.7755575615628914e-17
13,2,131072,joint,0.23483233508453108,0.23483233508453108,0.0
13,2,131072,pair_coarse,0.14479520857339062,0.14479520857339065,2.7755575615628914e-17
13,2,131072,separate,0.14512759162382632,0.1451275916238263,-2.7755575615628914e-17
13,2,131072,exact,0.2486414224861327,0.24864142248613277,8.326672684688674e-17
13,2,524288,joint,0.28660089998717586,0.2866008999871759,5.551115123125783e-17
13,2,524288,pair_coarse,0.24294259006176444,0.24294259006176444,0.0
13,2,524288,separate,0.24326305795559577,0.24326305795559577,0.0
13,2,524288,exact,0.2995654577328115,0.2995654577328115,0.0
13,4,128,joint,,,
13,4,128,pair_coarse,,,
13,4,128,separate,,,
13,4,128,exact,,,
13,4,512,joint,-9.884614304809643,-9.634870210367396,0.24974409444224754
13,4,512,pair_coarse,-51.2570717641353,-38.66185742180719,12.595214342328106
13,4,512,separate,-51.25279271324447,-38.657578370916355,12.595214342328113
13,4,512,exact,-9.643409065596781,-9.438239253720951,0.20516981187583028
13,4,2048,joint,-2.138290534577665,-2.0728906156528564,0.06539991892480845
13,4,2048,pair_coarse,-5.307939255023973,-3.81730194325484,1.4906373117691327
13,4,2048,separate,-5.307152537092024,-3.816515225322891,1.4906373117691327
13,4,2048,exact,-2.085208058087134,-2.0311405068012496,0.05406755128588436
13,4,8192,joint,-0.621973777742612,-0.5955691290038533,0.026404648738758696
13,4,8192,pair_coarse,-1.5947721638492494,-1.062954583148032,0.5318175807012173
13,4,8192,separate,-1.5942959778539665,-1.062478397152749,0.5318175807012175
13,4,8192,exact,-0.5952306793869075,-0.5733700342791511,0.021860645107756427
13,4,32768,joint,-0.09240444580770904,-0.08033317851478443,0.012071267292924612
13,4,32768,pair_coarse,-0.49241972599267797,-0.259182608417053,0.23323711757562499
13,4,32768,separate,-0.49203863949465426,-0.2588015219190294,0.23323711757562487
13,4,32768,exact,-0.07392642656956089,-0.063927348967604,0.009999077601956882
13,4,131072,joint,0.1328813421863487,0.13867401128064868,0.005792669094299985
13,4,131072,pair_coarse,-0.050287484633503826,0.05973697868907714,0.11002446332258096
13,4,131072,separate,-0.04994479977564251,0.06007966354693846,0.11002446332258096
13,4,131072,exact,0.14799678356289248,0.15279611993768,0.004799336374787522
13,4,524288,joint,0.2371906340866386,0.24003051869711994,0.002839884610481347
13,4,524288,pair_coarse,0.14934813199724953,0.20287115302670328,0.05352302102945375
13,4,524288,separate,0.14967346814637367,0.20319648917582744,0.05352302102945378
13,4,524288,exact,0.2507805590871358,0.25313369538741304,0.0023531363002772254
14,1,128,joint,-5.6020570964617615,-5.602057096461762,-8.881784197001252e-16
14,1,128,pair_coarse,-29.845897971045634,-29.84589797104563,3.552713678800501e-15
14,1,128,separate,-29.843965482289317,-29.843965482289317,0.0
14,1,128,exact,-5.521337258508663,-5.521337258508663,0.0
14,1,512,joint,-1.0114918695832014,-1.0114918695832014,0.0
14,1,512,pair_coarse,-2.752484634812605,-2.752484634812605,0.0
14,1,512,separate,-2.7521293402398905,-2.75212934023989,4.440892098500626e-16
14,1,512,exact,-0.9919548748381237,-0.9919548748381238,-1.1102230246251565e-16
14,1,2048,joint,-0.16337255538919174,-0.16337255538919174,0.0
14,1,2048,pair_coarse,-0.677845945389996,-0.677845945389996,0.0
14,1,2048,separate,-0.6776308920743715,-0.6776308920743715,0.0
14,1,2048,exact,-0.1525491429232047,-0.1525491429232047,0.0
14,1,8192,joint,0.12054117655388866,0.12054117655388868,2.7755575615628914e-17
14,1,8192,pair_coarse,-0.08671799513745071,-0.08671799513745074,-2.7755575615628914e-17
14,1,8192,separate,-0.08654589029658705,-0.08654589029658702,2.7755575615628914e-17
14,1,8192,exact,0.1286284796752969,0.12862847967529686,-2.7755575615628914e-17
14,1,32768,joint,0.23825002061288056,0.23825002061288056,0.0
14,1,32768,pair_coarse,0.14435293772552382,0.14435293772552382,0.0
14,1,32768,separate,0.14450769976310446,0.1445076997631045,5.551115123125783e-17
14,1,32768,exact,0.24522710833076555,0.2452271083307656,5.551115123125783e-17
14,1,131072,joint,0.29197948310051125,0.2919794831005113,5.551115123125783e-17
14,1,131072,pair_coarse,0.24719387678924978,0.24719387678924976,-2.7755575615628914e-17
14,1,131072,separate,0.2473408038686992,0.24734080386869917,-2.7755575615628914e-17
14,1,131072,exact,0.2984540491133542,0.2984540491133542,0.0
14,1,524288,joint,0.31766216386561524,0.31766216386561524,0.0
14,1,524288,pair_coarse,0.2957799976780775,0.2957799976780775,0.0
14,1,524288,separate,0.29592319679882395,0.29592319679882395,0.0
14,1,524288,exact,0.3238973976784488,0.3238973976784488,0.0
14,2,128,joint,-37.77811105838399,-37.77811105838399,0.0
14,2,128,pair_coarse,,,
14,2,128,separate,,,
14,2,128,exact,-36.83822188842033,-36.83822188842033,0.0
14,2,512,joint,-2.999204197444318,-2.999204197444318,0.0
14,2,512,pair_coarse,-8.793618837595904,-8.793618837595906,-1.7763568394002505e-15
14,2,512,separate,-8.793024517999076,-8.793024517999076,0.0
14,2,512,exact,-2.9605331724945856,-2.960533172494586,-4.440892098500626e-16
14,2,2048,joint,-0.74312383417526,-0.7431238341752601,-1.1102230246251565e-16
14,2,2048,pair_coarse,-1.9519471530962886,-1.9519471530962889,-2.220446049250313e-16
14,2,2048,separate,-1.95168523713212,-1.9516852371321203,-2.220446049250313e-16
14,2,2048,exact,-0.7277593865164391,-0.7277593865164392,-1.1102230246251565e-16
14,2,8192,joint,-0.1120937022640256,-0.11209370226402557,2.7755575615628914e-17
14,2,8192,pair_coarse,-0.5536014307777557,-0.5536014307777556,1.1102230246251565e-16
14,2,8192,separate,-0.5534130248342801,-0.5534130248342799,2.220446049250313e-16
14,2,8192,exact,-0.10232405696507851,-0.10232405696507857,-5.551115123125783e-17
14,2,32768,joint,0.13301966324661457,0.13301966324661457,0.0
14,2,32768,pair_coarse,-0.05964644312395634,-0.05964644312395631,2.7755575615628914e-17
14,2,32768,separate,-0.05948478219950193,-0.0594847821995019,2.7755575615628914e-17
14,2,32768,exact,0.1407313209405269,0.14073132094052693,2.7755575615628914e-17
14,2,131072,joint,0.24182249634937678,0.24182249634937678,0.0
14,2,131072,pair_coarse,0.15141238069352025,0.15141238069352023,-2.7755575615628914e-17
14,2,131072,separate,0.15156249026784968,0.15156249026784965,-2.7755575615628914e-17
14,2,131072,exact,0.2486414224861327,0.24864142248613277,8.326672684688674e-17
14,2,524288,joint,0.2931633711671915,0.29316337116719143,-5.551115123125783e-17
14,2,524288,pair_coarse,0.24932255200530434,0.24932255200530434,0.0
14,2,524288,separate,0.249467280501737,0.249467280501737,0.0
14,2,524288,exact,0.2995654577328115,0.2995654577328115,0.0
14,4,128,joint,,,
14,4,128,pair_coarse,,,
14,4,128,separate,,,
14,4,128,exact,,,
14,4,512,joint,-9.762126370310899,-9.535043884371143,0.22708248593975533
14,4,512,pair_coarse,-51.17188325582142,-38.57666891349331,12.595214342328113
14,4,512,separate,-51.16995076706511,-38.574736424737,12.595214342328113
14,4,512,exact,-9.643409065596781,-9.438239253720951,0.20516981187583028
14,4,2048,joint,-2.111400785482569,-2.0517449315199254,0.0596558539626435
14,4,2048,pair_coarse,-5.2922770605803136,-3.8016397488111804,1.4906373117691332
14,4,2048,separate,-5.291921766007599,-3.801284454238466,1.4906373117691332
14,4,2048,exact,-2.085208058087134,-2.0311405068012496,0.05406755128588436
14,4,8192,joint,-0.6084334960053315,-0.5843304906390226,0.024103005366308827
14,4,8192,pair_coarse,-1.5852921236129862,-1.053474542911769,0.5318175807012173
14,4,8192,separate,-1.5850770702973618,-1.0532594895961445,0.5318175807012173
14,4,8192,exact,-0.5952306793869075,-0.5733700342791511,0.021860645107756427
14,4,32768,joint,-0.08305039214285595,-0.07202847600377946,0.011021916139076493
14,4,32768,pair_coarse,-0.48483295239885454,-0.25159583482322967,0.23323711757562487
14,4,32768,separate,-0.48466084755799094,-0.25142372998236595,0.23323711757562499
14,4,32768,exact,-0.07392642656956089,-0.063927348967604,0.009999077601956882
14,4,131072,joint,0.1405326990137833,0.14582240032647764,0.00528970131269435
14,4,131072,pair_coarse,-0.0434652213307922,0.06655924199178877,0.11002446332258096
14,4,131072,separate,-0.043310459293211506,0.06671400402936946,0.11002446332258096
14,4,131072,exact,0.14799678356289248,0.15279611993768,0.004799336374787522
14,4,524288,joint,0.244069608887669,0.24666304354216348,0.002593434654494492
14,4,524288,pair_coarse,0.15582501249050165,0.2093480335199554,0.05352302102945375
14,4,524288,separate,0.15597193956995106,0.2094949605994048,0.05352302102945375
14,4,524288,exact,0.2507805590871358,0.25313369538741304,0.0023531363002772254
15,1,128,joint,-23.116403559523004,-23.116403559523,3.552713678800501e-15
15,1,128,pair_coarse,-41.49905473294163,-41.49905473294163,0.0
15,1,128,separate,-37.948004682290254,-37.948004682290254,0.0
15,1,128,exact,-5.521337258508663,-5.521337258508663,0.0
15,1,512,joint,-3.995044940340343,-3.995044940340343,0.0
15,1,512,pair_coarse,-4.894956790972273,-4.894956790972273,0.0
15,1,512,separate,-4.242084267749466,-4.242084267749467,-8.881784197001252e-16
15,1,512,exact,-0.9919548748381237,-0.9919548748381238,-1.1102230246251565e-16
15,1,2048,joint,-1.7275972271152642,-1.7275972271152642,0.0
15,1,2048,pair_coarse,-1.9746452105587198,-1.97464521055872,-2.220446049250313e-16
15,1,2048,separate,-1.5794733965726857,-1.579473396572686,-2.220446049250313e-16
15,1,2048,exact,-0.1525491429232047,-0.1525491429232047,0.0
15,1,8192,joint,-1.027812544622746,-1.027812544622746,0.0
15,1,8192,pair_coarse,-1.124532411139313,-1.124532411139313,0.0
15,1,8192,separate,-0.8082806855501923,-0.8082806855501921,2.220446049250313e-16
15,1,8192,exact,0.1286284796752969,0.12862847967529686,-2.7755575615628914e-17
15,1,32768,joint,-0.7456293295170888,-0.7456293295170888,0.0
15,1,32768,pair_coarse,-0.7888821348327113,-0.7888821348327113,0.0
15,1,32768,separate,-0.5044987253076882,-0.5044987253076884,-1.1102230246251565e-16
15,1,32768,exact,0.24522710833076555,0.2452271083307656,5.551115123125783e-17
15,1,131072,joint,-0.6182933182315593,-0.6182933182315592,1.1102230246251565e-16
15,1,131072,pair_coarse,-0.6387953864320411,-0.638795386432041,1.1102230246251565e-16
15,1,131072,separate,-0.36880912585704434,-0.3688091258570443,5.551115123125783e-17
15,1,131072,exact,0.2984540491133542,0.2984540491133542,0.0
15,1,524288,joint,-0.5577424296992938,-0.557742429699294,-2.220446049250313e-16
15,1,524288,pair_coarse,-0.5677291931364066,-0.5677291931364066,0.0
15,1,524288,separate,-0.3045932533706057,-0.30459325337060567,5.551115123125783e-17
15,1,524288,exact,0.3238973976784488,0.3238973976784488,0.0
15,2,128,joint,,,
15,2,128,pair_coarse,,,
15,2,128,separate,,,
15,2,128,exact,-36.83822188842033,-36.83822188842033,0.0
15,2,512,joint,-9.269076103703906,-9.269076103703906,0.0
15,2,512,pair_coarse,-12.377442756823173,-12.377442756823175,-1.7763568394002505e-15
15,2,512,separate,-11.285349140481314,-11.285349140481316,-1.7763568394002505e-15
15,2,512,exact,-2.9605331724945856,-2.960533172494586,-4.440892098500626e-16
15,2,2048,joint,-2.9688835831597062,-2.9688835831597062,0.0
15,2,2048,pair_coarse,-3.5313342408222588,-3.531334240822259,-4.440892098500626e-16
15,2,2048,separate,-3.0500498375946035,-3.050049837594604,-4.440892098500626e-16
15,2,2048,exact,-0.7277593865164391,-0.7277593865164392,-1.1102230246251565e-16
15,2,8192,joint,-1.4932829266557621,-1.4932829266557621,0.0
15,2,8192,pair_coarse,-1.6897136006517237,-1.6897136006517235,2.220446049250313e-16
15,2,8192,separate,-1.34350773894321,-1.34350773894321,0.0
15,2,8192,exact,-0.10232405696507851,-0.10232405696507857,-5.551115123125783e-17
15,2,32768,joint,-0.9503743186389673,-0.9503743186389672,1.1102230246251565e-16
15,2,32768,pair_coarse,-1.0344826944520529,-1.0344826944520529,0.0
15,2,32768,separate,-0.7374222163012203,-0.7374222163012203,0.0
15,2,32768,exact,0.1407313209405269,0.14073132094052693,2.7755575615628914e-17
15,2,131072,joint,-0.7146453674395624,-0.7146453674395624,0.0
15,2,131072,pair_coarse,-0.7537677376412502,-0.75376773764125,1.1102230246251565e-16
15,2,131072,separate,-0.47793347481113935,-0.47793347481113946,-1.1102230246251565e-16
15,2,131072,exact,0.2486414224861327,0.24864142248613277,8.326672684688674e-17
15,2,524288,joint,-0.6045186178994285,-0.6045186178994285,0.0
15,2,524288,pair_coarse,-0.6234089717005699,-0.6234089717005697,1.1102230246251565e-16
15,2,524288,separate,-0.3574627234192105,-0.3574627234192105,0.0
15,2,524288,exact,0.2995654577328115,0.2995654577328115,0.0
15,4,128,joint,,,
15,4,128,pair_coarse,,,
15,4,128,separate,,,
15,4,128,exact,,,
15,4,512,joint,-34.53558028700858,-29.40621957922998,5.1293607077785985
15,4,512,pair_coarse,-62.82504001771742,-50.22982567538931,12.595214342328113
15,4,512,separate,-59.27398996706604,-46.67877562473793,12.595214342328113
15,4,512,exact,-9.643409065596781,-9.438239253720951,0.20516981187583028
15,4,2048,joint,-5.954964399892162,-5.080164611113295,0.8747997887788674
15,4,2048,pair_coarse,-7.434749216739982,-5.944111904970849,1.4906373117691327
15,4,2048,separate,-6.781876693517176,-5.291239381748043,1.4906373117691327
15,4,2048,exact,-2.085208058087134,-2.0311405068012496,0.05406755128588436
15,4,8192,joint,-2.45993067440118,-2.133536639802143,0.32639403459903704
15,4,8192,pair_coarse,-2.88209138878171,-2.350273808080493,0.5318175807012171
15,4,8192,separate,-2.4869195747956763,-1.9551019940944585,0.5318175807012178
15,4,8192,exact,-0.5952306793869075,-0.5733700342791511,0.021860645107756427
15,4,32768,joint,-1.3537533968358715,-1.2085359315703332,0.14521746526553825
15,4,32768,pair_coarse,-1.5226473684007167,-1.2894102508250918,0.23323711757562493
15,4,32768,separate,-1.206395642811596,-0.9731585252359711,0.23323711757562493
15,4,32768,exact,-0.07392642656956089,-0.063927348967604,0.009999077601956882
15,4,131072,joint,-0.9002938272061614,-0.8313916222622112,0.06890220494395016
15,4,131072,pair_coarse,-0.9767002938890271,-0.8666758305664463,0.11002446332258087
15,4,131072,separate,-0.6923168843640043,-0.5822924210414234,0.11002446332258087
15,4,131072,exact,0.14799678356289248,0.15279611993768,0.004799336374787522
15,4,524288,joint,-0.6937302082738562,-0.6601241974317857,0.03360601084207049
15,4,524288,pair_coarse,-0.7301642507307894,-0.6766412297013353,0.053523021029454054
15,4,524288,separate,-0.4601779901557924,-0.4066549691263387,0.05352302102945372
15,4,524288,exact,0.2507805590871358,0.25313369538741304,0.0023531363002772254
16,1,128,joint,-10.298949076465291,-10.29894907646529,1.7763568394002505e-15
16,1,128,pair_coarse,-33.96984924874531,-33.96984924874531,0.0
16,1,128,separate,-33.361044291795295,-33.361044291795295,0.0
16,1,128,exact,-5.521337258508663,-5.521337258508663,0.0
16,1,512,joint,-2.0180677195357744,-2.018067719535775,-4.440892098500626e-16
16,1,512,pair_coarse,-3.510686980010706,-3.5106869800107052,8.881784197001252e-16
16,1,512,separate,-3.3987561362532093,-3.398756136253209,4.440892098500626e-16
16,1,512,exact,-0.9919548748381237,-0.9919548748381238,-1.1102230246251565e-16
16,1,2048,joint,-0.7082404618526639,-0.7082404618526639,0.0
16,1,2048,pair_coarse,-1.1367719768323503,-1.1367719768323503,0.0
16,1,2048,separate,-1.069022281454923,-1.0690222814549233,-2.220446049250313e-16
16,1,2048,exact,-0.1525491429232047,-0.1525491429232047,0.0
16,1,8192,joint,-0.2833141416628784,-0.28331414166287844,-5.551115123125783e-17
16,1,8192,pair_coarse,-0.4539915309128054,-0.4539915309128053,1.1102230246251565e-16
16,1,8192,separate,-0.3997721829913825,-0.3997721829913825,0.0
16,1,8192,exact,0.1286284796752969,0.12862847967529686,-2.7755575615628914e-17
16,1,32768,joint,-0.10898798531845094,-0.10898798531845093,1.3877787807814457e-17
16,1,32768,pair_coarse,-0.18591087391863598,-0.18591087391863598,0.0
16,1,32768,separate,-0.1371551461976419,-0.1371551461976419,0.0
16,1,32768,exact,0.24522710833076555,0.2452271083307656,5.551115123125783e-17
16,1,131072,joint,-0.029751903102902353,-0.029751903102902374,-2.0816681711721685e-17
16,1,131072,pair_coarse,-0.06635005201439584,-0.06635005201439585,-1.3877787807814457e-17
16,1,131072,separate,-0.02006262395736056,-0.020062623957360564,-3.469446951953614e-18
16,1,131072,exact,0.2984540491133542,0.2984540491133542,0.0
16,1,524288,joint,0.008051526532163698,0.008051526532163681,-1.734723475976807e-17
16,1,524288,pair_coarse,-0.009808428147356406,-0.00980842814735641,-3.469446951953614e-18
16,1,524288,separate,0.03530455595483482,0.03530455595483482,0.0
16,1,524288,exact,0.3238973976784488,0.3238973976784488,0.0
16,2,128,joint,-209.75562344192124,-209.75562344192122,2.842170943040401e-14
16,2,128,pair_coarse,,,
16,2,128,separate,,,
16,2,128,exact,-36.83822188842033,-36.83822188842033,0.0
16,2,512,joint,-5.0381252319243455,-5.0381252319243455,0.0
16,2,512,pair_coarse,-10.06190309161664,-10.061903091616642,-1.7763568394002505e-15
16,2,512,separate,-9.87467058359822,-9.874670583598224,-3.552713678800501e-15
16,2,512,exact,-2.9605331724945856,-2.960533172494586,-4.440892098500626e-16
16,2,2048,joint,-1.5179076887947331,-1.5179076887947331,0.0
16,2,2048,pair_coarse,-2.510878568119162,-2.510878568119162,0.0
16,2,2048,separate,-2.4283654167390565,-2.4283654167390565,0.0
16,2,2048,exact,-0.7277593865164391,-0.7277593865164392,-1.1102230246251565e-16
16,2,8192,joint,-0.5993769022059948,-0.5993769022059948,0.0
16,2,8192,pair_coarse,-0.9556616905248837,-0.9556616905248836,1.1102230246251565e-16
16,2,8192,separate,-0.8963068963859971,-0.896306896385997,1.1102230246251565e-16
16,2,8192,exact,-0.10232405696507851,-0.10232405696507857,-5.551115123125783e-17
16,2,32768,joint,-0.2503290078230132,-0.2503290078230132,0.0
16,2,32768,pair_coarse,-0.4046325517256892,-0.40463255172568924,-5.551115123125783e-17
16,2,32768,separate,-0.35370342117767134,-0.3537034211776714,-5.551115123125783e-17
16,2,32768,exact,0.1407313209405269,0.14073132094052693,2.7755575615628914e-17
16,2,131072,joint,-0.0967691935296745,-0.09676919352967452,-1.3877787807814457e-17
16,2,131072,pair_coarse,-0.1689230255683336,-0.16892302556833363,-2.7755575615628914e-17
16,2,131072,separate,-0.12163299470075352,-0.12163299470075352,0.0
16,2,131072,exact,0.2486414224861327,0.24864142248613277,8.326672684688674e-17
16,2,524288,joint,-0.02460078407197798,-0.024600784071977973,6.938893903907228e-18
16,2,524288,pair_coarse,-0.05952957757765391,-0.059529577577653904,6.938893903907228e-18
16,2,524288,separate,-0.013934783945766846,-0.013934783945766839,6.938893903907228e-18
16,2,524288,exact,0.2995654577328115,0.2995654577328115,0.0
16,4,128,joint,,,
16,4,128,pair_coarse,,,
16,4,128,separate,,,
16,4,128,exact,,,
16,4,512,joint,-16.566637350345548,-15.03200180713832,1.5346355432072283
16,4,512,pair_coarse,-55.2958345335211,-42.70062019119299,12.595214342328113
16,4,512,separate,-54.687029576571085,-42.09181523424297,12.595214342328113
16,4,512,exact,-9.643409065596781,-9.438239253720951,0.20516981187583028
16,4,2048,joint,-3.440013731979275,-3.0940871370160394,0.3459265949632355
16,4,2048,pair_coarse,-6.050479405778415,-4.559842094009282,1.4906373117691327
16,4,2048,separate,-5.938548562020918,-4.447911250251785,1.4906373117691327
16,4,2048,exact,-2.085208058087134,-2.0311405068012496,0.05406755128588436
16,4,8192,joint,-1.2653229729668276,-1.1299981379468054,0.13532483502002224
16,4,8192,pair_coarse,-2.0442181550553404,-1.5124005743541231,0.5318175807012173
16,4,8192,separate,-1.9764684596779134,-1.4446508789766959,0.5318175807012175
16,4,8192,exact,-0.5952306793869075,-0.5733700342791511,0.021860645107756427
16,4,32768,joint,-0.5352548613814913,-0.4740758677523113,0.061178993629179945
16,4,32768,pair_coarse,-0.8521064881742093,-0.6188693705985844,0.23323711757562493
16,4,32768,separate,-0.7978871402527865,-0.5646500226771615,0.23323711757562504
16,4,32768,exact,-0.07392642656956089,-0.063927348967604,0.009999077601956882
16,4,131072,joint,-0.22933066336681135,-0.2001102756767357,0.02922038769007565
16,4,131072,pair_coarse,-0.37372903297495197,-0.26370456965237105,0.11002446332258092
16,4,131072,separate,-0.32497330525395796,-0.21494884193137695,0.110024463322581
16,4,131072,exact,0.14799678356289248,0.15279611993768,0.004799336374787522
16,4,524288,joint,-0.08862473052890993,-0.07433013447955157,0.014294596049358357
16,4,524288,pair_coarse,-0.15771891631314397,-0.10419589528369022,0.05352302102945375
16,4,524288,separate,-0.11143148825610869,-0.057908467226654936,0.05352302102945375
16,4,524288,exact,0.2507805590871358,0.25313369538741304,0.0023531363002772254
17,1,128,joint,-7.434244028770516,-7.434244028770515,8.881784197001252e-16
17,1,128,pair_coarse,-31.60352763092591,-31.603527630925907,3.552713678800501e-15
17,1,128,separate,-31.459017530987747,-31.459017530987744,3.552713678800501e-15
17,1,128,exact,-5.521337258508663,-5.521337258508663,0.0
17,1,512,joint,-1.4321252621324383,-1.4321252621324383,0.0
17,1,512,pair_coarse,-3.0756307731574566,-3.075630773157456,4.440892098500626e-16
17,1,512,separate,-3.0490621041068744,-3.049062104106874,4.440892098500626e-16
17,1,512,exact,-0.9919548748381237,-0.9919548748381238,-1.1102230246251565e-16
17,1,2048,joint,-0.3938995566842546,-0.3938995566842546,0.0
17,1,2048,pair_coarse,-0.8734404008618755,-0.8734404008618755,0.0
17,1,2048,separate,-0.857358870746187,-0.8573588707461869,1.1102230246251565e-16
17,1,2048,exact,-0.1525491429232047,-0.1525491429232047,0.0
17,1,8192,joint,-0.051038538171250786,-0.05103853817125082,-3.469446951953614e-17
17,1,8192,pair_coarse,-0.2432501208341291,-0.2432501208341291,0.0
17,1,8192,separate,-0.23038024634105692,-0.23038024634105694,-2.7755575615628914e-17
17,1,8192,exact,0.1286284796752969,0.12862847967529686,-2.7755575615628914e-17
17,1,32768,joint,0.09047348052098739,0.0904734805209874,1.3877787807814457e-17
17,1,32768,pair_coarse,0.0035943710397703388,0.003594371039770325,-1.3877787807814457e-17
17,1,32768,separate,0.015167363350503449,0.015167363350503463,1.3877787807814457e-17
17,1,32768,exact,0.24522710833076555,0.2452271083307656,5.551115123125783e-17
17,1,131072,joint,0.1549537625343715,0.15495376253437146,-2.7755575615628914e-17
17,1,131072,pair_coarse,0.11356133075973526,0.11356133075973525,-1.3877787807814457e-17
17,1,131072,separate,0.12454843061502097,0.12454843061502095,-1.3877787807814457e-17
17,1,131072,exact,0.2984540491133542,0.2984540491133542,0.0
17,1,524288,joint,0.18575138819930223,0.18575138819930223,0.0
17,1,524288,pair_coarse,0.16553809015328613,0.16553809015328613,0.0
17,1,524288,separate,0.1762464159753633,0.1762464159753633,0.0
17,1,524288,exact,0.3238973976784488,0.3238973976784488,0.0
17,2,128,joint,-67.29007009951711,-67.29007009951711,0.0
17,2,128,pair_coarse,,,
17,2,128,separate,,,
17,2,128,exact,-36.83822188842033,-36.83822188842033,0.0
17,2,512,joint,-3.8405164544770254,-3.8405164544770254,0.0
17,2,512,pair_coarse,-9.33416208651358,-9.33416208651358,0.0
17,2,512,separate,-9.289719300467677,-9.289719300467677,0.0
17,2,512,exact,-2.9605331724945856,-2.960533172494586,-4.440892098500626e-16
17,2,2048,joint,-1.0706879391472883,-1.0706879391472883,0.0
17,2,2048,pair_coarse,-2.1901639424641375,-2.1901639424641375,0.0
17,2,2048,separate,-2.170578057664696,-2.170578057664696,0.0
17,2,2048,exact,-0.7277593865164391,-0.7277593865164392,-1.1102230246251565e-16
17,2,8192,joint,-0.31928462054692164,-0.31928462054692164,0.0
17,2,8192,pair_coarse,-0.7249596719412885,-0.7249596719412883,2.220446049250313e-16
17,2,8192,separate,-0.7108708128824028,-0.7108708128824028,0.0
17,2,8192,exact,-0.10232405696507851,-0.10232405696507857,-5.551115123125783e-17
17,2,32768,joint,-0.030243934135353825,-0.03024393413535383,-3.469446951953614e-18
17,2,32768,pair_coarse,-0.20667965857535414,-0.20667965857535414,0.0
17,2,32768,separate,-0.19459077253518658,-0.1945907725351866,-2.7755575615628914e-17
17,2,32768,exact,0.1407313209405269,0.14073132094052693,2.7755575615628914e-17
17,2,131072,joint,0.09754996415939814,0.09754996415939814,0.0
17,2,131072,pair_coarse,0.014885304294671817,0.01488530429467181,-6.938893903907228e-18
17,2,131072,separate,0.02611038879626519,0.026110388796265184,-6.938893903907228e-18
17,2,131072,exact,0.2486414224861327,0.24864142248613277,8.326672684688674e-17
17,2,524288,joint,0.15774441326277347,0.15774441326277347,0.0
17,2,524288,pair_coarse,0.11768965265277072,0.11768965265277072,0.0
17,2,524288,separate,0.12851234407337447,0.12851234407337447,0.0
17,2,524288,exact,0.2995654577328115,0.2995654577328115,0.0
17,4,128,joint,,,
17,4,128,pair_coarse,,,
17,4,128,separate,,,
17,4,128,exact,,,
17,4,512,joint,-12.438726462958067,-11.70722220632373,0.7315042566343379
17,4,512,pair_coarse,-52.9295129157017,-40.33429857337359,12.595214342328113
17,4,512,separate,-52.785002815763534,-40.18978847343543,12.595214342328106
17,4,512,exact,-9.643409065596781,-9.438239253720951,0.20516981187583028
17,4,2048,joint,-2.6714234065629676,-2.4914424795828127,0.1799809269801549
17,4,2048,pair_coarse,-5.615423198925165,-4.124785887156032,1.4906373117691327
17,4,2048,separate,-5.588854529874583,-4.09821721810545,1.4906373117691327
17,4,2048,exact,-2.085208058087134,-2.0311405068012496,0.05406755128588436
17,4,8192,joint,-0.8881756798909828,-0.8164993903288833,0.07167628956209948
17,4,8192,pair_coarse,-1.7808865790848658,-1.2490689983836483,0.5318175807012175
17,4,8192,separate,-1.7648050489691771,-1.2329874682679598,0.5318175807012173
17,4,8192,exact,-0.5952306793869075,-0.5733700342791511,0.021860645107756427
17,4,32768,joint,-0.2759798168296137,-0.24337207270691494,0.03260774412269876
17,4,32768,pair_coarse,-0.6413650780955329,-0.4081279605199081,0.23323711757562482
17,4,32768,separate,-0.6284952036024609,-0.3952580860268359,0.23323711757562504
17,4,32768,exact,-0.07392642656956089,-0.063927348967604,0.009999077601956882
17,4,131072,joint,-0.017255453105144508,-0.001640299536881829,0.01561515356826268
17,4,131072,pair_coarse,-0.18422378801654568,-0.07419932469396472,0.11002446332258096
17,4,131072,separate,-0.17265079570581252,-0.06262633238323158,0.11002446332258094
17,4,131072,exact,0.14799678356289248,0.15279611993768,0.004799336374787522
17,4,524288,joint,0.10218827048501469,0.10983638845535064,0.007648117970335946
17,4,524288,pair_coarse,0.02219246646098713,0.07571548749044088,0.05352302102945375
17,4,524288,separate,0.03317956631627281,0.08670258734572658,0.05352302102945378
17,4,524288,exact,0.2507805590871358,0.25313369538741304,0.0023531363002772254
18,1,128,joint,-6.388651923474436,-6.388651923474436,0.0
18,1,128,pair_coarse,-30.628888241312655,-30.62888824131265,3.552713678800501e-15
18,1,128,separate,-30.587272443299252,-30.58727244329925,3.552713678800501e-15
18,1,128,exact,-5.521337258508663,-5.521337258508663,0.0
18,1,512,joint,-1.1971962275263182,-1.1971962275263182,0.0
18,1,512,pair_coarse,-2.896440035642387,-2.896440035642387,0.0
18,1,512,separate,-2.8887888308811487,-2.8887888308811487,0.0
18,1,512,exact,-0.9919548748381237,-0.9919548748381238,-1.1102230246251565e-16
18,1,2048,joint,-0.2657096415691254,-0.2657096415691254,0.0
18,1,2048,pair_coarse,-0.7649795202541625,-0.7649795202541624,1.1102230246251565e-16
18,1,2048,separate,-0.7603483857568,-0.7603483857568,0.0
18,1,2048,exact,-0.1525491429232047,-0.1525491429232047,0.0
18,1,8192,joint,0.04422425367733275,0.044224253677332716,-3.469446951953614e-17
18,1,8192,pair_coarse,-0.15645005201060447,-0.1564500520106045,-2.7755575615628914e-17
18,1,8192,separate,-0.15274380519747033,-0.15274380519747036,-2.7755575615628914e-17
18,1,8192,exact,0.1286284796752969,0.12862847967529686,-2.7755575615628914e-17
18,1,32768,joint,0.1724665378057671,0.1724665378057671,0.0
18,1,32768,pair_coarse,0.0816476985688383,0.08164769856883836,5.551115123125783e-17
18,1,32768,separate,0.08498047123054298,0.08498047123054298,0.0
18,1,32768,exact,0.24522710833076555,0.2452271083307656,5.551115123125783e-17
18,1,131072,joint,0.2309588126091939,0.2309588126091939,0.0
18,1,131072,pair_coarse,0.1876631430286197,0.18766314302861964,-5.551115123125783e-17
18,1,131072,separate,0.1908271912752564,0.19082719127525638,-2.7755575615628914e-17
18,1,131072,exact,0.2984540491133542,0.2984540491133542,0.0
18,1,524288,joint,0.2589087142161006,0.25890871421610057,-5.551115123125783e-17
18,1,524288,pair_coarse,0.23775972827736938,0.23775972827736938,0.0
18,1,524288,separate,0.24084349560341747,0.24084349560341747,0.0
18,1,524288,exact,0.3238973976784488,0.3238973976784488,0.0
18,2,128,joint,-48.26368152035851,-48.26368152035851,0.0
18,2,128,pair_coarse,,,
18,2,128,separate,,,
18,2,128,exact,-36.83822188842033,-36.83822188842033,0.0
18,2,512,joint,-3.3686397204203065,-3.3686397204203065,0.0
18,2,512,pair_coarse,-9.03442047756703,-9.034420477567032,-1.7763568394002505e-15
18,2,512,separate,-9.021621911874872,-9.021621911874872,0.0
18,2,512,exact,-2.9605331724945856,-2.960533172494586,-4.440892098500626e-16
18,2,2048,joint,-0.8884792870328635,-0.8884792870328636,-1.1102230246251565e-16
18,2,2048,pair_coarse,-2.058068159441834,-2.0580681594418344,-4.440892098500626e-16
18,2,2048,separate,-2.052427846231366,-2.052427846231366,0.0
18,2,2048,exact,-0.7277593865164391,-0.7277593865164392,-1.1102230246251565e-16
18,2,8192,joint,-0.20427575494760072,-0.20427575494760072,0.0
18,2,8192,pair_coarse,-0.6299382374576423,-0.6299382374576423,0.0
18,2,8192,separate,-0.6258809493297901,-0.6258809493297901,0.0
18,2,8192,exact,-0.10232405696507851,-0.10232405696507857,-5.551115123125783e-17
18,2,32768,joint,0.06032218686939947,0.060322186869399476,6.938893903907228e-18
18,2,32768,pair_coarse,-0.1251469178441889,-0.12514691784418888,2.7755575615628914e-17
18,2,32768,separate,-0.12166557889369395,-0.12166557889369398,-2.7755575615628914e-17
18,2,32768,exact,0.1407313209405269,0.14073132094052693,2.7755575615628914e-17
18,2,131072,joint,0.1775634759986711,0.1775634759986711,0.0
18,2,131072,pair_coarse,0.09059218922293365,0.09059218922293365,0.0
18,2,131072,separate,0.09382477192477638,0.09382477192477638,0.0
18,2,131072,exact,0.2486414224861327,0.24864142248613277,8.326672684688674e-17
18,2,524288,joint,0.2328415127842625,0.23284151278426246,-2.7755575615628914e-17
18,2,524288,pair_coarse,0.19068262244978446,0.19068262244978446,0.0
18,2,524288,separate,0.19379932460633925,0.1937993246063392,-5.551115123125783e-17
18,2,524288,exact,0.2995654577328115,0.2995654577328115,0.0
18,4,128,joint,,,
18,4,128,pair_coarse,,,
18,4,128,separate,,,
18,4,128,exact,,,
18,4,512,joint,-10.915362666007836,-10.473151558062337,0.4422111079454982
18,4,512,pair_coarse,-51.95487352608844,-39.35965918376033,12.595214342328113
18,4,512,separate,-51.913257728075045,-39.31804338574693,12.595214342328113
18,4,512,exact,-9.643409065596781,-9.438239253720951,0.20516981187583028
18,4,2048,joint,-2.3595643421592927,-2.2467444399321845,0.11281990222710814
18,4,2048,pair_coarse,-5.436232461410096,-3.9455951496409627,1.4906373117691336
18,4,2048,separate,-5.428581256648857,-3.937943944879724,1.4906373117691332
18,4,2048,exact,-2.085208058087134,-2.0311405068012496,0.05406755128588436
18,4,8192,joint,-0.7329671140732139,-0.6876822543978073,0.04528485967540663
18,4,8192,pair_coarse,-1.6724256984771526,-1.1406081177759353,0.5318175807012173
18,4,8192,separate,-1.6677945639797902,-1.1359769832785729,0.5318175807012173
18,4,8192,exact,-0.5952306793869075,-0.5733700342791511,0.021860645107756427
18,4,32768,joint,-0.1690178817104968,-0.14835859090339013,0.020659290807106684
18,4,32768,pair_coarse,-0.5545650092720085,-0.3213278916963834,0.23323711757562504
18,4,32768,separate,-0.5508587624588743,-0.3176216448832493,0.23323711757562504
18,4,32768,exact,-0.07392642656956089,-0.063927348967604,0.009999077601956882
18,4,131072,joint,0.07021953501854263,0.0801245528567424,0.009905017838199776
18,4,131072,pair_coarse,-0.10617046048747766,0.003854002835103303,0.11002446332258096
18,4,131072,separate,-0.10283768782577299,0.007186775496807922,0.11002446332258091
18,4,131072,exact,0.14799678356289248,0.15279611993768,0.004799336374787522
18,4,524288,joint,0.1808511272169448,0.1857051264453112,0.004853999228366407
18,4,524288,pair_coarse,0.09629427872987154,0.14981729975932528,0.05352302102945375
18,4,524288,separate,0.09945832697650825,0.15298134800596203,0.05352302102945378
18,4,524288,exact,0.2507805590871358,0.25313369538741304,0.0023531363002772254
19,1,128,joint,-5.935495063823343,-5.935495063823343,0.0
19,1,128,pair_coarse,-30.183499733237753,-30.183499733237753,0.0
19,1,128,separate,-30.16939629142934,-30.169396291429337,3.552713678800501e-15
19,1,128,exact,-5.521337258508663,-5.521337258508663,0.0
19,1,512,joint,-1.0912175841289704,-1.0912175841289704,0.0
19,1,512,pair_coarse,-2.8145538569252038,-2.8145538569252038,0.0
19,1,512,separate,-2.811960891602765,-2.8119608916027645,4.440892098500626e-16
19,1,512,exact,-0.9919548748381237,-0.9919548748381238,-1.1102230246251565e-16
19,1,2048,joint,-0.20742208690591626,-0.20742208690591626,0.0
19,1,2048,pair_coarse,-0.7154153118780494,-0.7154153118780494,0.0
19,1,2048,separate,-0.713845837327316,-0.713845837327316,0.0
19,1,2048,exact,-0.1525491429232047,-0.1525491429232047,0.0
19,1,8192,joint,0.0876608221707775,0.08766082217077747,-2.7755575615628914e-17
19,1,8192,pair_coarse,-0.11678435250563307,-0.1167843525056331,-2.7755575615628914e-17
19,1,8192,separate,-0.11552831900989596,-0.11552831900989599,-2.7755575615628914e-17
19,1,8192,exact,0.1286284796752969,0.12862847967529686,-2.7755575615628914e-17
19,1,32768,joint,0.20989648205804382,0.20989648205804382,0.0
19,1,32768,pair_coarse,0.11731633198231822,0.11731633198231822,0.0
19,1,32768,separate,0.1184457964534763,0.1184457964534763,0.0
19,1,32768,exact,0.24522710833076555,0.2452271083307656,5.551115123125783e-17
19,1,131072,joint,0.2656738739915668,0.2656738739915668,0.0
19,1,131072,pair_coarse,0.22152602191881202,0.221526021918812,-2.7755575615628914e-17
19,1,131072,separate,0.22259830630252345,0.22259830630252342,-2.7755575615628914e-17
19,1,131072,exact,0.2984540491133542,0.2984540491133542,0.0
19,1,524288,joint,0.2923316658496157,0.29233166584961573,5.551115123125783e-17
19,1,524288,pair_coarse,0.270763409431252,0.270763409431252,0.0
19,1,524288,separate,0.2718084869044656,0.2718084869044656,0.0
19,1,524288,exact,0.3238973976784488,0.3238973976784488,0.0
19,2,128,joint,-41.91147738507527,-41.911477385075266,7.105427357601002e-15
19,2,128,pair_coarse,,,
19,2,128,separate,,,
19,2,128,exact,-36.83822188842033,-36.83822188842033,0.0
19,2,512,joint,-3.1574138597594095,-3.157413859759409,4.440892098500626e-16
19,2,512,pair_coarse,-8.897445233759527,-8.897445233759527,0.0
19,2,512,separate,-8.893107846635232,-8.893107846635234,-1.7763568394002505e-15
19,2,512,exact,-2.9605331724945856,-2.960533172494586,-4.440892098500626e-16
19,2,2048,joint,-0.805676885955483,-0.805676885955483,0.0
19,2,2048,pair_coarse,-1.9977033267146909,-1.9977033267146906,2.220446049250313e-16
19,2,2048,separate,-1.9957918451874241,-1.9957918451874244,-2.220446049250313e-16
19,2,2048,exact,-0.7277593865164391,-0.7277593865164392,-1.1102230246251565e-16
19,2,8192,joint,-0.15181391045515658,-0.15181391045515652,5.551115123125783e-17
19,2,8192,pair_coarse,-0.5865155568325537,-0.5865155568325535,2.220446049250313e-16
19,2,8192,separate,-0.5851405567185894,-0.5851405567185894,0.0
19,2,8192,exact,-0.10232405696507851,-0.10232405696507857,-5.551115123125783e-17
19,2,32768,joint,0.1016824168034126,0.1016824168034126,0.0
19,2,32768,pair_coarse,-0.08788827004018335,-0.08788827004018332,2.7755575615628914e-17
19,2,32768,separate,-0.08670845699688035,-0.08670845699688032,2.7755575615628914e-17
19,2,32768,exact,0.1407313209405269,0.14073132094052693,2.7755575615628914e-17
19,2,131072,joint,0.2141187591061042,0.21411875910610415,-5.551115123125783e-17
19,2,131072,pair_coarse,0.12518855059365203,0.125188550593652,-2.7755575615628914e-17
19,2,131072,separate,0.12628406105368567,0.12628406105368564,-2.7755575615628914e-17
19,2,131072,exact,0.2486414224861327,0.24864142248613277,8.326672684688674e-17
19,2,524288,joint,0.2671555800670657,0.26715558006706575,5.551115123125783e-17
19,2,524288,pair_coarse,0.22403878501032742,0.22403878501032742,0.0
19,2,524288,separate,0.2250950239771971,0.22509502397719705,-5.551115123125783e-17
19,2,524288,exact,0.2995654577328115,0.2995654577328115,0.0
19,4,128,joint,,,
19,4,128,pair_coarse,,,
19,4,128,separate,,,
19,4,128,exact,,,
19,4,512,joint,-10.251797589321045,-9.933840975187731,0.31795661413331366
19,4,512,pair_coarse,-51.50948501801354,-38.91427067568543,12.595214342328113
19,4,512,separate,-51.495381576205126,-38.90016723387701,12.595214342328113
19,4,512,exact,-9.643409065596781,-9.438239253720951,0.20516981187583028
19,4,2048,joint,-2.218125799060532,-2.1356462904893565,0.08247950857117559
19,4,2048,pair_coarse,-5.354346282692913,-3.8637089709237795,1.4906373117691336
19,4,2048,separate,-5.351753317370473,-3.86111600560134,1.4906373117691336
19,4,2048,exact,-2.085208058087134,-2.0311405068012496,0.05406755128588436
19,4,8192,joint,-0.6621071356301627,-0.6288776933917388,0.033229442238423834
19,4,8192,pair_coarse,-1.6228614901010396,-1.0910439093998223,0.5318175807012173
19,4,8192,separate,-1.6212920155503063,-1.0894744348490888,0.5318175807012175
19,4,8192,exact,-0.5952306793869075,-0.5733700342791511,0.021860645107756427
19,4,32768,joint,-0.12011952637568965,-0.10493985257744814,0.015179673798241505
19,4,32768,pair_coarse,-0.5148993097670369,-0.28166219219141203,0.23323711757562487
19,4,32768,separate,-0.5136432762712999,-0.2804061586956749,0.23323711757562499
19,4,32768,exact,-0.07392642656956089,-0.063927348967604,0.009999077601956882
19,4,131072,joint,0.11021221314818974,0.11749414953661469,0.007281936388424948
19,4,131072,pair_coarse,-0.07050182707399774,0.03952263624858317,0.11002446332258091
19,4,131072,separate,-0.06937236260283966,0.04065210071974125,0.11002446332258091
19,4,131072,exact,0.14799678356289248,0.15279611993768,0.004799336374787522
19,4,524288,joint,0.21680944305897604,0.22037891343917354,0.0035694703801975036
19,4,524288,pair_coarse,0.13015715762006388,0.18368017864951763,0.05352302102945375
19,4,524288,separate,0.13122944200377532,0.18475246303322906,0.05352302102945375
19,4,524288,exact,0.2507805590871358,0.25313369538741304,0.0023531363002772254
20,1,128,joint,-8.296077926157233,-8.296077926157231,1.7763568394002505e-15
20,1,128,pair_coarse,-32.2229619279076,-32.2229619279076,0.0
20,1,128,separate,-32.068034293501846,-32.068034293501846,0.0
20,1,128,exact,-6.354815162573715,-6.354815162573714,8.881784197001252e-16
20,1,512,joint,-1.6038493753568628,-1.6038493753568628,0.0
20,1,512,pair_coarse,-3.189859814263783,-3.189859814263782,8.881784197001252e-16
20,1,512,separate,-3.161375846381417,-3.161375846381417,0.0
20,1,512,exact,-1.1817495923614763,-1.1817495923614765,-2.220446049250313e-16
20,1,2048,joint,-0.48252372962843737,-0.48252372962843737,0.0
20,1,2048,pair_coarse,-0.9427475034336978,-0.942747503433698,-1.1102230246251565e-16
20,1,2048,separate,-0.9255066779169028,-0.9255066779169027,1.1102230246251565e-16
20,1,2048,exact,-0.25458100158508634,-0.25458100158508634,0.0
20,1,8192,joint,-0.11472113536449526,-0.11472113536449528,-2.7755575615628914e-17
20,1,8192,pair_coarse,-0.29880001113205584,-0.29880001113205584,0.0
20,1,8192,separate,-0.285002365077117,-0.28500236507711696,5.551115123125783e-17
20,1,8192,exact,0.05376429974397276,0.05376429974397279,2.7755575615628914e-17
20,1,32768,joint,0.03672418644944256,0.03672418644944253,-2.7755575615628914e-17
20,1,32768,pair_coarse,-0.04640028993934919,-0.04640028993934921,-1.3877787807814457e-17
20,1,32768,separate,-0.03399301652063941,-0.03399301652063942,-1.3877787807814457e-17
20,1,32768,exact,0.1813181152008389,0.18131811520083893,2.7755575615628914e-17
20,1,131072,joint,0.10566217489349256,0.10566217489349256,0.0
20,1,131072,pair_coarse,0.06607635569541445,0.06607635569541444,-1.3877787807814457e-17
20,1,131072,separate,0.07785550047690445,0.07785550047690444,-1.3877787807814457e-17
20,1,131072,exact,0.23948926824642416,0.23948926824642414,-2.7755575615628914e-17
20,1,524288,joint,0.13857409394244974,0.13857409394244977,2.7755575615628914e-17
20,1,524288,pair_coarse,0.11924725107424736,0.11924725107424736,0.0
20,1,524288,separate,0.13072752538566482,0.13072752538566482,0.0
20,1,524288,exact,0.2672840255492191,0.2672840255492191,0.0
20,2,128,joint,-92.01222074576954,-92.01222074576951,2.842170943040401e-14
20,2,128,pair_coarse,,,
20,2,128,separate,,,
20,2,128,exact,-48.225400006396924,-48.225400006396924,0.0
20,2,512,joint,-4.2060520070566,-4.2060520070566,0.0
20,2,512,pair_coarse,-9.524955383133937,-9.524955383133939,-1.7763568394002505e-15
20,2,512,separate,-9.477308777731,-9.477308777731,0.0
20,2,512,exact,-3.3484721832941857,-3.3484721832941857,0.0
20,2,2048,joint,-1.2018458619144916,-1.2018458619144916,0.0
20,2,2048,pair_coarse,-2.2744820415226044,-2.274482041522605,-4.440892098500626e-16
20,2,2048,separate,-2.25348423720983,-2.2534842372098303,-4.440892098500626e-16
20,2,2048,exact,-0.8759566374798342,-0.8759566374798342,0.0
20,2,8192,joint,-0.39832105860226896,-0.398321058602269,-5.551115123125783e-17
20,2,8192,pair_coarse,-0.7857311150459373,-0.7857311150459372,1.1102230246251565e-16
20,2,8192,separate,-0.7706266095033957,-0.7706266095033957,0.0
20,2,8192,exact,-0.1941868051043782,-0.19418680510437825,-5.551115123125783e-17
20,2,32768,joint,-0.09062592523329543,-0.0906259252332954,2.7755575615628914e-17
20,2,32768,pair_coarse,-0.2588841640647698,-0.2588841640647698,0.0
20,2,32768,separate,-0.2459238068467946,-0.24592380684679457,2.7755575615628914e-17
20,2,32768,exact,0.06941826161210296,0.06941826161210293,-2.7755575615628914e-17
20,2,131072,joint,0.04516402769641614,0.04516402769641617,2.7755575615628914e-17
20,2,131072,pair_coarse,-0.033619084331341934,-0.03361908433134197,-3.469446951953614e-17
20,2,131072,separate,-0.02158479891751476,-0.021584798917514768,-6.938893903907228e-18
20,2,131072,exact,0.18620939904484277,0.18620939904484282,5.551115123125783e-17
20,2,524288,joint,0.10907125261653336,0.10907125261653339,2.7755575615628914e-17
20,2,524288,pair_coarse,0.07090892549087487,0.07090892549087487,0.0
20,2,524288,separate,0.08251180985961494,0.08251180985961494,0.0
20,2,524288,exact,0.24127294209217293,0.24127294209217293,0.0
20,4,128,joint,,,
20,4,128,pair_coarse,,,
20,4,128,separate,,,
20,4,128,exact,,,
20,4,512,joint,-13.720664600001143,-12.727613215301927,0.9930513846992159
20,4,512,pair_coarse,-53.54894721268339,-40.953732870355275,12.595214342328113
20,4,512,separate,-53.394019578277636,-40.79880523594952,12.595214342328113
20,4,512,exact,-10.886111877581216,-10.44116983093223,0.4449420466489862
20,4,2048,joint,-2.9070150513574324,-2.669986789527412,0.23702826183002035
20,4,2048,pair_coarse,-5.72965224003149,-4.239014928262359,1.4906373117691318
20,4,2048,separate,-5.701168272149126,-4.210530960379994,1.4906373117691327
20,4,2048,exact,-2.3448794043862717,-2.2314033614190647,0.11347604296720704
20,4,8192,joint,-0.9989713990560871,-0.9051757603343371,0.09379563872175001
20,4,8192,pair_coarse,-1.8501936816566882,-1.3183761009554709,0.5318175807012173
20,4,8192,separate,-1.832952856139893,-1.3011352754386756,0.5318175807012173
20,4,8192,exact,-0.7221077047660923,-0.6765630768941144,0.04554462787197788
20,4,32768,joint,-0.34922437157477704,-0.30664973320134953,0.04257463837342751
20,4,32768,pair_coarse,-0.6969149683934597,-0.4636778508178348,0.23323711757562487
20,4,32768,separate,-0.6831173223385208,-0.4498802047628959,0.23323711757562493
20,4,32768,exact,-0.159594670938922,-0.1388174594499618,0.020777211488960196
20,4,131072,joint,-0.0754778543976854,-0.055109065839791666,0.02036878855789373
20,4,131072,pair_coarse,-0.23421844899566516,-0.12419398567308425,0.11002446332258091
20,4,131072,separate,-0.22181117557695543,-0.11178671225437446,0.11002446332258096
20,4,131072,exact,0.0790163163089969,0.08897775148798723,0.009961435178990327
20,4,524288,joint,0.05072960158335659,0.06070166602055937,0.009972064437202777
20,4,524288,pair_coarse,-0.02529250860333368,0.02823051242612007,0.05352302102945375
20,4,524288,separate,-0.013513363821843677,0.04000965720761007,0.05352302102945375
20,4,524288,exact,0.18935500507395744,0.19423662501563946,0.004881619941682014
21,1,128,joint,-7.17724411033115,-7.177244110331151,-8.881784197001252e-16
21,1,128,pair_coarse,-31.26322291230532,-31.26322291230532,0.0
21,1,128,separate,-31.217232173167854,-31.21723217316785,3.552713678800501e-15
21,1,128,exact,-6.354815162573715,-6.354815162573714,8.881784197001252e-16
21,1,512,joint,-1.365785563103497,-1.3657855631034967,2.220446049250313e-16
21,1,512,pair_coarse,-3.013408560743237,-3.0134085607432364,4.440892098500626e-16
21,1,512,separate,-3.0049530083074014,-3.004953008307401,4.440892098500626e-16
21,1,512,exact,-1.1817495923614763,-1.1817495923614765,-2.220446049250313e-16
21,1,2048,joint,-0.35450462787486203,-0.35450462787486203,0.0
21,1,2048,pair_coarse,-0.8359447824528561,-0.835944782452856,1.1102230246251565e-16
21,1,2048,separate,-0.8308267909989824,-0.8308267909989825,-1.1102230246251565e-16
21,1,2048,exact,-0.25458100158508634,-0.25458100158508634,0.0
21,1,8192,joint,-0.02023364788370989,-0.020233647883709863,2.7755575615628914e-17
21,1,8192,pair_coarse,-0.21332694951081804,-0.21332694951081804,0.0
21,1,8192,separate,-0.20923107634488652,-0.2092310763448865,2.7755575615628914e-17
21,1,8192,exact,0.05376429974397276,0.05376429974397279,2.7755575615628914e-17
21,1,32768,joint,0.1177634944755505,0.1177634944755505,0.0
21,1,32768,pair_coarse,0.030459751349311448,0.030459751349311462,1.3877787807814457e-17
21,1,32768,separate,0.03414288817248562,0.03414288817248563,1.3877787807814457e-17
21,1,32768,exact,0.1813181152008389,0.18131811520083893,2.7755575615628914e-17
21,1,131072,joint,0.18064616049204196,0.18064616049204196,0.0
21,1,131072,pair_coarse,0.13904529284200795,0.13904529284200792,-2.7755575615628914e-17
21,1,131072,separate,0.14254196777018222,0.1425419677701822,-2.7755575615628914e-17
21,1,131072,exact,0.23948926824642416,0.23948926824642414,-2.7755575615628914e-17
21,1,524288,joint,0.21068132860423733,0.21068132860423733,0.0
21,1,524288,pair_coarse,0.19036475834624036,0.19036475834624036,0.0
21,1,524288,separate,0.19377271266703094,0.19377271266703094,0.0
21,1,524288,exact,0.2672840255492191,0.2672840255492191,0.0
21,2,128,joint,-62.773080006115826,-62.773080006115826,0.0
21,2,128,pair_coarse,,,
21,2,128,separate,,,
21,2,128,exact,-48.225400006396924,-48.225400006396924,0.0
21,2,512,joint,-3.720319878146492,-3.720319878146492,0.0
21,2,512,pair_coarse,-9.229796250667976,-9.229796250667977,-1.7763568394002505e-15
21,2,512,separate,-9.215652211044075,-9.215652211044075,0.0
21,2,512,exact,-3.3484721832941857,-3.3484721832941857,0.0
21,2,2048,joint,-1.0187553899621797,-1.0187553899621797,0.0
21,2,2048,pair_coarse,-2.144405750625575,-2.1444057506255754,-4.440892098500626e-16
21,2,2048,separate,-2.13817248859771,-2.13817248859771,0.0
21,2,2048,exact,-0.8759566374798342,-0.8759566374798342,0.0
21,2,8192,joint,-0.28386552311598023,-0.2838655231159803,-5.551115123125783e-17
21,2,8192,pair_coarse,-0.6921623767368505,-0.6921623767368505,0.0
21,2,8192,separate,-0.6876785583601489,-0.6876785583601488,1.1102230246251565e-16
21,2,8192,exact,-0.1941868051043782,-0.19418680510437825,-5.551115123125783e-17
21,2,32768,joint,-0.0009462913254918714,-0.0009462913254918556,1.5829351718288365e-17
21,2,32768,pair_coarse,-0.1785979031537117,-0.17859790315371174,-2.7755575615628914e-17
21,2,32768,separate,-0.17475058172376456,-0.1747505817237646,-2.7755575615628914e-17
21,2,32768,exact,0.06941826161210296,0.06941826161210293,-2.7755575615628914e-17
21,2,131072,joint,0.1241817397879243,0.12418173978792431,1.3877787807814457e-17
21,2,131072,pair_coarse,0.04093038698050032,0.04093038698050031,-6.938893903907228e-18
21,2,131072,separate,0.04450280118082055,0.04450280118082057,2.0816681711721685e-17
21,2,131072,exact,0.18620939904484277,0.18620939904484282,5.551115123125783e-17
21,2,524288,joint,0.18312906083413805,0.18312906083413805,0.0
21,2,524288,pair_coarse,0.1427859722483128,0.1427859722483128,0.0
21,2,524288,separate,0.14623032373726247,0.14623032373726247,0.0
21,2,524288,exact,0.24127294209217293,0.24127294209217293,0.0
21,4,128,joint,,,
21,4,128,pair_coarse,,,
21,4,128,separate,,,
21,4,128,exact,,,
21,4,512,joint,-12.090976916715844,-11.415130455118264,0.6758464615975797
21,4,512,pair_coarse,-52.58920819708111,-39.993993854753,12.595214342328113
21,4,512,separate,-52.54321745794365,-39.948003115615535,12.595214342328113
21,4,512,exact,-10.886111877581216,-10.44116983093223,0.4449420466489862
21,4,2048,joint,-2.590836809629354,-2.4234259755060816,0.1674108341232725
21,4,2048,pair_coarse,-5.553200986510945,-4.062563674741813,1.4906373117691327
21,4,2048,separate,-5.54474543407511,-4.054108122305977,1.4906373117691327
21,4,2048,exact,-2.3448794043862717,-2.2314033614190647,0.11347604296720704
21,4,8192,joint,-0.8438031937042823,-0.7770367375786571,0.06676645612562515
21,4,8192,pair_coarse,-1.7433909606758462,-1.2115733799746289,0.5318175807012173
21,4,8192,separate,-1.7382729692219727,-1.2064553885207552,0.5318175807012175
21,4,8192,exact,-0.7221077047660923,-0.6765630768941144,0.04554462787197788
21,4,32768,joint,-0.24302352825238577,-0.21263388974673134,0.03038963850565443
21,4,32768,pair_coarse,-0.6114419067722219,-0.37820478919659695,0.23323711757562493
21,4,32768,separate,-0.6073460336062904,-0.37410891603066543,0.23323711757562493
21,4,32768,exact,-0.159594670938922,-0.1388174594499618,0.020777211488960196
21,4,131072,joint,0.011041900103734348,0.025597988346021505,0.014556088242287157
21,4,131072,pair_coarse,-0.15735840770700452,-0.04733394438442358,0.11002446332258094
21,4,131072,separate,-0.15367527088383034,-0.04365080756124941,0.11002446332258094
21,4,131072,exact,0.0790163163089969,0.08897775148798723,0.009961435178990327
21,4,524288,joint,0.12836889208520166,0.13549899746165256,0.007130105376450896
21,4,524288,pair_coarse,0.04767642854325979,0.10119944957271357,0.05352302102945378
21,4,524288,separate,0.051173103471434084,0.10469612450088783,0.05352302102945375
21,4,524288,exact,0.18935500507395744,0.19423662501563946,0.004881619941682014
22,1,128,joint,-6.736752208054148,-6.736752208054148,0.0
22,1,128,pair_coarse,-30.865172195202156,-30.865172195202152,3.552713678800501e-15
22,1,128,separate,-30.84820782281677,-30.848207822816768,3.552713678800501e-15
22,1,128,exact,-6.354815162573715,-6.354815162573714,8.881784197001252e-16
22,1,512,joint,-1.2682383868295102,-1.2682383868295102,0.0
22,1,512,pair_coarse,-2.9402255944828424,-2.9402255944828424,0.0
22,1,512,separate,-2.937106637428969,-2.9371066374289687,4.440892098500626e-16
22,1,512,exact,-1.1817495923614763,-1.1817495923614765,-2.220446049250313e-16
22,1,2048,joint,-0.30165202764361104,-0.30165202764361104,0.0
22,1,2048,pair_coarse,-0.7916484696179393,-0.7916484696179394,-1.1102230246251565e-16
22,1,2048,separate,-0.7897606218790889,-0.789760621879089,-1.1102230246251565e-16
22,1,2048,exact,-0.25458100158508634,-0.25458100158508634,0.0
22,1,8192,joint,0.018876464186664013,0.018876464186664034,2.0816681711721685e-17
22,1,8192,pair_coarse,-0.17787708979037503,-0.17787708979037506,-2.7755575615628914e-17
22,1,8192,separate,-0.17636626567810154,-0.17636626567810154,0.0
22,1,8192,exact,0.05376429974397276,0.05376429974397279,2.7755575615628914e-17
22,1,32768,joint,0.15134307210113904,0.15134307210113904,0.0
22,1,32768,pair_coarse,0.06233737021669816,0.06233737021669816,0.0
22,1,32768,separate,0.06369595035231823,0.06369595035231823,0.0
22,1,32768,exact,0.1813181152008389,0.18131811520083893,2.7755575615628914e-17
22,1,131072,joint,0.2117316801654787,0.21173168016547866,-2.7755575615628914e-17
22,1,131072,pair_coarse,0.16930908048143214,0.16930908048143212,-2.7755575615628914e-17
22,1,131072,separate,0.17059888135666662,0.17059888135666657,-5.551115123125783e-17
22,1,131072,exact,0.23948926824642416,0.23948926824642414,-2.7755575615628914e-17
22,1,524288,joint,0.2405811141305657,0.2405811141305657,0.0
22,1,524288,pair_coarse,0.219860667450698,0.21986066745069796,-2.7755575615628914e-17
22,1,524288,separate,0.2211177424021891,0.2211177424021891,0.0
22,1,524288,exact,0.2672840255492191,0.2672840255492191,0.0
22,2,128,joint,-54.44861933844361,-54.44861933844361,0.0
22,2,128,pair_coarse,,,
22,2,128,separate,,,
22,2,128,exact,-48.225400006396924,-48.225400006396924,0.0
22,2,512,joint,-3.5228114119746015,-3.5228114119746015,0.0
22,2,512,pair_coarse,-9.10737932020288,-9.107379320202881,-1.7763568394002505e-15
22,2,512,separate,-9.102162079521092,-9.102162079521092,0.0
22,2,512,exact,-3.3484721832941857,-3.3484721832941857,0.0
22,2,2048,joint,-0.9432087207213972,-0.943208720721397,1.1102230246251565e-16
22,2,2048,pair_coarse,-2.0904567498785434,-2.0904567498785434,0.0
22,2,2048,separate,-2.0881575178983764,-2.0881575178983764,0.0
22,2,2048,exact,-0.8759566374798342,-0.8759566374798342,0.0
22,2,8192,joint,-0.23647071574506887,-0.23647071574506887,0.0
22,2,8192,pair_coarse,-0.6533548438796003,-0.6533548438796002,1.1102230246251565e-16
22,2,8192,separate,-0.6517009203707078,-0.6517009203707078,0.0
22,2,8192,exact,-0.1941868051043782,-0.19418680510437825,-5.551115123125783e-17
22,2,32768,joint,0.03622841957002161,0.03622841957002161,0.0
22,2,32768,pair_coarse,-0.1452992634093188,-0.1452992634093188,0.0
22,2,32768,separate,-0.1438801213244567,-0.14388012132445674,-2.7755575615628914e-17
22,2,32768,exact,0.06941826161210296,0.06941826161210293,-2.7755575615628914e-17
22,2,131072,joint,0.15694786188835513,0.15694786188835513,0.0
22,2,131072,pair_coarse,0.07184969945287976,0.07184969945287976,0.0
22,2,131072,separate,0.07316743789208864,0.07316743789208867,2.7755575615628914e-17
22,2,131072,exact,0.18620939904484277,0.18620939904484282,5.551115123125783e-17
22,2,524288,joint,0.21384204482902575,0.21384204482902577,2.7755575615628914e-17
22,2,524288,pair_coarse,0.1725968995316029,0.1725968995316029,0.0
22,2,524288,separate,0.17386740012325558,0.17386740012325558,0.0
22,2,524288,exact,0.24127294209217293,0.24127294209217293,0.0
22,4,128,joint,,,
22,4,128,pair_coarse,,,
22,4,128,separate,,,
22,4,128,exact,,,
22,4,512,joint,-11.446418597205206,-10.894542318075919,0.5518762791292868
22,4,512,pair_coarse,-52.191157479977946,-39.59594313764983,12.595214342328113
22,4,512,separate,-52.17419310759256,-39.57897876526445,12.595214342328106
22,4,512,exact,-10.886111877581216,-10.44116983093223,0.4449420466489862
22,4,2048,joint,-2.460635993849638,-2.3218115824988486,0.1388244113507895
22,4,2048,pair_coarse,-5.480018020250552,-3.9893807084814177,1.490637311769134
22,4,2048,separate,-5.476899063196678,-3.9862617514275445,1.4906373117691332
22,4,2048,exact,-2.3448794043862717,-2.2314033614190647,0.11347604296720704
22,4,8192,joint,-0.7794975842045517,-0.7239471896326971,0.05555039457185462
22,4,8192,pair_coarse,-1.6990946478409297,-1.1672770671397124,0.5318175807012173
22,4,8192,separate,-1.697206800102079,-1.1653892194008617,0.5318175807012173
22,4,8192,exact,-0.7221077047660923,-0.6765630768941144,0.04554462787197788
22,4,32768,joint,-0.19895654144436023,-0.1736420662157328,0.025314475228627425
22,4,32768,pair_coarse,-0.575992047051779,-0.342754929476154,0.23323711757562499
22,4,32768,separate,-0.5744812229395054,-0.3412441053638805,0.23323711757562493
22,4,32768,exact,-0.159594670938922,-0.1388174594499618,0.020777211488960196
22,4,131072,joint,0.046943699653124435,0.059074946173131145,0.01213124652000671
22,4,131072,pair_coarse,-0.1254807888396178,-0.01545632551703689,0.11002446332258091
22,4,131072,separate,-0.12412220870399773,-0.014097745381416822,0.11002446332258091
22,4,131072,exact,0.0790163163089969,0.08897775148798723,0.009961435178990327
22,4,524288,joint,0.16058019721625594,0.16652389138682555,0.005943694170569613
22,4,524288,pair_coarse,0.07794021618268401,0.13146323721213776,0.05352302102945375
22,4,524288,separate,0.07923001705791846,0.1327530380873722,0.05352302102945375
22,4,524288,exact,0.18935500507395744,0.19423662501563946,0.004881619941682014
23,1,128,joint,-6.539354439364551,-6.539354439364552,-8.881784197001252e-16
23,1,128,pair_coarse,-30.68272930740418,-30.682729307404177,3.552713678800501e-15
23,1,128,separate,-30.6757280881023,-30.6757280881023,0.0
23,1,128,exact,-6.354815162573715,-6.354815162573714,8.881784197001252e-16
23,1,512,joint,-1.2237715153143267,-1.2237715153143267,0.0
23,1,512,pair_coarse,-2.906682854504038,-2.9066828545040373,8.881784197001252e-16
23,1,512,separate,-2.905395656732659,-2.905395656732659,0.0
23,1,512,exact,-1.1817495923614763,-1.1817495923614765,-2.220446049250313e-16
23,1,2048,joint,-0.2774784586492629,-0.2774784586492628,1.1102230246251565e-16
23,1,2048,pair_coarse,-0.7713456617465742,-0.771345661746574,1.1102230246251565e-16
23,1,2048,separate,-0.7705665444454453,-0.7705665444454454,-1.1102230246251565e-16
23,1,2048,exact,-0.25458100158508634,-0.25458100158508634,0.0
23,1,8192,joint,0.03678553146005492,0.036785531460054866,-5.551115123125783e-17
23,1,8192,pair_coarse,-0.16162897239845359,-0.16162897239845356,2.7755575615628914e-17
23,1,8192,separate,-0.16100545325513982,-0.16100545325513985,-2.7755575615628914e-17
23,1,8192,exact,0.05376429974397276,0.05376429974397279,2.7755575615628914e-17
23,1,32768,joint,0.16672722212878147,0.16672722212878147,0.0
23,1,32768,pair_coarse,0.07694818384520857,0.07694818384520857,0.0
23,1,32768,separate,0.07750887169457721,0.07750887169457721,0.0
23,1,32768,exact,0.1813181152008389,0.18131811520083893,2.7755575615628914e-17
23,1,131072,joint,0.22597641803550805,0.22597641803550805,0.0
23,1,131072,pair_coarse,0.1831802093989319,0.18318020939893187,-2.7755575615628914e-17
23,1,131072,separate,0.18371251195502583,0.1837125119550258,-2.7755575615628914e-17
23,1,131072,exact,0.23948926824642416,0.23948926824642414,-2.7755575615628914e-17
23,1,524288,joint,0.25428397427536514,0.25428397427536514,0.0
23,1,524288,pair_coarse,0.23337984629907862,0.23337984629907862,0.0
23,1,524288,separate,0.2338986428224247,0.2338986428224247,0.0
23,1,524288,exact,0.2672840255492191,0.2672840255492191,0.0
23,2,128,joint,-51.12895556490266,-51.12895556490266,0.0
23,2,128,pair_coarse,,,
23,2,128,separate,,,
23,2,128,exact,-48.225400006396924,-48.225400006396924,0.0
23,2,512,joint,-3.433077174135428,-3.4330771741354282,-4.440892098500626e-16
23,2,512,pair_coarse,-9.051270645228108,-9.05127064522811,-1.7763568394002505e-15
23,2,512,separate,-9.04911748298113,-9.049117482981131,-1.7763568394002505e-15
23,2,512,exact,-3.3484721832941857,-3.3484721832941857,0.0
23,2,2048,joint,-0.9086647575616129,-0.9086647575616129,0.0
23,2,2048,pair_coarse,-2.0657297212181414,-2.0657297212181414,0.0
23,2,2048,separate,-2.0647808250872766,-2.0647808250872766,0.0
23,2,2048,exact,-0.8759566374798342,-0.8759566374798342,0.0
23,2,8192,joint,-0.21476450395193986,-0.21476450395193986,0.0
23,2,8192,pair_coarse,-0.6355677678649713,-0.6355677678649713,0.0
23,2,8192,separate,-0.6348851914081929,-0.6348851914081928,1.1102230246251565e-16
23,2,8192,exact,-0.1941868051043782,-0.19418680510437825,-5.551115123125783e-17
23,2,32768,joint,0.053262413426178046,0.053262413426178025,-2.0816681711721685e-17
23,2,32768,pair_coarse,-0.13003713792208604,-0.13003713792208607,-2.7755575615628914e-17
23,2,32768,separate,-0.12945145607480457,-0.1294514560748046,-2.7755575615628914e-17
23,2,32768,exact,0.06941826161210296,0.06941826161210293,-2.7755575615628914e-17
23,2,131072,joint,0.17196429402504287,0.1719642940250429,2.7755575615628914e-17
23,2,131072,pair_coarse,0.08602128215279704,0.08602128215279702,-2.7755575615628914e-17
23,2,131072,separate,0.08656511457912146,0.08656511457912146,0.0
23,2,131072,exact,0.18620939904484277,0.18620939904484282,5.551115123125783e-17
23,2,524288,joint,0.22791841146666839,0.22791841146666839,0.0
23,2,524288,pair_coarse,0.18626046406699676,0.18626046406699676,0.0
23,2,524288,separate,0.18678480137009607,0.18678480137009607,0.0
23,2,524288,exact,0.24127294209217293,0.24127294209217293,0.0
23,4,128,joint,,,
23,4,128,pair_coarse,,,
23,4,128,separate,,,
23,4,128,exact,,,
23,4,512,joint,-11.156989326430915,-10.660458951381553,0.49653037504936215
23,4,512,pair_coarse,-52.00871459217997,-39.41350024985186,12.595214342328113
23,4,512,separate,-52.00171337287809,-39.40649903054998,12.595214342328113
23,4,512,exact,-10.886111877581216,-10.44116983093223,0.4449420466489862
23,4,2048,joint,-2.4011546947751703,-2.2753670624075664,0.12578763236760393
23,4,2048,pair_coarse,-5.446475280271747,-3.9558379685026135,1.4906373117691332
23,4,2048,separate,-5.445188082500368,-3.9545507707312346,1.4906373117691336
23,4,2048,exact,-2.3448794043862717,-2.2314033614190647,0.11347604296720704
23,4,8192,joint,-0.7500367850515637,-0.6996252043453002,0.050411580706263504
23,4,8192,pair_coarse,-1.6787918399695643,-1.146974259268347,0.5318175807012173
23,4,8192,separate,-1.6780127226684354,-1.146195141967218,0.5318175807012173
23,4,8192,exact,-0.7221077047660923,-0.6765630768941144,0.04554462787197788
23,4,32768,joint,-0.1787559996316449,-0.1557706300974183,0.022985369534226613
23,4,32768,pair_coarse,-0.5597439296598574,-0.3265068120842325,0.23323711757562493
23,4,32768,separate,-0.5591204105165437,-0.3258832929409188,0.23323711757562493
23,4,32768,exact,-0.159594670938922,-0.1388174594499618,0.020777211488960196
23,4,131072,joint,0.06340198241648298,0.07441963923179627,0.01101765681531329
23,4,131072,pair_coarse,-0.11086997521110745,-0.00084551188852648,0.11002446332258096
23,4,131072,separate,-0.11030928736173876,-0.00028482403915784486,0.11002446332258091
23,4,131072,exact,0.0790163163089969,0.08897775148798723,0.009961435178990327
23,4,524288,joint,0.17534579584618182,0.18074446569012179,0.005398669843939968
23,4,524288,pair_coarse,0.09181134510018377,0.14533436612963752,0.05352302102945375
23,4,524288,separate,0.0923436476562777,0.14586666868573145,0.05352302102945375
23,4,524288,exact,0.18935500507395744,0.19423662501563946,0.004881619941682014
24,1,128,joint,-6.445721893545498,-6.445721893545498,0.0
24,1,128,pair_coarse,-30.5952738367422,-30.595273836742198,3.552713678800501e-15
24,1,128,separate,-30.59228595263906,-30.59228595263906,0.0
24,1,128,exact,-6.354815162573715,-6.354815162573714,8.881784197001252e-16
24,1,512,joint,-1.20251111762873,-1.20251111762873,0.0
24,1,512,pair_coarse,-2.8906038713902262,-2.890603871390226,4.440892098500626e-16
24,1,512,separate,-2.890054538825016,-2.8900545388250154,4.440892098500626e-16
24,1,512,exact,-1.1817495923614763,-1.1817495923614765,-2.220446049250313e-16
24,1,2048,joint,-0.26590235285939234,-0.2659023528593924,-5.551115123125783e-17
24,1,2048,pair_coarse,-0.7616133469406599,-0.76161334694066,-1.1102230246251565e-16
24,1,2048,separate,-0.7612808459721645,-0.7612808459721644,1.1102230246251565e-16
24,1,2048,exact,-0.25458100158508634,-0.25458100158508634,0.0
24,1,8192,joint,0.04536653055403134,0.045366530554031274,-6.245004513516506e-17
24,1,8192,pair_coarse,-0.15384030619703343,-0.15384030619703346,-2.7755575615628914e-17
24,1,8192,separate,-0.1535742092707722,-0.15357420927077223,-2.7755575615628914e-17
24,1,8192,exact,0.05376429974397276,0.05376429974397279,2.7755575615628914e-17
24,1,32768,joint,0.17410017491329138,0.1741001749132914,2.7755575615628914e-17
24,1,32768,pair_coarse,0.08395199527386105,0.08395199527386105,0.0
24,1,32768,separate,0.08419127792445635,0.08419127792445635,0.0
24,1,32768,exact,0.1813181152008389,0.18131811520083893,2.7755575615628914e-17
24,1,131072,joint,0.23280404492839152,0.23280404492839143,-8.326672684688674e-17
24,1,131072,pair_coarse,0.18982944699177373,0.18982944699177373,0.0
24,1,131072,separate,0.19005661575721824,0.19005661575721822,-2.7755575615628914e-17
24,1,131072,exact,0.23948926824642416,0.23948926824642414,-2.7755575615628914e-17
24,1,524288,joint,0.26085221759114224,0.2608522175911423,5.551115123125783e-17
24,1,524288,pair_coarse,0.23986037378589312,0.23986037378589312,0.0
24,1,524288,separate,0.2400817786323967,0.24008177863239663,-5.551115123125783e-17
24,1,524288,exact,0.2672840255492191,0.2672840255492191,0.0
24,2,128,joint,-49.632415319728224,-49.632415319728224,0.0
24,2,128,pair_coarse,,,
24,2,128,separate,,,
24,2,128,exact,-48.225400006396924,-48.225400006396924,0.0
24,2,512,joint,-3.390240681954266,-3.390240681954266,0.0
24,2,512,pair_coarse,-9.024374499056751,-9.024374499056753,-1.7763568394002505e-15
24,2,512,separate,-9.023455602080121,-9.023455602080123,-1.7763568394002505e-15
24,2,512,exact,-3.3484721832941857,-3.3484721832941857,0.0
24,2,2048,joint,-0.8921247327572361,-0.8921247327572362,-1.1102230246251565e-16
24,2,2048,pair_coarse,-2.053876620471554,-2.0538766204715544,-4.440892098500626e-16
24,2,2048,separate,-2.053471663628654,-2.053471663628654,0.0
24,2,2048,exact,-0.8759566374798342,-0.8759566374798342,0.0
24,2,8192,joint,-0.20436339715098695,-0.20436339715098695,0.0
24,2,8192,pair_coarse,-0.6270413894276693,-0.6270413894276692,1.1102230246251565e-16
24,2,8192,separate,-0.6267500888332372,-0.6267500888332372,0.0
24,2,8192,exact,-0.1941868051043782,-0.19418680510437825,-5.551115123125783e-17
24,2,32768,joint,0.061426664904823805,0.06142666490482381,6.938893903907228e-18
24,2,32768,pair_coarse,-0.12272111489757587,-0.12272111489757584,2.7755575615628914e-17
24,2,32768,separate,-0.1224711656522322,-0.12247116565223223,-2.7755575615628914e-17
24,2,32768,exact,0.06941826161210296,0.06941826161210293,-2.7755575615628914e-17
24,2,131072,joint,0.17916214251719106,0.17916214251719115,8.326672684688674e-17
24,2,131072,pair_coarse,0.09281454469103763,0.09281454469103766,2.7755575615628914e-17
24,2,131072,separate,0.09304663401595718,0.09304663401595718,0.0
24,2,131072,exact,0.18620939904484277,0.18620939904484282,5.551115123125783e-17
24,2,524288,joint,0.23466586871027204,0.23466586871027206,2.7755575615628914e-17
24,2,524288,pair_coarse,0.19281020399813836,0.19281020399813836,0.0
24,2,524288,separate,0.19303397346243634,0.19303397346243634,0.0
24,2,524288,exact,0.24127294209217293,0.24127294209217293,0.0
24,4,128,joint,,,
24,4,128,pair_coarse,,,
24,4,128,separate,,,
24,4,128,exact,,,
24,4,512,joint,-11.019572416905007,-10.54924491560924,0.47032750129576684
24,4,512,pair_coarse,-51.92125912151799,-39.32604477918988,12.595214342328113
24,4,512,separate,-51.91827123741485,-39.32305689508674,12.595214342328113
24,4,512,exact,-10.886111877581216,-10.44116983093223,0.4449420466489862
24,4,2048,joint,-2.372686558835503,-2.2531326468246777,0.11955391201082533
24,4,2048,pair_coarse,-5.430396297157935,-3.9397589853888015,1.4906373117691332
24,4,2048,separate,-5.429846964592725,-3.939209652823591,1.490637311769134
24,4,2048,exact,-2.3448794043862717,-2.2314033614190647,0.11347604296720704
24,4,8192,joint,-0.7359177692077833,-0.6879687562632879,0.047949012944495384
24,4,8192,pair_coarse,-1.6690595251636502,-1.1372419444624329,0.5318175807012173
24,4,8192,separate,-1.6687270241951546,-1.1369094434939373,0.5318175807012173
24,4,8192,exact,-0.7221077047660923,-0.6765630768941144,0.04554462787197788
24,4,32768,joint,-0.16907219388288183,-0.14720382420132233,0.021868369681559502
24,4,32768,pair_coarse,-0.5519552634584373,-0.3187181458828124,0.23323711757562487
24,4,32768,separate,-0.5516891665321761,-0.31845204895655116,0.23323711757562499
24,4,32768,exact,-0.159594670938922,-0.1388174594499618,0.020777211488960196
24,4,131072,joint,0.07129201633744538,0.08177543821713731,0.010483421879691937
24,4,131072,pair_coarse,-0.10386616378245492,0.006158299540125993,0.11002446332258091
24,4,131072,separate,-0.10362688113185961,0.0063975821907213005,0.11002446332258091
24,4,131072,exact,0.0790163163089969,0.08897775148798723,0.009961435178990327
24,4,524288,joint,0.1824241924380041,0.18756135205275432,0.005137159614750225
24,4,524288,pair_coarse,0.09846058269302557,0.15198360372247938,0.053523021029453804
24,4,524288,separate,0.09868775145847011,0.15221077248792386,0.05352302102945375
24,4,524288,exact,0.18935500507395744,0.19423662501563946,0.004881619941682014
25,1,128,joint,-26.74572264465724,-26.745722644657242,-3.552713678800501e-15
25,1,128,pair_coarse,-42.56218079296877,-42.562180792968775,-7.105427357601002e-15
25,1,128,separate,-38.75535375151477,-38.755353751514775,-7.105427357601002e-15
25,1,128,exact,-6.354815162573715,-6.354815162573714,8.881784197001252e-16
25,1,512,joint,-4.363771156003253,-4.363771156003253,0.0
25,1,512,pair_coarse,-5.090760058501998,-5.090760058501999,-8.881784197001252e-16
25,1,512,separate,-4.390862073236771,-4.390862073236772,-8.881784197001252e-16
25,1,512,exact,-1.1817495923614763,-1.1817495923614765,-2.220446049250313e-16
25,1,2048,joint,-1.8955144114901243,-1.8955144114901243,0.0
25,1,2048,pair_coarse,-2.093327702480848,-2.0933277024808477,4.440892098500626e-16
25,1,2048,separate,-1.6696922352120833,-1.6696922352120835,-2.220446049250313e-16
25,1,2048,exact,-0.25458100158508634,-0.25458100158508634,0.0
25,1,8192,joint,-1.1423968488837362,-1.1423968488837364,-2.220446049250313e-16
25,1,8192,pair_coarse,-1.2195968911195407,-1.2195968911195407,0.0
25,1,8192,separate,-0.88056601188473,-0.88056601188473,0.0
25,1,8192,exact,0.05376429974397276,0.05376429974397279,2.7755575615628914e-17
25,1,32768,joint,-0.83993347002371,-0.8399334700237101,-1.1102230246251565e-16
25,1,32768,pair_coarse,-0.8744095465625248,-0.8744095465625248,0.0
25,1,32768,separate,-0.5695424120308215,-0.5695424120308215,0.0
25,1,32768,exact,0.1813181152008389,0.18131811520083893,2.7755575615628914e-17
25,1,131072,joint,-0.7036829545067251,-0.7036829545067252,-1.1102230246251565e-16
25,1,131072,pair_coarse,-0.7200142368976944,-0.7200142368976945,-1.1102230246251565e-16
25,1,131072,separate,-0.4305812570979831,-0.43058125709798306,5.551115123125783e-17
25,1,131072,exact,0.23948926824642416,0.23948926824642414,-2.7755575615628914e-17
25,1,524288,joint,-0.6389453473967585,-0.6389453473967583,1.1102230246251565e-16
25,1,524288,pair_coarse,-0.6468979830666013,-0.6468979830666013,0.0
25,1,524288,separate,-0.3648087427600288,-0.3648087427600287,5.551115123125783e-17
25,1,524288,exact,0.2672840255492191,0.2672840255492191,0.0
25,2,128,joint,,,
25,2,128,pair_coarse,,,
25,2,128,separate,,,
25,2,128,exact,-48.225400006396924,-48.225400006396924,0.0
25,2,512,joint,-10.170895346541808,-10.170895346541808,0.0
25,2,512,pair_coarse,-12.704689478524523,-12.704689478524525,-1.7763568394002505e-15
25,2,512,separate,-11.533933941095,-11.533933941095002,-1.7763568394002505e-15
25,2,512,exact,-3.3484721832941857,-3.3484721832941857,0.0
25,2,2048,joint,-3.225732889857451,-3.22573288985745,8.881784197001252e-16
25,2,2048,pair_coarse,-3.6757872076940328,-3.675787207694033,-4.440892098500626e-16
25,2,2048,separate,-3.1598365861304165,-3.1598365861304165,0.0
25,2,2048,exact,-0.8759566374798342,-0.8759566374798342,0.0
25,2,8192,joint,-1.6373643889458809,-1.6373643889458809,0.0
25,2,8192,pair_coarse,-1.7937423020228236,-1.7937423020228234,2.220446049250313e-16
25,2,8192,separate,-1.4225997336379876,-1.4225997336379874,2.220446049250313e-16
25,2,8192,exact,-0.1941868051043782,-0.19418680510437825,-5.551115123125783e-17
25,2,32768,joint,-1.0569822942679103,-1.0569822942679106,-2.220446049250313e-16
25,2,32768,pair_coarse,-1.123803907788966,-1.1238039077889663,-2.220446049250313e-16
25,2,32768,separate,-0.8053465937433897,-0.8053465937433898,-1.1102230246251565e-16
25,2,32768,exact,0.06941826161210296,0.06941826161210293,-2.7755575615628914e-17
25,2,131072,joint,-0.8056838751639656,-0.8056838751639654,1.1102230246251565e-16
25,2,131072,pair_coarse,-0.8367366898858437,-0.8367366898858436,1.1102230246251565e-16
25,2,131072,separate,-0.5410344847004838,-0.5410344847004837,1.1102230246251565e-16
25,2,131072,exact,0.18620939904484277,0.18620939904484282,5.551115123125783e-17
25,2,524288,joint,-0.6884314519308957,-0.6884314519308957,0.0
25,2,524288,pair_coarse,-0.7034187883126791,-0.7034187883126792,-1.1102230246251565e-16
25,2,524288,separate,-0.41831681703941886,-0.41831681703941886,0.0
25,2,524288,exact,0.24127294209217293,0.24127294209217293,0.0
25,4,128,joint,,,
25,4,128,pair_coarse,,,
25,4,128,separate,,,
25,4,128,exact,,,
25,4,512,joint,-39.721957033952116,-33.450266459994964,6.271690573957152
25,4,512,pair_coarse,-63.88816607774456,-51.29295173541645,12.595214342328106
25,4,512,separate,-60.081339036290565,-47.48612469396245,12.595214342328113
25,4,512,exact,-10.886111877581216,-10.44116983093223,0.4449420466489862
25,4,2048,joint,-6.443532045613365,-5.444684309388486,0.9988477362248789
25,4,2048,pair_coarse,-7.630552484269708,-6.139915172500575,1.4906373117691327
25,4,2048,separate,-6.93065449900448,-5.440017187235346,1.4906373117691336
25,4,2048,exact,-2.3448794043862717,-2.2314033614190647,0.11347604296720704
25,4,8192,joint,-2.6651204591363307,-2.2960422512316745,0.3690782079046562
25,4,8192,pair_coarse,-3.0007738807038375,-2.4689563000026205,0.5318175807012171
25,4,8192,separate,-2.5771384134350734,-2.0453208327338563,0.5318175807012171
25,4,8192,exact,-0.7221077047660923,-0.6765630768941144,0.04554462787197788
25,4,32768,joint,-1.4838405316342298,-1.3201528982081319,0.16368763342609793
25,4,32768,pair_coarse,-1.6177118483809445,-1.3844747308053196,0.23323711757562493
25,4,32768,separate,-1.278680969146134,-1.0454438515705091,0.23323711757562493
25,4,32768,exact,-0.159594670938922,-0.1388174594499618,0.020777211488960196
25,4,131072,joint,-1.001744872217607,-0.924179415131161,0.07756545708644602
25,4,131072,pair_coarse,-1.0622277056188407,-0.9522032422962597,0.11002446332258098
25,4,131072,separate,-0.7573605710871374,-0.6473361077645566,0.11002446332258076
25,4,131072,exact,0.0790163163089969,0.08897775148798723,0.009961435178990327
25,4,524288,joint,-0.782559718645565,-0.7447503848319853,0.03780933381357965
25,4,524288,pair_coarse,-0.8113831011964426,-0.7578600801669888,0.05352302102945383
25,4,524288,separate,-0.5219501213967312,-0.46842710036727747,0.05352302102945378
25,4,524288,exact,0.18935500507395744,0.19423662501563946,0.004881619941682014
26,1,128,joint,-11.768295832614491,-11.768295832614491,0.0
26,1,128,pair_coarse,-34.829346477472725,-34.829346477472725,0.0
26,1,128,separate,-34.13490447964862,-34.134904479648625,-7.105427357601002e-15
26,1,128,exact,-6.354815162573715,-6.354815162573714,8.881784197001252e-16
26,1,512,joint,-2.2688274066094416,-2.2688274066094416,0.0
26,1,512,pair_coarse,-3.669052400426117,-3.669052400426117,0.0
26,1,512,separate,-3.5413768980016593,-3.5413768980016593,0.0
26,1,512,exact,-1.1817495923614763,-1.1817495923614765,-2.220446049250313e-16
26,1,2048,joint,-0.8337323414440115,-0.8337323414440115,0.0
26,1,2048,pair_coarse,-1.2327940236757582,-1.2327940236757584,-2.220446049250313e-16
26,1,2048,separate,-1.1555143739738627,-1.155514373973863,-2.220446049250313e-16
26,1,2048,exact,-0.25458100158508634,-0.25458100158508634,0.0
26,1,8192,joint,-0.37242091857587056,-0.3724209185758705,5.551115123125783e-17
26,1,8192,pair_coarse,-0.5309211019619628,-0.5309211019619628,0.0
26,1,8192,separate,-0.4690750347421713,-0.46907503474217127,5.551115123125783e-17
26,1,8192,exact,0.05376429974397276,0.05376429974397279,2.7755575615628914e-17
26,1,32768,joint,-0.1837840389022173,-0.1837840389022173,0.0
26,1,32768,pair_coarse,-0.25513081025480056,-0.25513081025480056,0.0
26,1,32768,separate,-0.19951689880842105,-0.199516898808421,5.551115123125783e-17
26,1,32768,exact,0.1813181152008389,0.18131811520083893,2.7755575615628914e-17
26,1,131072,joint,-0.0981616378271084,-0.09816163782710842,-1.3877787807814457e-17
26,1,131072,pair_coarse,-0.13208700672423293,-0.13208700672423296,-2.7755575615628914e-17
26,1,131072,separate,-0.07928859625283777,-0.07928859625283778,-1.3877787807814457e-17
26,1,131072,exact,0.23948926824642416,0.23948926824642414,-2.7755575615628914e-17
26,1,524288,joint,-0.05733720895578734,-0.05733720895578735,-1.3877787807814457e-17
26,1,524288,pair_coarse,-0.07388814213573555,-0.07388814213573555,0.0
26,1,524288,separate,-0.02242937779734868,-0.022429377797348684,-3.469446951953614e-18
26,1,524288,exact,0.2672840255492191,0.2672840255492191,0.0
26,2,128,joint,-808.6214072418545,-808.6214072418546,-1.1368683772161603e-13
26,2,128,pair_coarse,,,
26,2,128,separate,,,
26,2,128,exact,-48.225400006396924,-48.225400006396924,0.0
26,2,512,joint,-5.589300860387616,-5.589300860387616,0.0
26,2,512,pair_coarse,-10.326525591300957,-10.326525591300959,-1.7763568394002505e-15
26,2,512,separate,-10.11295617889454,-10.112956178894542,-1.7763568394002505e-15
26,2,512,exact,-3.3484721832941857,-3.3484721832941857,0.0
26,2,2048,joint,-1.704654792560693,-1.704654792560693,0.0
26,2,2048,pair_coarse,-2.627733112227489,-2.6277331122274896,-4.440892098500626e-16
26,2,2048,separate,-2.533613317312831,-2.533613317312831,0.0
26,2,2048,exact,-0.8759566374798342,-0.8759566374798342,0.0
26,2,8192,joint,-0.7100789441105717,-0.7100789441105717,0.0
26,2,8192,pair_coarse,-1.03983781476999,-1.0398378147699898,2.220446049250313e-16
26,2,8192,separate,-0.9721339280790166,-0.9721339280790164,1.1102230246251565e-16
26,2,8192,exact,-0.1941868051043782,-0.19418680510437825,-5.551115123125783e-17
26,2,32768,joint,-0.33436231038916914,-0.3343623103891691,5.551115123125783e-17
26,2,32768,pair_coarse,-0.4769193450661573,-0.4769193450661573,0.0
26,2,32768,separate,-0.4188263108990361,-0.4188263108990361,0.0
26,2,32768,exact,0.06941826161210296,0.06941826161210293,-2.7755575615628914e-17
26,2,131072,joint,-0.16946888827062778,-0.1694688882706278,-2.7755575615628914e-17
26,2,131072,pair_coarse,-0.23607473846925314,-0.23607473846925317,-2.7755575615628914e-17
26,2,131072,separate,-0.18213269490021233,-0.18213269490021236,-2.7755575615628914e-17
26,2,131072,exact,0.18620939904484277,0.18620939904484282,5.551115123125783e-17
26,2,524288,joint,-0.09205886673265806,-0.09205886673265808,-1.3877787807814457e-17
26,2,524288,pair_coarse,-0.12428916596046895,-0.12428916596046895,0.0
26,2,524288,separate,-0.07228081875723662,-0.0722808187572366,1.3877787807814457e-17
26,2,524288,exact,0.24127294209217293,0.24127294209217293,0.0
26,4,128,joint,,,
26,4,128,pair_coarse,,,
26,4,128,separate,,,
26,4,128,exact,,,
26,4,512,joint,-18.722190861205906,-16.733260207802847,1.9889306534030595
26,4,512,pair_coarse,-56.155331762248515,-43.5601174199204,12.595214342328113
26,4,512,separate,-55.46088976442441,-42.8656754220963,12.595214342328106
26,4,512,exact,-10.886111877581216,-10.44116983093223,0.4449420466489862
26,4,2048,joint,-3.7793407636969083,-3.350075709874249,0.4292650538226592
26,4,2048,pair_coarse,-6.208844826193826,-4.718207514424693,1.4906373117691336
26,4,2048,separate,-6.081169323769369,-4.590532012000236,1.4906373117691327
26,4,2048,exact,-2.3448794043862717,-2.2314033614190647,0.11347604296720704
26,4,8192,joint,-1.4206273754769794,-1.2540870000769118,0.1665403754000676
26,4,8192,pair_coarse,-2.1402402018987488,-1.608422621197531,0.5318175807012178
26,4,8192,separate,-2.062960552196853,-1.5311429714956357,0.5318175807012173
26,4,8192,exact,-0.7221077047660923,-0.6765630768941144,0.04554462787197788
26,4,32768,joint,-0.6370853073960493,-0.5620093765172223,0.07507593087882702
26,4,32768,pair_coarse,-0.9290360592233667,-0.6957989416477418,0.23323711757562493
26,4,32768,separate,-0.8671899920035753,-0.6339528744279503,0.23323711757562493
26,4,32768,exact,-0.159594670938922,-0.1388174594499618,0.020777211488960196
26,4,131072,joint,-0.3100534957540175,-0.27423841923666825,0.035815076517349276
26,4,131072,pair_coarse,-0.4429489693111165,-0.33292450598853557,0.11002446332258092
26,4,131072,separate,-0.387335057864737,-0.27731059454215606,0.11002446332258092
26,4,131072,exact,0.0790163163089969,0.08897775148798723,0.009961435178990327
26,4,524288,joint,-0.15990028794588895,-0.14238910867457588,0.01751117927131307
26,4,524288,pair_coarse,-0.22345587102298112,-0.1699328499935273,0.053523021029453804
26,4,524288,separate,-0.1706574605515859,-0.11713443952213215,0.05352302102945375
26,4,524288,exact,0.18935500507395744,0.19423662501563946,0.004881619941682014
27,1,128,joint,-8.511138645877747,-8.511138645877745,1.7763568394002505e-15
27,1,128,pair_coarse,-32.39973886398538,-32.39973886398538,0.0
27,1,128,separate,-32.219051027995654,-32.219051027995654,0.0
27,1,128,exact,-6.354815162573715,-6.354815162573714,8.881784197001252e-16
27,1,512,joint,-1.6481233828351376,-1.6481233828351376,0.0
27,1,512,pair_coarse,-3.222360849917595,-3.222360849917595,0.0
27,1,512,separate,-3.1891407821304236,-3.1891407821304236,0.0
27,1,512,exact,-1.1817495923614763,-1.1817495923614765,-2.220446049250313e-16
27,1,2048,joint,-0.5061885007101443,-0.5061885007101443,0.0
27,1,2048,pair_coarse,-0.9624197867032436,-0.9624197867032437,-1.1102230246251565e-16
27,1,2048,separate,-0.9423122864160618,-0.9423122864160619,-1.1102230246251565e-16
27,1,2048,exact,-0.25458100158508634,-0.25458100158508634,0.0
27,1,8192,joint,-0.1321518977545026,-0.13215189775450256,2.7755575615628914e-17
27,1,8192,pair_coarse,-0.31454352650962697,-0.31454352650962697,0.0
27,1,8192,separate,-0.29845171166341505,-0.298451711663415,5.551115123125783e-17
27,1,8192,exact,0.05376429974397276,0.05376429974397279,2.7755575615628914e-17
27,1,32768,joint,0.021786702449037097,0.021786702449037073,-2.42861286636753e-17
27,1,32768,pair_coarse,-0.06055734970761795,-0.06055734970761796,-1.3877787807814457e-17
27,1,32768,separate,-0.0460870882003126,-0.04608708820031261,-1.3877787807814457e-17
27,1,32768,exact,0.1813181152008389,0.18131811520083893,2.7755575615628914e-17
27,1,131072,joint,0.09184595300097105,0.09184595300097102,-2.7755575615628914e-17
27,1,131072,pair_coarse,0.05263600896789097,0.05263600896789097,0.0
27,1,131072,separate,0.06637370133336609,0.06637370133336605,-4.163336342344337e-17
27,1,131072,exact,0.23948926824642416,0.23948926824642414,-2.7755575615628914e-17
27,1,524288,joint,0.12529024647658826,0.12529024647658824,-2.7755575615628914e-17
27,1,524288,pair_coarse,0.10614792424408562,0.10614792424408562,0.0
27,1,524288,separate,0.11953705220601982,0.11953705220601984,2.7755575615628914e-17
27,1,524288,exact,0.2672840255492191,0.2672840255492191,0.0
27,2,128,joint,-99.56329510697405,-99.56329510697404,1.4210854715202004e-14
27,2,128,pair_coarse,,,
27,2,128,separate,,,
27,2,128,exact,-48.225400006396924,-48.225400006396924,0.0
27,2,512,joint,-4.29695489469985,-4.296954894699851,-8.881784197001252e-16
27,2,512,pair_coarse,-9.579321545438972,-9.579321545438974,-1.7763568394002505e-15
27,2,512,separate,-9.523752620917955,-9.523752620917957,-1.7763568394002505e-15
27,2,512,exact,-3.3484721832941857,-3.3484721832941857,0.0
27,2,2048,joint,-1.2357045333536485,-1.2357045333536485,0.0
27,2,2048,pair_coarse,-2.298441146849492,-2.2984411468494925,-4.440892098500626e-16
27,2,2048,separate,-2.2739519855945396,-2.27395198559454,-4.440892098500626e-16
27,2,2048,exact,-0.8759566374798342,-0.8759566374798342,0.0
27,2,8192,joint,-0.41942756395231584,-0.41942756395231584,0.0
27,2,8192,pair_coarse,-0.8029657951017058,-0.8029657951017058,0.0
27,2,8192,separate,-0.7853498260033279,-0.7853498260033278,1.1102230246251565e-16
27,2,8192,exact,-0.1941868051043782,-0.19418680510437825,-5.551115123125783e-17
27,2,32768,joint,-0.10715022554510041,-0.10715022554510038,2.7755575615628914e-17
27,2,32768,pair_coarse,-0.27367230853141034,-0.27367230853141034,0.0
27,2,32768,separate,-0.2585570006113487,-0.2585570006113487,0.0
27,2,32768,exact,0.06941826161210296,0.06941826161210293,-2.7755575615628914e-17
27,2,131072,joint,0.030607799294511212,0.030607799294511243,3.122502256758253e-17
27,2,131072,pair_coarse,-0.047350553939728604,-0.04735055393972861,-6.938893903907228e-18
27,2,131072,separate,-0.03331529807690277,-0.03331529807690275,2.0816681711721685e-17
27,2,131072,exact,0.18620939904484277,0.18620939904484282,5.551115123125783e-17
27,2,524288,joint,0.09542974817277294,0.09542974817277294,0.0
27,2,524288,pair_coarse,0.05766969701986675,0.05766969701986675,0.0
27,2,524288,separate,0.07120182171710372,0.07120182171710372,0.0
27,2,524288,exact,0.24127294209217293,0.24127294209217293,0.0
27,4,128,joint,,,
27,4,128,pair_coarse,,,
27,4,128,separate,,,
27,4,128,exact,,,
27,4,512,joint,-14.032783522613489,-12.978456218739051,1.0543273038744374
27,4,512,pair_coarse,-53.72572414876117,-41.130509806433054,12.595214342328113
27,4,512,separate,-53.545036312771444,-40.94982197044333,12.595214342328113
27,4,512,exact,-10.886111877581216,-10.44116983093223,0.4449420466489862
27,4,2048,joint,-2.965578345600269,-2.715636508144961,0.24994183745530796
27,4,2048,pair_coarse,-5.762153275685304,-4.271515963916172,1.4906373117691327
27,4,2048,separate,-5.728933207898133,-4.238295896129,1.4906373117691327
27,4,2048,exact,-2.3448794043862717,-2.2314033614190647,0.11347604296720704
27,4,8192,joint,-1.027565293037018,-0.9287985228084313,0.09876677022858671
27,4,8192,pair_coarse,-1.8698659649262337,-1.3380483842250164,0.5318175807012173
27,4,8192,separate,-1.849758464639052,-1.3179408839378346,0.5318175807012173
27,4,8192,exact,-0.7221077047660923,-0.6765630768941144,0.04554462787197788
27,4,32768,joint,-0.3687763092036662,-0.3239673838525139,0.04480892535115233
27,4,32768,pair_coarse,-0.7126584837710308,-0.47942136619540593,0.23323711757562487
27,4,32768,separate,-0.6965666689248189,-0.46332955134919396,0.23323711757562493
27,4,32768,exact,-0.159594670938922,-0.1388174594499618,0.020777211488960196
27,4,131072,joint,-0.09140674327366943,-0.0699734660586197,0.02143327721504973
27,4,131072,pair_coarse,-0.2483755087639339,-0.138351045441353,0.11002446332258092
27,4,131072,separate,-0.23390524725662856,-0.12388078393404765,0.11002446332258091
27,4,131072,exact,0.0790163163089969,0.08897775148798723,0.009961435178990327
27,4,524288,joint,0.03643326842178658,0.04692548340365812,0.010492214981871535
27,4,524288,pair_coarse,-0.03873285533085716,0.014790165698596591,0.05352302102945375
27,4,524288,separate,-0.024995162965382095,0.02852785806407168,0.05352302102945378
27,4,524288,exact,0.18935500507395744,0.19423662501563946,0.004881619941682014
28,1,128,joint,-7.330739186471125,-7.330739186471125,0.0
28,1,128,pair_coarse,-31.399111729434363,-31.39911172943436,3.552713678800501e-15
28,1,128,separate,-31.34098054500817,-31.340980545008165,3.552713678800501e-15
28,1,128,exact,-6.354815162573715,-6.354815162573714,8.881784197001252e-16
28,1,512,joint,-1.3992500104026466,-1.3992500104026466,0.0
28,1,512,pair_coarse,-3.038392177885025,-3.038392177885024,8.881784197001252e-16
28,1,512,separate,-3.027704563654609,-3.0277045636546087,4.440892098500626e-16
28,1,512,exact,-1.1817495923614763,-1.1817495923614765,-2.220446049250313e-16
28,1,2048,joint,-0.3725815649047368,-0.3725815649047369,-5.551115123125783e-17
28,1,2048,pair_coarse,-0.8510669095981631,-0.8510669095981632,-1.1102230246251565e-16
28,1,2048,separate,-0.8445978919072856,-0.8445978919072855,1.1102230246251565e-16
28,1,2048,exact,-0.25458100158508634,-0.25458100158508634,0.0
28,1,8192,joint,-0.033596282301536565,-0.03359628230153654,2.7755575615628914e-17
28,1,8192,pair_coarse,-0.22542902419079636,-0.22542902419079636,0.0
28,1,8192,separate,-0.22025193935022896,-0.220251939350229,-2.7755575615628914e-17
28,1,8192,exact,0.05376429974397276,0.05376429974397279,2.7755575615628914e-17
28,1,32768,joint,0.10629548437572384,0.10629548437572384,0.0
28,1,32768,pair_coarse,0.019577188563582648,0.019577188563582634,-1.3877787807814457e-17
28,1,32768,separate,0.024232584627013665,0.02423258462701365,-1.3877787807814457e-17
28,1,32768,exact,0.1813181152008389,0.18131811520083893,2.7755575615628914e-17
28,1,131072,joint,0.17003202955701036,0.17003202955701036,0.0
28,1,131072,pair_coarse,0.1287136689371577,0.12871366893715766,-2.7755575615628914e-17
28,1,131072,separate,0.13313338166498723,0.1331333816649872,-2.7755575615628914e-17
28,1,131072,exact,0.23948926824642416,0.23948926824642414,-2.7755575615628914e-17
28,1,524288,joint,0.20047303397521976,0.2004730339752198,2.7755575615628914e-17
28,1,524288,pair_coarse,0.18029527718182975,0.18029527718182975,0.0
28,1,524288,separate,0.18460284920292244,0.18460284920292244,0.0
28,1,524288,exact,0.2672840255492191,0.2672840255492191,0.0
28,2,128,joint,-66.01717649043968,-66.01717649043968,0.0
28,2,128,pair_coarse,,,
28,2,128,separate,,,
28,2,128,exact,-48.225400006396924,-48.225400006396924,0.0
28,2,512,joint,-3.7882830738285054,-3.788283073828505,4.440892098500626e-16
28,2,512,pair_coarse,-9.271587638455273,-9.271587638455275,-1.7763568394002505e-15
28,2,512,separate,-9.253709913693102,-9.253709913693104,-1.7763568394002505e-15
28,2,512,exact,-3.3484721832941857,-3.3484721832941857,0.0
28,2,2048,joint,-1.0446003353948936,-1.0446003353948936,0.0
28,2,2048,pair_coarse,-2.162823167255697,-2.1628231672556972,-4.440892098500626e-16
28,2,2048,separate,-2.154944474472883,-2.1549444744728836,-4.440892098500626e-16
28,2,2048,exact,-0.8759566374798342,-0.8759566374798342,0.0
28,2,8192,joint,-0.30005626445019307,-0.3000562644501931,-5.551115123125783e-17
28,2,8192,pair_coarse,-0.7054107129640689,-0.7054107129640689,0.0
28,2,8192,separate,-0.6997432747389402,-0.69974327473894,1.1102230246251565e-16
28,2,8192,exact,-0.1941868051043782,-0.19418680510437825,-5.551115123125783e-17
28,2,32768,joint,-0.0136401518624778,-0.013640151862477827,-2.6020852139652106e-17
28,2,32768,pair_coarse,-0.18996558212638615,-0.18996558212638615,0.0
28,2,32768,separate,-0.1851026606820793,-0.1851026606820793,0.0
28,2,32768,exact,0.06941826161210296,0.06941826161210293,-2.7755575615628914e-17
28,2,131072,joint,0.11299486786005664,0.11299486786005664,0.0
28,2,131072,pair_coarse,0.03037497628084844,0.030374976280848433,-6.938893903907228e-18
28,2,131072,separate,0.034890421620938514,0.03489042162093851,-6.938893903907228e-18
28,2,131072,exact,0.18620939904484277,0.18620939904484282,5.551115123125783e-17
28,2,524288,joint,0.17264370248108868,0.17264370248108868,0.0
28,2,524288,pair_coarse,0.13260894838681264,0.13260894838681264,0.0
28,2,524288,separate,0.1369625255501259,0.1369625255501259,0.0
28,2,524288,exact,0.24127294209217293,0.24127294209217293,0.0
28,4,128,joint,,,
28,4,128,pair_coarse,,,
28,4,128,separate,,,
28,4,128,exact,,,
28,4,512,joint,-12.315174566540666,-11.595992433502872,0.7191821330377941
28,4,512,pair_coarse,-52.72509701421015,-40.129882671882044,12.595214342328106
28,4,512,separate,-52.666965829783955,-40.07175148745585,12.595214342328106
28,4,512,exact,-10.886111877581216,-10.44116983093223,0.4449420466489862
28,4,2048,joint,-2.635415173042469,-2.4582034869959912,0.17721168604647763
28,4,2048,pair_coarse,-5.5781846036527325,-4.087547291883601,1.4906373117691318
28,4,2048,separate,-5.567496989422318,-4.076859677653185,1.4906373117691327
28,4,2048,exact,-2.3448794043862717,-2.2314033614190647,0.11347604296720704
28,4,8192,joint,-0.8657640971546727,-0.7951683213818342,0.07059577577283849
28,4,8192,pair_coarse,-1.7585130878211535,-1.2266955071199361,0.5318175807012173
28,4,8192,separate,-1.7520440701302757,-1.2202264894290584,0.5318175807012173
28,4,8192,exact,-0.7221077047660923,-0.6765630768941144,0.04554462787197788
28,4,32768,joint,-0.2580650389215088,-0.22594525339960034,0.032119785521908445
28,4,32768,pair_coarse,-0.6235439814522002,-0.3903068638765753,0.23323711757562493
28,4,32768,separate,-0.6183668966116329,-0.3851297790360079,0.23323711757562499
28,4,32768,exact,-0.159594670938922,-0.1388174594499618,0.020777211488960196
28,4,131072,joint,-0.0012122312925601508,0.014169976474382276,0.015382207766942426
28,4,131072,pair_coarse,-0.16824097049273337,-0.05821650717015241,0.11002446332258096
28,4,131072,separate,-0.16358557442930236,-0.05356111110672139,0.11002446332258096
28,4,131072,exact,0.0790163163089969,0.08897775148798723,0.009961435178990327
28,4,524288,joint,0.11737374813600793,0.12490793534257519,0.007534187206567261
28,4,524288,pair_coarse,0.03734480463840953,0.0908678256678633,0.05352302102945378
28,4,524288,separate,0.04176451736623907,0.09528753839569284,0.05352302102945378
28,4,524288,exact,0.18935500507395744,0.19423662501563946,0.004881619941682014
29,1,128,joint,-6.820567089563204,-6.820567089563204,0.0
29,1,128,pair_coarse,-30.94186129382873,-30.941861293828726,3.552713678800501e-15
29,1,128,separate,-30.920074887966386,-30.920074887966386,0.0
29,1,128,exact,-6.354815162573715,-6.354815162573714,8.881784197001252e-16
29,1,512,joint,-1.2869758443612773,-1.2869758443612775,-2.220446049250313e-16
29,1,512,pair_coarse,-2.9543251438020164,-2.954325143802016,4.440892098500626e-16
29,1,512,separate,-2.9503196396372147,-2.9503196396372147,0.0
29,1,512,exact,-1.1817495923614763,-1.1817495923614765,-2.220446049250313e-16
29,1,2048,joint,-0.31182297800906955,-0.31182297800906955,0.0
29,1,2048,pair_coarse,-0.8001826693011171,-0.800182669301117,1.1102230246251565e-16
29,1,2048,separate,-0.7977582107882673,-0.7977582107882674,-1.1102230246251565e-16
29,1,2048,exact,-0.25458100158508634,-0.25458100158508634,0.0
29,1,8192,joint,0.011345276443619184,0.011345276443619153,-3.122502256758253e-17
29,1,8192,pair_coarse,-0.18470691742687362,-0.18470691742687362,0.0
29,1,8192,separate,-0.18276664952017757,-0.18276664952017754,2.7755575615628914e-17
29,1,8192,exact,0.05376429974397276,0.05376429974397279,2.7755575615628914e-17
29,1,32768,joint,0.14487512015691345,0.14487512015691345,0.0
29,1,32768,pair_coarse,0.05619577631355799,0.05619577631355799,0.0
29,1,32768,separate,0.057940525695305556,0.057940525695305556,0.0
29,1,32768,exact,0.1813181152008389,0.18131811520083893,2.7755575615628914e-17
29,1,131072,joint,0.20574338554342614,0.20574338554342617,2.7755575615628914e-17
29,1,131072,pair_coarse,0.16347840992772988,0.16347840992772988,0.0
29,1,131072,separate,0.16513482990667772,0.16513482990667772,0.0
29,1,131072,exact,0.23948926824642416,0.23948926824642414,-2.7755575615628914e-17
29,1,524288,joint,0.23482090032897732,0.2348209003289773,-2.7755575615628914e-17
29,1,524288,pair_coarse,0.21417793762457396,0.21417793762457396,0.0
29,1,524288,separate,0.2157923295083647,0.21579232950836466,-2.7755575615628914e-17
29,1,524288,exact,0.2672840255492191,0.2672840255492191,0.0
29,2,128,joint,-55.93017460401104,-55.93017460401104,0.0
29,2,128,pair_coarse,,,
29,2,128,separate,,,
29,2,128,exact,-48.225400006396924,-48.225400006396924,0.0
29,2,512,joint,-3.5606801619737323,-3.5606801619737323,0.0
29,2,512,pair_coarse,-9.130964365149719,-9.13096436514972,-1.7763568394002505e-15
29,2,512,separate,-9.124264151290179,-9.12426415129018,-1.7763568394002505e-15
29,2,512,exact,-3.3484721832941857,-3.3484721832941857,0.0
29,2,2048,joint,-0.9577447832861856,-0.9577447832861855,1.1102230246251565e-16
29,2,2048,pair_coarse,-2.100850652115936,-2.100850652115936,0.0
29,2,2048,separate,-2.097897875558475,-2.0978978755584756,-4.440892098500626e-16
29,2,2048,exact,-0.8759566374798342,-0.8759566374798342,0.0
29,2,8192,joint,-0.24559805760325176,-0.24559805760325173,2.7755575615628914e-17
29,2,8192,pair_coarse,-0.6608315662842288,-0.6608315662842288,0.0
29,2,8192,separate,-0.6587075237313169,-0.6587075237313169,0.0
29,2,8192,exact,-0.1941868051043782,-0.19418680510437825,-5.551115123125783e-17
29,2,32768,joint,0.029067337550166064,0.029067337550166057,-6.938893903907228e-18
29,2,32768,pair_coarse,-0.15171463350605618,-0.15171463350605618,0.0
29,2,32768,separate,-0.1498921077600538,-0.1498921077600538,0.0
29,2,32768,exact,0.06941826161210296,0.06941826161210293,-2.7755575615628914e-17
29,2,131072,joint,0.15063544879739083,0.15063544879739083,0.0
29,2,131072,pair_coarse,0.06589273441858336,0.06589273441858333,-2.7755575615628914e-17
29,2,131072,separate,0.06758503306688153,0.06758503306688156,2.7755575615628914e-17
29,2,131072,exact,0.18620939904484277,0.18620939904484282,5.551115123125783e-17
29,2,524288,joint,0.20792497465758336,0.20792497465758333,-2.7755575615628914e-17
29,2,524288,pair_coarse,0.16685347779073628,0.16685347779073628,0.0
29,2,524288,separate,0.16848511148217404,0.16848511148217404,0.0
29,2,524288,exact,0.24127294209217293,0.24127294209217293,0.0
29,4,128,joint,,,
29,4,128,pair_coarse,,,
29,4,128,separate,,,
29,4,128,exact,,,
29,4,512,joint,-11.5691989646238,-10.993781989460027,0.5754169751637725
29,4,512,pair_coarse,-52.26784657860452,-39.67263223627641,12.595214342328113
29,4,512,separate,-52.246060172742176,-39.65084583041406,12.595214342328113
29,4,512,exact,-10.886111877581216,-10.44116983093223,0.4449420466489862
29,4,2048,joint,-2.485675801169136,-2.3413587535450393,0.1443170476240967
29,4,2048,pair_coarse,-5.494117569569726,-4.003480257800592,1.4906373117691336
29,4,2048,separate,-5.490112065404924,-3.9994747536357904,1.4906373117691336
29,4,2048,exact,-2.3448794043862717,-2.2314033614190647,0.11347604296720704
29,4,8192,joint,-0.7918838979196389,-0.7341729261135415,0.05771097180609741
29,4,8192,pair_coarse,-1.7076288475241073,-1.17581126682289,0.5318175807012173
29,4,8192,separate,-1.7052043890112576,-1.17338680831004,0.5318175807012175
29,4,8192,exact,-0.7221077047660923,-0.6765630768941144,0.04554462787197788
29,4,32768,joint,-0.20744726854254844,-0.18115426431552473,0.026293004227023714
29,4,32768,pair_coarse,-0.5828218746882775,-0.3495847571126526,0.23323711757562493
29,4,32768,separate,-0.5808816067815814,-0.3476444892059565,0.23323711757562493
29,4,32768,exact,-0.159594670938922,-0.1388174594499618,0.020777211488960196
29,4,131072,joint,0.040026077048032405,0.052625030132749585,0.01259895308471718
29,4,131072,pair_coarse,-0.13162238274275798,-0.02159791942017704,0.11002446332258094
29,4,131072,separate,-0.12987763336101046,-0.0198531700384295,0.11002446332258096
29,4,131072,exact,0.0790163163089969,0.08897775148798723,0.009961435178990327
29,4,524288,joint,0.15437387676336226,0.16054644765259934,0.006172570889237089
29,4,524288,pair_coarse,0.07210954562898172,0.12563256665843553,0.053523021029453804
29,4,524288,separate,0.07376596560792956,0.12728898663738336,0.053523021029453804
29,4,524288,exact,0.18935500507395744,0.19423662501563946,0.004881619941682014
30,1,128,joint,-10.905292690869347,-10.905292690869345,1.7763568394002505e-15
30,1,128,pair_coarse,-33.933638204360015,-33.93363820436001,7.105427357601002e-15
30,1,128,separate,-33.71551329945337,-33.71551329945337,0.0
30,1,128,exact,-8.39758239315159,-8.397582393151588,1.7763568394002505e-15
30,1,512,joint,-2.0838243780819647,-2.0838243780819643,4.440892098500626e-16
30,1,512,pair_coarse,-3.505918900933162,-3.5059189009331617,4.440892098500626e-16
30,1,512,separate,-3.465815901816602,-3.465815901816602,0.0
30,1,512,exact,-1.6082438595052782,-1.6082438595052782,0.0
30,1,2048,joint,-0.7280426317211407,-0.7280426317211407,0.0
30,1,2048,pair_coarse,-1.1347997494180087,-1.1347997494180089,-2.220446049250313e-16
30,1,2048,separate,-1.110526136509715,-1.1105261365097152,-2.220446049250313e-16
30,1,2048,exact,-0.47961127441114265,-0.4796112744111426,5.551115123125783e-17
30,1,8192,joint,-0.29107380956323653,-0.29107380956323653,0.0
30,1,8192,pair_coarse,-0.4528755248921033,-0.45287552489210325,5.551115123125783e-17
30,1,8192,separate,-0.43344961520715425,-0.4334496152071542,5.551115123125783e-17
30,1,8192,exact,-0.11017011069164641,-0.11017011069164638,2.7755575615628914e-17
30,1,32768,joint,-0.11225503270621157,-0.11225503270621154,2.7755575615628914e-17
30,1,32768,pair_coarse,-0.1851406142667939,-0.1851406142667939,0.0
30,1,32768,separate,-0.16767223075350235,-0.16767223075350235,0.0
30,1,32768,exact,0.04182471775901253,0.04182471775901256,2.7755575615628914e-17
30,1,131072,joint,-0.031066592687911385,-0.031066592687911364,2.0816681711721685e-17
30,1,131072,pair_coarse,-0.06573599019746282,-0.06573599019746283,-1.3877787807814457e-17
30,1,131072,separate,-0.049151958270563324,-0.049151958270563324,0.0
30,1,131072,exact,0.11098709880365862,0.11098709880365859,-2.7755575615628914e-17
30,1,524288,joint,0.0076482172977737645,0.007648217297773771,6.071532165918825e-18
30,1,524288,pair_coarse,-0.009268686967275973,-0.009268686967275976,-3.469446951953614e-18
30,1,524288,separate,0.0068945608102106495,0.006894560810210646,-3.469446951953614e-18
30,1,524288,exact,0.14400029995528016,0.14400029995528016,0.0
30,2,128,joint,-373.8433727759415,-373.8433727759415,0.0
30,2,128,pair_coarse,,,
30,2,128,separate,,,
30,2,128,exact,-98.41899661167115,-98.41899661167115,0.0
30,2,512,joint,-5.239800589036323,-5.239800589036323,0.0
30,2,512,pair_coarse,-10.052369806314609,-10.05236980631461,-1.7763568394002505e-15
30,2,512,separate,-9.985287446782667,-9.985287446782667,0.0
30,2,512,exact,-4.238047721008785,-4.238047721008785,0.0
30,2,2048,joint,-1.563887913783998,-1.5638879137839983,-2.220446049250313e-16
30,2,2048,pair_coarse,-2.507972086287877,-2.5079720862878774,-4.440892098500626e-16
30,2,2048,separate,-2.4784089674386163,-2.4784089674386163,0.0
30,2,2048,exact,-1.204237745068033,-1.2042377450680333,-2.220446049250313e-16
30,2,8192,joint,-0.6161790664360262,-0.6161790664360262,0.0
30,2,8192,pair_coarse,-0.9542207054944721,-0.954220705494472,1.1102230246251565e-16
30,2,8192,separate,-0.9329548490333843,-0.9329548490333843,0.0
30,2,8192,exact,-0.3955951547326222,-0.39559515473262225,-5.551115123125783e-17
30,2,32768,joint,-0.2574357578847729,-0.25743575788477296,-5.551115123125783e-17
30,2,32768,pair_coarse,-0.4037247557686232,-0.4037247557686232,0.0
30,2,32768,separate,-0.38547767740477823,-0.38547767740477823,0.0
30,2,32768,exact,-0.0862998727535716,-0.0862998727535716,0.0
30,2,131072,joint,-0.0998620897290847,-0.09986208972908467,2.7755575615628914e-17
30,2,131072,pair_coarse,-0.16824551748895217,-0.1682455174889522,-2.7755575615628914e-17
30,2,131072,separate,-0.15130226929711815,-0.15130226929711818,-2.7755575615628914e-17
30,2,131072,exact,0.05013022019406937,0.05013022019406937,0.0
30,2,524288,joint,-0.025860825514833038,-0.025860825514833045,-6.938893903907228e-18
30,2,524288,pair_coarse,-0.05895934674249802,-0.05895934674249801,6.938893903907228e-18
30,2,524288,separate,-0.04262347445424107,-0.04262347445424106,6.938893903907228e-18
30,2,524288,exact,0.11432458298616394,0.11432458298616394,0.0
30,4,128,joint,,,
30,4,128,pair_coarse,,,
30,4,128,separate,,,
30,4,128,exact,,,
30,4,512,joint,-17.56453231979129,-15.771988505202184,1.7925438145891057
30,4,512,pair_coarse,-55.259623489135805,-42.664409146807685,12.59521434232812
30,4,512,separate,-55.04149858422917,-42.44628424190105,12.59521434232812
30,4,512,exact,-13.91390841221198,-12.862946872485002,1.050961539726977
30,4,2048,joint,-3.557128494689492,-3.1630849321558876,0.3940435625336045
30,4,2048,pair_coarse,-6.045711326700871,-4.555074014931738,1.4906373117691327
30,4,2048,separate,-6.00560832758431,-4.514971015815179,1.4906373117691318
30,4,2048,exact,-2.9249201254244177,-2.6756833865214036,0.24923673890301412
30,4,8192,joint,-1.3024620381240228,-1.149057340893855,0.15340469723016792
30,4,8192,pair_coarse,-2.042245927640999,-1.5104283469397815,0.5318175807012175
30,4,8192,separate,-2.017972314732705,-1.486154734031488,0.5318175807012171
30,4,8192,exact,-1.0007197453886612,-0.9022240720425604,0.09849567334610076
30,4,32768,joint,-0.5504207816743057,-0.48118401264961463,0.06923676902469111
30,4,32768,pair_coarse,-0.8509904821535073,-0.6177533645778823,0.23323711757562493
30,4,32768,separate,-0.8315645724685581,-0.5983274548929332,0.23323711757562493
30,4,32768,exact,-0.34667909683898346,-0.301991963981551,0.04468713285743248
30,4,131072,joint,-0.23604893372757058,-0.2030030623440854,0.033045871383485165
30,4,131072,pair_coarse,-0.3729587733231099,-0.26293431000052897,0.11002446332258092
30,4,131072,separate,-0.3554903898098183,-0.2454659264872374,0.1100244633225809
30,4,131072,exact,-0.07131478815438709,-0.049939526415709014,0.021375261738678077
30,4,524288,joint,-0.09160850741272075,-0.07544763490358057,0.01616087250914018
30,4,524288,pair_coarse,-0.15710485449621095,-0.1035818334667572,0.05352302102945375
30,4,524288,separate,-0.14052082256931145,-0.0869978015398577,0.05352302102945375
30,4,524288,exact,0.05560053406107295,0.06606440277525452,0.01046386871418157
31,1,128,joint,-9.455478331961485,-9.455478331961487,-1.7763568394002505e-15
31,1,128,pair_coarse,-32.9192262173673,-32.9192262173673,0.0
31,1,128,separate,-32.85027013717513,-32.85027013717513,0.0
31,1,128,exact,-8.39758239315159,-8.397582393151588,1.7763568394002505e-15
31,1,512,joint,-1.8156696837750803,-1.81566968377508,2.220446049250313e-16
31,1,512,pair_coarse,-3.319415837307261,-3.3194158373072615,-4.440892098500626e-16
31,1,512,separate,-3.306738029497045,-3.306738029497045,0.0
31,1,512,exact,-1.6082438595052782,-1.6082438595052782,0.0
31,1,2048,joint,-0.5885724652381692,-0.5885724652381692,0.0
31,1,2048,pair_coarse,-1.0219128513706115,-1.0219128513706117,-2.220446049250313e-16
31,1,2048,separate,-1.0142392058555594,-1.0142392058555596,-2.220446049250313e-16
31,1,2048,exact,-0.47961127441114265,-0.4796112744111426,5.551115123125783e-17
31,1,8192,joint,-0.1896592586696267,-0.18965925866962668,2.7755575615628914e-17
31,1,8192,pair_coarse,-0.3625333622166192,-0.3625333622166192,0.0
31,1,8192,separate,-0.35639222676665966,-0.3563922267666596,5.551115123125783e-17
31,1,8192,exact,-0.11017011069164641,-0.11017011069164638,2.7755575615628914e-17
31,1,32768,joint,-0.02592750939025381,-0.025927509390253838,-2.7755575615628914e-17
31,1,32768,pair_coarse,-0.10390212553551764,-0.10390212553551766,-1.3877787807814457e-17
31,1,32768,separate,-0.09837982511372173,-0.09837982511372174,-1.3877787807814457e-17
31,1,32768,exact,0.04182471775901253,0.04182471775901256,2.7755575615628914e-17
31,1,131072,joint,0.04850284163419008,0.048502841634190066,-1.3877787807814457e-17
31,1,131072,pair_coarse,0.011389731812672187,0.011389731812672183,-3.469446951953614e-18
31,1,131072,separate,0.01663246113764435,0.016632461137644345,-3.469446951953614e-18
31,1,131072,exact,0.11098709880365862,0.11098709880365859,-2.7755575615628914e-17
31,1,524288,joint,0.08401494051192361,0.08401494051192361,0.0
31,1,524288,pair_coarse,0.06590013569070277,0.06590013569070277,0.0
31,1,524288,separate,0.07100984203252261,0.07100984203252261,0.0
31,1,524288,exact,0.14400029995528016,0.14400029995528016,0.0
31,2,128,joint,-153.42106403482708,-153.42106403482708,0.0
31,2,128,pair_coarse,,,
31,2,128,separate,,,
31,2,128,exact,-98.41899661167115,-98.41899661167115,0.0
31,2,512,joint,-4.672250658307118,-4.672250658307119,-8.881784197001252e-16
31,2,512,pair_coarse,-9.740396491510953,-9.740396491510953,0.0
31,2,512,separate,-9.719189667075456,-9.719189667075456,0.0
31,2,512,exact,-4.238047721008785,-4.238047721008785,0.0
31,2,2048,joint,-1.3619045308058455,-1.3619045308058455,0.0
31,2,2048,pair_coarse,-2.3704858045337773,-2.3704858045337773,0.0
31,2,2048,separate,-2.361139981346036,-2.361139981346036,0.0
31,2,2048,exact,-1.204237745068033,-1.2042377450680333,-2.220446049250313e-16
31,2,8192,joint,-0.4925489031772831,-0.49254890317728317,-5.551115123125783e-17
31,2,8192,pair_coarse,-0.8553216837755765,-0.8553216837755764,1.1102230246251565e-16
31,2,8192,separate,-0.8485988838086785,-0.8485988838086784,1.1102230246251565e-16
31,2,8192,exact,-0.3955951547326222,-0.39559515473262225,-5.551115123125783e-17
31,2,32768,joint,-0.1615748182096498,-0.1615748182096498,0.0
31,2,32768,pair_coarse,-0.3188648676792637,-0.3188648676792637,0.0
31,2,32768,separate,-0.3130963975475808,-0.3130963975475808,0.0
31,2,32768,exact,-0.0862998727535716,-0.0862998727535716,0.0
31,2,131072,joint,-0.015858784297011493,-0.015858784297011506,-1.3877787807814457e-17
31,2,131072,pair_coarse,-0.0894492238160889,-0.0894492238160889,0.0
31,2,131072,separate,-0.08409293503497962,-0.08409293503497962,0.0
31,2,131072,exact,0.05013022019406937,0.05013022019406937,0.0
31,2,524288,joint,0.05264610330468275,0.05264610330468277,2.0816681711721685e-17
31,2,524288,pair_coarse,0.017012283706040424,0.01701228370604043,6.938893903907228e-18
31,2,524288,separate,0.02217656203546943,0.02217656203546943,0.0
31,2,524288,exact,0.11432458298616394,0.11432458298616394,0.0
31,4,128,joint,,,
31,4,128,pair_coarse,,,
31,4,128,separate,,,
31,4,128,exact,,,
31,4,512,joint,-15.458664233669552,-14.096091738730403,1.3625724949391493
31,4,512,pair_coarse,-54.24521150214309,-41.64999715981498,12.595214342328113
31,4,512,separate,-54.17625542195093,-41.58104107962281,12.59521434232812
31,4,512,exact,-13.91390841221198,-12.862946872485002,1.050961539726977
31,4,2048,joint,-3.2016090942379805,-2.889056900971517,0.31255219326646344
31,4,2048,pair_coarse,-5.8592082630749704,-4.368570951305838,1.4906373117691327
31,4,2048,separate,-5.8465304552647535,-4.355893143495622,1.4906373117691318
31,4,2048,exact,-2.9249201254244177,-2.6756833865214036,0.24923673890301412
31,4,8192,joint,-1.1334175516365645,-1.0107278596902352,0.1226896919463294
31,4,8192,pair_coarse,-1.9293590295936018,-1.3975414488923845,0.5318175807012173
31,4,8192,separate,-1.9216853840785495,-1.3898678033773324,0.5318175807012171
31,4,8192,exact,-1.0007197453886612,-0.9022240720425604,0.09849567334610076
31,4,32768,joint,-0.4363602542039732,-0.3808271606571504,0.05553309354682279
31,4,32768,pair_coarse,-0.7606483194780231,-0.5274112019023982,0.23323711757562493
31,4,32768,separate,-0.7545071840280635,-0.5212700664524386,0.23323711757562493
31,4,32768,exact,-0.34667909683898346,-0.301991963981551,0.04468713285743248
31,4,131072,joint,-0.14382626653673503,-0.11728922378640062,0.026537042750334403
31,4,131072,pair_coarse,-0.29172028459183363,-0.18169582126925268,0.11002446332258095
31,4,131072,separate,-0.2861979841700377,-0.17617352084745677,0.11002446332258095
31,4,131072,exact,-0.07131478815438709,-0.049939526415709014,0.021375261738678077
31,4,524288,joint,-0.009187557618012425,0.0037973101804992734,0.012984867798511698
31,4,524288,pair_coarse,-0.07997913248607594,-0.02645611145662219,0.05352302102945375
31,4,524288,separate,-0.07473640316110378,-0.021213382131650027,0.05352302102945375
31,4,524288,exact,0.05560053406107295,0.06606440277525452,0.01046386871418157
32,1,128,joint,-8.888294754852426,-8.888294754852426,0.0
32,1,128,pair_coarse,-32.49856173122729,-32.49856173122729,0.0
32,1,128,separate,-32.47499223565014,-32.47499223565014,0.0
32,1,128,exact,-8.39758239315159,-8.397582393151588,1.7763568394002505e-15
32,1,512,joint,-1.705796139485661,-1.7057961394856611,-2.220446049250313e-16
32,1,512,pair_coarse,-3.2420752533732005,-3.242075253373201,-4.440892098500626e-16
32,1,512,separate,-3.2377419221531234,-3.237741922153124,-4.440892098500626e-16
32,1,512,exact,-1.6082438595052782,-1.6082438595052782,0.0
32,1,2048,joint,-0.5309832462695434,-0.5309832462695435,-1.1102230246251565e-16
32,1,2048,pair_coarse,-0.9751000084941903,-0.9751000084941904,-1.1102230246251565e-16
32,1,2048,separate,-0.9724771222523447,-0.9724771222523448,-1.1102230246251565e-16
32,1,2048,exact,-0.47961127441114265,-0.4796112744111426,5.551115123125783e-17
32,1,8192,joint,-0.1476792220301957,-0.14767922203019565,5.551115123125783e-17
32,1,8192,pair_coarse,-0.3250695507416343,-0.3250695507416343,0.0
32,1,8192,separate,-0.3229704832711063,-0.3229704832711063,0.0
32,1,8192,exact,-0.11017011069164641,-0.11017011069164638,2.7755575615628914e-17
32,1,32768,joint,0.009842398778264629,0.009842398778264603,-2.6020852139652106e-17
32,1,32768,pair_coarse,-0.07021349847360292,-0.07021349847360293,-1.3877787807814457e-17
32,1,32768,separate,-0.06832595157412014,-0.06832595157412015,-1.3877787807814457e-17
32,1,32768,exact,0.04182471775901253,0.04182471775901256,2.7755575615628914e-17
32,1,131072,joint,0.08148662056978671,0.0814866205697867,-1.3877787807814457e-17
32,1,131072,pair_coarse,0.043372843835779405,0.043372843835779405,0.0
32,1,131072,separate,0.04516483208819696,0.04516483208819696,0.0
32,1,131072,exact,0.11098709880365862,0.11098709880365859,-2.7755575615628914e-17
32,1,524288,joint,0.11567737169216973,0.11567737169216973,0.0
32,1,524288,pair_coarse,0.09707174501967988,0.09707174501967988,0.0
32,1,524288,separate,0.09881826542351421,0.09881826542351421,0.0
32,1,524288,exact,0.14400029995528016,0.14400029995528016,0.0
32,2,128,joint,-119.55582706439365,-119.55582706439367,-1.4210854715202004e-14
32,2,128,pair_coarse,,,
32,2,128,separate,,,
32,2,128,exact,-98.41899661167115,-98.41899661167115,0.0
32,2,512,joint,-4.441700403108596,-4.441700403108596,0.0
32,2,512,pair_coarse,-9.611024899057345,-9.611024899057346,-1.7763568394002505e-15
32,2,512,separate,-9.603776311937182,-9.603776311937184,-1.7763568394002505e-15
32,2,512,exact,-4.238047721008785,-4.238047721008785,0.0
32,2,2048,joint,-1.2785507902029103,-1.2785507902029105,-2.220446049250313e-16
32,2,2048,pair_coarse,-2.3134718922309006,-2.313471892230901,-4.440892098500626e-16
32,2,2048,separate,-2.310277448206901,-2.3102774482069015,-4.440892098500626e-16
32,2,2048,exact,-1.204237745068033,-1.2042377450680333,-2.220446049250313e-16
32,2,8192,joint,-0.44134800827060167,-0.44134800827060156,1.1102230246251565e-16
32,2,8192,pair_coarse,-0.8143094454694572,-0.814309445469457,1.1102230246251565e-16
32,2,8192,separate,-0.812011562474306,-0.812011562474306,0.0
32,2,8192,exact,-0.3955951547326222,-0.39559515473262225,-5.551115123125783e-17
32,2,32768,joint,-0.12183628671915984,-0.12183628671915987,-2.7755575615628914e-17
32,2,32768,pair_coarse,-0.2836744897315062,-0.2836744897315062,0.0
32,2,32768,separate,-0.2817028009278978,-0.2817028009278978,0.0
32,2,32768,exact,-0.0862998727535716,-0.0862998727535716,0.0
32,2,131072,joint,0.01897324990109537,0.01897324990109537,0.0
32,2,131072,pair_coarse,-0.05677334575800509,-0.0567733457580051,-6.938893903907228e-18
32,2,131072,separate,-0.054942542377295636,-0.05494254237729564,-6.938893903907228e-18
32,2,131072,exact,0.05013022019406937,0.05013022019406937,0.0
32,2,524288,joint,0.08520125669878784,0.08520125669878781,-2.7755575615628914e-17
32,2,524288,pair_coarse,0.04851680779846208,0.04851680779846208,0.0
32,2,524288,separate,0.050281981150912494,0.050281981150912494,0.0
32,2,524288,exact,0.11432458298616394,0.11432458298616394,0.0
32,4,128,joint,,,
32,4,128,pair_coarse,,,
32,4,128,separate,,,
32,4,128,exact,,,
32,4,512,joint,-14.631336711703675,-13.436134116147056,1.1952025955566192
32,4,512,pair_coarse,-53.82454701600309,-41.229332673674975,12.595214342328113
32,4,512,separate,-53.80097752042594,-41.20576317809782,12.59521434232812
32,4,512,exact,-13.91390841221198,-12.862946872485002,1.050961539726977
32,4,2048,joint,-3.055225178108711,-2.7761972421345997,0.27902793597411124
32,4,2048,pair_coarse,-5.78186767914091,-4.291230367371777,1.4906373117691327
32,4,2048,separate,-5.777534347920833,-4.2868970361517,1.4906373117691327
32,4,2048,exact,-2.9249201254244177,-2.6756833865214036,0.24923673890301412
32,4,8192,joint,-1.0633487377817898,-0.9534319937033453,0.10991674407844454
32,4,8192,pair_coarse,-1.8825461867171804,-1.3507286060159633,0.5318175807012171
32,4,8192,separate,-1.879923300475335,-1.3481057197741175,0.5318175807012175
32,4,8192,exact,-1.0007197453886612,-0.9022240720425604,0.09849567334610076
32,4,32768,joint,-0.38902648943310103,-0.33921354447395424,0.04981294495914679
32,4,32768,pair_coarse,-0.7231845080030381,-0.48994739042741325,0.23323711757562487
32,4,32768,separate,-0.7210854405325102,-0.48784832295688524,0.23323711757562499
32,4,32768,exact,-0.34667909683898346,-0.301991963981551,0.04468713285743248
32,4,131072,joint,-0.10555729483083197,-0.08174140497905694,0.023815889851775032
32,4,131072,pair_coarse,-0.25803165752991886,-0.14800719420733796,0.1100244633225809
32,4,131072,separate,-0.2561441106304361,-0.14611964730785518,0.1100244633225809
32,4,131072,exact,-0.07131478815438709,-0.049939526415709014,0.021375261738678077
32,4,524288,joint,0.025005757503845434,0.03666188184128046,0.011656124337435028
32,4,524288,pair_coarse,-0.04799602046296872,0.005527000566485029,0.05352302102945375
32,4,524288,separate,-0.046204032210551166,0.007318988818902582,0.05352302102945375
32,4,524288,exact,0.05560053406107295,0.06606440277525452,0.01046386871418157
33,1,128,joint,-8.634784887352453,-8.634784887352453,0.0
33,1,128,pair_coarse,-32.30576609826681,-32.30576609826681,0.0
33,1,128,separate,-32.29959171692858,-32.29959171692858,0.0
33,1,128,exact,-8.39758239315159,-8.397582393151588,1.7763568394002505e-15
33,1,512,joint,-1.6557103608300743,-1.6557103608300743,0.0
33,1,512,pair_coarse,-3.2066291262947715,-3.2066291262947715,0.0
33,1,512,separate,-3.205493945470473,-3.2054939454704727,4.440892098500626e-16
33,1,512,exact,-1.6082438595052782,-1.6082438595052782,0.0
33,1,2048,joint,-0.504641245926284,-0.504641245926284,0.0
33,1,2048,pair_coarse,-0.9536451151756336,-0.9536451151756337,-1.1102230246251565e-16
33,1,2048,separate,-0.9529580109560749,-0.952958010956075,-1.1102230246251565e-16
33,1,2048,exact,-0.47961127441114265,-0.4796112744111426,5.551115123125783e-17
33,1,8192,joint,-0.1284553425987789,-0.1284553425987789,0.0
33,1,8192,pair_coarse,-0.30789943183592744,-0.30789943183592744,0.0
33,1,8192,separate,-0.3073495497658903,-0.30734954976589024,5.551115123125783e-17
33,1,8192,exact,-0.11017011069164641,-0.11017011069164638,2.7755575615628914e-17
33,1,32768,joint,0.02622990210806811,0.026229902108068134,2.42861286636753e-17
33,1,32768,pair_coarse,-0.054773592344208644,-0.05477359234420866,-1.3877787807814457e-17
33,1,32768,separate,-0.05427912124646983,-0.054279121246469844,-1.3877787807814457e-17
33,1,32768,exact,0.04182471775901253,0.04182471775901256,2.7755575615628914e-17
33,1,131072,joint,0.09660072218390571,0.09660072218390571,0.0
33,1,131072,pair_coarse,0.058031091749982576,0.05803109174998255,-2.7755575615628914e-17
33,1,131072,separate,0.05850052983311085,0.058500529833110874,2.7755575615628914e-17
33,1,131072,exact,0.11098709880365862,0.11098709880365859,-2.7755575615628914e-17
33,1,524288,joint,0.13018735250546584,0.13018735250546587,2.7755575615628914e-17
33,1,524288,pair_coarse,0.11135807141276868,0.11135807141276868,0.0
33,1,524288,separate,0.11181559851397285,0.11181559851397285,0.0
33,1,524288,exact,0.14400029995528016,0.14400029995528016,0.0
33,2,128,joint,-107.90472813711875,-107.90472813711874,1.4210854715202004e-14
33,2,128,pair_coarse,,,
33,2,128,separate,,,
33,2,128,exact,-98.41899661167115,-98.41899661167115,0.0
33,2,512,joint,-4.336996932738449,-4.336996932738449,0.0
33,2,512,pair_coarse,-9.551732330095634,-9.551732330095634,0.0
33,2,512,separate,-9.549833454453738,-9.54983345445374,-1.7763568394002505e-15
33,2,512,exact,-4.238047721008785,-4.238047721008785,0.0
33,2,2048,joint,-1.2404343715764061,-1.2404343715764061,0.0
33,2,2048,pair_coarse,-2.2873417251448958,-2.287341725144896,-4.440892098500626e-16
33,2,2048,separate,-2.2865048928290235,-2.2865048928290235,0.0
33,2,2048,exact,-1.204237745068033,-1.2042377450680333,-2.220446049250313e-16
33,2,8192,joint,-0.41789711027890597,-0.41789711027890597,0.0
33,2,8192,pair_coarse,-0.7955130395358151,-0.795513039535815,1.1102230246251565e-16
33,2,8192,separate,-0.7949110747701188,-0.7949110747701188,0.0
33,2,8192,exact,-0.3955951547326222,-0.39559515473262225,-5.551115123125783e-17
33,2,32768,joint,-0.10362713247854577,-0.10362713247854577,0.0
33,2,32768,pair_coarse,-0.2675463129680925,-0.2675463129680925,0.0
33,2,32768,separate,-0.26702979964204654,-0.26702979964204654,0.0
33,2,32768,exact,-0.0862998727535716,-0.0862998727535716,0.0
33,2,131072,joint,0.03493623060481385,0.03493623060481385,0.0
33,2,131072,pair_coarse,-0.04179759477280971,-0.04179759477280972,-6.938893903907228e-18
33,2,131072,separate,-0.041317988487185,-0.04131798848718501,-6.938893903907228e-18
33,2,131072,exact,0.05013022019406937,0.05013022019406937,0.0
33,2,524288,joint,0.10012137014320714,0.10012137014320716,1.3877787807814457e-17
33,2,524288,pair_coarse,0.06295571306296723,0.06295571306296723,0.0
33,2,524288,separate,0.0634181265826126,0.06341812658261257,-2.7755575615628914e-17
33,2,524288,exact,0.11432458298616394,0.11432458298616394,0.0
33,4,128,joint,,,
33,4,128,pair_coarse,,,
33,4,128,separate,,,
33,4,128,exact,,,
33,4,512,joint,-14.260862490259202,-13.140271031902028,1.1205914583571737
33,4,512,pair_coarse,-53.6317513830426,-41.036537040714485,12.595214342328113
33,4,512,separate,-53.62557700170438,-41.030362659376266,12.595214342328113
33,4,512,exact,-13.91390841221198,-12.862946872485002,1.050961539726977
33,4,2048,joint,-2.9883534925379833,-2.7246277476546257,0.26372574488335765
33,4,2048,pair_coarse,-5.74642155206248,-4.255784240293347,1.4906373117691327
33,4,2048,separate,-5.745286371238182,-4.254649059469049,1.4906373117691327
33,4,2048,exact,-2.9249201254244177,-2.6756833865214036,0.24923673890301412
33,4,8192,joint,-1.0312448406610413,-0.9271860865683121,0.10405875409272913
33,4,8192,pair_coarse,-1.8610912933986237,-1.3292737126974064,0.5318175807012173
33,4,8192,separate,-1.860404189179065,-1.3285866084778477,0.5318175807012173
33,4,8192,exact,-1.0007197453886612,-0.9022240720425604,0.09849567334610076
33,4,32768,joint,-0.3673272166164714,-0.32014203108209005,0.047185185534381335
33,4,32768,pair_coarse,-0.7060143890973314,-0.4727772715217064,0.23323711757562499
33,4,32768,separate,-0.7054645070272941,-0.4722273894516692,0.23323711757562493
33,4,32768,exact,-0.34667909683898346,-0.301991963981551,0.04468713285743248
33,4,131072,joint,-0.08801362555199627,-0.06544866507371754,0.02256496047827873
33,4,131072,pair_coarse,-0.2425917514005246,-0.13256728807794368,0.11002446332258092
33,4,131072,separate,-0.2420972803027858,-0.13207281698020487,0.11002446332258092
33,4,131072,exact,-0.07131478815438709,-0.049939526415709014,0.021375261738678077
33,4,524288,joint,0.04067958644529177,0.05172468625611373,0.01104509981082196
33,4,524288,pair_coarse,-0.033337772548765604,0.020185248480688173,0.05352302102945378
33,4,524288,separate,-0.03286833446563728,0.0206546865638165,0.05352302102945378
33,4,524288,exact,0.05560053406107295,0.06606440277525452,0.01046386871418157
34,1,128,joint,-8.51467961755064,-8.51467961755064,0.0
34,1,128,pair_coarse,-32.21335051258936,-32.213350512589365,-7.105427357601002e-15
34,1,128,separate,-32.21473704377668,-32.21473704377669,-7.105427357601002e-15
34,1,128,exact,-8.39758239315159,-8.397582393151588,1.7763568394002505e-15
34,1,512,joint,-1.6317633966255087,-1.631763396625509,-2.220446049250313e-16
34,1,512,pair_coarse,-3.1896382093136717,-3.189638209313672,-4.440892098500626e-16
34,1,512,separate,-3.189893127746778,-3.1898931277467786,-4.440892098500626e-16
34,1,512,exact,-1.6082438595052782,-1.6082438595052782,0.0
34,1,2048,joint,-0.49202624810984363,-0.4920262481098437,-5.551115123125783e-17
34,1,2048,pair_coarse,-0.9433608234557691,-0.9433608234557692,-1.1102230246251565e-16
34,1,2048,separate,-0.943515120927398,-0.9435151209273981,-1.1102230246251565e-16
34,1,2048,exact,-0.47961127441114265,-0.4796112744111426,5.551115123125783e-17
34,1,8192,joint,-0.11924419761211731,-0.11924419761211734,-2.7755575615628914e-17
34,1,8192,pair_coarse,-0.2996690244845976,-0.2996690244845976,0.0
34,1,8192,separate,-0.2997925070811028,-0.2997925070811027,5.551115123125783e-17
34,1,8192,exact,-0.11017011069164641,-0.11017011069164638,2.7755575615628914e-17
34,1,32768,joint,0.03408370601104807,0.03408370601104804,-2.7755575615628914e-17
34,1,32768,pair_coarse,-0.04737255350405406,-0.047372553504054074,-1.3877787807814457e-17
34,1,32768,separate,-0.04748359290390469,-0.047483592903904706,-1.3877787807814457e-17
34,1,32768,exact,0.04182471775901253,0.04182471775901256,2.7755575615628914e-17
34,1,131072,joint,0.10384494338845959,0.1038449433884596,1.3877787807814457e-17
34,1,131072,pair_coarse,0.06505744678300299,0.06505744678300295,-4.163336342344337e-17
34,1,131072,separate,0.0649520288460276,0.06495202884602756,-4.163336342344337e-17
34,1,131072,exact,0.11098709880365862,0.11098709880365859,-2.7755575615628914e-17
34,1,524288,joint,0.13714233377964635,0.13714233377964635,0.0
34,1,524288,pair_coarse,0.11820614779563485,0.11820614779563487,2.7755575615628914e-17
34,1,524288,separate,0.11810340461212945,0.11810340461212948,2.7755575615628914e-17
34,1,524288,exact,0.14400029995528016,0.14400029995528016,0.0
34,2,128,joint,-102.94550700576984,-102.94550700576985,-1.4210854715202004e-14
34,2,128,pair_coarse,,,
34,2,128,separate,,,
34,2,128,exact,-98.41899661167115,-98.41899661167115,0.0
34,2,512,joint,-4.287023867148891,-4.287023867148892,-8.881784197001252e-16
34,2,512,pair_coarse,-9.523310745006931,-9.523310745006931,0.0
34,2,512,separate,-9.52373716024663,-9.52373716024663,0.0
34,2,512,exact,-4.238047721008785,-4.238047721008785,0.0
34,2,2048,joint,-1.2221831702208732,-1.2221831702208734,-2.220446049250313e-16
34,2,2048,pair_coarse,-2.2748163652183173,-2.2748163652183178,-4.440892098500626e-16
34,2,2048,separate,-2.275004285925018,-2.2750042859250184,-4.440892098500626e-16
34,2,2048,exact,-1.204237745068033,-1.2042377450680333,-2.220446049250313e-16
34,2,8192,joint,-0.40665961558596797,-0.40665961558596797,0.0
34,2,8192,pair_coarse,-0.786503079941219,-0.786503079941219,0.0
34,2,8192,separate,-0.7866382583300466,-0.7866382583300466,0.0
34,2,8192,exact,-0.3955951547326222,-0.39559515473262225,-5.551115123125783e-17
34,2,32768,joint,-0.09489953220499964,-0.09489953220499961,2.7755575615628914e-17
34,2,32768,pair_coarse,-0.25981535517297627,-0.25981535517297627,0.0
34,2,32768,separate,-0.2599313444188619,-0.2599313444188619,0.0
34,2,32768,exact,-0.0862998727535716,-0.0862998727535716,0.0
34,2,131072,joint,0.042587750202681754,0.04258775020268178,2.7755575615628914e-17
34,2,131072,pair_coarse,-0.03461904629116404,-0.03461904629116407,-3.469446951953614e-17
34,2,131072,separate,-0.034726747619641854,-0.03472674761964186,-6.938893903907228e-18
34,2,131072,exact,0.05013022019406937,0.05013022019406937,0.0
34,2,524288,joint,0.10727316253315573,0.10727316253315573,0.0
34,2,524288,pair_coarse,0.06987692733566743,0.06987692733566743,0.0
34,2,524288,separate,0.06977308684844986,0.06977308684844984,-2.7755575615628914e-17
34,2,524288,exact,0.11432458298616394,0.11432458298616394,0.0
34,4,128,joint,,,
34,4,128,pair_coarse,,,
34,4,128,separate,,,
34,4,128,exact,,,
34,4,512,joint,-14.085188772631069,-12.999898571424021,1.085290201207048
34,4,512,pair_coarse,-53.539335797365155,-40.94412145503704,12.595214342328113
34,4,512,separate,-53.54072232855248,-40.945507986224364,12.595214342328113
34,4,512,exact,-13.91390841221198,-12.862946872485002,1.050961539726977
34,4,2048,joint,-2.9563487922110507,-2.6999431638542206,0.2564056283568301
34,4,2048,pair_coarse,-5.729430635081381,-4.238793323312248,1.4906373117691327
34,4,2048,separate,-5.7296855535144875,-4.239048241745355,1.4906373117691327
34,4,2048,exact,-2.9249201254244177,-2.6756833865214036,0.24923673890301412
34,4,8192,joint,-1.0158584670050814,-0.9146082760207817,0.10125019098429977
34,4,8192,pair_coarse,-1.8508070016787594,-1.3189894209775421,0.5318175807012173
34,4,8192,separate,-1.850961299150388,-1.3191437184491708,0.5318175807012173
34,4,8192,exact,-1.0007197453886612,-0.9022240720425604,0.09849567334610076
34,4,32768,joint,-0.35692464521083334,-0.3110003037917288,0.04592434141910451
34,4,32768,pair_coarse,-0.6977839817460014,-0.46454686417037655,0.23323711757562487
34,4,32768,separate,-0.6979074643425066,-0.4646703467668817,0.23323711757562493
34,4,32768,exact,-0.34667909683898346,-0.301991963981551,0.04468713285743248
34,4,131072,joint,-0.07960319594350138,-0.057638649864687246,0.02196454607881413
34,4,131072,pair_coarse,-0.23519071256037008,-0.1251662492377891,0.11002446332258098
34,4,131072,separate,-0.23530175196022066,-0.12527728863763973,0.11002446332258092
34,4,131072,exact,-0.07131478815438709,-0.049939526415709014,0.021375261738678077
34,4,524288,joint,0.04819331690402842,0.058945096461147185,0.010751779557118764
34,4,524288,pair_coarse,-0.0263114175157452,0.027211603513708577,0.05352302102945378
34,4,524288,separate,-0.026416835452720583,0.027106185576733194,0.05352302102945378
34,4,524288,exact,0.05560053406107295,0.06606440277525452,0.01046386871418157
35,1,128,joint,-36.74773067115229,-36.7477306711523,-7.105427357601002e-15
35,1,128,pair_coarse,-44.87758011817929,-44.87758011817929,0.0
35,1,128,separate,-40.51746698102598,-40.51746698102598,0.0
35,1,128,exact,-8.39758239315159,-8.397582393151588,1.7763568394002505e-15
35,1,512,joint,-5.197041612163648,-5.197041612163648,0.0
35,1,512,pair_coarse,-5.517999516346736,-5.5179995163467375,-1.7763568394002505e-15
35,1,512,separate,-4.716378017131868,-4.716378017131869,-8.881784197001252e-16
35,1,512,exact,-1.6082438595052782,-1.6082438595052782,0.0
35,1,2048,joint,-2.266982602737055,-2.2669826027370545,4.440892098500626e-16
35,1,2048,pair_coarse,-2.352675396495544,-2.3526753964955436,4.440892098500626e-16
35,1,2048,separate,-1.8674685441513588,-1.8674685441513588,0.0
35,1,2048,exact,-0.47961127441114265,-0.4796112744111426,5.551115123125783e-17
35,1,8192,joint,-1.3943067987620177,-1.3943067987620177,0.0
35,1,8192,pair_coarse,-1.4275282235657216,-1.4275282235657216,0.0
35,1,8192,separate,-1.0392224312732148,-1.0392224312732148,0.0
35,1,8192,exact,-0.11017011069164641,-0.11017011069164638,2.7755575615628914e-17
35,1,32768,joint,-1.0467854292529504,-1.0467854292529502,2.220446049250313e-16
35,1,32768,pair_coarse,-1.0615787017910299,-1.0615787017910299,0.0
35,1,32768,separate,-0.7124020294906612,-0.7124020294906612,0.0
35,1,32768,exact,0.04182471775901253,0.04182471775901256,2.7755575615628914e-17
35,1,131072,joint,-0.8908055902559665,-0.8908055902559665,0.0
35,1,131072,pair_coarse,-0.8978036634537306,-0.8978036634537307,-1.1102230246251565e-16
35,1,131072,separate,-0.56630435344879,-0.56630435344879,0.0
35,1,131072,exact,0.11098709880365862,0.11098709880365859,-2.7755575615628914e-17
35,1,524288,joint,-0.8168189073369096,-0.8168189073369098,-1.1102230246251565e-16
35,1,524288,pair_coarse,-0.8202244322142176,-0.8202244322142176,0.0
35,1,524288,separate,-0.4971362043759194,-0.4971362043759193,5.551115123125783e-17
35,1,524288,exact,0.14400029995528016,0.14400029995528016,0.0
35,2,128,joint,,,
35,2,128,pair_coarse,,,
35,2,128,separate,,,
35,2,128,exact,-98.41899661167115,-98.41899661167115,0.0
35,2,512,joint,-12.276220878874092,-12.27622087887409,1.7763568394002505e-15
35,2,512,pair_coarse,-13.418081055443812,-13.418081055443814,-1.7763568394002505e-15
35,2,512,separate,-12.077167338178697,-12.077167338178697,0.0
35,2,512,exact,-4.238047721008785,-4.238047721008785,0.0
35,2,2048,joint,-3.7964904716761585,-3.7964904716761585,0.0
35,2,2048,pair_coarse,-3.991237170649185,-3.9912371706491854,-4.440892098500626e-16
35,2,2048,separate,-3.4002980345378906,-3.400298034537891,-4.440892098500626e-16
35,2,2048,exact,-1.204237745068033,-1.2042377450680333,-2.220446049250313e-16
35,2,8192,joint,-1.954247274681623,-1.954247274681623,0.0
35,2,8192,pair_coarse,-2.0211887252965948,-2.021188725296595,-4.440892098500626e-16
35,2,8192,separate,-1.5961041153182354,-1.5961041153182352,2.220446049250313e-16
35,2,8192,exact,-0.3955951547326222,-0.39559515473262225,-5.551115123125783e-17
35,2,32768,joint,-1.29075019499425,-1.29075019499425,0.0
35,2,32768,pair_coarse,-1.3192321610156306,-1.3192321610156306,0.0
35,2,32768,separate,-0.9544901058939614,-0.9544901058939614,0.0
35,2,32768,exact,-0.0862998727535716,-0.0862998727535716,0.0
35,2,131072,joint,-1.0051258273094228,-1.0051258273094228,0.0
35,2,131072,pair_coarse,-1.0183360842778282,-1.0183360842778282,0.0
35,2,131072,separate,-0.6796563766172847,-0.6796563766172846,1.1102230246251565e-16
35,2,131072,exact,0.05013022019406937,0.05013022019406937,0.0
35,2,524288,joint,-0.8722062360859482,-0.872206236085948,1.1102230246251565e-16
35,2,524288,pair_coarse,-0.8785761507510702,-0.8785761507510703,-1.1102230246251565e-16
35,2,524288,separate,-0.5520373201605264,-0.5520373201605264,0.0
35,2,524288,exact,0.11432458298616394,0.11432458298616394,0.0
35,4,128,joint,,,
35,4,128,pair_coarse,,,
35,4,128,separate,,,
35,4,128,exact,,,
35,4,512,joint,-53.962946000258405,-44.51253765370474,9.450408346553665
35,4,512,pair_coarse,-66.20356540295508,-53.608351060626966,12.595214342328113
35,4,512,separate,-61.84345226580177,-49.24823792347366,12.595214342328113
35,4,512,exact,-13.91390841221198,-12.862946872485002,1.050961539726977
35,4,2048,joint,-7.54125044517504,-6.262456236275263,1.278794208899777
35,4,2048,pair_coarse,-8.057791942114445,-6.567154630345312,1.4906373117691327
35,4,2048,separate,-7.2561704428995775,-5.765533131130445,1.4906373117691327
35,4,2048,exact,-2.9249201254244177,-2.6756833865214036,0.24923673890301412
35,4,8192,joint,-3.1167993267991205,-2.653889862451738,0.46290946434738256
35,4,8192,pair_coarse,-3.260121574718534,-2.728303994017317,0.5318175807012171
35,4,8192,separate,-2.7749147223743487,-2.2430971416731316,0.5318175807012171
35,4,8192,exact,-1.0007197453886612,-0.9022240720425604,0.09849567334610076
35,4,32768,joint,-1.76885145418717,-1.5649024710180182,0.2039489831691519
35,4,32768,pair_coarse,-1.8256431808271254,-1.5924060632515005,0.23323711757562493
35,4,32768,separate,-1.4373373885346186,-1.2041002709589936,0.23323711757562493
35,4,32768,exact,-0.34667909683898346,-0.301991963981551,0.04468713285743248
35,4,131072,joint,-1.223809265650236,-1.1274236619493372,0.09638560370089877
35,4,131072,pair_coarse,-1.2493968608473458,-1.1393723975247647,0.11002446332258109
35,4,131072,separate,-0.900220188546977,-0.7901957252243962,0.11002446332258087
35,4,131072,exact,-0.07131478815438709,-0.049939526415709014,0.021375261738678077
35,4,524288,joint,-0.9769942021095196,-0.9300673935985523,0.04692680851096731
35,4,524288,pair_coarse,-0.9891725277524789,-0.935649506723025,0.05352302102945383
35,4,524288,separate,-0.6576732177475382,-0.6041501967180845,0.05352302102945372
35,4,524288,exact,0.05560053406107295,0.06606440277525452,0.01046386871418157
36,1,128,joint,-15.488883678196274,-15.488883678196274,0.0
36,1,128,pair_coarse,-36.68962191293288,-36.68962191293287,7.105427357601002e-15
36,1,128,separate,-35.81760022364734,-35.81760022364733,7.105427357601002e-15
36,1,128,exact,-8.39758239315159,-8.397582393151588,1.7763568394002505e-15
36,1,512,joint,-2.833039140245116,-2.833039140245116,0.0
36,1,512,pair_coarse,-4.012615796812414,-4.0126157968124145,-8.881784197001252e-16
36,1,512,separate,-3.852291669450584,-3.852291669450584,0.0
36,1,512,exact,-1.6082438595052782,-1.6082438595052782,0.0
36,1,2048,joint,-1.1105598155873044,-1.1105598155873044,0.0
36,1,2048,pair_coarse,-1.4414941259821812,-1.4414941259821812,0.0
36,1,2048,separate,-1.34445285991303,-1.3444528599130303,-2.220446049250313e-16
36,1,2048,exact,-0.47961127441114265,-0.4796112744111426,5.551115123125783e-17
36,1,8192,joint,-0.5676450097312961,-0.567645009731296,1.1102230246251565e-16
36,1,8192,pair_coarse,-0.698319714948449,-0.698319714948449,0.0
36,1,8192,separate,-0.6206586400398866,-0.6206586400398865,1.1102230246251565e-16
36,1,8192,exact,-0.11017011069164641,-0.11017011069164638,2.7755575615628914e-17
36,1,32768,joint,-0.34718231149563233,-0.34718231149563233,0.0
36,1,32768,pair_coarse,-0.40585168070067934,-0.40585168070067934,0.0
36,1,32768,separate,-0.33601642137131493,-0.33601642137131493,0.0
36,1,32768,exact,0.04182471775901253,0.04182471775901256,2.7755575615628914e-17
36,1,131072,joint,-0.24741023233257822,-0.24741023233257825,-2.7755575615628914e-17
36,1,131072,pair_coarse,-0.2752733735262931,-0.27527337352629305,5.551115123125783e-17
36,1,131072,separate,-0.2089735828524589,-0.20897358285245893,-2.7755575615628914e-17
36,1,131072,exact,0.11098709880365862,0.11098709880365859,-2.7755575615628914e-17
36,1,524288,joint,-0.199904207400605,-0.19990420740060497,2.7755575615628914e-17
36,1,524288,pair_coarse,-0.2134895097634891,-0.21348950976348904,5.551115123125783e-17
36,1,524288,separate,-0.14887193371321036,-0.1488719337132103,5.551115123125783e-17
36,1,524288,exact,0.14400029995528016,0.14400029995528016,0.0
36,2,128,joint,,,
36,2,128,pair_coarse,,,
36,2,128,separate,,,
36,2,128,exact,-98.41899661167115,-98.41899661167115,0.0
36,2,512,joint,-6.860512032180415,-6.860512032180415,0.0
36,2,512,pair_coarse,-10.899947895033042,-10.899947895033044,-1.7763568394002505e-15
36,2,512,separate,-10.631765440098144,-10.631765440098146,-1.7763568394002505e-15
36,2,512,exact,-4.238047721008785,-4.238047721008785,0.0
36,2,2048,joint,-2.118462649081992,-2.118462649081992,0.0
36,2,2048,pair_coarse,-2.881498777144382,-2.8814987771443823,-4.440892098500626e-16
36,2,2048,separate,-2.763311077071729,-2.7633110770717297,-8.881784197001252e-16
36,2,2048,exact,-1.204237745068033,-1.2042377450680333,-2.220446049250313e-16
36,2,8192,joint,-0.9528464730499493,-0.9528464730499493,0.0
36,2,8192,pair_coarse,-1.22291241669862,-1.2229124166986198,2.220446049250313e-16
36,2,8192,separate,-1.1378955861664126,-1.1378955861664128,-2.220446049250313e-16
36,2,8192,exact,-0.3955951547326222,-0.39559515473262225,-5.551115123125783e-17
36,2,32768,joint,-0.5179674324953327,-0.5179674324953327,0.0
36,2,32768,pair_coarse,-0.6342745443007183,-0.6342745443007183,0.0
36,2,32768,separate,-0.5613262117562243,-0.5613262117562243,0.0
36,2,32768,exact,-0.0862998727535716,-0.0862998727535716,0.0
36,2,131072,joint,-0.32807473359237355,-0.3280747335923736,-5.551115123125783e-17
36,2,131072,pair_coarse,-0.38232155803547924,-0.38232155803547924,0.0
36,2,131072,separate,-0.3145856893754972,-0.3145856893754972,0.0
36,2,131072,exact,0.05013022019406937,0.05013022019406937,0.0
36,2,524288,joint,-0.23913327797589665,-0.23913327797589665,0.0
36,2,524288,pair_coarse,-0.2653612608707023,-0.2653612608707023,0.0
36,2,524288,separate,-0.2000535650124245,-0.2000535650124245,0.0
36,2,524288,exact,0.11432458298616394,0.11432458298616394,0.0
36,4,128,joint,,,
36,4,128,pair_coarse,,,
36,4,128,separate,,,
36,4,128,exact,,,
36,4,512,joint,-24.153921892762163,-20.9925850649155,3.1613368278466645
36,4,512,pair_coarse,-58.01560719770867,-45.42039285538055,12.59521434232812
36,4,512,separate,-57.14358550842313,-44.54837116609501,12.59521434232812
36,4,512,exact,-13.91390841221198,-12.862946872485002,1.050961539726977
36,4,2048,joint,-4.538430638862157,-3.920203073254882,0.6182275656072749
36,4,2048,pair_coarse,-6.552408222580123,-5.06177091081099,1.4906373117691327
36,4,2048,separate,-6.3920840952182925,-4.901446783449161,1.4906373117691318
36,4,2048,exact,-2.9249201254244177,-2.6756833865214036,0.24923673890301412
36,4,8192,joint,-1.7616733935534639,-1.525983309242272,0.23569008431119176
36,4,8192,pair_coarse,-2.348940304205171,-1.817122723503954,0.5318175807012171
36,4,8192,separate,-2.2518990381360204,-1.7200814574348031,0.5318175807012173
36,4,8192,exact,-1.0007197453886612,-0.9022240720425604,0.09849567334610076
36,4,32768,joint,-0.8595246732412327,-0.7539074413163799,0.10561723192485284
36,4,32768,pair_coarse,-1.0964346722098528,-0.863197554634228,0.23323711757562482
36,4,32768,separate,-1.0187735973012904,-0.7855364797256654,0.23323711757562493
36,4,32768,exact,-0.34667909683898346,-0.301991963981551,0.04468713285743248
36,4,131072,joint,-0.48609268373257675,-0.4358320444500811,0.050260639282495634
36,4,131072,pair_coarse,-0.5936698397569953,-0.48364537643441435,0.11002446332258092
36,4,131072,separate,-0.5238345804276309,-0.41381011710504995,0.11002446332258092
36,4,131072,exact,-0.07131478815438709,-0.049939526415709014,0.021375261738678077
36,4,524288,joint,-0.3152534323222162,-0.29070688830345986,0.024546544018756333
36,4,524288,pair_coarse,-0.36664223782504124,-0.31311921679558746,0.05352302102945378
36,4,524288,separate,-0.30034244715120706,-0.24681942612175328,0.05352302102945378
36,4,524288,exact,0.05560053406107295,0.06606440277525452,0.01046386871418157
37,1,128,joint,-11.185486631655657,-11.185486631655657,0.0
37,1,128,pair_coarse,-34.120508966367446,-34.12050896636744,7.105427357601002e-15
37,1,128,separate,-33.869096690328305,-33.869096690328305,0.0
37,1,128,exact,-8.39758239315159,-8.397582393151588,1.7763568394002505e-15
37,1,512,joint,-2.1336969717653567,-2.133696971765357,-4.440892098500626e-16
37,1,512,pair_coarse,-3.5402757205127617,-3.5402757205127617,0.0
37,1,512,separate,-3.49405272599407,-3.49405272599407,0.0
37,1,512,exact,-1.6082438595052782,-1.6082438595052782,0.0
37,1,2048,joint,-0.7538212506268902,-0.7538212506268902,0.0
37,1,2048,pair_coarse,-1.155595304803065,-1.1555953048030652,-2.220446049250313e-16
37,1,2048,separate,-1.127617370455866,-1.1276173704558663,-2.220446049250313e-16
37,1,2048,exact,-0.47961127441114265,-0.4796112744111426,5.551115123125783e-17
37,1,8192,joint,-0.3097816814205775,-0.3097816814205775,0.0
37,1,8192,pair_coarse,-0.46951798278597695,-0.4695179827859769,5.551115123125783e-17
37,1,8192,separate,-0.44712754474721156,-0.4471275447472115,5.551115123125783e-17
37,1,8192,exact,-0.11017011069164641,-0.11017011069164638,2.7755575615628914e-17
37,1,32768,joint,-0.12816772278542826,-0.12816772278542823,2.7755575615628914e-17
37,1,32768,pair_coarse,-0.2001060311666384,-0.20010603116663833,5.551115123125783e-17
37,1,32768,separate,-0.17997185135034993,-0.17997185135034993,0.0
37,1,32768,exact,0.04182471775901253,0.04182471775901256,2.7755575615628914e-17
37,1,131072,joint,-0.04572879050654671,-0.045728790506546706,6.938893903907228e-18
37,1,131072,pair_coarse,-0.0799437702978675,-0.07994377029786752,-1.3877787807814457e-17
37,1,131072,separate,-0.06082890024471147,-0.06082890024471147,0.0
37,1,131072,exact,0.11098709880365862,0.11098709880365859,-2.7755575615628914e-17
37,1,524288,joint,-0.006421717066672836,-0.0064217170666728465,-1.0408340855860843e-17
37,1,524288,pair_coarse,-0.0231159751986982,-0.023115975198698204,-3.469446951953614e-18
37,1,524288,separate,-0.004486103870334011,-0.004486103870334015,-3.469446951953614e-18
37,1,524288,exact,0.14400029995528016,0.14400029995528016,0.0
37,2,128,joint,-488.11904958869565,-488.11904958869565,0.0
37,2,128,pair_coarse,,,
37,2,128,separate,,,
37,2,128,exact,-98.41899661167115,-98.41899661167115,0.0
37,2,512,joint,-5.346104715765994,-5.346104715765995,-8.881784197001252e-16
37,2,512,pair_coarse,-10.109840234317113,-10.109840234317115,-1.7763568394002505e-15
37,2,512,separate,-10.032520642135655,-10.032520642135655,0.0
37,2,512,exact,-4.238047721008785,-4.238047721008785,0.0
37,2,2048,joint,-1.6012368751270323,-1.6012368751270323,0.0
37,2,2048,pair_coarse,-2.533299237944595,-2.533299237944595,0.0
37,2,2048,separate,-2.4992245824168853,-2.4992245824168857,-4.440892098500626e-16
37,2,2048,exact,-1.204237745068033,-1.2042377450680333,-2.220446049250313e-16
37,2,8192,joint,-0.6389752074189691,-0.6389752074189691,0.0
37,2,8192,pair_coarse,-0.9724394724130182,-0.9724394724130181,1.1102230246251565e-16
37,2,8192,separate,-0.9479282989773578,-0.9479282989773576,1.1102230246251565e-16
37,2,8192,exact,-0.3955951547326222,-0.39559515473262225,-5.551115123125783e-17
37,2,32768,joint,-0.27509865272809053,-0.2750986527280905,5.551115123125783e-17
37,2,32768,pair_coarse,-0.4193572918136037,-0.4193572918136037,0.0
37,2,32768,separate,-0.3983255829196458,-0.3983255829196458,0.0
37,2,32768,exact,-0.0862998727535716,-0.0862998727535716,0.0
37,2,131072,joint,-0.11533738874787275,-0.11533738874787276,-1.3877787807814457e-17
37,2,131072,pair_coarse,-0.18276104336090238,-0.1827610433609024,-2.7755575615628914e-17
37,2,131072,separate,-0.16323213815299803,-0.16323213815299806,-2.7755575615628914e-17
37,2,131072,exact,0.05013022019406937,0.05013022019406937,0.0
37,2,524288,joint,-0.040323031772127385,-0.04032303177212741,-2.7755575615628914e-17
37,2,524288,pair_coarse,-0.07295452488994157,-0.07295452488994156,1.3877787807814457e-17
37,2,524288,separate,-0.05412568535493688,-0.05412568535493687,6.938893903907228e-18
37,2,524288,exact,0.11432458298616394,0.11432458298616394,0.0
37,4,128,joint,,,
37,4,128,pair_coarse,,,
37,4,128,separate,,,
37,4,128,exact,,,
37,4,512,joint,-17.970153890513217,-16.094243371599692,1.8759105189135248
37,4,512,pair_coarse,-55.44649425114323,-42.851279908815116,12.595214342328113
37,4,512,separate,-55.195081975104095,-42.59986763277598,12.595214342328113
37,4,512,exact,-13.91390841221198,-12.862946872485002,1.050961539726977
37,4,2048,joint,-3.6229863916560823,-3.213847704868404,0.4091386867876783
37,4,2048,pair_coarse,-6.08006814628047,-4.5894308345113375,1.4906373117691327
37,4,2048,separate,-6.033845151761779,-4.543207839992646,1.4906373117691327
37,4,2048,exact,-2.9249201254244177,-2.6756833865214036,0.24923673890301412
37,4,8192,joint,-1.333608927217839,-1.1745645487619873,0.15904437845585173
37,4,8192,pair_coarse,-2.0630414830260553,-1.531223902324838,0.5318175807012173
37,4,8192,separate,-2.035063548678856,-1.503245967977639,0.5318175807012171
37,4,8192,exact,-1.0007197453886612,-0.9022240720425604,0.09849567334610076
37,4,32768,joint,-0.5714179763135919,-0.49967268325444936,0.07174529305914257
37,4,32768,pair_coarse,-0.8676329400473808,-0.6343958224717559,0.23323711757562493
37,4,32768,separate,-0.8452425020086154,-0.6120053844329905,0.23323711757562493
37,4,32768,exact,-0.34667909683898346,-0.301991963981551,0.04468713285743248
37,4,131072,joint,-0.25302766577512137,-0.2187918321515206,0.034235833623600775
37,4,131072,pair_coarse,-0.3879241902229543,-0.2778997269003734,0.11002446332258092
37,4,131072,separate,-0.3677900104066659,-0.257765547084085,0.11002446332258092
37,4,131072,exact,-0.07131478815438709,-0.049939526415709014,0.021375261738678077
37,4,524288,joint,-0.10678610286744386,-0.09004491957330892,0.016741183294134945
37,4,524288,pair_coarse,-0.17131263459661564,-0.11778961356716189,0.05352302102945375
37,4,524288,separate,-0.1521977645434596,-0.09867474351400585,0.05352302102945375
37,4,524288,exact,0.05560053406107295,0.06606440277525452,0.01046386871418157
38,1,128,joint,-9.653600571331628,-9.653600571331626,1.7763568394002505e-15
38,1,128,pair_coarse,-33.06284322669973,-33.062843226699734,-7.105427357601002e-15
38,1,128,separate,-32.976116933698556,-32.976116933698556,0.0
38,1,128,exact,-8.39758239315159,-8.397582393151588,1.7763568394002505e-15
38,1,512,joint,-1.8533630367535165,-1.8533630367535165,0.0
38,1,512,pair_coarse,-3.3458203086391647,-3.3458203086391642,4.440892098500626e-16
38,1,512,separate,-3.329875387296517,-3.3298753872965174,-4.440892098500626e-16
38,1,512,exact,-1.6082438595052782,-1.6082438595052782,0.0
38,1,2048,joint,-0.6082681336454134,-0.6082681336454134,0.0
38,1,2048,pair_coarse,-1.0378949956061554,-1.0378949956061556,-2.220446049250313e-16
38,1,2048,separate,-1.0282438259417703,-1.0282438259417706,-2.220446049250313e-16
38,1,2048,exact,-0.47961127441114265,-0.4796112744111426,5.551115123125783e-17
38,1,8192,joint,-0.20400204347448614,-0.20400204347448614,0.0
38,1,8192,pair_coarse,-0.37532369926551507,-0.37532369926551507,0.0
38,1,8192,separate,-0.367599972642586,-0.3675999726425859,5.551115123125783e-17
38,1,8192,exact,-0.11017011069164641,-0.11017011069164638,2.7755575615628914e-17
38,1,32768,joint,-0.03814364991773787,-0.038143649917737894,-2.7755575615628914e-17
38,1,32768,pair_coarse,-0.11540359529718763,-0.11540359529718765,-1.3877787807814457e-17
38,1,32768,separate,-0.10845817956174436,-0.10845817956174438,-1.3877787807814457e-17
38,1,32768,exact,0.04182471775901253,0.04182471775901256,2.7755575615628914e-17
38,1,131072,joint,0.03724020697743531,0.03724020697743531,0.0
38,1,131072,pair_coarse,0.0004705336173342553,0.00047053361733425227,-3.0357660829594124e-18
38,1,131072,separate,0.007064331847979909,0.007064331847979905,-3.469446951953614e-18
38,1,131072,exact,0.11098709880365862,0.11098709880365859,-2.7755575615628914e-17
38,1,524288,joint,0.07320438075735496,0.07320438075735494,-1.3877787807814457e-17
38,1,524288,pair_coarse,0.05525798866996149,0.05525798866996149,0.0
38,1,524288,separate,0.061684483449184015,0.061684483449184015,0.0
38,1,524288,exact,0.14400029995528016,0.14400029995528016,0.0
38,2,128,joint,-168.80029756037354,-168.80029756037354,0.0
38,2,128,pair_coarse,,,
38,2,128,separate,,,
38,2,128,exact,-98.41899661167115,-98.41899661167115,0.0
38,2,512,joint,-4.7516137147949085,-4.7516137147949085,0.0
38,2,512,pair_coarse,-9.7845646155455,-9.784564615545502,-1.7763568394002505e-15
38,2,512,separate,-9.757892721428377,-9.757892721428378,-1.7763568394002505e-15
38,2,512,exact,-4.238047721008785,-4.238047721008785,0.0
38,2,2048,joint,-1.3904186206827973,-1.3904186206827973,0.0
38,2,2048,pair_coarse,-2.3899506461000684,-2.3899506461000684,0.0
38,2,2048,separate,-2.378196372976387,-2.3781963729763875,-4.440892098500626e-16
38,2,2048,exact,-1.204237745068033,-1.2042377450680333,-2.220446049250313e-16
38,2,8192,joint,-0.5100388474262532,-0.5100388474262533,-1.1102230246251565e-16
38,2,8192,pair_coarse,-0.8693234719122469,-0.8693234719122469,0.0
38,2,8192,separate,-0.8608681838782892,-0.8608681838782892,0.0
38,2,8192,exact,-0.3955951547326222,-0.39559515473262225,-5.551115123125783e-17
38,2,32768,joint,-0.17514389298617566,-0.1751438929861757,-2.7755575615628914e-17
38,2,32768,pair_coarse,-0.3308790428821895,-0.3308790428821895,0.0
38,2,32768,separate,-0.3236240186781648,-0.3236240186781648,0.0
38,2,32768,exact,-0.0862998727535716,-0.0862998727535716,0.0
38,2,131072,joint,-0.02775116283403436,-0.027751162834034337,2.0816681711721685e-17
38,2,131072,pair_coarse,-0.10060493588266746,-0.10060493588266746,0.0
38,2,131072,separate,-0.09386831354371179,-0.09386831354371179,0.0
38,2,131072,exact,0.05013022019406937,0.05013022019406937,0.0
38,2,524288,joint,0.04153145108980669,0.04153145108980672,3.469446951953614e-17
38,2,524288,pair_coarse,0.006256477880565617,0.006256477880565624,6.938893903907228e-18
38,2,524288,separate,0.012751608031373277,0.012751608031373284,6.938893903907228e-18
38,2,524288,exact,0.11432458298616394,0.11432458298616394,0.0
38,4,128,joint,,,
38,4,128,pair_coarse,,,
38,4,128,separate,,,
38,4,128,exact,,,
38,4,512,joint,-15.747173595008476,-14.326009614110939,1.4211639808975374
38,4,512,pair_coarse,-54.38882851147552,-41.79361416914741,12.595214342328113
38,4,512,separate,-54.302102218474346,-41.70688787614623,12.595214342328113
38,4,512,exact,-13.91390841221198,-12.862946872485002,1.050961539726977
38,4,2048,joint,-3.2517303483539877,-2.9276932270841827,0.324037121269805
38,4,2048,pair_coarse,-5.885612734406873,-4.39497542263774,1.4906373117691327
38,4,2048,separate,-5.869667813064226,-4.379030501295094,1.4906373117691327
38,4,2048,exact,-2.9249201254244177,-2.6756833865214036,0.24923673890301412
38,4,8192,joint,-1.1573448365615753,-1.030298136197316,0.12704670036425925
38,4,8192,pair_coarse,-1.9453411738291457,-1.4135235931279282,0.5318175807012175
38,4,8192,separate,-1.9356900041647607,-1.4038724234635434,0.5318175807012173
38,4,8192,exact,-1.0007197453886612,-0.9022240720425604,0.09849567334610076
38,4,32768,joint,-0.4525160260883202,-0.39503465106135704,0.057481375026963155
38,4,32768,pair_coarse,-0.7734386565269189,-0.540201538951294,0.23323711757562493
38,4,32768,separate,-0.7657149299039898,-0.5324778123283649,0.23323711757562493
38,4,32768,exact,-0.34667909683898346,-0.301991963981551,0.04468713285743248
38,4,131072,joint,-0.15688823817538805,-0.12942495344607,0.027463284729318055
38,4,131072,pair_coarse,-0.3032217543535036,-0.19319729103092267,0.11002446332258095
38,4,131072,separate,-0.29627633861806035,-0.1862518752954794,0.11002446332258095
38,4,131072,exact,-0.07131478815438709,-0.049939526415709014,0.021375261738678077
38,4,524288,joint,-0.020859472561838392,-0.007422448913540836,0.013437023648297557
38,4,524288,pair_coarse,-0.09089833068141387,-0.03737530965196012,0.05352302102945375
38,4,524288,separate,-0.08430453245076822,-0.030781511421314467,0.05352302102945375
38,4,524288,exact,0.05560053406107295,0.06606440277525452,0.01046386871418157
39,1,128,joint,-8.996058742905143,-8.996058742905143,0.0
39,1,128,pair_coarse,-32.579604930197014,-32.579604930197014,0.0
39,1,128,separate,-32.54807669527967,-32.548076695279676,-7.105427357601002e-15
39,1,128,exact,-8.39758239315159,-8.397582393151588,1.7763568394002505e-15
39,1,512,joint,-1.7269012955941385,-1.7269012955941385,0.0
39,1,512,pair_coarse,-3.2569753187191406,-3.2569753187191406,0.0
39,1,512,separate,-3.25117874644062,-3.25117874644062,0.0
39,1,512,exact,-1.6082438595052782,-1.6082438595052782,0.0
39,1,2048,joint,-0.5420661802222975,-0.5420661802222974,1.1102230246251565e-16
39,1,2048,pair_coarse,-0.9841187459074296,-0.9841187459074298,-1.1102230246251565e-16
39,1,2048,separate,-0.9806101865781189,-0.9806101865781188,1.1102230246251565e-16
39,1,2048,exact,-0.47961127441114265,-0.4796112744111426,5.551115123125783e-17
39,1,8192,joint,-0.15576320503589572,-0.1557632050358957,2.7755575615628914e-17
39,1,8192,pair_coarse,-0.33228714867910497,-0.3322871486791049,5.551115123125783e-17
39,1,8192,separate,-0.3294792866227651,-0.32947928662276504,5.551115123125783e-17
39,1,8192,exact,-0.11017011069164641,-0.11017011069164638,2.7755575615628914e-17
39,1,32768,joint,0.002952577908268368,0.002952577908268385,1.691355389077387e-17
39,1,32768,pair_coarse,-0.07670378751855633,-0.07670378751855635,-1.3877787807814457e-17
39,1,32768,separate,-0.0741788704336917,-0.07417887043369172,-1.3877787807814457e-17
39,1,32768,exact,0.04182471775901253,0.04182471775901256,2.7755575615628914e-17
39,1,131072,joint,0.07513275637094964,0.07513275637094967,2.7755575615628914e-17
39,1,131072,pair_coarse,0.03721113112467402,0.03721113112467402,0.0
39,1,131072,separate,0.03960822216153539,0.03960822216153539,0.0
39,1,131072,exact,0.11098709880365862,0.11098709880365859,-2.7755575615628914e-17
39,1,524288,joint,0.10957773585737858,0.10957773585737858,0.0
39,1,524288,pair_coarse,0.09106637251905511,0.09106637251905511,0.0
39,1,524288,separate,0.09340264252533378,0.09340264252533378,0.0
39,1,524288,exact,0.14400029995528016,0.14400029995528016,0.0
39,2,128,joint,-125.06774300492945,-125.06774300492945,0.0
39,2,128,pair_coarse,,,
39,2,128,separate,,,
39,2,128,exact,-98.41899661167115,-98.41899661167115,0.0
39,2,512,joint,-4.485894312358489,-4.485894312358489,0.0
39,2,512,pair_coarse,-9.635949008540544,-9.635949008540544,0.0
39,2,512,separate,-9.626252782467516,-9.626252782467517,-1.7763568394002505e-15
39,2,512,exact,-4.238047721008785,-4.238047721008785,0.0
39,2,2048,joint,-1.2945896368818715,-1.2945896368818712,2.220446049250313e-16
39,2,2048,pair_coarse,-2.324455918672501,-2.3244559186725016,-4.440892098500626e-16
39,2,2048,separate,-2.32018280297135,-2.32018280297135,0.0
39,2,2048,exact,-1.204237745068033,-1.2042377450680333,-2.220446049250313e-16
39,2,8192,joint,-0.45120869269752323,-0.4512086926975233,-5.551115123125783e-17
39,2,8192,pair_coarse,-0.8222106662730838,-0.8222106662730838,0.0
39,2,8192,separate,-0.8191368544196848,-0.8191368544196846,1.1102230246251565e-16
39,2,8192,exact,-0.3955951547326222,-0.39559515473262225,-5.551115123125783e-17
39,2,32768,joint,-0.12949133904740873,-0.12949133904740875,-2.7755575615628914e-17
39,2,32768,pair_coarse,-0.2904540988875084,-0.2904540988875084,0.0
39,2,32768,separate,-0.2878166276026193,-0.2878166276026193,0.0
39,2,32768,exact,-0.0862998727535716,-0.0862998727535716,0.0
39,2,131072,joint,0.012262887522078957,0.012262887522078986,2.949029909160572e-17
39,2,131072,pair_coarse,-0.06306852344526583,-0.06306852344526583,0.0
39,2,131072,separate,-0.0606195105300117,-0.06061951053001171,-6.938893903907228e-18
39,2,131072,exact,0.05013022019406937,0.05013022019406937,0.0
39,2,524288,joint,0.07892940226512299,0.07892940226512297,-1.3877787807814457e-17
39,2,524288,pair_coarse,0.042447297538880394,0.042447297538880394,0.0
39,2,524288,separate,0.04480851905691048,0.04480851905691048,0.0
39,2,524288,exact,0.11432458298616394,0.11432458298616394,0.0
39,4,128,joint,,,
39,4,128,pair_coarse,,,
39,4,128,separate,,,
39,4,128,exact,,,
39,4,512,joint,-14.788689457001883,-13.561731791999403,1.2269576650024803
39,4,512,pair_coarse,-53.905590214972804,-41.31037587264469,12.595214342328113
39,4,512,separate,-53.874061980055465,-41.27884763772735,12.595214342328113
39,4,512,exact,-13.91390841221198,-12.862946872485002,1.050961539726977
39,4,2048,joint,-3.0833766155237066,-2.7979041845763795,0.2854724309473271
39,4,2048,pair_coarse,-5.796767744486849,-4.306130432717716,1.4906373117691327
39,4,2048,separate,-5.790971172208328,-4.3003338604391965,1.4906373117691318
39,4,2048,exact,-2.9249201254244177,-2.6756833865214036,0.24923673890301412
39,4,8192,joint,-1.076845779169802,-0.9644672069447466,0.11237857222505543
39,4,8192,pair_coarse,-1.89156492413042,-1.3597473434292027,0.5318175807012173
39,4,8192,separate,-1.888056364801109,-1.3562387840998917,0.5318175807012173
39,4,8192,exact,-1.0007197453886612,-0.9022240720425604,0.09849567334610076
39,4,32768,joint,-0.3981469391654635,-0.34723049875399953,0.05091644041146398
39,4,32768,pair_coarse,-0.7304021059405088,-0.4971649883648839,0.23323711757562493
39,4,32768,separate,-0.7275942438841689,-0.494357126308544,0.23323711757562493
39,4,32768,exact,-0.34667909683898346,-0.301991963981551,0.04468713285743248
39,4,131072,joint,-0.11293108368801259,-0.08859004547353816,0.024341038214474434
39,4,131072,pair_coarse,-0.26452194657487227,-0.15449748325229137,0.1100244633225809
39,4,131072,separate,-0.2619970294900077,-0.15197256616742674,0.11002446332258095
39,4,131072,exact,-0.07131478815438709,-0.049939526415709014,0.021375261738678077
39,4,524288,joint,0.01841762079380617,0.030330220633578056,0.011912599839771887
39,4,524288,pair_coarse,-0.0541577331740741,-0.0006347121446203535,0.05352302102945375
39,4,524288,separate,-0.05176064213721274,0.0017623788922410118,0.05352302102945375
39,4,524288,exact,0.05560053406107295,0.06606440277525452,0.01046386871418157
40,1,128,joint,-30.244156911710466,-30.244156911710466,0.0
40,1,128,pair_coarse,,,
40,1,128,separate,,,
40,1,128,exact,-19.86835640659206,-19.86835640659206,0.0
40,1,512,joint,-3.0202124265394117,-3.0202124265394112,4.440892098500626e-16
40,1,512,pair_coarse,-5.6972279990854595,-5.6972279990854595,0.0
40,1,512,separate,-11.719371569972807,-11.719371569972807,0.0
40,1,512,exact,-2.1987319409795787,-2.1987319409795787,0.0
40,1,2048,joint,-0.8562445137551526,-0.8562445137551526,0.0
40,1,2048,pair_coarse,-1.4965796458054657,-1.4965796458054657,0.0
40,1,2048,separate,-4.609251375282229,-4.609251375282228,8.881784197001252e-16
40,1,2048,exact,-0.47776022969950027,-0.47776022969950027,0.0
40,1,8192,joint,-0.23480521733334114,-0.23480521733334112,2.7755575615628914e-17
40,1,8192,pair_coarse,-0.4765798167739986,-0.4765798167739986,0.0
40,1,8192,separate,-2.830648421121422,-2.830648421121422,0.0
40,1,8192,exact,0.027937328049727234,0.027937328049727244,1.0408340855860843e-17
40,1,32768,joint,0.008906324354414727,0.008906324354414746,1.9081958235744878e-17
40,1,32768,pair_coarse,-0.09785490238046701,-0.09785490238046701,0.0
40,1,32768,separate,-2.162011568788794,-2.162011568788794,0.0
40,1,32768,exact,0.22768247321448395,0.22768247321448395,0.0
40,1,131072,joint,0.11753275520999817,0.11753275520999817,0.0
40,1,131072,pair_coarse,0.06718654279428168,0.06718654279428168,0.0
40,1,131072,separate,-1.8691219044658343,-1.869121904465834,2.220446049250313e-16
40,1,131072,exact,0.3169659612492164,0.3169659612492164,0.0
40,1,524288,joint,0.16888783904597665,0.16888783904597665,0.0
40,1,524288,pair_coarse,0.1444196933618408,0.1444196933618408,0.0
40,1,524288,separate,-1.731749210066655,-1.7317492100666552,-2.220446049250313e-16
40,1,524288,exact,0.3592297377089144,0.35922973770891437,-5.551115123125783e-17
40,2,128,joint,,,
40,2,128,pair_coarse,,,
40,2,128,separate,,,
40,2,128,exact,,,
40,2,512,joint,-9.138254784491917,-9.138254784491918,-1.7763568394002505e-15
40,2,512,pair_coarse,-21.863712109987258,-18.606001482504286,3.2577106274829717
40,2,512,separate,-34.931483967994374,-31.673773340511403,3.2577106274829717
40,2,512,exact,-7.028661240522241,-7.028661240522241,0.0
40,2,2048,joint,-2.153747846825019,-2.1537478468250195,-4.440892098500626e-16
40,2,2048,pair_coarse,-3.755506072526592,-3.1231426192893434,0.6323634532372484
40,2,2048,separate,-7.7634173874480945,-7.131053934210846,0.6323634532372484
40,2,2048,exact,-1.5733571518749514,-1.5733571518749514,0.0
40,2,8192,joint,-0.7104381398118564,-0.7104381398118564,0.0
40,2,8192,pair_coarse,-1.2339431487304726,-0.9931645190901647,0.24077862964030794
40,2,8192,separate,-3.8691155093827865,-3.6283368797424784,0.24077862964030805
40,2,8192,exact,-0.38123164144910715,-0.38123164144910715,0.0
40,2,32768,joint,-0.19886999232120792,-0.19886999232120794,-2.7755575615628914e-17
40,2,32768,pair_coarse,-0.418406989979975,-0.3105548112073813,0.10785217877259368
40,2,32768,separate,-2.5967537391792703,-2.488901560406677,0.10785217877259345
40,2,32768,exact,0.04761315115214085,0.04761315115214084,-6.938893903907228e-18
40,2,131072,joint,0.019997628297614353,0.019997628297614325,-2.7755575615628914e-17
40,2,131072,pair_coarse,-0.0813078074187139,-0.029992503368111236,0.05131530405060267
40,2,131072,separate,-2.06931039932796,-2.0179950952773567,0.05131530405060314
40,2,131072,exact,0.23215623829543933,0.23215623829543933,0.0
40,2,524288,joint,0.12158563175640741,0.12158563175640741,0.0
40,2,524288,pair_coarse,0.07283736572262778,0.09789702354198766,0.025059657819359885
40,2,524288,separate,-1.827949151969872,-1.8028894941505125,0.025059657819359593
40,2,524288,exact,0.31803432918586727,0.31803432918586727,0.0
40,4,128,joint,,,
40,4,128,pair_coarse,,,
40,4,128,separate,,,
40,4,128,exact,,,
40,4,512,joint,-50.67365510129253,-38.768084534328146,11.905570566964386
40,4,512,pair_coarse,,,
40,4,512,separate,,,
40,4,512,exact,-34.54481905536298,-27.008393975291373,7.536425080071606
40,4,2048,joint,-5.521312078485838,-4.072878140955934,1.448433937529904
40,4,2048,pair_coarse,-10.338973111168302,-6.407895557713936,3.931077553454366
40,4,2048,separate,-16.361116682055652,-12.430039128601285,3.931077553454367
40,4,2048,exact,-4.394091776346477,-3.273862347781166,1.1202294285653114
40,4,8192,joint,-1.752399070368144,-1.2341740825256307,0.5182249878425134
40,4,8192,pair_coarse,-2.950741731366943,-1.7209712612129067,1.2297704701540362
40,4,8192,separate,-6.063413460843705,-4.833642990689669,1.229770470154036
40,4,8192,exact,-1.2827648944292271,-0.8725940626395019,0.41017083178972524
40,4,32768,joint,-0.6283155282715567,-0.4008378081570703,0.22747772011448636
40,4,32768,pair_coarse,-1.090506160451235,-0.5714952416655948,0.5190109187856401
40,4,32768,separate,-3.4445747647986584,-2.9255638460130178,0.5190109187856407
40,4,32768,exact,-0.3281577433190469,-0.14678194841457703,0.18137579490446987
40,4,131072,joint,-0.1768055092579782,-0.06945976487884423,0.10734574437913397
40,4,131072,pair_coarse,-0.38317853410268937,-0.1419877691768969,0.24119076492579247
40,4,131072,separate,-2.447335200511016,-2.2061444355852236,0.2411907649257925
40,4,131072,exact,0.05912979393353021,0.14497409909765815,0.08584430516412794
40,4,524288,joint,0.02717421527616465,0.07940242873886814,0.052228213462703496
40,4,524288,pair_coarse,-0.07070175329887696,0.045855974678577896,0.11655772797745485
40,4,524288,separate,-2.0070102005589927,-1.8904524725815381,0.11655772797745456
40,4,524288,exact,0.23484734274131053,0.27666966756970707,0.04182232482839654
41,1,128,joint,-23.98024052326824,-23.980240523268236,3.552713678800501e-15
41,1,128,pair_coarse,,,
41,1,128,separate,,,
41,1,128,exact,-19.86835640659206,-19.86835640659206,0.0
41,1,512,joint,-2.5550239840909423,-2.555023984090942,4.440892098500626e-16
41,1,512,pair_coarse,-5.357271309873972,-5.357271309873972,0.0
41,1,512,separate,-11.719371569972807,-11.719371569972807,0.0
41,1,512,exact,-2.1987319409795787,-2.1987319409795787,0.0
41,1,2048,joint,-0.6426460361949521,-0.642646036194952,1.1102230246251565e-16
41,1,2048,pair_coarse,-1.320865871582179,-1.320865871582179,0.0
41,1,2048,separate,-4.609251375282229,-4.609251375282228,8.881784197001252e-16
41,1,2048,exact,-0.47776022969950027,-0.47776022969950027,0.0
41,1,8192,joint,-0.08650713405183211,-0.08650713405183207,4.163336342344337e-17
41,1,8192,pair_coarse,-0.3436900310207276,-0.3436900310207276,0.0
41,1,8192,separate,-2.830648421121422,-2.830648421121422,0.0
41,1,8192,exact,0.027937328049727234,0.027937328049727244,1.0408340855860843e-17
41,1,32768,joint,0.1324532573940033,0.13245325739400327,-2.7755575615628914e-17
41,1,32768,pair_coarse,0.018669032671217445,0.018669032671217445,0.0
41,1,32768,separate,-2.162011568788794,-2.162011568788794,0.0
41,1,32768,exact,0.22768247321448395,0.22768247321448395,0.0
41,1,131072,joint,0.23020075512372423,0.2302007551237243,5.551115123125783e-17
41,1,131072,pair_coarse,0.17649330396234744,0.17649330396234744,0.0
41,1,131072,separate,-1.8691219044658343,-1.869121904465834,2.220446049250313e-16
41,1,131072,exact,0.3169659612492164,0.3169659612492164,0.0
41,1,524288,joint,0.276444947981881,0.276444947981881,0.0
41,1,524288,pair_coarse,0.2503315105251634,0.2503315105251634,0.0
41,1,524288,separate,-1.731749210066655,-1.7317492100666552,-2.220446049250313e-16
41,1,524288,exact,0.3592297377089144,0.35922973770891437,-5.551115123125783e-17
41,2,128,joint,,,
41,2,128,pair_coarse,,,
41,2,128,separate,,,
41,2,128,exact,,,
41,2,512,joint,-7.936460716284531,-7.9364607162845315,-8.881784197001252e-16
41,2,512,pair_coarse,-21.12602188325549,-17.868311255772518,3.2577106274829717
41,2,512,separate,-34.931483967994374,-31.673773340511403,3.2577106274829717
41,2,512,exact,-7.028661240522241,-7.028661240522241,0.0
41,2,2048,joint,-1.826927075938158,-1.8269270759381577,2.220446049250313e-16
41,2,2048,pair_coarse,-3.5292550299807544,-2.8968915767435064,0.632363453237248
41,2,2048,separate,-7.7634173874480945,-7.131053934210846,0.6323634532372484
41,2,2048,exact,-1.5733571518749514,-1.5733571518749514,0.0
41,2,8192,joint,-0.5250675907720967,-0.5250675907720966,1.1102230246251565e-16
41,2,8192,pair_coarse,-1.085184743906029,-0.8444061142657208,0.24077862964030816
41,2,8192,separate,-3.8691155093827865,-3.6283368797424784,0.24077862964030805
41,2,8192,exact,-0.38123164144910715,-0.38123164144910715,0.0
41,2,32768,joint,-0.05990244106171777,-0.05990244106171778,-6.938893903907228e-18
41,2,32768,pair_coarse,-0.29543689800269546,-0.18758471923010178,0.10785217877259368
41,2,32768,separate,-2.5967537391792703,-2.488901560406677,0.10785217877259345
41,2,32768,exact,0.04761315115214085,0.04761315115214084,-6.938893903907228e-18
41,2,131072,joint,0.13974091956108248,0.1397409195610825,2.7755575615628914e-17
41,2,131072,pair_coarse,0.03091714559577244,0.08223244964637516,0.05131530405060272
41,2,131072,separate,-2.06931039932796,-2.0179950952773567,0.05131530405060314
41,2,131072,exact,0.23215623829543933,0.23215623829543933,0.0
41,2,524288,joint,0.232536449156677,0.23253644915667704,2.7755575615628914e-17
41,2,524288,pair_coarse,0.18013887453693223,0.20519853235629215,0.025059657819359926
41,2,524288,separate,-1.827949151969872,-1.8028894941505125,0.025059657819359593
41,2,524288,exact,0.31803432918586727,0.31803432918586727,0.0
41,4,128,joint,,,
41,4,128,pair_coarse,,,
41,4,128,separate,,,
41,4,128,exact,,,
41,4,512,joint,-40.97165428062079,-31.690992189667284,9.280662090953506
41,4,512,pair_coarse,,,
41,4,512,separate,,,
41,4,512,exact,-34.54481905536298,-27.008393975291373,7.536425080071606
41,4,2048,joint,-4.887098142042984,-3.6213207463415134,1.265777395701471
41,4,2048,pair_coarse,-9.999016421956815,-6.0679388685024485,3.931077553454367
41,4,2048,separate,-16.361116682055652,-12.430039128601285,3.931077553454367
41,4,2048,exact,-4.394091776346477,-3.273862347781166,1.1202294285653114
41,4,8192,joint,-1.4888410393693046,-1.030222343414753,0.4586186959545515
41,4,8192,pair_coarse,-2.7750279571436565,-1.5452574869896198,1.2297704701540366
41,4,8192,separate,-6.063413460843705,-4.833642990689669,1.229770470154036
41,4,8192,exact,-1.2827648944292271,-0.8725940626395019,0.41017083178972524
41,4,32768,joint,-0.45956469060882027,-0.2574470218182391,0.20211766879058118
41,4,32768,pair_coarse,-0.957616374697964,-0.43860545591232386,0.5190109187856402
41,4,32768,separate,-3.4445747647986584,-2.9255638460130178,0.5190109187856407
41,4,32768,exact,-0.3281577433190469,-0.14678194841457703,0.18137579490446987
41,4,131072,joint,-0.04388849647245466,0.051642889108564134,0.09553138558101879
41,4,131072,pair_coarse,-0.2666545990510049,-0.025463834125212432,0.24119076492579247
41,4,131072,separate,-2.447335200511016,-2.2061444355852236,0.2411907649257925
41,4,131072,exact,0.05912979393353021,0.14497409909765815,0.08584430516412794
41,4,524288,joint,0.14433969926893886,0.19085307446761468,0.04651337519867582
41,4,524288,pair_coarse,0.0386050078691888,0.15516273584664364,0.11655772797745484
41,4,524288,separate,-2.0070102005589927,-1.8904524725815381,0.11655772797745456
41,4,524288,exact,0.23484734274131053,0.27666966756970707,0.04182232482839654
42,1,128,joint,-21.734803719101755,-21.73480371910175,7.105427357601002e-15
42,1,128,pair_coarse,,,
42,1,128,separate,,,
42,1,128,exact,-19.86835640659206,-19.86835640659206,0.0
42,1,512,joint,-2.366416217443405,-2.366416217443405,0.0
42,1,512,pair_coarse,-5.219123212117073,-5.219123212117073,0.0
42,1,512,separate,-11.719371569972807,-11.719371569972807,0.0
42,1,512,exact,-2.1987319409795787,-2.1987319409795787,0.0
42,1,2048,joint,-0.5555481192247946,-0.5555481192247947,-1.1102230246251565e-16
42,1,2048,pair_coarse,-1.249461117891538,-1.249461117891538,0.0
42,1,2048,separate,-4.609251375282229,-4.609251375282228,8.881784197001252e-16
42,1,2048,exact,-0.47776022969950027,-0.47776022969950027,0.0
42,1,8192,joint,-0.026067613909540682,-0.02606761390954069,-6.938893903907228e-18
42,1,8192,pair_coarse,-0.28968764867102986,-0.28968764867102986,0.0
42,1,8192,separate,-2.830648421121422,-2.830648421121422,0.0
42,1,8192,exact,0.027937328049727234,0.027937328049727244,1.0408340855860843e-17
42,1,32768,joint,0.1827493780365404,0.1827493780365404,0.0
42,1,32768,pair_coarse,0.06602082918352031,0.06602082918352031,0.0
42,1,32768,separate,-2.162011568788794,-2.162011568788794,0.0
42,1,32768,exact,0.22768247321448395,0.22768247321448395,0.0
42,1,131072,joint,0.27603114294680275,0.27603114294680275,0.0
42,1,131072,pair_coarse,0.2209122596897983,0.2209122596897983,0.0
42,1,131072,separate,-1.8691219044658343,-1.869121904465834,2.220446049250313e-16
42,1,131072,exact,0.3169659612492164,0.3169659612492164,0.0
42,1,524288,joint,0.3201757143005448,0.3201757143005448,0.0
42,1,524288,pair_coarse,0.293370863876399,0.293370863876399,0.0
42,1,524288,separate,-1.731749210066655,-1.7317492100666552,-2.220446049250313e-16
42,1,524288,exact,0.3592297377089144,0.35922973770891437,-5.551115123125783e-17
42,2,128,joint,,,
42,2,128,pair_coarse,,,
42,2,128,separate,,,
42,2,128,exact,,,
42,2,512,joint,-7.454284798849539,-7.45428479884954,-8.881784197001252e-16
42,2,512,pair_coarse,-20.826246927236166,-17.56853629975319,3.2577106274829752
42,2,512,separate,-34.931483967994374,-31.673773340511403,3.2577106274829717
42,2,512,exact,-7.028661240522241,-7.028661240522241,0.0
42,2,2048,joint,-1.6930806721642533,-1.6930806721642535,-2.220446049250313e-16
42,2,2048,pair_coarse,-3.437313461730635,-2.804950008493387,0.632363453237248
42,2,2048,separate,-7.7634173874480945,-7.131053934210846,0.6323634532372484
42,2,2048,exact,-1.5733571518749514,-1.5733571518749514,0.0
42,2,8192,joint,-0.4491762138030986,-0.44917621380309863,-5.551115123125783e-17
42,2,8192,pair_coarse,-1.0247338355873434,-0.7839552059470354,0.24077862964030805
42,2,8192,separate,-3.8691155093827865,-3.6283368797424784,0.24077862964030805
42,2,8192,exact,-0.38123164144910715,-0.38123164144910715,0.0
42,2,32768,joint,-0.003154120568735652,-0.003154120568735634,1.8214596497756474e-17
42,2,32768,pair_coarse,-0.24546557863535207,-0.1376133998627584,0.10785217877259368
42,2,32768,separate,-2.5967537391792703,-2.488901560406677,0.10785217877259345
42,2,32768,exact,0.04761315115214085,0.04761315115214084,-6.938893903907228e-18
42,2,131072,joint,0.18853698009759134,0.1885369800975914,5.551115123125783e-17
42,2,131072,pair_coarse,0.07652196606795822,0.1278372701185609,0.05131530405060267
42,2,131072,separate,-2.06931039932796,-2.0179950952773567,0.05131530405060314
42,2,131072,exact,0.23215623829543933,0.23215623829543933,0.0
42,2,524288,joint,0.27769093934454886,0.27769093934454886,0.0
42,2,524288,pair_coarse,0.2237429564672615,0.24880261428662143,0.025059657819359926
42,2,524288,separate,-1.827949151969872,-1.8028894941505125,0.025059657819359593
42,2,524288,exact,0.31803432918586727,0.31803432918586727,0.0
42,4,128,joint,,,
42,4,128,pair_coarse,,,
42,4,128,separate,,,
42,4,128,exact,,,
42,4,512,joint,-37.46814331556199,-29.138187857439807,8.329955458122182
42,4,512,pair_coarse,,,
42,4,512,separate,,,
42,4,512,exact,-34.54481905536298,-27.008393975291373,7.536425080071606
42,4,2048,joint,-4.626858406326879,-3.4375994668727943,1.189258939454085
42,4,2048,pair_coarse,-9.860868324199917,-5.929790770745551,3.931077553454366
42,4,2048,separate,-16.361116682055652,-12.430039128601285,3.931077553454367
42,4,2048,exact,-4.394091776346477,-3.273862347781166,1.1202294285653114
42,4,8192,joint,-1.380250632624167,-0.9469931890129601,0.4332574436112069
42,4,8192,pair_coarse,-2.703623203453015,-1.4738527332989788,1.2297704701540364
42,4,8192,separate,-6.063413460843705,-4.833642990689669,1.229770470154036
42,4,8192,exact,-1.2827648944292271,-0.8725940626395019,0.41017083178972524
42,4,32768,joint,-0.39028581885698305,-0.19901116415009562,0.19127465470688743
42,4,32768,pair_coarse,-0.9036139923482662,-0.38460307356262613,0.5190109187856401
42,4,32768,separate,-3.4445747647986584,-2.9255638460130178,0.5190109187856407
42,4,32768,exact,-0.3281577433190469,-0.14678194841457703,0.18137579490446987
42,4,131072,joint,0.010464540240638642,0.10093468965518813,0.09047014941454949
42,4,131072,pair_coarse,-0.21930280253870205,0.021887962387090436,0.24119076492579247
42,4,131072,separate,-2.447335200511016,-2.2061444355852236,0.2411907649257925
42,4,131072,exact,0.05912979393353021,0.14497409909765815,0.08584430516412794
42,4,524288,joint,0.19211888739642996,0.23618191679393877,0.04406302939750881
42,4,524288,pair_coarse,0.08302396359663969,0.19958169157409456,0.11655772797745487
42,4,524288,separate,-2.0070102005589927,-1.8904524725815381,0.11655772797745456
42,4,524288,exact,0.23484734274131053,0.27666966756970707,0.04182232482839654
43,1,128,joint,-20.76528831551073,-20.76528831551073,0.0
43,1,128,pair_coarse,,,
43,1,128,separate,,,
43,1,128,exact,-19.86835640659206,-19.86835640659206,0.0
43,1,512,joint,-2.280729530808469,-2.280729530808469,0.0
43,1,512,pair_coarse,-5.1562586118941365,-5.156258611894137,-8.881784197001252e-16
43,1,512,separate,-11.719371569972807,-11.719371569972807,0.0
43,1,512,exact,-2.1987319409795787,-2.1987319409795787,0.0
43,1,2048,joint,-0.5158674141345837,-0.5158674141345837,0.0
43,1,2048,pair_coarse,-1.2169682253532816,-1.2169682253532814,2.220446049250313e-16
43,1,2048,separate,-4.609251375282229,-4.609251375282228,8.881784197001252e-16
43,1,2048,exact,-0.47776022969950027,-0.47776022969950027,0.0
43,1,8192,joint,0.0014660110016856964,0.0014660110016857088,1.235990476633475e-17
43,1,8192,pair_coarse,-0.2651137440525682,-0.26511374405256827,-5.551115123125783e-17
43,1,8192,separate,-2.830648421121422,-2.830648421121422,0.0
43,1,8192,exact,0.027937328049727234,0.027937328049727244,1.0408340855860843e-17
43,1,32768,joint,0.20565283315140984,0.20565283315140986,2.7755575615628914e-17
43,1,32768,pair_coarse,0.0875683698729478,0.0875683698729478,0.0
43,1,32768,separate,-2.162011568788794,-2.162011568788794,0.0
43,1,32768,exact,0.22768247321448395,0.22768247321448395,0.0
43,1,131072,joint,0.2968945489815251,0.2968945489815251,0.0
43,1,131072,pair_coarse,0.2411252046341459,0.2411252046341459,0.0
43,1,131072,separate,-1.8691219044658343,-1.869121904465834,2.220446049250313e-16
43,1,131072,exact,0.3169659612492164,0.3169659612492164,0.0
43,1,524288,joint,0.3400796175279658,0.3400796175279657,-5.551115123125783e-17
43,1,524288,pair_coarse,0.3129560176802561,0.3129560176802561,0.0
43,1,524288,separate,-1.731749210066655,-1.7317492100666552,-2.220446049250313e-16
43,1,524288,exact,0.3592297377089144,0.35922973770891437,-5.551115123125783e-17
43,2,128,joint,,,
43,2,128,pair_coarse,,,
43,2,128,separate,,,
43,2,128,exact,,,
43,2,512,joint,-7.236274695830073,-7.236274695830073,0.0
43,2,512,pair_coarse,-20.689833664418998,-17.432123036936026,3.2577106274829717
43,2,512,separate,-34.931483967994374,-31.673773340511403,3.2577106274829717
43,2,512,exact,-7.028661240522241,-7.028661240522241,0.0
43,2,2048,joint,-1.6319956779952682,-1.6319956779952685,-2.220446049250313e-16
43,2,2048,pair_coarse,-3.395475245890092,-2.763111792652844,0.632363453237248
43,2,2048,separate,-7.7634173874480945,-7.131053934210846,0.6323634532372484
43,2,2048,exact,-1.5733571518749514,-1.5733571518749514,0.0
43,2,8192,joint,-0.41453764261195475,-0.41453764261195475,0.0
43,2,8192,pair_coarse,-0.9972255148339524,-0.7564468851936444,0.24077862964030794
43,2,8192,separate,-3.8691155093827865,-3.6283368797424784,0.24077862964030805
43,2,8192,exact,-0.38123164144910715,-0.38123164144910715,0.0
43,2,32768,joint,0.022721299113099863,0.022721299113099853,-1.0408340855860843e-17
43,2,32768,pair_coarse,-0.22272601822411303,-0.11487383945151936,0.10785217877259368
43,2,32768,separate,-2.5967537391792703,-2.488901560406677,0.10785217877259345
43,2,32768,exact,0.04761315115214085,0.04761315115214084,-6.938893903907228e-18
43,2,131072,joint,0.2107675053151704,0.2107675053151705,8.326672684688674e-17
43,2,131072,pair_coarse,0.09727454141117975,0.14858984546178244,0.051315304050602695
43,2,131072,separate,-2.06931039932796,-2.0179950952773567,0.05131530405060314
43,2,131072,exact,0.23215623829543933,0.23215623829543933,0.0
43,2,524288,joint,0.2982514048650471,0.2982514048650471,0.0
43,2,524288,pair_coarse,0.2435850912714771,0.268644749090837,0.025059657819359926
43,2,524288,separate,-1.827949151969872,-1.8028894941505125,0.025059657819359593
43,2,524288,exact,0.31803432918586727,0.31803432918586727,0.0
43,4,128,joint,,,
43,4,128,pair_coarse,,,
43,4,128,separate,,,
43,4,128,exact,,,
43,4,512,joint,-35.95057948775262,-28.03274603711126,7.917833450641361
43,4,512,pair_coarse,,,
43,4,512,separate,,,
43,4,512,exact,-34.54481905536298,-27.008393975291373,7.536425080071606
43,4,2048,joint,-4.50801885867945,-3.353983504791589,1.1540353538878612
43,4,2048,pair_coarse,-9.79800372397698,-5.866926170522613,3.931077553454366
43,4,2048,separate,-16.361116682055652,-12.430039128601285,3.931077553454367
43,4,2048,exact,-4.394091776346477,-3.273862347781166,1.1202294285653114
43,4,8192,joint,-1.3305563848031912,-0.9090543122173503,0.4215020725858408
43,4,8192,pair_coarse,-2.671130310914759,-1.4413598407607224,1.2297704701540366
43,4,8192,separate,-6.063413460843705,-4.833642990689669,1.229770470154036
43,4,8192,exact,-1.2827648944292271,-0.8725940626395019,0.41017083178972524
43,4,32768,joint,-0.35862537291139857,-0.1723876585694302,0.18623771434196837
43,4,32768,pair_coarse,-0.8790400877298046,-0.36002916894416453,0.51901091878564
43,4,32768,separate,-3.4445747647986584,-2.9255638460130178,0.5190109187856407
43,4,32768,exact,-0.3281577433190469,-0.14678194841457703,0.18137579490446987
43,4,131072,joint,0.03526357901836513,0.12338055258208797,0.08811697356372283
43,4,131072,pair_coarse,-0.19775526184927456,0.043435503076517924,0.24119076492579247
43,4,131072,separate,-2.447335200511016,-2.2061444355852236,0.2411907649257925
43,4,131072,exact,0.05912979393353021,0.14497409909765815,0.08584430516412794
43,4,524288,joint,0.21389319044010308,0.2568165077671815,0.042923317327078436
43,4,524288,pair_coarse,0.10323690854098724,0.2197946365184421,0.11655772797745487
43,4,524288,separate,-2.0070102005589927,-1.8904524725815381,0.11655772797745456
43,4,524288,exact,0.23484734274131053,0.27666966756970707,0.04182232482839654
44,1,128,joint,-20.313037439442205,-20.3130374394422,3.552713678800501e-15
44,1,128,pair_coarse,,,
44,1,128,separate,,,
44,1,128,exact,-19.86835640659206,-19.86835640659206,0.0
44,1,512,joint,-2.239814350283112,-2.2398143502831114,4.440892098500626e-16
44,1,512,pair_coarse,-5.126214070899034,-5.126214070899035,-8.881784197001252e-16
44,1,512,separate,-11.719371569972807,-11.719371569972807,0.0
44,1,512,exact,-2.1987319409795787,-2.1987319409795787,0.0
44,1,2048,joint,-0.49689381905734775,-0.49689381905734775,0.0
44,1,2048,pair_coarse,-1.2014390716093135,-1.2014390716093133,2.220446049250313e-16
44,1,2048,separate,-4.609251375282229,-4.609251375282228,8.881784197001252e-16
44,1,2048,exact,-0.47776022969950027,-0.47776022969950027,0.0
44,1,8192,joint,0.014631409034909004,0.01463140903490898,-2.42861286636753e-17
44,1,8192,pair_coarse,-0.253369269704512,-0.253369269704512,0.0
44,1,8192,separate,-2.830648421121422,-2.830648421121422,0.0
44,1,8192,exact,0.027937328049727234,0.027937328049727244,1.0408340855860843e-17
44,1,32768,joint,0.2166023832113747,0.21660238321137465,-5.551115123125783e-17
44,1,32768,pair_coarse,0.09786647035066184,0.09786647035066182,-2.7755575615628914e-17
44,1,32768,separate,-2.162011568788794,-2.162011568788794,0.0
44,1,32768,exact,0.22768247321448395,0.22768247321448395,0.0
44,1,131072,joint,0.3068674354733512,0.3068674354733512,0.0
44,1,131072,pair_coarse,0.250785468930086,0.250785468930086,0.0
44,1,131072,separate,-1.8691219044658343,-1.869121904465834,2.220446049250313e-16
44,1,131072,exact,0.3169659612492164,0.3169659612492164,0.0
44,1,524288,joint,0.3495930664417435,0.3495930664417435,0.0
44,1,524288,pair_coarse,0.3223162451257281,0.3223162451257281,0.0
44,1,524288,separate,-1.731749210066655,-1.7317492100666552,-2.220446049250313e-16
44,1,524288,exact,0.3592297377089144,0.35922973770891437,-5.551115123125783e-17
44,2,128,joint,,,
44,2,128,pair_coarse,,,
44,2,128,separate,,,
44,2,128,exact,,,
44,2,512,joint,-7.132413721067504,-7.132413721067504,0.0
44,2,512,pair_coarse,-20.62463840584022,-17.366927778357248,3.2577106274829717
44,2,512,separate,-34.931483967994374,-31.673773340511403,3.2577106274829717
44,2,512,exact,-7.028661240522241,-7.028661240522241,0.0
44,2,2048,joint,-1.6027644844172606,-1.6027644844172604,2.220446049250313e-16
44,2,2048,pair_coarse,-3.375479731935889,-2.7431162786986407,0.6323634532372484
44,2,2048,separate,-7.7634173874480945,-7.131053934210846,0.6323634532372484
44,2,2048,exact,-1.5733571518749514,-1.5733571518749514,0.0
44,2,8192,joint,-0.3979604332668977,-0.3979604332668977,0.0
44,2,8192,pair_coarse,-0.9840786107313138,-0.7432999810910058,0.24077862964030794
44,2,8192,separate,-3.8691155093827865,-3.6283368797424784,0.24077862964030805
44,2,8192,exact,-0.38123164144910715,-0.38123164144910715,0.0
44,2,32768,joint,0.03509917573097593,0.03509917573097592,-6.938893903907228e-18
44,2,32768,pair_coarse,-0.21185822215823125,-0.10400604338563757,0.10785217877259368
44,2,32768,separate,-2.5967537391792703,-2.488901560406677,0.10785217877259345
44,2,32768,exact,0.04761315115214085,0.04761315115214084,-6.938893903907228e-18
44,2,131072,joint,0.22139767934835392,0.2213976793483539,-2.7755575615628914e-17
44,2,131072,pair_coarse,0.10719270836749908,0.1585080124181018,0.05131530405060272
44,2,131072,separate,-2.06931039932796,-2.0179950952773567,0.05131530405060314
44,2,131072,exact,0.23215623829543933,0.23215623829543933,0.0
44,2,524288,joint,0.30808057538656386,0.30808057538656386,0.0
44,2,524288,pair_coarse,0.2530681362672533,0.2781277940866132,0.025059657819359926
44,2,524288,separate,-1.827949151969872,-1.8028894941505125,0.025059657819359593
44,2,524288,exact,0.31803432918586727,0.31803432918586727,0.0
44,4,128,joint,,,
44,4,128,pair_coarse,,,
44,4,128,separate,,,
44,4,128,exact,,,
44,4,512,joint,-35.24161375182447,-27.516361371454387,7.72525238037008
44,4,512,pair_coarse,,,
44,4,512,separate,,,
44,4,512,exact,-34.54481905536298,-27.008393975291373,7.536425080071606
44,4,2048,joint,-4.4511369667631655,-3.314021283661955,1.1371156831012104
44,4,2048,pair_coarse,-9.767959182981878,-5.836881629527512,3.931077553454366
44,4,2048,separate,-16.361116682055652,-12.430039128601285,3.931077553454367
44,4,2048,exact,-4.394091776346477,-3.273862347781166,1.1202294285653114
44,4,8192,joint,-1.3067450063634858,-0.8909081087992015,0.4158368975642843
44,4,8192,pair_coarse,-2.655601157170791,-1.4258306870167543,1.2297704701540366
44,4,8192,separate,-6.063413460843705,-4.833642990689669,1.229770470154036
44,4,8192,exact,-1.2827648944292271,-0.8725940626395019,0.41017083178972524
44,4,32768,joint,-0.34346426022460314,-0.15965648640964303,0.1838077738149601
44,4,32768,pair_coarse,-0.8672956133817484,-0.3482846945961083,0.5190109187856402
44,4,32768,separate,-3.4445747647986584,-2.9255638460130178,0.5190109187856407
44,4,32768,exact,-0.3281577433190469,-0.14678194841457703,0.18137579490446987
44,4,131072,joint,0.047130178731710076,0.13411144997003838,0.0869812712383283
44,4,131072,pair_coarse,-0.18745716137156054,0.053733603554231936,0.24119076492579247
44,4,131072,separate,-2.447335200511016,-2.2061444355852236,0.2411907649257925
44,4,131072,exact,0.05912979393353021,0.14497409909765815,0.08584430516412794
44,4,524288,joint,0.22430682748406372,0.2666799883212084,0.04237316083714471
44,4,524288,pair_coarse,0.11289717283692738,0.22945490081438225,0.11655772797745487
44,4,524288,separate,-2.0070102005589927,-1.8904524725815381,0.11655772797745456
44,4,524288,exact,0.23484734274131053,0.27666966756970707,0.04182232482839654
45,1,128,joint,,,
45,1,128,pair_coarse,,,
45,1,128,separate,,,
45,1,128,exact,-19.86835640659206,-19.86835640659206,0.0
45,1,512,joint,-10.43482065622824,-10.434820656228242,-1.7763568394002505e-15
45,1,512,pair_coarse,-10.981083545931003,-10.981083545931003,0.0
45,1,512,separate,-11.719371569972807,-11.719371569972807,0.0
45,1,512,exact,-2.1987319409795787,-2.1987319409795787,0.0
45,1,2048,joint,-4.111609251010865,-4.111609251010865,0.0
45,1,2048,pair_coarse,-4.227651661891873,-4.227651661891873,0.0
45,1,2048,separate,-4.609251375282229,-4.609251375282228,8.881784197001252e-16
45,1,2048,exact,-0.47776022969950027,-0.47776022969950027,0.0
45,1,8192,joint,-2.5000525760750834,-2.5000525760750834,0.0
45,1,8192,pair_coarse,-2.5420500777068993,-2.5420500777068993,0.0
45,1,8192,separate,-2.830648421121422,-2.830648421121422,0.0
45,1,8192,exact,0.027937328049727234,0.027937328049727244,1.0408340855860843e-17
45,1,32768,joint,-1.8907637483741113,-1.8907637483741113,0.0
45,1,32768,pair_coarse,-1.9089551398583273,-1.9089551398583275,-2.220446049250313e-16
45,1,32768,separate,-2.162011568788794,-2.162011568788794,0.0
45,1,32768,exact,0.22768247321448395,0.22768247321448395,0.0
45,1,131072,joint,-1.6232397937056486,-1.6232397937056486,0.0
45,1,131072,pair_coarse,-1.6317390987197264,-1.6317390987197262,2.220446049250313e-16
45,1,131072,separate,-1.8691219044658343,-1.869121904465834,2.220446049250313e-16
45,1,131072,exact,0.3169659612492164,0.3169659612492164,0.0
45,1,524288,joint,-1.497627464199941,-1.497627464199941,0.0
45,1,524288,pair_coarse,-1.5017392449809501,-1.5017392449809501,0.0
45,1,524288,separate,-1.731749210066655,-1.7317492100666552,-2.220446049250313e-16
45,1,524288,exact,0.3592297377089144,0.35922973770891437,-5.551115123125783e-17
45,2,128,joint,,,
45,2,128,pair_coarse,,,
45,2,128,separate,,,
45,2,128,exact,,,
45,2,512,joint,-30.383946683668388,-27.7328675705238,2.6510791131445863
45,2,512,pair_coarse,-33.32943324467434,-30.07172261719137,3.2577106274829717
45,2,512,separate,-34.931483967994374,-31.673773340511403,3.2577106274829717
45,2,512,exact,-7.028661240522241,-7.028661240522241,0.0
45,2,2048,joint,-6.992533318974102,-6.4524560349169935,0.5400772840571086
45,2,2048,pair_coarse,-7.272065281607785,-6.639701828370536,0.6323634532372484
45,2,2048,separate,-7.7634173874480945,-7.131053934210846,0.6323634532372484
45,2,2048,exact,-1.5733571518749514,-1.5733571518749514,0.0
45,2,8192,joint,-3.4606057832268897,-3.25325402470017,0.20735175852671972
45,2,8192,pair_coarse,-3.5460550953865617,-3.3052764657462532,0.2407786296403085
45,2,8192,separate,-3.8691155093827865,-3.6283368797424784,0.24077862964030805
45,2,8192,exact,-0.38123164144910715,-0.38123164144910715,0.0
45,2,32768,joint,-2.2948389868690704,-2.2016989591213587,0.09314002774771168
45,2,32768,pair_coarse,-2.329698113850287,-2.2218459350776936,0.10785217877259345
45,2,32768,separate,-2.5967537391792703,-2.488901560406677,0.10785217877259345
45,2,32768,exact,0.04761315115214085,0.04761315115214084,-6.938893903907228e-18
45,2,131072,joint,-1.8097094817462152,-1.765342765629879,0.044366716116336136
45,2,131072,pair_coarse,-1.8255901213083512,-1.7742748172577485,0.051315304050602695
45,2,131072,separate,-2.06931039932796,-2.0179950952773567,0.05131530405060314
45,2,131072,exact,0.23215623829543933,0.23215623829543933,0.0
45,2,524288,joint,-1.5873267577391568,-1.565649030187738,0.021677727551418835
45,2,524288,pair_coarse,-1.5949211768387976,-1.569861519019438,0.025059657819359593
45,2,524288,separate,-1.827949151969872,-1.8028894941505125,0.025059657819359593
45,2,524288,exact,0.31803432918586727,0.31803432918586727,0.0
45,4,128,joint,,,
45,4,128,pair_coarse,,,
45,4,128,separate,,,
45,4,128,exact,,,
45,4,512,joint,,,
45,4,512,pair_coarse,,,
45,4,512,separate,,,
45,4,512,exact,-34.54481905536298,-27.008393975291373,7.536425080071606
45,4,2048,joint,-14.772530821590408,-11.207825951082173,3.564704870508235
45,4,2048,pair_coarse,-15.622828658013848,-11.691751104559481,3.931077553454367
45,4,2048,separate,-16.361116682055652,-12.430039128601285,3.931077553454367
45,4,2048,exact,-4.394091776346477,-3.273862347781166,1.1202294285653114
45,4,8192,joint,-5.493692000382872,-4.359526237357118,1.134165763025754
45,4,8192,pair_coarse,-5.681813747453351,-4.452043277299314,1.2297704701540368
45,4,8192,separate,-6.063413460843705,-4.833642990689669,1.229770470154036
45,4,8192,exact,-1.2827648944292271,-0.8725940626395019,0.41017083178972524
45,4,32768,joint,-3.0862662987942677,-2.6053746220868965,0.4808916767073712
45,4,32768,pair_coarse,-3.1559764213841355,-2.6369655025984953,0.5190109187856402
45,4,32768,separate,-3.4445747647986584,-2.9255638460130178,0.5190109187856407
45,4,32768,exact,-0.3281577433190469,-0.14678194841457703,0.18137579490446987
45,4,131072,joint,-2.163691380033438,-1.939818508520784,0.22387287151265411
45,4,131072,pair_coarse,-2.1942787715805494,-1.9530880066547571,0.24119076492579228
45,4,131072,separate,-2.447335200511016,-2.2061444355852236,0.2411907649257925
45,4,131072,exact,0.05912979393353021,0.14497409909765815,0.08584430516412794
45,4,524288,joint,-1.7552395820368194,-1.6469671400895303,0.10827244194728913
45,4,524288,pair_coarse,-1.7696273948128851,-1.6530696668354303,0.11655772797745478
45,4,524288,separate,-2.0070102005589927,-1.8904524725815381,0.11655772797745456
45,4,524288,exact,0.23484734274131053,0.27666966756970707,0.04182232482839654
46,1,128,joint,-60.77727243386782,-60.77727243386782,0.0
46,1,128,pair_coarse,,,
46,1,128,separate,,,
46,1,128,exact,-19.86835640659206,-19.86835640659206,0.0
46,1,512,joint,-4.541519761296505,-4.541519761296505,0.0
46,1,512,pair_coarse,-6.814612969912248,-6.814612969912249,-8.881784197001252e-16
46,1,512,separate,-11.719371569972807,-11.719371569972807,0.0
46,1,512,exact,-2.1987319409795787,-2.1987319409795787,0.0
46,1,2048,joint,-1.5479991692646484,-1.5479991692646484,0.0
46,1,2048,pair_coarse,-2.074123599830175,-2.074123599830175,0.0
46,1,2048,separate,-4.609251375282229,-4.609251375282228,8.881784197001252e-16
46,1,2048,exact,-0.47776022969950027,-0.47776022969950027,0.0
46,1,8192,joint,-0.717079980767214,-0.7170799807672139,1.1102230246251565e-16
46,1,8192,pair_coarse,-0.9133679550557005,-0.9133679550557003,1.1102230246251565e-16
46,1,8192,separate,-2.830648421121422,-2.830648421121422,0.0
46,1,8192,exact,0.027937328049727234,0.027937328049727244,1.0408340855860843e-17
46,1,32768,joint,-0.3946423292777677,-0.39464232927776766,5.551115123125783e-17
46,1,32768,pair_coarse,-0.4808510248287298,-0.4808510248287298,0.0
46,1,32768,separate,-2.162011568788794,-2.162011568788794,0.0
46,1,32768,exact,0.22768247321448395,0.22768247321448395,0.0
46,1,131072,joint,-0.25153889352334885,-0.25153889352334885,0.0
46,1,131072,pair_coarse,-0.2920878471941668,-0.29208784719416675,5.551115123125783e-17
46,1,131072,separate,-1.8691219044658343,-1.869121904465834,2.220446049250313e-16
46,1,131072,exact,0.3169659612492164,0.3169659612492164,0.0
46,1,524288,joint,-0.1840143604135711,-0.18401436041357108,2.7755575615628914e-17
46,1,524288,pair_coarse,-0.20369604163294575,-0.20369604163294575,0.0
46,1,524288,separate,-1.731749210066655,-1.7317492100666552,-2.220446049250313e-16
46,1,524288,exact,0.3592297377089144,0.35922973770891437,-5.551115123125783e-17
46,2,128,joint,,,
46,2,128,pair_coarse,,,
46,2,128,separate,,,
46,2,128,exact,,,
46,2,512,joint,-13.16213757487157,-12.646491322378274,0.5156462524932959
46,2,512,pair_coarse,-24.28838560115394,-21.030674973670965,3.2577106274829752
46,2,512,separate,-34.931483967994374,-31.673773340511403,3.2577106274829717
46,2,512,exact,-7.028661240522241,-7.028661240522241,0.0
46,2,2048,joint,-3.196633803070544,-3.0663236274196093,0.13031017565093483
46,2,2048,pair_coarse,-4.499158198216454,-3.8667947449792073,0.6323634532372471
46,2,2048,separate,-7.7634173874480945,-7.131053934210846,0.6323634532372484
46,2,2048,exact,-1.5733571518749514,-1.5733571518749514,0.0
46,2,8192,joint,-1.3050590870210665,-1.252863105107293,0.052195981913773615
46,2,8192,pair_coarse,-1.7228889795083298,-1.4821103498680215,0.24077862964030827
46,2,8192,separate,-3.8691155093827865,-3.6283368797424784,0.24077862964030805
46,2,8192,exact,-0.38123164144910715,-0.38123164144910715,0.0
46,2,32768,joint,-0.6487071429081074,-0.6249127377002756,0.023794405207831826
46,2,32768,pair_coarse,-0.8225906315941574,-0.7147384528215637,0.10785217877259368
46,2,32768,separate,-2.5967537391792703,-2.488901560406677,0.10785217877259345
46,2,32768,exact,0.04761315115214085,0.04761315115214084,-6.938893903907228e-18
46,2,131072,joint,-0.37021814235647066,-0.3588136141715244,0.01140452818494625
46,2,131072,pair_coarse,-0.4501738419155933,-0.3988585378649906,0.051315304050602695
46,2,131072,separate,-2.06931039932796,-2.0179950952773567,0.05131530405060314
46,2,131072,exact,0.23215623829543933,0.23215623829543933,0.0
46,2,524288,joint,-0.24143668722040315,-0.23584865829252172,0.005588028927881433
46,2,524288,pair_coarse,-0.27984607043577553,-0.25478641261641566,0.02505965781935987
46,2,524288,separate,-1.827949151969872,-1.8028894941505125,0.025059657819359593
46,2,524288,exact,0.31803432918586727,0.31803432918586727,0.0
46,4,128,joint,,,
46,4,128,pair_coarse,,,
46,4,128,separate,,,
46,4,128,exact,,,
46,4,512,joint,-96.99485946304372,-72.7664968973032,24.228362565740525
46,4,512,pair_coarse,,,
46,4,512,separate,,,
46,4,512,exact,-34.54481905536298,-27.008393975291373,7.536425080071606
46,4,2048,joint,-7.524557880664302,-5.541373848829728,1.9831840318345737
46,4,2048,pair_coarse,-11.456358081995091,-7.525280528540725,3.931077553454366
46,4,2048,separate,-16.361116682055652,-12.430039128601285,3.931077553454367
46,4,2048,exact,-4.394091776346477,-3.273862347781166,1.1202294285653114
46,4,8192,joint,-2.5811783948702067,-1.895293454005705,0.6858849408645018
46,4,8192,pair_coarse,-3.5282856853916527,-2.298515215237616,1.2297704701540368
46,4,8192,separate,-6.063413460843705,-4.833642990689669,1.229770470154036
46,4,8192,exact,-1.2827648944292271,-0.8725940626395019,0.41017083178972524
46,4,32768,joint,-1.1660358299858646,-0.8680970654984451,0.2979387644874195
46,4,32768,pair_coarse,-1.527294298732937,-1.0082833799472968,0.5190109187856402
46,4,32768,separate,-3.4445747647986584,-2.9255638460130178,0.5190109187856407
46,4,32768,exact,-0.3281577433190469,-0.14678194841457703,0.18137579490446987
46,4,131072,joint,-0.6056407032681302,-0.4656287719641875,0.14001193130394274
46,4,131072,pair_coarse,-0.7661746565509523,-0.5249838916251597,0.2411907649257926
46,4,131072,separate,-2.447335200511016,-2.2061444355852236,0.2411907649257925
46,4,131072,exact,0.05912979393353021,0.14497409909765815,0.08584430516412794
46,4,524288,joint,-0.3540104817748053,-0.28601498924434626,0.06799549253045906
46,4,524288,pair_coarse,-0.4299761432873254,-0.3134184153098706,0.11655772797745484
46,4,524288,separate,-2.0070102005589927,-1.8904524725815381,0.11655772797745456
46,4,524288,exact,0.23484734274131053,0.27666966756970707,0.04182232482839654
47,1,128,joint,-31.989508811488335,-31.989508811488335,0.0
47,1,128,pair_coarse,,,
47,1,128,separate,,,
47,1,128,exact,-19.86835640659206,-19.86835640659206,0.0
47,1,512,joint,-3.1364907012456236,-3.136490701245624,-4.440892098500626e-16
47,1,512,pair_coarse,-5.782147927715349,-5.78214792771535,-8.881784197001252e-16
47,1,512,separate,-11.719371569972807,-11.719371569972807,0.0
47,1,512,exact,-2.1987319409795787,-2.1987319409795787,0.0
47,1,2048,joint,-0.9094102275026764,-0.9094102275026764,0.0
47,1,2048,pair_coarse,-1.5404722993106519,-1.5404722993106519,0.0
47,1,2048,separate,-4.609251375282229,-4.609251375282228,8.881784197001252e-16
47,1,2048,exact,-0.47776022969950027,-0.47776022969950027,0.0
47,1,8192,joint,-0.27174550510637063,-0.27174550510637063,0.0
47,1,8192,pair_coarse,-0.5097751957147223,-0.5097751957147222,1.1102230246251565e-16
47,1,8192,separate,-2.830648421121422,-2.830648421121422,0.0
47,1,8192,exact,0.027937328049727234,0.027937328049727244,1.0408340855860843e-17
47,1,32768,joint,-0.021902824713591146,-0.021902824713591167,-2.0816681711721685e-17
47,1,32768,pair_coarse,-0.12696215210458456,-0.12696215210458456,0.0
47,1,32768,separate,-2.162011568788794,-2.162011568788794,0.0
47,1,32768,exact,0.22768247321448395,0.22768247321448395,0.0
47,1,131072,joint,0.08941488805614987,0.08941488805614987,0.0
47,1,131072,pair_coarse,0.039882116519609906,0.03988211651960992,1.3877787807814457e-17
47,1,131072,separate,-1.8691219044658343,-1.869121904465834,2.220446049250313e-16
47,1,131072,exact,0.3169659612492164,0.3169659612492164,0.0
47,1,524288,joint,0.14203354319841868,0.14203354319841868,0.0
47,1,524288,pair_coarse,0.11796331159323228,0.11796331159323228,0.0
47,1,524288,separate,-1.731749210066655,-1.7317492100666552,-2.220446049250313e-16
47,1,524288,exact,0.3592297377089144,0.35922973770891437,-5.551115123125783e-17
47,2,128,joint,,,
47,2,128,pair_coarse,,,
47,2,128,separate,,,
47,2,128,exact,,,
47,2,512,joint,-9.441202709669264,-9.439201344409927,0.002001365259337362
47,2,512,pair_coarse,-22.047984411115763,-18.79027378363279,3.2577106274829717
47,2,512,separate,-34.931483967994374,-31.673773340511403,3.2577106274829717
47,2,512,exact,-7.028661240522241,-7.028661240522241,0.0
47,2,2048,joint,-2.2347662177986662,-2.2342153578357413,0.0005508599629249211
47,2,2048,pair_coarse,-3.8120227494891625,-3.1796592962519146,0.632363453237248
47,2,2048,separate,-7.7634173874480945,-7.131053934210846,0.6323634532372484
47,2,2048,exact,-1.5733571518749514,-1.5733571518749514,0.0
47,2,8192,joint,-0.7564270790418788,-0.7562026059222533,0.000224473119625479
47,2,8192,pair_coarse,-1.2711024502582309,-1.0303238206179226,0.24077862964030827
47,2,8192,separate,-3.8691155093827865,-3.6283368797424784,0.24077862964030805
47,2,8192,exact,-0.38123164144910715,-0.38123164144910715,0.0
47,2,32768,joint,-0.2334308984183331,-0.23332795832001002,0.00010294009832306772
47,2,32768,pair_coarse,-0.44912446595770233,-0.34127228718510866,0.10785217877259368
47,2,32768,separate,-2.5967537391792703,-2.488901560406677,0.10785217877259345
47,2,32768,exact,0.04761315115214085,0.04761315115214084,-6.938893903907228e-18
47,2,131072,joint,-0.009839054796313834,-0.009789592282030872,4.946251428296182e-05
47,2,131072,pair_coarse,-0.10934118726656339,-0.058025883215960715,0.051315304050602674
47,2,131072,separate,-2.06931039932796,-2.0179950952773567,0.05131530405060314
47,2,131072,exact,0.23215623829543933,0.23215623829543933,0.0
47,2,524288,joint,0.09390748885793196,0.0939317526308169,2.4263772884947077e-05
47,2,524288,pair_coarse,0.04603384409896111,0.07109350191832096,0.025059657819359857
47,2,524288,separate,-1.827949151969872,-1.8028894941505125,0.025059657819359593
47,2,524288,exact,0.31803432918586727,0.31803432918586727,0.0
47,4,128,joint,,,
47,4,128,pair_coarse,,,
47,4,128,separate,,,
47,4,128,exact,,,
47,4,512,joint,-53.360825726026654,-40.730690521082316,12.630135204944338
47,4,512,pair_coarse,,,
47,4,512,separate,,,
47,4,512,exact,-34.54481905536298,-27.008393975291373,7.536425080071606
47,4,2048,joint,-5.678188054192537,-4.185469392641467,1.49271866155107
47,4,2048,pair_coarse,-10.423893039798193,-6.492815486343827,3.931077553454366
47,4,2048,separate,-16.361116682055652,-12.430039128601285,3.931077553454367
47,4,2048,exact,-4.394091776346477,-3.273862347781166,1.1202294285653114
47,4,8192,joint,-1.817410950421836,-1.284924715673433,0.5324862347484032
47,4,8192,pair_coarse,-2.9946343848721293,-1.7648639147180927,1.2297704701540366
47,4,8192,separate,-6.063413460843705,-4.833642990689669,1.229770470154036
47,4,8192,exact,-1.2827648944292271,-0.8725940626395019,0.41017083178972524
47,4,32768,joint,-0.6700864331590679,-0.43656621865642037,0.23352021450264754
47,4,32768,pair_coarse,-1.1237015393919587,-0.6046906206063185,0.5190109187856402
47,4,32768,separate,-3.4445747647986584,-2.9255638460130178,0.5190109187856407
47,4,32768,exact,-0.3281577433190469,-0.14678194841457703,0.18137579490446987
47,4,131072,joint,-0.20982432057877054,-0.09966822877065354,0.110156091808117
47,4,131072,pair_coarse,-0.41228578382680686,-0.17109501890101445,0.24119076492579242
47,4,131072,separate,-2.447335200511016,-2.2061444355852236,0.2411907649257925
47,4,131072,exact,0.05912979393353021,0.14497409909765815,0.08584430516412794
47,4,524288,joint,-0.002003536655354035,0.05158310059365218,0.05358663724900622
47,4,524288,pair_coarse,-0.09800617957354874,0.018551548403906118,0.11655772797745485
47,4,524288,separate,-2.0070102005589927,-1.8904524725815381,0.11655772797745456
47,4,524288,exact,0.23484734274131053,0.27666966756970707,0.04182232482839654
48,1,128,joint,-24.870829581993164,-24.87082958199316,3.552713678800501e-15
48,1,128,pair_coarse,,,
48,1,128,separate,,,
48,1,128,exact,-19.86835640659206,-19.86835640659206,0.0
48,1,512,joint,-2.6263177346873166,-2.6263177346873166,0.0
48,1,512,pair_coarse,-5.409426824207285,-5.409426824207285,0.0
48,1,512,separate,-11.719371569972807,-11.719371569972807,0.0
48,1,512,exact,-2.1987319409795787,-2.1987319409795787,0.0
48,1,2048,joint,-0.6754877789374975,-0.6754877789374975,0.0
48,1,2048,pair_coarse,-1.3478235475476668,-1.3478235475476668,0.0
48,1,2048,separate,-4.609251375282229,-4.609251375282228,8.881784197001252e-16
48,1,2048,exact,-0.47776022969950027,-0.47776022969950027,0.0
48,1,8192,joint,-0.10929990153628188,-0.10929990153628191,-2.7755575615628914e-17
48,1,8192,pair_coarse,-0.3640777314118618,-0.3640777314118618,0.0
48,1,8192,separate,-2.830648421121422,-2.830648421121422,0.0
48,1,8192,exact,0.027937328049727234,0.027937328049727244,1.0408340855860843e-17
48,1,32768,joint,0.11347790779069199,0.11347790779069199,0.0
48,1,32768,pair_coarse,0.0007921502399335645,0.0007921502399336199,5.5402731014009277e-17
48,1,32768,separate,-2.162011568788794,-2.162011568788794,0.0
48,1,32768,exact,0.22768247321448395,0.22768247321448395,0.0
48,1,131072,joint,0.21290489225745257,0.21290489225745257,0.0
48,1,131072,pair_coarse,0.15972366674164076,0.15972366674164076,0.0
48,1,131072,separate,-1.8691219044658343,-1.869121904465834,2.220446049250313e-16
48,1,131072,exact,0.3169659612492164,0.3169659612492164,0.0
48,1,524288,joint,0.2599384587059889,0.2599384587059889,0.0
48,1,524288,pair_coarse,0.2340827192131249,0.2340827192131249,0.0
48,1,524288,separate,-1.731749210066655,-1.7317492100666552,-2.220446049250313e-16
48,1,524288,exact,0.3592297377089144,0.35922973770891437,-5.551115123125783e-17
48,2,128,joint,,,
48,2,128,pair_coarse,,,
48,2,128,separate,,,
48,2,128,exact,,,
48,2,512,joint,-8.119520518026828,-8.119520518026826,1.7763568394002505e-15
48,2,512,pair_coarse,-21.239196927062082,-17.98148629957911,3.2577106274829717
48,2,512,separate,-34.931483967994374,-31.673773340511403,3.2577106274829717
48,2,512,exact,-7.028661240522241,-7.028661240522241,0.0
48,2,2048,joint,-1.8773109581691059,-1.877310958169106,-2.220446049250313e-16
48,2,2048,pair_coarse,-3.5639660383736076,-2.9316025851363596,0.632363453237248
48,2,2048,separate,-7.7634173874480945,-7.131053934210846,0.6323634532372484
48,2,2048,exact,-1.5733571518749514,-1.5733571518749514,0.0
48,2,8192,joint,-0.5536359804879951,-0.553635980487995,1.1102230246251565e-16
48,2,8192,pair_coarse,-1.1080069779177137,-0.8672283482774056,0.24077862964030816
48,2,8192,separate,-3.8691155093827865,-3.6283368797424784,0.24077862964030805
48,2,8192,exact,-0.38123164144910715,-0.38123164144910715,0.0
48,2,32768,joint,-0.08128564706588878,-0.0812856470658888,-1.3877787807814457e-17
48,2,32768,pair_coarse,-0.3143027376764665,-0.20645055890387282,0.10785217877259368
48,2,32768,separate,-2.5967537391792703,-2.488901560406677,0.10785217877259345
48,2,32768,exact,0.04761315115214085,0.04761315115214084,-6.938893903907228e-18
48,2,131072,joint,0.12133913123340302,0.12133913123340302,0.0
48,2,131072,pair_coarse,0.013699804883699374,0.06501510893430201,0.05131530405060264
48,2,131072,separate,-2.06931039932796,-2.0179950952773567,0.05131530405060314
48,2,131072,exact,0.23215623829543933,0.23215623829543933,0.0
48,2,524288,joint,0.21549922907040914,0.21549922907040917,2.7755575615628914e-17
48,2,524288,pair_coarse,0.16367687935180686,0.18873653717116673,0.02505965781935987
48,2,524288,separate,-1.827949151969872,-1.8028894941505125,0.025059657819359593
48,2,524288,exact,0.31803432918586727,0.31803432918586727,0.0
48,4,128,joint,,,
48,4,128,pair_coarse,,,
48,4,128,separate,,,
48,4,128,exact,,,
48,4,512,joint,-42.3571680556614,-32.70088748157831,9.656280574083084
48,4,512,pair_coarse,,,
48,4,512,separate,,,
48,4,512,exact,-34.54481905536298,-27.008393975291373,7.536425080071606
48,4,2048,joint,-4.98499536131222,-3.690660415776168,1.2943349455360518
48,4,2048,pair_coarse,-10.051171936290128,-6.120094382835762,3.931077553454366
48,4,2048,separate,-16.361116682055652,-12.430039128601285,3.931077553454367
48,4,2048,exact,-4.394091776346477,-3.273862347781166,1.1202294285653114
48,4,8192,joint,-1.5296156802855843,-1.0615923033278467,0.46802337695773755
48,4,8192,pair_coarse,-2.8019856331091444,-1.5722151629551078,1.2297704701540366
48,4,8192,separate,-6.063413460843705,-4.833642990689669,1.229770470154036
48,4,8192,exact,-1.2827648944292271,-0.8725940626395019,0.41017083178972524
48,4,32768,joint,-0.4856138427515262,-0.27948341060059956,0.20613043215092663
48,4,32768,pair_coarse,-0.9780040750890981,-0.45899315630345805,0.5190109187856401
48,4,32768,separate,-3.4445747647986584,-2.9255638460130178,0.5190109187856407
48,4,32768,exact,-0.3281577433190469,-0.14678194841457703,0.18137579490446987
48,4,131072,joint,-0.06435727753236506,0.03304564391012662,0.09740292144249169
48,4,131072,pair_coarse,-0.28453148148228874,-0.04334071655649626,0.24119076492579247
48,4,131072,separate,-2.447335200511016,-2.2061444355852236,0.2411907649257925
48,4,131072,exact,0.05912979393353021,0.14497409909765815,0.08584430516412794
48,4,524288,joint,0.1263266814131338,0.17374581423576674,0.04741913282263294
48,4,524288,pair_coarse,0.021835370648482122,0.13839309862593696,0.11655772797745484
48,4,524288,separate,-2.0070102005589927,-1.8904524725815381,0.11655772797745456
48,4,524288,exact,0.23484734274131053,0.27666966756970707,0.04182232482839654
49,1,128,joint,-22.170780461758373,-22.17078046175837,3.552713678800501e-15
49,1,128,pair_coarse,,,
49,1,128,separate,,,
49,1,128,exact,-19.86835640659206,-19.86835640659206,0.0
49,1,512,joint,-2.4040819828579574,-2.4040819828579574,0.0
49,1,512,pair_coarse,-5.246734906124389,-5.246734906124389,0.0
49,1,512,separate,-11.719371569972807,-11.719371569972807,0.0
49,1,512,exact,-2.1987319409795787,-2.1987319409795787,0.0
49,1,2048,joint,-0.5729681123484847,-0.5729681123484847,0.0
49,1,2048,pair_coarse,-1.263732803434709,-1.2637328034347088,2.220446049250313e-16
49,1,2048,separate,-4.609251375282229,-4.609251375282228,8.881784197001252e-16
49,1,2048,exact,-0.47776022969950027,-0.47776022969950027,0.0
49,1,8192,joint,-0.0381551781217761,-0.038155178121776115,-1.3877787807814457e-17
49,1,8192,pair_coarse,-0.3004811180080439,-0.3004811180080439,0.0
49,1,8192,separate,-2.830648421121422,-2.830648421121422,0.0
49,1,8192,exact,0.027937328049727234,0.027937328049727244,1.0408340855860843e-17
49,1,32768,joint,0.17269273901979898,0.17269273901979898,0.0
49,1,32768,pair_coarse,0.056556614060593785,0.05655661406059376,-2.7755575615628914e-17
49,1,32768,separate,-2.162011568788794,-2.162011568788794,0.0
49,1,32768,exact,0.22768247321448395,0.22768247321448395,0.0
49,1,131072,joint,0.2668690112333383,0.26686901123333834,5.551115123125783e-17
49,1,131072,pair_coarse,0.21203423217016412,0.21203423217016412,0.0
49,1,131072,separate,-1.8691219044658343,-1.869121904465834,2.220446049250313e-16
49,1,131072,exact,0.3169659612492164,0.3169659612492164,0.0
49,1,524288,joint,0.31143422900733037,0.31143422900733037,0.0
49,1,524288,pair_coarse,0.284768577820327,0.28476857782032694,-5.551115123125783e-17
49,1,524288,separate,-1.731749210066655,-1.7317492100666552,-2.220446049250313e-16
49,1,524288,exact,0.3592297377089144,0.35922973770891437,-5.551115123125783e-17
49,2,128,joint,,,
49,2,128,pair_coarse,,,
49,2,128,separate,,,
49,2,128,exact,,,
49,2,512,joint,-7.550327018900882,-7.550327018900882,0.0
49,2,512,pair_coarse,-20.886163020841938,-17.628452393358966,3.2577106274829717
49,2,512,separate,-34.931483967994374,-31.673773340511403,3.2577106274829717
49,2,512,exact,-7.028661240522241,-7.028661240522241,0.0
49,2,2048,joint,-1.7198764420901949,-1.7198764420901946,2.220446049250313e-16
49,2,2048,pair_coarse,-3.4556898454108675,-2.8233263921736196,0.632363453237248
49,2,2048,separate,-7.7634173874480945,-7.131053934210846,0.6323634532372484
49,2,2048,exact,-1.5733571518749514,-1.5733571518749514,0.0
49,2,8192,joint,-0.4643699326385969,-0.4643699326385969,0.0
49,2,8192,pair_coarse,-1.036816173383243,-0.7960375437429351,0.24077862964030794
49,2,8192,separate,-3.8691155093827865,-3.6283368797424784,0.24077862964030805
49,2,8192,exact,-0.38123164144910715,-0.38123164144910715,0.0
49,2,32768,joint,-0.014509015731662994,-0.014509015731662987,6.938893903907228e-18
49,2,32768,pair_coarse,-0.2554533584304888,-0.1476011796578951,0.10785217877259368
49,2,32768,separate,-2.5967537391792703,-2.488901560406677,0.10785217877259345
49,2,32768,exact,0.04761315115214085,0.04761315115214084,-6.938893903907228e-18
49,2,131072,joint,0.17877786205883822,0.17877786205883822,0.0
49,2,131072,pair_coarse,0.06740691947243849,0.11872222352304118,0.051315304050602695
49,2,131072,separate,-2.06931039932796,-2.0179950952773567,0.05131530405060314
49,2,131072,exact,0.23215623829543933,0.23215623829543933,0.0
49,2,524288,joint,0.2686628003003185,0.2686628003003185,0.0
49,2,524288,pair_coarse,0.21502779797229016,0.24008745579165008,0.025059657819359926
49,2,524288,separate,-1.827949151969872,-1.8028894941505125,0.025059657819359593
49,2,524288,exact,0.31803432918586727,0.31803432918586727,0.0
49,4,128,joint,,,
49,4,128,pair_coarse,,,
49,4,128,separate,,,
49,4,128,exact,,,
49,4,512,joint,-38.14958656760716,-29.63462795338567,8.514958614221488
49,4,512,pair_coarse,,,
49,4,512,separate,,,
49,4,512,exact,-34.54481905536298,-27.008393975291373,7.536425080071606
49,4,2048,joint,-4.678976029856227,-3.474324271431967,1.2046517584242604
49,4,2048,pair_coarse,-9.888480018207233,-5.957402464752866,3.931077553454367
49,4,2048,separate,-16.361116682055652,-12.430039128601285,3.931077553454367
49,4,2048,exact,-4.394091776346477,-3.273862347781166,1.1202294285653114
49,4,8192,joint,-1.402022469235245,-0.963644043813486,0.438378425421759
49,4,8192,pair_coarse,-2.7178948889961863,-1.4881244188421496,1.2297704701540366
49,4,8192,separate,-6.063413460843705,-4.833642990689669,1.229770470154036
49,4,8192,exact,-1.2827648944292271,-0.8725940626395019,0.41017083178972524
49,4,32768,joint,-0.40416519396658285,-0.2106984980722193,0.19346669589436355
49,4,32768,pair_coarse,-0.9144074616852804,-0.39539654289964016,0.5190109187856402
49,4,32768,separate,-3.4445747647986584,-2.9255638460130178,0.5190109187856407
49,4,32768,exact,-0.3281577433190469,-0.14678194841457703,0.18137579490446987
49,4,131072,joint,-0.0004148309596925803,0.09107899290721709,0.09149382386690967
49,4,131072,pair_coarse,-0.2287670176616286,0.012423747264163879,0.24119076492579247
49,4,131072,separate,-2.447335200511016,-2.2061444355852236,0.2411907649257925
49,4,131072,exact,0.05912979393353021,0.14497409909765815,0.08584430516412794
49,4,524288,joint,0.18256146751636598,0.22712020359134502,0.04455873607497904
49,4,524288,pair_coarse,0.07414593607700548,0.19070366405446038,0.1165577279774549
49,4,524288,separate,-2.0070102005589927,-1.8904524725815381,0.11655772797745456
49,4,524288,exact,0.23484734274131053,0.27666966756970707,0.04182232482839654
50,1,128,joint,-34.63364625550876,-34.633646255508765,-7.105427357601002e-15
50,1,128,pair_coarse,,,
50,1,128,separate,,,
50,1,128,exact,-22.516438576639473,-22.516438576639477,-3.552713678800501e-15
50,1,512,joint,-3.2711038505359875,-3.271103850535988,-4.440892098500626e-16
50,1,512,pair_coarse,-5.852855815887604,-5.852855815887604,0.0
50,1,512,separate,-11.719479748391905,-11.719479748391905,0.0
50,1,512,exact,-2.432094971113143,-2.432094971113143,0.0
50,1,2048,joint,-0.96369977470969,-0.9636997747096901,-1.1102230246251565e-16
50,1,2048,pair_coarse,-1.577071424528205,-1.5770714245282051,-2.220446049250313e-16
50,1,2048,separate,-4.609359553701324,-4.609359553701323,8.881784197001252e-16
50,1,2048,exact,-0.5855664816265286,-0.5855664816265286,0.0
50,1,8192,joint,-0.30643544552972857,-0.30643544552972857,0.0
50,1,8192,pair_coarse,-0.5374809493575957,-0.5374809493575956,1.1102230246251565e-16
50,1,8192,separate,-2.8307565995405177,-2.8307565995405177,0.0
50,1,8192,exact,-0.0467486089729188,-0.04674860897291883,-3.469446951953614e-17
50,1,32768,joint,-0.049351037195181996,-0.04935103719518201,-1.3877787807814457e-17
50,1,32768,pair_coarse,-0.15126916600777096,-0.15126916600777096,0.0
50,1,32768,separate,-2.1621197472078904,-2.16211974720789,4.440892098500626e-16
50,1,32768,exact,0.16561575940784368,0.16561575940784373,5.551115123125783e-17
50,1,131072,joint,0.06511287911110705,0.06511287911110704,-1.3877787807814457e-17
50,1,131072,pair_coarse,0.017073912310691913,0.017073912310691903,-1.0408340855860843e-17
50,1,131072,separate,-1.8692300828849304,-1.8692300828849304,0.0
50,1,131072,exact,0.2604581614742364,0.2604581614742364,0.0
50,1,524288,joint,0.11920146804077274,0.11920146804077277,2.7755575615628914e-17
50,1,524288,pair_coarse,0.09586014443453095,0.09586014443453095,0.0
50,1,524288,separate,-1.731857388485751,-1.7318573884857513,-2.220446049250313e-16
50,1,524288,exact,0.30533623284623806,0.3053362328462381,5.551115123125783e-17
50,2,128,joint,,,
50,2,128,pair_coarse,,,
50,2,128,separate,,,
50,2,128,exact,,,
50,2,512,joint,-9.839212804727579,-9.76919620521242,0.07001659951515826
50,2,512,pair_coarse,-22.201290680785256,-18.943580053302284,3.2577106274829717
50,2,512,separate,-34.93159214641347,-31.6738815189305,3.2577106274829717
50,2,512,exact,-7.624080049475893,-7.624080049475893,0.0
50,2,2048,joint,-2.3262177122995227,-2.307393675766124,0.01882403653339848
50,2,2048,pair_coarse,-3.8591170836216078,-3.22675363038436,0.632363453237248
50,2,2048,separate,-7.763525565867191,-7.131162112629943,0.6323634532372475
50,2,2048,exact,-1.739716678559628,-1.739716678559628,0.0
50,2,8192,joint,-0.8029947927638805,-0.795348918786822,0.007645873977058515
50,2,8192,pair_coarse,-1.3021036822257308,-1.0613250525854225,0.24077862964030827
50,2,8192,separate,-3.869223687801883,-3.6284450581615744,0.2407786296403085
50,2,8192,exact,-0.47535257087895993,-0.47535257087895993,0.0
50,2,32768,joint,-0.2657768137974866,-0.26227380267687767,0.003503011120608912
50,2,32768,pair_coarse,-0.47477017041298786,-0.3669179916403942,0.10785217877259368
50,2,32768,separate,-2.596861917598366,-2.489009738825773,0.10785217877259301
50,2,32768,exact,-0.022583195732547995,-0.022583195732548012,-1.734723475976807e-17
50,2,131072,joint,-0.03638024040821915,-0.03469769023512173,0.0016825501730974163
50,2,131072,pair_coarse,-0.1327554201370712,-0.0814401160864685,0.051315304050602695
50,2,131072,separate,-2.0694185777470557,-2.018103273696453,0.051315304050602695
50,2,131072,exact,0.1719087027905674,0.17190870279056744,2.7755575615628914e-17
50,2,524288,joint,0.07000307385252849,0.07082830300947257,0.0008252291569440795
50,2,524288,pair_coarse,0.023642075979257104,0.04870173379861699,0.025059657819359885
50,2,524288,separate,-1.8280573303889684,-1.8029976725696086,0.025059657819359815
50,2,524288,exact,0.2623447862988477,0.2623447862988477,0.0
50,4,128,joint,,,
50,4,128,pair_coarse,,,
50,4,128,separate,,,
50,4,128,exact,,,
50,4,512,joint,-57.57086220731008,-43.73181974247146,13.83904246483862
50,4,512,pair_coarse,,,
50,4,512,separate,,,
50,4,512,exact,-38.69598579586512,-30.02954915064857,8.66643664521655
50,4,2048,joint,-5.875764816244839,-4.314065780118968,1.5616990361258711
50,4,2048,pair_coarse,-10.494600927970449,-6.563523374516081,3.931077553454368
50,4,2048,separate,-16.36122486047475,-12.43014730702038,3.9310775534543687
50,4,2048,exact,-4.718631440962671,-3.501562542006119,1.2170688989565521
50,4,8192,joint,-1.889958478631041,-1.3354004336830132,0.5545580449480279
50,4,8192,pair_coarse,-3.031233510089683,-1.8014630399356457,1.229770470154037
50,4,8192,separate,-6.063521639262802,-4.833751169108765,1.2297704701540377
50,4,8192,exact,-1.4181208851733418,-0.97561853870317,0.44250234647017184
50,4,32768,joint,-0.7122075259120265,-0.4693540681271229,0.24285345778490364
50,4,32768,pair_coarse,-1.151407293034832,-0.6323963742491919,0.5190109187856401
50,4,32768,separate,-3.4446829432177544,-2.9256720244321137,0.5190109187856407
50,4,32768,exact,-0.4141989809648275,-0.21896799925215324,0.19523098171267425
50,4,131072,joint,-0.2406692501560779,-0.12617571591215085,0.11449353424392705
50,4,131072,pair_coarse,-0.4365927977299934,-0.19540203280420085,0.24119076492579253
50,4,131072,separate,-2.4474433789301124,-2.20625261400432,0.2411907649257925
50,4,131072,exact,-0.00815303446496446,0.08416452379405304,0.0923175582590175
50,4,524288,joint,-0.027934285620520583,0.027748185885422168,0.05568247150594275
50,4,524288,pair_coarse,-0.12081438378246678,-0.004256655805011903,0.11655772797745488
50,4,524288,separate,-2.007118378978089,-1.8905606510006343,0.11655772797745478
50,4,524288,exact,0.17583295578496533,0.2207905401723249,0.044957584387359584
51,1,128,joint,-27.25399572530683,-27.25399572530683,0.0
51,1,128,pair_coarse,,,
51,1,128,separate,,,
51,1,128,exact,-22.516438576639473,-22.516438576639477,-3.552713678800501e-15
51,1,512,joint,-2.792501890564395,-2.792501890564395,0.0
51,1,512,pair_coarse,-5.515997164082237,-5.515997164082237,0.0
51,1,512,separate,-11.719479748391905,-11.719479748391905,0.0
51,1,512,exact,-2.432094971113143,-2.432094971113143,0.0
51,1,2048,joint,-0.7481052516781073,-0.7481052516781073,0.0
51,1,2048,pair_coarse,-1.4029589361821788,-1.4029589361821788,0.0
51,1,2048,separate,-4.609359553701324,-4.609359553701323,8.881784197001252e-16
51,1,2048,exact,-0.5855664816265286,-0.5855664816265286,0.0
51,1,8192,joint,-0.15806105691161093,-0.1580610569116109,2.7755575615628914e-17
51,1,8192,pair_coarse,-0.4058021929507688,-0.4058021929507688,0.0
51,1,8192,separate,-2.8307565995405177,-2.8307565995405177,0.0
51,1,8192,exact,-0.0467486089729188,-0.04674860897291883,-3.469446951953614e-17
51,1,32768,joint,0.07368671363766376,0.07368671363766376,0.0
51,1,32768,pair_coarse,-0.03580711772270928,-0.03580711772270928,0.0
51,1,32768,separate,-2.1621197472078904,-2.16211974720789,4.440892098500626e-16
51,1,32768,exact,0.16561575940784368,0.16561575940784373,5.551115123125783e-17
51,1,131072,joint,0.17704168887352117,0.1770416888735212,2.7755575615628914e-17
51,1,131072,pair_coarse,0.1253845570745589,0.1253845570745589,0.0
51,1,131072,separate,-1.8692300828849304,-1.8692300828849304,0.0
51,1,131072,exact,0.2604581614742364,0.2604581614742364,0.0
51,1,524288,joint,0.22591736110195873,0.22591736110195873,0.0
51,1,524288,pair_coarse,0.20080678343917888,0.20080678343917885,-2.7755575615628914e-17
51,1,524288,separate,-1.731857388485751,-1.7318573884857513,-2.220446049250313e-16
51,1,524288,exact,0.30533623284623806,0.3053362328462381,5.551115123125783e-17
51,2,128,joint,,,
51,2,128,pair_coarse,,,
51,2,128,separate,,,
51,2,128,exact,,,
51,2,512,joint,-8.5712237157775,-8.5712237157775,0.0
51,2,512,pair_coarse,-21.47032305134035,-18.212612423857383,3.257710627482968
51,2,512,separate,-34.93159214641347,-31.6738815189305,3.2577106274829717
51,2,512,exact,-7.624080049475893,-7.624080049475893,0.0
51,2,2048,joint,-1.9933579673663728,-1.9933579673663728,0.0
51,2,2048,pair_coarse,-3.6349278748776195,-3.0025644216403715,0.632363453237248
51,2,2048,separate,-7.763525565867191,-7.131162112629943,0.6323634532372475
51,2,2048,exact,-1.739716678559628,-1.739716678559628,0.0
51,2,8192,joint,-0.6165692177133026,-0.6165692177133026,0.0
51,2,8192,pair_coarse,-1.1547009180380106,-0.9139222883977024,0.24077862964030816
51,2,8192,separate,-3.869223687801883,-3.6284450581615744,0.2407786296403085
51,2,8192,exact,-0.47535257087895993,-0.47535257087895993,0.0
51,2,32768,joint,-0.12696667675453718,-0.12696667675453716,2.7755575615628914e-17
51,2,32768,pair_coarse,-0.3529207092597802,-0.24506853048718652,0.10785217877259368
51,2,32768,separate,-2.596861917598366,-2.489009738825773,0.10785217877259301
51,2,32768,exact,-0.022583195732547995,-0.022583195732548012,-1.734723475976807e-17
51,2,131072,joint,0.08277409569579648,0.08277409569579648,0.0
51,2,131072,pair_coarse,-0.02155317711292365,0.02976212693767905,0.051315304050602695
51,2,131072,separate,-2.0694185777470557,-2.018103273696453,0.051315304050602695
51,2,131072,exact,0.1719087027905674,0.17190870279056744,2.7755575615628914e-17
51,2,524288,joint,0.1801822294302964,0.1801822294302964,0.0
51,2,524288,pair_coarse,0.1299657423254194,0.15502540014477928,0.02505965781935987
51,2,524288,separate,-1.8280573303889684,-1.8029976725696086,0.025059657819359815
51,2,524288,exact,0.2623447862988477,0.2623447862988477,0.0
51,4,128,joint,,,
51,4,128,pair_coarse,,,
51,4,128,separate,,,
51,4,128,exact,,,
51,4,512,joint,-46.12358166235619,-35.41325326844714,10.710328393909045
51,4,512,pair_coarse,,,
51,4,512,separate,,,
51,4,512,exact,-38.69598579586512,-30.02954915064857,8.66643664521655
51,4,2048,joint,-5.221281788563328,-3.8513475980930076,1.3699341904703202
51,4,2048,pair_coarse,-10.15774227616508,-6.226664722710715,3.931077553454366
51,4,2048,separate,-16.36122486047475,-12.43014730702038,3.9310775534543687
51,4,2048,exact,-4.718631440962671,-3.501562542006119,1.2170688989565521
51,4,8192,joint,-1.6230115199760382,-1.1302461120253722,0.49276540795066603
51,4,8192,pair_coarse,-2.857121021743656,-1.6273505515896196,1.2297704701540364
51,4,8192,separate,-6.063521639262802,-4.833751169108765,1.2297704701540377
51,4,8192,exact,-1.4181208851733418,-0.97561853870317,0.44250234647017184
51,4,32768,joint,-0.5428885819190545,-0.3262219384051995,0.21666664351385506
51,4,32768,pair_coarse,-1.0197285366280053,-0.500717617842365,0.5190109187856403
51,4,32768,separate,-3.4446829432177544,-2.9256720244321137,0.5190109187856407
51,4,32768,exact,-0.4141989809648275,-0.21896799925215324,0.19523098171267425
51,4,131072,joint,-0.10805011312818405,-0.0057369850188711035,0.10231312810931295
51,4,131072,pair_coarse,-0.3211307494449317,-0.07993998451913915,0.24119076492579256
51,4,131072,separate,-2.4474433789301124,-2.20625261400432,0.2411907649257925
51,4,131072,exact,-0.00815303446496446,0.08416452379405304,0.0923175582590175
51,4,524288,joint,0.08859048280776809,0.13838515663581338,0.0497946738280453
51,4,524288,pair_coarse,-0.012503739018599747,0.1040539889588551,0.11655772797745485
51,4,524288,separate,-2.007118378978089,-1.8905606510006343,0.11655772797745478
51,4,524288,exact,0.17583295578496533,0.2207905401723249,0.044957584387359584
52,1,128,joint,-24.654414405177043,-24.65441440517705,-7.105427357601002e-15
52,1,128,pair_coarse,,,
52,1,128,separate,,,
52,1,128,exact,-22.516438576639473,-22.516438576639477,-3.552713678800501e-15
52,1,512,joint,-2.6006192550056957,-2.6006192550056952,4.440892098500626e-16
52,1,512,pair_coarse,-5.382180590879229,-5.38218059087923,-8.881784197001252e-16
52,1,512,separate,-11.719479748391905,-11.719479748391905,0.0
52,1,512,exact,-2.432094971113143,-2.432094971113143,0.0
52,1,2048,joint,-0.661550355410202,-0.6615503554102021,-1.1102230246251565e-16
52,1,2048,pair_coarse,-1.3337930221780583,-1.3337930221780583,0.0
52,1,2048,separate,-4.609359553701324,-4.609359553701323,8.881784197001252e-16
52,1,2048,exact,-0.5855664816265286,-0.5855664816265286,0.0
52,1,8192,joint,-0.09870327372627644,-0.09870327372627645,-1.3877787807814457e-17
52,1,8192,pair_coarse,-0.35349301267127187,-0.35349301267127187,0.0
52,1,8192,separate,-2.8307565995405177,-2.8307565995405177,0.0
52,1,8192,exact,-0.0467486089729188,-0.04674860897291883,-3.469446951953614e-17
52,1,32768,joint,0.12276145509426697,0.122761455094267,2.7755575615628914e-17
52,1,32768,pair_coarse,0.010060000588488105,0.010060000588488105,0.0
52,1,32768,separate,-2.1621197472078904,-2.16211974720789,4.440892098500626e-16
52,1,32768,exact,0.16561575940784368,0.16561575940784373,5.551115123125783e-17
52,1,131072,joint,0.22160190580442546,0.22160190580442538,-8.326672684688674e-17
52,1,131072,pair_coarse,0.16841079150858898,0.16841079150858898,0.0
52,1,131072,separate,-1.8692300828849304,-1.8692300828849304,0.0
52,1,131072,exact,0.2604581614742364,0.2604581614742364,0.0
52,1,524288,joint,0.2683578253196277,0.2683578253196277,0.0
52,1,524288,pair_coarse,0.24249667184047002,0.24249667184047002,0.0
52,1,524288,separate,-1.731857388485751,-1.7318573884857513,-2.220446049250313e-16
52,1,524288,exact,0.30533623284623806,0.3053362328462381,5.551115123125783e-17
52,2,128,joint,,,
52,2,128,pair_coarse,,,
52,2,128,separate,,,
52,2,128,exact,,,
52,2,512,joint,-8.066343133351586,-8.066343133351586,0.0
52,2,512,pair_coarse,-21.179947302430808,-17.922236674947836,3.2577106274829717
52,2,512,separate,-34.93159214641347,-31.6738815189305,3.2577106274829717
52,2,512,exact,-7.624080049475893,-7.624080049475893,0.0
52,2,2048,joint,-1.8586521083505434,-1.8586521083505436,-2.220446049250313e-16
52,2,2048,pair_coarse,-3.5458690619231925,-2.913505608685945,0.6323634532372475
52,2,2048,separate,-7.763525565867191,-7.131162112629943,0.6323634532372475
52,2,2048,exact,-1.739716678559628,-1.739716678559628,0.0
52,2,8192,joint,-0.541444842098082,-0.541444842098082,0.0
52,2,8192,pair_coarse,-1.0961454002309492,-0.8553667705906411,0.24077862964030805
52,2,8192,separate,-3.869223687801883,-3.6284450581615744,0.2407786296403085
52,2,8192,exact,-0.47535257087895993,-0.47535257087895993,0.0
52,2,32768,joint,-0.07133218985310424,-0.07133218985310423,1.3877787807814457e-17
52,2,32768,pair_coarse,-0.30451620116486433,-0.19666402239227065,0.10785217877259368
52,2,32768,separate,-2.596861917598366,-2.489009738825773,0.10785217877259301
52,2,32768,exact,-0.022583195732547995,-0.022583195732548012,-1.734723475976807e-17
52,2,131072,joint,0.13034462322846807,0.13034462322846804,-2.7755575615628914e-17
52,2,131072,pair_coarse,0.022621740212867475,0.0739370442634702,0.05131530405060272
52,2,131072,separate,-2.0694185777470557,-2.018103273696453,0.051315304050602695
52,2,131072,exact,0.1719087027905674,0.17190870279056744,2.7755575615628914e-17
52,2,524288,joint,0.22406677411985576,0.22406677411985576,0.0
52,2,524288,pair_coarse,0.17220265268699192,0.19726231050635185,0.025059657819359926
52,2,524288,separate,-1.8280573303889684,-1.8029976725696086,0.025059657819359815
52,2,524288,exact,0.2623447862988477,0.2623447862988477,0.0
52,4,128,joint,,,
52,4,128,pair_coarse,,,
52,4,128,separate,,,
52,4,128,exact,,,
52,4,512,joint,-42.05753124283486,-32.46447026575853,9.593060977076334
52,4,512,pair_coarse,,,
52,4,512,separate,,,
52,4,512,exact,-38.69598579586512,-30.02954915064857,8.66643664521655
52,4,2048,joint,-4.954882295191339,-3.6652913065395714,1.289590988651768
52,4,2048,pair_coarse,-10.023925702962075,-6.092848149507707,3.931077553454368
52,4,2048,separate,-16.36122486047475,-12.43014730702038,3.9310775534543687
52,4,2048,exact,-4.718631440962671,-3.501562542006119,1.2170688989565521
52,4,8192,joint,-1.5143636963105442,-1.0479003746022104,0.4664633217083338
52,4,8192,pair_coarse,-2.7879551077395357,-1.558184637585499,1.2297704701540366
52,4,8192,separate,-6.063521639262802,-4.833751169108765,1.2297704701540377
52,4,8192,exact,-1.4181208851733418,-0.97561853870317,0.44250234647017184
52,4,32768,joint,-0.4744778302600814,-0.2690127366913694,0.205465093568712
52,4,32768,pair_coarse,-0.9674193563485083,-0.44840843756286813,0.5190109187856402
52,4,32768,separate,-3.4446829432177544,-2.9256720244321137,0.5190109187856407
52,4,32768,exact,-0.4141989809648275,-0.21896799925215324,0.19523098171267425
52,4,131072,joint,-0.05482640107845668,0.04226626542484871,0.09709266650330539
52,4,131072,pair_coarse,-0.2752636311337342,-0.034072866207941775,0.24119076492579242
52,4,131072,separate,-2.4474433789301124,-2.20625261400432,0.2411907649257925
52,4,131072,exact,-0.00815303446496446,0.08416452379405304,0.0923175582590175
52,4,524288,joint,0.1351424551679214,0.18241144760576802,0.04726899243784663
52,4,524288,pair_coarse,0.03052249541543034,0.14708022339288518,0.11655772797745484
52,4,524288,separate,-2.007118378978089,-1.8905606510006343,0.11655772797745478
52,4,524288,exact,0.17583295578496533,0.2207905401723249,0.044957584387359584
53,1,128,joint,-23.5412356100479,-23.541235610047902,-3.552713678800501e-15
53,1,128,pair_coarse,,,
53,1,128,separate,,,
53,1,128,exact,-22.516438576639473,-22.516438576639477,-3.552713678800501e-15
53,1,512,joint,-2.514215431398865,-2.514215431398865,0.0
53,1,512,pair_coarse,-5.322383387392808,-5.322383387392808,0.0
53,1,512,separate,-11.719479748391905,-11.719479748391905,0.0
53,1,512,exact,-2.432094971113143,-2.432094971113143,0.0
53,1,2048,joint,-0.6226029237534939,-0.6226029237534939,0.0
53,1,2048,pair_coarse,-1.3028855782416913,-1.3028855782416913,0.0
53,1,2048,separate,-4.609359553701324,-4.609359553701323,8.881784197001252e-16
53,1,2048,exact,-0.5855664816265286,-0.5855664816265286,0.0
53,1,8192,joint,-0.07206042877801835,-0.07206042877801833,2.7755575615628914e-17
53,1,8192,pair_coarse,-0.3301181598969767,-0.3301181598969767,0.0
53,1,8192,separate,-2.8307565995405177,-2.8307565995405177,0.0
53,1,8192,exact,-0.0467486089729188,-0.04674860897291883,-3.469446951953614e-17
53,1,32768,joint,0.14474642723566988,0.14474642723566988,0.0
53,1,32768,pair_coarse,0.030556156941480117,0.030556156941480117,0.0
53,1,32768,separate,-2.1621197472078904,-2.16211974720789,4.440892098500626e-16
53,1,32768,exact,0.16561575940784368,0.16561575940784373,5.551115123125783e-17
53,1,131072,joint,0.2415409352800157,0.2415409352800157,0.0
53,1,131072,pair_coarse,0.18763747198711997,0.1876374719871199,-5.551115123125783e-17
53,1,131072,separate,-1.8692300828849304,-1.8692300828849304,0.0
53,1,131072,exact,0.2604581614742364,0.2604581614742364,0.0
53,1,524288,joint,0.2873359799671792,0.2873359799671792,0.0
53,1,524288,pair_coarse,0.2611261934340045,0.2611261934340045,0.0
53,1,524288,separate,-1.731857388485751,-1.7318573884857513,-2.220446049250313e-16
53,1,524288,exact,0.30533623284623806,0.3053362328462381,5.551115123125783e-17
53,2,128,joint,,,
53,2,128,pair_coarse,,,
53,2,128,separate,,,
53,2,128,exact,,,
53,2,512,joint,-7.839367488514804,-7.839367488514804,0.0
53,2,512,pair_coarse,-21.050190148070527,-17.79247952058756,3.257710627482968
53,2,512,separate,-34.93159214641347,-31.6738815189305,3.2577106274829717
53,2,512,exact,-7.624080049475893,-7.624080049475893,0.0
53,2,2048,joint,-1.7977523287636628,-1.7977523287636628,0.0
53,2,2048,pair_coarse,-3.506072287629653,-2.8737088343924055,0.6323634532372475
53,2,2048,separate,-7.763525565867191,-7.131162112629943,0.6323634532372475
53,2,2048,exact,-1.739716678559628,-1.739716678559628,0.0
53,2,8192,joint,-0.5075854864264411,-0.5075854864264411,0.0
53,2,8192,pair_coarse,-1.0699793123559465,-0.8292006827156385,0.24077862964030794
53,2,8192,separate,-3.869223687801883,-3.6284450581615744,0.2407786296403085
53,2,8192,exact,-0.47535257087895993,-0.47535257087895993,0.0
53,2,32768,joint,-0.04633985152347428,-0.04633985152347428,0.0
53,2,32768,pair_coarse,-0.28288618814830946,-0.17503400937571578,0.10785217877259368
53,2,32768,separate,-2.596861917598366,-2.489009738825773,0.10785217877259301
53,2,32768,exact,-0.022583195732547995,-0.022583195732548012,-1.734723475976807e-17
53,2,131072,joint,0.1516648045727914,0.15166480457279138,-2.7755575615628914e-17
53,2,131072,pair_coarse,0.04236172052396703,0.09367702457456972,0.051315304050602695
53,2,131072,separate,-2.0694185777470557,-2.018103273696453,0.051315304050602695
53,2,131072,exact,0.1719087027905674,0.17190870279056744,2.7755575615628914e-17
53,2,524288,joint,0.2437077279495758,0.24370772794957576,-2.7755575615628914e-17
53,2,524288,pair_coarse,0.19107661622585148,0.2161362740452114,0.025059657819359926
53,2,524288,separate,-1.8280573303889684,-1.8029976725696086,0.025059657819359815
53,2,524288,exact,0.2623447862988477,0.2623447862988477,0.0
53,4,128,joint,,,
53,4,128,pair_coarse,,,
53,4,128,separate,,,
53,4,128,exact,,,
53,4,512,joint,-40.30915029251938,-31.197825384237838,9.111324908281539
53,4,512,pair_coarse,,,
53,4,512,separate,,,
53,4,512,exact,-38.69598579586512,-30.02954915064857,8.66643664521655
53,4,2048,joint,-4.833994482828331,-3.5813901514703645,1.2526043313579662
53,4,2048,pair_coarse,-9.964128499475652,-6.033050946021285,3.931077553454368
53,4,2048,separate,-16.36122486047475,-12.43014730702038,3.9310775534543687
53,4,2048,exact,-4.718631440962671,-3.501562542006119,1.2170688989565521
53,4,8192,joint,-1.4651226934778645,-1.0108531710009665,0.454269522476898
53,4,8192,pair_coarse,-2.757047663803169,-1.5272771936491323,1.2297704701540366
53,4,8192,separate,-6.063521639262802,-4.833751169108765,1.2297704701540377
53,4,8192,exact,-1.4181208851733418,-0.97561853870317,0.44250234647017184
53,4,32768,joint,-0.4436082003863662,-0.24334770408029438,0.20026049630607184
53,4,32768,pair_coarse,-0.9440445035742131,-0.42503358478857295,0.5190109187856402
53,4,32768,separate,-3.4446829432177544,-2.9256720244321137,0.5190109187856407
53,4,32768,exact,-0.4141989809648275,-0.21896799925215324,0.19523098171267425
53,4,131072,joint,-0.03090271023497873,0.06376222211545128,0.09466493235043001
53,4,131072,pair_coarse,-0.25476747478074224,-0.013576709854949761,0.24119076492579247
53,4,131072,separate,-2.4474433789301124,-2.20625261400432,0.2411907649257925
53,4,131072,exact,-0.00815303446496446,0.08416452379405304,0.0923175582590175
53,4,524288,joint,0.15601252127019444,0.2021065040350498,0.04609398276485535
53,4,524288,pair_coarse,0.04974917589396127,0.1663069038714161,0.11655772797745484
53,4,524288,separate,-2.007118378978089,-1.8905606510006343,0.11655772797745478
53,4,524288,exact,0.17583295578496533,0.2207905401723249,0.044957584387359584
54,1,128,joint,-23.024184136432172,-23.024184136432176,-3.552713678800501e-15
54,1,128,pair_coarse,,,
54,1,128,separate,,,
54,1,128,exact,-22.516438576639473,-22.516438576639477,-3.552713678800501e-15
54,1,512,joint,-2.4731897403272733,-2.4731897403272733,0.0
54,1,512,pair_coarse,-5.294135220706756,-5.294135220706756,0.0
54,1,512,separate,-11.719479748391905,-11.719479748391905,0.0
54,1,512,exact,-2.432094971113143,-2.432094971113143,0.0
54,1,2048,joint,-0.6041264898164858,-0.6041264898164858,0.0
54,1,2048,pair_coarse,-1.288284918390557,-1.288284918390557,0.0
54,1,2048,separate,-4.609359553701324,-4.609359553701323,8.881784197001252e-16
54,1,2048,exact,-0.5855664816265286,-0.5855664816265286,0.0
54,1,8192,joint,-0.059440972256614016,-0.059440972256614044,-2.7755575615628914e-17
54,1,8192,pair_coarse,-0.31907589204944853,-0.31907589204944853,0.0
54,1,8192,separate,-2.8307565995405177,-2.8307565995405177,0.0
54,1,8192,exact,-0.0467486089729188,-0.04674860897291883,-3.469446951953614e-17
54,1,32768,joint,0.15514765385281215,0.15514765385281215,0.0
54,1,32768,pair_coarse,0.040238530151695096,0.040238530151695096,0.0
54,1,32768,separate,-2.1621197472078904,-2.16211974720789,4.440892098500626e-16
54,1,32768,exact,0.16561575940784368,0.16561575940784373,5.551115123125783e-17
54,1,131072,joint,0.2509676251910111,0.25096762519101107,-5.551115123125783e-17
54,1,131072,pair_coarse,0.1967201454787044,0.1967201454787044,0.0
54,1,131072,separate,-1.8692300828849304,-1.8692300828849304,0.0
54,1,131072,exact,0.2604581614742364,0.2604581614742364,0.0
54,1,524288,joint,0.29630493795645885,0.29630493795645885,0.0
54,1,524288,pair_coarse,0.26992676939028754,0.26992676939028754,0.0
54,1,524288,separate,-1.731857388485751,-1.7318573884857513,-2.220446049250313e-16
54,1,524288,exact,0.30533623284623806,0.3053362328462381,5.551115123125783e-17
54,2,128,joint,,,
54,2,128,pair_coarse,,,
54,2,128,separate,,,
54,2,128,exact,,,
54,2,512,joint,-7.731619396760292,-7.731619396760292,0.0
54,2,512,pair_coarse,-20.988892938312063,-17.73118231082909,3.2577106274829717
54,2,512,separate,-34.93159214641347,-31.6738815189305,3.2577106274829717
54,2,512,exact,-7.624080049475893,-7.624080049475893,0.0
54,2,2048,joint,-1.768783851487215,-1.768783851487215,0.0
54,2,2048,pair_coarse,-3.4872723129106626,-2.8549088596734142,0.6323634532372484
54,2,2048,separate,-7.763525565867191,-7.131162112629943,0.6323634532372475
54,2,2048,exact,-1.739716678559628,-1.739716678559628,0.0
54,2,8192,joint,-0.49151061715989236,-0.4915106171598924,-5.551115123125783e-17
54,2,8192,pair_coarse,-1.0576184665517978,-0.8168398369114899,0.24077862964030794
54,2,8192,separate,-3.869223687801883,-3.6284450581615744,0.2407786296403085
54,2,8192,exact,-0.47535257087895993,-0.47535257087895993,0.0
54,2,32768,joint,-0.03449753993442062,-0.03449753993442059,2.7755575615628914e-17
54,2,32768,pair_coarse,-0.27266818166157036,-0.1648160028889767,0.10785217877259368
54,2,32768,separate,-2.596861917598366,-2.489009738825773,0.10785217877259301
54,2,32768,exact,-0.022583195732547995,-0.022583195732548012,-1.734723475976807e-17
54,2,131072,joint,0.16175355757162937,0.16175355757162935,-2.7755575615628914e-17
54,2,131072,pair_coarse,0.05168687657970039,0.10300218063030309,0.051315304050602695
54,2,131072,separate,-2.0694185777470557,-2.018103273696453,0.051315304050602695
54,2,131072,exact,0.1719087027905674,0.17190870279056744,2.7755575615628914e-17
54,2,524288,joint,0.2529944575422266,0.2529944575422266,0.0
54,2,524288,pair_coarse,0.19999266642531005,0.22505232424466998,0.025059657819359926
54,2,524288,separate,-1.8280573303889684,-1.8029976725696086,0.025059657819359815
54,2,524288,exact,0.2623447862988477,0.2623447862988477,0.0
54,4,128,joint,,,
54,4,128,pair_coarse,,,
54,4,128,separate,,,
54,4,128,exact,,,
54,4,512,joint,-39.495312877487756,-30.608565744752678,8.886747132735078
54,4,512,pair_coarse,,,
54,4,512,separate,,,
54,4,512,exact,-38.69598579586512,-30.02954915064857,8.66643664521655
54,4,2048,joint,-4.776361907884998,-3.54152475537361,1.2348371525113881
54,4,2048,pair_coarse,-9.935880332789598,-6.0048027793352325,3.931077553454365
54,4,2048,separate,-16.36122486047475,-12.43014730702038,3.9310775534543687
54,4,2048,exact,-4.718631440962671,-3.501562542006119,1.2170688989565521
54,4,8192,joint,-1.4416731210707936,-0.9932806114398934,0.44839250963090016
54,4,8192,pair_coarse,-2.7424470039520346,-1.512676533797998,1.2297704701540366
54,4,8192,separate,-6.063521639262802,-4.833751169108765,1.2297704701540377
54,4,8192,exact,-1.4181208851733418,-0.97561853870317,0.44250234647017184
54,4,32768,joint,-0.4289446326114218,-0.2311952177791113,0.19774941483231048
54,4,32768,pair_coarse,-0.933002235726685,-0.4139913169410448,0.5190109187856402
54,4,32768,separate,-3.4446829432177544,-2.9256720244321137,0.5190109187856407
54,4,32768,exact,-0.4141989809648275,-0.21896799925215324,0.19523098171267425
54,4,131072,joint,-0.019563537330663572,0.07392958519479516,0.09349312252545873
54,4,131072,pair_coarse,-0.24508510157052726,-0.003894336644734782,0.24119076492579247
54,4,131072,separate,-2.4474433789301124,-2.20625261400432,0.2411907649257925
54,4,131072,exact,-0.00815303446496446,0.08416452379405304,0.0923175582590175
54,4,524288,joint,0.16588972099193167,0.21141644825403602,0.045526727262104355
54,4,524288,pair_coarse,0.058831849385545754,0.17538957736300065,0.1165577279774549
54,4,524288,separate,-2.007118378978089,-1.8905606510006343,0.11655772797745478
54,4,524288,exact,0.17583295578496533,0.2207905401723249,0.044957584387359584
55,1,128,joint,,,
55,1,128,pair_coarse,,,
55,1,128,separate,,,
55,1,128,exact,-22.516438576639473,-22.516438576639477,-3.552713678800501e-15
55,1,512,joint,-10.928567894567744,-10.928567894567744,0.0
55,1,512,pair_coarse,-11.148384788214726,-11.148384788214724,1.7763568394002505e-15
55,1,512,separate,-11.719479748391905,-11.719479748391905,0.0
55,1,512,exact,-2.432094971113143,-2.432094971113143,0.0
55,1,2048,joint,-4.2679119831808485,-4.267911983180849,-8.881784197001252e-16
55,1,2048,pair_coarse,-4.314177096414237,-4.3141770964142365,8.881784197001252e-16
55,1,2048,separate,-4.609359553701324,-4.609359553701323,8.881784197001252e-16
55,1,2048,exact,-0.5855664816265286,-0.5855664816265286,0.0
55,1,8192,joint,-2.5908156105158575,-2.5908156105158575,0.0
55,1,8192,pair_coarse,-2.6075143768951943,-2.607514376895194,4.440892098500626e-16
55,1,8192,separate,-2.8307565995405177,-2.8307565995405177,0.0
55,1,8192,exact,-0.0467486089729188,-0.04674860897291883,-3.469446951953614e-17
55,1,32768,joint,-1.9591454302517535,-1.9591454302517533,2.220446049250313e-16
55,1,32768,pair_coarse,-1.9663705998609724,-1.9663705998609722,2.220446049250313e-16
55,1,32768,separate,-2.1621197472078904,-2.16211974720789,4.440892098500626e-16
55,1,32768,exact,0.16561575940784368,0.16561575940784373,5.551115123125783e-17
55,1,131072,joint,-1.682231083307205,-1.6822310833072054,-4.440892098500626e-16
55,1,131072,pair_coarse,-1.6856051024170848,-1.6856051024170848,0.0
55,1,131072,separate,-1.8692300828849304,-1.8692300828849304,0.0
55,1,131072,exact,0.2604581614742364,0.2604581614742364,0.0
55,1,524288,joint,-1.5523037053411841,-1.5523037053411841,0.0
55,1,524288,pair_coarse,-1.5539355916078201,-1.5539355916078201,0.0
55,1,524288,separate,-1.731857388485751,-1.7318573884857513,-2.220446049250313e-16
55,1,524288,exact,0.30533623284623806,0.3053362328462381,5.551115123125783e-17
55,2,128,joint,,,
55,2,128,pair_coarse,,,
55,2,128,separate,,,
55,2,128,exact,,,
55,2,512,joint,-32.484534683332136,-29.475119559661515,3.009415123670621
55,2,512,pair_coarse,-33.69234260660993,-30.434631979126955,3.2577106274829717
55,2,512,separate,-34.93159214641347,-31.6738815189305,3.2577106274829717
55,2,512,exact,-7.624080049475893,-7.624080049475893,0.0
55,2,2048,joint,-7.271834159146611,-6.67627979662955,0.5955543625170607
55,2,2048,pair_coarse,-7.383445296135013,-6.751081842897766,0.6323634532372475
55,2,2048,separate,-7.763525565867191,-7.131162112629943,0.6323634532372475
55,2,2048,exact,-1.739716678559628,-1.739716678559628,0.0
55,2,8192,joint,-3.58536382458276,-3.3578590575142435,0.2275047670685164
55,2,8192,pair_coarse,-3.6193236917868443,-3.3785450621465367,0.2407786296403076
55,2,8192,separate,-3.869223687801883,-3.6284450581615744,0.2407786296403085
55,2,8192,exact,-0.47535257087895993,-0.47535257087895993,0.0
55,2,32768,joint,-2.3764530143490035,-2.2744343512000413,0.10201866314896213
55,2,32768,pair_coarse,-2.390283838656493,-2.2824316598839,0.10785217877259301
55,2,32768,separate,-2.596861917598366,-2.489009738825773,0.10785217877259301
55,2,32768,exact,-0.022583195732547995,-0.022583195732548012,-1.734723475976807e-17
55,2,131072,joint,-1.8745950039560857,-1.8260331945486143,0.048561809407471346
55,2,131072,pair_coarse,-1.8808913120493282,-1.8295760079987258,0.05131530405060247
55,2,131072,separate,-2.0694185777470557,-2.018103273696453,0.051315304050602695
55,2,131072,exact,0.1719087027905674,0.17190870279056744,2.7755575615628914e-17
55,2,524288,joint,-1.644790983809494,-1.6210711004923803,0.02371988331711372
55,2,524288,pair_coarse,-1.647800983483747,-1.6227413256643874,0.025059657819359593
55,2,524288,separate,-1.8280573303889684,-1.8029976725696086,0.025059657819359815
55,2,524288,exact,0.2623447862988477,0.2623447862988477,0.0
55,4,128,joint,,,
55,4,128,pair_coarse,,,
55,4,128,separate,,,
55,4,128,exact,,,
55,4,512,joint,,,
55,4,512,pair_coarse,,,
55,4,512,separate,,,
55,4,512,exact,-38.69598579586512,-30.02954915064857,8.66643664521655
55,4,2048,joint,-15.448954586536283,-11.66452278487808,3.7844318016582026
55,4,2048,pair_coarse,-15.79012990029757,-11.859052346843201,3.9310775534543687
55,4,2048,separate,-16.36122486047475,-12.43014730702038,3.9310775534543687
55,4,2048,exact,-4.718631440962671,-3.501562542006119,1.2170688989565521
55,4,8192,joint,-5.693548072424573,-4.501718612492117,1.191829459932456
55,4,8192,pair_coarse,-5.768339181975714,-4.538568711821678,1.229770470154036
55,4,8192,separate,-6.063521639262802,-4.833751169108765,1.2297704701540377
55,4,8192,exact,-1.4181208851733418,-0.97561853870317,0.44250234647017184
55,4,32768,joint,-3.193799343257745,-2.6898812649638186,0.5039180782939265
55,4,32768,pair_coarse,-3.22144072057243,-2.7024298017867903,0.5190109187856398
55,4,32768,separate,-3.4446829432177544,-2.9256720244321137,0.5190109187856407
55,4,32768,exact,-0.4141989809648275,-0.21896799925215324,0.19523098171267425
55,4,131072,joint,-2.2395785032307733,-2.0052385862568696,0.23433991697390377
55,4,131072,pair_coarse,-2.2516942315831945,-2.010503466657402,0.2411907649257925
55,4,131072,separate,-2.4474433789301124,-2.20625261400432,0.2411907649257925
55,4,131072,exact,-0.00815303446496446,0.08416452379405304,0.0923175582590175
55,4,524288,joint,-1.8177970414123314,-1.7045156892954123,0.11328135211691914
55,4,524288,pair_coarse,-1.8234933985102435,-1.7069356705327887,0.11655772797745478
55,4,524288,separate,-2.007118378978089,-1.8905606510006343,0.11655772797745478
55,4,524288,exact,0.17583295578496533,0.2207905401723249,0.044957584387359584
56,1,128,joint,-72.90155724907021,-72.90155724907021,0.0
56,1,128,pair_coarse,,,
56,1,128,separate,,,
56,1,128,exact,-22.516438576639473,-22.516438576639477,-3.552713678800501e-15
56,1,512,joint,-4.8528350185072595,-4.8528350185072595,0.0
56,1,512,pair_coarse,-6.9834189768304356,-6.9834189768304356,0.0
56,1,512,separate,-11.719479748391905,-11.719479748391905,0.0
56,1,512,exact,-2.432094971113143,-2.432094971113143,0.0
56,1,2048,joint,-1.6719849000456128,-1.6719849000456126,2.220446049250313e-16
56,1,2048,pair_coarse,-2.1614268036438364,-2.1614268036438364,0.0
56,1,2048,separate,-4.609359553701324,-4.609359553701323,8.881784197001252e-16
56,1,2048,exact,-0.5855664816265286,-0.5855664816265286,0.0
56,1,8192,joint,-0.7972754560328215,-0.7972754560328214,1.1102230246251565e-16
56,1,8192,pair_coarse,-0.9794204699086057,-0.9794204699086055,1.1102230246251565e-16
56,1,8192,separate,-2.8307565995405177,-2.8307565995405177,0.0
56,1,8192,exact,-0.0467486089729188,-0.04674860897291883,-3.469446951953614e-17
56,1,32768,joint,-0.45887106523774135,-0.4588710652377414,-5.551115123125783e-17
56,1,32768,pair_coarse,-0.5387822596406344,-0.5387822596406344,0.0
56,1,32768,separate,-2.1621197472078904,-2.16211974720789,4.440892098500626e-16
56,1,32768,exact,0.16561575940784368,0.16561575940784373,5.551115123125783e-17
56,1,131072,joint,-0.30886966434108626,-0.3088696643410862,5.551115123125783e-17
56,1,131072,pair_coarse,-0.34643768001956876,-0.34643768001956876,0.0
56,1,131072,separate,-1.8692300828849304,-1.8692300828849304,0.0
56,1,131072,exact,0.2604581614742364,0.2604581614742364,0.0
56,1,524288,joint,-0.2381308249979671,-0.23813082499796706,2.7755575615628914e-17
56,1,524288,pair_coarse,-0.256361190203996,-0.256361190203996,0.0
56,1,524288,separate,-1.731857388485751,-1.7318573884857513,-2.220446049250313e-16
56,1,524288,exact,0.30533623284623806,0.3053362328462381,5.551115123125783e-17
56,2,128,joint,,,
56,2,128,pair_coarse,,,
56,2,128,separate,,,
56,2,128,exact,,,
56,2,512,joint,-14.121883908631437,-13.447062358948616,0.6748215496828216
56,2,512,pair_coarse,-24.654560232459428,-21.396849604976456,3.2577106274829717
56,2,512,separate,-34.93159214641347,-31.6738815189305,3.2577106274829717
56,2,512,exact,-7.624080049475893,-7.624080049475893,0.0
56,2,2048,joint,-3.400233149449279,-3.2330552863431126,0.16717786310616622
56,2,2048,pair_coarse,-4.611539677277662,-3.9791762240404145,0.6323634532372475
56,2,2048,separate,-7.763525565867191,-7.131162112629943,0.6323634532372475
56,2,2048,exact,-1.739716678559628,-1.739716678559628,0.0
56,2,8192,joint,-1.4098303126658116,-1.3431549801995661,0.06667533246624546
56,2,8192,pair_coarse,-1.796816031511233,-1.5560374018709247,0.24077862964030827
56,2,8192,separate,-3.869223687801883,-3.6284450581615744,0.2407786296403085
56,2,8192,exact,-0.47535257087895993,-0.47535257087895993,0.0
56,2,32768,joint,-0.7229270187356047,-0.6925785672021435,0.030348451533461218
56,2,32768,pair_coarse,-0.8837206641059527,-0.7758684853333592,0.10785217877259357
56,2,32768,separate,-2.596861917598366,-2.489009738825773,0.10785217877259301
56,2,32768,exact,-0.022583195732547995,-0.022583195732548012,-1.734723475976807e-17
56,2,131072,joint,-0.43208705655605206,-0.41755063767588363,0.014536418880168434
56,2,131072,pair_coarse,-0.5059717787002871,-0.45465647464968445,0.05131530405060264
56,2,131072,separate,-2.0694185777470557,-2.018103273696453,0.051315304050602695
56,2,131072,exact,0.1719087027905674,0.17190870279056744,2.7755575615628914e-17
56,2,524288,joint,-0.2977196449476582,-0.2905991612097492,0.007120483737908967
56,2,524288,pair_coarse,-0.3332008302756839,-0.308141172456324,0.025059657819359926
56,2,524288,separate,-1.8280573303889684,-1.8029976725696086,0.025059657819359815
56,2,524288,exact,0.2623447862988477,0.2623447862988477,0.0
56,4,128,joint,,,
56,4,128,pair_coarse,,,
56,4,128,separate,,,
56,4,128,exact,,,
56,4,512,joint,-115.71802065686437,-86.27430636770565,29.44371428915872
56,4,512,pair_coarse,,,
56,4,512,separate,,,
56,4,512,exact,-38.69598579586512,-30.02954915064857,8.66643664521655
56,4,2048,joint,-7.959364935804413,-5.836303068585981,2.123061867218432
56,4,2048,pair_coarse,-11.62516408891328,-7.694086535458912,3.931077553454368
56,4,2048,separate,-16.36122486047475,-12.43014730702038,3.9310775534543687
56,4,2048,exact,-4.718631440962671,-3.501562542006119,1.2170688989565521
56,4,8192,joint,-2.739073090682728,-2.010858011859048,0.7282150788236801
56,4,8192,pair_coarse,-3.615588889205314,-2.3858184190512772,1.2297704701540368
56,4,8192,separate,-6.063521639262802,-4.833751169108765,1.2297704701540377
56,4,8192,exact,-1.4181208851733418,-0.97561853870317,0.44250234647017184
56,4,32768,joint,-1.259811005086764,-0.9442725070334835,0.3155384980532804
56,4,32768,pair_coarse,-1.593346813585842,-1.0743358948002022,0.5190109187856398
56,4,32768,separate,-3.4446829432177544,-2.9256720244321137,0.5190109187856407
56,4,32768,exact,-0.4141989809648275,-0.21896799925215324,0.19523098171267425
56,4,131072,joint,-0.6760378930844988,-0.5279009776835075,0.14813691540099128
56,4,131072,pair_coarse,-0.8241058913628568,-0.5829151264370643,0.2411907649257925
56,4,131072,separate,-2.4474433789301124,-2.20625261400432,0.2411907649257925
56,4,131072,exact,-0.00815303446496446,0.08416452379405304,0.0923175582590175
56,4,524288,joint,-0.4142909809872638,-0.34238103445101364,0.07190994653625016
56,4,524288,pair_coarse,-0.48432597611272743,-0.36776824813527254,0.1165577279774549
56,4,524288,separate,-2.007118378978089,-1.8905606510006343,0.11655772797745478
56,4,524288,exact,0.17583295578496533,0.2207905401723249,0.044957584387359584
57,1,128,joint,-36.71975263799368,-36.71975263799368,0.0
57,1,128,pair_coarse,,,
57,1,128,separate,,,
57,1,128,exact,-22.516438576639473,-22.516438576639477,-3.552713678800501e-15
57,1,512,joint,-3.391370907976817,-3.391370907976817,0.0
57,1,512,pair_coarse,-5.937903294916099,-5.9379032949161,-8.881784197001252e-16
57,1,512,separate,-11.719479748391905,-11.719479748391905,0.0
57,1,512,exact,-2.432094971113143,-2.432094971113143,0.0
57,1,2048,joint,-1.0177560992601478,-1.0177560992601478,0.0
57,1,2048,pair_coarse,-1.6210300051430906,-1.6210300051430906,0.0
57,1,2048,separate,-4.609359553701324,-4.609359553701323,8.881784197001252e-16
57,1,2048,exact,-0.5855664816265286,-0.5855664816265286,0.0
57,1,8192,joint,-0.34371878747671225,-0.34371878747671225,0.0
57,1,8192,pair_coarse,-0.5707261880177522,-0.5707261880177521,1.1102230246251565e-16
57,1,8192,separate,-2.8307565995405177,-2.8307565995405177,0.0
57,1,8192,exact,-0.0467486089729188,-0.04674860897291883,-3.469446951953614e-17
57,1,32768,joint,-0.08032945191439449,-0.0803294519143945,-1.3877787807814457e-17
57,1,32768,pair_coarse,-0.18042013504918558,-0.18042013504918558,0.0
57,1,32768,separate,-2.1621197472078904,-2.16211974720789,4.440892098500626e-16
57,1,32768,exact,0.16561575940784368,0.16561575940784373,5.551115123125783e-17
57,1,131072,joint,0.03689570921018165,0.03689570921018166,1.3877787807814457e-17
57,1,131072,pair_coarse,-0.010271525426321176,-0.01027152542632116,1.5612511283791264e-17
57,1,131072,separate,-1.8692300828849304,-1.8692300828849304,0.0
57,1,131072,exact,0.2604581614742364,0.2604581614742364,0.0
57,1,524288,joint,0.09227932575551584,0.09227932575551588,4.163336342344337e-17
57,1,524288,pair_coarse,0.06936402497307825,0.06936402497307825,0.0
57,1,524288,separate,-1.731857388485751,-1.7318573884857513,-2.220446049250313e-16
57,1,524288,exact,0.30533623284623806,0.3053362328462381,5.551115123125783e-17
57,2,128,joint,,,
57,2,128,pair_coarse,,,
57,2,128,separate,,,
57,2,128,exact,,,
57,2,512,joint,-10.160098947416383,-10.04345457491542,0.11664437250096249
57,2,512,pair_coarse,-22.38583976035482,-19.128129132871848,3.2577106274829717
57,2,512,separate,-34.93159214641347,-31.6738815189305,3.2577106274829717
57,2,512,exact,-7.624080049475893,-7.624080049475893,0.0
57,2,2048,joint,-2.4091996045295905,-2.3780612390560543,0.03113836547353621
57,2,2048,pair_coarse,-3.915718649076088,-3.2833551958388396,0.6323634532372484
57,2,2048,separate,-7.763525565867191,-7.131162112629943,0.6323634532372475
57,2,2048,exact,-1.739716678559628,-1.739716678559628,0.0
57,2,8192,joint,-0.8495924220159436,-0.8369652627575198,0.012627159258423837
57,2,8192,pair_coarse,-1.3393187973157261,-1.098540167675418,0.24077862964030805
57,2,8192,separate,-3.869223687801883,-3.6284450581615744,0.2407786296403085
57,2,8192,exact,-0.47535257087895993,-0.47535257087895993,0.0
57,2,32768,joint,-0.30060386415934426,-0.29482202668595847,0.005781837473385787
57,2,32768,pair_coarse,-0.50553378428047,-0.39768160550787635,0.10785217877259368
57,2,32768,separate,-2.596861917598366,-2.489009738825773,0.10785217877259301
57,2,32768,exact,-0.022583195732547995,-0.022583195732548012,-1.734723475976807e-17
57,2,131072,joint,-0.06635793111171961,-0.06358151730609113,0.002776413805628486
57,2,131072,pair_coarse,-0.16083090634124414,-0.10951560229064145,0.051315304050602695
57,2,131072,separate,-2.0694185777470557,-2.018103273696453,0.051315304050602695
57,2,131072,exact,0.1719087027905674,0.17190870279056744,2.7755575615628914e-17
57,2,524288,joint,0.04223769748441431,0.04359927028926762,0.0013615728048533074
57,2,524288,pair_coarse,-0.0032017047440377477,0.021857953075322137,0.025059657819359885
57,2,524288,separate,-1.8280573303889684,-1.8029976725696086,0.025059657819359815
57,2,524288,exact,0.2623447862988477,0.2623447862988477,0.0
57,4,128,joint,,,
57,4,128,pair_coarse,,,
57,4,128,separate,,,
57,4,128,exact,,,
57,4,512,joint,-60.78682926806485,-46.07260800009826,14.714221267966586
57,4,512,pair_coarse,,,
57,4,512,separate,,,
57,4,512,exact,-38.69598579586512,-30.02954915064857,8.66643664521655
57,4,2048,joint,-6.0382864296731205,-4.430097538836189,1.6081888908369315
57,4,2048,pair_coarse,-10.579648406998944,-6.648570853544577,3.931077553454367
57,4,2048,separate,-16.36122486047475,-12.43014730702038,3.9310775534543687
57,4,2048,exact,-4.718631440962671,-3.501562542006119,1.2170688989565521
57,4,8192,joint,-1.956190721698333,-1.3868530803029753,0.5693376413953577
57,4,8192,pair_coarse,-3.075192090704568,-1.8454216205505316,1.2297704701540362
57,4,8192,separate,-6.063521639262802,-4.833751169108765,1.2297704701540377
57,4,8192,exact,-1.4181208851733418,-0.97561853870317,0.44250234647017184
57,4,32768,joint,-0.7544371627695412,-0.5053464861127952,0.249090676656746
57,4,32768,pair_coarse,-1.1846525316949885,-0.6656416129093484,0.5190109187856401
57,4,32768,separate,-3.4446829432177544,-2.9256720244321137,0.5190109187856407
57,4,32768,exact,-0.4141989809648275,-0.21896799925215324,0.19523098171267425
57,4,131072,joint,-0.27390690364233183,-0.15651703173032605,0.11738987191200578
57,4,131072,pair_coarse,-0.46574376677140794,-0.22455300184561547,0.24119076492579247
57,4,131072,separate,-2.4474433789301124,-2.20625261400432,0.2411907649257925
57,4,131072,exact,-0.00815303446496446,0.08416452379405304,0.0923175582590175
57,4,524288,joint,-0.05723441900564667,-0.00015293905668306004,0.057081479948963613
57,4,524288,pair_coarse,-0.14815982151947982,-0.031602093542024964,0.11655772797745485
57,4,524288,separate,-2.007118378978089,-1.8905606510006343,0.11655772797745478
57,4,524288,exact,0.17583295578496533,0.2207905401723249,0.044957584387359584
58,1,128,joint,-28.292353745658623,-28.292353745658623,0.0
58,1,128,pair_coarse,,,
58,1,128,separate,,,
58,1,128,exact,-22.516438576639473,-22.516438576639477,-3.552713678800501e-15
58,1,512,joint,-2.865468579059046,-2.8654685790590455,4.440892098500626e-16
58,1,512,pair_coarse,-5.567134510856224,-5.567134510856225,-8.881784197001252e-16
58,1,512,separate,-11.719479748391905,-11.719479748391905,0.0
58,1,512,exact,-2.432094971113143,-2.432094971113143,0.0
58,1,2048,joint,-0.7810149687461128,-0.7810149687461128,0.0
58,1,2048,pair_coarse,-1.4293903508022698,-1.4293903508022698,0.0
58,1,2048,separate,-4.609359553701324,-4.609359553701323,8.881784197001252e-16
58,1,2048,exact,-0.5855664816265286,-0.5855664816265286,0.0
58,1,8192,joint,-0.18066941001360348,-0.1806694100136035,-2.7755575615628914e-17
58,1,8192,pair_coarse,-0.42579188949872615,-0.42579188949872615,0.0
58,1,8192,separate,-2.8307565995405177,-2.8307565995405177,0.0
58,1,8192,exact,-0.0467486089729188,-0.04674860897291883,-3.469446951953614e-17
58,1,32768,joint,0.054968490034855044,0.054968490034855044,0.0
58,1,32768,pair_coarse,-0.053335011902490015,-0.05333501190248999,2.7755575615628914e-17
58,1,32768,separate,-2.1621197472078904,-2.16211974720789,4.440892098500626e-16
58,1,32768,exact,0.16561575940784368,0.16561575940784373,5.551115123125783e-17
58,1,131072,joint,0.16003046390004227,0.16003046390004233,5.551115123125783e-17
58,1,131072,pair_coarse,0.10894229272742192,0.10894229272742192,0.0
58,1,131072,separate,-1.8692300828849304,-1.8692300828849304,0.0
58,1,131072,exact,0.2604581614742364,0.2604581614742364,0.0
58,1,524288,joint,0.20970745069829058,0.2097074506982906,2.7755575615628914e-17
58,1,524288,pair_coarse,0.1848751971706274,0.1848751971706274,0.0
58,1,524288,separate,-1.731857388485751,-1.7318573884857513,-2.220446049250313e-16
58,1,524288,exact,0.30533623284623806,0.3053362328462381,5.551115123125783e-17
58,2,128,joint,,,
58,2,128,pair_coarse,,,
58,2,128,separate,,,
58,2,128,exact,,,
58,2,512,joint,-8.763660354319292,-8.763660354319292,0.0
58,2,512,pair_coarse,-21.581288718830706,-18.323578091347734,3.2577106274829717
58,2,512,separate,-34.93159214641347,-31.6738815189305,3.2577106274829717
58,2,512,exact,-7.624080049475893,-7.624080049475893,0.0
58,2,2048,joint,-2.0443890236879536,-2.044389023687953,4.440892098500626e-16
58,2,2048,pair_coarse,-3.6689612632115223,-3.0365978099742748,0.6323634532372475
58,2,2048,separate,-7.763525565867191,-7.131162112629943,0.6323634532372475
58,2,2048,exact,-1.739716678559628,-1.739716678559628,0.0
58,2,8192,joint,-0.645089321281035,-0.645089321281035,0.0
58,2,8192,pair_coarse,-1.1770776218195924,-0.9362989921792843,0.24077862964030816
58,2,8192,separate,-3.869223687801883,-3.6284450581615744,0.2407786296403085
58,2,8192,exact,-0.47535257087895993,-0.47535257087895993,0.0
58,2,32768,joint,-0.1481407480511957,-0.1481407480511957,0.0
58,2,32768,pair_coarse,-0.3714182544937239,-0.2635660757211303,0.10785217877259362
58,2,32768,separate,-2.596861917598366,-2.489009738825773,0.10785217877259301
58,2,32768,exact,-0.022583195732547995,-0.022583195732548012,-1.734723475976807e-17
58,2,131072,joint,0.06463666661035236,0.06463666661035236,0.0
58,2,131072,pair_coarse,-0.03843440499023726,0.012880899060365414,0.051315304050602674
58,2,131072,separate,-2.0694185777470557,-2.018103273696453,0.051315304050602695
58,2,131072,exact,0.1719087027905674,0.17190870279056744,2.7755575615628914e-17
58,2,524288,joint,0.16343225196561756,0.16343225196561756,0.0
58,2,524288,pair_coarse,0.11382511429913697,0.13888477211849687,0.0250596578193599
58,2,524288,separate,-1.8280573303889684,-1.8029976725696086,0.025059657819359815
58,2,524288,exact,0.2623447862988477,0.2623447862988477,0.0
58,4,128,joint,,,
58,4,128,pair_coarse,,,
58,4,128,separate,,,
58,4,128,exact,,,
58,4,512,joint,-47.742046674897786,-36.58798093859968,11.154065736298108
58,4,512,pair_coarse,,,
58,4,512,separate,,,
58,4,512,exact,-38.69598579586512,-30.02954915064857,8.66643664521655
58,4,2048,joint,-5.321926446863962,-3.92200888175783,1.3999175651061324
58,4,2048,pair_coarse,-10.208879622939069,-6.277802069484702,3.931077553454367
58,4,2048,separate,-16.36122486047475,-12.43014730702038,3.9310775534543687
58,4,2048,exact,-4.718631440962671,-3.501562542006119,1.2170688989565521
58,4,8192,joint,-1.6640755610901121,-1.161558261749568,0.502517299340544
58,4,8192,pair_coarse,-2.8835524363637477,-1.6537819662097106,1.229770470154037
58,4,8192,separate,-6.063521639262802,-4.833751169108765,1.2297704701540377
58,4,8192,exact,-1.4181208851733418,-0.97561853870317,0.44250234647017184
58,4,32768,joint,-0.5688318484146251,-0.34802054968288443,0.22081129873174066
58,4,32768,pair_coarse,-1.0397182331759627,-0.5207073143903224,0.5190109187856403
58,4,32768,separate,-3.4446829432177544,-2.9256720244321137,0.5190109187856407
58,4,32768,exact,-0.4141989809648275,-0.21896799925215324,0.19523098171267425
58,4,131072,joint,-0.1282955670980303,-0.024052404363831173,0.10424316273419913
58,4,131072,pair_coarse,-0.3386586436247123,-0.09746787869891986,0.24119076492579244
58,4,131072,separate,-2.4474433789301124,-2.20625261400432,0.2411907649257925
58,4,131072,exact,-0.00815303446496446,0.08416452379405304,0.0923175582590175
58,4,524288,joint,0.07084633981238007,0.12157443381724573,0.05072809400486565
58,4,524288,pair_coarse,-0.028946003365736717,0.08761172461171811,0.11655772797745483
58,4,524288,separate,-2.007118378978089,-1.8905606510006343,0.11655772797745478
58,4,524288,exact,0.17583295578496533,0.2207905401723249,0.044957584387359584
59,1,128,joint,-25.156931082571898,-25.156931082571898,0.0
59,1,128,pair_coarse,,,
59,1,128,separate,,,
59,1,128,exact,-22.516438576639473,-22.516438576639477,-3.552713678800501e-15
59,1,512,joint,-2.6387753221885375,-2.638775322188538,-4.440892098500626e-16
59,1,512,pair_coarse,-5.40869395589547,-5.408693955895471,-8.881784197001252e-16
59,1,512,separate,-11.719479748391905,-11.719479748391905,0.0
59,1,512,exact,-2.432094971113143,-2.432094971113143,0.0
59,1,2048,joint,-0.6787587544625076,-0.6787587544625074,1.1102230246251565e-16
59,1,2048,pair_coarse,-1.347497013251654,-1.347497013251654,0.0
59,1,2048,separate,-4.609359553701324,-4.609359553701323,8.881784197001252e-16
59,1,2048,exact,-0.5855664816265286,-0.5855664816265286,0.0
59,1,8192,joint,-0.11049012619790588,-0.11049012619790591,-2.7755575615628914e-17
59,1,8192,pair_coarse,-0.3638571428926208,-0.3638571428926208,0.0
59,1,8192,separate,-2.8307565995405177,-2.8307565995405177,0.0
59,1,8192,exact,-0.0467486089729188,-0.04674860897291883,-3.469446951953614e-17
59,1,32768,joint,0.11302585671528989,0.11302585671528989,0.0
59,1,32768,pair_coarse,0.000972249939074965,0.0009722499390749649,-1.0842021724855044e-19
59,1,32768,separate,-2.1621197472078904,-2.16211974720789,4.440892098500626e-16
59,1,32768,exact,0.16561575940784368,0.16561575940784373,5.551115123125783e-17
59,1,131072,joint,0.21276711780506788,0.21276711780506788,0.0
59,1,131072,pair_coarse,0.1598859112824815,0.1598859112824815,0.0
59,1,131072,separate,-1.8692300828849304,-1.8692300828849304,0.0
59,1,131072,exact,0.2604581614742364,0.2604581614742364,0.0
59,1,524288,joint,0.2599460604317451,0.2599460604317452,5.551115123125783e-17
59,1,524288,pair_coarse,0.2342365647235966,0.2342365647235966,0.0
59,1,524288,separate,-1.731857388485751,-1.7318573884857513,-2.220446049250313e-16
59,1,524288,exact,0.30533623284623806,0.3053362328462381,5.551115123125783e-17
59,2,128,joint,,,
59,2,128,pair_coarse,,,
59,2,128,separate,,,
59,2,128,exact,,,
59,2,512,joint,-8.166628531949456,-8.166628531949456,0.0
59,2,512,pair_coarse,-21.237480073136446,-17.979769445653478,3.257710627482968
59,2,512,separate,-34.93159214641347,-31.6738815189305,3.2577106274829717
59,2,512,exact,-7.624080049475893,-7.624080049475893,0.0
59,2,2048,joint,-1.8854975992875942,-1.8854975992875942,0.0
59,2,2048,pair_coarse,-3.5635144757852837,-2.9311510225480353,0.6323634532372484
59,2,2048,separate,-7.763525565867191,-7.131162112629943,0.6323634532372475
59,2,2048,exact,-1.739716678559628,-1.739716678559628,0.0
59,2,8192,joint,-0.5563941058640949,-0.5563941058640949,0.0
59,2,8192,pair_coarse,-1.107747130720478,-0.86696850108017,0.24077862964030805
59,2,8192,separate,-3.869223687801883,-3.6284450581615744,0.2407786296403085
59,2,8192,exact,-0.47535257087895993,-0.47535257087895993,0.0
59,2,32768,joint,-0.08238469769174761,-0.08238469769174762,-1.3877787807814457e-17
59,2,32768,pair_coarse,-0.31410669030110266,-0.206254511528509,0.10785217877259368
59,2,32768,separate,-2.596861917598366,-2.489009738825773,0.10785217877259301
59,2,32768,exact,-0.022583195732547995,-0.022583195732548012,-1.734723475976807e-17
59,2,131072,joint,0.12090524519570113,0.12090524519570119,5.551115123125783e-17
59,2,131072,pair_coarse,0.01386926897864943,0.06518457302925212,0.051315304050602695
59,2,131072,separate,-2.0694185777470557,-2.018103273696453,0.051315304050602695
59,2,131072,exact,0.1719087027905674,0.17190870279056744,2.7755575615628914e-17
59,2,524288,joint,0.21536492196533208,0.21536492196533208,0.0
59,2,524288,pair_coarse,0.16383416293441289,0.18889382075377276,0.02505965781935987
59,2,524288,separate,-1.8280573303889684,-1.8029976725696086,0.025059657819359815
59,2,524288,exact,0.2623447862988477,0.2623447862988477,0.0
59,4,128,joint,,,
59,4,128,pair_coarse,,,
59,4,128,separate,,,
59,4,128,exact,,,
59,4,512,joint,-42.84526193769272,-33.035440225222594,9.809821712470125
59,4,512,pair_coarse,,,
59,4,512,separate,,,
59,4,512,exact,-38.69598579586512,-30.02954915064857,8.66643664521655
59,4,2048,joint,-5.008071282019952,-3.7023175167963123,1.3057537652236402
59,4,2048,pair_coarse,-10.050439067978314,-6.1193615145239475,3.931077553454366
59,4,2048,separate,-16.36122486047475,-12.43014730702038,3.9310775534543687
59,4,2048,exact,-4.718631440962671,-3.501562542006119,1.2170688989565521
59,4,8192,joint,-1.5360455814769238,-1.0642707570955798,0.471774824381344
59,4,8192,pair_coarse,-2.801659098813131,-1.5718886286590947,1.2297704701540362
59,4,8192,separate,-6.063521639262802,-4.833751169108765,1.2297704701540377
59,4,8192,exact,-1.4181208851733418,-0.97561853870317,0.44250234647017184
59,4,32768,joint,-0.488099849968873,-0.2803699744950248,0.2077298754738482
59,4,32768,pair_coarse,-0.9777834865698573,-0.45877256778421704,0.5190109187856402
59,4,32768,separate,-3.4446829432177544,-2.9256720244321137,0.5190109187856407
59,4,32768,exact,-0.4141989809648275,-0.21896799925215324,0.19523098171267425
59,4,131072,joint,-0.06540342877981573,0.03274524024188231,0.09814866902169803
59,4,131072,pair_coarse,-0.2843513817831474,-0.043160616857354915,0.24119076492579247
59,4,131072,separate,-2.4474433789301124,-2.20625261400432,0.2411907649257925
59,4,131072,exact,-0.00815303446496446,0.08416452379405304,0.0923175582590175
59,4,524288,joint,0.12590365167862091,0.17368365141574937,0.04777999973712846
59,4,524288,pair_coarse,0.021997615189322833,0.1385553431667777,0.11655772797745487
59,4,524288,separate,-2.007118378978089,-1.8905606510006343,0.11655772797745478
59,4,524288,exact,0.17583295578496533,0.2207905401723249,0.044957584387359584
60,1,128,joint,-40.0033631631087,-40.00336316310871,-7.105427357601002e-15
60,1,128,pair_coarse,,,
60,1,128,separate,,,
60,1,128,exact,-25.579687147968542,-25.57968714796854,3.552713678800501e-15
60,1,512,joint,-3.553400008136528,-3.5534000081365282,-4.440892098500626e-16
60,1,512,pair_coarse,-6.039270778178,-6.039270778178,0.0
60,1,512,separate,-11.719817205273902,-11.719817205273902,0.0
60,1,512,exact,-2.678741367873224,-2.678741367873224,0.0
60,1,2048,joint,-1.0871236963477218,-1.087123696347722,-2.220446049250313e-16
60,1,2048,pair_coarse,-1.6735869588270678,-1.6735869588270678,0.0
60,1,2048,separate,-4.6096970105833215,-4.609697010583321,8.881784197001252e-16
60,1,2048,exact,-0.6990081427298556,-0.6990081427298555,1.1102230246251565e-16
60,1,8192,joint,-0.390193735671976,-0.39019373567197596,5.551115123125783e-17
60,1,8192,pair_coarse,-0.6105564949784263,-0.6105564949784261,2.220446049250313e-16
60,1,8192,separate,-2.831094056422515,-2.831094056422515,0.0
60,1,8192,exact,-0.12538989773884948,-0.12538989773884948,0.0
60,1,32768,joint,-0.11828718949896332,-0.11828718949896334,-2.7755575615628914e-17
60,1,32768,pair_coarse,-0.2153867567799972,-0.2153867567799972,0.0
60,1,32768,separate,-2.162457204089887,-2.162457204089887,0.0
60,1,32768,exact,0.10019110568720252,0.10019110568720252,0.0
60,1,131072,joint,0.002650753892142692,0.002650753892142689,-2.6020852139652106e-18
60,1,131072,pair_coarse,-0.043093311385430294,-0.04309331138543028,1.3877787807814457e-17
60,1,131072,separate,-1.8695675397669274,-1.8695675397669271,2.220446049250313e-16
60,1,131072,exact,0.2008474854228007,0.20084748542280065,-5.551115123125783e-17
60,1,524288,joint,0.0597718315366,0.05977183153659999,-6.938893903907228e-18
60,1,524288,pair_coarse,0.037551165425015964,0.037551165425015964,0.0
60,1,524288,separate,-1.732194845367748,-1.7321948453677483,-2.220446049250313e-16
60,1,524288,exact,0.24845801474642418,0.24845801474642418,0.0
60,2,128,joint,,,
60,2,128,pair_coarse,,,
60,2,128,separate,,,
60,2,128,exact,,,
60,2,512,joint,-10.616830748545317,-10.428178885145476,0.18865186339984064
60,2,512,pair_coarse,-22.6054076822698,-19.347697054786828,3.2577106274829717
60,2,512,separate,-34.931929603295465,-31.674218975812497,3.257710627482968
60,2,512,exact,-8.25880707891356,-8.25880707891356,0.0
60,2,2048,joint,-2.519645056579985,-2.4698124992829946,0.04983255729699021
60,2,2048,pair_coarse,-3.9832945205040815,-3.3509310672668335,0.632363453237248
60,2,2048,separate,-7.763863022749188,-7.1314995695119405,0.6323634532372475
60,2,2048,exact,-1.914204677456502,-1.914204677456502,0.0
60,2,8192,joint,-0.9091706451436011,-0.8890114059018158,0.02015923924178531
60,2,8192,pair_coarse,-1.383865019727547,-1.143086390087239,0.24077862964030805
60,2,8192,separate,-3.86956114468388,-3.6287825150435715,0.2407786296403085
60,2,8192,exact,-0.5741047229994565,-0.5741047229994565,0.0
60,2,32768,joint,-0.3439578395527654,-0.3347351893028102,0.009222650249955167
60,2,32768,pair_coarse,-0.5424161071135378,-0.43456392834094426,0.10785217877259357
60,2,32768,separate,-2.597199374480363,-2.4893471957077695,0.10785217877259345
60,2,32768,exact,-0.09639445786808737,-0.09639445786808734,2.7755575615628914e-17
60,2,131072,joint,-0.1030680756125217,-0.09864104043164905,0.004427035180872646
60,2,131072,pair_coarse,-0.1945199351244592,-0.1432046310738565,0.051315304050602695
60,2,131072,separate,-2.069756034629053,-2.0184407305784497,0.05131530405060314
60,2,131072,exact,0.1084454976311001,0.10844549763110005,-5.551115123125783e-17
60,2,524288,joint,0.008550136080327425,0.010720814245137898,0.002170678164810473
60,2,524288,pair_coarse,-0.03542755979598111,-0.01036790197662122,0.02505965781935989
60,2,524288,separate,-1.8283947872709652,-1.8033351294516056,0.025059657819359593
60,2,524288,exact,0.20361760865812178,0.20361760865812178,0.0
60,4,128,joint,,,
60,4,128,pair_coarse,,,
60,4,128,separate,,,
60,4,128,exact,,,
60,4,512,joint,-65.91429897907966,-49.76731554418971,16.146983434889954
60,4,512,pair_coarse,,,
60,4,512,separate,,,
60,4,512,exact,-43.47282116336935,-33.50718428626791,9.965636877101446
60,4,2048,joint,-6.26421200840883,-4.585430993111987,1.6787810152968428
60,4,2048,pair_coarse,-10.681015890260845,-6.749938336806477,3.931077553454368
60,4,2048,separate,-16.361562317356746,-12.430484763902378,3.9310775534543687
60,4,2048,exact,-5.05866598291364,-3.7414706832207263,1.3171952996929135
60,4,8192,joint,-2.0438550376300983,-1.452219786588998,0.5916352510411003
60,4,8192,pair_coarse,-3.127749044388545,-1.8979785742345088,1.2297704701540362
60,4,8192,separate,-6.0638590961448,-4.834088625990762,1.2297704701540377
60,4,8192,exact,-1.5594527822310371,-1.08392419183753,0.47552859039350714
60,4,32768,joint,-0.8083308727396729,-0.5498488713100369,0.25848200142963595
60,4,32768,pair_coarse,-1.2244828386556625,-0.7054719198700224,0.5190109187856401
60,4,32768,separate,-3.4450204000997515,-2.926009481314111,0.5190109187856407
60,4,32768,exact,-0.5042944203875033,-0.2949648024613522,0.20932961792615107
60,4,131072,joint,-0.31525070446793846,-0.1935032523669402,0.12174745210099827
60,4,131072,pair_coarse,-0.5007103885022195,-0.2595196235764271,0.2411907649257924
60,4,131072,separate,-2.447780835812109,-2.2065900708863166,0.2411907649257925
60,4,131072,exact,-0.07883173426176057,0.02006269354389714,0.09889442780565771
60,4,524288,joint,-0.0931019588080309,-0.033916380348802,0.05918557845922891
60,4,524288,pair_coarse,-0.18098160747858894,-0.06442387950113408,0.11655772797745485
60,4,524288,separate,-2.0074558358600862,-1.8908981078826312,0.116557727977455
60,4,524288,exact,0.11369904604474025,0.16183989048019903,0.04814084443545878
61,1,128,joint,-31.1622937761867,-31.162293776186704,-3.552713678800501e-15
61,1,128,pair_coarse,,,
61,1,128,separate,,,
61,1,128,exact,-25.579687147968542,-25.57968714796854,3.552713678800501e-15
61,1,512,joint,-3.0560990293121844,-3.056099029312185,-4.440892098500626e-16
61,1,512,pair_coarse,-5.700046484624952,-5.700046484624952,0.0
61,1,512,separate,-11.719817205273902,-11.719817205273902,0.0
61,1,512,exact,-2.678741367873224,-2.678741367873224,0.0
61,1,2048,joint,-0.8668050498874619,-0.8668050498874619,0.0
61,1,2048,pair_coarse,-1.498251738723918,-1.4982517387239183,-2.220446049250313e-16
61,1,2048,separate,-4.6096970105833215,-4.609697010583321,8.881784197001252e-16
61,1,2048,exact,-0.6990081427298556,-0.6990081427298555,1.1102230246251565e-16
61,1,8192,joint,-0.23964808214608213,-0.2396480821460821,2.7755575615628914e-17
61,1,8192,pair_coarse,-0.4779530042304467,-0.4779530042304467,0.0
61,1,8192,separate,-2.831094056422515,-2.831094056422515,0.0
61,1,8192,exact,-0.12538989773884948,-0.12538989773884948,0.0
61,1,32768,joint,0.006095509659728271,0.006095509659728276,5.204170427930421e-18
61,1,32768,pair_coarse,-0.09911385848341847,-0.09911385848341847,0.0
61,1,32768,separate,-2.162457204089887,-2.162457204089887,0.0
61,1,32768,exact,0.10019110568720252,0.10019110568720252,0.0
61,1,131072,joint,0.11558824842931857,0.11558824842931857,0.0
61,1,131072,pair_coarse,0.06597796155764055,0.06597796155764055,0.0
61,1,131072,separate,-1.8695675397669274,-1.8695675397669271,2.220446049250313e-16
61,1,131072,exact,0.2008474854228007,0.20084748542280065,-5.551115123125783e-17
61,1,524288,joint,0.16734436194541313,0.16734436194541313,0.0
61,1,524288,pair_coarse,0.14323480836047503,0.14323480836047503,0.0
61,1,524288,separate,-1.732194845367748,-1.7321948453677483,-2.220446049250313e-16
61,1,524288,exact,0.24845801474642418,0.24845801474642418,0.0
61,2,128,joint,,,
61,2,128,pair_coarse,,,
61,2,128,separate,,,
61,2,128,exact,,,
61,2,512,joint,-9.269279393469416,-9.269279393469416,0.0
61,2,512,pair_coarse,-21.869306720101655,-18.611596092618683,3.2577106274829717
61,2,512,separate,-34.931929603295465,-31.674218975812497,3.257710627482968
61,2,512,exact,-8.25880707891356,-8.25880707891356,0.0
61,2,2048,joint,-2.1772376704480707,-2.1772376704480707,0.0
61,2,2048,pair_coarse,-3.7575309085237736,-3.1251674552865256,0.632363453237248
61,2,2048,separate,-7.763863022749188,-7.1314995695119405,0.6323634532372475
61,2,2048,exact,-1.914204677456502,-1.914204677456502,0.0
61,2,8192,joint,-0.7193589402693985,-0.7193589402693984,1.1102230246251565e-16
61,2,8192,pair_coarse,-1.2354270969330423,-0.9946484672927344,0.24077862964030794
61,2,8192,separate,-3.86956114468388,-3.6287825150435715,0.2407786296403085
61,2,8192,exact,-0.5741047229994565,-0.5741047229994565,0.0
61,2,32768,joint,-0.2033557114292836,-0.20335571142928358,2.7755575615628914e-17
61,2,32768,pair_coarse,-0.41971093935849085,-0.3118587605858972,0.10785217877259368
61,2,32768,separate,-2.597199374480363,-2.4893471957077695,0.10785217877259345
61,2,32768,exact,-0.09639445786808737,-0.09639445786808734,2.7755575615628914e-17
61,2,131072,joint,0.017288252588838898,0.017288252588838874,-2.42861286636753e-17
61,2,131072,pair_coarse,-0.08253675722711212,-0.031221453176509425,0.051315304050602695
61,2,131072,separate,-2.069756034629053,-2.0184407305784497,0.05131530405060314
61,2,131072,exact,0.1084454976311001,0.10844549763110005,-5.551115123125783e-17
61,2,524288,joint,0.119675989746158,0.11967598974615802,1.3877787807814457e-17
61,2,524288,pair_coarse,0.07164278086751602,0.09670243868687588,0.025059657819359857
61,2,524288,separate,-1.8283947872709652,-1.8033351294516056,0.025059657819359593
61,2,524288,exact,0.20361760865812178,0.20361760865812178,0.0
61,4,128,joint,,,
61,4,128,pair_coarse,,,
61,4,128,separate,,,
61,4,128,exact,,,
61,4,512,joint,-52.207028794068826,-39.82837138237987,12.378657411688955
61,4,512,pair_coarse,,,
61,4,512,separate,,,
61,4,512,exact,-43.47282116336935,-33.50718428626791,9.965636877101446
61,4,2048,joint,-5.583963716123266,-4.1063512044957395,1.4776125116275267
61,4,2048,pair_coarse,-10.341791596707797,-6.410714043253429,3.931077553454368
61,4,2048,separate,-16.361562317356746,-12.430484763902378,3.9310775534543687
61,4,2048,exact,-5.05866598291364,-3.7414706832207263,1.3171952996929135
61,4,8192,joint,-1.7707760295376744,-1.2431463960217233,0.5276296335159512
61,4,8192,pair_coarse,-2.9524138242853954,-1.7226433541313588,1.2297704701540366
61,4,8192,separate,-6.0638590961448,-4.834088625990762,1.2297704701540377
61,4,8192,exact,-1.5594527822310371,-1.08392419183753,0.47552859039350714
61,4,32768,joint,-0.6363465754734232,-0.4048830377690444,0.23146353770437883
61,4,32768,pair_coarse,-1.0918793479076832,-0.5728684291220429,0.5190109187856402
61,4,32768,separate,-3.4450204000997515,-2.926009481314111,0.5190109187856407
61,4,32768,exact,-0.5042944203875033,-0.2949648024613522,0.20932961792615107
61,4,131072,joint,-0.18107483409134634,-0.07187510012247744,0.1091997339688689
61,4,131072,pair_coarse,-0.38443749020564083,-0.14324672527984836,0.24119076492579247
61,4,131072,separate,-2.447780835812109,-2.2065900708863166,0.2411907649257925
61,4,131072,exact,-0.07883173426176057,0.02006269354389714,0.09889442780565771
61,4,524288,joint,0.024530090324731704,0.07765449984591877,0.05312440952118706
61,4,524288,pair_coarse,-0.07191033453551815,0.04464739344193673,0.11655772797745488
61,4,524288,separate,-2.0074558358600862,-1.8908981078826312,0.116557727977455
61,4,524288,exact,0.11369904604474025,0.16183989048019903,0.04814084443545878
62,1,128,joint,-28.092527228782362,-28.092527228782362,0.0
62,1,128,pair_coarse,,,
62,1,128,separate,,,
62,1,128,exact,-25.579687147968542,-25.57968714796854,3.552713678800501e-15
62,1,512,joint,-2.85588552054084,-2.85588552054084,0.0
62,1,512,pair_coarse,-5.564339762771601,-5.564339762771601,0.0
62,1,512,separate,-11.719817205273902,-11.719817205273902,0.0
62,1,512,exact,-2.678741367873224,-2.678741367873224,0.0
62,1,2048,joint,-0.7778643613785289,-0.7778643613785288,1.1102230246251565e-16
62,1,2048,pair_coarse,-1.428108861583802,-1.428108861583802,0.0
62,1,2048,separate,-4.6096970105833215,-4.609697010583321,8.881784197001252e-16
62,1,2048,exact,-0.6990081427298556,-0.6990081427298555,1.1102230246251565e-16
62,1,8192,joint,-0.17904650585903875,-0.17904650585903878,-2.7755575615628914e-17
62,1,8192,pair_coarse,-0.4249049608629238,-0.42490496086292384,-5.551115123125783e-17
62,1,8192,separate,-2.831094056422515,-2.831094056422515,0.0
62,1,8192,exact,-0.12538989773884948,-0.12538989773884948,0.0
62,1,32768,joint,0.056035119713626624,0.05603511971362662,-6.938893903907228e-18
62,1,32768,pair_coarse,-0.05259887070660946,-0.05259887070660943,2.7755575615628914e-17
62,1,32768,separate,-2.162457204089887,-2.162457204089887,0.0
62,1,32768,exact,0.10019110568720252,0.10019110568720252,0.0
62,1,131072,joint,0.160857137837089,0.160857137837089,0.0
62,1,131072,pair_coarse,0.10961193819428569,0.10961193819428569,0.0
62,1,131072,separate,-1.8695675397669274,-1.8695675397669271,2.220446049250313e-16
62,1,131072,exact,0.2008474854228007,0.20084748542280065,-5.551115123125783e-17
62,1,524288,joint,0.2104224046604961,0.2104224046604961,0.0
62,1,524288,pair_coarse,0.18551356318098833,0.18551356318098833,0.0
62,1,524288,separate,-1.732194845367748,-1.7321948453677483,-2.220446049250313e-16
62,1,524288,exact,0.24845801474642418,0.24845801474642418,0.0
62,2,128,joint,,,
62,2,128,pair_coarse,,,
62,2,128,separate,,,
62,2,128,exact,,,
62,2,512,joint,-8.73172333581751,-8.73172333581751,0.0
62,2,512,pair_coarse,-21.57482943640642,-18.317118808923453,3.257710627482968
62,2,512,separate,-34.931929603295465,-31.674218975812497,3.257710627482968
62,2,512,exact,-8.25880707891356,-8.25880707891356,0.0
62,2,2048,joint,-2.038055152507977,-2.038055152507977,0.0
62,2,2048,pair_coarse,-3.667214146788582,-3.034850693551334,0.632363453237248
62,2,2048,separate,-7.763863022749188,-7.1314995695119405,0.6323634532372475
62,2,2048,exact,-1.914204677456502,-1.914204677456502,0.0
62,2,8192,joint,-0.642448001591815,-0.6424480015918153,-2.220446049250313e-16
62,2,8192,pair_coarse,-1.1760444870079874,-0.9352658573676794,0.24077862964030794
62,2,8192,separate,-3.86956114468388,-3.6287825150435715,0.2407786296403085
62,2,8192,exact,-0.5741047229994565,-0.5741047229994565,0.0
62,2,32768,joint,-0.14665370520359872,-0.14665370520359872,0.0
62,2,32768,pair_coarse,-0.3706227213653452,-0.2627705425927515,0.10785217877259368
62,2,32768,separate,-2.597199374480363,-2.4893471957077695,0.10785217877259345
62,2,32768,exact,-0.09639445786808737,-0.09639445786808734,2.7755575615628914e-17
62,2,131072,joint,0.06565571088016908,0.06565571088016908,0.0
62,2,131072,pair_coarse,-0.03773787264252959,0.01357743140807311,0.0513153040506027
62,2,131072,separate,-2.069756034629053,-2.0184407305784497,0.05131530405060314
62,2,131072,exact,0.1084454976311001,0.10844549763110005,-5.551115123125783e-17
62,2,524288,joint,0.16423937799777497,0.1642393779977749,-5.551115123125783e-17
62,2,524288,pair_coarse,0.11447628429079731,0.13953594211015719,0.02505965781935987
62,2,524288,separate,-1.8283947872709652,-1.8033351294516056,0.025059657819359593
62,2,524288,exact,0.20361760865812178,0.20361760865812178,0.0
62,4,128,joint,,,
62,4,128,pair_coarse,,,
62,4,128,separate,,,
62,4,128,exact,,,
62,4,512,joint,-47.41301109672737,-36.35786091213298,11.055150184594389
62,4,512,pair_coarse,,,
62,4,512,separate,,,
62,4,512,exact,-43.47282116336935,-33.50718428626791,9.965636877101446
62,4,2048,joint,-5.306261636547441,-3.912938820240438,1.3933228163070028
62,4,2048,pair_coarse,-10.206084874854444,-6.275007321400078,3.931077553454366
62,4,2048,separate,-16.361562317356746,-12.430484763902378,3.9310775534543687
62,4,2048,exact,-5.05866598291364,-3.7414706832207263,1.3171952996929135
62,4,8192,joint,-1.6591355604498919,-1.158760224478373,0.5003753359715188
62,4,8192,pair_coarse,-2.8822709471452796,-1.652500476991243,1.2297704701540366
62,4,8192,separate,-6.0638590961448,-4.834088625990762,1.2297704701540377
62,4,8192,exact,-1.5594527822310371,-1.08392419183753,0.47552859039350714
62,4,32768,joint,-0.5664774242568442,-0.34657609264502043,0.2199013316118238
62,4,32768,pair_coarse,-1.0388313045401603,-0.5198203857545202,0.5190109187856401
62,4,32768,separate,-3.4450204000997515,-2.926009481314111,0.5190109187856407
62,4,32768,exact,-0.5042944203875033,-0.2949648024613522,0.20932961792615107
62,4,131072,joint,-0.1268939894962332,-0.02307449742326158,0.10381949207297163
62,4,131072,pair_coarse,-0.33792250242883176,-0.0967317375030393,0.24119076492579244
62,4,131072,separate,-2.447780835812109,-2.2065900708863166,0.2411907649257925
62,4,131072,exact,-0.07883173426176057,0.02006269354389714,0.09889442780565771
62,4,524288,joint,0.07183374408876446,0.12235695431972293,0.050523210230958474
62,4,524288,pair_coarse,-0.02827635789887295,0.0882813700785819,0.11655772797745485
62,4,524288,separate,-2.0074558358600862,-1.8908981078826312,0.116557727977455
62,4,524288,exact,0.11369904604474025,0.16183989048019903,0.04814084443545878
63,1,128,joint,-26.78366848153564,-26.783668481535642,-3.552713678800501e-15
63,1,128,pair_coarse,,,
63,1,128,separate,,,
63,1,128,exact,-25.579687147968542,-25.57968714796854,3.552713678800501e-15
63,1,512,joint,-2.7653196846975123,-2.7653196846975123,0.0
63,1,512,pair_coarse,-5.50318026514385,-5.50318026514385,0.0
63,1,512,separate,-11.719817205273902,-11.719817205273902,0.0
63,1,512,exact,-2.678741367873224,-2.678741367873224,0.0
63,1,2048,joint,-0.7375953038067199,-0.7375953038067198,1.1102230246251565e-16
63,1,2048,pair_coarse,-1.3964972872309092,-1.3964972872309092,0.0
63,1,2048,separate,-4.6096970105833215,-4.609697010583321,8.881784197001252e-16
63,1,2048,exact,-0.6990081427298556,-0.6990081427298555,1.1102230246251565e-16
63,1,8192,joint,-0.15164919908831379,-0.15164919908831376,2.7755575615628914e-17
63,1,8192,pair_coarse,-0.40099758443982475,-0.40099758443982475,0.0
63,1,8192,separate,-2.831094056422515,-2.831094056422515,0.0
63,1,8192,exact,-0.12538989773884948,-0.12538989773884948,0.0
63,1,32768,joint,0.07858254537072537,0.07858254537072534,-2.7755575615628914e-17
63,1,32768,pair_coarse,-0.03163577288994529,-0.031635772889945235,5.551115123125783e-17
63,1,32768,separate,-2.162457204089887,-2.162457204089887,0.0
63,1,32768,exact,0.10019110568720252,0.10019110568720252,0.0
63,1,131072,joint,0.18127864345847822,0.18127864345847822,0.0
63,1,131072,pair_coarse,0.12927663905915568,0.12927663905915568,0.0
63,1,131072,separate,-1.8695675397669274,-1.8695675397669271,2.220446049250313e-16
63,1,131072,exact,0.2008474854228007,0.20084748542280065,-5.551115123125783e-17
63,1,524288,joint,0.22984643870911825,0.22984643870911825,0.0
63,1,524288,pair_coarse,0.20456750074455063,0.2045675007445506,-2.7755575615628914e-17
63,1,524288,separate,-1.732194845367748,-1.7321948453677483,-2.220446049250313e-16
63,1,524288,exact,0.24845801474642418,0.24845801474642418,0.0
63,2,128,joint,,,
63,2,128,pair_coarse,,,
63,2,128,separate,,,
63,2,128,exact,,,
63,2,512,joint,-8.489457937222202,-8.489457937222204,-1.7763568394002505e-15
63,2,512,pair_coarse,-21.442116167029482,-18.184405539546514,3.257710627482968
63,2,512,separate,-34.931929603295465,-31.674218975812497,3.257710627482968
63,2,512,exact,-8.25880707891356,-8.25880707891356,0.0
63,2,2048,joint,-1.9748281411106388,-1.9748281411106388,0.0
63,2,2048,pair_coarse,-3.62651072620888,-2.994147272971632,0.632363453237248
63,2,2048,separate,-7.763863022749188,-7.1314995695119405,0.6323634532372475
63,2,2048,exact,-1.914204677456502,-1.914204677456502,0.0
63,2,8192,joint,-0.6075672079385994,-0.6075672079385994,0.0
63,2,8192,pair_coarse,-1.149282285834447,-0.908503656194139,0.24077862964030794
63,2,8192,separate,-3.86956114468388,-3.6287825150435715,0.2407786296403085
63,2,8192,exact,-0.5741047229994565,-0.5741047229994565,0.0
63,2,32768,joint,-0.12099812415846217,-0.12099812415846217,0.0
63,2,32768,pair_coarse,-0.3484999354716101,-0.24064775669901645,0.10785217877259368
63,2,32768,separate,-2.597199374480363,-2.4893471957077695,0.10785217877259345
63,2,32768,exact,-0.09639445786808737,-0.09639445786808734,2.7755575615628914e-17
63,2,131072,joint,0.08750250437329685,0.08750250437329685,0.0
63,2,131072,pair_coarse,-0.017548177997650627,0.033767126052952075,0.0513153040506027
63,2,131072,separate,-2.069756034629053,-2.0184407305784497,0.05131530405060314
63,2,131072,exact,0.1084454976311001,0.10844549763110005,-5.551115123125783e-17
63,2,524288,joint,0.18434690278015198,0.18434690278015198,0.0
63,2,524288,pair_coarse,0.13378023265258412,0.15883989047194397,0.025059657819359843
63,2,524288,separate,-1.8283947872709652,-1.8033351294516056,0.025059657819359593
63,2,524288,exact,0.20361760865812178,0.20361760865812178,0.0
63,4,128,joint,,,
63,4,128,pair_coarse,,,
63,4,128,separate,,,
63,4,128,exact,,,
63,4,512,joint,-45.36216152493216,-34.87413632840735,10.48802519652481
63,4,512,pair_coarse,,,
63,4,512,separate,,,
63,4,512,exact,-43.47282116336935,-33.50718428626791,9.965636877101446
63,4,2048,joint,-5.17984099283101,-3.8253235674244843,1.3545174254065255
63,4,2048,pair_coarse,-10.144925377226695,-6.213847823772327,3.931077553454368
63,4,2048,separate,-16.361562317356746,-12.430484763902378,3.9310775534543687
63,4,2048,exact,-5.05866598291364,-3.7414706832207263,1.3171952996929135
63,4,8192,joint,-1.6082899255770258,-1.1205521016615203,0.48773782391550546
63,4,8192,pair_coarse,-2.8506593727923866,-1.62088890263835,1.2297704701540366
63,4,8192,separate,-6.0638590961448,-4.834088625990762,1.2297704701540377
63,4,8192,exact,-1.5594527822310371,-1.08392419183753,0.47552859039350714
63,4,32768,joint,-0.534752906379375,-0.3202248207510193,0.21452808562835568
63,4,32768,pair_coarse,-1.0149239281170612,-0.495913009331421,0.5190109187856402
63,4,32768,separate,-3.4450204000997515,-2.926009481314111,0.5190109187856407
63,4,32768,exact,-0.5042944203875033,-0.2949648024613522,0.20932961792615107
63,4,131072,joint,-0.10236461175643202,-0.0010476729838547563,0.10131693877257726
63,4,131072,pair_coarse,-0.3169594046121676,-0.07576863968637511,0.2411907649257925
63,4,131072,separate,-2.447780835812109,-2.2065900708863166,0.2411907649257925
63,4,131072,exact,-0.07883173426176057,0.02006269354389714,0.09889442780565771
63,4,524288,joint,0.09320645136850918,0.1425192682724813,0.049312816903972115
63,4,524288,pair_coarse,-0.008611657034002962,0.10794607094345189,0.11655772797745485
63,4,524288,separate,-2.0074558358600862,-1.8908981078826312,0.116557727977455
63,4,524288,exact,0.11369904604474025,0.16183989048019903,0.04814084443545878
64,1,128,joint,-26.176615514325192,-26.176615514325192,0.0
64,1,128,pair_coarse,,,
64,1,128,separate,,,
64,1,128,exact,-25.579687147968542,-25.57968714796854,3.552713678800501e-15
64,1,512,joint,-2.7221793854120193,-2.7221793854120193,0.0
64,1,512,pair_coarse,-5.474108341027692,-5.474108341027692,0.0
64,1,512,separate,-11.719817205273902,-11.719817205273902,0.0
64,1,512,exact,-2.678741367873224,-2.678741367873224,0.0
64,1,2048,joint,-0.7184073447573225,-0.7184073447573225,0.0
64,1,2048,pair_coarse,-1.381470851003895,-1.381470851003895,0.0
64,1,2048,separate,-4.6096970105833215,-4.609697010583321,8.881784197001252e-16
64,1,2048,exact,-0.6990081427298556,-0.6990081427298555,1.1102230246251565e-16
64,1,8192,joint,-0.1386049001855781,-0.13860490018557808,2.7755575615628914e-17
64,1,8192,pair_coarse,-0.3896333080780549,-0.38963330807805485,5.551115123125783e-17
64,1,8192,separate,-2.831094056422515,-2.831094056422515,0.0
64,1,8192,exact,-0.12538989773884948,-0.12538989773884948,0.0
64,1,32768,joint,0.08931040909222825,0.08931040909222822,-2.7755575615628914e-17
64,1,32768,pair_coarse,-0.021671047661575515,-0.02167104766157546,5.551115123125783e-17
64,1,32768,separate,-2.162457204089887,-2.162457204089887,0.0
64,1,32768,exact,0.10019110568720252,0.10019110568720252,0.0
64,1,131072,joint,0.1909908171361152,0.19099081713611518,-2.7755575615628914e-17
64,1,131072,pair_coarse,0.13862417645702754,0.13862417645702754,0.0
64,1,131072,separate,-1.8695675397669274,-1.8695675397669271,2.220446049250313e-16
64,1,131072,exact,0.2008474854228007,0.20084748542280065,-5.551115123125783e-17
64,1,524288,joint,0.23908199148089454,0.23908199148089454,0.0
64,1,524288,pair_coarse,0.2136247142346523,0.2136247142346523,0.0
64,1,524288,separate,-1.732194845367748,-1.7321948453677483,-2.220446049250313e-16
64,1,524288,exact,0.24845801474642418,0.24845801474642418,0.0
64,2,128,joint,,,
64,2,128,pair_coarse,,,
64,2,128,separate,,,
64,2,128,exact,,,
64,2,512,joint,-8.374242298608852,-8.374242298608854,-1.7763568394002505e-15
64,2,512,pair_coarse,-21.379031441906054,-18.121320814423083,3.2577106274829717
64,2,512,separate,-34.931929603295465,-31.674218975812497,3.257710627482968
64,2,512,exact,-8.25880707891356,-8.25880707891356,0.0
64,2,2048,joint,-1.9446501370705709,-1.9446501370705707,2.220446049250313e-16
64,2,2048,pair_coarse,-3.6071625170139066,-2.9747990637766586,0.632363453237248
64,2,2048,separate,-7.763863022749188,-7.1314995695119405,0.6323634532372475
64,2,2048,exact,-1.914204677456502,-1.914204677456502,0.0
64,2,8192,joint,-0.5909335148734699,-0.5909335148734699,0.0
64,2,8192,pair_coarse,-1.136560979874185,-0.895782350233877,0.24077862964030794
64,2,8192,separate,-3.86956114468388,-3.6287825150435715,0.2407786296403085
64,2,8192,exact,-0.5741047229994565,-0.5741047229994565,0.0
64,2,32768,joint,-0.10877826401862525,-0.1087782640186253,-4.163336342344337e-17
64,2,32768,pair_coarse,-0.33798395712503754,-0.2301317783524438,0.10785217877259373
64,2,32768,separate,-2.597199374480363,-2.4893471957077695,0.10785217877259345
64,2,32768,exact,-0.09639445786808737,-0.09639445786808734,2.7755575615628914e-17
64,2,131072,joint,0.09789910677848462,0.09789910677848465,2.7755575615628914e-17
64,2,131072,pair_coarse,-0.007951086893063009,0.04336421715753964,0.051315304050602646
64,2,131072,separate,-2.069756034629053,-2.0184407305784497,0.05131530405060314
64,2,131072,exact,0.1084454976311001,0.10844549763110005,-5.551115123125783e-17
64,2,524288,joint,0.19391072898027525,0.19391072898027525,0.0
64,2,524288,pair_coarse,0.14295628778194258,0.16801594560130245,0.02505965781935987
64,2,524288,separate,-1.8283947872709652,-1.8033351294516056,0.025059657819359593
64,2,524288,exact,0.20361760865812178,0.20361760865812178,0.0
64,4,128,joint,,,
64,4,128,pair_coarse,,,
64,4,128,separate,,,
64,4,128,exact,,,
64,4,512,joint,-44.409430129986795,-34.18506650123455,10.224363628752243
64,4,512,pair_coarse,,,
64,4,512,separate,,,
64,4,512,exact,-43.47282116336935,-33.50718428626791,9.965636877101446
64,4,2048,joint,-5.119434632495507,-3.7835585468066597,1.335876085688847
64,4,2048,pair_coarse,-10.115853453110535,-6.184775899656168,3.931077553454367
64,4,2048,separate,-16.361562317356746,-12.430484763902378,3.9310775534543687
64,4,2048,exact,-5.05866598291364,-3.7414706832207263,1.3171952996929135
64,4,8192,joint,-1.583992036935303,-1.1023456131724754,0.48164642376282774
64,4,8192,pair_coarse,-2.8356329365653727,-1.6058624664113361,1.2297704701540366
64,4,8192,separate,-6.0638590961448,-4.834088625990762,1.2297704701540377
64,4,8192,exact,-1.5594527822310371,-1.08392419183753,0.47552859039350714
64,4,32768,joint,-0.519615875989961,-0.3076804928843633,0.21193538310559767
64,4,32768,pair_coarse,-1.0035596517552912,-0.4845487329696511,0.51901091878564
64,4,32768,separate,-3.4450204000997515,-2.926009481314111,0.5190109187856407
64,4,32768,exact,-0.5042944203875033,-0.2949648024613522,0.20932961792615107
64,4,131072,joint,-0.0906778574235646,0.00943103745902583,0.10010889488259044
64,4,131072,pair_coarse,-0.3069946793837978,-0.06580391445800533,0.2411907649257925
64,4,131072,separate,-2.447780835812109,-2.2065900708863166,0.2411907649257925
64,4,131072,exact,-0.07883173426176057,0.02006269354389714,0.09889442780565771
64,4,524288,joint,0.10337890647458454,0.1521073270303506,0.04872842055576605
64,4,524288,pair_coarse,0.0007358803638689015,0.11729360834132375,0.11655772797745485
64,4,524288,separate,-2.0074558358600862,-1.8908981078826312,0.116557727977455
64,4,524288,exact,0.11369904604474025,0.16183989048019903,0.04814084443545878
65,1,128,joint,,,
65,1,128,pair_coarse,,,
65,1,128,separate,,,
65,1,128,exact,-25.579687147968542,-25.57968714796854,3.552713678800501e-15
65,1,512,joint,-11.310568871604813,-11.310568871604813,0.0
65,1,512,pair_coarse,-11.310568871604813,-11.310568871604813,0.0
65,1,512,separate,-11.719817205273902,-11.719817205273902,0.0
65,1,512,exact,-2.678741367873224,-2.678741367873224,0.0
65,1,2048,joint,-4.398168390657121,-4.39816839065712,8.881784197001252e-16
65,1,2048,pair_coarse,-4.398168390657121,-4.39816839065712,8.881784197001252e-16
65,1,2048,separate,-4.6096970105833215,-4.609697010583321,8.881784197001252e-16
65,1,2048,exact,-0.6990081427298556,-0.6990081427298555,1.1102230246251565e-16
65,1,8192,joint,-2.671118020924254,-2.671118020924254,0.0
65,1,8192,pair_coarse,-2.671118020924254,-2.671118020924254,0.0
65,1,8192,separate,-2.831094056422515,-2.831094056422515,0.0
65,1,8192,exact,-0.12538989773884948,-0.12538989773884948,0.0
65,1,32768,joint,-2.0221827874779508,-2.0221827874779508,0.0
65,1,32768,pair_coarse,-2.0221827874779508,-2.0221827874779508,0.0
65,1,32768,separate,-2.162457204089887,-2.162457204089887,0.0
65,1,32768,exact,0.10019110568720252,0.10019110568720252,0.0
65,1,131072,joint,-1.7379813369169315,-1.7379813369169317,-2.220446049250313e-16
65,1,131072,pair_coarse,-1.7379813369169315,-1.7379813369169317,-2.220446049250313e-16
65,1,131072,separate,-1.8695675397669274,-1.8695675397669271,2.220446049250313e-16
65,1,131072,exact,0.2008474854228007,0.20084748542280065,-5.551115123125783e-17
65,1,524288,joint,-1.60469556070743,-1.60469556070743,0.0
65,1,524288,pair_coarse,-1.60469556070743,-1.60469556070743,0.0
65,1,524288,separate,-1.732194845367748,-1.7321948453677483,-2.220446049250313e-16
65,1,524288,exact,0.24845801474642418,0.24845801474642418,0.0
65,2,128,joint,,,
65,2,128,pair_coarse,,,
65,2,128,separate,,,
65,2,128,exact,,,
65,2,512,joint,-34.04387972625323,-30.78616909877026,3.2577106274829717
65,2,512,pair_coarse,-34.04387972625323,-30.78616909877026,3.2577106274829717
65,2,512,separate,-34.931929603295465,-31.674218975812497,3.257710627482968
65,2,512,exact,-8.25880707891356,-8.25880707891356,0.0
65,2,2048,joint,-7.49149637990553,-6.8591329266682814,0.6323634532372484
65,2,2048,pair_coarse,-7.49149637990553,-6.8591329266682814,0.6323634532372484
65,2,2048,separate,-7.763863022749188,-7.1314995695119405,0.6323634532372475
65,2,2048,exact,-1.914204677456502,-1.914204677456502,0.0
65,2,8192,joint,-3.690482070126232,-3.4497034404859237,0.2407786296403085
65,2,8192,pair_coarse,-3.690482070126232,-3.4497034404859237,0.2407786296403085
65,2,8192,separate,-3.86956114468388,-3.6287825150435715,0.2407786296403085
65,2,8192,exact,-0.5741047229994565,-0.5741047229994565,0.0
65,2,32768,joint,-2.4491649135331084,-2.341312734760515,0.10785217877259345
65,2,32768,pair_coarse,-2.4491649135331084,-2.341312734760515,0.10785217877259345
65,2,32768,separate,-2.597199374480363,-2.4893471957077695,0.10785217877259345
65,2,32768,exact,-0.09639445786808737,-0.09639445786808734,2.7755575615628914e-17
65,2,131072,joint,-1.9346568397174966,-1.8833415356668939,0.051315304050602695
65,2,131072,pair_coarse,-1.9346568397174966,-1.8833415356668939,0.051315304050602695
65,2,131072,separate,-2.069756034629053,-2.0184407305784497,0.05131530405060314
65,2,131072,exact,0.1084454976311001,0.10844549763110005,-5.551115123125783e-17
65,2,524288,joint,-1.6992225571722228,-1.6741628993528632,0.025059657819359593
65,2,524288,pair_coarse,-1.6992225571722228,-1.6741628993528632,0.025059657819359593
65,2,524288,separate,-1.8283947872709652,-1.8033351294516056,0.025059657819359593
65,2,524288,exact,0.20361760865812178,0.20361760865812178,0.0
65,4,128,joint,,,
65,4,128,pair_coarse,,,
65,4,128,separate,,,
65,4,128,exact,,,
65,4,512,joint,,,
65,4,512,pair_coarse,,,
65,4,512,separate,,,
65,4,512,exact,-43.47282116336935,-33.50718428626791,9.965636877101446
65,4,2048,joint,-15.95231398368766,-12.021236430233289,3.9310775534543705
65,4,2048,pair_coarse,-15.95231398368766,-12.021236430233289,3.9310775534543705
65,4,2048,separate,-16.361562317356746,-12.430484763902378,3.9310775534543687
65,4,2048,exact,-5.05866598291364,-3.7414706832207263,1.3171952996929135
65,4,8192,joint,-5.852330476218599,-4.622560006064561,1.2297704701540377
65,4,8192,pair_coarse,-5.852330476218599,-4.622560006064561,1.2297704701540377
65,4,8192,separate,-6.0638590961448,-4.834088625990762,1.2297704701540377
65,4,8192,exact,-1.5594527822310371,-1.08392419183753,0.47552859039350714
65,4,32768,joint,-3.285044364601491,-2.76603344581585,0.5190109187856407
65,4,32768,pair_coarse,-3.285044364601491,-2.76603344581585,0.5190109187856407
65,4,32768,separate,-3.4450204000997515,-2.926009481314111,0.5190109187856407
65,4,32768,exact,-0.5042944203875033,-0.2949648024613522,0.20932961792615107
65,4,131072,joint,-2.307506419200173,-2.066315654274381,0.24119076492579206
65,4,131072,pair_coarse,-2.307506419200173,-2.066315654274381,0.24119076492579206
65,4,131072,separate,-2.447780835812109,-2.2065900708863166,0.2411907649257925
65,4,131072,exact,-0.07883173426176057,0.02006269354389714,0.09889442780565771
65,4,524288,joint,-1.8758696330100901,-1.7593119050326356,0.11655772797745456
65,4,524288,pair_coarse,-1.8758696330100901,-1.7593119050326356,0.11655772797745456
65,4,524288,separate,-2.0074558358600862,-1.8908981078826312,0.116557727977455
65,4,524288,exact,0.11369904604474025,0.16183989048019903,0.04814084443545878
66,1,128,joint,-89.32943071453451,-89.32943071453452,-1.4210854715202004e-14
66,1,128,pair_coarse,,,
66,1,128,separate,,,
66,1,128,exact,-25.579687147968542,-25.57968714796854,3.552713678800501e-15
66,1,512,joint,-5.19826209448378,-5.1982620944837805,-8.881784197001252e-16
66,1,512,pair_coarse,-7.181716324925635,-7.181716324925634,8.881784197001252e-16
66,1,512,separate,-11.719817205273902,-11.719817205273902,0.0
66,1,512,exact,-2.678741367873224,-2.678741367873224,0.0
66,1,2048,joint,-1.8119527850595882,-1.8119527850595882,0.0
66,1,2048,pair_coarse,-2.264083999286036,-2.264083999286036,0.0
66,1,2048,separate,-4.6096970105833215,-4.609697010583321,8.881784197001252e-16
66,1,2048,exact,-0.6990081427298556,-0.6990081427298555,1.1102230246251565e-16
66,1,8192,joint,-0.8893173456709174,-0.8893173456709174,0.0
66,1,8192,pair_coarse,-1.0571408651645484,-1.0571408651645482,2.220446049250313e-16
66,1,8192,separate,-2.831094056422515,-2.831094056422515,0.0
66,1,8192,exact,-0.12538989773884948,-0.12538989773884948,0.0
66,1,32768,joint,-0.5334273726235415,-0.5334273726235416,-1.1102230246251565e-16
66,1,32768,pair_coarse,-0.6069726702623224,-0.6069726702623223,1.1102230246251565e-16
66,1,32768,separate,-2.162457204089887,-2.162457204089887,0.0
66,1,32768,exact,0.10019110568720252,0.10019110568720252,0.0
66,1,131072,joint,-0.3758684406336076,-0.3758684406336075,5.551115123125783e-17
66,1,131072,pair_coarse,-0.4104254642414594,-0.41042546424145937,5.551115123125783e-17
66,1,131072,separate,-1.8695675397669274,-1.8695675397669271,2.220446049250313e-16
66,1,131072,exact,0.2008474854228007,0.20084748542280065,-5.551115123125783e-17
66,1,524288,joint,-0.3016071201349426,-0.3016071201349426,0.0
66,1,524288,pair_coarse,-0.3183720674633771,-0.3183720674633771,0.0
66,1,524288,separate,-1.732194845367748,-1.7321948453677483,-2.220446049250313e-16
66,1,524288,exact,0.24845801474642418,0.24845801474642418,0.0
66,2,128,joint,,,
66,2,128,pair_coarse,,,
66,2,128,separate,,,
66,2,128,exact,,,
66,2,512,joint,-15.180361316033345,-14.335095605213512,0.8452657108198327
66,2,512,pair_coarse,-25.084461459278057,-21.826750831795085,3.2577106274829717
66,2,512,separate,-34.931929603295465,-31.674218975812497,3.257710627482968
66,2,512,exact,-8.25880707891356,-8.25880707891356,0.0
66,2,2048,joint,-3.625422552057211,-3.420230998687095,0.20519155337011608
66,2,2048,pair_coarse,-4.743625186751689,-4.111261733514442,0.6323634532372475
66,2,2048,separate,-7.763863022749188,-7.1314995695119405,0.6323634532372475
66,2,2048,exact,-1.914204677456502,-1.914204677456502,0.0
66,2,8192,joint,-1.528035700473552,-1.4465518482068331,0.08148385226671895
66,2,8192,pair_coarse,-1.8837768688726662,-1.6429982392323583,0.24077862964030783
66,2,8192,separate,-3.86956114468388,-3.6287825150435715,0.2407786296403085
66,2,8192,exact,-0.5741047229994565,-0.5741047229994565,0.0
66,2,32768,joint,-0.8080955434387542,-0.7710633789050714,0.037032164533682854
66,2,32768,pair_coarse,-0.9556647308968833,-0.84781255212429,0.10785217877259334
66,2,32768,separate,-2.597199374480363,-2.4893471957077695,0.10785217877259345
66,2,32768,exact,-0.09639445786808737,-0.09639445786808734,2.7755575615628914e-17
66,2,131072,joint,-0.5039006881136675,-0.48617430357186886,0.017726384541798645
66,2,131072,pair_coarse,-0.5716588527399383,-0.5203435486893355,0.051315304050602806
66,2,131072,separate,-2.069756034629053,-2.0184407305784497,0.05131530405060314
66,2,131072,exact,0.1084454976311001,0.10844549763110005,-5.551115123125783e-17
66,2,524288,joint,-0.3634932495824379,-0.35481276564401837,0.008680483938419525
66,2,524288,pair_coarse,-0.3960209377010792,-0.3709612798817193,0.025059657819359926
66,2,524288,separate,-1.8283947872709652,-1.8033351294516056,0.025059657819359593
66,2,524288,exact,0.20361760865812178,0.20361760865812178,0.0
66,4,128,joint,,,
66,4,128,pair_coarse,,,
66,4,128,separate,,,
66,4,128,exact,,,
66,4,512,joint,-140.93131280946437,-104.5152752685157,36.41603754094868
66,4,512,pair_coarse,,,
66,4,512,separate,,,
66,4,512,exact,-43.47282116336935,-33.50718428626791,9.965636877101446
66,4,2048,joint,-8.431519493059497,-6.1638576521493675,2.2676618409101295
66,4,2048,pair_coarse,-11.82346143700848,-7.892383883554111,3.931077553454368
66,4,2048,separate,-16.361562317356746,-12.430484763902378,3.9310775534543687
66,4,2048,exact,-5.05866598291364,-3.7414706832207263,1.3171952996929135
66,4,8192,joint,-2.913360659951682,-2.141996810319341,0.771363849632341
66,4,8192,pair_coarse,-3.718246084847513,-2.488475614693477,1.2297704701540364
66,4,8192,separate,-6.0638590961448,-4.834088625990762,1.2297704701540377
66,4,8192,exact,-1.5594527822310371,-1.08392419183753,0.47552859039350714
66,4,32768,joint,-1.3655420776254235,-1.0321378977143707,0.33340417991105276
66,4,32768,pair_coarse,-1.6710672088417846,-1.1520562900561446,0.51901091878564
66,4,32768,separate,-3.4450204000997515,-2.926009481314111,0.5190109187856407
66,4,32768,exact,-0.5042944203875033,-0.2949648024613522,0.20932961792615107
66,4,131072,joint,-0.7568028375540791,-0.6004315006312901,0.15637133692278893
66,4,131072,pair_coarse,-0.8922963019845446,-0.6511055370587522,0.2411907649257924
66,4,131072,separate,-2.447780835812109,-2.2065900708863166,0.2411907649257925
66,4,131072,exact,-0.07883173426176057,0.02006269354389714,0.09889442780565771
66,4,524288,joint,-0.4842567181748997,-0.4083824148522652,0.0758743033226345
66,4,524288,pair_coarse,-0.548313760334618,-0.4317560323571632,0.11655772797745478
66,4,524288,separate,-2.0074558358600862,-1.8908981078826312,0.116557727977455
66,4,524288,exact,0.11369904604474025,0.16183989048019903,0.04814084443545878
67,1,128,joint,-42.539567993950826,-42.539567993950826,0.0
67,1,128,pair_coarse,,,
67,1,128,separate,,,
67,1,128,exact,-25.579687147968542,-25.57968714796854,3.552713678800501e-15
67,1,512,joint,-3.6782498099472702,-3.6782498099472702,0.0
67,1,512,pair_coarse,-6.124833801641401,-6.1248338016414,8.881784197001252e-16
67,1,512,separate,-11.719817205273902,-11.719817205273902,0.0
67,1,512,exact,-2.678741367873224,-2.678741367873224,0.0
67,1,2048,joint,-1.142303037761082,-1.142303037761082,0.0
67,1,2048,pair_coarse,-1.7178120094403728,-1.7178120094403728,0.0
67,1,2048,separate,-4.6096970105833215,-4.609697010583321,8.881784197001252e-16
67,1,2048,exact,-0.6990081427298556,-0.6990081427298555,1.1102230246251565e-16
67,1,8192,joint,-0.4279817678820562,-0.42798176788205616,5.551115123125783e-17
67,1,8192,pair_coarse,-0.644003261043911,-0.644003261043911,0.0
67,1,8192,separate,-2.831094056422515,-2.831094056422515,0.0
67,1,8192,exact,-0.12538989773884948,-0.12538989773884948,0.0
67,1,32768,joint,-0.14957187869830998,-0.14957187869830996,2.7755575615628914e-17
67,1,32768,pair_coarse,-0.24471443440858048,-0.24471443440858054,-5.551115123125783e-17
67,1,32768,separate,-2.162457204089887,-2.162457204089887,0.0
67,1,32768,exact,0.10019110568720252,0.10019110568720252,0.0
67,1,131072,joint,-0.025792283000114262,-0.025792283000114255,6.938893903907228e-18
67,1,131072,pair_coarse,-0.0706045128629609,-0.07060451286296089,1.3877787807814457e-17
67,1,131072,separate,-1.8695675397669274,-1.8695675397669271,2.220446049250313e-16
67,1,131072,exact,0.2008474854228007,0.20084748542280065,-5.551115123125783e-17
67,1,524288,joint,0.032660104194145584,0.0326601041941456,1.3877787807814457e-17
67,1,524288,pair_coarse,0.01089443065678447,0.010894430656784478,6.938893903907228e-18
67,1,524288,separate,-1.732194845367748,-1.7321948453677483,-2.220446049250313e-16
67,1,524288,exact,0.24845801474642418,0.24845801474642418,0.0
67,2,128,joint,,,
67,2,128,pair_coarse,,,
67,2,128,separate,,,
67,2,128,exact,,,
67,2,512,joint,-10.957871634604816,-10.718629173446883,0.23924246115793224
67,2,512,pair_coarse,-22.7910754693193,-19.533364841836327,3.2577106274829717
67,2,512,separate,-34.931929603295465,-31.674218975812497,3.257710627482968
67,2,512,exact,-8.25880707891356,-8.25880707891356,0.0
67,2,2048,joint,-2.6049234537725345,-2.5421809797514285,0.062742474021106
67,2,2048,pair_coarse,-4.040239195741594,-3.4078757425043467,0.6323634532372475
67,2,2048,separate,-7.763863022749188,-7.1314995695119405,0.6323634532372475
67,2,2048,exact,-1.914204677456502,-1.914204677456502,0.0
67,2,8192,joint,-0.956564290257329,-0.9312240744453988,0.025340215811930245
67,2,8192,pair_coarse,-1.4213057269890936,-1.1805270973487856,0.24077862964030805
67,2,8192,separate,-3.86956114468388,-3.6287825150435715,0.2407786296403085
67,2,8192,exact,-0.5741047229994565,-0.5741047229994565,0.0
67,2,32768,joint,-0.37919768529886644,-0.3676116413941085,0.011586043904757926
67,2,32768,pair_coarse,-0.5733662051673607,-0.46551402639476697,0.10785217877259373
67,2,32768,separate,-2.597199374480363,-2.4893471957077695,0.10785217877259345
67,2,32768,exact,-0.09639445786808737,-0.09639445786808734,2.7755575615628914e-17
67,2,131072,joint,-0.1333175535768178,-0.12775744491041696,0.0055601086664008315
67,2,131072,pair_coarse,-0.22276561050807814,-0.17145030645747544,0.051315304050602695
67,2,131072,separate,-2.069756034629053,-2.0184407305784497,0.05131530405060314
67,2,131072,exact,0.1084454976311001,0.10844549763110005,-5.551115123125783e-17
67,2,524288,joint,-0.01942618711244304,-0.016700252096488746,0.0027259350159542922
67,2,524288,pair_coarse,-0.06243406329391654,-0.03737440547455665,0.02505965781935989
67,2,524288,separate,-1.8283947872709652,-1.8033351294516056,0.025059657819359593
67,2,524288,exact,0.20361760865812178,0.20361760865812178,0.0
67,4,128,joint,,,
67,4,128,pair_coarse,,,
67,4,128,separate,,,
67,4,128,exact,,,
67,4,512,joint,-69.82439843672945,-52.60663293391553,17.217765502813926
67,4,512,pair_coarse,,,
67,4,512,separate,,,
67,4,512,exact,-43.47282116336935,-33.50718428626791,9.965636877101446
67,4,2048,joint,-6.4330250408518115,-4.7054764017646,1.7275486390872112
67,4,2048,pair_coarse,-10.766578913724246,-6.835501360269878,3.931077553454368
67,4,2048,separate,-16.361562317356746,-12.430484763902378,3.9310775534543687
67,4,2048,exact,-5.05866598291364,-3.7414706832207263,1.3171952996929135
67,4,8192,joint,-2.111543644087864,-1.5046040917582655,0.6069395523295986
67,4,8192,pair_coarse,-3.17197409500185,-1.9422036248478138,1.2297704701540362
67,4,8192,separate,-6.0638590961448,-4.834088625990762,1.2297704701540377
67,4,8192,exact,-1.5594527822310371,-1.08392419183753,0.47552859039350714
67,4,32768,joint,-0.8511814175613506,-0.5862663222216488,0.2649150953397018
67,4,32768,pair_coarse,-1.2579296047211475,-0.7389186859355074,0.5190109187856401
67,4,32768,separate,-3.4450204000997515,-2.926009481314111,0.5190109187856407
67,4,32768,exact,-0.5042944203875033,-0.2949648024613522,0.20932961792615107
67,4,131072,joint,-0.3488443208244958,-0.2241142458325327,0.12473007499196309
67,4,131072,pair_coarse,-0.5300380661308028,-0.28884730120501045,0.2411907649257924
67,4,131072,separate,-2.447780835812109,-2.2065900708863166,0.2411907649257925
67,4,131072,exact,-0.07883173426176057,0.02006269354389714,0.09889442780565771
67,4,524288,joint,-0.12265106594026154,-0.06202579905073824,0.0606252668895233
67,4,524288,pair_coarse,-0.20849280895611955,-0.0919350809786647,0.11655772797745485
67,4,524288,separate,-2.0074558358600862,-1.8908981078826312,0.116557727977455
67,4,524288,exact,0.11369904604474025,0.16183989048019903,0.04814084443545878
68,1,128,joint,-32.394464004829494,-32.394464004829494,0.0
68,1,128,pair_coarse,,,
68,1,128,separate,,,
68,1,128,exact,-25.579687147968542,-25.57968714796854,3.552713678800501e-15
68,1,512,joint,-3.1320343183868924,-3.1320343183868924,0.0
68,1,512,pair_coarse,-5.751664995587845,-5.751664995587845,0.0
68,1,512,separate,-11.719817205273902,-11.719817205273902,0.0
68,1,512,exact,-2.678741367873224,-2.678741367873224,0.0
68,1,2048,joint,-0.9005032350500436,-0.9005032350500436,0.0
68,1,2048,pair_coarse,-1.5249318531882448,-1.5249318531882448,0.0
68,1,2048,separate,-4.6096970105833215,-4.609697010583321,8.881784197001252e-16
68,1,2048,exact,-0.6990081427298556,-0.6990081427298555,1.1102230246251565e-16
68,1,8192,joint,-0.2626374596367981,-0.262637459636798,5.551115123125783e-17
68,1,8192,pair_coarse,-0.49813078887316736,-0.4981307888731673,5.551115123125783e-17
68,1,8192,separate,-2.831094056422515,-2.831094056422515,0.0
68,1,8192,exact,-0.12538989773884948,-0.12538989773884948,0.0
68,1,32768,joint,-0.012870451829074758,-0.012870451829074777,-1.9081958235744878e-17
68,1,32768,pair_coarse,-0.11680667703879327,-0.11680667703879327,0.0
68,1,32768,separate,-2.162457204089887,-2.162457204089887,0.0
68,1,32768,exact,0.10019110568720252,0.10019110568720252,0.0
68,1,131072,joint,0.09838381957703683,0.09838381957703683,0.0
68,1,131072,pair_coarse,0.049380987799721415,0.04938098779972143,1.3877787807814457e-17
68,1,131072,separate,-1.8695675397669274,-1.8695675397669271,2.220446049250313e-16
68,1,131072,exact,0.2008474854228007,0.20084748542280065,-5.551115123125783e-17
68,1,524288,joint,0.1509659742977308,0.1509659742977308,0.0
68,1,524288,pair_coarse,0.12715331777993866,0.12715331777993866,0.0
68,1,524288,separate,-1.732194845367748,-1.7321948453677483,-2.220446049250313e-16
68,1,524288,exact,0.24845801474642418,0.24845801474642418,0.0
68,2,128,joint,,,
68,2,128,pair_coarse,,,
68,2,128,separate,,,
68,2,128,exact,,,
68,2,512,joint,-9.473898858137865,-9.455904315372042,0.01799454276582324
68,2,512,pair_coarse,-21.981316491534876,-18.723605864051905,3.2577106274829717
68,2,512,separate,-34.931929603295465,-31.674218975812497,3.257710627482968
68,2,512,exact,-8.25880707891356,-8.25880707891356,0.0
68,2,2048,joint,-2.2298184580989364,-2.2249367445196504,0.004881713579286018
68,2,2048,pair_coarse,-3.791884525589249,-3.159521072352001,0.632363453237248
68,2,2048,separate,-7.763863022749188,-7.1314995695119405,0.6323634532372475
68,2,2048,exact,-1.914204677456502,-1.914204677456502,0.0
68,2,8192,joint,-0.7484545200539008,-0.7464678716131429,0.00198664844075791
68,2,8192,pair_coarse,-1.2580143487622777,-1.0172357191219696,0.24077862964030805
68,2,8192,separate,-3.86956114468388,-3.6287825150435715,0.2407786296403085
68,2,8192,exact,-0.5741047229994565,-0.5741047229994565,0.0
68,2,32768,joint,-0.2248495470805404,-0.22393873374210113,0.0009108133384392592
68,2,32768,pair_coarse,-0.4383825326592726,-0.3305303538866789,0.10785217877259368
68,2,32768,separate,-2.597199374480363,-2.4893471957077695,0.10785217877259345
68,2,32768,exact,-0.09639445786808737,-0.09639445786808734,2.7755575615628914e-17
68,2,131072,joint,-0.0010736260083857585,-0.0006360227227932521,0.0004376032855925064
68,2,131072,pair_coarse,-0.09957682483373786,-0.04826152078313516,0.0513153040506027
68,2,131072,separate,-2.069756034629053,-2.0184407305784497,0.05131530405060314
68,2,131072,exact,0.1084454976311001,0.10844549763110005,-5.551115123125783e-17
68,2,524288,joint,0.10274295469148607,0.10295761145239318,0.00021465676090710872
68,2,524288,pair_coarse,0.055350281602645046,0.08040993942200493,0.025059657819359885
68,2,524288,separate,-1.8283947872709652,-1.8033351294516056,0.025059657819359593
68,2,524288,exact,0.20361760865812178,0.20361760865812178,0.0
68,4,128,joint,,,
68,4,128,pair_coarse,,,
68,4,128,separate,,,
68,4,128,exact,,,
68,4,512,joint,-54.125642537937,-41.218132634214406,12.907509903722591
68,4,512,pair_coarse,,,
68,4,512,separate,,,
68,4,512,exact,-43.47282116336935,-33.50718428626791,9.965636877101446
68,4,2048,joint,-5.688684093478598,-4.179616649088154,1.5090674443904435
68,4,2048,pair_coarse,-10.39341010767069,-6.462332554216322,3.931077553454368
68,4,2048,separate,-16.361562317356746,-12.430484763902378,3.9310775534543687
68,4,2048,exact,-5.05866598291364,-3.7414706832207263,1.3171952996929135
68,4,8192,joint,-1.8128523410959736,-1.275119394230647,0.5377329468653267
68,4,8192,pair_coarse,-2.979093938749722,-1.7493234685956855,1.2297704701540366
68,4,8192,separate,-6.0638590961448,-4.834088625990762,1.2297704701540377
68,4,8192,exact,-1.5594527822310371,-1.08392419183753,0.47552859039350714
68,4,32768,joint,-0.6627497594738356,-0.4270088949377883,0.2357408645360473
68,4,32768,pair_coarse,-1.1120571325504036,-0.5930462137647635,0.5190109187856401
68,4,32768,separate,-3.4450204000997515,-2.926009481314111,0.5190109187856407
68,4,32768,exact,-0.5042944203875033,-0.2949648024613522,0.20932961792615107
68,4,131072,joint,-0.20160190160322444,-0.09041343113492521,0.11118847046829923
68,4,131072,pair_coarse,-0.4021303087610157,-0.16093954383522316,0.24119076492579253
68,4,131072,separate,-2.447780835812109,-2.2065900708863166,0.2411907649257925
68,4,131072,exact,-0.07883173426176057,0.02006269354389714,0.09889442780565771
68,4,524288,joint,0.006576960809776017,0.06066251955041235,0.054085558740636336
68,4,524288,pair_coarse,-0.08850730829343723,0.028050419684017627,0.11655772797745485
68,4,524288,separate,-2.0074558358600862,-1.8908981078826312,0.116557727977455
68,4,524288,exact,0.11369904604474025,0.16183989048019903,0.04814084443545878
69,1,128,joint,-28.684388643028466,-28.684388643028466,0.0
69,1,128,pair_coarse,,,
69,1,128,separate,,,
69,1,128,exact,-25.579687147968542,-25.57968714796854,3.552713678800501e-15
69,1,512,joint,-2.8957807500202186,-2.8957807500202186,0.0
69,1,512,pair_coarse,-5.5913302038381545,-5.5913302038381545,0.0
69,1,512,separate,-11.719817205273902,-11.719817205273902,0.0
69,1,512,exact,-2.678741367873224,-2.678741367873224,0.0
69,1,2048,joint,-0.795596695839019,-0.795596695839019,0.0
69,1,2048,pair_coarse,-1.442059439461106,-1.442059439461106,0.0
69,1,2048,separate,-4.6096970105833215,-4.609697010583321,8.881784197001252e-16
69,1,2048,exact,-0.6990081427298556,-0.6990081427298555,1.1102230246251565e-16
69,1,8192,joint,-0.1911194072144812,-0.1911194072144812,0.0
69,1,8192,pair_coarse,-0.43545558111705035,-0.43545558111705035,0.0
69,1,8192,separate,-2.831094056422515,-2.831094056422515,0.0
69,1,8192,exact,-0.12538989773884948,-0.12538989773884948,0.0
69,1,32768,joint,0.046093179751660954,0.04609317975166095,-6.938893903907228e-18
69,1,32768,pair_coarse,-0.06185014447665965,-0.061850144476659624,2.7755575615628914e-17
69,1,32768,separate,-2.162457204089887,-2.162457204089887,0.0
69,1,32768,exact,0.10019110568720252,0.10019110568720252,0.0
69,1,131072,joint,0.15184903175684883,0.1518490317568488,-2.7755575615628914e-17
69,1,131072,pair_coarse,0.10093366302245313,0.10093366302245313,0.0
69,1,131072,separate,-1.8695675397669274,-1.8695675397669271,2.220446049250313e-16
69,1,131072,exact,0.2008474854228007,0.20084748542280065,-5.551115123125783e-17
69,1,524288,joint,0.20185239175448272,0.20185239175448275,2.7755575615628914e-17
69,1,524288,pair_coarse,0.17710482539139344,0.17710482539139344,0.0
69,1,524288,separate,-1.732194845367748,-1.7321948453677483,-2.220446049250313e-16
69,1,524288,exact,0.24845801474642418,0.24845801474642418,0.0
69,2,128,joint,,,
69,2,128,pair_coarse,,,
69,2,128,separate,,,
69,2,128,exact,,,
69,2,512,joint,-8.83861718727437,-8.83861718727437,0.0
69,2,512,pair_coarse,-21.633397439984048,-18.375686812501076,3.2577106274829717
69,2,512,separate,-34.931929603295465,-31.674218975812497,3.257710627482968
69,2,512,exact,-8.25880707891356,-8.25880707891356,0.0
69,2,2048,joint,-2.0658536136002894,-2.0658536136002894,0.0
69,2,2048,pair_coarse,-3.685177068607369,-3.052813615370121,0.632363453237248
69,2,2048,separate,-7.763863022749188,-7.1314995695119405,0.6323634532372475
69,2,2048,exact,-1.914204677456502,-1.914204677456502,0.0
69,2,8192,joint,-0.6577959190251647,-0.6577959190251647,0.0
69,2,8192,pair_coarse,-1.187854976655599,-0.947076347015291,0.24077862964030805
69,2,8192,separate,-3.86956114468388,-3.6287825150435715,0.2407786296403085
69,2,8192,exact,-0.5741047229994565,-0.5741047229994565,0.0
69,2,32768,joint,-0.157954825194116,-0.15795482519411602,-2.7755575615628914e-17
69,2,32768,pair_coarse,-0.3803857797954047,-0.27253360102281105,0.10785217877259368
69,2,32768,separate,-2.597199374480363,-2.4893471957077695,0.10785217877259345
69,2,32768,exact,-0.09639445786808737,-0.09639445786808734,2.7755575615628914e-17
69,2,131072,joint,0.05602455591703784,0.05602455591703781,-2.7755575615628914e-17
69,2,131072,pair_coarse,-0.04664783404837747,0.004667470002225231,0.0513153040506027
69,2,131072,separate,-2.069756034629053,-2.0184407305784497,0.05131530405060314
69,2,131072,exact,0.1084454976311001,0.10844549763110005,-5.551115123125783e-17
69,2,524288,joint,0.15537063600063963,0.15537063600063963,0.0
69,2,524288,pair_coarse,0.10595721365058697,0.13101687146994684,0.02505965781935987
69,2,524288,separate,-1.8283947872709652,-1.8033351294516056,0.025059657819359593
69,2,524288,exact,0.20361760865812178,0.20361760865812178,0.0
69,4,128,joint,,,
69,4,128,pair_coarse,,,
69,4,128,separate,,,
69,4,128,exact,,,
69,4,512,joint,-48.33899055809454,-37.02796554994319,11.311025008151347
69,4,512,pair_coarse,,,
69,4,512,separate,,,
69,4,512,exact,-43.47282116336935,-33.50718428626791,9.965636877101446
69,4,2048,joint,-5.3617882468005,-3.9515082967710016,1.4102799500294982
69,4,2048,pair_coarse,-10.233075315920999,-6.301997762466631,3.931077553454368
69,4,2048,separate,-16.361562317356746,-12.430484763902378,3.9310775534543687
69,4,2048,exact,-5.05866598291364,-3.7414706832207263,1.3171952996929135
69,4,8192,joint,-1.6814643199868913,-1.175584660613464,0.5058796593734274
69,4,8192,pair_coarse,-2.8962215250225833,-1.6664510548685467,1.2297704701540366
69,4,8192,separate,-6.0638590961448,-4.834088625990762,1.2297704701540377
69,4,8192,exact,-1.5594527822310371,-1.08392419183753,0.47552859039350714
69,4,32768,joint,-0.5804290498509712,-0.35818976537005326,0.22223928448091795
69,4,32768,pair_coarse,-1.0493819247942868,-0.5303710060086466,0.5190109187856402
69,4,32768,separate,-3.4450204000997515,-2.926009481314111,0.5190109187856407
69,4,32768,exact,-0.5042944203875033,-0.2949648024613522,0.20932961792615107
69,4,131072,joint,-0.1376960985041531,-0.03278816295242611,0.10490793555172698
69,4,131072,pair_coarse,-0.34717377619888196,-0.1059830112730895,0.24119076492579244
69,4,131072,separate,-2.447780835812109,-2.2065900708863166,0.2411907649257925
69,4,131072,exact,-0.07883173426176057,0.02006269354389714,0.09889442780565771
69,4,524288,joint,0.062412884220009665,0.11346243954701939,0.05104955532700972
69,4,524288,pair_coarse,-0.03695463307070551,0.07960309490674931,0.11655772797745483
69,4,524288,separate,-2.0074558358600862,-1.8908981078826312,0.116557727977455
69,4,524288,exact,0.11369904604474025,0.16183989048019903,0.04814084443545878
70,1,128,joint,-54.61995645896691,-54.61995645896691,0.0
70,1,128,pair_coarse,,,
70,1,128,separate,,,
70,1,128,exact,-33.28464076552184,-33.284640765521836,7.105427357601002e-15
70,1,512,joint,-4.181901502247501,-4.181901502247502,-8.881784197001252e-16
70,1,512,pair_coarse,-6.463909510634886,-6.463909510634885,8.881784197001252e-16
70,1,512,separate,-11.721259433078439,-11.721259433078439,0.0
70,1,512,exact,-3.2130260692273405,-3.2130260692273405,0.0
70,1,2048,joint,-1.363075219789579,-1.363075219789579,0.0
70,1,2048,pair_coarse,-1.8937672124755565,-1.8937672124755567,-2.220446049250313e-16
70,1,2048,separate,-4.61113923838786,-4.611139238387859,8.881784197001252e-16
70,1,2048,exact,-0.9435079582997792,-0.9435079582997792,0.0
70,1,8192,joint,-0.5790312123571477,-0.5790312123571477,0.0
70,1,8192,pair_coarse,-0.7774271276930889,-0.7774271276930889,0.0
70,1,8192,separate,-2.8325362842270527,-2.8325362842270527,0.0
70,1,8192,exact,-0.29521538998743,-0.29521538998743,0.0
70,1,32768,joint,-0.2746611165540446,-0.2746611165540447,-5.551115123125783e-17
70,1,32768,pair_coarse,-0.3618842918843789,-0.36188429188437893,-5.551115123125783e-17
70,1,32768,separate,-2.1638994318944245,-2.1638994318944245,0.0
70,1,32768,exact,-0.041400714680204356,-0.041400714680204384,-2.7755575615628914e-17
70,1,131072,joint,-0.13955932059289922,-0.13955932059289922,0.0
70,1,131072,pair_coarse,-0.18060651743277847,-0.18060651743277853,-5.551115123125783e-17
70,1,131072,separate,-1.871009767571465,-1.871009767571465,0.0
70,1,131072,exact,0.07165180406423091,0.07165180406423087,-4.163336342344337e-17
70,1,524288,joint,-0.07580716125187524,-0.07580716125187525,-1.3877787807814457e-17
70,1,524288,pair_coarse,-0.0957358303964645,-0.0957358303964645,0.0
70,1,524288,separate,-1.7336370731722857,-1.7336370731722859,-2.220446049250313e-16
70,1,524288,exact,0.12508302579651273,0.12508302579651273,0.0
70,2,128,joint,,,
70,2,128,pair_coarse,,,
70,2,128,separate,,,
70,2,128,exact,,,
70,2,512,joint,-12.356746194612189,-11.908416234104655,0.44832996050753415
70,2,512,pair_coarse,-23.52516667034514,-20.267456042862168,3.2577106274829717
70,2,512,separate,-34.933371831100004,-31.675661203617032,3.2577106274829717
70,2,512,exact,-9.650035448848161,-9.61573371191627,0.03430173693189076
70,2,2048,joint,-2.9461993287052075,-2.831909920137845,0.11428940856736247
70,2,2048,pair_coarse,-4.2663863037312,-3.6340228504939516,0.6323634532372484
70,2,2048,separate,-7.765305250553726,-7.1329417973164775,0.6323634532372484
70,2,2048,exact,-2.2880013694493226,-2.278725569750513,0.00927579969880954
70,2,8192,joint,-1.1457483247164042,-1.0998817373536174,0.045866587362786815
70,2,8192,pair_coarse,-1.5704897691803046,-1.3297111395399963,0.24077862964030827
70,2,8192,separate,-3.871003372488417,-3.6302247428481094,0.2407786296403076
70,2,8192,exact,-0.7860592085961733,-0.7822867369649731,0.0037724716312002027
70,2,32768,joint,-0.5199368830437398,-0.4990135282534418,0.020923354790297943
70,2,32768,pair_coarse,-0.6969381675940192,-0.5890859888214255,0.10785217877259368
70,2,32768,separate,-2.598641602284901,-2.4907894235123074,0.10785217877259345
70,2,32768,exact,-0.25547598214733414,-0.25374680083112333,0.0017291813162108038
70,2,131072,joint,-0.2542217006932831,-0.24419034728773978,0.010031353405543314
70,2,131072,pair_coarse,-0.3356658644818698,-0.2843505604312671,0.051315304050602695
70,2,131072,separate,-2.0711982624335903,-2.0198829583829876,0.051315304050602695
70,2,131072,exact,-0.028767729045308624,-0.02793701386503136,0.0008307151802772646
70,2,524288,joint,-0.13130696931962274,-0.126391119325413,0.004915849994209742
70,2,524288,pair_coarse,-0.17044451907428948,-0.1453848612549296,0.02505965781935987
70,2,524288,separate,-1.829837015075503,-1.8047773572561432,0.025059657819359815
70,2,524288,exact,0.07639856988471166,0.07680604202190974,0.0004074721371980783
70,4,128,joint,,,
70,4,128,pair_coarse,,,
70,4,128,separate,,,
70,4,128,exact,,,
70,4,512,joint,-88.40584187158501,-66.09272739773738,22.313114473847634
70,4,512,pair_coarse,,,
70,4,512,separate,,,
70,4,512,exact,-55.38793579869012,-42.19331760730497,13.194618191385153
70,4,2048,joint,-7.111065102672755,-5.18856822644947,1.9224968762232848
70,4,2048,pair_coarse,-11.10565462271773,-7.1745770692633615,3.931077553454368
70,4,2048,separate,-16.36300454516128,-12.431926991706915,3.931077553454367
70,4,2048,exact,-5.784827427177559,-4.259172661011543,1.5256547661660163
70,4,8192,joint,-2.3813135554321603,-1.713980766847545,0.6673327885846152
70,4,8192,pair_coarse,-3.3479292980370343,-2.118158827882997,1.2297704701540373
70,4,8192,separate,-6.0653013239493365,-4.8355308537953,1.2297704701540368
70,4,8192,exact,-1.860255380238745,-1.3172090880693035,0.5430462921694414
70,4,32768,joint,-1.021986215592743,-0.7317842435596774,0.29020197203306564
70,4,32768,pair_coarse,-1.3913534713703253,-0.8723425525846851,0.5190109187856402
70,4,32768,separate,-3.4464626279042894,-2.9274517091186487,0.5190109187856407
70,4,32768,exact,-0.6971184190492952,-0.4591299999872972,0.23798841906199797
70,4,131072,joint,-0.4829306200862522,-0.3464946185919265,0.13643600149432572
70,4,131072,pair_coarse,-0.6472079236066012,-0.4060171586808088,0.2411907649257924
70,4,131072,separate,-2.4492230636166465,-2.2080322986908545,0.24119076492579206
70,4,131072,exact,-0.2309507943769126,-0.1187176764406365,0.1122331179362761
70,4,524288,joint,-0.24072534093402237,-0.1744535533182352,0.06627178761578717
70,4,524288,pair_coarse,-0.3184948135259371,-0.20193708554848233,0.11655772797745478
70,4,524288,separate,-2.0088980636646236,-1.8923403356871689,0.11655772797745478
70,4,524288,exact,-0.02054761274196025,0.034042745421427184,0.054590358163387434
71,1,128,joint,-41.299719404069826,-41.299719404069826,0.0
71,1,128,pair_coarse,,,
71,1,128,separate,,,
71,1,128,exact,-33.28464076552184,-33.284640765521836,7.105427357601002e-15
71,1,512,joint,-3.632685585002005,-3.6326855850020054,-4.440892098500626e-16
71,1,512,pair_coarse,-6.1051527146575,-6.1051527146575,0.0
71,1,512,separate,-11.721259433078439,-11.721259433078439,0.0
71,1,512,exact,-3.2130260692273405,-3.2130260692273405,0.0
71,1,2048,joint,-1.1259164851627,-1.1259164851627,0.0
71,1,2048,pair_coarse,-1.7083362071446875,-1.7083362071446877,-2.220446049250313e-16
71,1,2048,separate,-4.61113923838786,-4.611139238387859,8.881784197001252e-16
71,1,2048,exact,-0.9435079582997792,-0.9435079582997792,0.0
71,1,8192,joint,-0.4184714135019705,-0.4184714135019705,0.0
71,1,8192,pair_coarse,-0.637188340612462,-0.6371883406124619,1.1102230246251565e-16
71,1,8192,separate,-2.8325362842270527,-2.8325362842270527,0.0
71,1,8192,exact,-0.29521538998743,-0.29521538998743,0.0
71,1,32768,joint,-0.1425679613180602,-0.14256796131806024,-2.7755575615628914e-17
71,1,32768,pair_coarse,-0.23891641120881124,-0.2389164112088113,-5.551115123125783e-17
71,1,32768,separate,-2.1638994318944245,-2.1638994318944245,0.0
71,1,32768,exact,-0.041400714680204356,-0.041400714680204384,-2.7755575615628914e-17
71,1,131072,joint,-0.019870664840287634,-0.019870664840287634,0.0
71,1,131072,pair_coarse,-0.06525493101076499,-0.06525493101076497,1.3877787807814457e-17
71,1,131072,separate,-1.871009767571465,-1.871009767571465,0.0
71,1,131072,exact,0.07165180406423091,0.07165180406423087,-4.163336342344337e-17
71,1,524288,joint,0.038077528786772945,0.038077528786772924,-2.0816681711721685e-17
71,1,524288,pair_coarse,0.016033066605642965,0.016033066605642972,6.938893903907228e-18
71,1,524288,separate,-1.7336370731722857,-1.7336370731722859,-2.220446049250313e-16
71,1,524288,exact,0.12508302579651273,0.12508302579651273,0.0
71,2,128,joint,,,
71,2,128,pair_coarse,,,
71,2,128,separate,,,
71,2,128,exact,,,
71,2,512,joint,-10.8112253080665,-10.598810446155325,0.2124148619111761
71,2,512,pair_coarse,-22.74668108507848,-19.48897045759551,3.2577106274829717
71,2,512,separate,-34.933371831100004,-31.675661203617032,3.2577106274829717
71,2,512,exact,-9.650035448848161,-9.61573371191627,0.03430173693189076
71,2,2048,joint,-2.5751773564458595,-2.519258386971401,0.055918969474458624
71,2,2048,pair_coarse,-4.027623244535173,-3.3952597912979248,0.632363453237248
71,2,2048,separate,-7.765305250553726,-7.1329417973164775,0.6323634532372484
71,2,2048,exact,-2.2880013694493226,-2.278725569750513,0.00927579969880954
71,2,8192,joint,-0.942857837124139,-0.9202539488906831,0.022603888233455827
71,2,8192,pair_coarse,-1.4135048049682197,-1.1727261753279115,0.24077862964030827
71,2,8192,separate,-3.871003372488417,-3.6302247428481094,0.2407786296403076
71,2,8192,exact,-0.7860592085961733,-0.7822867369649731,0.0037724716312002027
71,2,32768,joint,-0.37047500057919525,-0.36013684070211976,0.010338159877075481
71,2,32768,pair_coarse,-0.5671676479988942,-0.4593154692263005,0.10785217877259368
71,2,32768,separate,-2.598641602284901,-2.4907894235123074,0.10785217877259345
71,2,32768,exact,-0.25547598214733414,-0.25374680083112333,0.0017291813162108038
71,2,131072,joint,-0.12661238154622284,-0.12165047224504442,0.004961909301178416
71,2,131072,pair_coarse,-0.21723470589642135,-0.16591940184581866,0.051315304050602695
71,2,131072,separate,-2.0711982624335903,-2.0198829583829876,0.051315304050602695
71,2,131072,exact,-0.028767729045308624,-0.02793701386503136,0.0008307151802772646
71,2,524288,joint,-0.013634015054947449,-0.011201208942844721,0.0024328061121027273
71,2,524288,pair_coarse,-0.05720907842140349,-0.0321494206020436,0.02505965781935989
71,2,524288,separate,-1.829837015075503,-1.8047773572561432,0.025059657819359815
71,2,524288,exact,0.07639856988471166,0.07680604202190974,0.0004074721371980783
71,4,128,joint,,,
71,4,128,pair_coarse,,,
71,4,128,separate,,,
71,4,128,exact,,,
71,4,512,joint,-67.84751855796021,-51.20449437327646,16.643024184683753
71,4,512,pair_coarse,,,
71,4,512,separate,,,
71,4,512,exact,-55.38793579869012,-42.19331760730497,13.194618191385153
71,4,2048,joint,-6.364240011983854,-4.662469526041197,1.7017704859426566
71,4,2048,pair_coarse,-10.746897826740343,-6.8158202732859765,3.931077553454366
71,4,2048,separate,-16.36300454516128,-12.431926991706915,3.931077553454367
71,4,2048,exact,-5.784827427177559,-4.259172661011543,1.5256547661660163
71,4,8192,joint,-2.088557880514021,-1.489698010618482,0.598859869895539
71,4,8192,pair_coarse,-3.162498292706165,-1.9327278225521283,1.2297704701540366
71,4,8192,separate,-6.0653013239493365,-4.8355308537953,1.2297704701540368
71,4,8192,exact,-1.860255380238745,-1.3172090880693035,0.5430462921694414
71,4,32768,joint,-0.8390013241317991,-0.5774811996836241,0.26152012444817496
71,4,32768,pair_coarse,-1.2511146842896983,-0.7321037655040582,0.5190109187856401
71,4,32768,separate,-3.4464626279042894,-2.9274517091186487,0.5190109187856407
71,4,32768,exact,-0.6971184190492952,-0.4591299999872972,0.23798841906199797
71,4,131072,joint,-0.3406229513584028,-0.21746667667734149,0.12315627468106133
71,4,131072,pair_coarse,-0.5242400429310337,-0.28304927800524116,0.2411907649257925
71,4,131072,separate,-2.4492230636166465,-2.2080322986908545,0.24119076492579206
71,4,131072,exact,-0.2309507943769126,-0.1187176764406365,0.1122331179362761
71,4,524288,joint,-0.11614627444639794,-0.05628061828510294,0.059865656161295
71,4,524288,pair_coarse,-0.20314322710392363,-0.08658549912646878,0.11655772797745485
71,4,524288,separate,-2.0088980636646236,-1.8923403356871689,0.11655772797745478
71,4,524288,exact,-0.02054761274196025,0.034042745421427184,0.054590358163387434
72,1,128,joint,-36.8582542174929,-36.8582542174929,0.0
72,1,128,pair_coarse,,,
72,1,128,separate,,,
72,1,128,exact,-33.28464076552184,-33.284640765521836,7.105427357601002e-15
72,1,512,joint,-3.4105881436229413,-3.4105881436229417,-4.440892098500626e-16
72,1,512,pair_coarse,-5.960372733786559,-5.960372733786559,0.0
72,1,512,separate,-11.721259433078439,-11.721259433078439,0.0
72,1,512,exact,-3.2130260692273405,-3.2130260692273405,0.0
72,1,2048,joint,-1.029561687587745,-1.029561687587745,0.0
72,1,2048,pair_coarse,-1.6335036250007253,-1.633503625000725,2.220446049250313e-16
72,1,2048,separate,-4.61113923838786,-4.611139238387859,8.881784197001252e-16
72,1,2048,exact,-0.9435079582997792,-0.9435079582997792,0.0
72,1,8192,joint,-0.3533555627877175,-0.3533555627877174,1.1102230246251565e-16
72,1,8192,pair_coarse,-0.580593541186901,-0.580593541186901,0.0
72,1,8192,separate,-2.8325362842270527,-2.8325362842270527,0.0
72,1,8192,exact,-0.29521538998743,-0.29521538998743,0.0
72,1,32768,joint,-0.0891041226874711,-0.0891041226874711,0.0
72,1,32768,pair_coarse,-0.18929146302226596,-0.18929146302226596,0.0
72,1,32768,separate,-2.1638994318944245,-2.1638994318944245,0.0
72,1,32768,exact,-0.041400714680204356,-0.041400714680204384,-2.7755575615628914e-17
72,1,131072,joint,0.028507929823280688,0.02850792982328069,3.469446951953614e-18
72,1,131072,pair_coarse,-0.018703616407474505,-0.018703616407474487,1.734723475976807e-17
72,1,131072,separate,-1.871009767571465,-1.871009767571465,0.0
72,1,131072,exact,0.07165180406423091,0.07165180406423087,-4.163336342344337e-17
72,1,524288,joint,0.08407507097656823,0.08407507097656822,-1.3877787807814457e-17
72,1,524288,pair_coarse,0.061138550184973606,0.061138550184973606,0.0
72,1,524288,separate,-1.7336370731722857,-1.7336370731722859,-2.220446049250313e-16
72,1,524288,exact,0.12508302579651273,0.12508302579651273,0.0
72,2,128,joint,,,
72,2,128,pair_coarse,,,
72,2,128,separate,,,
72,2,128,exact,,,
72,2,512,joint,-10.194222587069657,-10.076476211838127,0.11774637523152975
72,2,512,pair_coarse,-22.432515250711084,-19.174804623228113,3.2577106274829717
72,2,512,separate,-34.933371831100004,-31.675661203617032,3.2577106274829717
72,2,512,exact,-9.650035448848161,-9.61573371191627,0.03430173693189076
72,2,2048,joint,-2.4236305550461985,-2.3922031786299685,0.03142737641623006
72,2,2048,pair_coarse,-3.9312679656089253,-3.298904512371677,0.6323634532372484
72,2,2048,separate,-7.765305250553726,-7.1329417973164775,0.6323634532372484
72,2,2048,exact,-2.2880013694493226,-2.278725569750513,0.00927579969880954
72,2,8192,joint,-0.8601201254072006,-0.8473762479984811,0.012743877408719517
72,2,8192,pair_coarse,-1.350151914178428,-1.1093732845381197,0.24077862964030827
72,2,8192,separate,-3.871003372488417,-3.6302247428481094,0.2407786296403076
72,2,8192,exact,-0.7860592085961733,-0.7822867369649731,0.0037724716312002027
72,2,32768,joint,-0.30975257963547276,-0.30391737771683697,0.005835201918635791
72,2,32768,pair_coarse,-0.5147974251759138,-0.40694524640332014,0.10785217877259362
72,2,32768,separate,-2.598641602284901,-2.4907894235123074,0.10785217877259345
72,2,32768,exact,-0.25547598214733414,-0.25374680083112333,0.0017291813162108038
72,2,131072,joint,-0.07491773557319768,-0.07211571263912289,0.002802022934074791
72,2,131072,pair_coarse,-0.16944059839300452,-0.11812529434240182,0.051315304050602695
72,2,131072,separate,-2.0711982624335903,-2.0198829583829876,0.051315304050602695
72,2,131072,exact,-0.028767729045308624,-0.02793701386503136,0.0008307151802772646
72,2,524288,joint,0.033950880812106086,0.035325008840422695,0.0013741280283166082
72,2,524288,pair_coarse,-0.011511756125463624,0.013547901693896261,0.025059657819359885
72,2,524288,separate,-1.829837015075503,-1.8047773572561432,0.025059657819359815
72,2,524288,exact,0.07639856988471166,0.07680604202190974,0.0004074721371980783
72,4,128,joint,,,
72,4,128,pair_coarse,,,
72,4,128,separate,,,
72,4,128,exact,,,
72,4,512,joint,-60.95262163077563,-46.217233652330556,14.735387978445075
72,4,512,pair_coarse,,,
72,4,512,separate,,,
72,4,512,exact,-55.38793579869012,-42.19331760730497,13.194618191385153
72,4,2048,joint,-6.058493739606256,-4.449213675529121,1.6092800640771348
72,4,2048,pair_coarse,-10.602117845869403,-6.671040292415036,3.931077553454367
72,4,2048,separate,-16.36300454516128,-12.431926991706915,3.931077553454367
72,4,2048,exact,-5.784827427177559,-4.259172661011543,1.5256547661660163
72,4,8192,joint,-1.9682808730295513,-1.3985972507922972,0.5696836222372541
72,4,8192,pair_coarse,-3.0876657105622023,-1.8578952404081661,1.2297704701540362
72,4,8192,separate,-6.0653013239493365,-4.8355308537953,1.2297704701540368
72,4,8192,exact,-1.860255380238745,-1.3172090880693035,0.5430462921694414
72,4,32768,joint,-0.7641894483024718,-0.5149528808478343,0.24923656745463751
72,4,32768,pair_coarse,-1.1945198848641374,-0.6755089660784973,0.5190109187856401
72,4,32768,separate,-3.4464626279042894,-2.9274517091186487,0.5190109187856407
72,4,32768,exact,-0.6971184190492952,-0.4591299999872972,0.23798841906199797
72,4,131072,joint,-0.28273431826439244,-0.16527672171415697,0.11745759655023547
72,4,131072,pair_coarse,-0.4746150947444884,-0.23342432981869585,0.24119076492579253
72,4,131072,separate,-2.4492230636166465,-2.2080322986908545,0.24119076492579206
72,4,131072,exact,-0.2309507943769126,-0.1187176764406365,0.1122331179362761
72,4,524288,joint,-0.06564747776253706,-0.00853328965811433,0.05711418810442273
72,4,524288,pair_coarse,-0.15659191250063315,-0.04003418452317829,0.11655772797745485
72,4,524288,separate,-2.0088980636646236,-1.8923403356871689,0.11655772797745478
72,4,524288,exact,-0.02054761274196025,0.034042745421427184,0.054590358163387434
73,1,128,joint,-34.99152893508614,-34.99152893508614,0.0
73,1,128,pair_coarse,,,
73,1,128,separate,,,
73,1,128,exact,-33.28464076552184,-33.284640765521836,7.105427357601002e-15
73,1,512,joint,-3.309826933346856,-3.309826933346857,-8.881784197001252e-16
73,1,512,pair_coarse,-5.894732956692446,-5.894732956692446,0.0
73,1,512,separate,-11.721259433078439,-11.721259433078439,0.0
73,1,512,exact,-3.2130260692273405,-3.2130260692273405,0.0
73,1,2048,joint,-0.9857502708207773,-0.9857502708207774,-1.1102230246251565e-16
73,1,2048,pair_coarse,-1.5995763238520582,-1.5995763238520582,0.0
73,1,2048,separate,-4.61113923838786,-4.611139238387859,8.881784197001252e-16
73,1,2048,exact,-0.9435079582997792,-0.9435079582997792,0.0
73,1,8192,joint,-0.32376996762736016,-0.32376996762736016,0.0
73,1,8192,pair_coarse,-0.5549348140850415,-0.5549348140850414,1.1102230246251565e-16
73,1,8192,separate,-2.8325362842270527,-2.8325362842270527,0.0
73,1,8192,exact,-0.29521538998743,-0.29521538998743,0.0
73,1,32768,joint,-0.06483368684658704,-0.06483368684658701,2.7755575615628914e-17
73,1,32768,pair_coarse,-0.16679269960430793,-0.16679269960430793,0.0
73,1,32768,separate,-2.1638994318944245,-2.1638994318944245,0.0
73,1,32768,exact,-0.041400714680204356,-0.041400714680204384,-2.7755575615628914e-17
73,1,131072,joint,0.05045703911490878,0.05045703911490879,1.3877787807814457e-17
73,1,131072,pair_coarse,0.0024016351308702444,0.0024016351308702604,1.6046192152785466e-17
73,1,131072,separate,-1.871009767571465,-1.871009767571465,0.0
73,1,131072,exact,0.07165180406423091,0.07165180406423087,-4.163336342344337e-17
73,1,524288,joint,0.10493690993331216,0.10493690993331214,-1.3877787807814457e-17
73,1,524288,pair_coarse,0.08158829655224731,0.08158829655224728,-2.7755575615628914e-17
73,1,524288,separate,-1.7336370731722857,-1.7336370731722859,-2.220446049250313e-16
73,1,524288,exact,0.12508302579651273,0.12508302579651273,0.0
73,2,128,joint,,,
73,2,128,pair_coarse,,,
73,2,128,separate,,,
73,2,128,exact,,,
73,2,512,joint,-9.915888845376445,-9.840889976425943,0.07499886895050167
73,2,512,pair_coarse,-22.290079982973033,-19.03236935549006,3.2577106274829717
73,2,512,separate,-34.933371831100004,-31.675661203617032,3.2577106274829717
73,2,512,exact,-9.650035448848161,-9.61573371191627,0.03430173693189076
73,2,2048,joint,-2.3545665697561806,-2.3344186335127652,0.020147936243415376
73,2,2048,pair_coarse,-3.8875827890222663,-3.2552193357850183,0.632363453237248
73,2,2048,separate,-7.765305250553726,-7.1329417973164775,0.6323634532372484
73,2,2048,exact,-2.2880013694493226,-2.278725569750513,0.00927579969880954
73,2,8192,joint,-0.8224367547867392,-0.8142545843103871,0.008182170476352058
73,2,8192,pair_coarse,-1.3214292302500703,-1.0806506006097623,0.24077862964030805
73,2,8192,separate,-3.871003372488417,-3.6302247428481094,0.2407786296403076
73,2,8192,exact,-0.7860592085961733,-0.7822867369649731,0.0037724716312002027
73,2,32768,joint,-0.2821407645562254,-0.27839228295059426,0.0037484816056311265
73,2,32768,pair_coarse,-0.4910540199634639,-0.38320184119087014,0.10785217877259373
73,2,32768,separate,-2.598641602284901,-2.4907894235123074,0.10785217877259345
73,2,32768,exact,-0.25547598214733414,-0.25374680083112333,0.0017291813162108038
73,2,131072,joint,-0.051440906533528966,-0.04964050166996415,0.0018004048635648154
73,2,131072,pair_coarse,-0.14777189430792148,-0.09645659025731879,0.051315304050602695
73,2,131072,separate,-2.0711982624335903,-2.0198829583829876,0.051315304050602695
73,2,131072,exact,-0.028767729045308624,-0.02793701386503136,0.0008307151802772646
73,2,524288,joint,0.05554430292282966,0.05642732450405251,0.0008830215812228523
73,2,524288,pair_coarse,0.009206315746484117,0.034265973565844,0.025059657819359885
73,2,524288,separate,-1.829837015075503,-1.8047773572561432,0.025059657819359815
73,2,524288,exact,0.07639856988471166,0.07680604202190974,0.0004074721371980783
73,4,128,joint,,,
73,4,128,pair_coarse,,,
73,4,128,separate,,,
73,4,128,exact,,,
73,4,512,joint,-58.04720442747363,-44.11651236227462,13.930692065199011
73,4,512,pair_coarse,,,
73,4,512,separate,,,
73,4,512,exact,-55.38793579869012,-42.19331760730497,13.194618191385153
73,4,2048,joint,-5.919037232418658,-4.352340383916221,1.5666968485024366
73,4,2048,pair_coarse,-10.53647806877529,-6.605400515320922,3.931077553454368
73,4,2048,separate,-16.36300454516128,-12.431926991706915,3.931077553454367
73,4,2048,exact,-5.784827427177559,-4.259172661011543,1.5256547661660163
73,4,8192,joint,-1.9133228423525237,-1.3571722720456632,0.5561505703068605
73,4,8192,pair_coarse,-3.053738409413536,-1.823967939259499,1.229770470154037
73,4,8192,separate,-6.0653013239493365,-4.8355308537953,1.2297704701540368
73,4,8192,exact,-1.860255380238745,-1.3172090880693035,0.5430462921694414
73,4,32768,joint,-0.7300761490765904,-0.48655014374140304,0.2435260053351873
73,4,32768,pair_coarse,-1.1688611577622778,-0.6498502389766377,0.5190109187856401
73,4,32768,separate,-3.4464626279042894,-2.9274517091186487,0.5190109187856407
73,4,32768,exact,-0.6971184190492952,-0.4591299999872972,0.23798841906199797
73,4,131072,joint,-0.2563959165870714,-0.14158998804723402,0.11480592853983737
73,4,131072,pair_coarse,-0.4521163313265303,-0.2109255664007378,0.24119076492579247
73,4,131072,separate,-2.4492230636166465,-2.2080322986908545,0.24119076492579206
73,4,131072,exact,-0.2309507943769126,-0.1187176764406365,0.1122331179362761
73,4,524288,joint,-0.04270710824070413,0.013126276824119593,0.05583338506482372
73,4,524288,pair_coarse,-0.1354866609622884,-0.018928932984833544,0.11655772797745485
73,4,524288,separate,-2.0088980636646236,-1.8923403356871689,0.11655772797745478
73,4,524288,exact,-0.02054761274196025,0.034042745421427184,0.054590358163387434
74,1,128,joint,-34.13103076672713,-34.13103076672713,0.0
74,1,128,pair_coarse,,,
74,1,128,separate,,,
74,1,128,exact,-33.28464076552184,-33.284640765521836,7.105427357601002e-15
74,1,512,joint,-3.2617486945579977,-3.261748694557997,4.440892098500626e-16
74,1,512,pair_coarse,-5.863422310573447,-5.863422310573446,8.881784197001252e-16
74,1,512,separate,-11.721259433078439,-11.721259433078439,0.0
74,1,512,exact,-3.2130260692273405,-3.2130260692273405,0.0
74,1,2048,joint,-0.9648233433216823,-0.9648233433216823,0.0
74,1,2048,pair_coarse,-1.583392757010941,-1.583392757010941,0.0
74,1,2048,separate,-4.61113923838786,-4.611139238387859,8.881784197001252e-16
74,1,2048,exact,-0.9435079582997792,-0.9435079582997792,0.0
74,1,8192,joint,-0.30964299455027433,-0.3096429945502744,-5.551115123125783e-17
74,1,8192,pair_coarse,-0.5426954165776673,-0.5426954165776672,1.1102230246251565e-16
74,1,8192,separate,-2.8325362842270527,-2.8325362842270527,0.0
74,1,8192,exact,-0.29521538998743,-0.29521538998743,0.0
74,1,32768,joint,-0.053249425540485035,-0.05324942554048505,-1.3877787807814457e-17
74,1,32768,pair_coarse,-0.15606062751812866,-0.15606062751812866,0.0
74,1,32768,separate,-2.1638994318944245,-2.1638994318944245,0.0
74,1,32768,exact,-0.041400714680204356,-0.041400714680204384,-2.7755575615628914e-17
74,1,131072,joint,0.06093042476484533,0.06093042476484536,2.7755575615628914e-17
74,1,131072,pair_coarse,0.012468992020612552,0.012468992020612567,1.5612511283791264e-17
74,1,131072,separate,-1.871009767571465,-1.871009767571465,0.0
74,1,131072,exact,0.07165180406423091,0.07165180406423087,-4.163336342344337e-17
74,1,524288,joint,0.11488989722609089,0.11488989722609089,0.0
74,1,524288,pair_coarse,0.0913429727573622,0.09134297275736217,-2.7755575615628914e-17
74,1,524288,separate,-1.7336370731722857,-1.7336370731722859,-2.220446049250313e-16
74,1,524288,exact,0.12508302579651273,0.12508302579651273,0.0
74,2,128,joint,,,
74,2,128,pair_coarse,,,
74,2,128,separate,,,
74,2,128,exact,,,
74,2,512,joint,-9.783436250399923,-9.728784135991823,0.054652114408099806
74,2,512,pair_coarse,-22.222137335078045,-18.964426707595074,3.2577106274829717
74,2,512,separate,-34.933371831100004,-31.675661203617032,3.2577106274829717
74,2,512,exact,-9.650035448848161,-9.61573371191627,0.03430173693189076
74,2,2048,joint,-2.321542108164481,-2.3068131593507735,0.014728948813707454
74,2,2048,pair_coarse,-3.866744645364501,-3.234381192127253,0.632363453237248
74,2,2048,separate,-7.765305250553726,-7.1329417973164775,0.6323634532372484
74,2,2048,exact,-2.2880013694493226,-2.278725569750513,0.00927579969880954
74,2,8192,joint,-0.8044224332916123,-0.7984366086700226,0.005985824621589697
74,2,8192,pair_coarse,-1.307728303283496,-1.066949673643188,0.24077862964030805
74,2,8192,separate,-3.871003372488417,-3.6302247428481094,0.2407786296403076
74,2,8192,exact,-0.7860592085961733,-0.7822867369649731,0.0037724716312002027
74,2,32768,joint,-0.26895113376926477,-0.26620814629226897,0.0027429874769958063
74,2,32768,pair_coarse,-0.4797282447829493,-0.3718760660103556,0.10785217877259368
74,2,32768,separate,-2.598641602284901,-2.4907894235123074,0.10785217877259345
74,2,32768,exact,-0.25547598214733414,-0.25374680083112333,0.0017291813162108038
74,2,131072,joint,-0.04023324627010773,-0.038915636833404904,0.001317609436702824
74,2,131072,pair_coarse,-0.13743576649791117,-0.08612046244730848,0.051315304050602695
74,2,131072,separate,-2.0711982624335903,-2.0198829583829876,0.051315304050602695
74,2,131072,exact,-0.028767729045308624,-0.02793701386503136,0.0008307151802772646
74,2,524288,joint,0.0658489786354699,0.06649524268923511,0.0006462640537652081
74,2,524288,pair_coarse,0.019088985148612847,0.04414864296797273,0.025059657819359885
74,2,524288,separate,-1.829837015075503,-1.8047773572561432,0.025059657819359815
74,2,524288,exact,0.07639856988471166,0.07680604202190974,0.0004074721371980783
74,4,128,joint,,,
74,4,128,pair_coarse,,,
74,4,128,separate,,,
74,4,128,exact,,,
74,4,512,joint,-56.7062493299093,-43.14711208025746,13.55913724965184
74,4,512,pair_coarse,,,
74,4,512,separate,,,
74,4,512,exact,-55.38793579869012,-42.19331760730497,13.194618191385153
74,4,2048,joint,-5.852327309723213,-4.306087253881792,1.5462400558414213
74,4,2048,pair_coarse,-10.50516742265629,-6.574089869201923,3.931077553454368
74,4,2048,separate,-16.36300454516128,-12.431926991706915,3.931077553454367
74,4,2048,exact,-5.784827427177559,-4.259172661011543,1.5256547661660163
74,4,8192,joint,-1.887010467801729,-1.3373839806821513,0.5496264871195777
74,4,8192,pair_coarse,-3.037554842572418,-1.807784372418382,1.2297704701540362
74,4,8192,separate,-6.0653013239493365,-4.8355308537953,1.2297704701540368
74,4,8192,exact,-1.860255380238745,-1.3172090880693035,0.5430462921694414
74,4,32768,joint,-0.7137593786097512,-0.47298932711935404,0.2407700514903972
74,4,32768,pair_coarse,-1.1566217602549036,-0.6376108414692635,0.5190109187856401
74,4,32768,separate,-3.4464626279042894,-2.9274517091186487,0.5190109187856407
74,4,32768,exact,-0.6971184190492952,-0.4591299999872972,0.23798841906199797
74,4,131072,joint,-0.24381109534527637,-0.1302854259387256,0.11352566940655076
74,4,131072,pair_coarse,-0.4413842592403511,-0.20019349431455855,0.24119076492579253
74,4,131072,separate,-2.4492230636166465,-2.2080322986908545,0.24119076492579206
74,4,131072,exact,-0.2309507943769126,-0.1187176764406365,0.1122331179362761
74,4,524288,joint,-0.03175402936222603,0.023460850474342727,0.05521487983656875
74,4,524288,pair_coarse,-0.1254193040725461,-0.008861576095091236,0.11655772797745485
74,4,524288,separate,-2.0088980636646236,-1.8923403356871689,0.11655772797745478
74,4,524288,exact,-0.02054761274196025,0.034042745421427184,0.054590358163387434
75,1,128,joint,,,
75,1,128,pair_coarse,,,
75,1,128,separate,,,
75,1,128,exact,-33.28464076552184,-33.284640765521836,7.105427357601002e-15
75,1,512,joint,-11.583608564835803,-11.583608564835803,0.0
75,1,512,pair_coarse,-11.583608564835803,-11.583608564835803,0.0
75,1,512,separate,-11.721259433078439,-11.721259433078439,0.0
75,1,512,exact,-3.2130260692273405,-3.2130260692273405,0.0
75,1,2048,joint,-4.539991488243196,-4.539991488243195,8.881784197001252e-16
75,1,2048,pair_coarse,-4.539991488243196,-4.539991488243195,8.881784197001252e-16
75,1,2048,separate,-4.61113923838786,-4.611139238387859,8.881784197001252e-16
75,1,2048,exact,-0.9435079582997792,-0.9435079582997792,0.0
75,1,8192,joint,-2.7787282699416327,-2.7787282699416327,0.0
75,1,8192,pair_coarse,-2.7787282699416327,-2.7787282699416327,0.0
75,1,8192,separate,-2.8325362842270527,-2.8325362842270527,0.0
75,1,8192,exact,-0.29521538998743,-0.29521538998743,0.0
75,1,32768,joint,-2.1167180663266048,-2.1167180663266043,4.440892098500626e-16
75,1,32768,pair_coarse,-2.1167180663266048,-2.1167180663266043,4.440892098500626e-16
75,1,32768,separate,-2.1638994318944245,-2.1638994318944245,0.0
75,1,32768,exact,-0.041400714680204356,-0.041400714680204384,-2.7755575615628914e-17
75,1,131072,joint,-1.8267506867618666,-1.8267506867618666,0.0
75,1,131072,pair_coarse,-1.8267506867618666,-1.8267506867618666,0.0
75,1,131072,separate,-1.871009767571465,-1.871009767571465,0.0
75,1,131072,exact,0.07165180406423091,0.07165180406423087,-4.163336342344337e-17
75,1,524288,joint,-1.6907526292053154,-1.6907526292053157,-2.220446049250313e-16
75,1,524288,pair_coarse,-1.6907526292053154,-1.6907526292053157,-2.220446049250313e-16
75,1,524288,separate,-1.7336370731722857,-1.7336370731722859,-2.220446049250313e-16
75,1,524288,exact,0.12508302579651273,0.12508302579651273,0.0
75,2,128,joint,,,
75,2,128,pair_coarse,,,
75,2,128,separate,,,
75,2,128,exact,,,
75,2,512,joint,-34.63467584003343,-31.376965212550463,3.257710627482968
75,2,512,pair_coarse,-34.63467584003343,-31.376965212550463,3.257710627482968
75,2,512,separate,-34.933371831100004,-31.675661203617032,3.2577106274829717
75,2,512,exact,-9.650035448848161,-9.61573371191627,0.03430173693189076
75,2,2048,joint,-7.673694602975434,-7.041331149738187,0.6323634532372475
75,2,2048,pair_coarse,-7.673694602975434,-7.041331149738187,0.6323634532372475
75,2,2048,separate,-7.765305250553726,-7.1329417973164775,0.6323634532372484
75,2,2048,exact,-2.2880013694493226,-2.278725569750513,0.00927579969880954
75,2,8192,joint,-3.810770042089862,-3.5699914124495544,0.2407786296403076
75,2,8192,pair_coarse,-3.810770042089862,-3.5699914124495544,0.2407786296403076
75,2,8192,separate,-3.871003372488417,-3.6302247428481094,0.2407786296403076
75,2,8192,exact,-0.7860592085961733,-0.7822867369649731,0.0037724716312002027
75,2,32768,joint,-2.5488501421791723,-2.440997963406579,0.10785217877259345
75,2,32768,pair_coarse,-2.5488501421791723,-2.440997963406579,0.10785217877259345
75,2,32768,separate,-2.598641602284901,-2.4907894235123074,0.10785217877259345
75,2,32768,exact,-0.25547598214733414,-0.25374680083112333,0.0017291813162108038
75,2,131072,joint,-2.025757585102711,-1.9744422810521085,0.051315304050602695
75,2,131072,pair_coarse,-2.025757585102711,-1.9744422810521085,0.051315304050602695
75,2,131072,separate,-2.0711982624335903,-2.0198829583829876,0.051315304050602695
75,2,131072,exact,-0.028767729045308624,-0.02793701386503136,0.0008307151802772646
75,2,524288,joint,-1.7863898751286689,-1.761330217309309,0.025059657819359815
75,2,524288,pair_coarse,-1.7863898751286689,-1.761330217309309,0.025059657819359815
75,2,524288,separate,-1.829837015075503,-1.8047773572561432,0.025059657819359815
75,2,524288,exact,0.07639856988471166,0.07680604202190974,0.0004074721371980783
75,4,128,joint,,,
75,4,128,pair_coarse,,,
75,4,128,separate,,,
75,4,128,exact,,,
75,4,512,joint,,,
75,4,512,pair_coarse,,,
75,4,512,separate,,,
75,4,512,exact,-55.38793579869012,-42.19331760730497,13.194618191385153
75,4,2048,joint,-16.225353676918644,-12.294276123464279,3.931077553454365
75,4,2048,pair_coarse,-16.225353676918644,-12.294276123464279,3.931077553454365
75,4,2048,separate,-16.36300454516128,-12.431926991706915,3.931077553454367
75,4,2048,exact,-5.784827427177559,-4.259172661011543,1.5256547661660163
75,4,8192,joint,-5.994153573804674,-4.764383103650636,1.2297704701540377
75,4,8192,pair_coarse,-5.994153573804674,-4.764383103650636,1.2297704701540377
75,4,8192,separate,-6.0653013239493365,-4.8355308537953,1.2297704701540368
75,4,8192,exact,-1.860255380238745,-1.3172090880693035,0.5430462921694414
75,4,32768,joint,-3.3926546136188693,-2.8736436948332287,0.5190109187856407
75,4,32768,pair_coarse,-3.3926546136188693,-2.8736436948332287,0.5190109187856407
75,4,32768,separate,-3.4464626279042894,-2.9274517091186487,0.5190109187856407
75,4,32768,exact,-0.6971184190492952,-0.4591299999872972,0.23798841906199797
75,4,131072,joint,-2.402041698048827,-2.1608509331230343,0.2411907649257925
75,4,131072,pair_coarse,-2.402041698048827,-2.1608509331230343,0.2411907649257925
75,4,131072,separate,-2.4492230636166465,-2.2080322986908545,0.24119076492579206
75,4,131072,exact,-0.2309507943769126,-0.1187176764406365,0.1122331179362761
75,4,524288,joint,-1.9646389828550253,-1.8480812548775705,0.11655772797745478
75,4,524288,pair_coarse,-1.9646389828550253,-1.8480812548775705,0.11655772797745478
75,4,524288,separate,-2.0088980636646236,-1.8923403356871689,0.11655772797745478
75,4,524288,exact,-0.02054761274196025,0.034042745421427184,0.054590358163387434
76,1,128,joint,-146.95705550480204,-146.957055504802,2.842170943040401e-14
76,1,128,pair_coarse,,,
76,1,128,separate,,,
76,1,128,exact,-33.28464076552184,-33.284640765521836,7.105427357601002e-15
76,1,512,joint,-5.990789284890079,-5.990789284890077,1.7763568394002505e-15
76,1,512,pair_coarse,-7.663026168008181,-7.663026168008181,0.0
76,1,512,separate,-11.721259433078439,-11.721259433078439,0.0
76,1,512,exact,-3.2130260692273405,-3.2130260692273405,0.0
76,1,2048,joint,-2.1383934716751414,-2.138393471675141,4.440892098500626e-16
76,1,2048,pair_coarse,-2.5135559099410605,-2.513555909941061,-4.440892098500626e-16
76,1,2048,separate,-4.61113923838786,-4.611139238387859,8.881784197001252e-16
76,1,2048,exact,-0.9435079582997792,-0.9435079582997792,0.0
76,1,8192,joint,-1.1076591751630123,-1.107659175163012,2.220446049250313e-16
76,1,8192,pair_coarse,-1.2461643543707597,-1.2461643543707597,0.0
76,1,8192,separate,-2.8325362842270527,-2.8325362842270527,0.0
76,1,8192,exact,-0.29521538998743,-0.29521538998743,0.0
76,1,32768,joint,-0.7123409389828523,-0.7123409389828523,0.0
76,1,32768,pair_coarse,-0.7728948586340602,-0.77289485863406,1.1102230246251565e-16
76,1,32768,separate,-2.1638994318944245,-2.1638994318944245,0.0
76,1,32768,exact,-0.041400714680204356,-0.041400714680204384,-2.7755575615628914e-17
76,1,131072,joint,-0.5377392735023314,-0.5377392735023313,1.1102230246251565e-16
76,1,131072,pair_coarse,-0.566160213652629,-0.566160213652629,0.0
76,1,131072,separate,-1.871009767571465,-1.871009767571465,0.0
76,1,131072,exact,0.07165180406423091,0.07165180406423087,-4.163336342344337e-17
76,1,524288,joint,-0.4555340759693484,-0.4555340759693484,0.0
76,1,524288,pair_coarse,-0.4693146661822419,-0.4693146661822419,0.0
76,1,524288,separate,-1.7336370731722857,-1.7336370731722859,-2.220446049250313e-16
76,1,524288,exact,0.12508302579651273,0.12508302579651273,0.0
76,2,128,joint,,,
76,2,128,pair_coarse,,,
76,2,128,separate,,,
76,2,128,exact,,,
76,2,512,joint,-17.60519045201368,-16.385679739596995,1.2195107124166853
76,2,512,pair_coarse,-26.127194125393245,-22.869483497910274,3.2577106274829717
76,2,512,separate,-34.933371831100004,-31.675661203617032,3.2577106274829717
76,2,512,exact,-9.650035448848161,-9.61573371191627,0.03430173693189076
76,2,2048,joint,-4.138686911466253,-3.85472219062194,0.28396472084431235
76,2,2048,pair_coarse,-5.064433238751239,-4.432069785513991,0.6323634532372484
76,2,2048,separate,-7.765305250553726,-7.1329417973164775,0.6323634532372484
76,2,2048,exact,-2.2880013694493226,-2.278725569750513,0.00927579969880954
76,2,8192,joint,-1.8032351720625093,-1.6914322751906232,0.11180289687188605
76,2,8192,pair_coarse,-2.0951997890449254,-1.8544211594046174,0.24077862964030805
76,2,8192,separate,-3.871003372488417,-3.6302247428481094,0.2407786296403076
76,2,8192,exact,-0.7860592085961733,-0.7822867369649731,0.0037724716312002027
76,2,32768,joint,-1.0099872555160374,-0.9593288137038042,0.050658441812233224
76,2,32768,pair_coarse,-1.1306860252717061,-1.0228338464991125,0.10785217877259368
76,2,32768,separate,-2.598641602284901,-2.4907894235123074,0.10785217877259345
76,2,32768,exact,-0.25547598214733414,-0.25374680083112333,0.0017291813162108038
76,2,131072,joint,-0.6761785103442444,-0.6519602438165488,0.024218266527695542
76,2,131072,pair_coarse,-0.7315127908792769,-0.6801974868286742,0.051315304050602695
76,2,131072,separate,-2.0711982624335903,-2.0198829583829876,0.051315304050602695
76,2,131072,exact,-0.028767729045308624,-0.02793701386503136,0.0008307151802772646
76,2,524288,joint,-0.5223813237181284,-0.5105286820150782,0.011852641703050226
76,2,524288,pair_coarse,-0.5489251628261642,-0.5238655050068043,0.025059657819359926
76,2,524288,separate,-1.829837015075503,-1.8047773572561432,0.025059657819359815
76,2,524288,exact,0.07639856988471166,0.07680604202190974,0.0004074721371980783
76,4,128,joint,,,
76,4,128,pair_coarse,,,
76,4,128,separate,,,
76,4,128,exact,,,
76,4,512,joint,-228.67185089713763,-168.2315987517594,60.440252145378224
76,4,512,pair_coarse,,,
76,4,512,separate,,,
76,4,512,exact,-55.38793579869012,-42.19331760730497,13.194618191385153
76,4,2048,joint,-9.485199236650608,-6.916453833793793,2.5687454028568153
76,4,2048,pair_coarse,-12.304771280091025,-8.373693726636658,3.931077553454367
76,4,2048,separate,-16.36300454516128,-12.431926991706915,3.931077553454367
76,4,2048,exact,-5.784827427177559,-4.259172661011543,1.5256547661660163
76,4,8192,joint,-3.309062513325541,-2.4497401902111218,0.8593223231144194
76,4,8192,pair_coarse,-3.967717995502538,-2.7379475253485017,1.2297704701540364
76,4,8192,separate,-6.0653013239493365,-4.8355308537953,1.2297704701540368
76,4,8192,exact,-1.860255380238745,-1.3172090880693035,0.5430462921694414
76,4,32768,joint,-1.6113455991326973,-1.2417469248404442,0.369598674292253
76,4,32768,pair_coarse,-1.860090698047996,-1.3410797792623559,0.5190109187856402
76,4,32768,separate,-3.4464626279042894,-2.9274517091186487,0.5190109187856407
76,4,32768,exact,-0.6971184190492952,-0.4591299999872972,0.23798841906199797
76,4,131072,joint,-0.9481431032848907,-0.7751293779593892,0.17301372532550152
76,4,131072,pair_coarse,-1.0582184903562823,-0.81702772543049,0.2411907649257924
76,4,131072,separate,-2.4492230636166465,-2.2080322986908545,0.24119076492579206
76,4,131072,exact,-0.2309507943769126,-0.1187176764406365,0.1122331179362761
76,4,524288,joint,-0.652060107933774,-0.5681819505832352,0.08387815735053883
76,4,524288,pair_coarse,-0.7040485097457877,-0.5874907817683328,0.1165577279774549
76,4,524288,separate,-2.0088980636646236,-1.8923403356871689,0.11655772797745478
76,4,524288,exact,-0.02054761274196025,0.034042745421427184,0.054590358163387434
77,1,128,joint,-58.59420972562446,-58.59420972562446,0.0
77,1,128,pair_coarse,,,
77,1,128,separate,,,
77,1,128,exact,-33.28464076552184,-33.284640765521836,7.105427357601002e-15
77,1,512,joint,-4.319445791528099,-4.319445791528098,8.881784197001252e-16
77,1,512,pair_coarse,-6.553979250412608,-6.553979250412608,0.0
77,1,512,separate,-11.721259433078439,-11.721259433078439,0.0
77,1,512,exact,-3.2130260692273405,-3.2130260692273405,0.0
77,1,2048,joint,-1.4222595597219243,-1.4222595597219243,0.0
77,1,2048,pair_coarse,-1.9403216543262574,-1.9403216543262574,0.0
77,1,2048,separate,-4.61113923838786,-4.611139238387859,8.881784197001252e-16
77,1,2048,exact,-0.9435079582997792,-0.9435079582997792,0.0
77,1,8192,joint,-0.619168598245101,-0.619168598245101,0.0
77,1,8192,pair_coarse,-0.8126355786568771,-0.8126355786568771,0.0
77,1,8192,separate,-2.8325362842270527,-2.8325362842270527,0.0
77,1,8192,exact,-0.29521538998743,-0.29521538998743,0.0
77,1,32768,joint,-0.3077407646293825,-0.30774076462938255,-5.551115123125783e-17
77,1,32768,pair_coarse,-0.39275669663783364,-0.3927566966378337,-5.551115123125783e-17
77,1,32768,separate,-2.1638994318944245,-2.1638994318944245,0.0
77,1,32768,exact,-0.041400714680204356,-0.041400714680204384,-2.7755575615628914e-17
77,1,131072,joint,-0.1695672941631618,-0.16956729416316182,-2.7755575615628914e-17
77,1,131072,pair_coarse,-0.20956676986137138,-0.20956676986137138,0.0
77,1,131072,separate,-1.871009767571465,-1.871009767571465,0.0
77,1,131072,exact,0.07165180406423091,0.07165180406423087,-4.163336342344337e-17
77,1,524288,joint,-0.10437874681513658,-0.1043787468151366,-2.7755575615628914e-17
77,1,524288,pair_coarse,-0.1237966102370156,-0.1237966102370156,0.0
77,1,524288,separate,-1.7336370731722857,-1.7336370731722859,-2.220446049250313e-16
77,1,524288,exact,0.12508302579651273,0.12508302579651273,0.0
77,2,128,joint,,,
77,2,128,pair_coarse,,,
77,2,128,separate,,,
77,2,128,exact,,,
77,2,512,joint,-12.747949907449264,-12.24032140876518,0.5076284986840847
77,2,512,pair_coarse,-23.720613822487998,-20.462903195005026,3.2577106274829717
77,2,512,separate,-34.933371831100004,-31.675661203617032,3.2577106274829717
77,2,512,exact,-9.650035448848161,-9.61573371191627,0.03430173693189076
77,2,2048,joint,-3.038352546142173,-2.909936691686795,0.12841585445537795
77,2,2048,pair_coarse,-4.326330329465209,-3.693966876227961,0.6323634532372484
77,2,2048,separate,-7.765305250553726,-7.1329417973164775,0.6323634532372484
77,2,2048,exact,-2.2880013694493226,-2.278725569750513,0.00927579969880954
77,2,8192,joint,-1.196228185343955,-1.144779398591272,0.05144878675268294
77,2,8192,pair_coarse,-1.6099025274447887,-1.3691238978044806,0.24077862964030805
77,2,8192,separate,-3.871003372488417,-3.6302247428481094,0.2407786296403076
77,2,8192,exact,-0.7860592085961733,-0.7822867369649731,0.0037724716312002027
77,2,32768,joint,-0.5572464302210134,-0.5337907623065308,0.023455667914482614
77,2,32768,pair_coarse,-0.7295184477777277,-0.6216662690051341,0.10785217877259357
77,2,32768,separate,-2.598641602284901,-2.4907894235123074,0.10785217877259345
77,2,32768,exact,-0.25547598214733414,-0.25374680083112333,0.0017291813162108038
77,2,131072,joint,-0.2861557510307743,-0.27491319576047635,0.011242555270297938
77,2,131072,pair_coarse,-0.365399276517465,-0.3140839724668623,0.051315304050602695
77,2,131072,separate,-2.0711982624335903,-2.0198829583829876,0.051315304050602695
77,2,131072,exact,-0.028767729045308624,-0.02793701386503136,0.0008307151802772646
77,2,524288,joint,-0.16079908557718678,-0.1552903347035043,0.005508750873682466
77,2,524288,pair_coarse,-0.19887349042083957,-0.1738138326014797,0.02505965781935987
77,2,524288,separate,-1.829837015075503,-1.8047773572561432,0.025059657819359815
77,2,524288,exact,0.07639856988471166,0.07680604202190974,0.0004074721371980783
77,4,128,joint,,,
77,4,128,pair_coarse,,,
77,4,128,separate,,,
77,4,128,exact,,,
77,4,512,joint,-94.51210217754199,-70.5200060583199,23.992096119222097
77,4,512,pair_coarse,,,
77,4,512,separate,,,
77,4,512,exact,-55.38793579869012,-42.19331760730497,13.194618191385153
77,4,2048,joint,-7.296120847255599,-5.320115388480213,1.9760054587753864
77,4,2048,pair_coarse,-11.195724362495453,-7.264646809041085,3.931077553454368
77,4,2048,separate,-16.36300454516128,-12.431926991706915,3.931077553454367
77,4,2048,exact,-5.784827427177559,-4.259172661011543,1.5256547661660163
77,4,8192,joint,-2.4536788603935182,-1.769982434272125,0.6836964261213931
77,4,8192,pair_coarse,-3.3944837398877348,-2.164713269733698,1.2297704701540368
77,4,8192,separate,-6.0653013239493365,-4.8355308537953,1.2297704701540368
77,4,8192,exact,-1.860255380238745,-1.3172090880693035,0.5430462921694414
77,4,32768,joint,-1.067418148909536,-0.7703913131104958,0.2970268357990402
77,4,32768,pair_coarse,-1.4265619223341135,-0.9075510035484733,0.5190109187856402
77,4,32768,separate,-3.4464626279042894,-2.9274517091186487,0.5190109187856407
77,4,32768,exact,-0.6971184190492952,-0.4591299999872972,0.23798841906199797
77,4,131072,joint,-0.5184180483219067,-0.3788274737615218,0.13959057456038493
77,4,131072,pair_coarse,-0.6780803283600559,-0.43688956343426355,0.2411907649257924
77,4,131072,separate,-2.4492230636166465,-2.2080322986908545,0.24119076492579206
77,4,131072,exact,-0.2309507943769126,-0.1187176764406365,0.1122331179362761
77,4,524288,joint,-0.2718852841174089,-0.2040928694766599,0.06779241464074903
77,4,524288,pair_coarse,-0.34745506595453,-0.23089733797707518,0.11655772797745484
77,4,524288,separate,-2.0088980636646236,-1.8923403356871689,0.11655772797745478
77,4,524288,exact,-0.02054761274196025,0.034042745421427184,0.054590358163387434
78,1,128,joint,-43.108218963771456,-43.108218963771456,0.0
78,1,128,pair_coarse,,,
78,1,128,separate,,,
78,1,128,exact,-33.28464076552184,-33.284640765521836,7.105427357601002e-15
78,1,512,joint,-3.7167357262217227,-3.716735726221723,-4.440892098500626e-16
78,1,512,pair_coarse,-6.159980956547963,-6.159980956547963,0.0
78,1,512,separate,-11.721259433078439,-11.721259433078439,0.0
78,1,512,exact,-3.2130260692273405,-3.2130260692273405,0.0
78,1,2048,joint,-1.1623080067398375,-1.1623080067398373,2.220446049250313e-16
78,1,2048,pair_coarse,-1.7366753386350733,-1.7366753386350733,0.0
78,1,2048,separate,-4.61113923838786,-4.611139238387859,8.881784197001252e-16
78,1,2048,exact,-0.9435079582997792,-0.9435079582997792,0.0
78,1,8192,joint,-0.44308177393436915,-0.4430817739343691,5.551115123125783e-17
78,1,8192,pair_coarse,-0.6586208158343848,-0.6586208158343847,1.1102230246251565e-16
78,1,8192,separate,-2.8325362842270527,-2.8325362842270527,0.0
78,1,8192,exact,-0.29521538998743,-0.29521538998743,0.0
78,1,32768,joint,-0.16279073405590422,-0.16279073405590425,-2.7755575615628914e-17
78,1,32768,pair_coarse,-0.2577094007271551,-0.25770940072715504,5.551115123125783e-17
78,1,32768,separate,-2.1638994318944245,-2.1638994318944245,0.0
78,1,32768,exact,-0.041400714680204356,-0.041400714680204384,-2.7755575615628914e-17
78,1,131072,joint,-0.038179815255809164,-0.038179815255809144,2.0816681711721685e-17
78,1,131072,pair_coarse,-0.08288393415080156,-0.08288393415080154,1.3877787807814457e-17
78,1,131072,separate,-1.871009767571465,-1.871009767571465,0.0
78,1,131072,exact,0.07165180406423091,0.07165180406423087,-4.163336342344337e-17
78,1,524288,joint,0.020664119622088355,0.02066411962208837,1.3877787807814457e-17
78,1,524288,pair_coarse,-0.0010483996951321517,-0.001048399695132145,6.7220534694101275e-18
78,1,524288,separate,-1.7336370731722857,-1.7336370731722859,-2.220446049250313e-16
78,1,524288,exact,0.12508302579651273,0.12508302579651273,0.0
78,2,128,joint,,,
78,2,128,pair_coarse,,,
78,2,128,separate,,,
78,2,128,exact,,,
78,2,512,joint,-11.045955538234342,-10.797578076059313,0.24837746217502854
78,2,512,pair_coarse,-22.865655823552647,-19.607945196069675,3.2577106274829717
78,2,512,separate,-34.933371831100004,-31.675661203617032,3.2577106274829717
78,2,512,exact,-9.650035448848161,-9.61573371191627,0.03430173693189076
78,2,2048,joint,-2.6322920201305124,-2.5672374988562563,0.06505452127425615
78,2,2048,pair_coarse,-4.064113030682477,-3.4317495774452285,0.6323634532372484
78,2,2048,separate,-7.765305250553726,-7.1329417973164775,0.6323634532372484
78,2,2048,exact,-2.2880013694493226,-2.278725569750513,0.00927579969880954
78,2,8192,joint,-0.9740583998484663,-0.9477920600903249,0.02626633975814141
78,2,8192,pair_coarse,-1.4374965723367976,-1.1967179426964896,0.24077862964030805
78,2,8192,separate,-3.871003372488417,-3.6302247428481094,0.2407786296403076
78,2,8192,exact,-0.7860592085961733,-0.7822867369649731,0.0037724716312002027
78,2,32768,joint,-0.39340796041537707,-0.38139973504551056,0.01200822536986651
78,2,32768,pair_coarse,-0.587000274219196,-0.4791480954466023,0.10785217877259368
78,2,32768,separate,-2.598641602284901,-2.4907894235123074,0.10785217877259345
78,2,32768,exact,-0.25547598214733414,-0.25374680083112333,0.0017291813162108038
78,2,131072,joint,-0.14615875337962764,-0.14039629804039602,0.005762455339231615
78,2,131072,pair_coarse,-0.2353343552496841,-0.18401905119908146,0.05131530405060264
78,2,131072,separate,-2.0711982624335903,-2.0198829583829876,0.051315304050602695
78,2,131072,exact,-0.028767729045308624,-0.02793701386503136,0.0008307151802772646
78,2,524288,joint,-0.031639456327068397,-0.028814375509469116,0.0028250808175992806
78,2,524288,pair_coarse,-0.07451467430224346,-0.049455016482883564,0.02505965781935989
78,2,524288,separate,-1.829837015075503,-1.8047773572561432,0.025059657819359815
78,2,524288,exact,0.07639856988471166,0.07680604202190974,0.0004074721371980783
78,4,128,joint,,,
78,4,128,pair_coarse,,,
78,4,128,separate,,,
78,4,128,exact,,,
78,4,512,joint,-70.64851916098758,-53.23137388846733,17.417145272520244
78,4,512,pair_coarse,,,
78,4,512,separate,,,
78,4,512,exact,-55.38793579869012,-42.19331760730497,13.194618191385153
78,4,2048,joint,-6.47937114379579,-4.743086753903584,1.736284389892206
78,4,2048,pair_coarse,-10.801726068630806,-6.870648515176439,3.931077553454367
78,4,2048,separate,-16.36300454516128,-12.431926991706915,3.931077553454367
78,4,2048,exact,-5.784827427177559,-4.259172661011543,1.5256547661660163
78,4,8192,joint,-2.1337783822611573,-1.5241058469135198,0.6096725353476375
78,4,8192,pair_coarse,-3.1908374241965505,-1.9610669540425143,1.2297704701540362
78,4,8192,separate,-6.0653013239493365,-4.8355308537953,1.2297704701540368
78,4,8192,exact,-1.860255380238745,-1.3172090880693035,0.5430462921694414
78,4,32768,joint,-0.8671829987538787,-0.601120190414557,0.2660628083393217
78,4,32768,pair_coarse,-1.2725471595116211,-0.753536240725981,0.5190109187856401
78,4,32768,separate,-3.4464626279042894,-2.9274517091186487,0.5190109187856407
78,4,32768,exact,-0.6971184190492952,-0.4591299999872972,0.23798841906199797
78,4,131072,joint,-0.3624742256276887,-0.23721222584733792,0.1252619997803508
78,4,131072,pair_coarse,-0.5430330324493774,-0.3018422675235849,0.2411907649257925
78,4,131072,separate,-2.4492230636166465,-2.2080322986908545,0.24119076492579206
78,4,131072,exact,-0.2309507943769126,-0.1187176764406365,0.1122331179362761
78,4,524288,joint,-0.13523547751558176,-0.07435349698071285,0.060881980534868915
78,4,524288,pair_coarse,-0.2207722302439602,-0.10421450226650535,0.11655772797745485
78,4,524288,separate,-2.0088980636646236,-1.8923403356871689,0.11655772797745478
78,4,524288,exact,-0.02054761274196025,0.034042745421427184,0.054590358163387434
79,1,128,joint,-37.70759760651306,-37.70759760651306,0.0
79,1,128,pair_coarse,,,
79,1,128,separate,,,
79,1,128,exact,-33.28464076552184,-33.284640765521836,7.105427357601002e-15
79,1,512,joint,-3.4549096256810277,-3.4549096256810277,0.0
79,1,512,pair_coarse,-5.989253942252268,-5.989253942252268,0.0
79,1,512,separate,-11.721259433078439,-11.721259433078439,0.0
79,1,512,exact,-3.2130260692273405,-3.2130260692273405,0.0
79,1,2048,joint,-1.0488132382624356,-1.0488132382624356,0.0
79,1,2048,pair_coarse,-1.6484314858273794,-1.6484314858273792,2.220446049250313e-16
79,1,2048,separate,-4.61113923838786,-4.611139238387859,8.881784197001252e-16
79,1,2048,exact,-0.9435079582997792,-0.9435079582997792,0.0
79,1,8192,joint,-0.36636034491254776,-0.3663603449125478,-5.551115123125783e-17
79,1,8192,pair_coarse,-0.5918832663992675,-0.5918832663992675,0.0
79,1,8192,separate,-2.8325362842270527,-2.8325362842270527,0.0
79,1,8192,exact,-0.29521538998743,-0.29521538998743,0.0
79,1,32768,joint,-0.09977674805756516,-0.09977674805756516,0.0
79,1,32768,pair_coarse,-0.19919081834096303,-0.19919081834096303,0.0
79,1,32768,separate,-2.1638994318944245,-2.1638994318944245,0.0
79,1,32768,exact,-0.041400714680204356,-0.041400714680204384,-2.7755575615628914e-17
79,1,131072,joint,0.01885351111022472,0.01885351111022472,0.0
79,1,131072,pair_coarse,-0.02798983272911429,-0.02798983272911427,1.734723475976807e-17
79,1,131072,separate,-1.871009767571465,-1.871009767571465,0.0
79,1,131072,exact,0.07165180406423091,0.07165180406423087,-4.163336342344337e-17
79,1,524288,joint,0.0748974905650204,0.07489749056502039,-1.3877787807814457e-17
79,1,524288,pair_coarse,0.05214075320803868,0.05214075320803868,0.0
79,1,524288,separate,-1.7336370731722857,-1.7336370731722859,-2.220446049250313e-16
79,1,524288,exact,0.12508302579651273,0.12508302579651273,0.0
79,2,128,joint,,,
79,2,128,pair_coarse,,,
79,2,128,separate,,,
79,2,128,exact,,,
79,2,512,joint,-10.316968562455603,-10.18037659076446,0.1365919716911428
79,2,512,pair_coarse,-22.495186131730584,-19.237475504247612,3.2577106274829717
79,2,512,separate,-34.933371831100004,-31.675661203617032,3.2577106274829717
79,2,512,exact,-9.650035448848161,-9.61573371191627,0.03430173693189076
79,2,2048,joint,-2.4539471824777612,-2.4175915850166034,0.036355597461157796
79,2,2048,pair_coarse,-3.9504892480037688,-3.318125794766521,0.632363453237248
79,2,2048,separate,-7.765305250553726,-7.1329417973164775,0.6323634532372484
79,2,2048,exact,-2.2880013694493226,-2.278725569750513,0.00927579969880954
79,2,8192,joint,-0.8766661332300241,-0.8619333034180556,0.01473282981196844
79,2,8192,pair_coarse,-1.362789766696424,-1.1220111370561159,0.24077862964030805
79,2,8192,separate,-3.871003372488417,-3.6302247428481094,0.2407786296403076
79,2,8192,exact,-0.7860592085961733,-0.7822867369649731,0.0037724716312002027
79,2,32768,joint,-0.32188525015294855,-0.31514090353241614,0.006744346620532415
79,2,32768,pair_coarse,-0.5252444173197682,-0.41739223854717455,0.10785217877259368
79,2,32768,separate,-2.598641602284901,-2.4907894235123074,0.10785217877259345
79,2,32768,exact,-0.25547598214733414,-0.25374680083112333,0.0017291813162108038
79,2,131072,joint,-0.0852394602120318,-0.08200119162078,0.0032382685912518
79,2,131072,pair_coarse,-0.1789747313161822,-0.1276594272655795,0.051315304050602695
79,2,131072,separate,-2.0711982624335903,-2.0198829583829876,0.051315304050602695
79,2,131072,exact,-0.028767729045308624,-0.02793701386503136,0.0008307151802772646
79,2,524288,joint,0.02445380217190095,0.026041795424314975,0.0015879932524140265
79,2,524288,pair_coarse,-0.020627615124852505,0.004432042694507386,0.02505965781935989
79,2,524288,separate,-1.829837015075503,-1.8047773572561432,0.025059657819359815
79,2,524288,exact,0.07639856988471166,0.07680604202190974,0.0004074721371980783
79,4,128,joint,,,
79,4,128,pair_coarse,,,
79,4,128,separate,,,
79,4,128,exact,,,
79,4,512,joint,-62.27301468946964,-47.172086410882095,15.100928278587546
79,4,512,pair_coarse,,,
79,4,512,separate,,,
79,4,512,exact,-55.38793579869012,-42.19331760730497,13.194618191385153
79,4,2048,joint,-6.1196869130119635,-4.4917994072660505,1.627887505745913
79,4,2048,pair_coarse,-10.630999054335112,-6.699921500880745,3.931077553454367
79,4,2048,separate,-16.36300454516128,-12.431926991706915,3.931077553454367
79,4,2048,exact,-5.784827427177559,-4.259172661011543,1.5256547661660163
79,4,8192,joint,-1.9923764835506645,-1.4167993597764004,0.5755771237742642
79,4,8192,pair_coarse,-3.1025935713888564,-1.8728231012348202,1.2297704701540362
79,4,8192,separate,-6.0653013239493365,-4.8355308537953,1.2297704701540368
79,4,8192,exact,-1.860255380238745,-1.3172090880693035,0.5430462921694414
79,4,32768,joint,-0.7791599132771767,-0.5274390430538226,0.2517208702233541
79,4,32768,pair_coarse,-1.205809610076504,-0.6867986912908638,0.5190109187856401
79,4,32768,separate,-3.4464626279042894,-2.9274517091186487,0.5190109187856407
79,4,32768,exact,-0.6971184190492952,-0.4591299999872972,0.23798841906199797
79,4,131072,joint,-0.2943043956547942,-0.1756937013084198,0.11861069434637442
79,4,131072,pair_coarse,-0.4845144500631854,-0.24332368513739291,0.24119076492579247
79,4,131072,separate,-2.4492230636166465,-2.2080322986908545,0.24119076492579206
79,4,131072,exact,-0.2309507943769126,-0.1187176764406365,0.1122331179362761
79,4,524288,joint,-0.07573200910658187,-0.01806095567847419,0.05767105342810768
79,4,524288,pair_coarse,-0.16587812882227293,-0.04932040084481808,0.11655772797745485
79,4,524288,separate,-2.0088980636646236,-1.8923403356871689,0.11655772797745478
79,4,524288,exact,-0.02054761274196025,0.034042745421427184,0.054590358163387434
80,1,128,joint,-762.2459025776429,-762.2459025776432,-2.2737367544323206e-13
80,1,128,pair_coarse,,,
80,1,128,separate,,,
80,1,128,exact,-95.77661775651828,-95.77661775651829,-1.4210854715202004e-14
80,1,512,joint,-6.067364955659848,-6.067364955659848,0.0
80,1,512,pair_coarse,-10.99172138739403,-10.991721387394032,-1.7763568394002505e-15
80,1,512,separate,-17.113276592174227,-17.113276592174223,3.552713678800501e-15
80,1,512,exact,-3.687194629057653,-3.687194629057653,0.0
80,1,2048,joint,-1.9901484516740133,-1.990148451674013,2.220446049250313e-16
80,1,2048,pair_coarse,-2.947692547612276,-2.9476925476122764,-4.440892098500626e-16
80,1,2048,separate,-5.645454900098666,-5.645454900098665,8.881784197001252e-16
80,1,2048,exact,-0.9012353130899122,-0.9012353130899122,0.0
80,1,8192,joint,-0.9419068505722648,-0.9419068505722645,2.220446049250313e-16
80,1,8192,pair_coarse,-1.2834493119072696,-1.2834493119072696,0.0
80,1,8192,separate,-3.2240506147206274,-3.2240506147206274,0.0
80,1,8192,exact,-0.16575460327586164,-0.16575460327586164,0.0
80,1,32768,joint,-0.5452408494719521,-0.5452408494719521,0.0
80,1,32768,pair_coarse,-0.6927533087268846,-0.6927533087268846,0.0
80,1,32768,separate,-2.357878064468963,-2.357878064468963,0.0
80,1,32768,exact,0.1144297973821982,0.1144297973821982,0.0
80,1,131072,joint,-0.371025694757455,-0.371025694757455,0.0
80,1,131072,pair_coarse,-0.4399114022012934,-0.4399114022012934,0.0
80,1,131072,separate,-1.9860560202244135,-1.9860560202244135,0.0
80,1,131072,exact,0.23780038338103943,0.2378003833810394,-2.7755575615628914e-17
80,1,524288,joint,-0.28921244001675295,-0.28921244001675295,0.0
80,1,524288,pair_coarse,-0.32253701065679613,-0.32253701065679613,0.0
80,1,524288,separate,-1.8132559526938175,-1.8132559526938172,2.220446049250313e-16
80,1,524288,exact,0.29580239466967173,0.29580239466967173,0.0
80,2,128,joint,,,
80,2,128,pair_coarse,,,
80,2,128,separate,,,
80,2,128,exact,,,
80,2,512,joint,-19.579826221624334,-17.611159786502427,1.9686664351219072
80,2,512,pair_coarse,-58.210357888819125,-45.61514354649101,12.595214342328113
80,2,512,separate,-78.115198091818,-65.5199837494899,12.595214342328106
80,2,512,exact,-12.955280135963156,-11.858103912282665,1.0971762236804903
80,2,2048,joint,-4.124000029500637,-3.698315546261996,0.42568448323864105
80,2,2048,pair_coarse,-6.625787831596942,-5.13515051982781,1.4906373117691327
80,2,2048,separate,-10.285359806735647,-8.794722494966512,1.4906373117691345
80,2,2048,exact,-2.54677648538761,-2.2879003233458195,0.25887616204179054
80,2,8192,joint,-1.6717912050862849,-1.5065824626726836,0.16520874241360128
80,2,8192,pair_coarse,-2.411527815898637,-1.8797102351974198,0.5318175807012173
80,2,8192,separate,-4.626599892587157,-4.094782311885939,0.531817580701218
80,2,8192,exact,-0.7454255875718827,-0.6432270515608913,0.10219853601099138
80,2,32768,joint,-0.8559316657369899,-0.7814471131984831,0.07448455253850672
80,2,32768,pair_coarse,-1.1557171356662779,-0.9224800180906529,0.23323711757562493
80,2,32768,separate,-2.9284153437975347,-2.69517822622191,0.2332371175756247
80,2,32768,exact,-0.1353238565357169,-0.08897370399594445,0.046350152539772455
80,2,131072,joint,-0.5152394435281241,-0.47970471458376157,0.03553472894436255
80,2,131072,pair_coarse,-0.6516177086385208,-0.5415932453159399,0.11002446332258087
80,2,131072,separate,-2.245683194125339,-2.1356587308027577,0.11002446332258131
80,2,131072,exact,0.12122192587498423,0.14338925772056602,0.022167331845581784
80,2,524288,joint,-0.3587870005588171,-0.34141249825987635,0.017374502298940775
80,2,524288,pair_coarse,-0.42398717692376675,-0.370464155894313,0.05352302102945378
80,2,524288,separate,-1.9373517584127724,-1.8838287373833187,0.05352302102945372
80,2,524288,exact,0.23940837524335973,0.25025922487255636,0.010850849629196635
80,4,128,joint,,,
80,4,128,pair_coarse,,,
80,4,128,separate,,,
80,4,128,exact,,,
80,4,512,joint,-1219.4055505172928,-857.5661596940101,361.83939082328266
80,4,512,pair_coarse,,,
80,4,512,separate,,,
80,4,512,exact,-165.3736358534829,-114.61656734596116,50.75706850752175
80,4,2048,joint,-10.028808698039917,-6.912500838915597,3.11630785912432
80,4,2048,pair_coarse,-18.549532127555743,-10.977656303328043,7.5718758242277
80,4,2048,separate,-24.67108733233594,-17.099211508108237,7.571875824227703
80,4,2048,exact,-7.098605198978009,-4.625980522832626,2.472624676145383
80,4,8192,joint,-3.2800883801864096,-2.2667982582962205,1.013290121890189
80,4,8192,pair_coarse,-5.0057570656565975,-2.9467489232730797,2.059008142383518
80,4,8192,separate,-7.703519418142987,-5.644511275759468,2.0590081423835187
80,4,8192,exact,-2.050100096701956,-1.218590315911802,0.8315097807901539
80,4,32768,joint,-1.4923852582529928,-1.0601171919412948,0.432268066311698
80,4,32768,pair_coarse,-2.1219817387312916,-1.2833538467631647,0.8386278919681269
80,4,32768,separate,-4.062583041544649,-3.223955149576522,0.8386278919681267
80,4,32768,exact,-0.6608191914594452,-0.3026333279309126,0.35818586352853266
80,4,131072,joint,-0.8021321262987129,-0.6004233127325928,0.20170881356612014
80,4,131072,pair_coarse,-1.0773416184005415,-0.692742402402804,0.3845992159977375
80,4,131072,separate,-2.7424663741426203,-2.3578671581448822,0.38459921599773805
80,4,131072,exact,-0.11747493004248971,0.050296800464820324,0.16777173050731004
80,4,524288,joint,-0.49539712843897354,-0.397743836449794,0.09765329198917955
80,4,524288,pair_coarse,-0.6247139571101541,-0.4399100945510791,0.184803862559075
80,4,524288,separate,-2.170858575133274,-1.9860547125741992,0.18480386255907466
80,4,524288,exact,0.1253393674972852,0.20669767559286273,0.08135830809557754
81,1,128,joint,-176.96279172496935,-176.96279172496935,0.0
81,1,128,pair_coarse,,,
81,1,128,separate,,,
81,1,128,exact,-95.77661775651828,-95.77661775651829,-1.4210854715202004e-14
81,1,512,joint,-4.547637591058198,-4.547637591058198,0.0
81,1,512,pair_coarse,-9.413464363369144,-9.413464363369146,-1.7763568394002505e-15
81,1,512,separate,-17.113276592174227,-17.113276592174223,3.552713678800501e-15
81,1,512,exact,-3.687194629057653,-3.687194629057653,0.0
81,1,2048,joint,-1.2853822187386574,-1.2853822187386574,0.0
81,1,2048,pair_coarse,-2.2521564886322403,-2.2521564886322407,-4.440892098500626e-16
81,1,2048,separate,-5.645454900098666,-5.645454900098665,8.881784197001252e-16
81,1,2048,exact,-0.9012353130899122,-0.9012353130899122,0.0
81,1,8192,joint,-0.4353212205613669,-0.4353212205613669,0.0
81,1,8192,pair_coarse,-0.7831242254643062,-0.783124225464306,1.1102230246251565e-16
81,1,8192,separate,-3.2240506147206274,-3.2240506147206274,0.0
81,1,8192,exact,-0.16575460327586164,-0.16575460327586164,0.0
81,1,32768,joint,-0.112605474304028,-0.11260547430402797,2.7755575615628914e-17
81,1,32768,pair_coarse,-0.26345148039811106,-0.26345148039811106,0.0
81,1,32768,separate,-2.357878064468963,-2.357878064468963,0.0
81,1,32768,exact,0.1144297973821982,0.1144297973821982,0.0
81,1,131072,joint,0.029304968525833884,0.029304968525833884,0.0
81,1,131072,pair_coarse,-0.041284987520306585,-0.04128498752030662,-3.469446951953614e-17
81,1,131072,separate,-1.9860560202244135,-1.9860560202244135,0.0
81,1,131072,exact,0.23780038338103943,0.2378003833810394,-2.7755575615628914e-17
81,1,524288,joint,0.09598443201581881,0.0959844320158188,-1.3877787807814457e-17
81,1,524288,pair_coarse,0.06179957741802354,0.06179957741802354,0.0
81,1,524288,separate,-1.8132559526938175,-1.8132559526938172,2.220446049250313e-16
81,1,524288,exact,0.29580239466967173,0.29580239466967173,0.0
81,2,128,joint,,,
81,2,128,pair_coarse,,,
81,2,128,separate,,,
81,2,128,exact,,,
81,2,512,joint,-15.427911833122014,-13.957474949380002,1.4704368837420123
81,2,512,pair_coarse,-53.078499592753346,-40.48328525042523,12.595214342328113
81,2,512,separate,-78.115198091818,-65.5199837494899,12.595214342328106
81,2,512,exact,-12.955280135963156,-11.858103912282665,1.0971762236804903
81,2,2048,joint,-3.1195731147231784,-2.785974566887898,0.33359854783528053
81,2,2048,pair_coarse,-5.682278383184696,-4.191641071415563,1.4906373117691327
81,2,2048,separate,-10.285359806735647,-8.794722494966512,1.4906373117691345
81,2,2048,exact,-2.54677648538761,-2.2879003233458195,0.25887616204179054
81,2,8192,joint,-1.0731933367680444,-0.9425265376265011,0.13066679914154333
81,2,8192,pair_coarse,-1.8404387794026291,-1.3086211987014118,0.5318175807012173
81,2,8192,separate,-4.626599892587157,-4.094782311885939,0.531817580701218
81,2,8192,exact,-0.7454255875718827,-0.6432270515608913,0.10219853601099138
81,2,32768,joint,-0.38601877137165197,-0.32691974927049094,0.059099022101161025
81,2,32768,pair_coarse,-0.6986807609432727,-0.46544364336764776,0.23323711757562493
81,2,32768,separate,-2.9284153437975347,-2.69517822622191,0.2332371175756247
81,2,32768,exact,-0.1353238565357169,-0.08897370399594445,0.046350152539772455
81,2,131072,joint,-0.09801722081278748,-0.06978510430329113,0.02823211650949635
81,2,131072,pair_coarse,-0.24063635421723942,-0.1306118908946585,0.11002446332258092
81,2,131072,separate,-2.245683194125339,-2.1356587308027577,0.11002446332258131
81,2,131072,exact,0.12122192587498423,0.14338925772056602,0.022167331845581784
81,2,524288,joint,0.03446251078312271,0.04827479932003788,0.013812288536915171
81,2,524288,pair_coarse,-0.033812098737689006,0.01971092229176477,0.05352302102945378
81,2,524288,separate,-1.9373517584127724,-1.8838287373833187,0.05352302102945372
81,2,524288,exact,0.23940837524335973,0.25025922487255636,0.010850849629196635
81,4,128,joint,,,
81,4,128,pair_coarse,,,
81,4,128,separate,,,
81,4,128,exact,,,
81,4,512,joint,-296.51996938394115,-205.7757807390196,90.74418864492154
81,4,512,pair_coarse,,,
81,4,512,separate,,,
81,4,512,exact,-165.3736358534829,-114.61656734596116,50.75706850752175
81,4,2048,joint,-8.20589067703434,-5.44629863379064,2.7595920432436998
81,4,2048,pair_coarse,-16.971275103530857,-9.399399279303157,7.5718758242277
81,4,2048,separate,-24.67108733233594,-17.099211508108237,7.571875824227703
81,4,2048,exact,-7.098605198978009,-4.625980522832626,2.472624676145383
81,4,8192,joint,-2.498542549373571,-1.5847132575436302,0.9138292918299409
81,4,8192,pair_coarse,-4.310221006676562,-2.251212864293044,2.059008142383518
81,4,8192,separate,-7.703519418142987,-5.644511275759468,2.0590081423835187
81,4,8192,exact,-2.050100096701956,-1.218590315911802,0.8315097807901539
81,4,32768,joint,-0.9557487458766378,-0.5638666194545605,0.3918821264220773
81,4,32768,pair_coarse,-1.621656652288328,-0.7830287603202011,0.8386278919681269
81,4,32768,separate,-4.062583041544649,-3.223955149576522,0.8386278919681267
81,4,32768,exact,-0.6608191914594452,-0.3026333279309126,0.35818586352853266
81,4,131072,joint,-0.35596493858851164,-0.1727309376354407,0.18323400095307094
81,4,131072,pair_coarse,-0.648039790071768,-0.2634405740740306,0.38459921599773744
81,4,131072,separate,-2.7424663741426203,-2.3578671581448822,0.38459921599773805
81,4,131072,exact,-0.11747493004248971,0.050296800464820324,0.16777173050731004
81,4,524288,joint,-0.08861999385582647,0.00016801101230143163,0.0887880048681279
81,4,524288,pair_coarse,-0.22608754242916734,-0.04128367987009239,0.18480386255907494
81,4,524288,separate,-2.170858575133274,-1.9860547125741992,0.18480386255907466
81,4,524288,exact,0.1253393674972852,0.20669767559286273,0.08135830809557754
82,1,128,joint,-125.09722081682808,-125.09722081682808,0.0
82,1,128,pair_coarse,,,
82,1,128,separate,,,
82,1,128,exact,-95.77661775651828,-95.77661775651829,-1.4210854715202004e-14
82,1,512,joint,-4.073783638477789,-4.073783638477789,0.0
82,1,512,pair_coarse,-8.95813532059262,-8.95813532059262,0.0
82,1,512,separate,-17.113276592174227,-17.113276592174223,3.552713678800501e-15
82,1,512,exact,-3.687194629057653,-3.687194629057653,0.0
82,1,2048,joint,-1.0727525315822686,-1.0727525315822686,0.0
82,1,2048,pair_coarse,-2.051493502102777,-2.0514935021027774,-4.440892098500626e-16
82,1,2048,separate,-5.645454900098666,-5.645454900098665,8.881784197001252e-16
82,1,2048,exact,-0.9012353130899122,-0.9012353130899122,0.0
82,1,8192,joint,-0.2855403978457489,-0.28554039784574897,-5.551115123125783e-17
82,1,8192,pair_coarse,-0.6387798384479333,-0.6387798384479333,0.0
82,1,8192,separate,-3.2240506147206274,-3.2240506147206274,0.0
82,1,8192,exact,-0.16575460327586164,-0.16575460327586164,0.0
82,1,32768,joint,0.013838184009664134,0.013838184009664111,-2.2551405187698492e-17
82,1,32768,pair_coarse,-0.13959738846025033,-0.13959738846025035,-2.7755575615628914e-17
82,1,32768,separate,-2.357878064468963,-2.357878064468963,0.0
82,1,32768,exact,0.1144297973821982,0.1144297973821982,0.0
82,1,131072,joint,0.14557430613663025,0.14557430613663025,0.0
82,1,131072,pair_coarse,0.07371921081948805,0.07371921081948805,0.0
82,1,131072,separate,-1.9860560202244135,-1.9860560202244135,0.0
82,1,131072,exact,0.23780038338103943,0.2378003833810394,-2.7755575615628914e-17
82,1,524288,joint,0.20749150314364528,0.20749150314364528,0.0
82,1,524288,pair_coarse,0.1726811436573537,0.1726811436573537,0.0
82,1,524288,separate,-1.8132559526938175,-1.8132559526938172,2.220446049250313e-16
82,1,524288,exact,0.29580239466967173,0.29580239466967173,0.0
82,2,128,joint,,,
82,2,128,pair_coarse,,,
82,2,128,separate,,,
82,2,128,exact,,,
82,2,512,joint,-14.073421031457865,-12.801435885716947,1.2719851457409188
82,2,512,pair_coarse,-51.597952324442524,-39.00273798211441,12.595214342328113
82,2,512,separate,-78.115198091818,-65.5199837494899,12.595214342328106
82,2,512,exact,-12.955280135963156,-11.858103912282665,1.0971762236804903
82,2,2048,joint,-2.8048520975919793,-2.5103098984334573,0.294542199158522
82,2,2048,pair_coarse,-5.410074776638679,-3.9194374648695467,1.4906373117691327
82,2,2048,separate,-10.285359806735647,-8.794722494966512,1.4906373117691345
82,2,2048,exact,-2.54677648538761,-2.2879003233458195,0.25887616204179054
82,2,8192,joint,-0.8919761076896173,-0.7761380612144512,0.11583804647516616
82,2,8192,pair_coarse,-1.6756789079941332,-1.1438613272929157,0.5318175807012175
82,2,8192,separate,-4.626599892587157,-4.094782311885939,0.531817580701218
82,2,8192,exact,-0.7454255875718827,-0.6432270515608913,0.10219853601099138
82,2,32768,joint,-0.24680819829574213,-0.19434189222674275,0.05246630606899938
82,2,32768,pair_coarse,-0.5668252191342612,-0.3335881015586363,0.23323711757562493
82,2,32768,separate,-2.9284153437975347,-2.69517822622191,0.2332371175756247
82,2,32768,exact,-0.1353238565357169,-0.08897370399594445,0.046350152539772455
82,2,131072,joint,0.02404645288522972,0.049124902375620276,0.025078449490390557
82,2,131072,pair_coarse,-0.12206774095650644,-0.012043277633925526,0.11002446332258091
82,2,131072,separate,-2.245683194125339,-2.1356587308027577,0.11002446332258131
82,2,131072,exact,0.12122192587498423,0.14338925772056602,0.022167331845581784
82,2,524288,joint,0.14873440816030276,0.16100711365251513,0.012272705492212377
82,2,524288,pair_coarse,0.07875387889544558,0.13227689992489938,0.053523021029453804
82,2,524288,separate,-1.9373517584127724,-1.8838287373833187,0.05352302102945372
82,2,524288,exact,0.23940837524335973,0.25025922487255636,0.010850849629196635
82,4,128,joint,,,
82,4,128,pair_coarse,,,
82,4,128,separate,,,
82,4,128,exact,,,
82,4,512,joint,-213.0044665340798,-147.61078636527702,65.39368016880277
82,4,512,pair_coarse,,,
82,4,512,separate,,,
82,4,512,exact,-165.3736358534829,-114.61656734596116,50.75706850752175
82,4,2048,joint,-7.603146599344932,-4.993807963123322,2.6093386362216098
82,4,2048,pair_coarse,-16.51594606075433,-8.944070236526631,7.5718758242277
82,4,2048,separate,-24.67108733233594,-17.099211508108237,7.571875824227703
82,4,2048,exact,-7.098605198978009,-4.625980522832626,2.472624676145383
82,4,8192,joint,-2.2525471398894767,-1.3815524769697303,0.8709946629197465
82,4,8192,pair_coarse,-4.109558020147098,-2.0505498777635807,2.0590081423835174
82,4,8192,separate,-7.703519418142987,-5.644511275759468,2.0590081423835187
82,4,8192,exact,-2.050100096701956,-1.218590315911802,0.8315097807901539
82,4,32768,joint,-0.7928289378947061,-0.41844917546566085,0.37437976242904525
82,4,32768,pair_coarse,-1.477312265271955,-0.6386843733038282,0.8386278919681268
82,4,32768,separate,-4.062583041544649,-3.223955149576522,0.8386278919681267
82,4,32768,exact,-0.6608191914594452,-0.3026333279309126,0.35818586352853266
82,4,131072,joint,-0.22359120804496735,-0.048383016188752334,0.175208191856215
82,4,131072,pair_coarse,-0.5241856981339073,-0.1395864821361699,0.3845992159977374
82,4,131072,separate,-2.7424663741426203,-2.3578671581448822,0.38459921599773805
82,4,131072,exact,-0.11747493004248971,0.050296800464820324,0.16777173050731004
82,4,524288,joint,0.030477197891131985,0.11540992420212073,0.08493272631098875
82,4,524288,pair_coarse,-0.11108334408937265,0.07372051846970228,0.18480386255907494
82,4,524288,separate,-2.170858575133274,-1.9860547125741992,0.18480386255907466
82,4,524288,exact,0.1253393674972852,0.20669767559286273,0.08135830809557754
83,1,128,joint,-108.76869196224473,-108.76869196224474,-1.4210854715202004e-14
83,1,128,pair_coarse,,,
83,1,128,separate,,,
83,1,128,exact,-95.77661775651828,-95.77661775651829,-1.4210854715202004e-14
83,1,512,joint,-3.873986806526723,-3.873986806526723,0.0
83,1,512,pair_coarse,-8.771264919754998,-8.771264919754998,0.0
83,1,512,separate,-17.113276592174227,-17.113276592174223,3.552713678800501e-15
83,1,512,exact,-3.687194629057653,-3.687194629057653,0.0
83,1,2048,joint,-0.9840028208004834,-0.9840028208004834,0.0
83,1,2048,pair_coarse,-1.9691399309416266,-1.9691399309416264,2.220446049250313e-16
83,1,2048,separate,-5.645454900098666,-5.645454900098665,8.881784197001252e-16
83,1,2048,exact,-0.9012353130899122,-0.9012353130899122,0.0
83,1,8192,joint,-0.22347959911321483,-0.22347959911321483,0.0
83,1,8192,pair_coarse,-0.5795398363256681,-0.579539836325668,1.1102230246251565e-16
83,1,8192,separate,-3.2240506147206274,-3.2240506147206274,0.0
83,1,8192,exact,-0.16575460327586164,-0.16575460327586164,0.0
83,1,32768,joint,0.06599789437339355,0.06599789437339358,2.7755575615628914e-17
83,1,32768,pair_coarse,-0.08876675471750661,-0.08876675471750659,2.7755575615628914e-17
83,1,32768,separate,-2.357878064468963,-2.357878064468963,0.0
83,1,32768,exact,0.1144297973821982,0.1144297973821982,0.0
83,1,131072,joint,0.1934190458076427,0.19341904580764266,-2.7755575615628914e-17
83,1,131072,pair_coarse,0.12091778289105791,0.12091778289105791,0.0
83,1,131072,separate,-1.9860560202244135,-1.9860560202244135,0.0
83,1,131072,exact,0.23780038338103943,0.2378003833810394,-2.7755575615628914e-17
83,1,524288,joint,0.25331685175436597,0.25331685175436597,0.0
83,1,524288,pair_coarse,0.21818775707761046,0.21818775707761046,0.0
83,1,524288,separate,-1.8132559526938175,-1.8132559526938172,2.220446049250313e-16
83,1,524288,exact,0.29580239466967173,0.29580239466967173,0.0
83,2,128,joint,,,
83,2,128,pair_coarse,,,
83,2,128,separate,,,
83,2,128,exact,,,
83,2,512,joint,-13.495927873298566,-12.313294790544306,1.1826330827542595
83,2,512,pair_coarse,-50.99032479468691,-38.3951104523588,12.595214342328113
83,2,512,separate,-78.115198091818,-65.5199837494899,12.595214342328106
83,2,512,exact,-12.955280135963156,-11.858103912282665,1.0971762236804903
83,2,2048,joint,-2.6716755030266275,-2.395209621899369,0.2764658811272587
83,2,2048,pair_coarse,-5.298360406840254,-3.8077230950711205,1.4906373117691332
83,2,2048,separate,-10.285359806735647,-8.794722494966512,1.4906373117691345
83,2,2048,exact,-2.54677648538761,-2.2879003233458195,0.25887616204179054
83,2,8192,joint,-0.8161956475666132,-0.7072584823017671,0.10893716526484609
83,2,8192,pair_coarse,-1.6080602403503659,-1.0762426596491483,0.5318175807012175
83,2,8192,separate,-4.626599892587157,-4.094782311885939,0.531817580701218
83,2,8192,exact,-0.7454255875718827,-0.6432270515608913,0.10219853601099138
83,2,32768,joint,-0.18906811623212336,-0.13969439503701972,0.04937372119510364
83,2,32768,pair_coarse,-0.512710731289907,-0.27947361371428203,0.23323711757562493
83,2,32768,separate,-2.9284153437975347,-2.69517822622191,0.2332371175756247
83,2,32768,exact,-0.1353238565357169,-0.08897370399594445,0.046350152539772455
83,2,131072,joint,0.07442602954316899,0.09803286792527116,0.023606838382102174
83,2,131072,pair_coarse,-0.07340630668540357,0.03661815663717739,0.11002446332258096
83,2,131072,separate,-2.245683194125339,-2.1356587308027577,0.11002446332258131
83,2,131072,exact,0.12122192587498423,0.14338925772056602,0.022167331845581784
83,2,524288,joint,0.19576982573857157,0.20732384610470783,0.011554020366136258
83,2,524288,pair_coarse,0.12495178718768393,0.17847480821713768,0.05352302102945375
83,2,524288,separate,-1.9373517584127724,-1.8838287373833187,0.05352302102945372
83,2,524288,exact,0.23940837524335973,0.25025922487255636,0.010850849629196635
83,4,128,joint,,,
83,4,128,pair_coarse,,,
83,4,128,separate,,,
83,4,128,exact,,,
83,4,512,joint,-186.51943850104044,-129.24843804591725,57.271000455123186
83,4,512,pair_coarse,,,
83,4,512,separate,,,
83,4,512,exact,-165.3736358534829,-114.61656734596116,50.75706850752175
83,4,2048,joint,-7.343603264525796,-4.8036114073419585,2.5399918571838374
83,4,2048,pair_coarse,-16.32907565991671,-8.75719983568901,7.571875824227702
83,4,2048,separate,-24.67108733233594,-17.099211508108237,7.571875824227703
83,4,2048,exact,-7.098605198978009,-4.625980522832626,2.472624676145383
83,4,8192,joint,-2.1481784643318824,-1.2971502411985631,0.8510282231333193
83,4,8192,pair_coarse,-4.027204448985948,-1.9681963066024304,2.059008142383518
83,4,8192,separate,-7.703519418142987,-5.644511275759468,2.0590081423835187
83,4,8192,exact,-2.050100096701956,-1.218590315911802,0.8315097807901539
83,4,32768,joint,-0.7246006342150391,-0.3584023819748583,0.36619825224018077
83,4,32768,pair_coarse,-1.41807226314969,-0.5794443711815629,0.8386278919681271
83,4,32768,separate,-4.062583041544649,-3.223955149576522,0.8386278919681267
83,4,32768,exact,-0.6608191914594452,-0.3026333279309126,0.35818586352853266
83,4,131072,joint,-0.16864498752137302,0.0028074353989914268,0.17145242292036444
83,4,131072,pair_coarse,-0.4733550643911636,-0.08875584839342612,0.3845992159977375
83,4,131072,separate,-2.7424663741426203,-2.3578671581448822,0.38459921599773805
83,4,131072,exact,-0.11747493004248971,0.050296800464820324,0.16777173050731004
83,4,524288,joint,0.0796513305545274,0.1627790763893023,0.0831277458347749
83,4,524288,pair_coarse,-0.0638847720178028,0.12091909054127213,0.18480386255907494
83,4,524288,separate,-2.170858575133274,-1.9860547125741992,0.18480386255907466
83,4,524288,exact,0.1253393674972852,0.20669767559286273,0.08135830809557754
84,1,128,joint,-102.04201843831656,-102.04201843831657,-1.4210854715202004e-14
84,1,128,pair_coarse,,,
84,1,128,separate,,,
84,1,128,exact,-95.77661775651828,-95.77661775651829,-1.4210854715202004e-14
84,1,512,joint,-3.7814049843284803,-3.7814049843284803,0.0
84,1,512,pair_coarse,-8.685670948919153,-8.685670948919155,-1.7763568394002505e-15
84,1,512,separate,-17.113276592174227,-17.113276592174223,3.552713678800501e-15
84,1,512,exact,-3.687194629057653,-3.687194629057653,0.0
84,1,2048,joint,-0.9430459440650729,-0.9430459440650728,1.1102230246251565e-16
84,1,2048,pair_coarse,-1.9314187662381794,-1.9314187662381797,-2.220446049250313e-16
84,1,2048,separate,-5.645454900098666,-5.645454900098665,8.881784197001252e-16
84,1,2048,exact,-0.9012353130899122,-0.9012353130899122,0.0
84,1,8192,joint,-0.19493083080153917,-0.19493083080153917,0.0
84,1,8192,pair_coarse,-0.5524055925329632,-0.5524055925329632,0.0
84,1,8192,separate,-3.2240506147206274,-3.2240506147206274,0.0
84,1,8192,exact,-0.16575460327586164,-0.16575460327586164,0.0
84,1,32768,joint,0.08994458354747276,0.08994458354747276,0.0
84,1,32768,pair_coarse,-0.06548433137682763,-0.06548433137682766,-2.7755575615628914e-17
84,1,32768,separate,-2.357878064468963,-2.357878064468963,0.0
84,1,32768,exact,0.1144297973821982,0.1144297973821982,0.0
84,1,131072,joint,0.21536030613837961,0.21536030613837961,0.0
84,1,131072,pair_coarse,0.14253657957196114,0.14253657957196111,-2.7755575615628914e-17
84,1,131072,separate,-1.9860560202244135,-1.9860560202244135,0.0
84,1,131072,exact,0.23780038338103943,0.2378003833810394,-2.7755575615628914e-17
84,1,524288,joint,0.2743196114913068,0.2743196114913068,0.0
84,1,524288,pair_coarse,0.23903157035393596,0.23903157035393596,0.0
84,1,524288,separate,-1.8132559526938175,-1.8132559526938172,2.220446049250313e-16
84,1,524288,exact,0.29580239466967173,0.29580239466967173,0.0
84,2,128,joint,,,
84,2,128,pair_coarse,,,
84,2,128,separate,,,
84,2,128,exact,,,
84,2,512,joint,-13.227259967490243,-12.087102349849339,1.140157617640904
84,2,512,pair_coarse,-50.71200756077596,-38.116793218447846,12.595214342328113
84,2,512,separate,-78.115198091818,-65.5199837494899,12.595214342328106
84,2,512,exact,-12.955280135963156,-11.858103912282665,1.0971762236804903
84,2,2048,joint,-2.6098457625719127,-2.3420850990034663,0.2677606635684464
84,2,2048,pair_coarse,-5.247190845113996,-3.7565535333448627,1.4906373117691336
84,2,2048,separate,-10.285359806735647,-8.794722494966512,1.4906373117691345
84,2,2048,exact,-2.54677648538761,-2.2879003233458195,0.25887616204179054
84,2,8192,joint,-0.7811907177438011,-0.6755855992764034,0.10560511846739773
84,2,8192,pair_coarse,-1.5770882392184773,-1.04527065851726,0.5318175807012173
84,2,8192,separate,-4.626599892587157,-4.094782311885939,0.531817580701218
84,2,8192,exact,-0.7454255875718827,-0.6432270515608913,0.10219853601099138
84,2,32768,joint,-0.16249334716588204,-0.11461422860408865,0.04787911856179339
84,2,32768,pair_coarse,-0.48792417400965,-0.25468705643402506,0.23323711757562493
84,2,32768,separate,-2.9284153437975347,-2.69517822622191,0.2332371175756247
84,2,32768,exact,-0.1353238565357169,-0.08897370399594445,0.046350152539772455
84,2,131072,joint,0.09756157749295857,0.12045693444675483,0.022895356953796256
84,2,131072,pair_coarse,-0.051117461757787946,0.05890700156479296,0.11002446332258091
84,2,131072,separate,-2.245683194125339,-2.1356587308027577,0.11002446332258131
84,2,131072,exact,0.12122192587498423,0.14338925772056602,0.022167331845581784
84,2,524288,joint,0.21734283460597276,0.22854933070037003,0.011206496094397278
84,2,524288,pair_coarse,0.14611224062128492,0.1996352616507387,0.05352302102945378
84,2,524288,separate,-1.9373517584127724,-1.8838287373833187,0.05352302102945372
84,2,524288,exact,0.23940837524335973,0.25025922487255636,0.010850849629196635
84,4,128,joint,,,
84,4,128,pair_coarse,,,
84,4,128,separate,,,
84,4,128,exact,,,
84,4,512,joint,-175.57351560835045,-121.67414611570996,53.89936949264049
84,4,512,pair_coarse,,,
84,4,512,separate,,,
84,4,512,exact,-165.3736358534829,-114.61656734596116,50.75706850752175
84,4,2048,joint,-7.22222401134576,-4.715586086437941,2.5066379249078183
84,4,2048,pair_coarse,-16.243481689080866,-8.671605864853166,7.5718758242277
84,4,2048,separate,-24.67108733233594,-17.099211508108237,7.571875824227703
84,4,2048,exact,-7.098605198978009,-4.625980522832626,2.472624676145383
84,4,8192,joint,-2.099658277814009,-1.2582786067427156,0.8413796710712933
84,4,8192,pair_coarse,-3.989483284282501,-1.9304751418989834,2.059008142383518
84,4,8192,separate,-7.703519418142987,-5.644511275759468,2.0590081423835187
84,4,8192,exact,-2.050100096701956,-1.218590315911802,0.8315097807901539
84,4,32768,joint,-0.6930613989488892,-0.33082211542046014,0.36223928352842905
84,4,32768,pair_coarse,-1.3909380193569851,-0.5523101273888581,0.838627891968127
84,4,32768,separate,-4.062583041544649,-3.223955149576522,0.8386278919681267
84,4,32768,exact,-0.6608191914594452,-0.3026333279309126,0.35818586352853266
84,4,131072,joint,-0.14334651722771424,0.026287571891111073,0.16963408911882533
84,4,131072,pair_coarse,-0.45007264105048467,-0.0654734250527472,0.3845992159977375
84,4,131072,separate,-2.7424663741426203,-2.3578671581448822,0.38459921599773805
84,4,131072,exact,-0.11747493004248971,0.050296800464820324,0.16777173050731004
84,4,524288,joint,0.102237639821946,0.18449131582342387,0.08225367600147787
84,4,524288,pair_coarse,-0.042265975336899575,0.14253788722217536,0.18480386255907494
84,4,524288,separate,-2.170858575133274,-1.9860547125741992,0.18480386255907466
84,4,524288,exact,0.1253393674972852,0.20669767559286273,0.08135830809557754
85,1,128,joint,,,
85,1,128,pair_coarse,,,
85,1,128,separate,,,
85,1,128,exact,-95.77661775651828,-95.77661775651829,-1.4210854715202004e-14
85,1,512,joint,-17.113276592174227,-17.113276592174223,3.552713678800501e-15
85,1,512,pair_coarse,-17.113276592174227,-17.113276592174223,3.552713678800501e-15
85,1,512,separate,-17.113276592174227,-17.113276592174223,3.552713678800501e-15
85,1,512,exact,-3.687194629057653,-3.687194629057653,0.0
85,1,2048,joint,-5.645454900098666,-5.645454900098665,8.881784197001252e-16
85,1,2048,pair_coarse,-5.645454900098666,-5.645454900098665,8.881784197001252e-16
85,1,2048,separate,-5.645454900098666,-5.645454900098665,8.881784197001252e-16
85,1,2048,exact,-0.9012353130899122,-0.9012353130899122,0.0
85,1,8192,joint,-3.2240506147206274,-3.2240506147206274,0.0
85,1,8192,pair_coarse,-3.2240506147206274,-3.2240506147206274,0.0
85,1,8192,separate,-3.2240506147206274,-3.2240506147206274,0.0
85,1,8192,exact,-0.16575460327586164,-0.16575460327586164,0.0
85,1,32768,joint,-2.357878064468963,-2.357878064468963,0.0
85,1,32768,pair_coarse,-2.357878064468963,-2.357878064468963,0.0
85,1,32768,separate,-2.357878064468963,-2.357878064468963,0.0
85,1,32768,exact,0.1144297973821982,0.1144297973821982,0.0
85,1,131072,joint,-1.9860560202244135,-1.9860560202244135,0.0
85,1,131072,pair_coarse,-1.9860560202244135,-1.9860560202244135,0.0
85,1,131072,separate,-1.9860560202244135,-1.9860560202244135,0.0
85,1,131072,exact,0.23780038338103943,0.2378003833810394,-2.7755575615628914e-17
85,1,524288,joint,-1.8132559526938175,-1.8132559526938172,2.220446049250313e-16
85,1,524288,pair_coarse,-1.8132559526938175,-1.8132559526938172,2.220446049250313e-16
85,1,524288,separate,-1.8132559526938175,-1.8132559526938172,2.220446049250313e-16
85,1,524288,exact,0.29580239466967173,0.29580239466967173,0.0
85,2,128,joint,,,
85,2,128,pair_coarse,,,
85,2,128,separate,,,
85,2,128,exact,,,
85,2,512,joint,-78.115198091818,-65.5199837494899,12.595214342328106
85,2,512,pair_coarse,-78.115198091818,-65.5199837494899,12.595214342328106
85,2,512,separate,-78.115198091818,-65.5199837494899,12.595214342328106
85,2,512,exact,-12.955280135963156,-11.858103912282665,1.0971762236804903
85,2,2048,joint,-10.285359806735647,-8.794722494966512,1.4906373117691345
85,2,2048,pair_coarse,-10.285359806735647,-8.794722494966512,1.4906373117691345
85,2,2048,separate,-10.285359806735647,-8.794722494966512,1.4906373117691345
85,2,2048,exact,-2.54677648538761,-2.2879003233458195,0.25887616204179054
85,2,8192,joint,-4.626599892587157,-4.094782311885939,0.531817580701218
85,2,8192,pair_coarse,-4.626599892587157,-4.094782311885939,0.531817580701218
85,2,8192,separate,-4.626599892587157,-4.094782311885939,0.531817580701218
85,2,8192,exact,-0.7454255875718827,-0.6432270515608913,0.10219853601099138
85,2,32768,joint,-2.9284153437975347,-2.69517822622191,0.2332371175756247
85,2,32768,pair_coarse,-2.9284153437975347,-2.69517822622191,0.2332371175756247
85,2,32768,separate,-2.9284153437975347,-2.69517822622191,0.2332371175756247
85,2,32768,exact,-0.1353238565357169,-0.08897370399594445,0.046350152539772455
85,2,131072,joint,-2.245683194125339,-2.1356587308027577,0.11002446332258131
85,2,131072,pair_coarse,-2.245683194125339,-2.1356587308027577,0.11002446332258131
85,2,131072,separate,-2.245683194125339,-2.1356587308027577,0.11002446332258131
85,2,131072,exact,0.12122192587498423,0.14338925772056602,0.022167331845581784
85,2,524288,joint,-1.9373517584127724,-1.8838287373833187,0.05352302102945372
85,2,524288,pair_coarse,-1.9373517584127724,-1.8838287373833187,0.05352302102945372
85,2,524288,separate,-1.9373517584127724,-1.8838287373833187,0.05352302102945372
85,2,524288,exact,0.23940837524335973,0.25025922487255636,0.010850849629196635
85,4,128,joint,,,
85,4,128,pair_coarse,,,
85,4,128,separate,,,
85,4,128,exact,,,
85,4,512,joint,,,
85,4,512,pair_coarse,,,
85,4,512,separate,,,
85,4,512,exact,-165.3736358534829,-114.61656734596116,50.75706850752175
85,4,2048,joint,-24.67108733233594,-17.099211508108237,7.571875824227703
85,4,2048,pair_coarse,-24.67108733233594,-17.099211508108237,7.571875824227703
85,4,2048,separate,-24.67108733233594,-17.099211508108237,7.571875824227703
85,4,2048,exact,-7.098605198978009,-4.625980522832626,2.472624676145383
85,4,8192,joint,-7.703519418142987,-5.644511275759468,2.0590081423835187
85,4,8192,pair_coarse,-7.703519418142987,-5.644511275759468,2.0590081423835187
85,4,8192,separate,-7.703519418142987,-5.644511275759468,2.0590081423835187
85,4,8192,exact,-2.050100096701956,-1.218590315911802,0.8315097807901539
85,4,32768,joint,-4.062583041544649,-3.223955149576522,0.8386278919681267
85,4,32768,pair_coarse,-4.062583041544649,-3.223955149576522,0.8386278919681267
85,4,32768,separate,-4.062583041544649,-3.223955149576522,0.8386278919681267
85,4,32768,exact,-0.6608191914594452,-0.3026333279309126,0.35818586352853266
85,4,131072,joint,-2.7424663741426203,-2.3578671581448822,0.38459921599773805
85,4,131072,pair_coarse,-2.7424663741426203,-2.3578671581448822,0.38459921599773805
85,4,131072,separate,-2.7424663741426203,-2.3578671581448822,0.38459921599773805
85,4,131072,exact,-0.11747493004248971,0.050296800464820324,0.16777173050731004
85,4,524288,joint,-2.170858575133274,-1.9860547125741992,0.18480386255907466
85,4,524288,pair_coarse,-2.170858575133274,-1.9860547125741992,0.18480386255907466
85,4,524288,separate,-2.170858575133274,-1.9860547125741992,0.18480386255907466
85,4,524288,exact,0.1253393674972852,0.20669767559286273,0.08135830809557754
86,1,128,joint,,,
86,1,128,pair_coarse,,,
86,1,128,separate,,,
86,1,128,exact,-95.77661775651828,-95.77661775651829,-1.4210854715202004e-14
86,1,512,joint,-10.874561466846389,-10.874561466846389,0.0
86,1,512,pair_coarse,-15.440905025246298,-15.4409050252463,-1.7763568394002505e-15
86,1,512,separate,-17.113276592174227,-17.113276592174223,3.552713678800501e-15
86,1,512,exact,-3.687194629057653,-3.687194629057653,0.0
86,1,2048,joint,-4.069918503524212,-4.069918503524212,0.0
86,1,2048,pair_coarse,-4.908442670084996,-4.9084426700849955,8.881784197001252e-16
86,1,2048,separate,-5.645454900098666,-5.645454900098665,8.881784197001252e-16
86,1,2048,exact,-0.9012353130899122,-0.9012353130899122,0.0
86,1,8192,joint,-2.40105504132093,-2.40105504132093,0.0
86,1,8192,pair_coarse,-2.6938901680690837,-2.6938901680690837,0.0
86,1,8192,separate,-3.2240506147206274,-3.2240506147206274,0.0
86,1,8192,exact,-0.16575460327586164,-0.16575460327586164,0.0
86,1,32768,joint,-1.777767171839495,-1.777767171839495,0.0
86,1,32768,pair_coarse,-1.9029761312614766,-1.9029761312614766,0.0
86,1,32768,separate,-2.357878064468963,-2.357878064468963,0.0
86,1,32768,exact,0.1144297973821982,0.1144297973821982,0.0
86,1,131072,joint,-1.505479504433802,-1.5054795044338019,2.220446049250313e-16
86,1,131072,pair_coarse,-1.5636587353773594,-1.5636587353773594,0.0
86,1,131072,separate,-1.9860560202244135,-1.9860560202244135,0.0
86,1,131072,exact,0.23780038338103943,0.2378003833810394,-2.7755575615628914e-17
86,1,524288,joint,-1.3779255547083185,-1.377925554708318,4.440892098500626e-16
86,1,524288,pair_coarse,-1.4060006246691943,-1.4060006246691945,-2.220446049250313e-16
86,1,524288,separate,-1.8132559526938175,-1.8132559526938172,2.220446049250313e-16
86,1,524288,exact,0.29580239466967173,0.29580239466967173,0.0
86,2,128,joint,,,
86,2,128,pair_coarse,,,
86,2,128,separate,,,
86,2,128,exact,,,
86,2,512,joint,-34.50210073729003,-30.738415372646994,3.7636853646430346
86,2,512,pair_coarse,-72.67731708181827,-60.08210273949016,12.595214342328113
86,2,512,separate,-78.115198091818,-65.5199837494899,12.595214342328106
86,2,512,exact,-12.955280135963156,-11.858103912282665,1.0971762236804903
86,2,2048,joint,-7.152796483251641,-6.449166554211922,0.7036299290397192
86,2,2048,pair_coarse,-9.285587050693335,-7.794949738924203,1.4906373117691327
86,2,2048,separate,-10.285359806735647,-8.794722494966512,1.4906373117691345
86,2,2048,exact,-2.54677648538761,-2.2879003233458195,0.25887616204179054
86,2,8192,joint,-3.4108798784826435,-3.144614971607214,0.2662649068754295
86,2,8192,pair_coarse,-4.021455703597867,-3.4896381228966495,0.5318175807012171
86,2,8192,separate,-4.626599892587157,-4.094782311885939,0.531817580701218
86,2,8192,exact,-0.7454255875718827,-0.6432270515608913,0.10219853601099138
86,2,32768,joint,-2.2001097993788514,-2.081088288152362,0.11902151122648963
86,2,32768,pair_coarse,-2.444124999130252,-2.210887881554627,0.2332371175756247
86,2,32768,separate,-2.9284153437975347,-2.69517822622191,0.2332371175756247
86,2,32768,exact,-0.1353238565357169,-0.08897370399594445,0.046350152539772455
86,2,131072,joint,-1.6999282609737247,-1.6433469199104782,0.056581341063246526
86,2,131072,pair_coarse,-1.8101942203972907,-1.7001697570747099,0.11002446332258087
86,2,131072,separate,-2.245683194125339,-2.1356587308027577,0.11002446332258131
86,2,131072,exact,0.12122192587498423,0.14338925772056602,0.022167331845581784
86,2,524288,joint,-1.4713672672809819,-1.443746625947496,0.02762064133348585
86,2,524288,pair_coarse,-1.5239097797303514,-1.4703867587008976,0.05352302102945372
86,2,524288,separate,-1.9373517584127724,-1.8838287373833187,0.05352302102945372
86,2,524288,exact,0.23940837524335973,0.25025922487255636,0.010850849629196635
86,4,128,joint,,,
86,4,128,pair_coarse,,,
86,4,128,separate,,,
86,4,128,exact,,,
86,4,512,joint,,,
86,4,512,pair_coarse,,,
86,4,512,separate,,,
86,4,512,exact,-165.3736358534829,-114.61656734596116,50.75706850752175
86,4,2048,joint,-15.751738410788702,-11.53473479930813,4.217003611480573
86,4,2048,pair_coarse,-22.99871576540801,-15.426839941180312,7.5718758242277
86,4,2048,separate,-24.67108733233594,-17.099211508108237,7.571875824227703
86,4,2048,exact,-7.098605198978009,-4.625980522832626,2.472624676145383
86,4,8192,joint,-5.578523010128964,-4.275977616445801,1.3025453936831628
86,4,8192,pair_coarse,-6.966507188129318,-4.9074990457458,2.0590081423835187
86,4,8192,separate,-7.703519418142987,-5.644511275759468,2.0590081423835187
86,4,8192,exact,-2.050100096701956,-1.218590315911802,0.8315097807901539
86,4,32768,joint,-3.035776576421257,-2.4879415188107625,0.5478350576104947
86,4,32768,pair_coarse,-3.5324225948931054,-2.6937947029249782,0.8386278919681271
86,4,32768,separate,-4.062583041544649,-3.223955149576522,0.8386278919681267
86,4,32768,exact,-0.6608191914594452,-0.3026333279309126,0.35818586352853266
86,4,131072,joint,-2.072370101306186,-1.8181169340776064,0.2542531672285795
86,4,131072,pair_coarse,-2.287564440935134,-1.902965224937396,0.38459921599773783
86,4,131072,separate,-2.7424663741426203,-2.3578671581448822,0.38459921599773805
86,4,131072,exact,-0.11747493004248971,0.050296800464820324,0.16777173050731004
86,4,524288,joint,-1.6477712155783633,-1.5249708523495202,0.12280036322884302
86,4,524288,pair_coarse,-1.74846129028622,-1.563657427727145,0.18480386255907488
86,4,524288,separate,-2.170858575133274,-1.9860547125741992,0.18480386255907466
86,4,524288,exact,0.1253393674972852,0.20669767559286273,0.08135830809557754
87,1,128,joint,-2619.031940316383,-2619.031940316383,0.0
87,1,128,pair_coarse,,,
87,1,128,separate,,,
87,1,128,exact,-95.77661775651828,-95.77661775651829,-1.4210854715202004e-14
87,1,512,joint,-6.6956103891480865,-6.6956103891480865,0.0
87,1,512,pair_coarse,-11.693599355916612,-11.693599355916614,-1.7763568394002505e-15
87,1,512,separate,-17.113276592174227,-17.113276592174223,3.552713678800501e-15
87,1,512,exact,-3.687194629057653,-3.687194629057653,0.0
87,1,2048,joint,-2.291711839852925,-2.2917118398529244,4.440892098500626e-16
87,1,2048,pair_coarse,-3.2570093627316195,-3.2570093627316195,0.0
87,1,2048,separate,-5.645454900098666,-5.645454900098665,8.881784197001252e-16
87,1,2048,exact,-0.9012353130899122,-0.9012353130899122,0.0
87,1,8192,joint,-1.1626422407380392,-1.1626422407380395,-2.220446049250313e-16
87,1,8192,pair_coarse,-1.505952459321069,-1.5059524593210685,4.440892098500626e-16
87,1,8192,separate,-3.2240506147206274,-3.2240506147206274,0.0
87,1,8192,exact,-0.16575460327586164,-0.16575460327586164,0.0
87,1,32768,joint,-0.7356140225668949,-0.7356140225668949,0.0
87,1,32768,pair_coarse,-0.8836711950810393,-0.8836711950810394,-1.1102230246251565e-16
87,1,32768,separate,-2.357878064468963,-2.357878064468963,0.0
87,1,32768,exact,0.1144297973821982,0.1144297973821982,0.0
87,1,131072,joint,-0.5480994253691089,-0.5480994253691088,1.1102230246251565e-16
87,1,131072,pair_coarse,-0.6171874059679142,-0.617187405967914,2.220446049250313e-16
87,1,131072,separate,-1.9860560202244135,-1.9860560202244135,0.0
87,1,131072,exact,0.23780038338103943,0.2378003833810394,-2.7755575615628914e-17
87,1,524288,joint,-0.4600484087550849,-0.46004840875508496,-5.551115123125783e-17
87,1,524288,pair_coarse,-0.4934580834354981,-0.4934580834354981,0.0
87,1,524288,separate,-1.8132559526938175,-1.8132559526938172,2.220446049250313e-16
87,1,524288,exact,0.29580239466967173,0.29580239466967173,0.0
87,2,128,joint,,,
87,2,128,pair_coarse,,,
87,2,128,separate,,,
87,2,128,exact,,,
87,2,512,joint,-21.19987185818148,-19.084866044748278,2.1150058134332035
87,2,512,pair_coarse,-60.49258329365383,-47.89736895132572,12.595214342328113
87,2,512,separate,-78.115198091818,-65.5199837494899,12.595214342328106
87,2,512,exact,-12.955280135963156,-11.858103912282665,1.0971762236804903
87,2,2048,joint,-4.539181115252566,-4.087906957366406,0.4512741578861599
87,2,2048,pair_coarse,-7.045382666185183,-5.55474535441605,1.4906373117691327
87,2,2048,separate,-10.285359806735647,-8.794722494966512,1.4906373117691345
87,2,2048,exact,-2.54677648538761,-2.2879003233458195,0.25887616204179054
87,2,8192,joint,-1.927498927387433,-1.752791461573402,0.17470746581403107
87,2,8192,pair_coarse,-2.66550090562969,-2.133683324928473,0.5318175807012171
87,2,8192,separate,-4.626599892587157,-4.094782311885939,0.531817580701218
87,2,8192,exact,-0.7454255875718827,-0.6432270515608913,0.10219853601099138
87,2,32768,joint,-1.0604656820699128,-0.9817655143246532,0.07870016774525956
87,2,32768,pair_coarse,-1.3589690504991627,-1.1257319329235378,0.23323711757562493
87,2,32768,separate,-2.9284153437975347,-2.69517822622191,0.2332371175756247
87,2,32768,exact,-0.1353238565357169,-0.08897370399594445,0.046350152539772455
87,2,131072,joint,-0.698724651072849,-0.6611920204116323,0.037532630661216704
87,2,131072,pair_coarse,-0.8343881660170269,-0.7243637026944462,0.11002446332258076
87,2,131072,separate,-2.245683194125339,-2.1356587308027577,0.11002446332258131
87,2,131072,exact,0.12122192587498423,0.14338925772056602,0.022167331845581784
87,2,524288,joint,-0.5326777917352682,-0.5143293791489955,0.018348412586272733
87,2,524288,pair_coarse,-0.5975047263955224,-0.5439817053660687,0.05352302102945372
87,2,524288,separate,-1.9373517584127724,-1.8838287373833187,0.05352302102945372
87,2,524288,exact,0.23940837524335973,0.25025922487255636,0.010850849629196635
87,4,128,joint,,,
87,4,128,pair_coarse,,,
87,4,128,separate,,,
87,4,128,exact,,,
87,4,512,joint,-4117.327395088586,-2918.9332719833073,1198.3941231052786
87,4,512,pair_coarse,,,
87,4,512,separate,,,
87,4,512,exact,-165.3736358534829,-114.61656734596116,50.75706850752175
87,4,2048,joint,-10.741219280489794,-7.52513156638023,3.2160877141095643
87,4,2048,pair_coarse,-19.251410096078327,-11.679534271850624,7.571875824227703
87,4,2048,separate,-24.67108733233594,-17.099211508108237,7.571875824227703
87,4,2048,exact,-7.098605198978009,-4.625980522832626,2.472624676145383
87,4,8192,joint,-3.602556633479728,-2.5619821286905915,1.0405745047891366
87,4,8192,pair_coarse,-5.315073880775941,-3.2560657383924223,2.0590081423835187
87,4,8192,separate,-7.703519418142987,-5.644511275759468,2.0590081423835187
87,4,8192,exact,-2.050100096701956,-1.218590315911802,0.8315097807901539
87,4,32768,joint,-1.7212590822999143,-1.277972554840476,0.4432865274594384
87,4,32768,pair_coarse,-2.3444848861450907,-1.5058569941769635,0.8386278919681271
87,4,32768,separate,-4.062583041544649,-3.223955149576522,0.8386278919681267
87,4,32768,exact,-0.6608191914594452,-0.3026333279309126,0.35818586352853266
87,4,131072,joint,-0.9961626600783422,-0.7894238683907446,0.20673879168759757
87,4,131072,pair_coarse,-1.2682595047546965,-0.8836602887569589,0.3845992159977376
87,4,131072,separate,-2.7424663741426203,-2.3578671581448822,0.38459921599773805
87,4,131072,exact,-0.11747493004248971,0.050296800464820324,0.16777173050731004
87,4,524288,joint,-0.6742116978373969,-0.5741469167299407,0.1000647811074562
87,4,524288,pair_coarse,-0.8019899608767749,-0.6171860983176999,0.184803862559075
87,4,524288,separate,-2.170858575133274,-1.9860547125741992,0.18480386255907466
87,4,524288,exact,0.1253393674972852,0.20669767559286273,0.08135830809557754
88,1,128,joint,-207.49497962395353,-207.49497962395353,0.0
88,1,128,pair_coarse,,,
88,1,128,separate,,,
88,1,128,exact,-95.77661775651828,-95.77661775651829,-1.4210854715202004e-14
88,1,512,joint,-4.7529930794719295,-4.752993079471929,8.881784197001252e-16
88,1,512,pair_coarse,-9.616221594676919,-9.61622159467692,-1.7763568394002505e-15
88,1,512,separate,-17.113276592174227,-17.113276592174223,3.552713678800501e-15
88,1,512,exact,-3.687194629057653,-3.687194629057653,0.0
88,1,2048,joint,-1.3785339469638689,-1.3785339469638689,0.0
88,1,2048,pair_coarse,-2.341511367746841,-2.3415113677468415,-4.440892098500626e-16
88,1,2048,separate,-5.645454900098666,-5.645454900098665,8.881784197001252e-16
88,1,2048,exact,-0.9012353130899122,-0.9012353130899122,0.0
88,1,8192,joint,-0.5014150843161064,-0.5014150843161063,1.1102230246251565e-16
88,1,8192,pair_coarse,-0.8474005301071924,-0.8474005301071923,1.1102230246251565e-16
88,1,8192,separate,-3.2240506147206274,-3.2240506147206274,0.0
88,1,8192,exact,-0.16575460327586164,-0.16575460327586164,0.0
88,1,32768,joint,-0.16863907581590715,-0.1686390758159071,5.551115123125783e-17
88,1,32768,pair_coarse,-0.31860349225821194,-0.31860349225821194,0.0
88,1,32768,separate,-2.357878064468963,-2.357878064468963,0.0
88,1,32768,exact,0.1144297973821982,0.1144297973821982,0.0
88,1,131072,joint,-0.022340320354527196,-0.02234032035452722,-2.42861286636753e-17
88,1,131072,pair_coarse,-0.09249615714383398,-0.09249615714383398,0.0
88,1,131072,separate,-1.9860560202244135,-1.9860560202244135,0.0
88,1,131072,exact,0.23780038338103943,0.2378003833810394,-2.7755575615628914e-17
88,1,524288,joint,0.04639362800898386,0.04639362800898387,6.938893903907228e-18
88,1,524288,pair_coarse,0.012424208702985565,0.012424208702985544,-2.0816681711721685e-17
88,1,524288,separate,-1.8132559526938175,-1.8132559526938172,2.220446049250313e-16
88,1,524288,exact,0.29580239466967173,0.29580239466967173,0.0
88,2,128,joint,,,
88,2,128,pair_coarse,,,
88,2,128,separate,,,
88,2,128,exact,,,
88,2,512,joint,-16.007169744462292,-14.456933922422202,1.55023582204009
88,2,512,pair_coarse,-53.737784717884985,-41.14257037555687,12.595214342328113
88,2,512,separate,-78.115198091818,-65.5199837494899,12.595214342328106
88,2,512,exact,-12.955280135963156,-11.858103912282665,1.0971762236804903
88,2,2048,joint,-3.2555925508846966,-2.9066920265883027,0.34890052429639384
88,2,2048,pair_coarse,-5.8034901760427,-4.312852864273567,1.4906373117691327
88,2,2048,separate,-10.285359806735647,-8.794722494966512,1.4906373117691345
88,2,2048,exact,-2.54677648538761,-2.2879003233458195,0.25887616204179054
88,2,8192,joint,-1.1524600218163847,-1.0160131130430952,0.13644690877328958
88,2,8192,pair_coarse,-1.9138060637596854,-1.381988483058468,0.5318175807012173
88,2,8192,separate,-4.626599892587157,-4.094782311885939,0.531817580701218
88,2,8192,exact,-0.7454255875718827,-0.6432270515608913,0.10219853601099138
88,2,32768,joint,-0.44739545741466613,-0.38571566693058384,0.061679790484082286
88,2,32768,pair_coarse,-0.7573958045230934,-0.5241586869474686,0.23323711757562482
88,2,32768,separate,-2.9284153437975347,-2.69517822622191,0.2332371175756247
88,2,32768,exact,-0.1353238565357169,-0.08897370399594445,0.046350152539772455
88,2,131072,joint,-0.15208572809311918,-0.12262744231717113,0.029458285775948057
88,2,131072,pair_coarse,-0.2934347516094912,-0.18341028828691022,0.11002446332258095
88,2,131072,separate,-2.245683194125339,-2.1356587308027577,0.11002446332258131
88,2,131072,exact,0.12122192587498423,0.14338925772056602,0.022167331845581784
88,2,524288,joint,-0.016284096698093116,-0.0018734097664297033,0.014410686931663412
88,2,524288,pair_coarse,-0.08393753291858982,-0.030414511889136076,0.05352302102945375
88,2,524288,separate,-1.9373517584127724,-1.8838287373833187,0.05352302102945372
88,2,524288,exact,0.23940837524335973,0.25025922487255636,0.010850849629196635
88,4,128,joint,,,
88,4,128,pair_coarse,,,
88,4,128,separate,,,
88,4,128,exact,,,
88,4,512,joint,-345.3685875072818,-239.93772681889905,105.43086068838275
88,4,512,pair_coarse,,,
88,4,512,separate,,,
88,4,512,exact,-165.3736358534829,-114.61656734596116,50.75706850752175
88,4,2048,joint,-8.461683189847285,-5.643060045412012,2.818623144435273
88,4,2048,pair_coarse,-17.174032334838632,-9.602156510610932,7.5718758242277
88,4,2048,separate,-24.67108733233594,-17.099211508108237,7.571875824227703
88,4,2048,exact,-7.098605198978009,-4.625980522832626,2.472624676145383
88,4,8192,joint,-2.604630786056642,-1.674128866597628,0.9305019194590138
88,4,8192,pair_coarse,-4.399575885791163,-2.340567743407645,2.059008142383518
88,4,8192,separate,-7.703519418142987,-5.644511275759468,2.0590081423835187
88,4,8192,exact,-2.050100096701956,-1.218590315911802,0.8315097807901539
88,4,32768,joint,-1.0269236852458574,-0.6282471364791694,0.398676548766688
88,4,32768,pair_coarse,-1.6859329569312145,-0.8473050649630873,0.8386278919681271
88,4,32768,separate,-4.062583041544649,-3.223955149576522,0.8386278919681267
88,4,32768,exact,-0.6608191914594452,-0.3026333279309126,0.35818586352853266
88,4,131072,joint,-0.41428956185021576,-0.22794311335234613,0.18634644849786963
88,4,131072,pair_coarse,-0.703191801931869,-0.3185925859341314,0.3845992159977376
88,4,131072,separate,-2.7424663741426203,-2.3578671581448822,0.38459921599773805
88,4,131072,exact,-0.11747493004248971,0.050296800464820324,0.16777173050731004
88,4,524288,joint,-0.1413573336968587,-0.051074897940935976,0.09028243575592274
88,4,524288,pair_coarse,-0.2772987120526947,-0.09249484949361976,0.18480386255907494
88,4,524288,separate,-2.170858575133274,-1.9860547125741992,0.18480386255907466
88,4,524288,exact,0.1253393674972852,0.20669767559286273,0.08135830809557754
89,1,128,joint,-133.64737712162434,-133.64737712162434,0.0
89,1,128,pair_coarse,,,
89,1,128,separate,,,
89,1,128,exact,-95.77661775651828,-95.77661775651829,-1.4210854715202004e-14
89,1,512,joint,-4.166622521266839,-4.166622521266839,0.0
89,1,512,pair_coarse,-9.045986655081945,-9.045986655081947,-1.7763568394002505e-15
89,1,512,separate,-17.113276592174227,-17.113276592174223,3.552713678800501e-15
89,1,512,exact,-3.687194629057653,-3.687194629057653,0.0
89,1,2048,joint,-1.1141675770367179,-1.1141675770367179,0.0
89,1,2048,pair_coarse,-2.090209484377334,-2.0902094843773344,-4.440892098500626e-16
89,1,2048,separate,-5.645454900098666,-5.645454900098665,8.881784197001252e-16
89,1,2048,exact,-0.9012353130899122,-0.9012353130899122,0.0
89,1,8192,joint,-0.31459364444160554,-0.3145936444416055,5.551115123125783e-17
89,1,8192,pair_coarse,-0.666629691705934,-0.666629691705934,0.0
89,1,8192,separate,-3.2240506147206274,-3.2240506147206274,0.0
89,1,8192,exact,-0.16575460327586164,-0.16575460327586164,0.0
89,1,32768,joint,-0.010627582853980286,-0.010627582853980253,3.2959746043559335e-17
89,1,32768,pair_coarse,-0.16349383748172214,-0.1634938374817221,2.7755575615628914e-17
89,1,32768,separate,-2.357878064468963,-2.357878064468963,0.0
89,1,32768,exact,0.1144297973821982,0.1144297973821982,0.0
89,1,131072,joint,0.12310806086582643,0.12310806086582644,1.3877787807814457e-17
89,1,131072,pair_coarse,0.051530263164363835,0.05153026316436383,-6.938893903907228e-18
89,1,131072,separate,-1.9860560202244135,-1.9860560202244135,0.0
89,1,131072,exact,0.23780038338103943,0.2378003833810394,-2.7755575615628914e-17
89,1,524288,joint,0.18596107498931255,0.18596107498931255,0.0
89,1,524288,pair_coarse,0.15128761798854917,0.15128761798854917,0.0
89,1,524288,separate,-1.8132559526938175,-1.8132559526938172,2.220446049250313e-16
89,1,524288,exact,0.29580239466967173,0.29580239466967173,0.0
89,2,128,joint,,,
89,2,128,pair_coarse,,,
89,2,128,separate,,,
89,2,128,exact,,,
89,2,512,joint,-14.340577080592444,-13.028186849223534,1.3123902313689104
89,2,512,pair_coarse,-51.88360959880064,-39.288395256472526,12.595214342328113
89,2,512,separate,-78.115198091818,-65.5199837494899,12.595214342328106
89,2,512,exact,-12.955280135963156,-11.858103912282665,1.0971762236804903
89,2,2048,joint,-2.866627662223956,-2.564013784399969,0.30261387782398685
89,2,2048,pair_coarse,-5.462593829546122,-3.971956517776988,1.4906373117691336
89,2,2048,separate,-10.285359806735647,-8.794722494966512,1.4906373117691345
89,2,2048,exact,-2.54677648538761,-2.2879003233458195,0.25887616204179054
89,2,8192,joint,-0.9273079954937292,-0.8083962679803375,0.11891172751339174
89,2,8192,pair_coarse,-1.707467731490354,-1.1756501507891366,0.5318175807012173
89,2,8192,separate,-4.626599892587157,-4.094782311885939,0.531817580701218
89,2,8192,exact,-0.7454255875718827,-0.6432270515608913,0.10219853601099138
89,2,32768,joint,-0.2738258870357406,-0.2199833486742324,0.053842538361508235
89,2,32768,pair_coarse,-0.592265470511813,-0.35902835293618807,0.23323711757562493
89,2,32768,separate,-2.9284153437975347,-2.69517822622191,0.2332371175756247
89,2,32768,exact,-0.1353238565357169,-0.08897370399594445,0.046350152539772455
89,2,131072,joint,0.00042147917691766346,0.026154568606706986,0.025733089429789323
89,2,131072,pair_coarse,-0.14494440799269329,-0.03491994467011235,0.11002446332258094
89,2,131072,separate,-2.245683194125339,-2.1356587308027577,0.11002446332258131
89,2,131072,exact,0.12122192587498423,0.14338925772056602,0.022167331845581784
89,2,524288,joint,0.12665094708765068,0.13924330261581327,0.012592355528162597
89,2,524288,pair_coarse,0.05703536234120929,0.11055838337066304,0.05352302102945375
89,2,524288,separate,-1.9373517584127724,-1.8838287373833187,0.05352302102945372
89,2,524288,exact,0.23940837524335973,0.25025922487255636,0.010850849629196635
89,4,128,joint,,,
89,4,128,pair_coarse,,,
89,4,128,separate,,,
89,4,128,exact,,,
89,4,512,joint,-226.83039496056435,-157.2144432326028,69.61595172796154
89,4,512,pair_coarse,,,
89,4,512,separate,,,
89,4,512,exact,-165.3736358534829,-114.61656734596116,50.75706850752175
89,4,2048,joint,-7.722643810281619,-5.082300489325617,2.640343320956002
89,4,2048,pair_coarse,-16.60379739524366,-9.031921571015959,7.571875824227702
89,4,2048,separate,-24.67108733233594,-17.099211508108237,7.571875824227703
89,4,2048,exact,-7.098605198978009,-4.625980522832626,2.472624676145383
89,4,8192,joint,-2.300899824348561,-1.4210188642900412,0.87988096005852
89,4,8192,pair_coarse,-4.1482740024216564,-2.0892658600381377,2.0590081423835187
89,4,8192,separate,-7.703519418142987,-5.644511275759468,2.0590081423835187
89,4,8192,exact,-2.050100096701956,-1.218590315911802,0.8315097807901539
89,4,32768,joint,-0.8246181863244906,-0.44660191211246264,0.37801627421202794
89,4,32768,pair_coarse,-1.505162118529956,-0.6665342265618289,0.838627891968127
89,4,32768,separate,-4.062583041544649,-3.223955149576522,0.8386278919681267
89,4,32768,exact,-0.6608191914594452,-0.3026333279309126,0.35818586352853266
89,4,131072,joint,-0.24929251823174572,-0.07241580603570559,0.17687671219604012
89,4,131072,pair_coarse,-0.5480821471553792,-0.16348293115764165,0.3845992159977375
89,4,131072,separate,-2.7424663741426203,-2.3578671581448822,0.38459921599773805
89,4,131072,exact,-0.11747493004248971,0.050296800464820324,0.16777173050731004
89,4,524288,joint,0.00742162046142146,0.09315604235798558,0.08573442189656412
89,4,524288,pair_coarse,-0.1332722917444969,0.05153157081457806,0.18480386255907494
89,4,524288,separate,-2.170858575133274,-1.9860547125741992,0.18480386255907466
89,4,524288,exact,0.1253393674972852,0.20669767559286273,0.08135830809557754
90,1,128,joint,-16797.799733091317,-16797.799733091317,0.0
90,1,128,pair_coarse,,,
90,1,128,separate,,,
90,1,128,exact,-118.87508125232821,-118.87508125232821,0.0
90,1,512,joint,-6.340937844852947,-6.340937844852947,0.0
90,1,512,pair_coarse,-11.145261784219125,-11.145261784219127,-1.7763568394002505e-15
90,1,512,separate,-17.112605684084468,-17.112605684084468,0.0
90,1,512,exact,-3.9541937084394903,-3.95419370843949,4.440892098500626e-16
90,1,2048,joint,-2.0864885187432276,-2.086488518743228,-4.440892098500626e-16
90,1,2048,pair_coarse,-3.0149823845962898,-3.01498238459629,-4.440892098500626e-16
90,1,2048,separate,-5.644783992008908,-5.6447839920089065,1.7763568394002505e-15
90,1,2048,exact,-1.0126293569617124,-1.0126293569617124,0.0
90,1,8192,joint,-1.0011182793921714,-1.0011182793921711,2.220446049250313e-16
90,1,8192,pair_coarse,-1.3316651081296158,-1.3316651081296158,0.0
90,1,8192,separate,-3.2233797066308694,-3.2233797066308694,0.0
90,1,8192,exact,-0.2407743405999455,-0.2407743405999455,0.0
90,1,32768,joint,-0.5913812727124319,-0.5913812727124319,0.0
90,1,32768,pair_coarse,-0.7340294308997135,-0.7340294308997135,0.0
90,1,32768,separate,-2.357207156379205,-2.357207156379205,0.0
90,1,32768,exact,0.05275356403648504,0.05275356403648505,6.938893903907228e-18
90,1,131072,joint,-0.41160100442731856,-0.4116010044273186,-5.551115123125783e-17
90,1,131072,pair_coarse,-0.4781902333781574,-0.4781902333781574,0.0
90,1,131072,separate,-1.9853851121346555,-1.9853851121346555,0.0
90,1,131072,exact,0.18191103552872065,0.18191103552872068,2.7755575615628914e-17
90,1,524288,joint,-0.32721178764300307,-0.32721178764300307,0.0
90,1,524288,pair_coarse,-0.35941958458633044,-0.35941958458633044,0.0
90,1,524288,separate,-1.8125850446040594,-1.8125850446040592,2.220446049250313e-16
90,1,524288,exact,0.24261521887984278,0.24261521887984275,-2.7755575615628914e-17
90,2,128,joint,,,
90,2,128,pair_coarse,,,
90,2,128,separate,,,
90,2,128,exact,,,
90,2,512,joint,-20.626538291463437,-18.454019508311568,2.172518783151869
90,2,512,pair_coarse,-58.71112024060246,-46.11590589827435,12.595214342328113
90,2,512,separate,-78.11452718372826,-65.51931284140014,12.59521434232812
90,2,512,exact,-13.78695931683381,-12.54215839789008,1.2448009189437297
90,2,2048,joint,-4.291122873672517,-3.829958264296758,0.4611646093757593
90,2,2048,pair_coarse,-6.71730711878228,-5.226669807013147,1.4906373117691327
90,2,2048,separate,-10.28468889864589,-8.794051586876753,1.4906373117691363
90,2,2048,exact,-2.7230115193474567,-2.4339354586082345,0.2890760607392222
90,2,8192,joint,-1.7515441726892478,-1.573176681853873,0.17836749083537473
90,2,8192,pair_coarse,-2.466657949210882,-1.9348403685096651,0.5318175807012169
90,2,8192,separate,-4.625928984497398,-4.094111403796181,0.5318175807012171
90,2,8192,exact,-0.8403344286651363,-0.7265805985193681,0.11375383014576823
90,2,32768,joint,-0.9102393594139722,-0.8299165479749352,0.08032281143903697
90,2,32768,pair_coarse,-1.1997031970477212,-0.9664660794720962,0.23323711757562504
90,2,32768,separate,-2.9277444357077766,-2.6945073181321515,0.23323711757562515
90,2,32768,exact,-0.20507673799677717,-0.15354405961785628,0.05153267837892089
90,2,131072,joint,-0.5594896326322131,-0.5211883193617819,0.03830131327043118
90,2,131072,pair_coarse,-0.6911037394986382,-0.5810792761760574,0.11002446332258087
90,2,131072,separate,-2.245012286035581,-2.1349878227129997,0.11002446332258131
90,2,131072,exact,0.06166500992763978,0.08629927096845916,0.02463426104081938
90,2,524288,joint,-0.3985331452797238,-0.37981009979512975,0.018723045484594025
90,2,524288,pair_coarse,-0.4614402290232593,-0.40791720799380554,0.05352302102945378
90,2,524288,separate,-1.9366808503230144,-1.8831578292935607,0.05352302102945372
90,2,524288,exact,0.18447045088647682,0.19652624751460304,0.012055796628126225
90,4,128,joint,,,
90,4,128,pair_coarse,,,
90,4,128,separate,,,
90,4,128,exact,,,
90,4,512,joint,-26784.32160588496,-18765.23391056881,8019.08769531615
90,4,512,pair_coarse,,,
90,4,512,separate,,,
90,4,512,exact,-203.4880592161204,-140.72987250375684,62.75818671236357
90,4,2048,joint,-10.419073693828558,-7.164341438916929,3.2547322549116293
90,4,2048,pair_coarse,-18.703072524380836,-11.131196700153136,7.5718758242277
90,4,2048,separate,-24.67041642424618,-17.09854060001848,7.5718758242277
90,4,2048,exact,-7.4654967042406835,-4.877140639350238,2.588356064890445
90,4,8192,joint,-3.405366131961266,-2.354285175530331,1.0510809564309347
90,4,8192,pair_coarse,-5.073046902640611,-3.014038760257094,2.059008142383517
90,4,8192,separate,-7.702848510053229,-5.643840367669711,2.0590081423835187
90,4,8192,exact,-2.187713016333362,-1.3227463826085863,0.8649666337247754
90,4,32768,joint,-1.5628574810497167,-1.1153348260018319,0.4475226550478848
90,4,32768,pair_coarse,-2.1701975349536378,-1.3315696429855106,0.8386278919681271
90,4,32768,separate,-4.061912133454891,-3.223284241486764,0.8386278919681271
90,4,32768,exact,-0.7462038008066987,-0.3742925365514125,0.3719112642552862
90,4,131072,joint,-0.8533322579271972,-0.6446608281722865,0.2086714297549107
90,4,131072,pair_coarse,-1.1186177405733706,-0.734018524575633,0.3845992159977376
90,4,131072,separate,-2.7417954660528623,-2.3571962500551247,0.3845992159977376
90,4,131072,exact,-0.18383608261266557,-0.009760792244532574,0.174075290368133
90,4,524288,joint,-0.5383806016302275,-0.43738951281981253,0.10099108881041496
90,4,524288,pair_coarse,-0.6629927882870181,-0.47818892572794314,0.184803862559075
90,4,524288,separate,-2.170187667043516,-1.9853838044844412,0.18480386255907466
90,4,524288,exact,0.06721451394304725,0.15160283860641074,0.08438832466336349
91,1,128,joint,-246.9843971580979,-246.98439715809792,-2.842170943040401e-14
91,1,128,pair_coarse,,,
91,1,128,separate,,,
91,1,128,exact,-118.87508125232821,-118.87508125232821,0.0
91,1,512,joint,-4.753039884393525,-4.753039884393525,0.0
91,1,512,pair_coarse,-9.51406574570832,-9.514065745708322,-1.7763568394002505e-15
91,1,512,separate,-17.112605684084468,-17.112605684084468,0.0
91,1,512,exact,-3.9541937084394903,-3.95419370843949,4.440892098500626e-16
91,1,2048,joint,-1.3554880923512949,-1.3554880923512949,0.0
91,1,2048,pair_coarse,-2.2961161626951845,-2.296116162695185,-4.440892098500626e-16
91,1,2048,separate,-5.644783992008908,-5.6447839920089065,1.7763568394002505e-15
91,1,2048,exact,-1.0126293569617124,-1.0126293569617124,0.0
91,1,8192,joint,-0.476753402507729,-0.476753402507729,0.0
91,1,8192,pair_coarse,-0.8145577634133288,-0.8145577634133288,0.0
91,1,8192,separate,-3.2233797066308694,-3.2233797066308694,0.0
91,1,8192,exact,-0.2407743405999455,-0.2407743405999455,0.0
91,1,32768,joint,-0.1439245241734684,-0.14392452417346843,-2.7755575615628914e-17
91,1,32768,pair_coarse,-0.29032765670485405,-0.29032765670485405,0.0
91,1,32768,separate,-2.357207156379205,-2.357207156379205,0.0
91,1,32768,exact,0.05275356403648504,0.05275356403648505,6.938893903907228e-18
91,1,131072,joint,0.0022952818905060124,0.0022952818905059877,-2.47198095326695e-17
91,1,131072,pair_coarse,-0.066192809273465,-0.06619280927346498,2.7755575615628914e-17
91,1,131072,separate,-1.9853851121346555,-1.9853851121346555,0.0
91,1,131072,exact,0.18191103552872065,0.18191103552872068,2.7755575615628914e-17
91,1,524288,joint,0.0709703898653897,0.07097038986538971,1.3877787807814457e-17
91,1,524288,pair_coarse,0.03780869343115391,0.03780869343115388,-2.7755575615628914e-17
91,1,524288,separate,-1.8125850446040594,-1.8125850446040592,2.220446049250313e-16
91,1,524288,exact,0.24261521887984278,0.24261521887984275,-2.7755575615628914e-17
91,2,128,joint,,,
91,2,128,pair_coarse,,,
91,2,128,separate,,,
91,2,128,exact,,,
91,2,512,joint,-16.218582020921662,-14.576758199750088,1.6418238211715739
91,2,512,pair_coarse,-53.40712552027907,-40.811911177950954,12.595214342328113
91,2,512,separate,-78.11452718372826,-65.51931284140014,12.59521434232812
91,2,512,exact,-13.78695931683381,-12.54215839789008,1.2448009189437297
91,2,2048,joint,-3.2478533313644182,-2.88166107027407,0.3661922610903483
91,2,2048,pair_coarse,-5.742149808458596,-4.251512496689462,1.4906373117691336
91,2,2048,separate,-10.28468889864589,-8.794051586876753,1.4906373117691363
91,2,2048,exact,-2.7230115193474567,-2.4339354586082345,0.2890760607392222
91,2,8192,joint,-1.1318215884993634,-0.9888626236493195,0.1429589648500439
91,2,8192,pair_coarse,-1.876413039928887,-1.3445954592276699,0.5318175807012171
91,2,8192,separate,-4.625928984497398,-4.094111403796181,0.5318175807012171
91,2,8192,exact,-0.8403344286651363,-0.7265805985193681,0.11375383014576823
91,2,32768,joint,-0.4242317871334207,-0.3596474567830978,0.0645843303503229
91,2,32768,pair_coarse,-0.7273365846677655,-0.4940994670921406,0.23323711757562493
91,2,32768,separate,-2.9277444357077766,-2.6945073181321515,0.23323711757562515
91,2,32768,exact,-0.20507673799677717,-0.15354405961785628,0.05153267837892089
91,2,131072,joint,-0.128141666333434,-0.09730398242185109,0.030837683911582897
91,2,131072,pair_coarse,-0.26633695751774067,-0.1563124941951597,0.11002446332258098
91,2,131072,separate,-2.245012286035581,-2.1349878227129997,0.11002446332258131
91,2,131072,exact,0.06166500992763978,0.08629927096845916,0.02463426104081938
91,2,524288,joint,0.007964845518225808,0.023048576482687756,0.015083730964461948
91,2,524288,pair_coarse,-0.05817762212562774,-0.0046546010961739945,0.05352302102945375
91,2,524288,separate,-1.9366808503230144,-1.8831578292935607,0.05352302102945372
91,2,524288,exact,0.18447045088647682,0.19652624751460304,0.012055796628126225
91,4,128,joint,,,
91,4,128,pair_coarse,,,
91,4,128,separate,,,
91,4,128,exact,,,
91,4,512,joint,-412.53411147698625,-284.89935069822667,127.63476077875958
91,4,512,pair_coarse,,,
91,4,512,separate,,,
91,4,512,exact,-203.4880592161204,-140.72987250375684,62.75818671236357
91,4,2048,joint,-8.518692493753566,-5.633247896784971,2.885444596968595
91,4,2048,pair_coarse,-17.071876485870032,-9.500000661642332,7.5718758242277
91,4,2048,separate,-24.67041642424618,-17.09854060001848,7.5718758242277
91,4,2048,exact,-7.4654967042406835,-4.877140639350238,2.588356064890445
91,4,8192,joint,-2.596115352440616,-1.6468444495451515,0.9492709028954645
91,4,8192,pair_coarse,-4.354180680739506,-2.2951725383559882,2.059008142383518
91,4,8192,separate,-7.702848510053229,-5.643840367669711,2.0590081423835187
91,4,8192,exact,-2.187713016333362,-1.3227463826085863,0.8649666337247754
91,4,32768,joint,-1.0079604379593663,-0.6016471080296587,0.4063133299297076
91,4,32768,pair_coarse,-1.6530901902373505,-0.8144622982692237,0.8386278919681268
91,4,32768,separate,-4.061912133454891,-3.223284241486764,0.8386278919681271
91,4,32768,exact,-0.7462038008066987,-0.3742925365514125,0.3719112642552862
91,4,131072,joint,-0.39214291899478826,-0.20230024132740493,0.18984267766738333
91,4,131072,pair_coarse,-0.6749159663785111,-0.2903167503807736,0.38459921599773755
91,4,131072,separate,-2.7417954660528623,-2.3571962500551247,0.3845992159977376
91,4,131072,exact,-0.18383608261266557,-0.009760792244532574,0.174075290368133
91,4,524288,joint,-0.11794546162611738,-0.025984761471902172,0.0919607001542152
91,4,524288,pair_coarse,-0.25099536418232565,-0.06619150162325076,0.18480386255907488
91,4,524288,separate,-2.170187667043516,-1.9853838044844412,0.18480386255907466
91,4,524288,exact,0.06721451394304725,0.15160283860641074,0.08438832466336349
92,1,128,joint,-160.8986971839451,-160.8986971839451,0.0
92,1,128,pair_coarse,,,
92,1,128,separate,,,
92,1,128,exact,-118.87508125232821,-118.87508125232821,0.0
92,1,512,joint,-4.280884449916084,-4.280884449916084,0.0
92,1,512,pair_coarse,-9.075557792723762,-9.075557792723762,0.0
92,1,512,separate,-17.112605684084468,-17.112605684084468,0.0
92,1,512,exact,-3.9541937084394903,-3.95419370843949,4.440892098500626e-16
92,1,2048,joint,-1.1474696802714088,-1.1474696802714088,0.0
92,1,2048,pair_coarse,-2.102866211129961,-2.1028662111299616,-4.440892098500626e-16
92,1,2048,separate,-5.644783992008908,-5.6447839920089065,1.7763568394002505e-15
92,1,2048,exact,-1.0126293569617124,-1.0126293569617124,0.0
92,1,8192,joint,-0.33134950659740015,-0.3313495065974002,-5.551115123125783e-17
92,1,8192,pair_coarse,-0.6755458495468412,-0.6755458495468412,0.0
92,1,8192,separate,-3.2233797066308694,-3.2233797066308694,0.0
92,1,8192,exact,-0.2407743405999455,-0.2407743405999455,0.0
92,1,32768,joint,-0.021654588836083982,-0.021654588836083975,6.938893903907228e-18
92,1,32768,pair_coarse,-0.1710490708425233,-0.1710490708425233,0.0
92,1,32768,separate,-2.357207156379205,-2.357207156379205,0.0
92,1,32768,exact,0.05275356403648504,0.05275356403648505,6.938893903907228e-18
92,1,131072,joint,0.11450096819892122,0.11450096819892122,0.0
92,1,131072,pair_coarse,0.04456282206315641,0.044562822063156406,-6.938893903907228e-18
92,1,131072,separate,-1.9853851121346555,-1.9853851121346555,0.0
92,1,131072,exact,0.18191103552872065,0.18191103552872068,2.7755575615628914e-17
92,1,524288,joint,0.1784699768017756,0.1784699768017756,0.0
92,1,524288,pair_coarse,0.14459399387858052,0.14459399387858052,0.0
92,1,524288,separate,-1.8125850446040594,-1.8125850446040592,2.220446049250313e-16
92,1,524288,exact,0.24261521887984278,0.24261521887984275,-2.7755575615628914e-17
92,2,128,joint,,,
92,2,128,pair_coarse,,,
92,2,128,separate,,,
92,2,128,exact,,,
92,2,512,joint,-14.826510064540525,-13.39579124815225,1.430718816388275
92,2,512,pair_coarse,-51.98127368362717,-39.38605934129906,12.595214342328113
92,2,512,separate,-78.11452718372826,-65.51931284140014,12.59521434232812
92,2,512,exact,-13.78695931683381,-12.54215839789008,1.2448009189437297
92,2,2048,joint,-2.936917742542265,-2.611019647447664,0.32589809509460066
92,2,2048,pair_coarse,-5.480002141414015,-3.9893648296448823,1.4906373117691332
92,2,2048,separate,-10.28468889864589,-8.794051586876753,1.4906373117691363
92,2,2048,exact,-2.7230115193474567,-2.4339354586082345,0.2890760607392222
92,2,8192,joint,-0.9549722363489566,-0.8272204333073683,0.12775180304158829
92,2,8192,pair_coarse,-1.717739845034974,-1.1859222643337564,0.5318175807012175
92,2,8192,separate,-4.625928984497398,-4.094111403796181,0.5318175807012171
92,2,8192,exact,-0.8403344286651363,-0.7265805985193681,0.11375383014576823
92,2,32768,joint,-0.2892269291550399,-0.23143039857266348,0.05779653058237641
92,2,32768,pair_coarse,-0.6003521441942037,-0.36711502661857875,0.23323711757562493
92,2,32768,separate,-2.9277444357077766,-2.6945073181321515,0.23323711757562515
92,2,32768,exact,-0.20507673799677717,-0.15354405961785628,0.05153267837892089
92,2,131072,joint,-0.010162965645468522,0.017450121253562503,0.027613086899031025
92,2,131072,pair_coarse,-0.15214859041483206,-0.04212412709225109,0.11002446332258096
92,2,131072,separate,-2.245012286035581,-2.1349878227129997,0.11002446332258131
92,2,131072,exact,0.06166500992763978,0.08629927096845916,0.02463426104081938
92,2,524288,joint,0.11821760511642074,0.1317277503317494,0.013510145215328673
92,2,524288,pair_coarse,0.05022986299022461,0.10375288401967839,0.05352302102945378
92,2,524288,separate,-1.9366808503230144,-1.8831578292935607,0.05352302102945372
92,2,524288,exact,0.18447045088647682,0.19652624751460304,0.012055796628126225
92,4,128,joint,,,
92,4,128,pair_coarse,,,
92,4,128,separate,,,
92,4,128,exact,,,
92,4,512,joint,-272.7866056016576,-188.18909387116966,84.59751173048792
92,4,512,pair_coarse,,,
92,4,512,separate,,,
92,4,512,exact,-203.4880592161204,-140.72987250375684,62.75818671236357
92,4,2048,joint,-7.9137441620074895,-5.183823226265368,2.729920935742122
92,4,2048,pair_coarse,-16.633368532885473,-9.061492708657774,7.5718758242277
92,4,2048,separate,-24.67041642424618,-17.09854060001848,7.5718758242277
92,4,2048,exact,-7.4654967042406835,-4.877140639350238,2.588356064890445
92,4,8192,joint,-2.354091539089294,-1.4486754285605896,0.9054161105287044
92,4,8192,pair_coarse,-4.160930729174282,-2.101922586790765,2.0590081423835174
92,4,8192,separate,-7.702848510053229,-5.643840367669711,2.0590081423835187
92,4,8192,exact,-2.187713016333362,-1.3227463826085863,0.8649666337247754
92,4,32768,joint,-0.8492061302229374,-0.4607563595416489,0.38844977068128855
92,4,32768,pair_coarse,-1.5140782763708631,-0.6754503844027361,0.838627891968127
92,4,32768,separate,-4.061912133454891,-3.223284241486764,0.8386278919681271
92,4,32768,exact,-0.7462038008066987,-0.3742925365514125,0.3719112642552862
92,4,131072,joint,-0.26385437676389556,-0.08219337012393954,0.18166100663995602
92,4,131072,pair_coarse,-0.5556373805161803,-0.17103816451844284,0.38459921599773744
92,4,131072,separate,-2.7417954660528623,-2.3571962500551247,0.3845992159977376
92,4,131072,exact,-0.18383608261266557,-0.009760792244532574,0.174075290368133
92,4,524288,joint,-0.0028711188540538474,0.0851614776619199,0.08803259651597374
92,4,524288,pair_coarse,-0.1402397328457043,0.044564129713370634,0.18480386255907494
92,4,524288,separate,-2.170187667043516,-1.9853838044844412,0.18480386255907466
92,4,524288,exact,0.06721451394304725,0.15160283860641074,0.08438832466336349
93,1,128,joint,-136.94748479240974,-136.94748479240974,0.0
93,1,128,pair_coarse,,,
93,1,128,separate,,,
93,1,128,exact,-118.87508125232821,-118.87508125232821,0.0
93,1,512,joint,-4.105772275614373,-4.105772275614372,8.881784197001252e-16
93,1,512,pair_coarse,-8.930904632223235,-8.930904632223237,-1.7763568394002505e-15
93,1,512,separate,-17.112605684084468,-17.112605684084468,0.0
93,1,512,exact,-3.9541937084394903,-3.95419370843949,4.440892098500626e-16
93,1,2048,joint,-1.0740793745554507,-1.0740793745554507,0.0
93,1,2048,pair_coarse,-2.03911772932884,-2.0391177293288405,-4.440892098500626e-16
93,1,2048,separate,-5.644783992008908,-5.6447839920089065,1.7763568394002505e-15
93,1,2048,exact,-1.0126293569617124,-1.0126293569617124,0.0
93,1,8192,joint,-0.2815646439402699,-0.2815646439402699,0.0
93,1,8192,pair_coarse,-0.6296891836616448,-0.6296891836616447,1.1102230246251565e-16
93,1,8192,separate,-3.2233797066308694,-3.2233797066308694,0.0
93,1,8192,exact,-0.2407743405999455,-0.2407743405999455,0.0
93,1,32768,joint,0.01948674577575797,0.01948674577575795,-2.0816681711721685e-17
93,1,32768,pair_coarse,-0.13170195226101145,-0.13170195226101142,2.7755575615628914e-17
93,1,32768,separate,-2.357207156379205,-2.357207156379205,0.0
93,1,32768,exact,0.05275356403648504,0.05275356403648505,6.938893903907228e-18
93,1,131072,joint,0.1518966081326309,0.15189660813263092,2.7755575615628914e-17
93,1,131072,pair_coarse,0.08109842422733766,0.08109842422733769,2.7755575615628914e-17
93,1,131072,separate,-1.9853851121346555,-1.9853851121346555,0.0
93,1,131072,exact,0.18191103552872065,0.18191103552872068,2.7755575615628914e-17
93,1,524288,joint,0.21411722008909487,0.2141172200890949,2.7755575615628914e-17
93,1,524288,pair_coarse,0.17981987997616378,0.17981987997616372,-5.551115123125783e-17
93,1,524288,separate,-1.8125850446040594,-1.8125850446040592,2.220446049250313e-16
93,1,524288,exact,0.24261521887984278,0.24261521887984275,-2.7755575615628914e-17
93,2,128,joint,,,
93,2,128,pair_coarse,,,
93,2,128,separate,,,
93,2,128,exact,,,
93,2,512,joint,-14.278272469263346,-12.942553869644774,1.3357185996185716
93,2,512,pair_coarse,-51.510919672546244,-38.91570533021813,12.595214342328113
93,2,512,separate,-78.11452718372826,-65.51931284140014,12.59521434232812
93,2,512,exact,-13.78695931683381,-12.54215839789008,1.2448009189437297
93,2,2048,joint,-2.822114848055997,-2.5148691005790402,0.30724574747695677
93,2,2048,pair_coarse,-5.393525970804692,-3.9028886590355585,1.4906373117691336
93,2,2048,separate,-10.28468889864589,-8.794051586876753,1.4906373117691363
93,2,2048,exact,-2.7230115193474567,-2.4339354586082345,0.2890760607392222
93,2,8192,joint,-0.8925760879253151,-0.7719027026074163,0.12067338531789873
93,2,8192,pair_coarse,-1.6653973983999668,-1.1335798176987493,0.5318175807012175
93,2,8192,separate,-4.625928984497398,-4.094111403796181,0.5318175807012171
93,2,8192,exact,-0.8403344286651363,-0.7265805985193681,0.11375383014576823
93,2,32768,joint,-0.24297977106793986,-0.188348790737831,0.05463098033010885
93,2,32768,pair_coarse,-0.5584630506809137,-0.3252259331052888,0.23323711757562493
93,2,32768,separate,-2.9277444357077766,-2.6945073181321515,0.23323711757562515
93,2,32768,exact,-0.20507673799677717,-0.15354405961785628,0.05153267837892089
93,2,131072,joint,0.02954787082949166,0.05565593607311468,0.026108065243623017
93,2,131072,pair_coarse,-0.11448061180370842,-0.004456148481127504,0.11002446332258091
93,2,131072,separate,-2.245012286035581,-2.1349878227129997,0.11002446332258131
93,2,131072,exact,0.06166500992763978,0.08629927096845916,0.02463426104081938
93,2,524288,joint,0.15496924612603,0.16774468138999588,0.012775435263965879
93,2,524288,pair_coarse,0.08599086854825591,0.13951388957770966,0.05352302102945375
93,2,524288,separate,-1.9366808503230144,-1.8831578292935607,0.05352302102945372
93,2,524288,exact,0.18447045088647682,0.19652624751460304,0.012055796628126225
93,4,128,joint,,,
93,4,128,pair_coarse,,,
93,4,128,separate,,,
93,4,128,exact,,,
93,4,512,joint,-233.4052474712468,-161.1676320256771,72.2376154455697
93,4,512,pair_coarse,,,
93,4,512,separate,,,
93,4,512,exact,-203.4880592161204,-140.72987250375684,62.75818671236357
93,4,2048,joint,-7.677085961557772,-5.018939760170285,2.6581462013874866
93,4,2048,pair_coarse,-16.48871537238495,-8.916839548157249,7.5718758242277
93,4,2048,separate,-24.67041642424618,-17.09854060001848,7.5718758242277
93,4,2048,exact,-7.4654967042406835,-4.877140639350238,2.588356064890445
93,4,8192,joint,-2.264782683109673,-1.3798104472194892,0.8849722358901839
93,4,8192,pair_coarse,-4.097182247373162,-2.038174104989644,2.0590081423835183
93,4,8192,separate,-7.702848510053229,-5.643840367669711,2.0590081423835187
93,4,8192,exact,-2.187713016333362,-1.3227463826085863,0.8649666337247754
93,4,32768,joint,-0.7931542959141247,-0.4130558490310964,0.3800984468830283
93,4,32768,pair_coarse,-1.4682216104856667,-0.6295937185175398,0.8386278919681269
93,4,32768,separate,-4.061912133454891,-3.223284241486764,0.8386278919681271
93,4,32768,exact,-0.7462038008066987,-0.3742925365514125,0.3719112642552862
93,4,131072,joint,-0.219884809023306,-0.042052976982061584,0.17783183204124442
93,4,131072,pair_coarse,-0.5162902619346685,-0.13169104593693096,0.3845992159977376
93,4,131072,separate,-2.7417954660528623,-2.3571962500551247,0.3845992159977376
93,4,131072,exact,-0.18383608261266557,-0.009760792244532574,0.174075290368133
93,4,524288,joint,0.03587315669381945,0.12206644876034925,0.0861932920665298
93,4,524288,pair_coarse,-0.10370413068152301,0.08109973187755191,0.18480386255907494
93,4,524288,separate,-2.170187667043516,-1.9853838044844412,0.18480386255907466
93,4,524288,exact,0.06721451394304725,0.15160283860641074,0.08438832466336349
94,1,128,joint,-127.49062785056377,-127.49062785056377,0.0
94,1,128,pair_coarse,,,
94,1,128,separate,,,
94,1,128,exact,-118.87508125232821,-118.87508125232821,0.0
94,1,512,joint,-4.0295642112277505,-4.02956421122775,8.881784197001252e-16
94,1,512,pair_coarse,-8.872324576664608,-8.872324576664608,0.0
94,1,512,separate,-17.112605684084468,-17.112605684084468,0.0
94,1,512,exact,-3.9541937084394903,-3.95419370843949,4.440892098500626e-16
94,1,2048,joint,-1.043051977132024,-1.0430519771320241,-2.220446049250313e-16
94,1,2048,pair_coarse,-2.0133015660817586,-2.0133015660817586,0.0
94,1,2048,separate,-5.644783992008908,-5.6447839920089065,1.7763568394002505e-15
94,1,2048,exact,-1.0126293569617124,-1.0126293569617124,0.0
94,1,8192,joint,-0.2609048745169869,-0.2609048745169869,0.0
94,1,8192,pair_coarse,-0.6111186524268402,-0.6111186524268402,0.0
94,1,8192,separate,-3.2233797066308694,-3.2233797066308694,0.0
94,1,8192,exact,-0.2407743405999455,-0.2407743405999455,0.0
94,1,32768,joint,0.036368850052186666,0.03636885005218666,-6.938893903907228e-18
94,1,32768,pair_coarse,-0.11576758632941808,-0.11576758632941805,2.7755575615628914e-17
94,1,32768,separate,-2.357207156379205,-2.357207156379205,0.0
94,1,32768,exact,0.05275356403648504,0.05275356403648505,6.938893903907228e-18
94,1,131072,joint,0.16714520822507273,0.1671452082250727,-2.7755575615628914e-17
94,1,131072,pair_coarse,0.09589421297637012,0.09589421297637012,0.0
94,1,131072,separate,-1.9853851121346555,-1.9853851121346555,0.0
94,1,131072,exact,0.18191103552872065,0.18191103552872068,2.7755575615628914e-17
94,1,524288,joint,0.22860410657392075,0.22860410657392075,0.0
94,1,524288,pair_coarse,0.19408527423065586,0.19408527423065586,0.0
94,1,524288,separate,-1.8125850446040594,-1.8125850446040592,2.220446049250313e-16
94,1,524288,exact,0.24261521887984278,0.24261521887984275,-2.7755575615628914e-17
94,2,128,joint,,,
94,2,128,pair_coarse,,,
94,2,128,separate,,,
94,2,128,exact,,,
94,2,512,joint,-14.032187185860812,-12.741618697586842,1.2905684882739692
94,2,512,pair_coarse,-51.320440847154494,-38.72522650482638,12.595214342328113
94,2,512,separate,-78.11452718372826,-65.51931284140014,12.59521434232812
94,2,512,exact,-13.78695931683381,-12.54215839789008,1.2448009189437297
94,2,2048,joint,-2.7722941215079953,-2.474031749010143,0.29826237249785237
94,2,2048,pair_coarse,-5.358505796608269,-3.8678684848391356,1.4906373117691336
94,2,2048,separate,-10.28468889864589,-8.794051586876753,1.4906373117691363
94,2,2048,exact,-2.7230115193474567,-2.4339354586082345,0.2890760607392222
94,2,8192,joint,-0.8662022709836629,-0.7489469957551078,0.11725527522855506
94,2,8192,pair_coarse,-1.644200326581117,-1.1123827458798998,0.5318175807012171
94,2,8192,separate,-4.625928984497398,-4.094111403796181,0.5318175807012171
94,2,8192,exact,-0.8403344286651363,-0.7265805985193681,0.11375383014576823
94,2,32768,joint,-0.22378466171112663,-0.17068370264848684,0.053100959062639785
94,2,32768,pair_coarse,-0.5414992635308903,-0.30826214595526535,0.23323711757562493
94,2,32768,separate,-2.9277444357077766,-2.6945073181321515,0.23323711757562515
94,2,32768,exact,-0.20507673799677717,-0.15354405961785628,0.05153267837892089
94,2,131072,joint,0.045845401835672456,0.07122575861814284,0.025380356782470387
94,2,131072,pair_coarse,-0.09922624562058716,0.010798217701993755,0.11002446332258091
94,2,131072,separate,-2.245012286035581,-2.1349878227129997,0.11002446332258131
94,2,131072,exact,0.06166500992763978,0.08629927096845916,0.02463426104081938
94,2,524288,joint,0.1699565491584651,0.18237667517848025,0.01242012602001516
94,2,524288,pair_coarse,0.100472969631794,0.15399599066124775,0.05352302102945375
94,2,524288,separate,-1.9366808503230144,-1.8831578292935607,0.05352302102945372
94,2,524288,exact,0.18447045088647682,0.19652624751460304,0.012055796628126225
94,4,128,joint,,,
94,4,128,pair_coarse,,,
94,4,128,separate,,,
94,4,128,exact,,,
94,4,512,joint,-217.76511466343555,-150.4771190358389,67.28799562759664
94,4,512,pair_coarse,,,
94,4,512,separate,,,
94,4,512,exact,-203.4880592161204,-140.72987250375684,62.75818671236357
94,4,2048,joint,-7.571215271945171,-4.947589853600672,2.623625418344499
94,4,2048,pair_coarse,-16.43013531682632,-8.85825949259862,7.5718758242277
94,4,2048,separate,-24.67041642424618,-17.09854060001848,7.5718758242277
94,4,2048,exact,-7.4654967042406835,-4.877140639350238,2.588356064890445
94,4,8192,joint,-2.226046868883703,-1.3509543542270201,0.8750925146566828
94,4,8192,pair_coarse,-4.07136608412608,-2.012357941742562,2.059008142383518
94,4,8192,separate,-7.702848510053229,-5.643840367669711,2.0590081423835187
94,4,8192,exact,-2.187713016333362,-1.3227463826085863,0.8649666337247754
94,4,32768,joint,-0.7694557781724047,-0.39339870154497264,0.3760570766274321
94,4,32768,pair_coarse,-1.4496510792508621,-0.6110231872827351,0.838627891968127
94,4,32768,separate,-4.061912133454891,-3.223284241486764,0.8386278919681271
94,4,32768,exact,-0.7462038008066987,-0.3742925365514125,0.3719112642552862
94,4,131072,joint,-0.2016306546337776,-0.02565280602678978,0.17597784860698784
94,4,131072,pair_coarse,-0.5003558960030752,-0.11575668000533759,0.3845992159977376
94,4,131072,separate,-2.7417954660528623,-2.3571962500551247,0.3845992159977376
94,4,131072,exact,-0.18383608261266557,-0.009760792244532574,0.174075290368133
94,4,524288,joint,0.05177615704436091,0.13707870375441783,0.08530254671005692
94,4,524288,pair_coarse,-0.08890834193249059,0.09589552062658434,0.18480386255907494
94,4,524288,separate,-2.170187667043516,-1.9853838044844412,0.18480386255907466
94,4,524288,exact,0.06721451394304725,0.15160283860641074,0.08438832466336349
95,1,128,joint,,,
95,1,128,pair_coarse,,,
95,1,128,separate,,,
95,1,128,exact,-118.87508125232821,-118.87508125232821,0.0
95,1,512,joint,-17.112605684084468,-17.112605684084468,0.0
95,1,512,pair_coarse,-17.112605684084468,-17.112605684084468,0.0
95,1,512,separate,-17.112605684084468,-17.112605684084468,0.0
95,1,512,exact,-3.9541937084394903,-3.95419370843949,4.440892098500626e-16
95,1,2048,joint,-5.644783992008908,-5.6447839920089065,1.7763568394002505e-15
95,1,2048,pair_coarse,-5.644783992008908,-5.6447839920089065,1.7763568394002505e-15
95,1,2048,separate,-5.644783992008908,-5.6447839920089065,1.7763568394002505e-15
95,1,2048,exact,-1.0126293569617124,-1.0126293569617124,0.0
95,1,8192,joint,-3.2233797066308694,-3.2233797066308694,0.0
95,1,8192,pair_coarse,-3.2233797066308694,-3.2233797066308694,0.0
95,1,8192,separate,-3.2233797066308694,-3.2233797066308694,0.0
95,1,8192,exact,-0.2407743405999455,-0.2407743405999455,0.0
95,1,32768,joint,-2.357207156379205,-2.357207156379205,0.0
95,1,32768,pair_coarse,-2.357207156379205,-2.357207156379205,0.0
95,1,32768,separate,-2.357207156379205,-2.357207156379205,0.0
95,1,32768,exact,0.05275356403648504,0.05275356403648505,6.938893903907228e-18
95,1,131072,joint,-1.9853851121346555,-1.9853851121346555,0.0
95,1,131072,pair_coarse,-1.9853851121346555,-1.9853851121346555,0.0
95,1,131072,separate,-1.9853851121346555,-1.9853851121346555,0.0
95,1,131072,exact,0.18191103552872065,0.18191103552872068,2.7755575615628914e-17
95,1,524288,joint,-1.8125850446040594,-1.8125850446040592,2.220446049250313e-16
95,1,524288,pair_coarse,-1.8125850446040594,-1.8125850446040592,2.220446049250313e-16
95,1,524288,separate,-1.8125850446040594,-1.8125850446040592,2.220446049250313e-16
95,1,524288,exact,0.24261521887984278,0.24261521887984275,-2.7755575615628914e-17
95,2,128,joint,,,
95,2,128,pair_coarse,,,
95,2,128,separate,,,
95,2,128,exact,,,
95,2,512,joint,-78.11452718372826,-65.51931284140014,12.59521434232812
95,2,512,pair_coarse,-78.11452718372826,-65.51931284140014,12.59521434232812
95,2,512,separate,-78.11452718372826,-65.51931284140014,12.59521434232812
95,2,512,exact,-13.78695931683381,-12.54215839789008,1.2448009189437297
95,2,2048,joint,-10.28468889864589,-8.794051586876753,1.4906373117691363
95,2,2048,pair_coarse,-10.28468889864589,-8.794051586876753,1.4906373117691363
95,2,2048,separate,-10.28468889864589,-8.794051586876753,1.4906373117691363
95,2,2048,exact,-2.7230115193474567,-2.4339354586082345,0.2890760607392222
95,2,8192,joint,-4.625928984497398,-4.094111403796181,0.5318175807012171
95,2,8192,pair_coarse,-4.625928984497398,-4.094111403796181,0.5318175807012171
95,2,8192,separate,-4.625928984497398,-4.094111403796181,0.5318175807012171
95,2,8192,exact,-0.8403344286651363,-0.7265805985193681,0.11375383014576823
95,2,32768,joint,-2.9277444357077766,-2.6945073181321515,0.23323711757562515
95,2,32768,pair_coarse,-2.9277444357077766,-2.6945073181321515,0.23323711757562515
95,2,32768,separate,-2.9277444357077766,-2.6945073181321515,0.23323711757562515
95,2,32768,exact,-0.20507673799677717,-0.15354405961785628,0.05153267837892089
95,2,131072,joint,-2.245012286035581,-2.1349878227129997,0.11002446332258131
95,2,131072,pair_coarse,-2.245012286035581,-2.1349878227129997,0.11002446332258131
95,2,131072,separate,-2.245012286035581,-2.1349878227129997,0.11002446332258131
95,2,131072,exact,0.06166500992763978,0.08629927096845916,0.02463426104081938
95,2,524288,joint,-1.9366808503230144,-1.8831578292935607,0.05352302102945372
95,2,524288,pair_coarse,-1.9366808503230144,-1.8831578292935607,0.05352302102945372
95,2,524288,separate,-1.9366808503230144,-1.8831578292935607,0.05352302102945372
95,2,524288,exact,0.18447045088647682,0.19652624751460304,0.012055796628126225
95,4,128,joint,,,
95,4,128,pair_coarse,,,
95,4,128,separate,,,
95,4,128,exact,,,
95,4,512,joint,,,
95,4,512,pair_coarse,,,
95,4,512,separate,,,
95,4,512,exact,-203.4880592161204,-140.72987250375684,62.75818671236357
95,4,2048,joint,-24.67041642424618,-17.09854060001848,7.5718758242277
95,4,2048,pair_coarse,-24.67041642424618,-17.09854060001848,7.5718758242277
95,4,2048,separate,-24.67041642424618,-17.09854060001848,7.5718758242277
95,4,2048,exact,-7.4654967042406835,-4.877140639350238,2.588356064890445
95,4,8192,joint,-7.702848510053229,-5.643840367669711,2.0590081423835187
95,4,8192,pair_coarse,-7.702848510053229,-5.643840367669711,2.0590081423835187
95,4,8192,separate,-7.702848510053229,-5.643840367669711,2.0590081423835187
95,4,8192,exact,-2.187713016333362,-1.3227463826085863,0.8649666337247754
95,4,32768,joint,-4.061912133454891,-3.223284241486764,0.8386278919681271
95,4,32768,pair_coarse,-4.061912133454891,-3.223284241486764,0.8386278919681271
95,4,32768,separate,-4.061912133454891,-3.223284241486764,0.8386278919681271
95,4,32768,exact,-0.7462038008066987,-0.3742925365514125,0.3719112642552862
95,4,131072,joint,-2.7417954660528623,-2.3571962500551247,0.3845992159977376
95,4,131072,pair_coarse,-2.7417954660528623,-2.3571962500551247,0.3845992159977376
95,4,131072,separate,-2.7417954660528623,-2.3571962500551247,0.3845992159977376
95,4,131072,exact,-0.18383608261266557,-0.009760792244532574,0.174075290368133
95,4,524288,joint,-2.170187667043516,-1.9853838044844412,0.18480386255907466
95,4,524288,pair_coarse,-2.170187667043516,-1.9853838044844412,0.18480386255907466
95,4,524288,separate,-2.170187667043516,-1.9853838044844412,0.18480386255907466
95,4,524288,exact,0.06721451394304725,0.15160283860641074,0.08438832466336349
96,1,128,joint,,,
96,1,128,pair_coarse,,,
96,1,128,separate,,,
96,1,128,exact,-118.87508125232821,-118.87508125232821,0.0
96,1,512,joint,-11.239719642863633,-11.239719642863632,1.7763568394002505e-15
96,1,512,pair_coarse,-15.581564293341376,-15.581564293341376,0.0
96,1,512,separate,-17.112605684084468,-17.112605684084468,0.0
96,1,512,exact,-3.9541937084394903,-3.95419370843949,4.440892098500626e-16
96,1,2048,joint,-4.178199787520299,-4.1781997875203,-8.881784197001252e-16
96,1,2048,pair_coarse,-4.970055808422523,-4.970055808422522,8.881784197001252e-16
96,1,2048,separate,-5.644783992008908,-5.6447839920089065,1.7763568394002505e-15
96,1,2048,exact,-1.0126293569617124,-1.0126293569617124,0.0
96,1,8192,joint,-2.462021982477962,-2.462021982477962,0.0
96,1,8192,pair_coarse,-2.7380225027593568,-2.7380225027593568,0.0
96,1,8192,separate,-3.2233797066308694,-3.2233797066308694,0.0
96,1,8192,exact,-0.2407743405999455,-0.2407743405999455,0.0
96,1,32768,joint,-1.822830177768867,-1.8228301777688671,-2.220446049250313e-16
96,1,32768,pair_coarse,-1.9407484565048083,-1.9407484565048088,-4.440892098500626e-16
96,1,32768,separate,-2.357207156379205,-2.357207156379205,0.0
96,1,32768,exact,0.05275356403648504,0.05275356403648505,6.938893903907228e-18
96,1,131072,joint,-1.5439120828903306,-1.5439120828903306,0.0
96,1,131072,pair_coarse,-1.5986841305900377,-1.5986841305900377,0.0
96,1,131072,separate,-1.9853851121346555,-1.9853851121346555,0.0
96,1,131072,exact,0.18191103552872065,0.18191103552872068,2.7755575615628914e-17
96,1,524288,joint,-1.413319988733834,-1.4133199887338341,-2.220446049250313e-16
96,1,524288,pair_coarse,-1.4397463907206163,-1.4397463907206165,-2.220446049250313e-16
96,1,524288,separate,-1.8125850446040594,-1.8125850446040592,2.220446049250313e-16
96,1,524288,exact,0.24261521887984278,0.24261521887984275,-2.7755575615628914e-17
96,2,128,joint,,,
96,2,128,pair_coarse,,,
96,2,128,separate,,,
96,2,128,exact,,,
96,2,512,joint,-36.27299521629568,-32.179416447431024,4.09357876886466
96,2,512,pair_coarse,-73.13619517373166,-60.54098083140355,12.595214342328113
96,2,512,separate,-78.11452718372826,-65.51931284140014,12.59521434232812
96,2,512,exact,-13.78695931683381,-12.54215839789008,1.2448009189437297
96,2,2048,joint,-7.353077357473849,-6.60545069781976,0.747626659654089
96,2,2048,pair_coarse,-9.369405775500063,-7.878768463730928,1.4906373117691345
96,2,2048,separate,-10.28468889864589,-8.794051586876753,1.4906373117691363
96,2,2048,exact,-2.7230115193474567,-2.4339354586082345,0.2890760607392222
96,2,8192,joint,-3.496622064866327,-3.2147590269968096,0.2818630378695173
96,2,8192,pair_coarse,-4.0719248271484405,-3.5401072464472225,0.531817580701218
96,2,8192,separate,-4.625928984497398,-4.094111403796181,0.5318175807012171
96,2,8192,exact,-0.8403344286651363,-0.7265805985193681,0.11375383014576823
96,2,32768,joint,-2.2547353516506687,-2.128897721830738,0.12583762981993063
96,2,32768,pair_coarse,-2.4843809048478893,-2.2511437872722646,0.2332371175756247
96,2,32768,separate,-2.9277444357077766,-2.6945073181321515,0.23323711757562515
96,2,32768,exact,-0.20507673799677717,-0.15354405961785628,0.05153267837892089
96,2,131072,joint,-1.7426062732036591,-1.6828151196374408,0.059791153566218336
96,2,131072,pair_coarse,-1.8463259790119175,-1.7363015156893367,0.11002446332258087
96,2,131072,separate,-2.245012286035581,-2.1349878227129997,0.11002446332258131
96,2,131072,exact,0.06166500992763978,0.08629927096845916,0.02463426104081938
96,2,524288,joint,-1.5087668898392212,-1.4795860834952543,0.029180806343966914
96,2,524288,pair_coarse,-1.5581783724339073,-1.5046553514044536,0.05352302102945372
96,2,524288,separate,-1.9366808503230144,-1.8831578292935607,0.05352302102945372
96,2,524288,exact,0.18447045088647682,0.19652624751460304,0.012055796628126225
96,4,128,joint,,,
96,4,128,pair_coarse,,,
96,4,128,separate,,,
96,4,128,exact,,,
96,4,512,joint,,,
96,4,512,pair_coarse,,,
96,4,512,separate,,,
96,4,512,exact,-203.4880592161204,-140.72987250375684,62.75818671236357
96,4,2048,joint,-16.262617452427964,-11.867742569297569,4.394874883130395
96,4,2048,pair_coarse,-23.13937503350309,-15.567499209275388,7.571875824227702
96,4,2048,separate,-24.67041642424618,-17.09854060001848,7.5718758242277
96,4,2048,exact,-7.4654967042406835,-4.877140639350238,2.588356064890445
96,4,8192,joint,-5.71992668940316,-4.372881155838392,1.347045533564768
96,4,8192,pair_coarse,-7.028120326466844,-4.969112184083326,2.059008142383518
96,4,8192,separate,-7.702848510053229,-5.643840367669711,2.0590081423835187
96,4,8192,exact,-2.187713016333362,-1.3227463826085863,0.8649666337247754
96,4,32768,joint,-3.1093388726922786,-2.5439581873241646,0.565380685368114
96,4,32768,pair_coarse,-3.5765549295833785,-2.7379270376152514,0.8386278919681271
96,4,32768,separate,-4.061912133454891,-3.223284241486764,0.8386278919681271
96,4,32768,exact,-0.7462038008066987,-0.3742925365514125,0.3719112642552862
96,4,131072,joint,-2.123044217422592,-1.860853228979243,0.2621909884433491
96,4,131072,pair_coarse,-2.3253367661784656,-1.9407375501807282,0.3845992159977374
96,4,131072,separate,-2.7417954660528623,-2.3571962500551247,0.3845992159977376
96,4,131072,exact,-0.18383608261266557,-0.009760792244532574,0.174075290368133
96,4,524288,joint,-1.6888646364436886,-1.5622734783468772,0.12659115809681132
96,4,524288,pair_coarse,-1.7834866854988982,-1.5986828229398233,0.18480386255907488
96,4,524288,separate,-2.170187667043516,-1.9853838044844412,0.18480386255907466
96,4,524288,exact,0.06721451394304725,0.15160283860641074,0.08438832466336349
97,1,128,joint,,,
97,1,128,pair_coarse,,,
97,1,128,separate,,,
97,1,128,exact,-118.87508125232821,-118.87508125232821,0.0
97,1,512,joint,-7.013402523306737,-7.013402523306736,8.881784197001252e-16
97,1,512,pair_coarse,-11.891393556131188,-11.891393556131188,0.0
97,1,512,separate,-17.112605684084468,-17.112605684084468,0.0
97,1,512,exact,-3.9541937084394903,-3.95419370843949,4.440892098500626e-16
97,1,2048,joint,-2.4076502085067317,-2.4076502085067317,0.0
97,1,2048,pair_coarse,-3.343801800075301,-3.343801800075302,-8.881784197001252e-16
97,1,2048,separate,-5.644783992008908,-5.6447839920089065,1.7763568394002505e-15
97,1,2048,exact,-1.0126293569617124,-1.0126293569617124,0.0
97,1,8192,joint,-1.235924502950129,-1.2359245029501291,-2.220446049250313e-16
97,1,8192,pair_coarse,-1.5681972049915895,-1.5681972049915893,2.220446049250313e-16
97,1,8192,separate,-3.2233797066308694,-3.2233797066308694,0.0
97,1,8192,exact,-0.2407743405999455,-0.2407743405999455,0.0
97,1,32768,joint,-0.7938116479872561,-0.7938116479872562,-1.1102230246251565e-16
97,1,32768,pair_coarse,-0.9369847981054705,-0.9369847981054705,0.0
97,1,32768,separate,-2.357207156379205,-2.357207156379205,0.0
97,1,32768,exact,0.05275356403648504,0.05275356403648505,6.938893903907228e-18
97,1,131072,joint,-0.5998616986446588,-0.5998616986446588,0.0
97,1,131072,pair_coarse,-0.666643589573826,-0.6666435895738257,2.220446049250313e-16
97,1,131072,separate,-1.9853851121346555,-1.9853851121346555,0.0
97,1,131072,exact,0.18191103552872065,0.18191103552872068,2.7755575615628914e-17
97,1,524288,joint,-0.5088291770598731,-0.5088291770598732,-1.1102230246251565e-16
97,1,524288,pair_coarse,-0.5411173277964885,-0.5411173277964885,0.0
97,1,524288,separate,-1.8125850446040594,-1.8125850446040592,2.220446049250313e-16
97,1,524288,exact,0.24261521887984278,0.24261521887984275,-2.7755575615628914e-17
97,2,128,joint,,,
97,2,128,pair_coarse,,,
97,2,128,separate,,,
97,2,128,exact,,,
97,2,512,joint,-22.38079052493498,-20.052198337206054,2.328592187728926
97,2,512,pair_coarse,-61.137241249638315,-48.54202690731021,12.595214342328106
97,2,512,separate,-78.11452718372826,-65.51931284140014,12.59521434232812
97,2,512,exact,-13.78695931683381,-12.54215839789008,1.2448009189437297
97,2,2048,joint,-4.733259601339508,-4.245710176426099,0.4875494249134089
97,2,2048,pair_coarse,-7.1633576453082455,-5.672720333539113,1.4906373117691327
97,2,2048,separate,-10.28468889864589,-8.794051586876753,1.4906373117691363
97,2,2048,exact,-2.7230115193474567,-2.4339354586082345,0.2890760607392222
97,2,8192,joint,-2.023417692913254,-1.8353164985489532,0.18810119436430095
97,2,8192,pair_coarse,-2.7366441860746695,-2.2048266053734524,0.5318175807012171
97,2,8192,separate,-4.625928984497398,-4.094111403796181,0.5318175807012171
97,2,8192,exact,-0.8403344286651363,-0.7265805985193681,0.11375383014576823
97,2,32768,joint,-1.1276511258309698,-1.0430175117438478,0.084633614087122
97,2,32768,pair_coarse,-1.4157702602125637,-1.1825331426369388,0.23323711757562493
97,2,32768,separate,-2.9277444357077766,-2.6945073181321515,0.23323711757562515
97,2,32768,exact,-0.20507673799677717,-0.15354405961785628,0.05153267837892089
97,2,131072,joint,-0.7545273909379849,-0.7141848474222241,0.04034254351576083
97,2,131072,pair_coarse,-0.8853979777179355,-0.7753735143953547,0.11002446332258076
97,2,131072,separate,-2.245012286035581,-2.1349878227129997,0.11002446332258131
97,2,131072,exact,0.06166500992763978,0.08629927096845916,0.02463426104081938
97,2,524288,joint,-0.5833781597131013,-0.5636604772846867,0.01971768242841454
97,2,524288,pair_coarse,-0.6458981582523554,-0.5923751372229016,0.05352302102945383
97,2,524288,separate,-1.9366808503230144,-1.8831578292935607,0.05352302102945372
97,2,524288,exact,0.18447045088647682,0.19652624751460304,0.012055796628126225
97,4,128,joint,,,
97,4,128,pair_coarse,,,
97,4,128,separate,,,
97,4,128,exact,,,
97,4,512,joint,,,
97,4,512,pair_coarse,,,
97,4,512,separate,,,
97,4,512,exact,-203.4880592161204,-140.72987250375684,62.75818671236357
97,4,2048,joint,-11.178311115782922,-7.820265770779665,3.358045345003257
97,4,2048,pair_coarse,-19.4492042962929,-11.8773284720652,7.571875824227702
97,4,2048,separate,-24.67041642424618,-17.09854060001848,7.5718758242277
97,4,2048,exact,-7.4654967042406835,-4.877140639350238,2.588356064890445
97,4,8192,joint,-3.747832908353168,-2.6688274547505335,1.0790054536026346
97,4,8192,pair_coarse,-5.401866318119623,-3.3428581757361053,2.059008142383518
97,4,8192,separate,-7.702848510053229,-5.643840367669711,2.0590081423835187
97,4,8192,exact,-2.187713016333362,-1.3227463826085863,0.8649666337247754
97,4,32768,joint,-1.8059319665922908,-1.347168469388352,0.4587634972039387
97,4,32768,pair_coarse,-2.4067296318156113,-1.5681017398474841,0.8386278919681271
97,4,32768,separate,-4.061912133454891,-3.223284241486764,0.8386278919681271
97,4,32768,exact,-0.7462038008066987,-0.3742925365514125,0.3719112642552862
97,4,131072,joint,-1.059473976244024,-0.8456772963692127,0.2137966798748112
97,4,131072,pair_coarse,-1.3215731077791275,-0.93697389178139,0.3845992159977375
97,4,131072,separate,-2.7417954660528623,-2.3571962500551247,0.3845992159977376
97,4,131072,exact,-0.18383608261266557,-0.009760792244532574,0.174075290368133
97,4,524288,joint,-0.7284069383242805,-0.6249599830532991,0.10344695527098136
97,4,524288,pair_coarse,-0.8514461444826866,-0.6666422819236116,0.184803862559075
97,4,524288,separate,-2.170187667043516,-1.9853838044844412,0.18480386255907466
97,4,524288,exact,0.06721451394304725,0.15160283860641074,0.08438832466336349
98,1,128,joint,-305.0325709652121,-305.0325709652121,0.0
98,1,128,pair_coarse,,,
98,1,128,separate,,,
98,1,128,exact,-118.87508125232821,-118.87508125232821,0.0
98,1,512,joint,-4.964119388428978,-4.964119388428977,8.881784197001252e-16
98,1,512,pair_coarse,-9.718963966785008,-9.718963966785008,0.0
98,1,512,separate,-17.112605684084468,-17.112605684084468,0.0
98,1,512,exact,-3.9541937084394903,-3.95419370843949,4.440892098500626e-16
98,1,2048,joint,-1.4502496467573747,-1.4502496467573744,2.220446049250313e-16
98,1,2048,pair_coarse,-2.3864145735435383,-2.3864145735435387,-4.440892098500626e-16
98,1,2048,separate,-5.644783992008908,-5.6447839920089065,1.7763568394002505e-15
98,1,2048,exact,-1.0126293569617124,-1.0126293569617124,0.0
98,1,8192,joint,-0.5437533071183558,-0.5437533071183558,0.0
98,1,8192,pair_coarse,-0.8795127857016289,-0.8795127857016289,0.0
98,1,8192,separate,-3.2233797066308694,-3.2233797066308694,0.0
98,1,8192,exact,-0.2407743405999455,-0.2407743405999455,0.0
98,1,32768,joint,-0.20063622092185213,-0.20063622092185213,0.0
98,1,32768,pair_coarse,-0.3460620393754348,-0.3460620393754348,0.0
98,1,32768,separate,-2.357207156379205,-2.357207156379205,0.0
98,1,32768,exact,0.05275356403648504,0.05275356403648505,6.938893903907228e-18
98,1,131072,joint,-0.04993487269362244,-0.04993487269362247,-2.7755575615628914e-17
98,1,131072,pair_coarse,-0.11794473687396202,-0.11794473687396202,0.0
98,1,131072,separate,-1.9853851121346555,-1.9853851121346555,0.0
98,1,131072,exact,0.18191103552872065,0.18191103552872068,2.7755575615628914e-17
98,1,524288,joint,0.020837020804839224,0.020837020804839245,2.0816681711721685e-17
98,1,524288,pair_coarse,-0.012088048349462574,-0.012088048349462567,6.938893903907228e-18
98,1,524288,separate,-1.8125850446040594,-1.8125850446040592,2.220446049250313e-16
98,1,524288,exact,0.24261521887984278,0.24261521887984275,-2.7755575615628914e-17
98,2,128,joint,,,
98,2,128,pair_coarse,,,
98,2,128,separate,,,
98,2,128,exact,,,
98,2,512,joint,-16.82623840276183,-15.099484155098345,1.7267542476634858
98,2,512,pair_coarse,-54.073372284700206,-41.47815794237209,12.595214342328113
98,2,512,separate,-78.11452718372826,-65.51931284140014,12.59521434232812
98,2,512,exact,-13.78695931683381,-12.54215839789008,1.2448009189437297
98,2,2048,joint,-3.3867302149857723,-3.0047533718700286,0.38197684311574376
98,2,2048,pair_coarse,-5.8646415221692685,-4.374004210400135,1.4906373117691336
98,2,2048,separate,-10.28468889864589,-8.794051586876753,1.4906373117691363
98,2,2048,exact,-2.7230115193474567,-2.4339354586082345,0.2890760607392222
98,2,8192,joint,-1.2122933431889895,-1.0634078566273693,0.14888548656162026
98,2,8192,pair_coarse,-1.9505550370010865,-1.4187374562998691,0.5318175807012173
98,2,8192,separate,-4.625928984497398,-4.094111403796181,0.5318175807012171
98,2,8192,exact,-0.8403344286651363,-0.7265805985193681,0.11375383014576823
98,2,32768,joint,-0.4863950894055714,-0.4191701448526521,0.06722494455291933
98,2,32768,pair_coarse,-0.7866716224484085,-0.5534345048727836,0.23323711757562493
98,2,32768,separate,-2.9277444357077766,-2.6945073181321515,0.23323711757562515
98,2,32768,exact,-0.20507673799677717,-0.15354405961785628,0.05153267837892089
98,2,131072,joint,-0.1828417116671631,-0.1507505167357331,0.032091194931430006
98,2,131072,pair_coarse,-0.31969287302119676,-0.2096684096986158,0.11002446332258095
98,2,131072,separate,-2.245012286035581,-2.1349878227129997,0.11002446332258131
98,2,131072,exact,0.06166500992763978,0.08629927096845916,0.02463426104081938
98,2,524288,joint,-0.04334601803907553,-0.02765078786764159,0.015695230171433937
98,2,524288,pair_coarse,-0.10883234959511498,-0.05530932856566123,0.05352302102945375
98,2,524288,separate,-1.9366808503230144,-1.8831578292935607,0.05352302102945372
98,2,524288,exact,0.18447045088647682,0.19652624751460304,0.012055796628126225
98,4,128,joint,,,
98,4,128,pair_coarse,,,
98,4,128,separate,,,
98,4,128,exact,,,
98,4,512,joint,-506.173237985214,-349.9712124960845,156.20202548912948
98,4,512,pair_coarse,,,
98,4,512,separate,,,
98,4,512,exact,-203.4880592161204,-140.72987250375684,62.75818671236357
98,4,2048,joint,-8.7817439638025,-5.835193855611754,2.9465501081907455
98,4,2048,pair_coarse,-17.27677470694672,-9.70489888271902,7.571875824227702
98,4,2048,separate,-24.67041642424618,-17.09854060001848,7.5718758242277
98,4,2048,exact,-7.4654967042406835,-4.877140639350238,2.588356064890445
98,4,8192,joint,-2.704061331007802,-1.7377221585007352,0.9663391725070667
98,4,8192,pair_coarse,-4.44447909158786,-2.385470949204342,2.0590081423835183
98,4,8192,separate,-7.702848510053229,-5.643840367669711,2.0590081423835187
98,4,8192,exact,-2.187713016333362,-1.3227463826085863,0.8649666337247754
98,4,32768,joint,-1.0801230129568982,-0.6668757808802777,0.4132472320766205
98,4,32768,pair_coarse,-1.718045212525651,-0.8794173205575239,0.838627891968127
98,4,32768,separate,-4.061912133454891,-3.223284241486764,0.8386278919681271
98,4,32768,exact,-0.7462038008066987,-0.3742925365514125,0.3719112642552862
98,4,131072,joint,-0.4511797504029063,-0.2581645357811437,0.19301521462176263
98,4,131072,pair_coarse,-0.7306503490490919,-0.3460511330513543,0.38459921599773755
98,4,131072,separate,-2.7417954660528623,-2.3571962500551247,0.3845992159977376
98,4,131072,exact,-0.18383608261266557,-0.009760792244532574,0.174075290368133
98,4,524288,joint,-0.17128337777506958,-0.07780019029359823,0.09348318748147134
98,4,524288,pair_coarse,-0.3027472917828227,-0.1179434292237478,0.18480386255907494
98,4,524288,separate,-2.170187667043516,-1.9853838044844412,0.18480386255907466
98,4,524288,exact,0.06721451394304725,0.15160283860641074,0.08438832466336349
99,1,128,joint,-174.0620924447704,-174.06209244477043,-2.842170943040401e-14
99,1,128,pair_coarse,,,
99,1,128,separate,,,
99,1,128,exact,-118.87508125232821,-118.87508125232821,0.0
99,1,512,joint,-4.369265769879274,-4.3692657698792745,-8.881784197001252e-16
99,1,512,pair_coarse,-9.154104495759144,-9.154104495759144,0.0
99,1,512,separate,-17.112605684084468,-17.112605684084468,0.0
99,1,512,exact,-3.9541937084394903,-3.95419370843949,4.440892098500626e-16
99,1,2048,joint,-1.1856808023150645,-1.1856808023150645,0.0
99,1,2048,pair_coarse,-2.1374816530025287,-2.137481653002529,-4.440892098500626e-16
99,1,2048,separate,-5.644783992008908,-5.6447839920089065,1.7763568394002505e-15
99,1,2048,exact,-1.0126293569617124,-1.0126293569617124,0.0
99,1,8192,joint,-0.3577588457477031,-0.3577588457477031,0.0
99,1,8192,pair_coarse,-0.7004460308150144,-0.7004460308150144,0.0
99,1,8192,separate,-3.2233797066308694,-3.2233797066308694,0.0
99,1,8192,exact,-0.2407743405999455,-0.2407743405999455,0.0
99,1,32768,joint,-0.04371786965968588,-0.04371786965968589,-6.938893903907228e-18
99,1,32768,pair_coarse,-0.19241456626499454,-0.19241456626499454,0.0
99,1,32768,separate,-2.357207156379205,-2.357207156379205,0.0
99,1,32768,exact,0.05275356403648504,0.05275356403648505,6.938893903907228e-18
99,1,131072,joint,0.09432574087254633,0.09432574087254632,-1.3877787807814457e-17
99,1,131072,pair_coarse,0.024723980772174872,0.024723980772174865,-6.938893903907228e-18
99,1,131072,separate,-1.9853851121346555,-1.9853851121346555,0.0
99,1,131072,exact,0.18191103552872065,0.18191103552872068,2.7755575615628914e-17
99,1,524288,joint,0.15917705055732523,0.15917705055732523,0.0
99,1,524288,pair_coarse,0.1254663287457125,0.1254663287457125,0.0
99,1,524288,separate,-1.8125850446040594,-1.8125850446040592,2.220446049250313e-16
99,1,524288,exact,0.24261521887984278,0.24261521887984275,-2.7755575615628914e-17
99,2,128,joint,,,
99,2,128,pair_coarse,,,
99,2,128,separate,,,
99,2,128,exact,,,
99,2,512,joint,-15.093229187889449,-13.619541348762448,1.4736878391270007
99,2,512,pair_coarse,-52.236676031574774,-39.64146168924666,12.595214342328113
99,2,512,separate,-78.11452718372826,-65.51931284140014,12.59521434232812
99,2,512,exact,-13.78695931683381,-12.54215839789008,1.2448009189437297
99,2,2048,joint,-2.9950731924205045,-2.6608468613148597,0.3342263311056448
99,2,2048,pair_coarse,-5.526958724104532,-4.0363214123354,1.4906373117691327
99,2,2048,separate,-10.28468889864589,-8.794051586876753,1.4906373117691363
99,2,2048,exact,-2.7230115193474567,-2.4339354586082345,0.2890760607392222
99,2,8192,joint,-0.9874711137749239,-0.8565668536570087,0.13090426011791523
99,2,8192,pair_coarse,-1.7461618069040357,-1.2143442262028183,0.5318175807012173
99,2,8192,separate,-4.625928984497398,-4.094111403796181,0.5318175807012171
99,2,8192,exact,-0.8403344286651363,-0.7265805985193681,0.11375383014576823
99,2,32768,joint,-0.31375679550987245,-0.254551698833223,0.05920509667664947
99,2,32768,pair_coarse,-0.6230979326527821,-0.3898608150771572,0.23323711757562493
99,2,32768,separate,-2.9277444357077766,-2.6945073181321515,0.23323711757562515
99,2,32768,exact,-0.20507673799677717,-0.15354405961785628,0.05153267837892089
99,2,131072,joint,-0.03145663294603436,-0.003174108532546591,0.028282524413487768
99,2,131072,pair_coarse,-0.17260231240523613,-0.0625778490826552,0.11002446332258094
99,2,131072,separate,-2.245012286035581,-2.1349878227129997,0.11002446332258131
99,2,131072,exact,0.06166500992763978,0.08629927096845916,0.02463426104081938
99,2,524288,joint,0.0983911982510947,0.11222808920616606,0.01383689095507136
99,2,524288,pair_coarse,0.030811627853888773,0.08433464888334255,0.05352302102945378
99,2,524288,separate,-1.9366808503230144,-1.8831578292935607,0.05352302102945372
99,2,524288,exact,0.18447045088647682,0.19652624751460304,0.012055796628126225
99,4,128,joint,,,
99,4,128,pair_coarse,,,
99,4,128,separate,,,
99,4,128,exact,,,
99,4,512,joint,-294.2849977221641,-203.00716173073226,91.27783599143186
99,4,512,pair_coarse,,,
99,4,512,separate,,,
99,4,512,exact,-203.4880592161204,-140.72987250375684,62.75818671236357
99,4,2048,joint,-8.029588698469356,-5.267576669886479,2.762012028582877
99,4,2048,pair_coarse,-16.711915235920856,-9.140039411693156,7.5718758242277
99,4,2048,separate,-24.67041642424618,-17.09854060001848,7.5718758242277
99,4,2048,exact,-7.4654967042406835,-4.877140639350238,2.588356064890445
99,4,8192,joint,-2.399373339578547,-1.4848588420538382,0.9145144975247086
99,4,8192,pair_coarse,-4.19554617104685,-2.1365380286633324,2.0590081423835174
99,4,8192,separate,-7.702848510053229,-5.643840367669711,2.0590081423835187
99,4,8192,exact,-2.187713016333362,-1.3227463826085863,0.8649666337247754
99,4,32768,joint,-0.8783955501962244,-0.48623399109278276,0.39216155910344164
99,4,32768,pair_coarse,-1.5389784576390362,-0.7003505656709094,0.8386278919681268
99,4,32768,separate,-4.061912133454891,-3.223284241486764,0.8386278919681271
99,4,32768,exact,-0.7462038008066987,-0.3742925365514125,0.3719112642552862
99,4,131072,joint,-0.2871716759297117,-0.10380963528303687,0.18336204064667483
99,4,131072,pair_coarse,-0.5770028759386516,-0.19240365994091407,0.38459921599773755
99,4,131072,separate,-2.7417954660528623,-2.3571962500551247,0.3845992159977376
99,4,131072,exact,-0.18383608261266557,-0.009760792244532574,0.174075290368133
99,4,524288,joint,-0.023644196129063683,0.0652052938329791,0.08884948996204278
99,4,524288,pair_coarse,-0.16007857413668586,0.024725288422389094,0.18480386255907494
99,4,524288,separate,-2.170187667043516,-1.9853838044844412,0.18480386255907466
99,4,524288,exact,0.06721451394304725,0.15160283860641074,0.08438832466336349
100,1,128,joint,,,
100,1,128,pair_coarse,,,
100,1,128,separate,,,
100,1,128,exact,-152.0597749979231,-152.05977499792309,2.842170943040401e-14
100,1,512,joint,-6.634955985714974,-6.634955985714974,0.0
100,1,512,pair_coarse,-11.322109774176155,-11.322109774176157,-1.7763568394002505e-15
100,1,512,separate,-17.11206799282103,-17.11206799282103,0.0
100,1,512,exact,-4.2329593754141746,-4.2329593754141746,0.0
100,1,2048,joint,-2.192346294808585,-2.1923462948085852,-4.440892098500626e-16
100,1,2048,pair_coarse,-3.0926183594451895,-3.09261835944519,-4.440892098500626e-16
100,1,2048,separate,-5.644246300745468,-5.644246300745467,1.7763568394002505e-15
100,1,2048,exact,-1.1290379088751012,-1.1290379088751012,0.0
100,1,8192,joint,-1.0674848623171231,-1.0674848623171231,0.0
100,1,8192,pair_coarse,-1.3873606570414956,-1.3873606570414958,-2.220446049250313e-16
100,1,8192,separate,-3.22284201536743,-3.22284201536743,0.0
100,1,8192,exact,-0.3194415718550867,-0.31944157185508665,5.551115123125783e-17
100,1,32768,joint,-0.6438140472471656,-0.6438140472471656,0.0
100,1,32768,pair_coarse,-0.7817424339833138,-0.7817424339833138,0.0
100,1,32768,separate,-2.356669465115766,-2.3566694651157656,4.440892098500626e-16
100,1,32768,exact,-0.012088965660806389,-0.012088965660806384,5.204170427930421e-18
100,1,131072,joint,-0.4580944855389649,-0.45809448553896487,5.551115123125783e-17
100,1,131072,pair_coarse,-0.5224555222657798,-0.5224555222657798,0.0
100,1,131072,separate,-1.9848474208712164,-1.9848474208712164,0.0
100,1,131072,exact,0.12306036100228657,0.12306036100228655,-1.3877787807814457e-17
100,1,524288,joint,-0.3709545673648354,-0.37095456736483545,-5.551115123125783e-17
100,1,524288,pair_coarse,-0.4020787912018822,-0.4020787912018822,0.0
100,1,524288,separate,-1.8120473533406203,-1.81204735334062,2.220446049250313e-16
100,1,524288,exact,0.1865615921488547,0.18656159214885468,-2.7755575615628914e-17
100,2,128,joint,,,
100,2,128,pair_coarse,,,
100,2,128,separate,,,
100,2,128,exact,,,
100,2,512,joint,-21.74292350800017,-19.35921260523263,2.3837109027675396
100,2,512,pair_coarse,-59.2873695782686,-46.69215523594049,12.595214342328113
100,2,512,separate,-78.11398949246481,-65.51877515013669,12.59521434232812
100,2,512,exact,-14.659693743043372,-13.262474584895598,1.3972191581477738
100,2,2048,joint,-4.470651293113828,-3.973938143978993,0.49671314913483444
100,2,2048,pair_coarse,-6.822813667269943,-5.332176355500811,1.4906373117691327
100,2,2048,separate,-10.28415120738245,-8.793513895613314,1.4906373117691363
100,2,2048,exact,-2.9059605379913998,-2.586601730135119,0.3193588078562808
100,2,8192,joint,-1.8392261390751088,-1.647754471270749,0.19147166780435976
100,2,8192,pair_coarse,-2.5303068994350526,-1.9984893187338353,0.5318175807012173
100,2,8192,separate,-4.625391293233959,-4.093573712532742,0.5318175807012171
100,2,8192,exact,-0.9393038112762644,-0.8140307670554108,0.1252730442208536
100,2,32768,joint,-0.971135844945497,-0.885011066235912,0.08612477870958501
100,2,32768,pair_coarse,-1.2505333802424132,-1.0172962626667885,0.2332371175756247
100,2,32768,separate,-2.9272067444443373,-2.6939696268687126,0.2332371175756247
100,2,32768,exact,-0.2781454170691822,-0.22145697278000612,0.056688444289176104
100,2,131072,joint,-0.6097887131573139,-0.5687403801178852,0.041048333039428675
100,2,131072,pair_coarse,-0.7367576421347876,-0.6267331788122067,0.11002446332258087
100,2,131072,separate,-2.2444745947721416,-2.1344501314495608,0.11002446332258087
100,2,131072,exact,-0.0009171890641333086,0.026169159936384516,0.027086349000517825
100,2,524288,joint,-0.4440841957328624,-0.42402266713208564,0.020061528600776757
100,2,524288,pair_coarse,-0.5047556434236771,-0.4512326223942233,0.05352302102945378
100,2,524288,separate,-1.9361431590595752,-1.8826201380301215,0.05352302102945372
100,2,524288,exact,0.1266364675433697,0.1398894934744145,0.013253025931044798
100,4,128,joint,,,
100,4,128,pair_coarse,,,
100,4,128,separate,,,
100,4,128,exact,,,
100,4,512,joint,,,
100,4,512,pair_coarse,,,
100,4,512,separate,,,
100,4,512,exact,-258.0812790165278,-178.18409787539156,79.89718114113623
100,4,2048,joint,-10.830003845901873,-7.436000642330989,3.3940032035708834
100,4,2048,pair_coarse,-18.87992051433787,-11.308044690110169,7.5718758242277
100,4,2048,separate,-24.669878732982742,-17.098002908755042,7.5718758242277
100,4,2048,exact,-7.8442480322788715,-5.139505775545929,2.704742256732943
100,4,8192,joint,-3.539887168804632,-2.4512178523490924,1.0886693164555394
100,4,8192,pair_coarse,-5.15068287748951,-3.091674735105993,2.059008142383517
100,4,8192,separate,-7.702310818789789,-5.643302676406271,2.059008142383518
100,4,8192,exact,-2.330092049655191,-1.4318327412902452,0.8982593083649459
100,4,32768,joint,-1.6403435745416761,-1.1776960337877382,0.4626475407539379
100,4,32768,pair_coarse,-2.2258930838655178,-1.3872651918973906,0.8386278919681271
100,4,32768,separate,-4.061374442191452,-3.2227465502233246,0.8386278919681276
100,4,32768,exact,-0.8351075108221334,-0.44957955451007436,0.38552795631205905
100,4,131072,joint,-0.9107554713074675,-0.6951889165622754,0.21556655474519204
100,4,131072,pair_coarse,-1.1663307436569708,-0.7817315276592333,0.3845992159977375
100,4,131072,separate,-2.741257774789423,-2.3566585587916853,0.3845992159977376
100,4,131072,exact,-0.2533003322057037,-0.07297870362769297,0.1803216285780107
100,4,524288,joint,-0.5872480954258588,-0.4829532872635766,0.10429480816228215
100,4,524288,pair_coarse,-0.7072580771746406,-0.5224542146155656,0.184803862559075
100,4,524288,separate,-2.169649975780077,-1.9848461132210022,0.18480386255907466
100,4,524288,exact,0.006159555489816615,0.09354885979598168,0.08738930430616507
101,1,128,joint,-390.0661608240153,-390.0661608240153,0.0
101,1,128,pair_coarse,,,
101,1,128,separate,,,
101,1,128,exact,-152.0597749979231,-152.05977499792309,2.842170943040401e-14
101,1,512,joint,-4.989132338423257,-4.989132338423257,0.0
101,1,512,pair_coarse,-9.654793749909935,-9.654793749909937,-1.7763568394002505e-15
101,1,512,separate,-17.11206799282103,-17.11206799282103,0.0
101,1,512,exact,-4.2329593754141746,-4.2329593754141746,0.0
101,1,2048,joint,-1.4413712655041535,-1.4413712655041535,0.0
101,1,2048,pair_coarse,-2.3578341012798334,-2.3578341012798334,0.0
101,1,2048,separate,-5.644246300745468,-5.644246300745467,1.7763568394002505e-15
101,1,2048,exact,-1.1290379088751012,-1.1290379088751012,0.0
101,1,8192,joint,-0.5302855966345643,-0.5302855966345641,2.220446049250313e-16
101,1,8192,pair_coarse,-0.8588028738222894,-0.8588028738222894,0.0
101,1,8192,separate,-3.22284201536743,-3.22284201536743,0.0
101,1,8192,exact,-0.3194415718550867,-0.31944157185508665,5.551115123125783e-17
101,1,32768,joint,-0.18594956705333626,-0.1859495670533363,-2.7755575615628914e-17
101,1,32768,pair_coarse,-0.3282156593683928,-0.3282156593683928,0.0
101,1,32768,separate,-2.356669465115766,-2.3566694651157656,4.440892098500626e-16
101,1,32768,exact,-0.012088965660806389,-0.012088965660806384,5.204170427930421e-18
101,1,131072,joint,-0.034806742568129705,-0.03480674256812973,-2.7755575615628914e-17
101,1,131072,pair_coarse,-0.10133513517037558,-0.10133513517037558,0.0
101,1,131072,separate,-1.9848474208712164,-1.9848474208712164,0.0
101,1,131072,exact,0.12306036100228657,0.12306036100228655,-1.3877787807814457e-17
101,1,524288,joint,0.03615253176039569,0.036152531760395686,-6.938893903907228e-18
101,1,524288,pair_coarse,0.003945412875316537,0.003945412875316544,6.938893903907228e-18
101,1,524288,separate,-1.8120473533406203,-1.81204735334062,2.220446049250313e-16
101,1,524288,exact,0.1865615921488547,0.18656159214885468,-2.7755575615628914e-17
101,2,128,joint,,,
101,2,128,pair_coarse,,,
101,2,128,separate,,,
101,2,128,exact,,,
101,2,512,joint,-17.08858266836814,-15.26955388843499,1.8190287799331504
101,2,512,pair_coarse,-53.86592716360199,-41.270712821273875,12.595214342328113
101,2,512,separate,-78.11398949246481,-65.51877515013669,12.59521434232812
101,2,512,exact,-14.659693743043372,-13.262474584895598,1.3972191581477738
101,2,2048,joint,-3.3962152597663335,-2.9973526743347505,0.39886258543158304
101,2,2048,pair_coarse,-5.826063202397932,-4.335425890628799,1.4906373117691327
101,2,2048,separate,-10.28415120738245,-8.793513895613314,1.4906373117691363
101,2,2048,exact,-2.9059605379913998,-2.586601730135119,0.3193588078562808
101,2,8192,joint,-1.2038277724298512,-1.0486209933426136,0.15520677908723757
101,2,8192,pair_coarse,-1.926992048090829,-1.3951744673896116,0.5318175807012173
101,2,8192,separate,-4.625391293233959,-4.093573712532742,0.5318175807012171
101,2,8192,exact,-0.9393038112762644,-0.8140307670554108,0.1252730442208536
101,2,32768,joint,-0.47366041161825934,-0.40362182581617057,0.07003858580208877
101,2,32768,pair_coarse,-0.7677070346926329,-0.534469917117008,0.23323711757562493
101,2,32768,separate,-2.9272067444443373,-2.6939696268687126,0.2332371175756247
101,2,32768,exact,-0.2781454170691822,-0.22145697278000612,0.056688444289176104
101,2,131072,joint,-0.168587344341234,-0.13516106732679314,0.03342627701444087
101,2,131072,pair_coarse,-0.30258514204748066,-0.1925606787248997,0.11002446332258095
101,2,131072,separate,-2.2444745947721416,-2.1344501314495608,0.11002446332258087
101,2,131072,exact,-0.0009171890641333086,0.026169159936384516,0.027086349000517825
101,2,524288,joint,-0.02844523812537833,-0.012098841543236448,0.016346396582141882
101,2,524288,pair_coarse,-0.0925634907982785,-0.03904046976882475,0.05352302102945375
101,2,524288,separate,-1.9361431590595752,-1.8826201380301215,0.05352302102945372
101,2,524288,exact,0.1266364675433697,0.1398894934744145,0.013253025931044798
101,4,128,joint,,,
101,4,128,pair_coarse,,,
101,4,128,separate,,,
101,4,128,exact,,,
101,4,512,joint,-648.7022095921903,-446.33351217960774,202.3686974125826
101,4,512,pair_coarse,,,
101,4,512,separate,,,
101,4,512,exact,-258.0812790165278,-178.18409787539156,79.89718114113623
101,4,2048,joint,-8.862332515013854,-5.850297304840193,3.0120352101736607
101,4,2048,pair_coarse,-17.212604490071648,-9.640728665843948,7.5718758242277
101,4,2048,separate,-24.669878732982742,-17.098002908755042,7.5718758242277
101,4,2048,exact,-7.8442480322788715,-5.139505775545929,2.704742256732943
101,4,8192,joint,-2.7092054438969377,-1.7246741415117774,0.9845313023851603
101,4,8192,pair_coarse,-4.415898619324155,-2.356890476940637,2.059008142383518
101,4,8192,separate,-7.702310818789789,-5.643302676406271,2.059008142383518
101,4,8192,exact,-2.330092049655191,-1.4318327412902452,0.8982593083649459
101,4,32768,joint,-1.0721379407807552,-0.6515115574790562,0.420626383301699
101,4,32768,pair_coarse,-1.6973353006463114,-0.8587074086781843,0.8386278919681271
101,4,32768,separate,-4.061374442191452,-3.2227465502233246,0.8386278919681276
101,4,32768,exact,-0.8351075108221334,-0.44957955451007436,0.38552795631205905
101,4,131072,joint,-0.4389609481800769,-0.2425714520325591,0.19638949614751783
101,4,131072,pair_coarse,-0.7128039690420498,-0.32820475304431235,0.38459921599773744
101,4,131072,separate,-2.741257774789423,-2.3566585587916853,0.3845992159977376
101,4,131072,exact,-0.2533003322057037,-0.07297870362769297,0.1803216285780107
101,4,524288,joint,-0.15733071892449135,-0.062228640016780065,0.09510207890771129
101,4,524288,pair_coarse,-0.2861376900792363,-0.10133382752016136,0.18480386255907494
101,4,524288,separate,-2.169649975780077,-1.9848461132210022,0.18480386255907466
101,4,524288,exact,0.006159555489816615,0.09354885979598168,0.08738930430616507
102,1,128,joint,-220.03438393187798,-220.03438393187798,0.0
102,1,128,pair_coarse,,,
102,1,128,separate,,,
102,1,128,exact,-152.0597749979231,-152.05977499792309,2.842170943040401e-14
102,1,512,joint,-4.558642935719965,-4.558642935719965,0.0
102,1,512,pair_coarse,-9.290250745368866,-9.290250745368867,-1.7763568394002505e-15
102,1,512,separate,-17.11206799282103,-17.11206799282103,0.0
102,1,512,exact,-4.2329593754141746,-4.2329593754141746,0.0
102,1,2048,joint,-1.260037901234732,-1.2600379012347318,2.220446049250313e-16
102,1,2048,pair_coarse,-2.1971804175974228,-2.197180417597423,-4.440892098500626e-16
102,1,2048,separate,-5.644246300745468,-5.644246300745467,1.7763568394002505e-15
102,1,2048,exact,-1.1290379088751012,-1.1290379088751012,0.0
102,1,8192,joint,-0.406319823075708,-0.4063198230757081,-5.551115123125783e-17
102,1,8192,pair_coarse,-0.7432386738961866,-0.7432386738961865,1.1102230246251565e-16
102,1,8192,separate,-3.22284201536743,-3.22284201536743,0.0
102,1,8192,exact,-0.3194415718550867,-0.31944157185508665,5.551115123125783e-17
102,1,32768,joint,-0.08295591871273847,-0.08295591871273847,0.0
102,1,32768,pair_coarse,-0.22905628546943174,-0.22905628546943174,0.0
102,1,32768,separate,-2.356669465115766,-2.3566694651157656,4.440892098500626e-16
102,1,32768,exact,-0.012088965660806389,-0.012088965660806384,5.204170427930421e-18
102,1,131072,joint,0.05910468126333846,0.059104681263338475,1.3877787807814457e-17
102,1,131072,pair_coarse,-0.009261113838505544,-0.009261113838505579,-3.469446951953614e-17
102,1,131072,separate,-1.9848474208712164,-1.9848474208712164,0.0
102,1,131072,exact,0.12306036100228657,0.12306036100228655,-1.3877787807814457e-17
102,1,524288,joint,0.12582601295287835,0.12582601295287835,0.0
102,1,524288,pair_coarse,0.09271879543537338,0.09271879543537338,0.0
102,1,524288,separate,-1.8120473533406203,-1.81204735334062,2.220446049250313e-16
102,1,524288,exact,0.1865615921488547,0.18656159214885468,-2.7755575615628914e-17
102,2,128,joint,,,
102,2,128,pair_coarse,,,
102,2,128,separate,,,
102,2,128,exact,,,
102,2,512,joint,-15.733846762887175,-14.139128264998226,1.59471849788895
102,2,512,pair_coarse,-52.68057964817897,-40.08536530585086,12.595214342328113
102,2,512,separate,-78.11398949246481,-65.51877515013669,12.59521434232812
102,2,512,exact,-14.659693743043372,-13.262474584895598,1.3972191581477738
102,2,2048,joint,-3.116864421959915,-2.7595300367880538,0.35733438517186134
102,2,2048,pair_coarse,-5.60813306560694,-4.117495753837807,1.4906373117691327
102,2,2048,separate,-10.28415120738245,-8.793513895613314,1.4906373117691363
102,2,2048,exact,-2.9059605379913998,-2.586601730135119,0.3193588078562808
102,2,8192,joint,-1.0502851600347496,-0.9106594786013678,0.13962568143338183
102,2,8192,pair_coarse,-1.7950829166530355,-1.2632653359518184,0.5318175807012171
102,2,8192,separate,-4.625391293233959,-4.093573712532742,0.5318175807012171
102,2,8192,exact,-0.9393038112762644,-0.8140307670554108,0.1252730442208536
102,2,32768,joint,-0.3587391965864308,-0.29564119449451304,0.06309800209191774
102,2,32768,pair_coarse,-0.6621415845220432,-0.42890446694641826,0.23323711757562493
102,2,32768,separate,-2.9272067444443373,-2.6939696268687126,0.2332371175756247
102,2,32768,exact,-0.2781454170691822,-0.22145697278000612,0.056688444289176104
102,2,131072,joint,-0.06927784123325707,-0.039145952028535616,0.030131889204721457
102,2,131072,pair_coarse,-0.2076573986758601,-0.09763293535327917,0.11002446332258094
102,2,131072,separate,-2.2444745947721416,-2.1344501314495608,0.11002446332258087
102,2,131072,exact,-0.0009171890641333086,0.026169159936384516,0.027086349000517825
102,2,524288,joint,0.06380076891900172,0.07854014195272871,0.014739373033726993
102,2,524288,pair_coarse,-0.002441544161051551,0.0510814768684022,0.05352302102945375
102,2,524288,separate,-1.9361431590595752,-1.8826201380301215,0.05352302102945372
102,2,524288,exact,0.1266364675433697,0.1398894934744145,0.013253025931044798
102,4,128,joint,,,
102,4,128,pair_coarse,,,
102,4,128,separate,,,
102,4,128,exact,,,
102,4,512,joint,-370.27387296979265,-254.92364048487826,115.35023248491439
102,4,512,pair_coarse,,,
102,4,512,separate,,,
102,4,512,exact,-258.0812790165278,-178.18409787539156,79.89718114113623
102,4,2048,joint,-8.295119922221232,-5.443920648239661,2.851199273981571
102,4,2048,pair_coarse,-16.84806148553058,-9.276185661302879,7.5718758242277
102,4,2048,separate,-24.669878732982742,-17.098002908755042,7.5718758242277
102,4,2048,exact,-7.8442480322788715,-5.139505775545929,2.704742256732943
102,4,8192,joint,-2.4932333373415094,-1.5535676617847423,0.9396656755567672
102,4,8192,pair_coarse,-4.255244935641745,-2.1962367932582265,2.0590081423835183
102,4,8192,separate,-7.702310818789789,-5.643302676406271,2.059008142383518
102,4,8192,exact,-2.330092049655191,-1.4318327412902452,0.8982593083649459
102,4,32768,joint,-0.9346134442309544,-0.5322067446439366,0.4024066995870178
102,4,32768,pair_coarse,-1.5817711007202084,-0.7431432087520815,0.8386278919681269
102,4,32768,separate,-4.061374442191452,-3.2227465502233246,0.8386278919681276
102,4,32768,exact,-0.8351075108221334,-0.44957955451007436,0.38552795631205905
102,4,131072,joint,-0.3298616242355703,-0.141807182878267,0.18805444135730331
102,4,131072,pair_coarse,-0.6136445951430887,-0.22904537914535128,0.3845992159977374
102,4,131072,separate,-2.741257774789423,-2.3566585587916853,0.3845992159977376
102,4,131072,exact,-0.2533003322057037,-0.07297870362769297,0.1803216285780107
102,4,524288,joint,-0.06051054357952934,0.03059182276070273,0.09110236634023207
102,4,524288,pair_coarse,-0.1940636687473663,-0.009259806188291352,0.18480386255907494
102,4,524288,separate,-2.169649975780077,-1.9848461132210022,0.18480386255907466
102,4,524288,exact,0.006159555489816615,0.09354885979598168,0.08738930430616507
103,1,128,joint,-180.34053532841313,-180.34053532841313,0.0
103,1,128,pair_coarse,,,
103,1,128,separate,,,
103,1,128,exact,-152.0597749979231,-152.05977499792309,2.842170943040401e-14
103,1,512,joint,-4.389313663501567,-4.389313663501568,-8.881784197001252e-16
103,1,512,pair_coarse,-9.160482939744977,-9.160482939744979,-1.7763568394002505e-15
103,1,512,separate,-17.11206799282103,-17.11206799282103,0.0
103,1,512,exact,-4.2329593754141746,-4.2329593754141746,0.0
103,1,2048,joint,-1.191526827902139,-1.1915268279021387,2.220446049250313e-16
103,1,2048,pair_coarse,-2.1399918946051733,-2.1399918946051733,0.0
103,1,2048,separate,-5.644246300745468,-5.644246300745467,1.7763568394002505e-15
103,1,2048,exact,-1.1290379088751012,-1.1290379088751012,0.0
103,1,8192,joint,-0.3606809906886132,-0.36068099068861315,5.551115123125783e-17
103,1,8192,pair_coarse,-0.7021008315942334,-0.7021008315942334,0.0
103,1,8192,separate,-3.22284201536743,-3.22284201536743,0.0
103,1,8192,exact,-0.3194415718550867,-0.31944157185508665,5.551115123125783e-17
103,1,32768,joint,-0.045622890951437886,-0.045622890951437886,0.0
103,1,32768,pair_coarse,-0.19375813354327898,-0.19375813354327898,0.0
103,1,32768,separate,-2.356669465115766,-2.3566694651157656,4.440892098500626e-16
103,1,32768,exact,-0.012088965660806389,-0.012088965660806384,5.204170427930421e-18
103,1,131072,joint,0.0928513720402242,0.09285137204022419,-1.3877787807814457e-17
103,1,131072,pair_coarse,0.023514837295835242,0.023514837295835235,-6.938893903907228e-18
103,1,131072,separate,-1.9848474208712164,-1.9848474208712164,0.0
103,1,131072,exact,0.12306036100228657,0.12306036100228655,-1.3877787807814457e-17
103,1,524288,joint,0.15790151370336458,0.15790151370336455,-2.7755575615628914e-17
103,1,524288,pair_coarse,0.12431980521783025,0.12431980521783025,0.0
103,1,524288,separate,-1.8120473533406203,-1.81204735334062,2.220446049250313e-16
103,1,524288,exact,0.1865615921488547,0.18656159214885468,-2.7755575615628914e-17
103,2,128,joint,,,
103,2,128,pair_coarse,,,
103,2,128,separate,,,
103,2,128,exact,,,
103,2,512,joint,-15.17788649506861,-13.68405508575435,1.493831409314259
103,2,512,pair_coarse,-52.25862683585763,-39.66341249352952,12.595214342328113
103,2,512,separate,-78.11398949246481,-65.51877515013669,12.59521434232812
103,2,512,exact,-14.659693743043372,-13.262474584895598,1.3972191581477738
103,2,2048,joint,-3.0072737999739356,-2.6691659762833595,0.3381078236905761
103,2,2048,pair_coarse,-5.530555618561197,-4.039918306792064,1.4906373117691327
103,2,2048,separate,-10.28415120738245,-8.793513895613314,1.4906373117691363
103,2,2048,exact,-2.9059605379913998,-2.586601730135119,0.3193588078562808
103,2,8192,joint,-0.9922643275094983,-0.8598924994571336,0.1323718280523647
103,2,8192,pair_coarse,-1.7481267048612743,-1.2163091241600568,0.5318175807012175
103,2,8192,separate,-4.625391293233959,-4.093573712532742,0.5318175807012171
103,2,8192,exact,-0.9393038112762644,-0.8140307670554108,0.1252730442208536
103,2,32768,joint,-0.3164114439133131,-0.25655087590385184,0.05986056800946127
103,2,32768,pair_coarse,-0.6245630364558656,-0.3913259188802407,0.23323711757562493
103,2,32768,separate,-2.9272067444443373,-2.6939696268687126,0.2332371175756247
103,2,32768,exact,-0.2781454170691822,-0.22145697278000612,0.056688444289176104
103,2,131072,joint,-0.033269716148998055,-0.00467572295264764,0.028593993196350413
103,2,131072,pair_coarse,-0.1738655968946933,-0.06384113357211234,0.11002446332258096
103,2,131072,separate,-2.2444745947721416,-2.1344501314495608,0.11002446332258087
103,2,131072,exact,-0.0009171890641333086,0.026169159936384516,0.027086349000517825
103,2,524288,joint,0.09695430116843257,0.11094320542728565,0.013988904258853088
103,2,524288,pair_coarse,0.02963951927449318,0.08316254030394693,0.05352302102945375
103,2,524288,separate,-1.9361431590595752,-1.8826201380301215,0.05352302102945372
103,2,524288,exact,0.1266364675433697,0.1398894934744145,0.013253025931044798
103,4,128,joint,,,
103,4,128,pair_coarse,,,
103,4,128,separate,,,
103,4,128,exact,,,
103,4,512,joint,-304.82833166861377,-210.1314569451046,94.69687472350918
103,4,512,pair_coarse,,,
103,4,512,separate,,,
103,4,512,exact,-258.0812790165278,-178.18409787539156,79.89718114113623
103,4,2048,joint,-8.062432951013218,-5.285455024738579,2.776977926274639
103,4,2048,pair_coarse,-16.71829367990669,-9.14641785567899,7.5718758242277
103,4,2048,separate,-24.669878732982742,-17.098002908755042,7.5718758242277
103,4,2048,exact,-7.8442480322788715,-5.139505775545929,2.704742256732943
103,4,8192,joint,-2.4085071111032685,-1.489758359193583,0.9187487519096855
103,4,8192,pair_coarse,-4.198056412649494,-2.1390482702659765,2.059008142383518
103,4,8192,separate,-7.702310818789789,-5.643302676406271,2.059008142383518
103,4,8192,exact,-2.330092049655191,-1.4318327412902452,0.8982593083649459
103,4,32768,joint,-0.8826096400377532,-0.4887216933136611,0.3938879467240921
103,4,32768,pair_coarse,-1.5406332584182554,-0.7020053664501283,0.838627891968127
103,4,32768,separate,-4.061374442191452,-3.2227465502233246,0.8386278919681276
103,4,32768,exact,-0.8351075108221334,-0.44957955451007436,0.38552795631205905
103,4,131072,joint,-0.2896593311367037,-0.10550630344169508,0.18415302769500863
103,4,131072,pair_coarse,-0.5783464432169361,-0.19374722721919851,0.38459921599773755
103,4,131072,separate,-2.741257774789423,-2.3566585587916853,0.3845992159977376
103,4,131072,exact,-0.2533003322057037,-0.07297870362769297,0.1803216285780107
103,4,524288,joint,-0.025396308009586685,0.0638330027360706,0.08922931074565728
103,4,524288,pair_coarse,-0.16128771761302546,0.023516144946049464,0.18480386255907494
103,4,524288,separate,-2.169649975780077,-1.9848461132210022,0.18480386255907466
103,4,524288,exact,0.006159555489816615,0.09354885979598168,0.08738930430616507
104,1,128,joint,-165.3723041375786,-165.3723041375786,0.0
104,1,128,pair_coarse,,,
104,1,128,separate,,,
104,1,128,exact,-152.0597749979231,-152.05977499792309,2.842170943040401e-14
104,1,512,joint,-4.311667724746353,-4.3116677247463535,-8.881784197001252e-16
104,1,512,pair_coarse,-9.102927201604391,-9.102927201604393,-1.7763568394002505e-15
104,1,512,separate,-17.11206799282103,-17.11206799282103,0.0
104,1,512,exact,-4.2329593754141746,-4.2329593754141746,0.0
104,1,2048,joint,-1.1604924131673013,-1.1604924131673016,-2.220446049250313e-16
104,1,2048,pair_coarse,-2.114627146868521,-2.1146271468685214,-4.440892098500626e-16
104,1,2048,separate,-5.644246300745468,-5.644246300745467,1.7763568394002505e-15
104,1,2048,exact,-1.1290379088751012,-1.1290379088751012,0.0
104,1,8192,joint,-0.34018939531132325,-0.34018939531132325,0.0
104,1,8192,pair_coarse,-0.6838550204100448,-0.6838550204100446,1.1102230246251565e-16
104,1,8192,separate,-3.22284201536743,-3.22284201536743,0.0
104,1,8192,exact,-0.3194415718550867,-0.31944157185508665,5.551115123125783e-17
104,1,32768,joint,-0.028953502030419367,-0.02895350203041934,2.7755575615628914e-17
104,1,32768,pair_coarse,-0.17810239228032965,-0.17810239228032967,-2.7755575615628914e-17
104,1,32768,separate,-2.356669465115766,-2.3566694651157656,4.440892098500626e-16
104,1,32768,exact,-0.012088965660806389,-0.012088965660806384,5.204170427930421e-18
104,1,131072,joint,0.10787161732655057,0.10787161732655057,0.0
104,1,131072,pair_coarse,0.038051910275741715,0.03805191027574171,-6.938893903907228e-18
104,1,131072,separate,-1.9848474208712164,-1.9848474208712164,0.0
104,1,131072,exact,0.12306036100228657,0.12306036100228655,-1.3877787807814457e-17
104,1,524288,joint,0.17215354313923387,0.17215354313923387,0.0
104,1,524288,pair_coarse,0.13833575805969894,0.13833575805969894,0.0
104,1,524288,separate,-1.8120473533406203,-1.81204735334062,2.220446049250313e-16
104,1,524288,exact,0.1865615921488547,0.18656159214885468,-2.7755575615628914e-17
104,2,128,joint,,,
104,2,128,pair_coarse,,,
104,2,128,separate,,,
104,2,128,exact,,,
104,2,512,joint,-14.920284868510937,-13.474389580254549,1.4458952882563878
104,2,512,pair_coarse,-52.07147867952647,-39.47626433719836,12.595214342328113
104,2,512,separate,-78.11398949246481,-65.51877515013669,12.59521434232812
104,2,512,exact,-14.659693743043372,-13.262474584895598,1.3972191581477738
104,2,2048,joint,-2.9570059814679905,-2.628158800777397,0.3288471806905937
104,2,2048,pair_coarse,-5.496147799100019,-4.005510487330886,1.4906373117691327
104,2,2048,separate,-10.28415120738245,-8.793513895613314,1.4906373117691363
104,2,2048,exact,-2.9059605379913998,-2.586601730135119,0.3193588078562808
104,2,8192,joint,-0.9659708641755805,-0.8371021906015592,0.12886867357402132
104,2,8192,pair_coarse,-1.7273002801793804,-1.195482699478163,0.5318175807012173
104,2,8192,separate,-4.625391293233959,-4.093573712532742,0.5318175807012171
104,2,8192,exact,-0.9393038112762644,-0.8140307670554108,0.1252730442208536
104,2,32768,joint,-0.29740046993755664,-0.23910481694316424,0.058295652994392405
104,2,32768,pair_coarse,-0.6078958741978471,-0.37465875662222214,0.23323711757562493
104,2,32768,separate,-2.9272067444443373,-2.6939696268687126,0.2332371175756247
104,2,32768,exact,-0.2781454170691822,-0.22145697278000612,0.056688444289176104
104,2,131072,joint,-0.017188949282337954,0.010661368745910785,0.02785031802824874
104,2,131072,pair_coarse,-0.15887796506055044,-0.048853501737969526,0.11002446332258091
104,2,131072,separate,-2.2444745947721416,-2.1344501314495608,0.11002446332258087
104,2,131072,exact,-0.0009171890641333086,0.026169159936384516,0.027086349000517825
104,2,524288,joint,0.11171197303899442,0.12533791225379895,0.013625939214804525
104,2,524288,pair_coarse,0.04386838965948989,0.09739141068894366,0.05352302102945378
104,2,524288,separate,-1.9361431590595752,-1.8826201380301215,0.05352302102945372
104,2,524288,exact,0.1266364675433697,0.1398894934744145,0.013253025931044798
104,4,128,joint,,,
104,4,128,pair_coarse,,,
104,4,128,separate,,,
104,4,128,exact,,,
104,4,512,joint,-280.09320270013654,-193.22536491605632,86.86783778408022
104,4,512,pair_coarse,,,
104,4,512,separate,,,
104,4,512,exact,-258.0812790165278,-178.18409787539156,79.89718114113623
104,4,2048,joint,-7.95425347371466,-5.212971989602818,2.741281484111842
104,4,2048,pair_coarse,-16.660737941766104,-9.088862117538405,7.5718758242277
104,4,2048,separate,-24.669878732982742,-17.098002908755042,7.5718758242277
104,4,2048,exact,-7.8442480322788715,-5.139505775545929,2.704742256732943
104,4,8192,joint,-2.369620620663933,-1.4609806310183504,0.9086399896455826
104,4,8192,pair_coarse,-4.172691664912843,-2.1136835225293247,2.0590081423835187
104,4,8192,separate,-7.702310818789789,-5.643302676406271,2.059008142383518
104,4,8192,exact,-2.330092049655191,-1.4318327412902452,0.8982593083649459
104,4,32768,joint,-0.8590317270502295,-0.46926639491303496,0.3897653321371945
104,4,32768,pair_coarse,-1.5223874472340666,-0.6837595552659397,0.8386278919681269
104,4,32768,separate,-4.061374442191452,-3.2227465502233246,0.8386278919681276
104,4,32768,exact,-0.8351075108221334,-0.44957955451007436,0.38552795631205905
104,4,131072,joint,-0.2715979586588174,-0.08933399759547607,0.18226396106334136
104,4,131072,pair_coarse,-0.5626907019539866,-0.1780914859562492,0.3845992159977374
104,4,131072,separate,-2.741257774789423,-2.3566585587916853,0.3845992159977376
104,4,131072,exact,-0.2533003322057037,-0.07297870362769297,0.1803216285780107
104,4,524288,joint,-0.009712473159985219,0.07860969491461481,0.08832216807460003
104,4,524288,pair_coarse,-0.146750644633119,0.03805321792595594,0.18480386255907494
104,4,524288,separate,-2.169649975780077,-1.9848461132210022,0.18480386255907466
104,4,524288,exact,0.006159555489816615,0.09354885979598168,0.08738930430616507
105,1,128,joint,,,
105,1,128,pair_coarse,,,
105,1,128,separate,,,
105,1,128,exact,-152.0597749979231,-152.05977499792309,2.842170943040401e-14
105,1,512,joint,-17.11206799282103,-17.11206799282103,0.0
105,1,512,pair_coarse,-17.11206799282103,-17.11206799282103,0.0
105,1,512,separate,-17.11206799282103,-17.11206799282103,0.0
105,1,512,exact,-4.2329593754141746,-4.2329593754141746,0.0
105,1,2048,joint,-5.644246300745468,-5.644246300745467,1.7763568394002505e-15
105,1,2048,pair_coarse,-5.644246300745468,-5.644246300745467,1.7763568394002505e-15
105,1,2048,separate,-5.644246300745468,-5.644246300745467,1.7763568394002505e-15
105,1,2048,exact,-1.1290379088751012,-1.1290379088751012,0.0
105,1,8192,joint,-3.22284201536743,-3.22284201536743,0.0
105,1,8192,pair_coarse,-3.22284201536743,-3.22284201536743,0.0
105,1,8192,separate,-3.22284201536743,-3.22284201536743,0.0
105,1,8192,exact,-0.3194415718550867,-0.31944157185508665,5.551115123125783e-17
105,1,32768,joint,-2.356669465115766,-2.3566694651157656,4.440892098500626e-16
105,1,32768,pair_coarse,-2.356669465115766,-2.3566694651157656,4.440892098500626e-16
105,1,32768,separate,-2.356669465115766,-2.3566694651157656,4.440892098500626e-16
105,1,32768,exact,-0.012088965660806389,-0.012088965660806384,5.204170427930421e-18
105,1,131072,joint,-1.9848474208712164,-1.9848474208712164,0.0
105,1,131072,pair_coarse,-1.9848474208712164,-1.9848474208712164,0.0
105,1,131072,separate,-1.9848474208712164,-1.9848474208712164,0.0
105,1,131072,exact,0.12306036100228657,0.12306036100228655,-1.3877787807814457e-17
105,1,524288,joint,-1.8120473533406203,-1.81204735334062,2.220446049250313e-16
105,1,524288,pair_coarse,-1.8120473533406203,-1.81204735334062,2.220446049250313e-16
105,1,524288,separate,-1.8120473533406203,-1.81204735334062,2.220446049250313e-16
105,1,524288,exact,0.1865615921488547,0.18656159214885468,-2.7755575615628914e-17
105,2,128,joint,,,
105,2,128,pair_coarse,,,
105,2,128,separate,,,
105,2,128,exact,,,
105,2,512,joint,-78.11398949246481,-65.51877515013669,12.59521434232812
105,2,512,pair_coarse,-78.11398949246481,-65.51877515013669,12.59521434232812
105,2,512,separate,-78.11398949246481,-65.51877515013669,12.59521434232812
105,2,512,exact,-14.659693743043372,-13.262474584895598,1.3972191581477738
105,2,2048,joint,-10.28415120738245,-8.793513895613314,1.4906373117691363
105,2,2048,pair_coarse,-10.28415120738245,-8.793513895613314,1.4906373117691363
105,2,2048,separate,-10.28415120738245,-8.793513895613314,1.4906373117691363
105,2,2048,exact,-2.9059605379913998,-2.586601730135119,0.3193588078562808
105,2,8192,joint,-4.625391293233959,-4.093573712532742,0.5318175807012171
105,2,8192,pair_coarse,-4.625391293233959,-4.093573712532742,0.5318175807012171
105,2,8192,separate,-4.625391293233959,-4.093573712532742,0.5318175807012171
105,2,8192,exact,-0.9393038112762644,-0.8140307670554108,0.1252730442208536
105,2,32768,joint,-2.9272067444443373,-2.6939696268687126,0.2332371175756247
105,2,32768,pair_coarse,-2.9272067444443373,-2.6939696268687126,0.2332371175756247
105,2,32768,separate,-2.9272067444443373,-2.6939696268687126,0.2332371175756247
105,2,32768,exact,-0.2781454170691822,-0.22145697278000612,0.056688444289176104
105,2,131072,joint,-2.2444745947721416,-2.1344501314495608,0.11002446332258087
105,2,131072,pair_coarse,-2.2444745947721416,-2.1344501314495608,0.11002446332258087
105,2,131072,separate,-2.2444745947721416,-2.1344501314495608,0.11002446332258087
105,2,131072,exact,-0.0009171890641333086,0.026169159936384516,0.027086349000517825
105,2,524288,joint,-1.9361431590595752,-1.8826201380301215,0.05352302102945372
105,2,524288,pair_coarse,-1.9361431590595752,-1.8826201380301215,0.05352302102945372
105,2,524288,separate,-1.9361431590595752,-1.8826201380301215,0.05352302102945372
105,2,524288,exact,0.1266364675433697,0.1398894934744145,0.013253025931044798
105,4,128,joint,,,
105,4,128,pair_coarse,,,
105,4,128,separate,,,
105,4,128,exact,,,
105,4,512,joint,,,
105,4,512,pair_coarse,,,
105,4,512,separate,,,
105,4,512,exact,-258.0812790165278,-178.18409787539156,79.89718114113623
105,4,2048,joint,-24.669878732982742,-17.098002908755042,7.5718758242277
105,4,2048,pair_coarse,-24.669878732982742,-17.098002908755042,7.5718758242277
105,4,2048,separate,-24.669878732982742,-17.098002908755042,7.5718758242277
105,4,2048,exact,-7.8442480322788715,-5.139505775545929,2.704742256732943
105,4,8192,joint,-7.702310818789789,-5.643302676406271,2.059008142383518
105,4,8192,pair_coarse,-7.702310818789789,-5.643302676406271,2.059008142383518
105,4,8192,separate,-7.702310818789789,-5.643302676406271,2.059008142383518
105,4,8192,exact,-2.330092049655191,-1.4318327412902452,0.8982593083649459
105,4,32768,joint,-4.061374442191452,-3.2227465502233246,0.8386278919681276
105,4,32768,pair_coarse,-4.061374442191452,-3.2227465502233246,0.8386278919681276
105,4,32768,separate,-4.061374442191452,-3.2227465502233246,0.8386278919681276
105,4,32768,exact,-0.8351075108221334,-0.44957955451007436,0.38552795631205905
105,4,131072,joint,-2.741257774789423,-2.3566585587916853,0.3845992159977376
105,4,131072,pair_coarse,-2.741257774789423,-2.3566585587916853,0.3845992159977376
105,4,131072,separate,-2.741257774789423,-2.3566585587916853,0.3845992159977376
105,4,131072,exact,-0.2533003322057037,-0.07297870362769297,0.1803216285780107
105,4,524288,joint,-2.169649975780077,-1.9848461132210022,0.18480386255907466
105,4,524288,pair_coarse,-2.169649975780077,-1.9848461132210022,0.18480386255907466
105,4,524288,separate,-2.169649975780077,-1.9848461132210022,0.18480386255907466
105,4,524288,exact,0.006159555489816615,0.09354885979598168,0.08738930430616507
106,1,128,joint,,,
106,1,128,pair_coarse,,,
106,1,128,separate,,,
106,1,128,exact,-152.0597749979231,-152.05977499792309,2.842170943040401e-14
106,1,512,joint,-11.617036117820517,-11.617036117820517,0.0
106,1,512,pair_coarse,-15.732593598226067,-15.732593598226067,0.0
106,1,512,separate,-17.11206799282103,-17.11206799282103,0.0
106,1,512,exact,-4.2329593754141746,-4.2329593754141746,0.0
106,1,2048,joint,-4.290833431562275,-4.290833431562276,-8.881784197001252e-16
106,1,2048,pair_coarse,-5.036313518394472,-5.036313518394472,0.0
106,1,2048,separate,-5.644246300745468,-5.644246300745467,1.7763568394002505e-15
106,1,2048,exact,-1.1290379088751012,-1.1290379088751012,0.0
106,1,8192,joint,-2.5261987022277377,-2.5261987022277372,4.440892098500626e-16
106,1,8192,pair_coarse,-2.7855332404243844,-2.785533240424384,4.440892098500626e-16
106,1,8192,separate,-3.22284201536743,-3.22284201536743,0.0
106,1,8192,exact,-0.3194415718550867,-0.31944157185508665,5.551115123125783e-17
106,1,32768,joint,-1.8707273875664867,-1.870727387566487,-2.220446049250313e-16
106,1,32768,pair_coarse,-1.9814385168497577,-1.981438516849758,-2.220446049250313e-16
106,1,32768,separate,-2.356669465115766,-2.3566694651157656,4.440892098500626e-16
106,1,32768,exact,-0.012088965660806389,-0.012088965660806384,5.204170427930421e-18
106,1,131072,joint,-1.5850222367878246,-1.5850222367878244,2.220446049250313e-16
106,1,131072,pair_coarse,-1.6364282954113671,-1.6364282954113671,0.0
106,1,131072,separate,-1.9848474208712164,-1.9848474208712164,0.0
106,1,131072,exact,0.12306036100228657,0.12306036100228655,-1.3877787807814457e-17
106,1,524288,joint,-1.4513200841231786,-1.4513200841231784,2.220446049250313e-16
106,1,524288,pair_coarse,-1.4761182403479027,-1.4761182403479027,0.0
106,1,524288,separate,-1.8120473533406203,-1.81204735334062,2.220446049250313e-16
106,1,524288,exact,0.1865615921488547,0.18656159214885468,-2.7755575615628914e-17
106,2,128,joint,,,
106,2,128,pair_coarse,,,
106,2,128,separate,,,
106,2,128,exact,,,
106,2,512,joint,-38.134776979416806,-33.696744985694906,4.4380319937219
106,2,512,pair_coarse,-73.62849251171393,-61.033278169385824,12.595214342328106
106,2,512,separate,-78.11398949246481,-65.51877515013669,12.59521434232812
106,2,512,exact,-14.659693743043372,-13.262474584895598,1.3972191581477738
106,2,2048,joint,-7.559298527097323,-6.767625935627587,0.7916725914697365
106,2,2048,pair_coarse,-9.459477465824248,-7.9688401540551155,1.4906373117691327
106,2,2048,separate,-10.28415120738245,-8.793513895613314,1.4906373117691363
106,2,2048,exact,-2.9059605379913998,-2.586601730135119,0.3193588078562808
106,2,8192,joint,-3.585873388019457,-3.2884953660327545,0.2973780219867024
106,2,8192,pair_coarse,-4.126231339634583,-3.5944137589333653,0.531817580701218
106,2,8192,separate,-4.625391293233959,-4.093573712532742,0.5318175807012171
106,2,8192,exact,-0.9393038112762644,-0.8140307670554108,0.1252730442208536
106,2,32768,joint,-2.312293038415505,-2.1796901242715627,0.1326029141439422
106,2,32768,pair_coarse,-2.527734436238755,-2.2944973186631303,0.2332371175756247
106,2,32768,separate,-2.9272067444443373,-2.6939696268687126,0.2332371175756247
106,2,32768,exact,-0.2781454170691822,-0.22145697278000612,0.056688444289176104
106,2,131072,joint,-1.7880018239104496,-1.7250275796459298,0.06297424426451981
106,2,131072,pair_coarse,-1.8852566432915243,-1.775232179968943,0.11002446332258131
106,2,131072,separate,-2.2444745947721416,-2.1344501314495608,0.11002446332258087
106,2,131072,exact,-0.0009171890641333086,0.026169159936384516,0.027086349000517825
106,2,524288,joint,-1.5487902503338415,-1.5180628766023485,0.030727373731493035
106,2,524288,pair_coarse,-1.5951109180661744,-1.5415878970367207,0.05352302102945372
106,2,524288,separate,-1.9361431590595752,-1.8826201380301215,0.05352302102945372
106,2,524288,exact,0.1266364675433697,0.1398894934744145,0.013253025931044798
106,4,128,joint,,,
106,4,128,pair_coarse,,,
106,4,128,separate,,,
106,4,128,exact,,,
106,4,512,joint,,,
106,4,512,pair_coarse,,,
106,4,512,separate,,,
106,4,512,exact,-258.0812790165278,-178.18409787539156,79.89718114113623
106,4,2048,joint,-16.786153984970852,-12.212148784362391,4.574005200608461
106,4,2048,pair_coarse,-23.290404338387777,-15.718528514160077,7.5718758242277
106,4,2048,separate,-24.669878732982742,-17.098002908755042,7.5718758242277
106,4,2048,exact,-7.8442480322788715,-5.139505775545929,2.704742256732943
106,4,8192,joint,-5.865368489876174,-4.474084341062458,1.3912841488137166
106,4,8192,pair_coarse,-7.094378036438792,-5.035369894055275,2.059008142383517
106,4,8192,separate,-7.702310818789789,-5.643302676406271,2.059008142383518
106,4,8192,exact,-2.330092049655191,-1.4318327412902452,0.8982593083649459
106,4,32768,joint,-3.1859500998667736,-2.6031855771377184,0.5827645227290552
106,4,32768,pair_coarse,-3.6240656672484057,-2.785437775280279,0.8386278919681267
106,4,32768,separate,-4.061374442191452,-3.2227465502233246,0.8386278919681276
106,4,32768,exact,-0.8351075108221334,-0.44957955451007436,0.38552795631205905
106,4,131072,joint,-2.1764741309616706,-1.9064283667666644,0.27004576419500625
106,4,131072,pair_coarse,-2.366026826523415,-1.9814276105256774,0.3845992159977374
106,4,131072,separate,-2.741257774789423,-2.3566585587916853,0.3845992159977376
106,4,131072,exact,-0.2533003322057037,-0.07297870362769297,0.1803216285780107
106,4,524288,joint,-1.7325970912322761,-1.602256815811316,0.13034027542096016
106,4,524288,pair_coarse,-1.821230850320228,-1.6364269877611528,0.1848038625590751
106,4,524288,separate,-2.169649975780077,-1.9848461132210022,0.18480386255907466
106,4,524288,exact,0.006159555489816615,0.09354885979598168,0.08738930430616507
107,1,128,joint,,,
107,1,128,pair_coarse,,,
107,1,128,separate,,,
107,1,128,exact,-152.0597749979231,-152.05977499792309,2.842170943040401e-14
107,1,512,joint,-7.3480271846024605,-7.3480271846024605,0.0
107,1,512,pair_coarse,-12.106219052304697,-12.106219052304699,-1.7763568394002505e-15
107,1,512,separate,-17.11206799282103,-17.11206799282103,0.0
107,1,512,exact,-4.2329593754141746,-4.2329593754141746,0.0
107,1,2048,joint,-2.5308096755486473,-2.5308096755486473,0.0
107,1,2048,pair_coarse,-3.4381744183235985,-3.438174418323599,-4.440892098500626e-16
107,1,2048,separate,-5.644246300745468,-5.644246300745467,1.7763568394002505e-15
107,1,2048,exact,-1.1290379088751012,-1.1290379088751012,0.0
107,1,8192,joint,-1.3145300082873503,-1.3145300082873503,0.0
107,1,8192,pair_coarse,-1.6359320471183287,-1.635932047118329,-2.220446049250313e-16
107,1,8192,separate,-3.22284201536743,-3.22284201536743,0.0
107,1,8192,exact,-0.3194415718550867,-0.31944157185508665,5.551115123125783e-17
107,1,32768,joint,-0.8566601879161637,-0.8566601879161637,0.0
107,1,32768,pair_coarse,-0.9950280659088964,-0.9950280659088964,0.0
107,1,32768,separate,-2.356669465115766,-2.3566694651157656,4.440892098500626e-16
107,1,32768,exact,-0.012088965660806389,-0.012088965660806384,5.204170427930421e-18
107,1,131072,joint,-0.6559870478758746,-0.6559870478758746,0.0
107,1,131072,pair_coarse,-0.7205010025015441,-0.720501002501544,1.1102230246251565e-16
107,1,131072,separate,-1.9848474208712164,-1.9848474208712164,0.0
107,1,131072,exact,0.12306036100228657,0.12306036100228655,-1.3877787807814457e-17
107,1,524288,joint,-0.5618394070777529,-0.5618394070777528,1.1102230246251565e-16
107,1,524288,pair_coarse,-0.5930248031925003,-0.5930248031925003,0.0
107,1,524288,separate,-1.8120473533406203,-1.81204735334062,2.220446049250313e-16
107,1,524288,exact,0.1865615921488547,0.18656159214885468,-2.7755575615628914e-17
107,2,128,joint,,,
107,2,128,pair_coarse,,,
107,2,128,separate,,,
107,2,128,exact,,,
107,2,512,joint,-23.62891123678691,-21.07890804525782,2.5500031915290897
107,2,512,pair_coarse,-61.83697819253868,-49.24176385021057,12.595214342328113
107,2,512,separate,-78.11398949246481,-65.51877515013669,12.59521434232812
107,2,512,exact,-14.659693743043372,-13.262474584895598,1.3972191581477738
107,2,2048,joint,-4.936959630671564,-4.4130686312319485,0.5238909994396153
107,2,2048,pair_coarse,-7.2915678063234814,-5.800930494554349,1.4906373117691327
107,2,2048,separate,-10.28415120738245,-8.793513895613314,1.4906373117691363
107,2,2048,exact,-2.9059605379913998,-2.586601730135119,0.3193588078562808
107,2,8192,joint,-2.1252545604288993,-1.9238169742090019,0.20143758621989738
107,2,8192,pair_coarse,-2.814035218294065,-2.2822176375928476,0.5318175807012175
107,2,8192,separate,-4.625391293233959,-4.093573712532742,0.5318175807012171
107,2,8192,exact,-0.9393038112762644,-0.8140307670554108,0.1252730442208536
107,2,32768,joint,-1.1997074916163313,-1.1091781367293259,0.09052935488700542
107,2,32768,pair_coarse,-1.4775980828905482,-1.2443609653149232,0.23323711757562493
107,2,32768,separate,-2.9272067444443373,-2.6939696268687126,0.2332371175756247
107,2,32768,exact,-0.2781454170691822,-0.22145697278000612,0.056688444289176104
107,2,131072,joint,-0.8147885829490153,-0.7716563891069159,0.04313219384209943
107,2,131072,pair_coarse,-0.9409413005846293,-0.8309168372620485,0.11002446332258087
107,2,131072,separate,-2.2444745947721416,-2.1344501314495608,0.11002446332258087
107,2,131072,exact,-0.0009171890641333086,0.026169159936384516,0.027086349000517825
107,2,524288,joint,-0.6383524642160584,-0.6172759175228612,0.02107654669319725
107,2,524288,pair_coarse,-0.6986023326783978,-0.6450793116489439,0.05352302102945383
107,2,524288,separate,-1.9361431590595752,-1.8826201380301215,0.05352302102945372
107,2,524288,exact,0.1266364675433697,0.1398894934744145,0.013253025931044798
107,4,128,joint,,,
107,4,128,pair_coarse,,,
107,4,128,separate,,,
107,4,128,exact,,,
107,4,512,joint,,,
107,4,512,pair_coarse,,,
107,4,512,separate,,,
107,4,512,exact,-258.0812790165278,-178.18409787539156,79.89718114113623
107,4,2048,joint,-11.632477120683317,-8.131595044616494,3.500882076066823
107,4,2048,pair_coarse,-19.66402979246641,-12.092153968238708,7.5718758242277
107,4,2048,separate,-24.669878732982742,-17.098002908755042,7.5718758242277
107,4,2048,exact,-7.8442480322788715,-5.139505775545929,2.704742256732943
107,4,8192,joint,-3.900051973867449,-2.782823786662038,1.117228187205411
107,4,8192,pair_coarse,-5.49623893636792,-3.4372307939844022,2.059008142383518
107,4,8192,separate,-7.702310818789789,-5.643302676406271,2.059008142383518
107,4,8192,exact,-2.330092049655191,-1.4318327412902452,0.8982593083649459
107,4,32768,joint,-1.895784902577955,-1.4216772571748435,0.47410764540311146
107,4,32768,pair_coarse,-2.4744644739423505,-1.6358365819742238,0.8386278919681267
107,4,32768,separate,-4.061374442191452,-3.2227465502233246,0.8386278919681276
107,4,32768,exact,-0.8351075108221334,-0.44957955451007436,0.38552795631205905
107,4,131072,joint,-1.127366043134904,-0.9065804837411832,0.2207855593937208
107,4,131072,pair_coarse,-1.3796163755825532,-0.9950171595848158,0.3845992159977374
107,4,131072,separate,-2.741257774789423,-2.3566585587916853,0.3845992159977376
107,4,131072,exact,-0.2533003322057037,-0.07297870362769297,0.1803216285780107
107,4,524288,joint,-0.7869306733997613,-0.6801363644077606,0.10679430899200071
107,4,524288,pair_coarse,-0.9053035574104049,-0.7204996948513299,0.184803862559075
107,4,524288,separate,-2.169649975780077,-1.9848461132210022,0.18480386255907466
107,4,524288,exact,0.006159555489816615,0.09354885979598168,0.08738930430616507
108,1,128,joint,-539.6453775771563,-539.6453775771563,0.0
108,1,128,pair_coarse,,,
108,1,128,separate,,,
108,1,128,exact,-152.0597749979231,-152.05977499792309,2.842170943040401e-14
108,1,512,joint,-5.197956403068895,-5.197956403068896,-8.881784197001252e-16
108,1,512,pair_coarse,-9.850403549341067,-9.850403549341069,-1.7763568394002505e-15
108,1,512,separate,-17.11206799282103,-17.11206799282103,0.0
108,1,512,exact,-4.2329593754141746,-4.2329593754141746,0.0
108,1,2048,joint,-1.5333238485883804,-1.5333238485883804,0.0
108,1,2048,pair_coarse,-2.444039115370149,-2.444039115370149,0.0
108,1,2048,separate,-5.644246300745468,-5.644246300745467,1.7763568394002505e-15
108,1,2048,exact,-1.1290379088751012,-1.1290379088751012,0.0
108,1,8192,joint,-0.594777180500354,-0.5947771805003541,-1.1102230246251565e-16
108,1,8192,pair_coarse,-0.9208133628108871,-0.920813362810887,1.1102230246251565e-16
108,1,8192,separate,-3.22284201536743,-3.22284201536743,0.0
108,1,8192,exact,-0.3194415718550867,-0.31944157185508665,5.551115123125783e-17
108,1,32768,joint,-0.24031775580237294,-0.2403177558023729,2.7755575615628914e-17
108,1,32768,pair_coarse,-0.38142349767134187,-0.38142349767134187,0.0
108,1,32768,separate,-2.356669465115766,-2.3566694651157656,4.440892098500626e-16
108,1,32768,exact,-0.012088965660806389,-0.012088965660806384,5.204170427930421e-18
108,1,131072,joint,-0.08477503425625434,-0.08477503425625435,-1.3877787807814457e-17
108,1,131072,pair_coarse,-0.15074105058005072,-0.15074105058005074,-2.7755575615628914e-17
108,1,131072,separate,-1.9848474208712164,-1.9848474208712164,0.0
108,1,131072,exact,0.12306036100228657,0.12306036100228655,-1.3877787807814457e-17
108,1,524288,joint,-0.011759303407040091,-0.01175930340704011,-1.9081958235744878e-17
108,1,524288,pair_coarse,-0.04368941577612605,-0.04368941577612604,6.938893903907228e-18
108,1,524288,separate,-1.8120473533406203,-1.81204735334062,2.220446049250313e-16
108,1,524288,exact,0.1865615921488547,0.18656159214885468,-2.7755575615628914e-17
108,2,128,joint,,,
108,2,128,pair_coarse,,,
108,2,128,separate,,,
108,2,128,exact,,,
108,2,512,joint,-17.710209652966185,-15.800888411041978,1.9093212419242072
108,2,512,pair_coarse,-54.501971709402525,-41.90675736707442,12.595214342328106
108,2,512,separate,-78.11398949246481,-65.51877515013669,12.59521434232812
108,2,512,exact,-14.659693743043372,-13.262474584895598,1.3972191581477738
108,2,2048,joint,-3.5323854561203643,-3.117257114334635,0.4151283417857292
108,2,2048,pair_coarse,-5.943002136396547,-4.452364824627415,1.4906373117691327
108,2,2048,separate,-10.28415120738245,-8.793513895613314,1.4906373117691363
108,2,2048,exact,-2.9059605379913998,-2.586601730135119,0.3193588078562808
108,2,8192,joint,-1.281713480173054,-1.1204354963845664,0.16127798378848768
108,2,8192,pair_coarse,-1.997773049021474,-1.4659554683202567,0.5318175807012173
108,2,8192,separate,-4.625391293233959,-4.093573712532742,0.5318175807012171
108,2,8192,exact,-0.9393038112762644,-0.8140307670554108,0.1252730442208536
108,2,32768,joint,-0.5334330711821238,-0.4606949131915843,0.07273815799053951
108,2,32768,pair_coarse,-0.8243523036389468,-0.5911151860633219,0.23323711757562493
108,2,32768,separate,-2.9272067444443373,-2.6939696268687126,0.2332371175756247
108,2,32768,exact,-0.2781454170691822,-0.22145697278000612,0.056688444289176104
108,2,131072,joint,-0.2210012012319699,-0.18629451088392282,0.034706690348047076
108,2,131072,pair_coarse,-0.3535223335723854,-0.2434978702498045,0.1100244633225809
108,2,131072,separate,-2.2444745947721416,-2.1344501314495608,0.11002446332258087
108,2,131072,exact,-0.0009171890641333086,0.026169159936384516,0.027086349000517825
108,2,524288,joint,-0.07752232712602114,-0.06055154834731928,0.01697077877870186
108,2,524288,pair_coarse,-0.14092194422202295,-0.0873989231925692,0.05352302102945375
108,2,524288,separate,-1.9361431590595752,-1.8826201380301215,0.05352302102945372
108,2,524288,exact,0.1266364675433697,0.1398894934744145,0.013253025931044798
108,4,128,joint,,,
108,4,128,pair_coarse,,,
108,4,128,separate,,,
108,4,128,exact,,,
108,4,512,joint,-892.084288607564,-614.3725001891322,277.71178841843175
108,4,512,pair_coarse,,,
108,4,512,separate,,,
108,4,512,exact,-258.0812790165278,-178.18409787539156,79.89718114113623
108,4,2048,joint,-9.124674746209628,-6.049442509149622,3.075232237060006
108,4,2048,pair_coarse,-17.40821428950278,-9.83633846527508,7.5718758242277
108,4,2048,separate,-24.669878732982742,-17.098002908755042,7.5718758242277
108,4,2048,exact,-7.8442480322788715,-5.139505775545929,2.704742256732943
108,4,8192,joint,-2.8145879218448124,-1.8125963102871805,1.001991611557632
108,4,8192,pair_coarse,-4.502103633414471,-2.4430954910309524,2.0590081423835187
108,4,8192,separate,-7.702310818789789,-5.643302676406271,2.059008142383518
108,4,8192,exact,-2.330092049655191,-1.4318327412902452,0.8982593083649459
108,4,32768,joint,-1.141872588195762,-0.7141747806438149,0.4276978075519472
108,4,32768,pair_coarse,-1.759345789634909,-0.9207178976667819,0.838627891968127
108,4,32768,separate,-4.061374442191452,-3.2227465502233246,0.8386278919681276
108,4,32768,exact,-0.8351075108221334,-0.44957955451007436,0.38552795631205905
108,4,131072,joint,-0.4956878195948941,-0.2960666528908216,0.19962116670407248
108,4,131072,pair_coarse,-0.7660118073449989,-0.3814125913472614,0.38459921599773744
108,4,131072,separate,-2.741257774789423,-2.3566585587916853,0.3845992159977376
108,4,131072,exact,-0.2533003322057037,-0.07297870362769297,0.1803216285780107
108,4,524288,joint,-0.2084222103645501,-0.11177005650137094,0.09665215386317917
108,4,524288,pair_coarse,-0.33554360548891143,-0.1507397429298365,0.18480386255907494
108,4,524288,separate,-2.169649975780077,-1.9848461132210022,0.18480386255907466
108,4,524288,exact,0.006159555489816615,0.09354885979598168,0.08738930430616507
109,1,128,joint,-242.97301359464197,-242.97301359464194,2.842170943040401e-14
109,1,128,pair_coarse,,,
109,1,128,separate,,,
109,1,128,exact,-152.0597749979231,-152.05977499792309,2.842170943040401e-14
109,1,512,joint,-4.638644370786007,-4.638644370786008,-8.881784197001252e-16
109,1,512,pair_coarse,-9.353818983832909,-9.353818983832909,0.0
109,1,512,separate,-17.11206799282103,-17.11206799282103,0.0
109,1,512,exact,-4.2329593754141746,-4.2329593754141746,0.0
109,1,2048,joint,-1.2928600744281835,-1.2928600744281833,2.220446049250313e-16
109,1,2048,pair_coarse,-2.2251948673255337,-2.2251948673255337,0.0
109,1,2048,separate,-5.644246300745468,-5.644246300745467,1.7763568394002505e-15
109,1,2048,exact,-1.1290379088751012,-1.1290379088751012,0.0
109,1,8192,joint,-0.42839333311844063,-0.4283933331184406,5.551115123125783e-17
109,1,8192,pair_coarse,-0.7633905147689996,-0.7633905147689994,1.1102230246251565e-16
109,1,8192,separate,-3.22284201536743,-3.22284201536743,0.0
109,1,8192,exact,-0.3194415718550867,-0.31944157185508665,5.551115123125783e-17
109,1,32768,joint,-0.10111801816807893,-0.10111801816807893,0.0
109,1,32768,pair_coarse,-0.24634748746051027,-0.24634748746051024,2.7755575615628914e-17
109,1,32768,separate,-2.356669465115766,-2.3566694651157656,4.440892098500626e-16
109,1,32768,exact,-0.012088965660806389,-0.012088965660806384,5.204170427930421e-18
109,1,131072,joint,0.04263305389543316,0.04263305389543316,0.0
109,1,131072,pair_coarse,-0.025316787027834922,-0.02531678702783493,-6.938893903907228e-18
109,1,131072,separate,-1.9848474208712164,-1.9848474208712164,0.0
109,1,131072,exact,0.12306036100228657,0.12306036100228655,-1.3877787807814457e-17
109,1,524288,joint,0.11014246359983687,0.11014246359983687,0.0
109,1,524288,pair_coarse,0.0772386806573059,0.0772386806573059,0.0
109,1,524288,separate,-1.8120473533406203,-1.81204735334062,2.220446049250313e-16
109,1,524288,exact,0.1865615921488547,0.18656159214885468,-2.7755575615628914e-17
109,2,128,joint,,,
109,2,128,pair_coarse,,,
109,2,128,separate,,,
109,2,128,exact,,,
109,2,512,joint,-15.993083079254655,-14.352721680478457,1.6403613987761982
109,2,512,pair_coarse,-52.887278042016014,-40.2920636996879,12.595214342328113
109,2,512,separate,-78.11398949246481,-65.51877515013669,12.59521434232812
109,2,512,exact,-14.659693743043372,-13.262474584895598,1.3972191581477738
109,2,2048,joint,-3.168654104285431,-2.802735723146209,0.36591838113922215
109,2,2048,pair_coarse,-5.646135262141945,-4.155497950372813,1.4906373117691318
109,2,2048,separate,-10.28415120738245,-8.793513895613314,1.4906373117691363
109,2,2048,exact,-2.9059605379913998,-2.586601730135119,0.3193588078562808
109,2,8192,joint,-1.078073938846487,-0.9352179560506201,0.14285598279586698
109,2,8192,pair_coarse,-1.8180849521285996,-1.2862673714273822,0.5318175807012173
109,2,8192,separate,-4.625391293233959,-4.093573712532742,0.5318175807012171
109,2,8192,exact,-0.9393038112762644,-0.8140307670554108,0.1252730442208536
109,2,32768,joint,-0.37920592107433015,-0.31466749846282666,0.0645384226115035
109,2,32768,pair_coarse,-0.6805498645505028,-0.44731274697487783,0.23323711757562499
109,2,32768,separate,-2.9272067444443373,-2.6939696268687126,0.2332371175756247
109,2,32768,exact,-0.2781454170691822,-0.22145697278000612,0.056688444289176104
109,2,131072,joint,-0.08679264460931632,-0.055976757880369835,0.030815886728946487
109,2,131072,pair_coarse,-0.2242106978815255,-0.1141862345589446,0.11002446332258091
109,2,131072,separate,-2.2444745947721416,-2.1344501314495608,0.11002446332258087
109,2,131072,exact,-0.0009171890641333086,0.026169159936384516,0.027086349000517825
109,2,524288,joint,0.04762001279682217,0.06269310944311693,0.015073096646294762
109,2,524288,pair_coarse,-0.01815681869194305,0.03536620233751073,0.05352302102945378
109,2,524288,separate,-1.9361431590595752,-1.8826201380301215,0.05352302102945372
109,2,524288,exact,0.1266364675433697,0.1398894934744145,0.013253025931044798
109,4,128,joint,,,
109,4,128,pair_coarse,,,
109,4,128,separate,,,
109,4,128,exact,,,
109,4,512,joint,-408.00744104533385,-280.7861838240692,127.22125722126464
109,4,512,pair_coarse,,,
109,4,512,separate,,,
109,4,512,exact,-258.0812790165278,-178.18409787539156,79.89718114113623
109,4,2048,joint,-8.403395007103434,-5.519009739837367,2.884385267266067
109,4,2048,pair_coarse,-16.911629723994622,-9.33975389976692,7.571875824227702
109,4,2048,separate,-24.669878732982742,-17.098002908755042,7.5718758242277
109,4,2048,exact,-7.8442480322788715,-5.139505775545929,2.704742256732943
109,4,8192,joint,-2.5332579067861856,-1.5842836986208373,0.9489742081653483
109,4,8192,pair_coarse,-4.283259385369854,-2.2242512429863375,2.059008142383517
109,4,8192,separate,-7.702310818789789,-5.643302676406271,2.059008142383518
109,4,8192,exact,-2.330092049655191,-1.4318327412902452,0.8982593083649459
109,4,32768,joint,-0.9595104643622228,-0.5533177566491306,0.4061927077130921
109,4,32768,pair_coarse,-1.6019229415930214,-0.7632950496248945,0.8386278919681269
109,4,32768,separate,-4.061374442191452,-3.2227465502233246,0.8386278919681276
109,4,32768,exact,-0.8351075108221334,-0.44957955451007436,0.38552795631205905
109,4,131072,joint,-0.34929591116397635,-0.15950843896684808,0.18978747219712827
109,4,131072,pair_coarse,-0.6309357971341671,-0.24633658113642978,0.3845992159977374
109,4,131072,separate,-2.741257774789423,-2.3566585587916853,0.3845992159977376
109,4,131072,exact,-0.2533003322057037,-0.07297870362769297,0.1803216285780107
109,4,524288,joint,-0.07758839106314117,0.014345812872408884,0.09193420393555005
109,4,524288,pair_coarse,-0.21011934193669562,-0.0253154793776207,0.18480386255907494
109,4,524288,separate,-2.169649975780077,-1.9848461132210022,0.18480386255907466
109,4,524288,exact,0.006159555489816615,0.09354885979598168,0.08738930430616507
110,1,128,joint,,,
110,1,128,pair_coarse,,,
110,1,128,separate,,,
110,1,128,exact,-291.24398078496307,-291.24398078496307,0.0
110,1,512,joint,-7.299433449804194,-7.2994334498041935,8.881784197001252e-16
110,1,512,pair_coarse,-11.766231560076537,-11.76623156007654,-1.7763568394002505e-15
110,1,512,separate,-17.111426959620427,-17.111426959620427,0.0
110,1,512,exact,-4.826279436394993,-4.826279436394993,0.0
110,1,2048,joint,-2.4406589439104045,-2.440658943910404,4.440892098500626e-16
110,1,2048,pair_coarse,-3.2879837901280466,-3.287983790128047,-4.440892098500626e-16
110,1,2048,separate,-5.643605267544868,-5.643605267544867,8.881784197001252e-16
110,1,2048,exact,-1.3775476136951885,-1.3775476136951885,0.0
110,1,8192,joint,-1.2278576282583842,-1.227857628258384,2.220446049250313e-16
110,1,8192,pair_coarse,-1.527714400056639,-1.5277144000566392,-2.220446049250313e-16
110,1,8192,separate,-3.2222009821668296,-3.2222009821668296,0.0
110,1,8192,exact,-0.4883618688735647,-0.48836186887356464,5.551115123125783e-17
110,1,32768,joint,-0.7730108275468868,-0.7730108275468868,0.0
110,1,32768,pair_coarse,-0.9020813733132838,-0.9020813733132839,-1.1102230246251565e-16
110,1,32768,separate,-2.3560284319151648,-2.3560284319151648,0.0
110,1,32768,exact,-0.1519049772319317,-0.15190497723193166,2.7755575615628914e-17
110,1,131072,joint,-0.5739719223843442,-0.5739719223843442,0.0
110,1,131072,pair_coarse,-0.6341499358668006,-0.6341499358668005,1.1102230246251565e-16
110,1,131072,separate,-1.9842063876706155,-1.9842063876706155,0.0
110,1,131072,exact,-0.004150406599033908,-0.0041504065990338925,1.5612511283791264e-17
110,1,524288,joint,-0.48065658628077657,-0.48065658628077657,0.0
110,1,524288,pair_coarse,-0.5097462412164427,-0.5097462412164427,0.0
110,1,524288,separate,-1.8114063201400195,-1.8114063201400192,2.220446049250313e-16
110,1,524288,exact,0.06523300146684495,0.06523300146684492,-2.7755575615628914e-17
110,2,128,joint,,,
110,2,128,pair_coarse,,,
110,2,128,separate,,,
110,2,128,exact,,,
110,2,512,joint,-24.21726110973317,-21.39257351794745,2.824687591785718
110,2,512,pair_coarse,-60.732918695493716,-48.1377043531656,12.595214342328113
110,2,512,separate,-78.11334845926422,-65.5181341169361,12.59521434232812
110,2,512,exact,-16.527458619723298,-14.813744320926038,1.7137142987972602
110,2,2048,joint,-4.876767038627829,-4.309450298873566,0.5673167397542631
110,2,2048,pair_coarse,-7.088059568666396,-5.5974222568972625,1.4906373117691336
110,2,2048,separate,-10.283510174181849,-8.792872862412713,1.4906373117691363
110,2,2048,exact,-3.2922788590433547,-2.9127102092237633,0.3795686498195914
110,2,8192,joint,-2.0451264371408877,-1.8278570185128267,0.21726941862806104
110,2,8192,pair_coarse,-2.690602371482423,-2.1587847907812057,0.5318175807012175
110,2,8192,separate,-4.624750260033359,-4.092932679332141,0.531817580701218
110,2,8192,exact,-1.1499632306816967,-1.0019808341828358,0.1479823964988609
110,2,32768,joint,-1.1183834550119347,-1.0208707483212431,0.09751270669069156
110,2,32768,pair_coarse,-1.3786880902947771,-1.145450972719152,0.23323711757562515
110,2,32768,separate,-2.926565711243737,-2.693328593668112,0.2332371175756247
110,2,32768,exact,-0.4348210823418389,-0.367998348813209,0.06682273352862994
110,2,131072,joint,-0.7337753195377751,-0.6873418929176506,0.04643342662012451
110,2,131072,pair_coarse,-0.8519337559564116,-0.7419092926338308,0.11002446332258087
110,2,131072,separate,-2.2438335615715412,-2.13380909824896,0.11002446332258131
110,2,131072,exact,-0.13576432481799644,-0.10386402787724623,0.03190029694075021
110,2,524288,joint,-0.5576374947483479,-0.5349535569496354,0.022683937798712472
110,2,524288,pair_coarse,-0.6140684169068792,-0.5605453958774254,0.05352302102945383
110,2,524288,separate,-1.9355021258589744,-1.8819791048295207,0.05352302102945372
110,2,524288,exact,0.001667181178132665,0.017269293146494665,0.015602111968362
110,4,128,joint,,,
110,4,128,pair_coarse,,,
110,4,128,separate,,,
110,4,128,exact,,,
110,4,512,joint,,,
110,4,512,pair_coarse,,,
110,4,512,separate,,,
110,4,512,exact,-486.08308220255816,-334.9398404802521,151.14324172230607
110,4,2048,joint,-11.726809245866274,-8.054409022974044,3.6724002228922306
110,4,2048,pair_coarse,-19.32404230023825,-11.75216647601055,7.5718758242277
110,4,2048,separate,-24.66923769978214,-17.09736187555444,7.5718758242277
110,4,2048,exact,-8.635976245671488,-5.698755536965479,2.9372207087060085
110,4,8192,joint,-3.844213101039303,-2.6816603231059464,1.1625527779333567
110,4,8192,pair_coarse,-5.346048308172369,-3.2870401657888504,2.0590081423835187
110,4,8192,separate,-7.701669785589189,-5.64266164320567,2.0590081423835187
110,4,8192,exact,-2.629352622557764,-1.6656135512864705,0.9637390712712934
110,4,32768,joint,-1.8223483788513808,-1.3301077519052413,0.49224062694613946
110,4,32768,pair_coarse,-2.366246826880661,-1.527618934912534,0.8386278919681271
110,4,32768,separate,-4.060733408990851,-3.222105517022724,0.8386278919681267
110,4,32768,exact,-1.023946297051428,-0.6117546777403574,0.4121916193110705
110,4,131072,joint,-1.0496444444009931,-0.8206104229651888,0.2290340214358043
110,4,131072,pair_coarse,-1.2866696829869408,-0.9020704669892033,0.3845992159977375
110,4,131072,separate,-2.7406167415888225,-2.3560175255910845,0.38459921599773805
110,4,131072,exact,-0.4020949196725522,-0.2095625736532412,0.19253234601931096
110,4,524288,joint,-0.7077329126882446,-0.5969901754570889,0.11074273723115569
110,4,524288,pair_coarse,-0.8189524907756611,-0.6341486282165862,0.18480386255907488
110,4,524288,separate,-2.169008942579476,-1.9842050800204014,0.18480386255907466
110,4,524288,exact,-0.12533046937818165,-0.03207898422609525,0.0932514851520864
111,1,128,joint,,,
111,1,128,pair_coarse,,,
111,1,128,separate,,,
111,1,128,exact,-291.24398078496307,-291.24398078496307,0.0
111,1,512,joint,-5.607216685906806,-5.607216685906806,0.0
111,1,512,pair_coarse,-10.127812967337084,-10.127812967337086,-1.7763568394002505e-15
111,1,512,separate,-17.111426959620427,-17.111426959620427,0.0
111,1,512,exact,-4.826279436394993,-4.826279436394993,0.0
111,1,2048,joint,-1.688773837274674,-1.6887738372746741,-2.220446049250313e-16
111,1,2048,pair_coarse,-2.565934596868352,-2.565934596868352,0.0
111,1,2048,separate,-5.643605267544868,-5.643605267544867,8.881784197001252e-16
111,1,2048,exact,-1.3775476136951885,-1.3775476136951885,0.0
111,1,8192,joint,-0.6951962176179663,-0.6951962176179663,0.0
111,1,8192,pair_coarse,-1.0083174250622795,-1.0083174250622793,2.220446049250313e-16
111,1,8192,separate,-3.2222009821668296,-3.2222009821668296,0.0
111,1,8192,exact,-0.4883618688735647,-0.48836186887356464,5.551115123125783e-17
111,1,32768,joint,-0.32106846911186515,-0.3210684691118652,-5.551115123125783e-17
111,1,32768,pair_coarse,-0.4564149915238669,-0.4564149915238669,0.0
111,1,32768,separate,-2.3560284319151648,-2.3560284319151648,0.0
111,1,32768,exact,-0.1519049772319317,-0.15190497723193166,2.7755575615628914e-17
111,1,131072,joint,-0.15709207262776542,-0.15709207262776548,-5.551115123125783e-17
111,1,131072,pair_coarse,-0.22032828360840495,-0.22032828360840498,-2.7755575615628914e-17
111,1,131072,separate,-1.9842063876706155,-1.9842063876706155,0.0
111,1,131072,exact,-0.004150406599033908,-0.0041504065990338925,1.5612511283791264e-17
111,1,524288,joint,-0.08015915834688311,-0.0801591583468831,1.3877787807814457e-17
111,1,524288,pair_coarse,-0.11075912936697228,-0.11075912936697228,0.0
111,1,524288,separate,-1.8114063201400195,-1.8114063201400192,2.220446049250313e-16
111,1,524288,exact,0.06523300146684495,0.06523300146684492,-2.7755575615628914e-17
111,2,128,joint,,,
111,2,128,pair_coarse,,,
111,2,128,separate,,,
111,2,128,exact,,,
111,2,512,joint,-19.179292469444967,-16.991439227670625,2.1878532417743415
111,2,512,pair_coarse,-55.4054391281062,-42.81022478577809,12.595214342328113
111,2,512,separate,-78.11334845926422,-65.5181341169361,12.59521434232812
111,2,512,exact,-16.527458619723298,-14.813744320926038,1.7137142987972602
111,2,2048,joint,-3.7890426002105624,-3.3252564212184614,0.46378617899210095
111,2,2048,pair_coarse,-6.108584490037126,-4.617947178267992,1.4906373117691336
111,2,2048,separate,-10.283510174181849,-8.792872862412713,1.4906373117691363
111,2,2048,exact,-3.2922788590433547,-2.9127102092237633,0.3795686498195914
111,2,8192,joint,-1.4119152388861802,-1.2325786598200417,0.17933657906613854
111,2,8192,pair_coarse,-2.0977439959064768,-1.5659264152052597,0.5318175807012171
111,2,8192,separate,-4.624750260033359,-4.092932679332141,0.531817580701218
111,2,8192,exact,-1.1499632306816967,-1.0019808341828358,0.1479823964988609
111,2,32768,joint,-0.6260905039098028,-0.5453382124000178,0.08075229150978502
111,2,32768,pair_coarse,-0.9042299491266368,-0.6709928315510119,0.23323711757562493
111,2,32768,separate,-2.926565711243737,-2.693328593668112,0.2332371175756247
111,2,32768,exact,-0.4348210823418389,-0.367998348813209,0.06682273352862994
111,2,131072,joint,-0.29868834612985373,-0.26018360947423474,0.03850473665561899
111,2,131072,pair_coarse,-0.42528620609418233,-0.3152617427716014,0.11002446332258092
111,2,131072,separate,-2.2438335615715412,-2.13380909824896,0.11002446332258131
111,2,131072,exact,-0.13576432481799644,-0.10386402787724623,0.03190029694075021
111,2,524288,joint,-0.14847753745203152,-0.12965535634176487,0.01882218111026665
111,2,524288,pair_coarse,-0.20902025758149392,-0.15549723655204017,0.05352302102945375
111,2,524288,separate,-1.9355021258589744,-1.8819791048295207,0.05352302102945372
111,2,524288,exact,0.001667181178132665,0.017269293146494665,0.015602111968362
111,4,128,joint,,,
111,4,128,pair_coarse,,,
111,4,128,separate,,,
111,4,128,exact,,,
111,4,512,joint,,,
111,4,512,pair_coarse,,,
111,4,512,separate,,,
111,4,512,exact,-486.08308220255816,-334.9398404802521,151.14324172230607
111,4,2048,joint,-9.6939740548044,-6.428991137134436,3.264982917669964
111,4,2048,pair_coarse,-17.685623707498795,-10.113747883271095,7.5718758242277
111,4,2048,separate,-24.66923769978214,-17.09736187555444,7.5718758242277
111,4,2048,exact,-8.635976245671488,-5.698755536965479,2.9372207087060085
111,4,8192,joint,-3.0097763311313313,-1.9559141145189132,1.053862216612418
111,4,8192,pair_coarse,-4.623999114912673,-2.5649909725291553,2.0590081423835174
111,4,8192,separate,-7.701669785589189,-5.64266164320567,2.0590081423835187
111,4,8192,exact,-2.629352622557764,-1.6656135512864705,0.9637390712712934
111,4,32768,joint,-1.2577609099152607,-0.8091174966884784,0.44864341322678225
111,4,32768,pair_coarse,-1.8468498518863015,-1.0082219599181743,0.8386278919681271
111,4,32768,separate,-4.060733408990851,-3.222105517022724,0.8386278919681267
111,4,32768,exact,-1.023946297051428,-0.6117546777403574,0.4121916193110705
111,4,131072,joint,-0.5833901316542192,-0.3742074895898387,0.20918264206438048
111,4,131072,pair_coarse,-0.8410033011975238,-0.45640408519978637,0.3845992159977374
111,4,131072,separate,-2.7406167415888225,-2.3560175255910845,0.38459921599773805
111,4,131072,exact,-0.4020949196725522,-0.2095625736532412,0.19253234601931096
111,4,524288,joint,-0.284048045785408,-0.18281195697727357,0.10123608880813442
111,4,524288,pair_coarse,-0.40513083851726567,-0.22032697595819073,0.18480386255907494
111,4,524288,separate,-2.169008942579476,-1.9842050800204014,0.18480386255907466
111,4,524288,exact,-0.12533046937818165,-0.03207898422609525,0.0932514851520864
112,1,128,joint,-598.7856164261906,-598.7856164261906,0.0
112,1,128,pair_coarse,,,
112,1,128,separate,,,
112,1,128,exact,-291.24398078496307,-291.24398078496307,0.0
112,1,512,joint,-5.180556659520412,-5.180556659520411,8.881784197001252e-16
112,1,512,pair_coarse,-9.79888495670044,-9.798884956700443,-1.7763568394002505e-15
112,1,512,separate,-17.111426959620427,-17.111426959620427,0.0
112,1,512,exact,-4.826279436394993,-4.826279436394993,0.0
112,1,2048,joint,-1.5173815731483062,-1.5173815731483062,0.0
112,1,2048,pair_coarse,-2.420976400121086,-2.4209764001210865,-4.440892098500626e-16
112,1,2048,separate,-5.643605267544868,-5.643605267544867,8.881784197001252e-16
112,1,2048,exact,-1.3775476136951885,-1.3775476136951885,0.0
112,1,8192,joint,-0.5805716811765551,-0.5805716811765551,0.0
112,1,8192,pair_coarse,-0.9040435755877497,-0.9040435755877496,1.1102230246251565e-16
112,1,8192,separate,-3.2222009821668296,-3.2222009821668296,0.0
112,1,8192,exact,-0.4883618688735647,-0.48836186887356464,5.551115123125783e-17
112,1,32768,joint,-0.2269453097251085,-0.2269453097251085,0.0
112,1,32768,pair_coarse,-0.3669432551683123,-0.3669432551683123,0.0
112,1,32768,separate,-2.3560284319151648,-2.3560284319151648,0.0
112,1,32768,exact,-0.1519049772319317,-0.15190497723193166,2.7755575615628914e-17
112,1,131072,joint,-0.07180050470425642,-0.0718005047042564,1.3877787807814457e-17
112,1,131072,pair_coarse,-0.13724967754343576,-0.13724967754343578,-2.7755575615628914e-17
112,1,131072,separate,-1.9842063876706155,-1.9842063876706155,0.0
112,1,131072,exact,-0.004150406599033908,-0.0041504065990338925,1.5612511283791264e-17
112,1,524288,joint,0.001021562687604019,0.0010215626876040175,-1.5178830414797062e-18
112,1,524288,pair_coarse,-0.030658697431031987,-0.03065869743103198,6.938893903907228e-18
112,1,524288,separate,-1.8114063201400195,-1.8114063201400192,2.220446049250313e-16
112,1,524288,exact,0.06523300146684495,0.06523300146684492,-2.7755575615628914e-17
112,2,128,joint,,,
112,2,128,pair_coarse,,,
112,2,128,separate,,,
112,2,128,exact,,,
112,2,512,joint,-17.737140830282566,-15.80149733049698,1.935643499785586
112,2,512,pair_coarse,-54.33589727624149,-41.740682933913384,12.595214342328106
112,2,512,separate,-78.11334845926422,-65.5181341169361,12.59521434232812
112,2,512,exact,-16.527458619723298,-14.813744320926038,1.7137142987972602
112,2,2048,joint,-3.51806985880576,-3.098246399725957,0.4198234590798031
112,2,2048,pair_coarse,-5.91194561489899,-4.421308303129856,1.4906373117691336
112,2,2048,separate,-10.283510174181849,-8.792872862412713,1.4906373117691363
112,2,2048,exact,-3.2922788590433547,-2.9127102092237633,0.3795686498195914
112,2,8192,joint,-1.2677628725455448,-1.1047356808398323,0.16302719170571245
112,2,8192,pair_coarse,-1.9787220762751745,-1.4469044955739572,0.5318175807012173
112,2,8192,separate,-4.624750260033359,-4.092932679332141,0.531817580701218
112,2,8192,exact,-1.1499632306816967,-1.0019808341828358,0.1479823964988609
112,2,32768,joint,-0.5201351864592269,-0.44661973627017554,0.07351545018905131
112,2,32768,pair_coarse,-0.8089779950799867,-0.5757408775043618,0.23323711757562493
112,2,32768,separate,-2.926565711243737,-2.693328593668112,0.2332371175756247
112,2,32768,exact,-0.4348210823418389,-0.367998348813209,0.06682273352862994
112,2,131072,joint,-0.2080562900369194,-0.17298102591420156,0.03507526412271783
112,2,131072,pair_coarse,-0.3396326799189595,-0.22960821659637862,0.1100244633225809
112,2,131072,separate,-2.2438335615715412,-2.13380909824896,0.11002446332258131
112,2,131072,exact,-0.13576432481799644,-0.10386402787724623,0.03190029694075021
112,2,524288,joint,-0.0647548688949531,-0.04760438004950865,0.017150488845444456
112,2,524288,pair_coarse,-0.12770301310603435,-0.0741799920765806,0.05352302102945375
112,2,524288,separate,-1.9355021258589744,-1.8819791048295207,0.05352302102945372
112,2,524288,exact,0.001667181178132665,0.017269293146494665,0.015602111968362
112,4,128,joint,,,
112,4,128,pair_coarse,,,
112,4,128,separate,,,
112,4,128,exact,,,
112,4,512,joint,-991.4684222360179,-681.4278934093865,310.04052882663143
112,4,512,pair_coarse,,,
112,4,512,separate,,,
112,4,512,exact,-486.08308220255816,-334.9398404802521,151.14324172230607
112,4,2048,joint,-9.122720589063402,-6.029224980554505,3.0934956085088965
112,4,2048,pair_coarse,-17.356695696862154,-9.784819872634454,7.5718758242277
112,4,2048,separate,-24.66923769978214,-17.09736187555444,7.5718758242277
112,4,2048,exact,-8.635976245671488,-5.698755536965479,2.9372207087060085
112,4,8192,joint,-2.8025082897118327,-1.7954882084278412,1.0070200812839916
112,4,8192,pair_coarse,-4.479040918165408,-2.4200327757818894,2.0590081423835187
112,4,8192,separate,-7.701669785589189,-5.64266164320567,2.0590081423835187
112,4,8192,exact,-2.629352622557764,-1.6656135512864705,0.9637390712712934
112,4,32768,joint,-1.1291736539811457,-0.699441280384697,0.42973237359644867
112,4,32768,pair_coarse,-1.7425760024117718,-0.9039481104436448,0.838627891968127
112,4,32768,separate,-4.060733408990851,-3.222105517022724,0.8386278919681267
112,4,32768,exact,-1.023946297051428,-0.6117546777403574,0.4121916193110705
112,4,131072,joint,-0.48299288799722295,-0.28244225782035814,0.2005506301768648
112,4,131072,pair_coarse,-0.7515315648419694,-0.3669323488442318,0.38459921599773755
112,4,131072,separate,-2.7406167415888225,-2.3560175255910845,0.38459921599773805
112,4,131072,exact,-0.4020949196725522,-0.2095625736532412,0.19253234601931096
112,4,524288,joint,-0.19577026265963088,-0.09867236168698416,0.09709790097264671
112,4,524288,pair_coarse,-0.32205223245229647,-0.13724836989322153,0.18480386255907494
112,4,524288,separate,-2.169008942579476,-1.9842050800204014,0.18480386255907466
112,4,524288,exact,-0.12533046937818165,-0.03207898422609525,0.0932514851520864
113,1,128,joint,-394.33733368406035,-394.33733368406035,0.0
113,1,128,pair_coarse,,,
113,1,128,separate,,,
113,1,128,exact,-291.24398078496307,-291.24398078496307,0.0
113,1,512,joint,-4.998596514709896,-4.998596514709896,0.0
113,1,512,pair_coarse,-9.66476068167008,-9.664760681670082,-1.7763568394002505e-15
113,1,512,separate,-17.111426959620427,-17.111426959620427,0.0
113,1,512,exact,-4.826279436394993,-4.826279436394993,0.0
113,1,2048,joint,-1.4454387376220197,-1.4454387376220197,0.0
113,1,2048,pair_coarse,-2.3618679860617164,-2.3618679860617164,0.0
113,1,2048,separate,-5.643605267544868,-5.643605267544867,8.881784197001252e-16
113,1,2048,exact,-1.3775476136951885,-1.3775476136951885,0.0
113,1,8192,joint,-0.5330386043154658,-0.5330386043154657,1.1102230246251565e-16
113,1,8192,pair_coarse,-0.8615246838754662,-0.8615246838754662,0.0
113,1,8192,separate,-3.2222009821668296,-3.2222009821668296,0.0
113,1,8192,exact,-0.4883618688735647,-0.48836186887356464,5.551115123125783e-17
113,1,32768,joint,-0.1882115984375189,-0.18821159843751886,2.7755575615628914e-17
113,1,32768,pair_coarse,-0.33046009962564626,-0.33046009962564626,0.0
113,1,32768,separate,-2.3560284319151648,-2.3560284319151648,0.0
113,1,32768,exact,-0.1519049772319317,-0.15190497723193166,2.7755575615628914e-17
113,1,131072,joint,-0.03685418781227317,-0.03685418781227318,-1.3877787807814457e-17
113,1,131072,pair_coarse,-0.1033733962640462,-0.1033733962640462,0.0
113,1,131072,separate,-1.9842063876706155,-1.9842063876706155,0.0
113,1,131072,exact,-0.004150406599033908,-0.0041504065990338925,1.5612511283791264e-17
113,1,524288,joint,0.03420563818794639,0.03420563818794641,2.0816681711721685e-17
113,1,524288,pair_coarse,0.0020031982288505473,0.002003198228850554,6.5052130349130266e-18
113,1,524288,separate,-1.8114063201400195,-1.8114063201400192,2.220446049250313e-16
113,1,524288,exact,0.06523300146684495,0.06523300146684492,-2.7755575615628914e-17
113,2,128,joint,,,
113,2,128,pair_coarse,,,
113,2,128,separate,,,
113,2,128,exact,,,
113,2,512,joint,-17.115500631605194,-15.2931567049688,1.8223439266363943
113,2,512,pair_coarse,-53.899778974190134,-41.30456463186202,12.595214342328113
113,2,512,separate,-78.11334845926422,-65.5181341169361,12.59521434232812
113,2,512,exact,-16.527458619723298,-14.813744320926038,1.7137142987972602
113,2,2048,joint,-3.402261009334877,-3.0027967681283876,0.3994642412064895
113,2,2048,pair_coarse,-5.831763794811241,-4.341126483042109,1.4906373117691327
113,2,2048,separate,-10.283510174181849,-8.792872862412713,1.4906373117691363
113,2,2048,exact,-3.2922788590433547,-2.9127102092237633,0.3795686498195914
113,2,8192,joint,-1.2071883063333095,-1.051756645967265,0.1554316603660446
113,2,8192,pair_coarse,-1.9301894850483816,-1.3983719043471643,0.5318175807012173
113,2,8192,separate,-4.624750260033359,-4.092932679332141,0.531817580701218
113,2,8192,exact,-1.1499632306816967,-1.0019808341828358,0.1479823964988609
113,2,32768,joint,-0.47616860197042066,-0.40602997437854527,0.07013862759187539
113,2,32768,pair_coarse,-0.7701378876139034,-0.5369007700382785,0.23323711757562493
113,2,32768,separate,-2.926565711243737,-2.693328593668112,0.2332371175756247
113,2,32768,exact,-0.4348210823418389,-0.367998348813209,0.06682273352862994
113,2,131072,joint,-0.1707463367598242,-0.1372726002485914,0.03347373651123281
113,2,131072,pair_coarse,-0.30470644460135843,-0.19468198127877748,0.11002446332258095
113,2,131072,separate,-2.2438335615715412,-2.13380909824896,0.11002446332258131
113,2,131072,exact,-0.13576432481799644,-0.10386402787724623,0.03190029694075021
113,2,524288,joint,-0.030445310098528418,-0.014075768219271806,0.016369541879256613
113,2,524288,pair_coarse,-0.0945449477846049,-0.04102192675515115,0.05352302102945375
113,2,524288,separate,-1.9355021258589744,-1.8819791048295207,0.05352302102945372
113,2,524288,exact,0.001667181178132665,0.017269293146494665,0.015602111968362
113,4,128,joint,,,
113,4,128,pair_coarse,,,
113,4,128,separate,,,
113,4,128,exact,,,
113,4,512,joint,-655.5865990976922,-451.1192476830306,204.4673514146616
113,4,512,pair_coarse,,,
113,4,512,separate,,,
113,4,512,exact,-486.08308220255816,-334.9398404802521,151.14324172230607
113,4,2048,joint,-8.873776547392696,-5.859405781831962,3.0143707655607344
113,4,2048,pair_coarse,-17.222571421831795,-9.650695597604093,7.571875824227702
113,4,2048,separate,-24.66923769978214,-17.09736187555444,7.5718758242277
113,4,2048,exact,-8.635976245671488,-5.698755536965479,2.9372207087060085
113,4,8192,joint,-2.713771021643537,-1.7285927707956215,0.9851782508479157
113,4,8192,pair_coarse,-4.419932504106038,-2.36092436172252,2.059008142383518
113,4,8192,separate,-7.701669785589189,-5.64266164320567,2.0590081423835187
113,4,8192,exact,-2.629352622557764,-1.6656135512864705,0.9637390712712934
113,4,32768,joint,-1.0750855474031324,-0.6541969604274979,0.4208885869756346
113,4,32768,pair_coarse,-1.7000571106994882,-0.8614292187313611,0.838627891968127
113,4,32768,separate,-4.060733408990851,-3.222105517022724,0.8386278919681267
113,4,32768,exact,-1.023946297051428,-0.6117546777403574,0.4121916193110705
113,4,131072,joint,-0.44131054647592616,-0.2448011891127877,0.19650935736313846
113,4,131072,pair_coarse,-0.7150484092993032,-0.3304491933015658,0.38459921599773744
113,4,131072,separate,-2.7406167415888225,-2.3560175255910845,0.38459921599773805
113,4,131072,exact,-0.4020949196725522,-0.2095625736532412,0.19253234601931096
113,4,524288,joint,-0.15941986810761394,-0.06426029072155488,0.09515957738605905
113,4,524288,pair_coarse,-0.2881759511729069,-0.10337208861383197,0.18480386255907494
113,4,524288,separate,-2.169008942579476,-1.9842050800204014,0.18480386255907466
113,4,524288,exact,-0.12533046937818165,-0.03207898422609525,0.0932514851520864
114,1,128,joint,-336.5152645415732,-336.5152645415732,0.0
114,1,128,pair_coarse,,,
114,1,128,separate,,,
114,1,128,exact,-291.24398078496307,-291.24398078496307,0.0
114,1,512,joint,-4.913637019185127,-4.913637019185126,8.881784197001252e-16
114,1,512,pair_coarse,-9.603207794619268,-9.603207794619268,0.0
114,1,512,separate,-17.111426959620427,-17.111426959620427,0.0
114,1,512,exact,-4.826279436394993,-4.826279436394993,0.0
114,1,2048,joint,-1.4120335227484628,-1.412033522748463,-2.220446049250313e-16
114,1,2048,pair_coarse,-2.334741699388215,-2.3347416993882155,-4.440892098500626e-16
114,1,2048,separate,-5.643605267544868,-5.643605267544867,8.881784197001252e-16
114,1,2048,exact,-1.3775476136951885,-1.3775476136951885,0.0
114,1,8192,joint,-0.5110727876595504,-0.5110727876595504,0.0
114,1,8192,pair_coarse,-0.8420117318874721,-0.842011731887472,1.1102230246251565e-16
114,1,8192,separate,-3.2222009821668296,-3.2222009821668296,0.0
114,1,8192,exact,-0.4883618688735647,-0.48836186887356464,5.551115123125783e-17
114,1,32768,joint,-0.1703678072838241,-0.17036780728382417,-5.551115123125783e-17
114,1,32768,pair_coarse,-0.31371709354515376,-0.31371709354515376,0.0
114,1,32768,separate,-2.3560284319151648,-2.3560284319151648,0.0
114,1,32768,exact,-0.1519049772319317,-0.15190497723193166,2.7755575615628914e-17
114,1,131072,joint,-0.02078421708645592,-0.020784217086455923,-3.469446951953614e-18
114,1,131072,pair_coarse,-0.08782674809152237,-0.08782674809152237,0.0
114,1,131072,separate,-1.9842063876706155,-1.9842063876706155,0.0
114,1,131072,exact,-0.004150406599033908,-0.0041504065990338925,1.5612511283791264e-17
114,1,524288,joint,0.04945034404972677,0.04945034404972678,6.938893903907228e-18
114,1,524288,pair_coarse,0.01699253534894392,0.016992535348943925,6.938893903907228e-18
114,1,524288,separate,-1.8114063201400195,-1.8114063201400192,2.220446049250313e-16
114,1,524288,exact,0.06523300146684495,0.06523300146684492,-2.7755575615628914e-17
114,2,128,joint,,,
114,2,128,pair_coarse,,,
114,2,128,separate,,,
114,2,128,exact,,,
114,2,512,joint,-16.824554062009785,-15.056015113169787,1.768538948839998
114,2,512,pair_coarse,-53.69963369414382,-41.104419351815714,12.595214342328106
114,2,512,separate,-78.11334845926422,-65.5181341169361,12.59521434232812
114,2,512,exact,-16.527458619723298,-14.813744320926038,1.7137142987972602
114,2,2048,joint,-3.348107134371184,-2.958450420125185,0.38965671424599924
114,2,2048,pair_coarse,-5.794966410338724,-4.304329098569592,1.4906373117691327
114,2,2048,separate,-10.283510174181849,-8.792872862412713,1.4906373117691363
114,2,2048,exact,-3.2922788590433547,-2.9127102092237633,0.3795686498195914
114,2,8192,joint,-1.1790436484408098,-1.0272807733283649,0.1517628751124449
114,2,8192,pair_coarse,-1.9079167003090804,-1.3760991196078631,0.5318175807012173
114,2,8192,separate,-4.624750260033359,-4.092932679332141,0.531817580701218
114,2,8192,exact,-1.1499632306816967,-1.0019808341828358,0.1479823964988609
114,2,32768,joint,-0.45584369598387864,-0.3873376454891063,0.06850605049477232
114,2,32768,pair_coarse,-0.7523132190566262,-0.5190761014810013,0.23323711757562493
114,2,32768,separate,-2.926565711243737,-2.693328593668112,0.2332371175756247
114,2,32768,exact,-0.4348210823418389,-0.367998348813209,0.06682273352862994
114,2,131072,joint,-0.15355523456864867,-0.12085607864758025,0.032699155921068424
114,2,131072,pair_coarse,-0.28867794702231986,-0.17865348369973896,0.1100244633225809
114,2,131072,separate,-2.2438335615715412,-2.13380909824896,0.11002446332258131
114,2,131072,exact,-0.13576432481799644,-0.10386402787724623,0.03190029694075021
114,2,524288,joint,-0.014666652264640666,0.0013251178028552228,0.01599177006749589
114,2,524288,pair_coarse,-0.07932790635723144,-0.025804885327777666,0.05352302102945378
114,2,524288,separate,-1.9355021258589744,-1.8819791048295207,0.05352302102945372
114,2,524288,exact,0.001667181178132665,0.017269293146494665,0.015602111968362
114,4,128,joint,,,
114,4,128,pair_coarse,,,
114,4,128,separate,,,
114,4,128,exact,,,
114,4,512,joint,-560.519542773171,-385.9608497335114,174.5586930396596
114,4,512,pair_coarse,,,
114,4,512,separate,,,
114,4,512,exact,-486.08308220255816,-334.9398404802521,151.14324172230607
114,4,2048,joint,-8.756540678412613,-5.780222135980564,2.9763185424320486
114,4,2048,pair_coarse,-17.16101853478098,-9.58914271055328,7.5718758242277
114,4,2048,separate,-24.66923769978214,-17.09736187555444,7.5718758242277
114,4,2048,exact,-8.635976245671488,-5.698755536965479,2.9372207087060085
114,4,8192,joint,-2.672233167673845,-1.6976114876811925,0.9746216799926524
114,4,8192,pair_coarse,-4.392806217432536,-2.333798075049019,2.0590081423835174
114,4,8192,separate,-7.701669785589189,-5.64266164320567,2.0590081423835187
114,4,8192,exact,-2.629352622557764,-1.6656135512864705,0.9637390712712934
114,4,32768,joint,-1.0499411595827504,-0.633332908245682,0.41660825133706836
114,4,32768,pair_coarse,-1.680544158711494,-0.8419162667433671,0.8386278919681269
114,4,32768,separate,-4.060733408990851,-3.222105517022724,0.8386278919681267
114,4,32768,exact,-1.023946297051428,-0.6117546777403574,0.4121916193110705
114,4,131072,joint,-0.4220362162505654,-0.22748384902978813,0.1945523672207773
114,4,131072,pair_coarse,-0.6983054032188107,-0.3137061872210733,0.38459921599773744
114,4,131072,separate,-2.7406167415888225,-2.3560175255910845,0.38459921599773805
114,4,131072,exact,-0.4020949196725522,-0.2095625736532412,0.19253234601931096
114,4,524288,joint,-0.1426685538462255,-0.048447828508616335,0.09422072533760917
114,4,524288,pair_coarse,-0.27262930300038307,-0.08782544044130815,0.18480386255907494
114,4,524288,separate,-2.169008942579476,-1.9842050800204014,0.18480386255907466
114,4,524288,exact,-0.12533046937818165,-0.03207898422609525,0.0932514851520864
115,1,128,joint,,,
115,1,128,pair_coarse,,,
115,1,128,separate,,,
115,1,128,exact,-291.24398078496307,-291.24398078496307,0.0
115,1,512,joint,-17.111426959620427,-17.111426959620427,0.0
115,1,512,pair_coarse,-17.111426959620427,-17.111426959620427,0.0
115,1,512,separate,-17.111426959620427,-17.111426959620427,0.0
115,1,512,exact,-4.826279436394993,-4.826279436394993,0.0
115,1,2048,joint,-5.643605267544868,-5.643605267544867,8.881784197001252e-16
115,1,2048,pair_coarse,-5.643605267544868,-5.643605267544867,8.881784197001252e-16
115,1,2048,separate,-5.643605267544868,-5.643605267544867,8.881784197001252e-16
115,1,2048,exact,-1.3775476136951885,-1.3775476136951885,0.0
115,1,8192,joint,-3.2222009821668296,-3.2222009821668296,0.0
115,1,8192,pair_coarse,-3.2222009821668296,-3.2222009821668296,0.0
115,1,8192,separate,-3.2222009821668296,-3.2222009821668296,0.0
115,1,8192,exact,-0.4883618688735647,-0.48836186887356464,5.551115123125783e-17
115,1,32768,joint,-2.3560284319151648,-2.3560284319151648,0.0
115,1,32768,pair_coarse,-2.3560284319151648,-2.3560284319151648,0.0
115,1,32768,separate,-2.3560284319151648,-2.3560284319151648,0.0
115,1,32768,exact,-0.1519049772319317,-0.15190497723193166,2.7755575615628914e-17
115,1,131072,joint,-1.9842063876706155,-1.9842063876706155,0.0
115,1,131072,pair_coarse,-1.9842063876706155,-1.9842063876706155,0.0
115,1,131072,separate,-1.9842063876706155,-1.9842063876706155,0.0
115,1,131072,exact,-0.004150406599033908,-0.0041504065990338925,1.5612511283791264e-17
115,1,524288,joint,-1.8114063201400195,-1.8114063201400192,2.220446049250313e-16
115,1,524288,pair_coarse,-1.8114063201400195,-1.8114063201400192,2.220446049250313e-16
115,1,524288,separate,-1.8114063201400195,-1.8114063201400192,2.220446049250313e-16
115,1,524288,exact,0.06523300146684495,0.06523300146684492,-2.7755575615628914e-17
115,2,128,joint,,,
115,2,128,pair_coarse,,,
115,2,128,separate,,,
115,2,128,exact,,,
115,2,512,joint,-78.11334845926422,-65.5181341169361,12.59521434232812
115,2,512,pair_coarse,-78.11334845926422,-65.5181341169361,12.59521434232812
115,2,512,separate,-78.11334845926422,-65.5181341169361,12.59521434232812
115,2,512,exact,-16.527458619723298,-14.813744320926038,1.7137142987972602
115,2,2048,joint,-10.283510174181849,-8.792872862412713,1.4906373117691363
115,2,2048,pair_coarse,-10.283510174181849,-8.792872862412713,1.4906373117691363
115,2,2048,separate,-10.283510174181849,-8.792872862412713,1.4906373117691363
115,2,2048,exact,-3.2922788590433547,-2.9127102092237633,0.3795686498195914
115,2,8192,joint,-4.624750260033359,-4.092932679332141,0.531817580701218
115,2,8192,pair_coarse,-4.624750260033359,-4.092932679332141,0.531817580701218
115,2,8192,separate,-4.624750260033359,-4.092932679332141,0.531817580701218
115,2,8192,exact,-1.1499632306816967,-1.0019808341828358,0.1479823964988609
115,2,32768,joint,-2.926565711243737,-2.693328593668112,0.2332371175756247
115,2,32768,pair_coarse,-2.926565711243737,-2.693328593668112,0.2332371175756247
115,2,32768,separate,-2.926565711243737,-2.693328593668112,0.2332371175756247
115,2,32768,exact,-0.4348210823418389,-0.367998348813209,0.06682273352862994
115,2,131072,joint,-2.2438335615715412,-2.13380909824896,0.11002446332258131
115,2,131072,pair_coarse,-2.2438335615715412,-2.13380909824896,0.11002446332258131
115,2,131072,separate,-2.2438335615715412,-2.13380909824896,0.11002446332258131
115,2,131072,exact,-0.13576432481799644,-0.10386402787724623,0.03190029694075021
115,2,524288,joint,-1.9355021258589744,-1.8819791048295207,0.05352302102945372
115,2,524288,pair_coarse,-1.9355021258589744,-1.8819791048295207,0.05352302102945372
115,2,524288,separate,-1.9355021258589744,-1.8819791048295207,0.05352302102945372
115,2,524288,exact,0.001667181178132665,0.017269293146494665,0.015602111968362
115,4,128,joint,,,
115,4,128,pair_coarse,,,
115,4,128,separate,,,
115,4,128,exact,,,
115,4,512,joint,,,
115,4,512,pair_coarse,,,
115,4,512,separate,,,
115,4,512,exact,-486.08308220255816,-334.9398404802521,151.14324172230607
115,4,2048,joint,-24.66923769978214,-17.09736187555444,7.5718758242277
115,4,2048,pair_coarse,-24.66923769978214,-17.09736187555444,7.5718758242277
115,4,2048,separate,-24.66923769978214,-17.09736187555444,7.5718758242277
115,4,2048,exact,-8.635976245671488,-5.698755536965479,2.9372207087060085
115,4,8192,joint,-7.701669785589189,-5.64266164320567,2.0590081423835187
115,4,8192,pair_coarse,-7.701669785589189,-5.64266164320567,2.0590081423835187
115,4,8192,separate,-7.701669785589189,-5.64266164320567,2.0590081423835187
115,4,8192,exact,-2.629352622557764,-1.6656135512864705,0.9637390712712934
115,4,32768,joint,-4.060733408990851,-3.222105517022724,0.8386278919681267
115,4,32768,pair_coarse,-4.060733408990851,-3.222105517022724,0.8386278919681267
115,4,32768,separate,-4.060733408990851,-3.222105517022724,0.8386278919681267
115,4,32768,exact,-1.023946297051428,-0.6117546777403574,0.4121916193110705
115,4,131072,joint,-2.7406167415888225,-2.3560175255910845,0.38459921599773805
115,4,131072,pair_coarse,-2.7406167415888225,-2.3560175255910845,0.38459921599773805
115,4,131072,separate,-2.7406167415888225,-2.3560175255910845,0.38459921599773805
115,4,131072,exact,-0.4020949196725522,-0.2095625736532412,0.19253234601931096
115,4,524288,joint,-2.169008942579476,-1.9842050800204014,0.18480386255907466
115,4,524288,pair_coarse,-2.169008942579476,-1.9842050800204014,0.18480386255907466
115,4,524288,separate,-2.169008942579476,-1.9842050800204014,0.18480386255907466
115,4,524288,exact,-0.12533046937818165,-0.03207898422609525,0.0932514851520864
116,1,128,joint,,,
116,1,128,pair_coarse,,,
116,1,128,separate,,,
116,1,128,exact,-291.24398078496307,-291.24398078496307,0.0
116,1,512,joint,-12.396760674306874,-12.396760674306876,-1.7763568394002505e-15
116,1,512,pair_coarse,-16.056200850124124,-16.056200850124124,0.0
116,1,512,separate,-17.111426959620427,-17.111426959620427,0.0
116,1,512,exact,-4.826279436394993,-4.826279436394993,0.0
116,1,2048,joint,-4.524558638414075,-4.524558638414075,0.0
116,1,2048,pair_coarse,-5.178568332267891,-5.17856833226789,8.881784197001252e-16
116,1,2048,separate,-5.643605267544868,-5.643605267544867,8.881784197001252e-16
116,1,2048,exact,-1.3775476136951885,-1.3775476136951885,0.0
116,1,8192,joint,-2.661028889028342,-2.6610288890283424,-4.440892098500626e-16
116,1,8192,pair_coarse,-2.887682531487477,-2.887682531487477,0.0
116,1,8192,separate,-3.2222009821668296,-3.2222009821668296,0.0
116,1,8192,exact,-0.4883618688735647,-0.48836186887356464,5.551115123125783e-17
116,1,32768,joint,-1.9723858750021996,-1.9723858750021996,0.0
116,1,32768,pair_coarse,-2.0689962874601697,-2.06899628746017,-4.440892098500626e-16
116,1,32768,separate,-2.3560284319151648,-2.3560284319151648,0.0
116,1,32768,exact,-0.1519049772319317,-0.15190497723193166,2.7755575615628914e-17
116,1,131072,joint,-1.6728567180932474,-1.6728567180932477,-2.220446049250313e-16
116,1,131072,pair_coarse,-1.7176838920928323,-1.7176838920928323,0.0
116,1,131072,separate,-1.9842063876706155,-1.9842063876706155,0.0
116,1,131072,exact,-0.004150406599033908,-0.0041504065990338925,1.5612511283791264e-17
116,1,524288,joint,-1.5328207983358249,-1.5328207983358246,2.220446049250313e-16
116,1,524288,pair_coarse,-1.5544380339878643,-1.5544380339878643,0.0
116,1,524288,separate,-1.8114063201400195,-1.8114063201400192,2.220446049250313e-16
116,1,524288,exact,0.06523300146684495,0.06523300146684492,-2.7755575615628914e-17
116,2,128,joint,,,
116,2,128,pair_coarse,,,
116,2,128,separate,,,
116,2,128,exact,,,
116,2,512,joint,-42.10232366074781,-36.93600742488531,5.166316235862496
116,2,512,pair_coarse,-74.68217674147027,-62.08696239914215,12.59521434232812
116,2,512,separate,-78.11334845926422,-65.5181341169361,12.59521434232812
116,2,512,exact,-16.527458619723298,-14.813744320926038,1.7137142987972602
116,2,2048,joint,-7.982618261683427,-7.103558478778099,0.8790597829053279
116,2,2048,pair_coarse,-9.652677686592451,-8.162040374823315,1.4906373117691363
116,2,2048,separate,-10.283510174181849,-8.792872862412713,1.4906373117691363
116,2,2048,exact,-3.2922788590433547,-2.9127102092237633,0.3795686498195914
116,2,8192,joint,-3.771096961176209,-3.443225059792814,0.32787190138339506
116,2,8192,pair_coarse,-4.242918877068341,-3.711101296367124,0.5318175807012171
116,2,8192,separate,-4.624750260033359,-4.092932679332141,0.531817580701218
116,2,8192,exact,-1.1499632306816967,-1.0019808341828358,0.1479823964988609
116,2,32768,joint,-2.4333112336518057,-2.28745256885812,0.14585866479368548
116,2,32768,pair_coarse,-2.620990188210521,-2.387753070634896,0.2332371175756247
116,2,32768,separate,-2.926565711243737,-2.693328593668112,0.2332371175756247
116,2,32768,exact,-0.4348210823418389,-0.367998348813209,0.06682273352862994
116,2,131072,joint,-1.8844133406548043,-1.8152100636056283,0.06920327704917595
116,2,131072,pair_coarse,-1.9690505261724527,-1.8590260628498714,0.11002446332258131
116,2,131072,separate,-2.2438335615715412,-2.13380909824896,0.11002446332258131
116,2,131072,exact,-0.13576432481799644,-0.10386402787724623,0.03190029694075021
116,2,524288,joint,-1.6343379687782176,-1.600585810239007,0.03375215853921065
116,2,524288,pair_coarse,-1.674630212406797,-1.6211071913773434,0.05352302102945372
116,2,524288,separate,-1.9355021258589744,-1.8819791048295207,0.05352302102945372
116,2,524288,exact,0.001667181178132665,0.017269293146494665,0.015602111968362
116,4,128,joint,,,
116,4,128,pair_coarse,,,
116,4,128,separate,,,
116,4,128,exact,,,
116,4,512,joint,,,
116,4,512,pair_coarse,,,
116,4,512,separate,,,
116,4,512,exact,-486.08308220255816,-334.9398404802521,151.14324172230607
116,4,2048,joint,-17.857117208094337,-12.92450186160413,4.932615346490207
116,4,2048,pair_coarse,-23.614011590285838,-16.042135766058138,7.5718758242277
116,4,2048,separate,-24.66923769978214,-17.09736187555444,7.5718758242277
116,4,2048,exact,-8.635976245671488,-5.698755536965479,2.9372207087060085
116,4,8192,joint,-6.163207446915576,-4.685029822105448,1.4781776248101286
116,4,8192,pair_coarse,-7.236632850312212,-5.177624707928693,2.0590081423835187
116,4,8192,separate,-7.701669785589189,-5.64266164320567,2.0590081423835187
116,4,8192,exact,-2.629352622557764,-1.6656135512864705,0.9637390712712934
116,4,32768,joint,-3.344962903722121,-2.7282196895429696,0.6167432141791513
116,4,32768,pair_coarse,-3.726214958311499,-2.8875870663433716,0.8386278919681276
116,4,32768,separate,-4.060733408990851,-3.222105517022724,0.8386278919681267
116,4,32768,exact,-1.023946297051428,-0.6117546777403574,0.4121916193110705
116,4,131072,joint,-2.288873644973977,-2.0035026227567703,0.2853710222172068
116,4,131072,pair_coarse,-2.453584597133827,-2.0689853811360894,0.3845992159977376
116,4,131072,separate,-2.7406167415888225,-2.3560175255910845,0.38459921599773805
116,4,131072,exact,-0.4020949196725522,-0.2095625736532412,0.19253234601931096
116,4,524288,joint,-1.8255186170645807,-1.6878692107908713,0.13764940627370947
116,4,524288,pair_coarse,-1.9024864470016931,-1.717682584442618,0.1848038625590751
116,4,524288,separate,-2.169008942579476,-1.9842050800204014,0.18480386255907466
116,4,524288,exact,-0.12533046937818165,-0.03207898422609525,0.0932514851520864
117,1,128,joint,,,
117,1,128,pair_coarse,,,
117,1,128,separate,,,
117,1,128,exact,-291.24398078496307,-291.24398078496307,0.0
117,1,512,joint,-8.073556928997464,-8.073556928997462,1.7763568394002505e-15
117,1,512,pair_coarse,-12.596320742089503,-12.596320742089505,-1.7763568394002505e-15
117,1,512,separate,-17.111426959620427,-17.111426959620427,0.0
117,1,512,exact,-4.826279436394993,-4.826279436394993,0.0
117,1,2048,joint,-2.802210689195852,-2.802210689195852,0.0
117,1,2048,pair_coarse,-3.653803139873045,-3.6538031398730455,-4.440892098500626e-16
117,1,2048,separate,-5.643605267544868,-5.643605267544867,8.881784197001252e-16
117,1,2048,exact,-1.3775476136951885,-1.3775476136951885,0.0
117,1,8192,joint,-1.4904444905644643,-1.490444490564464,2.220446049250313e-16
117,1,8192,pair_coarse,-1.790861932697975,-1.7908619326979747,2.220446049250313e-16
117,1,8192,separate,-3.2222009821668296,-3.2222009821668296,0.0
117,1,8192,exact,-0.4883618688735647,-0.48836186887356464,5.551115123125783e-17
117,1,32768,joint,-0.9987705211797318,-0.9987705211797318,0.0
117,1,32768,pair_coarse,-1.1278740028339893,-1.1278740028339893,0.0
117,1,32768,separate,-2.3560284319151648,-2.3560284319151648,0.0
117,1,32768,exact,-0.1519049772319317,-0.15190497723193166,2.7755575615628914e-17
117,1,131072,joint,-0.7836650686584797,-0.7836650686584796,1.1102230246251565e-16
117,1,131072,pair_coarse,-0.8438087363373659,-0.8438087363373658,1.1102230246251565e-16
117,1,131072,separate,-1.9842063876706155,-1.9842063876706155,0.0
117,1,131072,exact,-0.004150406599033908,-0.0041504065990338925,1.5612511283791264e-17
117,1,524288,joint,-0.6828283844220556,-0.6828283844220557,-1.1102230246251565e-16
117,1,524288,pair_coarse,-0.7118892630159458,-0.7118892630159458,0.0
117,1,524288,separate,-1.8114063201400195,-1.8114063201400192,2.220446049250313e-16
117,1,524288,exact,0.06523300146684495,0.06523300146684492,-2.7755575615628914e-17
117,2,128,joint,,,
117,2,128,pair_coarse,,,
117,2,128,separate,,,
117,2,128,exact,,,
117,2,512,joint,-26.338554681328997,-23.32578650703537,3.012768174293626
117,2,512,pair_coarse,-63.43203549988091,-50.8368211575528,12.595214342328113
117,2,512,separate,-78.11334845926422,-65.5181341169361,12.59521434232812
117,2,512,exact,-16.527458619723298,-14.813744320926038,1.7137142987972602
117,2,2048,joint,-5.3770117927690055,-4.7809517507572945,0.596060042011711
117,2,2048,pair_coarse,-7.584301292499634,-6.0936639807305015,1.4906373117691327
117,2,2048,separate,-10.283510174181849,-8.792872862412713,1.4906373117691363
117,2,2048,exact,-3.2922788590433547,-2.9127102092237633,0.3795686498195914
117,2,8192,joint,-2.3495536393376564,-2.1218659963405337,0.22768764299712263
117,2,8192,pair_coarse,-2.990968423364521,-2.4591508426633037,0.5318175807012171
117,2,8192,separate,-4.624750260033359,-4.092932679332141,0.531817580701218
117,2,8192,exact,-1.1499632306816967,-1.0019808341828358,0.1479823964988609
117,2,32768,joint,-1.360951548615075,-1.258852439191982,0.10209910942309297
117,2,32768,pair_coarse,-1.619067790602709,-1.385830673027084,0.23323711757562493
117,2,32768,separate,-2.926565711243737,-2.693328593668112,0.2332371175756247
117,2,32768,exact,-0.4348210823418389,-0.367998348813209,0.06682273352862994
117,2,131072,joint,-0.9510509267273594,-0.902451130682061,0.048599796045298405
117,2,131072,pair_coarse,-1.0680906753434296,-0.9580662120208486,0.11002446332258098
117,2,131072,separate,-2.2438335615715412,-2.13380909824896,0.11002446332258131
117,2,131072,exact,-0.13576432481799644,-0.10386402787724623,0.03190029694075021
117,2,524288,joint,-0.7634156576047749,-0.739677287746187,0.023738369858587904
117,2,524288,pair_coarse,-0.8192822107079448,-0.765759189678491,0.05352302102945383
117,2,524288,separate,-1.9355021258589744,-1.8819791048295207,0.05352302102945372
117,2,524288,exact,0.001667181178132665,0.017269293146494665,0.015602111968362
117,4,128,joint,,,
117,4,128,pair_coarse,,,
117,4,128,separate,,,
117,4,128,exact,,,
117,4,512,joint,,,
117,4,512,pair_coarse,,,
117,4,512,separate,,,
117,4,512,exact,-486.08308220255816,-334.9398404802521,151.14324172230607
117,4,2048,joint,-12.595609900502165,-8.809168177011175,3.7864417234909897
117,4,2048,pair_coarse,-20.154131482251216,-12.582255658023517,7.5718758242277
117,4,2048,separate,-24.66923769978214,-17.09736187555444,7.5718758242277
117,4,2048,exact,-8.635976245671488,-5.698755536965479,2.9372207087060085
117,4,8192,joint,-4.228240625984251,-3.0358882475350772,1.1923523784491734
117,4,8192,pair_coarse,-5.711867657917367,-3.652859515533849,2.059008142383518
117,4,8192,separate,-7.701669785589189,-5.64266164320567,2.0590081423835187
117,4,8192,exact,-2.629352622557764,-1.6656135512864705,0.9637390712712934
117,4,32768,joint,-2.09357952442245,-1.589453120923684,0.504126403498766
117,4,32768,pair_coarse,-2.6293943595219966,-1.79076646755387,0.8386278919681267
117,4,32768,separate,-4.060733408990851,-3.222105517022724,0.8386278919681267
117,4,32768,exact,-1.023946297051428,-0.6117546777403574,0.4121916193110705
117,4,131072,joint,-1.2792712514185614,-1.0448367199919861,0.23443453142657522
117,4,131072,pair_coarse,-1.5124623125076462,-1.1278630965099088,0.3845992159977374
117,4,131072,separate,-2.7406167415888225,-2.3560175255910845,0.38459921599773805
117,4,131072,exact,-0.4020949196725522,-0.2095625736532412,0.19253234601931096
117,4,524288,joint,-0.9192631620100313,-0.8059365502202152,0.11332661178981618
117,4,524288,pair_coarse,-1.0286112912462264,-0.8438074286871515,0.18480386255907488
117,4,524288,separate,-2.169008942579476,-1.9842050800204014,0.18480386255907466
117,4,524288,exact,-0.12533046937818165,-0.03207898422609525,0.0932514851520864
118,1,128,joint,,,
118,1,128,pair_coarse,,,
118,1,128,separate,,,
118,1,128,exact,-291.24398078496307,-291.24398078496307,0.0
118,1,512,joint,-5.793224857483141,-5.793224857483141,0.0
118,1,512,pair_coarse,-10.279447007365993,-10.279447007365995,-1.7763568394002505e-15
118,1,512,separate,-17.111426959620427,-17.111426959620427,0.0
118,1,512,exact,-4.826279436394993,-4.826279436394993,0.0
118,1,2048,joint,-1.7651555265749677,-1.7651555265749677,0.0
118,1,2048,pair_coarse,-2.6327595442650478,-2.6327595442650478,0.0
118,1,2048,separate,-5.643605267544868,-5.643605267544867,8.881784197001252e-16
118,1,2048,exact,-1.3775476136951885,-1.3775476136951885,0.0
118,1,8192,joint,-0.7470354304769484,-0.7470354304769483,1.1102230246251565e-16
118,1,8192,pair_coarse,-1.0563871076490137,-1.0563871076490137,0.0
118,1,8192,separate,-3.2222009821668296,-3.2222009821668296,0.0
118,1,8192,exact,-0.4883618688735647,-0.48836186887356464,5.551115123125783e-17
118,1,32768,joint,-0.36401420350180985,-0.36401420350180985,0.0
118,1,32768,pair_coarse,-0.4976609797440106,-0.4976609797440106,0.0
118,1,32768,separate,-2.3560284319151648,-2.3560284319151648,0.0
118,1,32768,exact,-0.1519049772319317,-0.15190497723193166,2.7755575615628914e-17
118,1,131072,joint,-0.1962009017055768,-0.19620090170557683,-2.7755575615628914e-17
118,1,131072,pair_coarse,-0.25862707322263984,-0.2586270732226399,-5.551115123125783e-17
118,1,131072,separate,-1.9842063876706155,-1.9842063876706155,0.0
118,1,131072,exact,-0.004150406599033908,-0.0041504065990338925,1.5612511283791264e-17
118,1,524288,joint,-0.11748079231883735,-0.11748079231883736,-1.3877787807814457e-17
118,1,524288,pair_coarse,-0.1476849967596543,-0.1476849967596543,0.0
118,1,524288,separate,-1.8114063201400195,-1.8114063201400192,2.220446049250313e-16
118,1,524288,exact,0.06523300146684495,0.06523300146684492,-2.7755575615628914e-17
118,2,128,joint,,,
118,2,128,pair_coarse,,,
118,2,128,separate,,,
118,2,128,exact,,,
118,2,512,joint,-19.795334478367348,-17.505838308820497,2.289496169546851
118,2,512,pair_coarse,-55.898492157139366,-43.30327781481125,12.595214342328113
118,2,512,separate,-78.11334845926422,-65.5181341169361,12.59521434232812
118,2,512,exact,-16.527458619723298,-14.813744320926038,1.7137142987972602
118,2,2048,joint,-3.9071766280114932,-3.426175298295083,0.4810013297164102
118,2,2048,pair_coarse,-6.199233951620603,-4.7085966398514705,1.4906373117691327
118,2,2048,separate,-10.283510174181849,-8.792872862412713,1.4906373117691363
118,2,2048,exact,-3.2922788590433547,-2.9127102092237633,0.3795686498195914
118,2,8192,joint,-1.476124947110974,-1.2904353690479267,0.18568957806304742
118,2,8192,pair_coarse,-2.1526124593455105,-1.6207948786442932,0.5318175807012173
118,2,8192,separate,-4.624750260033359,-4.092932679332141,0.531817580701218
118,2,8192,exact,-1.1499632306816967,-1.0019808341828358,0.1479823964988609
118,2,32768,joint,-0.6739894917542181,-0.5904233057846127,0.08356618596960541
118,2,32768,pair_coarse,-0.948140586547835,-0.71490346897221,0.23323711757562493
118,2,32768,separate,-2.926565711243737,-2.693328593668112,0.2332371175756247
118,2,32768,exact,-0.4348210823418389,-0.367998348813209,0.06682273352862994
118,2,131072,joint,-0.34003164419747356,-0.3001944238304571,0.03983722036701648
118,2,131072,pair_coarse,-0.46477202000079587,-0.35474755667821495,0.11002446332258092
118,2,131072,separate,-2.2438335615715412,-2.13380909824896,0.11002446332258131
118,2,131072,exact,-0.13576432481799644,-0.10386402787724623,0.03190029694075021
118,2,524288,joint,-0.18686239183963999,-0.1673909132954316,0.019471478544208387
118,2,524288,pair_coarse,-0.2465070689964501,-0.1929840479669963,0.053523021029453804
118,2,524288,separate,-1.9355021258589744,-1.8819791048295207,0.05352302102945372
118,2,524288,exact,0.001667181178132665,0.017269293146494665,0.015602111968362
118,4,128,joint,,,
118,4,128,pair_coarse,,,
118,4,128,separate,,,
118,4,128,exact,,,
118,4,512,joint,,,
118,4,512,pair_coarse,,,
118,4,512,separate,,,
118,4,512,exact,-486.08308220255816,-334.9398404802521,151.14324172230607
118,4,2048,joint,-9.936597888383835,-6.604222665959492,3.332375222424343
118,4,2048,pair_coarse,-17.837257747527705,-10.265381923300005,7.5718758242277
118,4,2048,separate,-24.66923769978214,-17.09736187555444,7.5718758242277
118,4,2048,exact,-8.635976245671488,-5.698755536965479,2.9372207087060085
118,4,8192,joint,-3.100067398450104,-2.027978263747839,1.072089134702265
118,4,8192,pair_coarse,-4.690824062309369,-2.6318159199258515,2.059008142383518
118,4,8192,separate,-7.701669785589189,-5.64266164320567,2.0590081423835187
118,4,8192,exact,-2.629352622557764,-1.6656135512864705,0.9637390712712934
118,4,32768,joint,-1.314999101982957,-0.8590172870408933,0.4559818149420637
118,4,32768,pair_coarse,-1.8949195344730356,-1.0562916425049087,0.8386278919681269
118,4,32768,separate,-4.060733408990851,-3.222105517022724,0.8386278919681267
118,4,32768,exact,-1.023946297051428,-0.6117546777403574,0.4121916193110705
118,4,131072,joint,-0.6287594372403593,-0.4162306406779649,0.21252879656239443
118,4,131072,pair_coarse,-0.8822492894176674,-0.49765007341993006,0.3845992159977374
118,4,131072,separate,-2.7406167415888225,-2.3560175255910845,0.38459921599773805
118,4,131072,exact,-0.4020949196725522,-0.2095625736532412,0.19253234601931096
118,4,524288,joint,-0.3243099009802488,-0.2214703898232958,0.102839511156953
118,4,524288,pair_coarse,-0.4434296281315006,-0.2586257655724256,0.184803862559075
118,4,524288,separate,-2.169008942579476,-1.9842050800204014,0.18480386255907466
118,4,524288,exact,-0.12533046937818165,-0.03207898422609525,0.0932514851520864
119,1,128,joint,-769.3156170167076,-769.3156170167077,-1.1368683772161603e-13
119,1,128,pair_coarse,,,
119,1,128,separate,,,
119,1,128,exact,-291.24398078496307,-291.24398078496307,0.0
119,1,512,joint,-5.264538280589212,-5.264538280589212,0.0
119,1,512,pair_coarse,-9.86191940661081,-9.861919406610811,-1.7763568394002505e-15
119,1,512,separate,-17.111426959620427,-17.111426959620427,0.0
119,1,512,exact,-4.826279436394993,-4.826279436394993,0.0
119,1,2048,joint,-1.5507896433134538,-1.5507896433134538,0.0
119,1,2048,pair_coarse,-2.44875560984627,-2.4487556098462706,-4.440892098500626e-16
119,1,2048,separate,-5.643605267544868,-5.643605267544867,8.881784197001252e-16
119,1,2048,exact,-1.3775476136951885,-1.3775476136951885,0.0
119,1,8192,joint,-0.6027544107047988,-0.6027544107047988,0.0
119,1,8192,pair_coarse,-0.924026199533159,-0.9240261995331589,1.1102230246251565e-16
119,1,8192,separate,-3.2222009821668296,-3.2222009821668296,0.0
119,1,8192,exact,-0.4883618688735647,-0.48836186887356464,5.551115123125783e-17
119,1,32768,joint,-0.24507910559029017,-0.24507910559029022,-5.551115123125783e-17
119,1,32768,pair_coarse,-0.38408926128917154,-0.38408926128917154,0.0
119,1,32768,separate,-2.3560284319151648,-2.3560284319151648,0.0
119,1,32768,exact,-0.1519049772319317,-0.15190497723193166,2.7755575615628914e-17
119,1,131072,joint,-0.08819108699831002,-0.08819108699831003,-1.3877787807814457e-17
119,1,131072,pair_coarse,-0.1531705297155863,-0.15317052971558634,-2.7755575615628914e-17
119,1,131072,separate,-1.9842063876706155,-1.9842063876706155,0.0
119,1,131072,exact,-0.004150406599033908,-0.0041504065990338925,1.5612511283791264e-17
119,1,524288,joint,-0.014557814687848846,-0.014557814687848846,0.0
119,1,524288,pair_coarse,-0.046008824210725816,-0.04600882421072581,6.938893903907228e-18
119,1,524288,separate,-1.8114063201400195,-1.8114063201400192,2.220446049250313e-16
119,1,524288,exact,0.06523300146684495,0.06523300146684492,-2.7755575615628914e-17
119,2,128,joint,,,
119,2,128,pair_coarse,,,
119,2,128,separate,,,
119,2,128,exact,,,
119,2,512,joint,-18.02308899382944,-16.03615958701071,1.986929406818728
119,2,512,pair_coarse,-54.540860003976114,-41.945645661648,12.595214342328113
119,2,512,separate,-78.11334845926422,-65.5181341169361,12.59521434232812
119,2,512,exact,-16.527458619723298,-14.813744320926038,1.7137142987972602
119,2,2048,joint,-3.5714538617895673,-3.1425418786379096,0.4289119831516577
119,2,2048,pair_coarse,-5.949628703369733,-4.458991391600599,1.4906373117691336
119,2,2048,separate,-10.283510174181849,-8.792872862412713,1.4906373117691363
119,2,2048,exact,-3.2922788590433547,-2.9127102092237633,0.3795686498195914
119,2,8192,joint,-1.2958760340613997,-1.129466930420377,0.16640910364102268
119,2,8192,pair_coarse,-2.001530961467756,-1.4697133807665383,0.5318175807012175
119,2,8192,separate,-4.624750260033359,-4.092932679332141,0.531817580701218
119,2,8192,exact,-1.1499632306816967,-1.0019808341828358,0.1479823964988609
119,2,32768,joint,-0.5406469465496223,-0.46562930781998585,0.07501763872963646
119,2,32768,pair_coarse,-0.8272316990275381,-0.5939945814519132,0.23323711757562493
119,2,32768,separate,-2.926565711243737,-2.693328593668112,0.2332371175756247
119,2,32768,exact,-0.4348210823418389,-0.367998348813209,0.06682273352862994
119,2,131072,joint,-0.22552058734366265,-0.18973314356847498,0.035787443775187666
119,2,131072,pair_coarse,-0.3560469794943849,-0.24602251617180396,0.11002446332258095
119,2,131072,separate,-2.2438335615715412,-2.13380909824896,0.11002446332258131
119,2,131072,exact,-0.13576432481799644,-0.10386402787724623,0.03190029694075021
119,2,524288,joint,-0.08084541632432532,-0.06334770851078736,0.01749770781353796
119,2,524288,pair_coarse,-0.14328632497970714,-0.08976330395025339,0.05352302102945375
119,2,524288,separate,-1.9355021258589744,-1.8819791048295207,0.05352302102945372
119,2,524288,exact,0.001667181178132665,0.017269293146494665,0.015602111968362
119,4,128,joint,,,
119,4,128,pair_coarse,,,
119,4,128,separate,,,
119,4,128,exact,,,
119,4,512,joint,-1271.4673553479909,-873.4808912154435,397.9864641325473
119,4,512,pair_coarse,,,
119,4,512,separate,,,
119,4,512,exact,-486.08308220255816,-334.9398404802521,151.14324172230607
119,4,2048,joint,-9.236598331058744,-6.10772190550867,3.1288764255500743
119,4,2048,pair_coarse,-17.419730146772523,-9.847854322544823,7.5718758242277
119,4,2048,separate,-24.66923769978214,-17.09736187555444,7.5718758242277
119,4,2048,exact,-8.635976245671488,-5.698755536965479,2.9372207087060085
119,4,8192,joint,-2.84337601602649,-1.8266365131390794,1.0167395028874107
119,4,8192,pair_coarse,-4.506820127890592,-2.447811985507074,2.059008142383518
119,4,8192,separate,-7.701669785589189,-5.64266164320567,2.0590081423835187
119,4,8192,exact,-2.629352622557764,-1.6656135512864705,0.9637390712712934
119,4,32768,joint,-1.1542641192489047,-0.7206016528305156,0.4336624664183891
119,4,32768,pair_coarse,-1.7625586263571809,-0.9239307343890538,0.838627891968127
119,4,32768,separate,-4.060733408990851,-3.222105517022724,0.8386278919681267
119,4,32768,exact,-1.023946297051428,-0.6117546777403574,0.4121916193110705
119,4,131072,joint,-0.5024340141974329,-0.30008840569385853,0.20234560850357441
119,4,131072,pair_coarse,-0.7686775709628286,-0.3840783549650911,0.38459921599773755
119,4,131072,separate,-2.7406167415888225,-2.3560175255910845,0.38459921599773805
119,4,131072,exact,-0.4020949196725522,-0.2095625736532412,0.19253234601931096
119,4,524288,joint,-0.2127832363160559,-0.11482459894792547,0.09795863736813042
119,4,524288,pair_coarse,-0.33797308462444703,-0.1531692220653721,0.18480386255907494
119,4,524288,separate,-2.169008942579476,-1.9842050800204014,0.18480386255907466
119,4,524288,exact,-0.12533046937818165,-0.03207898422609525,0.0932514851520864
