cell,first,second,n,first_only,second_only,difference,lower,upper,discordance_pvalue,status_disagreements,variant,reference,variant_difference,variant_lower,variant_upper
brownian_T1_131073,calibrated,fractional_12/calibrated,400,0,0,0.0,-0.010895278371854295,0.010895278371854295,1.0,0,fractional_12/calibrated,calibrated,-0.0,-0.010895278371854295,0.010895278371854295
brownian_T1_131073,calibrated,fractional_8/calibrated,400,0,0,0.0,-0.010895278371854295,0.010895278371854295,1.0,0,fractional_8/calibrated,calibrated,-0.0,-0.010895278371854295,0.010895278371854295
brownian_T1_131073,calibrated,recorder_12/calibrated,400,0,0,0.0,-0.010895278371854295,0.010895278371854295,1.0,0,recorder_12/calibrated,calibrated,-0.0,-0.010895278371854295,0.010895278371854295
brownian_T1_131073,calibrated,recorder_8/calibrated,400,0,0,0.0,-0.010895278371854295,0.010895278371854295,1.0,0,recorder_8/calibrated,calibrated,-0.0,-0.010895278371854295,0.010895278371854295
brownian_T1_131073,fractional_12/maximum_scale,maximum_scale,400,0,0,0.0,-0.010895278371854295,0.010895278371854295,1.0,0,fractional_12/maximum_scale,maximum_scale,0.0,-0.010895278371854295,0.010895278371854295
brownian_T1_131073,fractional_12/missing_bound,missing_bound,400,0,0,0.0,-0.010895278371854295,0.010895278371854295,1.0,0,fractional_12/missing_bound,missing_bound,0.0,-0.010895278371854295,0.010895278371854295
brownian_T1_131073,fractional_12/missing_response,missing_response,400,0,0,0.0,-0.010895278371854295,0.010895278371854295,1.0,0,fractional_12/missing_response,missing_response,0.0,-0.010895278371854295,0.010895278371854295
brownian_T1_131073,fractional_12/old_operator,old_operator,400,0,0,0.0,-0.010895278371854295,0.010895278371854295,1.0,0,fractional_12/old_operator,old_operator,0.0,-0.010895278371854295,0.010895278371854295
brownian_T1_131073,fractional_12/phase_ignored,phase_ignored,400,0,0,0.0,-0.010895278371854295,0.010895278371854295,1.0,0,fractional_12/phase_ignored,phase_ignored,0.0,-0.010895278371854295,0.010895278371854295
brownian_T1_131073,fractional_12/shape_1/2,shape_1/2,400,0,0,0.0,-0.010895278371854295,0.010895278371854295,1.0,0,fractional_12/shape_1/2,shape_1/2,0.0,-0.010895278371854295,0.010895278371854295
brownian_T1_131073,fractional_12/shape_2/3,shape_2/3,400,0,0,0.0,-0.010895278371854295,0.010895278371854295,1.0,0,fractional_12/shape_2/3,shape_2/3,0.0,-0.010895278371854295,0.010895278371854295
brownian_T1_131073,fractional_8/maximum_scale,maximum_scale,400,0,0,0.0,-0.010895278371854295,0.010895278371854295,1.0,0,fractional_8/maximum_scale,maximum_scale,0.0,-0.010895278371854295,0.010895278371854295
brownian_T1_131073,fractional_8/missing_bound,missing_bound,400,0,0,0.0,-0.010895278371854295,0.010895278371854295,1.0,0,fractional_8/missing_bound,missing_bound,0.0,-0.010895278371854295,0.010895278371854295
brownian_T1_131073,fractional_8/missing_response,missing_response,400,0,0,0.0,-0.010895278371854295,0.010895278371854295,1.0,0,fractional_8/missing_response,missing_response,0.0,-0.010895278371854295,0.010895278371854295
brownian_T1_131073,fractional_8/old_operator,old_operator,400,0,0,0.0,-0.010895278371854295,0.010895278371854295,1.0,0,fractional_8/old_operator,old_operator,0.0,-0.010895278371854295,0.010895278371854295
brownian_T1_131073,fractional_8/phase_ignored,phase_ignored,400,0,0,0.0,-0.010895278371854295,0.010895278371854295,1.0,0,fractional_8/phase_ignored,phase_ignored,0.0,-0.010895278371854295,0.010895278371854295
brownian_T1_131073,fractional_8/shape_1/2,shape_1/2,400,0,0,0.0,-0.010895278371854295,0.010895278371854295,1.0,0,fractional_8/shape_1/2,shape_1/2,0.0,-0.010895278371854295,0.010895278371854295
brownian_T1_131073,fractional_8/shape_2/3,shape_2/3,400,0,0,0.0,-0.010895278371854295,0.010895278371854295,1.0,0,fractional_8/shape_2/3,shape_2/3,0.0,-0.010895278371854295,0.010895278371854295
brownian_T1_131073,maximum_scale,recorder_12/maximum_scale,400,0,0,0.0,-0.010895278371854295,0.010895278371854295,1.0,0,recorder_12/maximum_scale,maximum_scale,-0.0,-0.010895278371854295,0.010895278371854295
brownian_T1_131073,maximum_scale,recorder_8/maximum_scale,400,0,0,0.0,-0.010895278371854295,0.010895278371854295,1.0,0,recorder_8/maximum_scale,maximum_scale,-0.0,-0.010895278371854295,0.010895278371854295
brownian_T1_131073,missing_bound,recorder_12/missing_bound,400,0,0,0.0,-0.010895278371854295,0.010895278371854295,1.0,0,recorder_12/missing_bound,missing_bound,-0.0,-0.010895278371854295,0.010895278371854295
brownian_T1_131073,missing_bound,recorder_8/missing_bound,400,0,0,0.0,-0.010895278371854295,0.010895278371854295,1.0,0,recorder_8/missing_bound,missing_bound,-0.0,-0.010895278371854295,0.010895278371854295
brownian_T1_131073,missing_response,recorder_12/missing_response,400,0,0,0.0,-0.010895278371854295,0.010895278371854295,1.0,0,recorder_12/missing_response,missing_response,-0.0,-0.010895278371854295,0.010895278371854295
brownian_T1_131073,missing_response,recorder_8/missing_response,400,0,0,0.0,-0.010895278371854295,0.010895278371854295,1.0,0,recorder_8/missing_response,missing_response,-0.0,-0.010895278371854295,0.010895278371854295
brownian_T1_131073,old_operator,recorder_12/old_operator,400,0,0,0.0,-0.010895278371854295,0.010895278371854295,1.0,0,recorder_12/old_operator,old_operator,-0.0,-0.010895278371854295,0.010895278371854295
brownian_T1_131073,old_operator,recorder_8/old_operator,400,0,0,0.0,-0.010895278371854295,0.010895278371854295,1.0,0,recorder_8/old_operator,old_operator,-0.0,-0.010895278371854295,0.010895278371854295
brownian_T1_131073,phase_ignored,recorder_12/phase_ignored,400,0,0,0.0,-0.010895278371854295,0.010895278371854295,1.0,0,recorder_12/phase_ignored,phase_ignored,-0.0,-0.010895278371854295,0.010895278371854295
brownian_T1_131073,phase_ignored,recorder_8/phase_ignored,400,0,0,0.0,-0.010895278371854295,0.010895278371854295,1.0,0,recorder_8/phase_ignored,phase_ignored,-0.0,-0.010895278371854295,0.010895278371854295
brownian_T1_131073,recorder_12/shape_1/2,shape_1/2,400,0,0,0.0,-0.010895278371854295,0.010895278371854295,1.0,0,recorder_12/shape_1/2,shape_1/2,0.0,-0.010895278371854295,0.010895278371854295
brownian_T1_131073,recorder_12/shape_2/3,shape_2/3,400,0,0,0.0,-0.010895278371854295,0.010895278371854295,1.0,0,recorder_12/shape_2/3,shape_2/3,0.0,-0.010895278371854295,0.010895278371854295
brownian_T1_131073,recorder_8/shape_1/2,shape_1/2,400,0,0,0.0,-0.010895278371854295,0.010895278371854295,1.0,0,recorder_8/shape_1/2,shape_1/2,0.0,-0.010895278371854295,0.010895278371854295
brownian_T1_131073,recorder_8/shape_2/3,shape_2/3,400,0,0,0.0,-0.010895278371854295,0.010895278371854295,1.0,0,recorder_8/shape_2/3,shape_2/3,0.0,-0.010895278371854295,0.010895278371854295
brownian_T2_131073,calibrated,fractional_12/calibrated,200,0,0,0.0,-0.021671849652908394,0.021671849652908394,1.0,0,fractional_12/calibrated,calibrated,-0.0,-0.021671849652908394,0.021671849652908394
brownian_T2_131073,calibrated,fractional_8/calibrated,200,0,0,0.0,-0.021671849652908394,0.021671849652908394,1.0,0,fractional_8/calibrated,calibrated,-0.0,-0.021671849652908394,0.021671849652908394
brownian_T2_131073,calibrated,recorder_12/calibrated,200,0,0,0.0,-0.021671849652908394,0.021671849652908394,1.0,0,recorder_12/calibrated,calibrated,-0.0,-0.021671849652908394,0.021671849652908394
brownian_T2_131073,calibrated,recorder_8/calibrated,200,0,0,0.0,-0.021671849652908394,0.021671849652908394,1.0,0,recorder_8/calibrated,calibrated,-0.0,-0.021671849652908394,0.021671849652908394
brownian_T2_131073,fractional_12/maximum_scale,maximum_scale,200,0,0,0.0,-0.021671849652908394,0.021671849652908394,1.0,0,fractional_12/maximum_scale,maximum_scale,0.0,-0.021671849652908394,0.021671849652908394
brownian_T2_131073,fractional_12/missing_bound,missing_bound,200,0,0,0.0,-0.021671849652908394,0.021671849652908394,1.0,0,fractional_12/missing_bound,missing_bound,0.0,-0.021671849652908394,0.021671849652908394
brownian_T2_131073,fractional_12/missing_response,missing_response,200,0,0,0.0,-0.021671849652908394,0.021671849652908394,1.0,0,fractional_12/missing_response,missing_response,0.0,-0.021671849652908394,0.021671849652908394
brownian_T2_131073,fractional_12/old_operator,old_operator,200,0,0,0.0,-0.021671849652908394,0.021671849652908394,1.0,0,fractional_12/old_operator,old_operator,0.0,-0.021671849652908394,0.021671849652908394
brownian_T2_131073,fractional_12/phase_ignored,phase_ignored,200,0,0,0.0,-0.021671849652908394,0.021671849652908394,1.0,0,fractional_12/phase_ignored,phase_ignored,0.0,-0.021671849652908394,0.021671849652908394
brownian_T2_131073,fractional_12/shape_1/2,shape_1/2,200,0,0,0.0,-0.021671849652908394,0.021671849652908394,1.0,0,fractional_12/shape_1/2,shape_1/2,0.0,-0.021671849652908394,0.021671849652908394
brownian_T2_131073,fractional_12/shape_2/3,shape_2/3,200,0,0,0.0,-0.021671849652908394,0.021671849652908394,1.0,0,fractional_12/shape_2/3,shape_2/3,0.0,-0.021671849652908394,0.021671849652908394
brownian_T2_131073,fractional_8/maximum_scale,maximum_scale,200,0,0,0.0,-0.021671849652908394,0.021671849652908394,1.0,0,fractional_8/maximum_scale,maximum_scale,0.0,-0.021671849652908394,0.021671849652908394
brownian_T2_131073,fractional_8/missing_bound,missing_bound,200,0,0,0.0,-0.021671849652908394,0.021671849652908394,1.0,0,fractional_8/missing_bound,missing_bound,0.0,-0.021671849652908394,0.021671849652908394
brownian_T2_131073,fractional_8/missing_response,missing_response,200,0,0,0.0,-0.021671849652908394,0.021671849652908394,1.0,0,fractional_8/missing_response,missing_response,0.0,-0.021671849652908394,0.021671849652908394
brownian_T2_131073,fractional_8/old_operator,old_operator,200,0,0,0.0,-0.021671849652908394,0.021671849652908394,1.0,0,fractional_8/old_operator,old_operator,0.0,-0.021671849652908394,0.021671849652908394
brownian_T2_131073,fractional_8/phase_ignored,phase_ignored,200,0,0,0.0,-0.021671849652908394,0.021671849652908394,1.0,0,fractional_8/phase_ignored,phase_ignored,0.0,-0.021671849652908394,0.021671849652908394
brownian_T2_131073,fractional_8/shape_1/2,shape_1/2,200,0,0,0.0,-0.021671849652908394,0.021671849652908394,1.0,0,fractional_8/shape_1/2,shape_1/2,0.0,-0.021671849652908394,0.021671849652908394
brownian_T2_131073,fractional_8/shape_2/3,shape_2/3,200,0,0,0.0,-0.021671849652908394,0.021671849652908394,1.0,0,fractional_8/shape_2/3,shape_2/3,0.0,-0.021671849652908394,0.021671849652908394
brownian_T2_131073,maximum_scale,recorder_12/maximum_scale,200,0,0,0.0,-0.021671849652908394,0.021671849652908394,1.0,0,recorder_12/maximum_scale,maximum_scale,-0.0,-0.021671849652908394,0.021671849652908394
brownian_T2_131073,maximum_scale,recorder_8/maximum_scale,200,0,0,0.0,-0.021671849652908394,0.021671849652908394,1.0,0,recorder_8/maximum_scale,maximum_scale,-0.0,-0.021671849652908394,0.021671849652908394
brownian_T2_131073,missing_bound,recorder_12/missing_bound,200,0,0,0.0,-0.021671849652908394,0.021671849652908394,1.0,0,recorder_12/missing_bound,missing_bound,-0.0,-0.021671849652908394,0.021671849652908394
brownian_T2_131073,missing_bound,recorder_8/missing_bound,200,0,0,0.0,-0.021671849652908394,0.021671849652908394,1.0,0,recorder_8/missing_bound,missing_bound,-0.0,-0.021671849652908394,0.021671849652908394
brownian_T2_131073,missing_response,recorder_12/missing_response,200,0,0,0.0,-0.021671849652908394,0.021671849652908394,1.0,0,recorder_12/missing_response,missing_response,-0.0,-0.021671849652908394,0.021671849652908394
brownian_T2_131073,missing_response,recorder_8/missing_response,200,0,0,0.0,-0.021671849652908394,0.021671849652908394,1.0,0,recorder_8/missing_response,missing_response,-0.0,-0.021671849652908394,0.021671849652908394
brownian_T2_131073,old_operator,recorder_12/old_operator,200,0,0,0.0,-0.021671849652908394,0.021671849652908394,1.0,0,recorder_12/old_operator,old_operator,-0.0,-0.021671849652908394,0.021671849652908394
brownian_T2_131073,old_operator,recorder_8/old_operator,200,0,0,0.0,-0.021671849652908394,0.021671849652908394,1.0,0,recorder_8/old_operator,old_operator,-0.0,-0.021671849652908394,0.021671849652908394
brownian_T2_131073,phase_ignored,recorder_12/phase_ignored,200,0,0,0.0,-0.021671849652908394,0.021671849652908394,1.0,0,recorder_12/phase_ignored,phase_ignored,-0.0,-0.021671849652908394,0.021671849652908394
brownian_T2_131073,phase_ignored,recorder_8/phase_ignored,200,0,0,0.0,-0.021671849652908394,0.021671849652908394,1.0,0,recorder_8/phase_ignored,phase_ignored,-0.0,-0.021671849652908394,0.021671849652908394
brownian_T2_131073,recorder_12/shape_1/2,shape_1/2,200,0,0,0.0,-0.021671849652908394,0.021671849652908394,1.0,0,recorder_12/shape_1/2,shape_1/2,0.0,-0.021671849652908394,0.021671849652908394
brownian_T2_131073,recorder_12/shape_2/3,shape_2/3,200,0,0,0.0,-0.021671849652908394,0.021671849652908394,1.0,0,recorder_12/shape_2/3,shape_2/3,0.0,-0.021671849652908394,0.021671849652908394
brownian_T2_131073,recorder_8/shape_1/2,shape_1/2,200,0,0,0.0,-0.021671849652908394,0.021671849652908394,1.0,0,recorder_8/shape_1/2,shape_1/2,0.0,-0.021671849652908394,0.021671849652908394
brownian_T2_131073,recorder_8/shape_2/3,shape_2/3,200,0,0,0.0,-0.021671849652908394,0.021671849652908394,1.0,0,recorder_8/shape_2/3,shape_2/3,0.0,-0.021671849652908394,0.021671849652908394
brownian_T4_131073,calibrated,fractional_12/calibrated,200,0,0,0.0,-0.021671849652908394,0.021671849652908394,1.0,0,fractional_12/calibrated,calibrated,-0.0,-0.021671849652908394,0.021671849652908394
brownian_T4_131073,calibrated,fractional_8/calibrated,200,0,0,0.0,-0.021671849652908394,0.021671849652908394,1.0,0,fractional_8/calibrated,calibrated,-0.0,-0.021671849652908394,0.021671849652908394
brownian_T4_131073,calibrated,recorder_12/calibrated,200,0,0,0.0,-0.021671849652908394,0.021671849652908394,1.0,0,recorder_12/calibrated,calibrated,-0.0,-0.021671849652908394,0.021671849652908394
brownian_T4_131073,calibrated,recorder_8/calibrated,200,0,0,0.0,-0.021671849652908394,0.021671849652908394,1.0,0,recorder_8/calibrated,calibrated,-0.0,-0.021671849652908394,0.021671849652908394
brownian_T4_131073,fractional_12/maximum_scale,maximum_scale,200,0,0,0.0,-0.021671849652908394,0.021671849652908394,1.0,0,fractional_12/maximum_scale,maximum_scale,0.0,-0.021671849652908394,0.021671849652908394
brownian_T4_131073,fractional_12/missing_bound,missing_bound,200,0,0,0.0,-0.021671849652908394,0.021671849652908394,1.0,0,fractional_12/missing_bound,missing_bound,0.0,-0.021671849652908394,0.021671849652908394
brownian_T4_131073,fractional_12/missing_response,missing_response,200,0,0,0.0,-0.021671849652908394,0.021671849652908394,1.0,0,fractional_12/missing_response,missing_response,0.0,-0.021671849652908394,0.021671849652908394
brownian_T4_131073,fractional_12/old_operator,old_operator,200,0,0,0.0,-0.021671849652908394,0.021671849652908394,1.0,0,fractional_12/old_operator,old_operator,0.0,-0.021671849652908394,0.021671849652908394
brownian_T4_131073,fractional_12/phase_ignored,phase_ignored,200,0,0,0.0,-0.021671849652908394,0.021671849652908394,1.0,0,fractional_12/phase_ignored,phase_ignored,0.0,-0.021671849652908394,0.021671849652908394
brownian_T4_131073,fractional_12/shape_1/2,shape_1/2,200,0,0,0.0,-0.021671849652908394,0.021671849652908394,1.0,0,fractional_12/shape_1/2,shape_1/2,0.0,-0.021671849652908394,0.021671849652908394
brownian_T4_131073,fractional_12/shape_2/3,shape_2/3,200,0,15,-0.075,-0.12765083558540458,-0.017369084404858043,6.103515625e-05,15,fractional_12/shape_2/3,shape_2/3,-0.075,-0.12765083558540458,-0.017369084404858043
brownian_T4_131073,fractional_8/maximum_scale,maximum_scale,200,0,0,0.0,-0.021671849652908394,0.021671849652908394,1.0,0,fractional_8/maximum_scale,maximum_scale,0.0,-0.021671849652908394,0.021671849652908394
brownian_T4_131073,fractional_8/missing_bound,missing_bound,200,0,0,0.0,-0.021671849652908394,0.021671849652908394,1.0,0,fractional_8/missing_bound,missing_bound,0.0,-0.021671849652908394,0.021671849652908394
brownian_T4_131073,fractional_8/missing_response,missing_response,200,0,0,0.0,-0.021671849652908394,0.021671849652908394,1.0,0,fractional_8/missing_response,missing_response,0.0,-0.021671849652908394,0.021671849652908394
brownian_T4_131073,fractional_8/old_operator,old_operator,200,0,0,0.0,-0.021671849652908394,0.021671849652908394,1.0,0,fractional_8/old_operator,old_operator,0.0,-0.021671849652908394,0.021671849652908394
brownian_T4_131073,fractional_8/phase_ignored,phase_ignored,200,0,0,0.0,-0.021671849652908394,0.021671849652908394,1.0,0,fractional_8/phase_ignored,phase_ignored,0.0,-0.021671849652908394,0.021671849652908394
brownian_T4_131073,fractional_8/shape_1/2,shape_1/2,200,0,4,-0.02,-0.05537707878795449,0.017247658882729083,0.125,4,fractional_8/shape_1/2,shape_1/2,-0.02,-0.05537707878795449,0.017247658882729083
brownian_T4_131073,fractional_8/shape_2/3,shape_2/3,200,0,82,-0.41,-0.49154411216598154,-0.31020825406122826,4.1359030627651384e-25,82,fractional_8/shape_2/3,shape_2/3,-0.41,-0.49154411216598154,-0.31020825406122826
brownian_T4_131073,maximum_scale,recorder_12/maximum_scale,200,0,0,0.0,-0.021671849652908394,0.021671849652908394,1.0,0,recorder_12/maximum_scale,maximum_scale,-0.0,-0.021671849652908394,0.021671849652908394
brownian_T4_131073,maximum_scale,recorder_8/maximum_scale,200,0,0,0.0,-0.021671849652908394,0.021671849652908394,1.0,0,recorder_8/maximum_scale,maximum_scale,-0.0,-0.021671849652908394,0.021671849652908394
brownian_T4_131073,missing_bound,recorder_12/missing_bound,200,0,0,0.0,-0.021671849652908394,0.021671849652908394,1.0,0,recorder_12/missing_bound,missing_bound,-0.0,-0.021671849652908394,0.021671849652908394
brownian_T4_131073,missing_bound,recorder_8/missing_bound,200,0,0,0.0,-0.021671849652908394,0.021671849652908394,1.0,0,recorder_8/missing_bound,missing_bound,-0.0,-0.021671849652908394,0.021671849652908394
brownian_T4_131073,missing_response,recorder_12/missing_response,200,0,0,0.0,-0.021671849652908394,0.021671849652908394,1.0,0,recorder_12/missing_response,missing_response,-0.0,-0.021671849652908394,0.021671849652908394
brownian_T4_131073,missing_response,recorder_8/missing_response,200,0,0,0.0,-0.021671849652908394,0.021671849652908394,1.0,0,recorder_8/missing_response,missing_response,-0.0,-0.021671849652908394,0.021671849652908394
brownian_T4_131073,old_operator,recorder_12/old_operator,200,0,0,0.0,-0.021671849652908394,0.021671849652908394,1.0,0,recorder_12/old_operator,old_operator,-0.0,-0.021671849652908394,0.021671849652908394
brownian_T4_131073,old_operator,recorder_8/old_operator,200,0,0,0.0,-0.021671849652908394,0.021671849652908394,1.0,0,recorder_8/old_operator,old_operator,-0.0,-0.021671849652908394,0.021671849652908394
brownian_T4_131073,phase_ignored,recorder_12/phase_ignored,200,0,0,0.0,-0.021671849652908394,0.021671849652908394,1.0,0,recorder_12/phase_ignored,phase_ignored,-0.0,-0.021671849652908394,0.021671849652908394
brownian_T4_131073,phase_ignored,recorder_8/phase_ignored,200,200,0,1.0,0.9566563006941833,1.0,1.2446030555722283e-60,200,recorder_8/phase_ignored,phase_ignored,-1.0,-1.0,-0.9566563006941833
brownian_T4_131073,recorder_12/shape_1/2,shape_1/2,200,0,174,-0.87,-0.9184424976157329,-0.7855609292094741,8.352389719038111e-53,174,recorder_12/shape_1/2,shape_1/2,-0.87,-0.9184424976157329,-0.7855609292094741
brownian_T4_131073,recorder_12/shape_2/3,shape_2/3,200,0,82,-0.41,-0.49154411216598154,-0.31020825406122826,4.1359030627651384e-25,82,recorder_12/shape_2/3,shape_2/3,-0.41,-0.49154411216598154,-0.31020825406122826
brownian_T4_131073,recorder_8/shape_1/2,shape_1/2,200,0,200,-1.0,-1.0,-0.9566563006941833,1.2446030555722283e-60,200,recorder_8/shape_1/2,shape_1/2,-1.0,-1.0,-0.9566563006941833
brownian_T4_131073,recorder_8/shape_2/3,shape_2/3,200,0,82,-0.41,-0.49154411216598154,-0.31020825406122826,4.1359030627651384e-25,82,recorder_8/shape_2/3,shape_2/3,-0.41,-0.49154411216598154,-0.31020825406122826
cycle_identity_null,common,gain_-1/common,400,0,0,0.0,-0.010895278371854295,0.010895278371854295,1.0,0,gain_-1/common,common,-0.0,-0.010895278371854295,0.010895278371854295
cycle_identity_null,common,gain_1/16/common,400,0,0,0.0,-0.010895278371854295,0.010895278371854295,1.0,0,gain_1/16/common,common,-0.0,-0.010895278371854295,0.010895278371854295
cycle_identity_null,common,gain_1/4/common,400,0,0,0.0,-0.010895278371854295,0.010895278371854295,1.0,0,gain_1/4/common,common,-0.0,-0.010895278371854295,0.010895278371854295
cycle_identity_null,common,gain_1/common,400,0,0,0.0,-0.010895278371854295,0.010895278371854295,1.0,0,gain_1/common,common,-0.0,-0.010895278371854295,0.010895278371854295
cycle_identity_null,common,gain_16/common,400,0,0,0.0,-0.010895278371854295,0.010895278371854295,1.0,0,gain_16/common,common,-0.0,-0.010895278371854295,0.010895278371854295
cycle_identity_null,common,gain_4/common,400,0,0,0.0,-0.010895278371854295,0.010895278371854295,1.0,0,gain_4/common,common,-0.0,-0.010895278371854295,0.010895278371854295
cycle_identity_null,diagonal,gain_-1/diagonal,400,0,0,0.0,-0.010895278371854295,0.010895278371854295,1.0,0,gain_-1/diagonal,diagonal,-0.0,-0.010895278371854295,0.010895278371854295
cycle_identity_null,diagonal,gain_-1/inverse_transport,400,0,0,0.0,-0.010895278371854295,0.010895278371854295,1.0,0,gain_-1/inverse_transport,diagonal,-0.0,-0.010895278371854295,0.010895278371854295
cycle_identity_null,diagonal,gain_1/16/diagonal,400,0,0,0.0,-0.010895278371854295,0.010895278371854295,1.0,0,gain_1/16/diagonal,diagonal,-0.0,-0.010895278371854295,0.010895278371854295
cycle_identity_null,diagonal,gain_1/16/inverse_transport,400,0,0,0.0,-0.010895278371854295,0.010895278371854295,1.0,0,gain_1/16/inverse_transport,diagonal,-0.0,-0.010895278371854295,0.010895278371854295
cycle_identity_null,diagonal,gain_1/4/diagonal,400,0,0,0.0,-0.010895278371854295,0.010895278371854295,1.0,0,gain_1/4/diagonal,diagonal,-0.0,-0.010895278371854295,0.010895278371854295
cycle_identity_null,diagonal,gain_1/4/inverse_transport,400,0,0,0.0,-0.010895278371854295,0.010895278371854295,1.0,0,gain_1/4/inverse_transport,diagonal,-0.0,-0.010895278371854295,0.010895278371854295
cycle_identity_null,diagonal,gain_1/diagonal,400,0,0,0.0,-0.010895278371854295,0.010895278371854295,1.0,0,gain_1/diagonal,diagonal,-0.0,-0.010895278371854295,0.010895278371854295
cycle_identity_null,diagonal,gain_1/inverse_transport,400,0,0,0.0,-0.010895278371854295,0.010895278371854295,1.0,0,gain_1/inverse_transport,diagonal,-0.0,-0.010895278371854295,0.010895278371854295
cycle_identity_null,diagonal,gain_16/diagonal,400,0,0,0.0,-0.010895278371854295,0.010895278371854295,1.0,0,gain_16/diagonal,diagonal,-0.0,-0.010895278371854295,0.010895278371854295
cycle_identity_null,diagonal,gain_16/inverse_transport,400,0,0,0.0,-0.010895278371854295,0.010895278371854295,1.0,0,gain_16/inverse_transport,diagonal,-0.0,-0.010895278371854295,0.010895278371854295
cycle_identity_null,diagonal,gain_4/diagonal,400,0,0,0.0,-0.010895278371854295,0.010895278371854295,1.0,0,gain_4/diagonal,diagonal,-0.0,-0.010895278371854295,0.010895278371854295
cycle_identity_null,diagonal,gain_4/inverse_transport,400,0,0,0.0,-0.010895278371854295,0.010895278371854295,1.0,0,gain_4/inverse_transport,diagonal,-0.0,-0.010895278371854295,0.010895278371854295
cycle_identity_null,diagonal,inflation_K1_B1,400,0,0,0.0,-0.010895278371854295,0.010895278371854295,1.0,0,inflation_K1_B1,diagonal,-0.0,-0.010895278371854295,0.010895278371854295
cycle_identity_null,diagonal,inflation_K1_B2,400,0,0,0.0,-0.010895278371854295,0.010895278371854295,1.0,0,inflation_K1_B2,diagonal,-0.0,-0.010895278371854295,0.010895278371854295
cycle_identity_null,diagonal,inflation_K1_B3/2,400,0,0,0.0,-0.010895278371854295,0.010895278371854295,1.0,0,inflation_K1_B3/2,diagonal,-0.0,-0.010895278371854295,0.010895278371854295
cycle_identity_null,diagonal,inflation_K1_B4,400,0,0,0.0,-0.010895278371854295,0.010895278371854295,1.0,0,inflation_K1_B4,diagonal,-0.0,-0.010895278371854295,0.010895278371854295
cycle_identity_null,diagonal,inflation_K2_B1,400,0,0,0.0,-0.010895278371854295,0.010895278371854295,1.0,0,inflation_K2_B1,diagonal,-0.0,-0.010895278371854295,0.010895278371854295
cycle_identity_null,diagonal,inflation_K2_B2,400,0,0,0.0,-0.010895278371854295,0.010895278371854295,1.0,0,inflation_K2_B2,diagonal,-0.0,-0.010895278371854295,0.010895278371854295
cycle_identity_null,diagonal,inflation_K2_B3/2,400,0,0,0.0,-0.010895278371854295,0.010895278371854295,1.0,0,inflation_K2_B3/2,diagonal,-0.0,-0.010895278371854295,0.010895278371854295
cycle_identity_null,diagonal,inflation_K2_B4,400,0,0,0.0,-0.010895278371854295,0.010895278371854295,1.0,0,inflation_K2_B4,diagonal,-0.0,-0.010895278371854295,0.010895278371854295
cycle_identity_null,diagonal,inflation_K3/2_B1,400,0,0,0.0,-0.010895278371854295,0.010895278371854295,1.0,0,inflation_K3/2_B1,diagonal,-0.0,-0.010895278371854295,0.010895278371854295
cycle_identity_null,diagonal,inflation_K3/2_B2,400,0,0,0.0,-0.010895278371854295,0.010895278371854295,1.0,0,inflation_K3/2_B2,diagonal,-0.0,-0.010895278371854295,0.010895278371854295
cycle_identity_null,diagonal,inflation_K3/2_B3/2,400,0,0,0.0,-0.010895278371854295,0.010895278371854295,1.0,0,inflation_K3/2_B3/2,diagonal,-0.0,-0.010895278371854295,0.010895278371854295
cycle_identity_null,diagonal,inflation_K3/2_B4,400,0,0,0.0,-0.010895278371854295,0.010895278371854295,1.0,0,inflation_K3/2_B4,diagonal,-0.0,-0.010895278371854295,0.010895278371854295
cycle_identity_null,diagonal,inflation_K4_B1,400,0,0,0.0,-0.010895278371854295,0.010895278371854295,1.0,0,inflation_K4_B1,diagonal,-0.0,-0.010895278371854295,0.010895278371854295
cycle_identity_null,diagonal,inflation_K4_B2,400,0,0,0.0,-0.010895278371854295,0.010895278371854295,1.0,0,inflation_K4_B2,diagonal,-0.0,-0.010895278371854295,0.010895278371854295
cycle_identity_null,diagonal,inflation_K4_B3/2,400,0,0,0.0,-0.010895278371854295,0.010895278371854295,1.0,0,inflation_K4_B3/2,diagonal,-0.0,-0.010895278371854295,0.010895278371854295
cycle_identity_null,diagonal,inflation_K4_B4,400,0,0,0.0,-0.010895278371854295,0.010895278371854295,1.0,0,inflation_K4_B4,diagonal,-0.0,-0.010895278371854295,0.010895278371854295
cycle_identity_rotating,common,gain_-1/common,200,0,0,0.0,-0.021671849652908394,0.021671849652908394,1.0,0,gain_-1/common,common,-0.0,-0.021671849652908394,0.021671849652908394
cycle_identity_rotating,common,gain_1/16/common,200,200,0,1.0,0.9566563006941833,1.0,1.2446030555722283e-60,200,gain_1/16/common,common,-1.0,-1.0,-0.9566563006941833
cycle_identity_rotating,common,gain_1/4/common,200,200,0,1.0,0.9566563006941833,1.0,1.2446030555722283e-60,200,gain_1/4/common,common,-1.0,-1.0,-0.9566563006941833
cycle_identity_rotating,common,gain_1/common,200,0,0,0.0,-0.021671849652908394,0.021671849652908394,1.0,0,gain_1/common,common,-0.0,-0.021671849652908394,0.021671849652908394
cycle_identity_rotating,common,gain_16/common,200,200,0,1.0,0.9566563006941833,1.0,1.2446030555722283e-60,200,gain_16/common,common,-1.0,-1.0,-0.9566563006941833
cycle_identity_rotating,common,gain_4/common,200,200,0,1.0,0.9566563006941833,1.0,1.2446030555722283e-60,200,gain_4/common,common,-1.0,-1.0,-0.9566563006941833
cycle_identity_rotating,diagonal,gain_-1/diagonal,200,0,0,0.0,-0.021671849652908394,0.021671849652908394,1.0,0,gain_-1/diagonal,diagonal,-0.0,-0.021671849652908394,0.021671849652908394
cycle_identity_rotating,diagonal,gain_-1/inverse_transport,200,0,0,0.0,-0.021671849652908394,0.021671849652908394,1.0,0,gain_-1/inverse_transport,diagonal,-0.0,-0.021671849652908394,0.021671849652908394
cycle_identity_rotating,diagonal,gain_1/16/diagonal,200,0,0,0.0,-0.021671849652908394,0.021671849652908394,1.0,0,gain_1/16/diagonal,diagonal,-0.0,-0.021671849652908394,0.021671849652908394
cycle_identity_rotating,diagonal,gain_1/16/inverse_transport,200,0,0,0.0,-0.021671849652908394,0.021671849652908394,1.0,0,gain_1/16/inverse_transport,diagonal,-0.0,-0.021671849652908394,0.021671849652908394
cycle_identity_rotating,diagonal,gain_1/4/diagonal,200,0,0,0.0,-0.021671849652908394,0.021671849652908394,1.0,0,gain_1/4/diagonal,diagonal,-0.0,-0.021671849652908394,0.021671849652908394
cycle_identity_rotating,diagonal,gain_1/4/inverse_transport,200,0,0,0.0,-0.021671849652908394,0.021671849652908394,1.0,0,gain_1/4/inverse_transport,diagonal,-0.0,-0.021671849652908394,0.021671849652908394
cycle_identity_rotating,diagonal,gain_1/diagonal,200,0,0,0.0,-0.021671849652908394,0.021671849652908394,1.0,0,gain_1/diagonal,diagonal,-0.0,-0.021671849652908394,0.021671849652908394
cycle_identity_rotating,diagonal,gain_1/inverse_transport,200,0,0,0.0,-0.021671849652908394,0.021671849652908394,1.0,0,gain_1/inverse_transport,diagonal,-0.0,-0.021671849652908394,0.021671849652908394
cycle_identity_rotating,diagonal,gain_16/diagonal,200,0,0,0.0,-0.021671849652908394,0.021671849652908394,1.0,0,gain_16/diagonal,diagonal,-0.0,-0.021671849652908394,0.021671849652908394
cycle_identity_rotating,diagonal,gain_16/inverse_transport,200,0,0,0.0,-0.021671849652908394,0.021671849652908394,1.0,0,gain_16/inverse_transport,diagonal,-0.0,-0.021671849652908394,0.021671849652908394
cycle_identity_rotating,diagonal,gain_4/diagonal,200,0,0,0.0,-0.021671849652908394,0.021671849652908394,1.0,0,gain_4/diagonal,diagonal,-0.0,-0.021671849652908394,0.021671849652908394
cycle_identity_rotating,diagonal,gain_4/inverse_transport,200,0,0,0.0,-0.021671849652908394,0.021671849652908394,1.0,0,gain_4/inverse_transport,diagonal,-0.0,-0.021671849652908394,0.021671849652908394
cycle_identity_rotating,diagonal,inflation_K1_B1,200,0,0,0.0,-0.021671849652908394,0.021671849652908394,1.0,0,inflation_K1_B1,diagonal,-0.0,-0.021671849652908394,0.021671849652908394
cycle_identity_rotating,diagonal,inflation_K1_B2,200,0,0,0.0,-0.021671849652908394,0.021671849652908394,1.0,0,inflation_K1_B2,diagonal,-0.0,-0.021671849652908394,0.021671849652908394
cycle_identity_rotating,diagonal,inflation_K1_B3/2,200,0,0,0.0,-0.021671849652908394,0.021671849652908394,1.0,0,inflation_K1_B3/2,diagonal,-0.0,-0.021671849652908394,0.021671849652908394
cycle_identity_rotating,diagonal,inflation_K1_B4,200,0,0,0.0,-0.021671849652908394,0.021671849652908394,1.0,0,inflation_K1_B4,diagonal,-0.0,-0.021671849652908394,0.021671849652908394
cycle_identity_rotating,diagonal,inflation_K2_B1,200,200,0,1.0,0.9566563006941833,1.0,1.2446030555722283e-60,200,inflation_K2_B1,diagonal,-1.0,-1.0,-0.9566563006941833
cycle_identity_rotating,diagonal,inflation_K2_B2,200,200,0,1.0,0.9566563006941833,1.0,1.2446030555722283e-60,200,inflation_K2_B2,diagonal,-1.0,-1.0,-0.9566563006941833
cycle_identity_rotating,diagonal,inflation_K2_B3/2,200,200,0,1.0,0.9566563006941833,1.0,1.2446030555722283e-60,200,inflation_K2_B3/2,diagonal,-1.0,-1.0,-0.9566563006941833
cycle_identity_rotating,diagonal,inflation_K2_B4,200,200,0,1.0,0.9566563006941833,1.0,1.2446030555722283e-60,200,inflation_K2_B4,diagonal,-1.0,-1.0,-0.9566563006941833
cycle_identity_rotating,diagonal,inflation_K3/2_B1,200,200,0,1.0,0.9566563006941833,1.0,1.2446030555722283e-60,200,inflation_K3/2_B1,diagonal,-1.0,-1.0,-0.9566563006941833
cycle_identity_rotating,diagonal,inflation_K3/2_B2,200,200,0,1.0,0.9566563006941833,1.0,1.2446030555722283e-60,200,inflation_K3/2_B2,diagonal,-1.0,-1.0,-0.9566563006941833
cycle_identity_rotating,diagonal,inflation_K3/2_B3/2,200,200,0,1.0,0.9566563006941833,1.0,1.2446030555722283e-60,200,inflation_K3/2_B3/2,diagonal,-1.0,-1.0,-0.9566563006941833
cycle_identity_rotating,diagonal,inflation_K3/2_B4,200,200,0,1.0,0.9566563006941833,1.0,1.2446030555722283e-60,200,inflation_K3/2_B4,diagonal,-1.0,-1.0,-0.9566563006941833
cycle_identity_rotating,diagonal,inflation_K4_B1,200,200,0,1.0,0.9566563006941833,1.0,1.2446030555722283e-60,200,inflation_K4_B1,diagonal,-1.0,-1.0,-0.9566563006941833
cycle_identity_rotating,diagonal,inflation_K4_B2,200,200,0,1.0,0.9566563006941833,1.0,1.2446030555722283e-60,200,inflation_K4_B2,diagonal,-1.0,-1.0,-0.9566563006941833
cycle_identity_rotating,diagonal,inflation_K4_B3/2,200,200,0,1.0,0.9566563006941833,1.0,1.2446030555722283e-60,200,inflation_K4_B3/2,diagonal,-1.0,-1.0,-0.9566563006941833
cycle_identity_rotating,diagonal,inflation_K4_B4,200,200,0,1.0,0.9566563006941833,1.0,1.2446030555722283e-60,200,inflation_K4_B4,diagonal,-1.0,-1.0,-0.9566563006941833
cycle_null_131072,combined_frequencies,fractional_12/combined_frequencies,1000,0,0,0.0,-0.004372439564671273,0.004372439564671273,1.0,0,fractional_12/combined_frequencies,combined_frequencies,-0.0,-0.004372439564671273,0.004372439564671273
cycle_null_131072,combined_frequencies,fractional_8/combined_frequencies,1000,0,0,0.0,-0.004372439564671273,0.004372439564671273,1.0,0,fractional_8/combined_frequencies,combined_frequencies,-0.0,-0.004372439564671273,0.004372439564671273
cycle_null_131072,combined_frequencies,recorder_12/combined_frequencies,1000,0,0,0.0,-0.004372439564671273,0.004372439564671273,1.0,0,recorder_12/combined_frequencies,combined_frequencies,-0.0,-0.004372439564671273,0.004372439564671273
cycle_null_131072,combined_frequencies,recorder_8/combined_frequencies,1000,0,0,0.0,-0.004372439564671273,0.004372439564671273,1.0,0,recorder_8/combined_frequencies,combined_frequencies,-0.0,-0.004372439564671273,0.004372439564671273
cycle_null_131072,common,fractional_12/common,1000,0,0,0.0,-0.004372439564671273,0.004372439564671273,1.0,0,fractional_12/common,common,-0.0,-0.004372439564671273,0.004372439564671273
cycle_null_131072,common,fractional_8/common,1000,0,0,0.0,-0.004372439564671273,0.004372439564671273,1.0,0,fractional_8/common,common,-0.0,-0.004372439564671273,0.004372439564671273
cycle_null_131072,common,recorder_12/common,1000,0,0,0.0,-0.004372439564671273,0.004372439564671273,1.0,0,recorder_12/common,common,-0.0,-0.004372439564671273,0.004372439564671273
cycle_null_131072,common,recorder_8/common,1000,0,0,0.0,-0.004372439564671273,0.004372439564671273,1.0,0,recorder_8/common,common,-0.0,-0.004372439564671273,0.004372439564671273
cycle_null_131072,diagonal,fractional_12/diagonal,1000,0,0,0.0,-0.004372439564671273,0.004372439564671273,1.0,0,fractional_12/diagonal,diagonal,-0.0,-0.004372439564671273,0.004372439564671273
cycle_null_131072,diagonal,fractional_8/diagonal,1000,0,0,0.0,-0.004372439564671273,0.004372439564671273,1.0,0,fractional_8/diagonal,diagonal,-0.0,-0.004372439564671273,0.004372439564671273
cycle_null_131072,diagonal,recorder_12/diagonal,1000,0,0,0.0,-0.004372439564671273,0.004372439564671273,1.0,0,recorder_12/diagonal,diagonal,-0.0,-0.004372439564671273,0.004372439564671273
cycle_null_131072,diagonal,recorder_8/diagonal,1000,0,0,0.0,-0.004372439564671273,0.004372439564671273,1.0,0,recorder_8/diagonal,diagonal,-0.0,-0.004372439564671273,0.004372439564671273
cycle_rotating_131072,combined_frequencies,fractional_12/combined_frequencies,200,0,0,0.0,-0.021671849652908394,0.021671849652908394,1.0,0,fractional_12/combined_frequencies,combined_frequencies,-0.0,-0.021671849652908394,0.021671849652908394
cycle_rotating_131072,combined_frequencies,fractional_8/combined_frequencies,200,0,0,0.0,-0.021671849652908394,0.021671849652908394,1.0,0,fractional_8/combined_frequencies,combined_frequencies,-0.0,-0.021671849652908394,0.021671849652908394
cycle_rotating_131072,combined_frequencies,recorder_12/combined_frequencies,200,0,0,0.0,-0.021671849652908394,0.021671849652908394,1.0,0,recorder_12/combined_frequencies,combined_frequencies,-0.0,-0.021671849652908394,0.021671849652908394
cycle_rotating_131072,combined_frequencies,recorder_8/combined_frequencies,200,0,0,0.0,-0.021671849652908394,0.021671849652908394,1.0,0,recorder_8/combined_frequencies,combined_frequencies,-0.0,-0.021671849652908394,0.021671849652908394
cycle_rotating_131072,common,fractional_12/common,200,0,0,0.0,-0.021671849652908394,0.021671849652908394,1.0,0,fractional_12/common,common,-0.0,-0.021671849652908394,0.021671849652908394
cycle_rotating_131072,common,fractional_8/common,200,0,0,0.0,-0.021671849652908394,0.021671849652908394,1.0,0,fractional_8/common,common,-0.0,-0.021671849652908394,0.021671849652908394
cycle_rotating_131072,common,recorder_12/common,200,0,0,0.0,-0.021671849652908394,0.021671849652908394,1.0,0,recorder_12/common,common,-0.0,-0.021671849652908394,0.021671849652908394
cycle_rotating_131072,common,recorder_8/common,200,0,0,0.0,-0.021671849652908394,0.021671849652908394,1.0,0,recorder_8/common,common,-0.0,-0.021671849652908394,0.021671849652908394
cycle_rotating_131072,diagonal,fractional_12/diagonal,200,0,0,0.0,-0.021671849652908394,0.021671849652908394,1.0,0,fractional_12/diagonal,diagonal,-0.0,-0.021671849652908394,0.021671849652908394
cycle_rotating_131072,diagonal,fractional_8/diagonal,200,0,0,0.0,-0.021671849652908394,0.021671849652908394,1.0,0,fractional_8/diagonal,diagonal,-0.0,-0.021671849652908394,0.021671849652908394
cycle_rotating_131072,diagonal,recorder_12/diagonal,200,0,0,0.0,-0.021671849652908394,0.021671849652908394,1.0,0,recorder_12/diagonal,diagonal,-0.0,-0.021671849652908394,0.021671849652908394
cycle_rotating_131072,diagonal,recorder_8/diagonal,200,0,0,0.0,-0.021671849652908394,0.021671849652908394,1.0,0,recorder_8/diagonal,diagonal,-0.0,-0.021671849652908394,0.021671849652908394
phase_boundary_99_100,calibrated,fractional_12/calibrated,400,0,0,0.0,-0.010895278371854295,0.010895278371854295,1.0,0,fractional_12/calibrated,calibrated,-0.0,-0.010895278371854295,0.010895278371854295
phase_boundary_99_100,calibrated,fractional_8/calibrated,400,0,0,0.0,-0.010895278371854295,0.010895278371854295,1.0,0,fractional_8/calibrated,calibrated,-0.0,-0.010895278371854295,0.010895278371854295
phase_boundary_99_100,calibrated,recorder_12/calibrated,400,0,0,0.0,-0.010895278371854295,0.010895278371854295,1.0,0,recorder_12/calibrated,calibrated,-0.0,-0.010895278371854295,0.010895278371854295
phase_boundary_99_100,calibrated,recorder_8/calibrated,400,0,0,0.0,-0.010895278371854295,0.010895278371854295,1.0,0,recorder_8/calibrated,calibrated,-0.0,-0.010895278371854295,0.010895278371854295
phase_boundary_99_100,fractional_12/maximum_scale,maximum_scale,400,0,0,0.0,-0.010895278371854295,0.010895278371854295,1.0,0,fractional_12/maximum_scale,maximum_scale,0.0,-0.010895278371854295,0.010895278371854295
phase_boundary_99_100,fractional_12/missing_bound,missing_bound,400,0,0,0.0,-0.010895278371854295,0.010895278371854295,1.0,0,fractional_12/missing_bound,missing_bound,0.0,-0.010895278371854295,0.010895278371854295
phase_boundary_99_100,fractional_12/missing_response,missing_response,400,0,0,0.0,-0.010895278371854295,0.010895278371854295,1.0,0,fractional_12/missing_response,missing_response,0.0,-0.010895278371854295,0.010895278371854295
phase_boundary_99_100,fractional_12/old_operator,old_operator,400,0,0,0.0,-0.010895278371854295,0.010895278371854295,1.0,0,fractional_12/old_operator,old_operator,0.0,-0.010895278371854295,0.010895278371854295
phase_boundary_99_100,fractional_12/phase_ignored,phase_ignored,400,0,0,0.0,-0.010895278371854295,0.010895278371854295,1.0,0,fractional_12/phase_ignored,phase_ignored,0.0,-0.010895278371854295,0.010895278371854295
phase_boundary_99_100,fractional_12/shape_1/2,shape_1/2,400,0,0,0.0,-0.010895278371854295,0.010895278371854295,1.0,0,fractional_12/shape_1/2,shape_1/2,0.0,-0.010895278371854295,0.010895278371854295
phase_boundary_99_100,fractional_12/shape_2/3,shape_2/3,400,0,0,0.0,-0.010895278371854295,0.010895278371854295,1.0,0,fractional_12/shape_2/3,shape_2/3,0.0,-0.010895278371854295,0.010895278371854295
phase_boundary_99_100,fractional_8/maximum_scale,maximum_scale,400,0,0,0.0,-0.010895278371854295,0.010895278371854295,1.0,0,fractional_8/maximum_scale,maximum_scale,0.0,-0.010895278371854295,0.010895278371854295
phase_boundary_99_100,fractional_8/missing_bound,missing_bound,400,0,0,0.0,-0.010895278371854295,0.010895278371854295,1.0,0,fractional_8/missing_bound,missing_bound,0.0,-0.010895278371854295,0.010895278371854295
phase_boundary_99_100,fractional_8/missing_response,missing_response,400,0,0,0.0,-0.010895278371854295,0.010895278371854295,1.0,0,fractional_8/missing_response,missing_response,0.0,-0.010895278371854295,0.010895278371854295
phase_boundary_99_100,fractional_8/old_operator,old_operator,400,0,0,0.0,-0.010895278371854295,0.010895278371854295,1.0,0,fractional_8/old_operator,old_operator,0.0,-0.010895278371854295,0.010895278371854295
phase_boundary_99_100,fractional_8/phase_ignored,phase_ignored,400,0,0,0.0,-0.010895278371854295,0.010895278371854295,1.0,0,fractional_8/phase_ignored,phase_ignored,0.0,-0.010895278371854295,0.010895278371854295
phase_boundary_99_100,fractional_8/shape_1/2,shape_1/2,400,0,0,0.0,-0.010895278371854295,0.010895278371854295,1.0,0,fractional_8/shape_1/2,shape_1/2,0.0,-0.010895278371854295,0.010895278371854295
phase_boundary_99_100,fractional_8/shape_2/3,shape_2/3,400,0,0,0.0,-0.010895278371854295,0.010895278371854295,1.0,0,fractional_8/shape_2/3,shape_2/3,0.0,-0.010895278371854295,0.010895278371854295
phase_boundary_99_100,maximum_scale,recorder_12/maximum_scale,400,0,0,0.0,-0.010895278371854295,0.010895278371854295,1.0,0,recorder_12/maximum_scale,maximum_scale,-0.0,-0.010895278371854295,0.010895278371854295
phase_boundary_99_100,maximum_scale,recorder_8/maximum_scale,400,0,0,0.0,-0.010895278371854295,0.010895278371854295,1.0,0,recorder_8/maximum_scale,maximum_scale,-0.0,-0.010895278371854295,0.010895278371854295
phase_boundary_99_100,missing_bound,recorder_12/missing_bound,400,0,0,0.0,-0.010895278371854295,0.010895278371854295,1.0,0,recorder_12/missing_bound,missing_bound,-0.0,-0.010895278371854295,0.010895278371854295
phase_boundary_99_100,missing_bound,recorder_8/missing_bound,400,0,0,0.0,-0.010895278371854295,0.010895278371854295,1.0,0,recorder_8/missing_bound,missing_bound,-0.0,-0.010895278371854295,0.010895278371854295
phase_boundary_99_100,missing_response,recorder_12/missing_response,400,0,0,0.0,-0.010895278371854295,0.010895278371854295,1.0,0,recorder_12/missing_response,missing_response,-0.0,-0.010895278371854295,0.010895278371854295
phase_boundary_99_100,missing_response,recorder_8/missing_response,400,0,0,0.0,-0.010895278371854295,0.010895278371854295,1.0,0,recorder_8/missing_response,missing_response,-0.0,-0.010895278371854295,0.010895278371854295
phase_boundary_99_100,old_operator,recorder_12/old_operator,400,0,0,0.0,-0.010895278371854295,0.010895278371854295,1.0,0,recorder_12/old_operator,old_operator,-0.0,-0.010895278371854295,0.010895278371854295
phase_boundary_99_100,old_operator,recorder_8/old_operator,400,0,0,0.0,-0.010895278371854295,0.010895278371854295,1.0,0,recorder_8/old_operator,old_operator,-0.0,-0.010895278371854295,0.010895278371854295
phase_boundary_99_100,phase_ignored,recorder_12/phase_ignored,400,0,0,0.0,-0.010895278371854295,0.010895278371854295,1.0,0,recorder_12/phase_ignored,phase_ignored,-0.0,-0.010895278371854295,0.010895278371854295
phase_boundary_99_100,phase_ignored,recorder_8/phase_ignored,400,0,0,0.0,-0.010895278371854295,0.010895278371854295,1.0,0,recorder_8/phase_ignored,phase_ignored,-0.0,-0.010895278371854295,0.010895278371854295
phase_boundary_99_100,recorder_12/shape_1/2,shape_1/2,400,0,0,0.0,-0.010895278371854295,0.010895278371854295,1.0,0,recorder_12/shape_1/2,shape_1/2,0.0,-0.010895278371854295,0.010895278371854295
phase_boundary_99_100,recorder_12/shape_2/3,shape_2/3,400,0,0,0.0,-0.010895278371854295,0.010895278371854295,1.0,0,recorder_12/shape_2/3,shape_2/3,0.0,-0.010895278371854295,0.010895278371854295
phase_boundary_99_100,recorder_8/shape_1/2,shape_1/2,400,0,0,0.0,-0.010895278371854295,0.010895278371854295,1.0,0,recorder_8/shape_1/2,shape_1/2,0.0,-0.010895278371854295,0.010895278371854295
phase_boundary_99_100,recorder_8/shape_2/3,shape_2/3,400,0,0,0.0,-0.010895278371854295,0.010895278371854295,1.0,0,recorder_8/shape_2/3,shape_2/3,0.0,-0.010895278371854295,0.010895278371854295
source_199_200_null_16385,lag,numerical/depth_20/lag,400,0,0,0.0,-0.010895278371854295,0.010895278371854295,1.0,0,numerical/depth_20/lag,lag,-0.0,-0.010895278371854295,0.010895278371854295
source_199_200_null_16385,lag,numerical/depth_28/lag,400,0,0,0.0,-0.010895278371854295,0.010895278371854295,1.0,0,numerical/depth_28/lag,lag,-0.0,-0.010895278371854295,0.010895278371854295
source_199_200_null_16385,lag,numerical/depth_36/lag,400,0,0,0.0,-0.010895278371854295,0.010895278371854295,1.0,0,numerical/depth_36/lag,lag,-0.0,-0.010895278371854295,0.010895278371854295
source_199_200_null_16385,lag,numerical/precision_160/lag,400,0,0,0.0,-0.010895278371854295,0.010895278371854295,1.0,0,numerical/precision_160/lag,lag,-0.0,-0.010895278371854295,0.010895278371854295
source_199_200_null_16385,lag,numerical/precision_320/lag,400,0,0,0.0,-0.010895278371854295,0.010895278371854295,1.0,0,numerical/precision_320/lag,lag,-0.0,-0.010895278371854295,0.010895278371854295
source_199_200_null_16385,lag,numerical/precision_80/lag,400,0,0,0.0,-0.010895278371854295,0.010895278371854295,1.0,0,numerical/precision_80/lag,lag,-0.0,-0.010895278371854295,0.010895278371854295
source_199_200_null_16385,lower_cn,numerical/depth_20/lower_cn,400,0,0,0.0,-0.010895278371854295,0.010895278371854295,1.0,0,numerical/depth_20/lower_cn,lower_cn,-0.0,-0.010895278371854295,0.010895278371854295
source_199_200_null_16385,lower_cn,numerical/depth_28/lower_cn,400,0,0,0.0,-0.010895278371854295,0.010895278371854295,1.0,0,numerical/depth_28/lower_cn,lower_cn,-0.0,-0.010895278371854295,0.010895278371854295
source_199_200_null_16385,lower_cn,numerical/depth_36/lower_cn,400,0,0,0.0,-0.010895278371854295,0.010895278371854295,1.0,0,numerical/depth_36/lower_cn,lower_cn,-0.0,-0.010895278371854295,0.010895278371854295
source_199_200_null_16385,lower_cn,numerical/precision_160/lower_cn,400,0,0,0.0,-0.010895278371854295,0.010895278371854295,1.0,0,numerical/precision_160/lower_cn,lower_cn,-0.0,-0.010895278371854295,0.010895278371854295
source_199_200_null_16385,lower_cn,numerical/precision_320/lower_cn,400,0,0,0.0,-0.010895278371854295,0.010895278371854295,1.0,0,numerical/precision_320/lower_cn,lower_cn,-0.0,-0.010895278371854295,0.010895278371854295
source_199_200_null_16385,lower_cn,numerical/precision_80/lower_cn,400,0,0,0.0,-0.010895278371854295,0.010895278371854295,1.0,0,numerical/precision_80/lower_cn,lower_cn,-0.0,-0.010895278371854295,0.010895278371854295
source_199_200_null_16385,lower_cstar,numerical/depth_20/lower_cstar,400,0,0,0.0,-0.010895278371854295,0.010895278371854295,1.0,0,numerical/depth_20/lower_cstar,lower_cstar,-0.0,-0.010895278371854295,0.010895278371854295
source_199_200_null_16385,lower_cstar,numerical/depth_28/lower_cstar,400,0,0,0.0,-0.010895278371854295,0.010895278371854295,1.0,0,numerical/depth_28/lower_cstar,lower_cstar,-0.0,-0.010895278371854295,0.010895278371854295
source_199_200_null_16385,lower_cstar,numerical/depth_36/lower_cstar,400,0,0,0.0,-0.010895278371854295,0.010895278371854295,1.0,0,numerical/depth_36/lower_cstar,lower_cstar,-0.0,-0.010895278371854295,0.010895278371854295
source_199_200_null_16385,lower_cstar,numerical/precision_160/lower_cstar,400,0,0,0.0,-0.010895278371854295,0.010895278371854295,1.0,0,numerical/precision_160/lower_cstar,lower_cstar,-0.0,-0.010895278371854295,0.010895278371854295
source_199_200_null_16385,lower_cstar,numerical/precision_320/lower_cstar,400,0,0,0.0,-0.010895278371854295,0.010895278371854295,1.0,0,numerical/precision_320/lower_cstar,lower_cstar,-0.0,-0.010895278371854295,0.010895278371854295
source_199_200_null_16385,lower_cstar,numerical/precision_80/lower_cstar,400,0,0,0.0,-0.010895278371854295,0.010895278371854295,1.0,0,numerical/precision_80/lower_cstar,lower_cstar,-0.0,-0.010895278371854295,0.010895278371854295
source_199_200_null_16385,lower_intersection,numerical/depth_20/lower_intersection,400,0,0,0.0,-0.010895278371854295,0.010895278371854295,1.0,0,numerical/depth_20/lower_intersection,lower_intersection,-0.0,-0.010895278371854295,0.010895278371854295
source_199_200_null_16385,lower_intersection,numerical/depth_28/lower_intersection,400,0,0,0.0,-0.010895278371854295,0.010895278371854295,1.0,0,numerical/depth_28/lower_intersection,lower_intersection,-0.0,-0.010895278371854295,0.010895278371854295
source_199_200_null_16385,lower_intersection,numerical/depth_36/lower_intersection,400,0,0,0.0,-0.010895278371854295,0.010895278371854295,1.0,0,numerical/depth_36/lower_intersection,lower_intersection,-0.0,-0.010895278371854295,0.010895278371854295
source_199_200_null_16385,lower_intersection,numerical/precision_160/lower_intersection,400,0,0,0.0,-0.010895278371854295,0.010895278371854295,1.0,0,numerical/precision_160/lower_intersection,lower_intersection,-0.0,-0.010895278371854295,0.010895278371854295
source_199_200_null_16385,lower_intersection,numerical/precision_320/lower_intersection,400,0,0,0.0,-0.010895278371854295,0.010895278371854295,1.0,0,numerical/precision_320/lower_intersection,lower_intersection,-0.0,-0.010895278371854295,0.010895278371854295
source_199_200_null_16385,lower_intersection,numerical/precision_80/lower_intersection,400,0,0,0.0,-0.010895278371854295,0.010895278371854295,1.0,0,numerical/precision_80/lower_intersection,lower_intersection,-0.0,-0.010895278371854295,0.010895278371854295
source_199_200_null_16385,numerical/depth_20/two_sided,two_sided,400,0,0,0.0,-0.010895278371854295,0.010895278371854295,1.0,0,numerical/depth_20/two_sided,two_sided,0.0,-0.010895278371854295,0.010895278371854295
source_199_200_null_16385,numerical/depth_20/two_sided_intersection,two_sided_intersection,400,0,0,0.0,-0.010895278371854295,0.010895278371854295,1.0,0,numerical/depth_20/two_sided_intersection,two_sided_intersection,0.0,-0.010895278371854295,0.010895278371854295
source_199_200_null_16385,numerical/depth_28/two_sided,two_sided,400,0,0,0.0,-0.010895278371854295,0.010895278371854295,1.0,0,numerical/depth_28/two_sided,two_sided,0.0,-0.010895278371854295,0.010895278371854295
source_199_200_null_16385,numerical/depth_28/two_sided_intersection,two_sided_intersection,400,0,0,0.0,-0.010895278371854295,0.010895278371854295,1.0,0,numerical/depth_28/two_sided_intersection,two_sided_intersection,0.0,-0.010895278371854295,0.010895278371854295
source_199_200_null_16385,numerical/depth_36/two_sided,two_sided,400,0,0,0.0,-0.010895278371854295,0.010895278371854295,1.0,0,numerical/depth_36/two_sided,two_sided,0.0,-0.010895278371854295,0.010895278371854295
source_199_200_null_16385,numerical/depth_36/two_sided_intersection,two_sided_intersection,400,0,0,0.0,-0.010895278371854295,0.010895278371854295,1.0,0,numerical/depth_36/two_sided_intersection,two_sided_intersection,0.0,-0.010895278371854295,0.010895278371854295
source_199_200_null_16385,numerical/precision_160/two_sided,two_sided,400,0,0,0.0,-0.010895278371854295,0.010895278371854295,1.0,0,numerical/precision_160/two_sided,two_sided,0.0,-0.010895278371854295,0.010895278371854295
source_199_200_null_16385,numerical/precision_160/two_sided_intersection,two_sided_intersection,400,0,0,0.0,-0.010895278371854295,0.010895278371854295,1.0,0,numerical/precision_160/two_sided_intersection,two_sided_intersection,0.0,-0.010895278371854295,0.010895278371854295
source_199_200_null_16385,numerical/precision_320/two_sided,two_sided,400,0,0,0.0,-0.010895278371854295,0.010895278371854295,1.0,0,numerical/precision_320/two_sided,two_sided,0.0,-0.010895278371854295,0.010895278371854295
source_199_200_null_16385,numerical/precision_320/two_sided_intersection,two_sided_intersection,400,0,0,0.0,-0.010895278371854295,0.010895278371854295,1.0,0,numerical/precision_320/two_sided_intersection,two_sided_intersection,0.0,-0.010895278371854295,0.010895278371854295
source_199_200_null_16385,numerical/precision_80/two_sided,two_sided,400,0,0,0.0,-0.010895278371854295,0.010895278371854295,1.0,0,numerical/precision_80/two_sided,two_sided,0.0,-0.010895278371854295,0.010895278371854295
source_199_200_null_16385,numerical/precision_80/two_sided_intersection,two_sided_intersection,400,0,0,0.0,-0.010895278371854295,0.010895278371854295,1.0,0,numerical/precision_80/two_sided_intersection,two_sided_intersection,0.0,-0.010895278371854295,0.010895278371854295
source_199_200_null_65537,lag,numerical/depth_20/lag,400,0,0,0.0,-0.010895278371854295,0.010895278371854295,1.0,0,numerical/depth_20/lag,lag,-0.0,-0.010895278371854295,0.010895278371854295
source_199_200_null_65537,lag,numerical/depth_28/lag,400,0,0,0.0,-0.010895278371854295,0.010895278371854295,1.0,0,numerical/depth_28/lag,lag,-0.0,-0.010895278371854295,0.010895278371854295
source_199_200_null_65537,lag,numerical/depth_36/lag,400,0,0,0.0,-0.010895278371854295,0.010895278371854295,1.0,0,numerical/depth_36/lag,lag,-0.0,-0.010895278371854295,0.010895278371854295
source_199_200_null_65537,lag,numerical/precision_160/lag,400,0,0,0.0,-0.010895278371854295,0.010895278371854295,1.0,0,numerical/precision_160/lag,lag,-0.0,-0.010895278371854295,0.010895278371854295
source_199_200_null_65537,lag,numerical/precision_320/lag,400,0,0,0.0,-0.010895278371854295,0.010895278371854295,1.0,0,numerical/precision_320/lag,lag,-0.0,-0.010895278371854295,0.010895278371854295
source_199_200_null_65537,lag,numerical/precision_80/lag,400,0,0,0.0,-0.010895278371854295,0.010895278371854295,1.0,0,numerical/precision_80/lag,lag,-0.0,-0.010895278371854295,0.010895278371854295
source_199_200_null_65537,lower_cn,numerical/depth_20/lower_cn,400,0,0,0.0,-0.010895278371854295,0.010895278371854295,1.0,0,numerical/depth_20/lower_cn,lower_cn,-0.0,-0.010895278371854295,0.010895278371854295
source_199_200_null_65537,lower_cn,numerical/depth_28/lower_cn,400,0,0,0.0,-0.010895278371854295,0.010895278371854295,1.0,0,numerical/depth_28/lower_cn,lower_cn,-0.0,-0.010895278371854295,0.010895278371854295
source_199_200_null_65537,lower_cn,numerical/depth_36/lower_cn,400,0,0,0.0,-0.010895278371854295,0.010895278371854295,1.0,0,numerical/depth_36/lower_cn,lower_cn,-0.0,-0.010895278371854295,0.010895278371854295
source_199_200_null_65537,lower_cn,numerical/precision_160/lower_cn,400,0,0,0.0,-0.010895278371854295,0.010895278371854295,1.0,0,numerical/precision_160/lower_cn,lower_cn,-0.0,-0.010895278371854295,0.010895278371854295
source_199_200_null_65537,lower_cn,numerical/precision_320/lower_cn,400,0,0,0.0,-0.010895278371854295,0.010895278371854295,1.0,0,numerical/precision_320/lower_cn,lower_cn,-0.0,-0.010895278371854295,0.010895278371854295
source_199_200_null_65537,lower_cn,numerical/precision_80/lower_cn,400,0,0,0.0,-0.010895278371854295,0.010895278371854295,1.0,0,numerical/precision_80/lower_cn,lower_cn,-0.0,-0.010895278371854295,0.010895278371854295
source_199_200_null_65537,lower_cstar,numerical/depth_20/lower_cstar,400,0,0,0.0,-0.010895278371854295,0.010895278371854295,1.0,0,numerical/depth_20/lower_cstar,lower_cstar,-0.0,-0.010895278371854295,0.010895278371854295
source_199_200_null_65537,lower_cstar,numerical/depth_28/lower_cstar,400,0,0,0.0,-0.010895278371854295,0.010895278371854295,1.0,0,numerical/depth_28/lower_cstar,lower_cstar,-0.0,-0.010895278371854295,0.010895278371854295
source_199_200_null_65537,lower_cstar,numerical/depth_36/lower_cstar,400,0,0,0.0,-0.010895278371854295,0.010895278371854295,1.0,0,numerical/depth_36/lower_cstar,lower_cstar,-0.0,-0.010895278371854295,0.010895278371854295
source_199_200_null_65537,lower_cstar,numerical/precision_160/lower_cstar,400,0,0,0.0,-0.010895278371854295,0.010895278371854295,1.0,0,numerical/precision_160/lower_cstar,lower_cstar,-0.0,-0.010895278371854295,0.010895278371854295
source_199_200_null_65537,lower_cstar,numerical/precision_320/lower_cstar,400,0,0,0.0,-0.010895278371854295,0.010895278371854295,1.0,0,numerical/precision_320/lower_cstar,lower_cstar,-0.0,-0.010895278371854295,0.010895278371854295
source_199_200_null_65537,lower_cstar,numerical/precision_80/lower_cstar,400,0,0,0.0,-0.010895278371854295,0.010895278371854295,1.0,0,numerical/precision_80/lower_cstar,lower_cstar,-0.0,-0.010895278371854295,0.010895278371854295
source_199_200_null_65537,lower_intersection,numerical/depth_20/lower_intersection,400,0,0,0.0,-0.010895278371854295,0.010895278371854295,1.0,0,numerical/depth_20/lower_intersection,lower_intersection,-0.0,-0.010895278371854295,0.010895278371854295
source_199_200_null_65537,lower_intersection,numerical/depth_28/lower_intersection,400,0,0,0.0,-0.010895278371854295,0.010895278371854295,1.0,0,numerical/depth_28/lower_intersection,lower_intersection,-0.0,-0.010895278371854295,0.010895278371854295
source_199_200_null_65537,lower_intersection,numerical/depth_36/lower_intersection,400,0,0,0.0,-0.010895278371854295,0.010895278371854295,1.0,0,numerical/depth_36/lower_intersection,lower_intersection,-0.0,-0.010895278371854295,0.010895278371854295
source_199_200_null_65537,lower_intersection,numerical/precision_160/lower_intersection,400,0,0,0.0,-0.010895278371854295,0.010895278371854295,1.0,0,numerical/precision_160/lower_intersection,lower_intersection,-0.0,-0.010895278371854295,0.010895278371854295
source_199_200_null_65537,lower_intersection,numerical/precision_320/lower_intersection,400,0,0,0.0,-0.010895278371854295,0.010895278371854295,1.0,0,numerical/precision_320/lower_intersection,lower_intersection,-0.0,-0.010895278371854295,0.010895278371854295
source_199_200_null_65537,lower_intersection,numerical/precision_80/lower_intersection,400,0,0,0.0,-0.010895278371854295,0.010895278371854295,1.0,0,numerical/precision_80/lower_intersection,lower_intersection,-0.0,-0.010895278371854295,0.010895278371854295
source_199_200_null_65537,numerical/depth_20/two_sided,two_sided,400,0,0,0.0,-0.010895278371854295,0.010895278371854295,1.0,0,numerical/depth_20/two_sided,two_sided,0.0,-0.010895278371854295,0.010895278371854295
source_199_200_null_65537,numerical/depth_20/two_sided_intersection,two_sided_intersection,400,0,0,0.0,-0.010895278371854295,0.010895278371854295,1.0,0,numerical/depth_20/two_sided_intersection,two_sided_intersection,0.0,-0.010895278371854295,0.010895278371854295
source_199_200_null_65537,numerical/depth_28/two_sided,two_sided,400,0,0,0.0,-0.010895278371854295,0.010895278371854295,1.0,0,numerical/depth_28/two_sided,two_sided,0.0,-0.010895278371854295,0.010895278371854295
source_199_200_null_65537,numerical/depth_28/two_sided_intersection,two_sided_intersection,400,0,0,0.0,-0.010895278371854295,0.010895278371854295,1.0,0,numerical/depth_28/two_sided_intersection,two_sided_intersection,0.0,-0.010895278371854295,0.010895278371854295
source_199_200_null_65537,numerical/depth_36/two_sided,two_sided,400,0,0,0.0,-0.010895278371854295,0.010895278371854295,1.0,0,numerical/depth_36/two_sided,two_sided,0.0,-0.010895278371854295,0.010895278371854295
source_199_200_null_65537,numerical/depth_36/two_sided_intersection,two_sided_intersection,400,0,0,0.0,-0.010895278371854295,0.010895278371854295,1.0,0,numerical/depth_36/two_sided_intersection,two_sided_intersection,0.0,-0.010895278371854295,0.010895278371854295
source_199_200_null_65537,numerical/precision_160/two_sided,two_sided,400,0,0,0.0,-0.010895278371854295,0.010895278371854295,1.0,0,numerical/precision_160/two_sided,two_sided,0.0,-0.010895278371854295,0.010895278371854295
source_199_200_null_65537,numerical/precision_160/two_sided_intersection,two_sided_intersection,400,0,0,0.0,-0.010895278371854295,0.010895278371854295,1.0,0,numerical/precision_160/two_sided_intersection,two_sided_intersection,0.0,-0.010895278371854295,0.010895278371854295
source_199_200_null_65537,numerical/precision_320/two_sided,two_sided,400,0,0,0.0,-0.010895278371854295,0.010895278371854295,1.0,0,numerical/precision_320/two_sided,two_sided,0.0,-0.010895278371854295,0.010895278371854295
source_199_200_null_65537,numerical/precision_320/two_sided_intersection,two_sided_intersection,400,0,0,0.0,-0.010895278371854295,0.010895278371854295,1.0,0,numerical/precision_320/two_sided_intersection,two_sided_intersection,0.0,-0.010895278371854295,0.010895278371854295
source_199_200_null_65537,numerical/precision_80/two_sided,two_sided,400,0,0,0.0,-0.010895278371854295,0.010895278371854295,1.0,0,numerical/precision_80/two_sided,two_sided,0.0,-0.010895278371854295,0.010895278371854295
source_199_200_null_65537,numerical/precision_80/two_sided_intersection,two_sided_intersection,400,0,0,0.0,-0.010895278371854295,0.010895278371854295,1.0,0,numerical/precision_80/two_sided_intersection,two_sided_intersection,0.0,-0.010895278371854295,0.010895278371854295
source_199_200_strong_16385,lag,numerical/depth_20/lag,200,0,0,0.0,-0.021671849652908394,0.021671849652908394,1.0,0,numerical/depth_20/lag,lag,-0.0,-0.021671849652908394,0.021671849652908394
source_199_200_strong_16385,lag,numerical/depth_28/lag,200,0,0,0.0,-0.021671849652908394,0.021671849652908394,1.0,0,numerical/depth_28/lag,lag,-0.0,-0.021671849652908394,0.021671849652908394
source_199_200_strong_16385,lag,numerical/depth_36/lag,200,0,0,0.0,-0.021671849652908394,0.021671849652908394,1.0,0,numerical/depth_36/lag,lag,-0.0,-0.021671849652908394,0.021671849652908394
source_199_200_strong_16385,lag,numerical/precision_160/lag,200,0,0,0.0,-0.021671849652908394,0.021671849652908394,1.0,0,numerical/precision_160/lag,lag,-0.0,-0.021671849652908394,0.021671849652908394
source_199_200_strong_16385,lag,numerical/precision_320/lag,200,0,0,0.0,-0.021671849652908394,0.021671849652908394,1.0,0,numerical/precision_320/lag,lag,-0.0,-0.021671849652908394,0.021671849652908394
source_199_200_strong_16385,lag,numerical/precision_80/lag,200,0,0,0.0,-0.021671849652908394,0.021671849652908394,1.0,0,numerical/precision_80/lag,lag,-0.0,-0.021671849652908394,0.021671849652908394
source_199_200_strong_16385,lower_cn,numerical/depth_20/lower_cn,200,0,0,0.0,-0.021671849652908394,0.021671849652908394,1.0,0,numerical/depth_20/lower_cn,lower_cn,-0.0,-0.021671849652908394,0.021671849652908394
source_199_200_strong_16385,lower_cn,numerical/depth_28/lower_cn,200,0,0,0.0,-0.021671849652908394,0.021671849652908394,1.0,0,numerical/depth_28/lower_cn,lower_cn,-0.0,-0.021671849652908394,0.021671849652908394
source_199_200_strong_16385,lower_cn,numerical/depth_36/lower_cn,200,0,0,0.0,-0.021671849652908394,0.021671849652908394,1.0,0,numerical/depth_36/lower_cn,lower_cn,-0.0,-0.021671849652908394,0.021671849652908394
source_199_200_strong_16385,lower_cn,numerical/precision_160/lower_cn,200,0,0,0.0,-0.021671849652908394,0.021671849652908394,1.0,0,numerical/precision_160/lower_cn,lower_cn,-0.0,-0.021671849652908394,0.021671849652908394
source_199_200_strong_16385,lower_cn,numerical/precision_320/lower_cn,200,0,0,0.0,-0.021671849652908394,0.021671849652908394,1.0,0,numerical/precision_320/lower_cn,lower_cn,-0.0,-0.021671849652908394,0.021671849652908394
source_199_200_strong_16385,lower_cn,numerical/precision_80/lower_cn,200,0,0,0.0,-0.021671849652908394,0.021671849652908394,1.0,0,numerical/precision_80/lower_cn,lower_cn,-0.0,-0.021671849652908394,0.021671849652908394
source_199_200_strong_16385,lower_cstar,numerical/depth_20/lower_cstar,200,0,0,0.0,-0.021671849652908394,0.021671849652908394,1.0,0,numerical/depth_20/lower_cstar,lower_cstar,-0.0,-0.021671849652908394,0.021671849652908394
source_199_200_strong_16385,lower_cstar,numerical/depth_28/lower_cstar,200,0,0,0.0,-0.021671849652908394,0.021671849652908394,1.0,0,numerical/depth_28/lower_cstar,lower_cstar,-0.0,-0.021671849652908394,0.021671849652908394
source_199_200_strong_16385,lower_cstar,numerical/depth_36/lower_cstar,200,0,0,0.0,-0.021671849652908394,0.021671849652908394,1.0,0,numerical/depth_36/lower_cstar,lower_cstar,-0.0,-0.021671849652908394,0.021671849652908394
source_199_200_strong_16385,lower_cstar,numerical/precision_160/lower_cstar,200,0,0,0.0,-0.021671849652908394,0.021671849652908394,1.0,0,numerical/precision_160/lower_cstar,lower_cstar,-0.0,-0.021671849652908394,0.021671849652908394
source_199_200_strong_16385,lower_cstar,numerical/precision_320/lower_cstar,200,0,0,0.0,-0.021671849652908394,0.021671849652908394,1.0,0,numerical/precision_320/lower_cstar,lower_cstar,-0.0,-0.021671849652908394,0.021671849652908394
source_199_200_strong_16385,lower_cstar,numerical/precision_80/lower_cstar,200,0,0,0.0,-0.021671849652908394,0.021671849652908394,1.0,0,numerical/precision_80/lower_cstar,lower_cstar,-0.0,-0.021671849652908394,0.021671849652908394
source_199_200_strong_16385,lower_intersection,numerical/depth_20/lower_intersection,200,0,0,0.0,-0.021671849652908394,0.021671849652908394,1.0,0,numerical/depth_20/lower_intersection,lower_intersection,-0.0,-0.021671849652908394,0.021671849652908394
source_199_200_strong_16385,lower_intersection,numerical/depth_28/lower_intersection,200,0,0,0.0,-0.021671849652908394,0.021671849652908394,1.0,0,numerical/depth_28/lower_intersection,lower_intersection,-0.0,-0.021671849652908394,0.021671849652908394
source_199_200_strong_16385,lower_intersection,numerical/depth_36/lower_intersection,200,0,0,0.0,-0.021671849652908394,0.021671849652908394,1.0,0,numerical/depth_36/lower_intersection,lower_intersection,-0.0,-0.021671849652908394,0.021671849652908394
source_199_200_strong_16385,lower_intersection,numerical/precision_160/lower_intersection,200,0,0,0.0,-0.021671849652908394,0.021671849652908394,1.0,0,numerical/precision_160/lower_intersection,lower_intersection,-0.0,-0.021671849652908394,0.021671849652908394
source_199_200_strong_16385,lower_intersection,numerical/precision_320/lower_intersection,200,0,0,0.0,-0.021671849652908394,0.021671849652908394,1.0,0,numerical/precision_320/lower_intersection,lower_intersection,-0.0,-0.021671849652908394,0.021671849652908394
source_199_200_strong_16385,lower_intersection,numerical/precision_80/lower_intersection,200,0,0,0.0,-0.021671849652908394,0.021671849652908394,1.0,0,numerical/precision_80/lower_intersection,lower_intersection,-0.0,-0.021671849652908394,0.021671849652908394
source_199_200_strong_16385,numerical/depth_20/two_sided,two_sided,200,0,0,0.0,-0.021671849652908394,0.021671849652908394,1.0,0,numerical/depth_20/two_sided,two_sided,0.0,-0.021671849652908394,0.021671849652908394
source_199_200_strong_16385,numerical/depth_20/two_sided_intersection,two_sided_intersection,200,0,1,-0.005,-0.0314787973189488,0.021608957719654653,1.0,1,numerical/depth_20/two_sided_intersection,two_sided_intersection,-0.005,-0.0314787973189488,0.021608957719654653
source_199_200_strong_16385,numerical/depth_28/two_sided,two_sided,200,0,0,0.0,-0.021671849652908394,0.021671849652908394,1.0,0,numerical/depth_28/two_sided,two_sided,0.0,-0.021671849652908394,0.021671849652908394
source_199_200_strong_16385,numerical/depth_28/two_sided_intersection,two_sided_intersection,200,0,0,0.0,-0.021671849652908394,0.021671849652908394,1.0,0,numerical/depth_28/two_sided_intersection,two_sided_intersection,0.0,-0.021671849652908394,0.021671849652908394
source_199_200_strong_16385,numerical/depth_36/two_sided,two_sided,200,0,0,0.0,-0.021671849652908394,0.021671849652908394,1.0,0,numerical/depth_36/two_sided,two_sided,0.0,-0.021671849652908394,0.021671849652908394
source_199_200_strong_16385,numerical/depth_36/two_sided_intersection,two_sided_intersection,200,0,0,0.0,-0.021671849652908394,0.021671849652908394,1.0,0,numerical/depth_36/two_sided_intersection,two_sided_intersection,0.0,-0.021671849652908394,0.021671849652908394
source_199_200_strong_16385,numerical/precision_160/two_sided,two_sided,200,0,0,0.0,-0.021671849652908394,0.021671849652908394,1.0,0,numerical/precision_160/two_sided,two_sided,0.0,-0.021671849652908394,0.021671849652908394
source_199_200_strong_16385,numerical/precision_160/two_sided_intersection,two_sided_intersection,200,0,0,0.0,-0.021671849652908394,0.021671849652908394,1.0,0,numerical/precision_160/two_sided_intersection,two_sided_intersection,0.0,-0.021671849652908394,0.021671849652908394
source_199_200_strong_16385,numerical/precision_320/two_sided,two_sided,200,0,0,0.0,-0.021671849652908394,0.021671849652908394,1.0,0,numerical/precision_320/two_sided,two_sided,0.0,-0.021671849652908394,0.021671849652908394
source_199_200_strong_16385,numerical/precision_320/two_sided_intersection,two_sided_intersection,200,0,0,0.0,-0.021671849652908394,0.021671849652908394,1.0,0,numerical/precision_320/two_sided_intersection,two_sided_intersection,0.0,-0.021671849652908394,0.021671849652908394
source_199_200_strong_16385,numerical/precision_80/two_sided,two_sided,200,0,0,0.0,-0.021671849652908394,0.021671849652908394,1.0,0,numerical/precision_80/two_sided,two_sided,0.0,-0.021671849652908394,0.021671849652908394
source_199_200_strong_16385,numerical/precision_80/two_sided_intersection,two_sided_intersection,200,0,0,0.0,-0.021671849652908394,0.021671849652908394,1.0,0,numerical/precision_80/two_sided_intersection,two_sided_intersection,0.0,-0.021671849652908394,0.021671849652908394
source_199_200_strong_65537,lag,numerical/depth_20/lag,200,0,0,0.0,-0.021671849652908394,0.021671849652908394,1.0,0,numerical/depth_20/lag,lag,-0.0,-0.021671849652908394,0.021671849652908394
source_199_200_strong_65537,lag,numerical/depth_28/lag,200,0,0,0.0,-0.021671849652908394,0.021671849652908394,1.0,0,numerical/depth_28/lag,lag,-0.0,-0.021671849652908394,0.021671849652908394
source_199_200_strong_65537,lag,numerical/depth_36/lag,200,0,0,0.0,-0.021671849652908394,0.021671849652908394,1.0,0,numerical/depth_36/lag,lag,-0.0,-0.021671849652908394,0.021671849652908394
source_199_200_strong_65537,lag,numerical/precision_160/lag,200,0,0,0.0,-0.021671849652908394,0.021671849652908394,1.0,0,numerical/precision_160/lag,lag,-0.0,-0.021671849652908394,0.021671849652908394
source_199_200_strong_65537,lag,numerical/precision_320/lag,200,0,0,0.0,-0.021671849652908394,0.021671849652908394,1.0,0,numerical/precision_320/lag,lag,-0.0,-0.021671849652908394,0.021671849652908394
source_199_200_strong_65537,lag,numerical/precision_80/lag,200,0,0,0.0,-0.021671849652908394,0.021671849652908394,1.0,0,numerical/precision_80/lag,lag,-0.0,-0.021671849652908394,0.021671849652908394
source_199_200_strong_65537,lower_cn,numerical/depth_20/lower_cn,200,0,0,0.0,-0.021671849652908394,0.021671849652908394,1.0,0,numerical/depth_20/lower_cn,lower_cn,-0.0,-0.021671849652908394,0.021671849652908394
source_199_200_strong_65537,lower_cn,numerical/depth_28/lower_cn,200,0,0,0.0,-0.021671849652908394,0.021671849652908394,1.0,0,numerical/depth_28/lower_cn,lower_cn,-0.0,-0.021671849652908394,0.021671849652908394
source_199_200_strong_65537,lower_cn,numerical/depth_36/lower_cn,200,0,0,0.0,-0.021671849652908394,0.021671849652908394,1.0,0,numerical/depth_36/lower_cn,lower_cn,-0.0,-0.021671849652908394,0.021671849652908394
source_199_200_strong_65537,lower_cn,numerical/precision_160/lower_cn,200,0,0,0.0,-0.021671849652908394,0.021671849652908394,1.0,0,numerical/precision_160/lower_cn,lower_cn,-0.0,-0.021671849652908394,0.021671849652908394
source_199_200_strong_65537,lower_cn,numerical/precision_320/lower_cn,200,0,0,0.0,-0.021671849652908394,0.021671849652908394,1.0,0,numerical/precision_320/lower_cn,lower_cn,-0.0,-0.021671849652908394,0.021671849652908394
source_199_200_strong_65537,lower_cn,numerical/precision_80/lower_cn,200,0,0,0.0,-0.021671849652908394,0.021671849652908394,1.0,0,numerical/precision_80/lower_cn,lower_cn,-0.0,-0.021671849652908394,0.021671849652908394
source_199_200_strong_65537,lower_cstar,numerical/depth_20/lower_cstar,200,0,0,0.0,-0.021671849652908394,0.021671849652908394,1.0,0,numerical/depth_20/lower_cstar,lower_cstar,-0.0,-0.021671849652908394,0.021671849652908394
source_199_200_strong_65537,lower_cstar,numerical/depth_28/lower_cstar,200,0,0,0.0,-0.021671849652908394,0.021671849652908394,1.0,0,numerical/depth_28/lower_cstar,lower_cstar,-0.0,-0.021671849652908394,0.021671849652908394
source_199_200_strong_65537,lower_cstar,numerical/depth_36/lower_cstar,200,0,0,0.0,-0.021671849652908394,0.021671849652908394,1.0,0,numerical/depth_36/lower_cstar,lower_cstar,-0.0,-0.021671849652908394,0.021671849652908394
source_199_200_strong_65537,lower_cstar,numerical/precision_160/lower_cstar,200,0,0,0.0,-0.021671849652908394,0.021671849652908394,1.0,0,numerical/precision_160/lower_cstar,lower_cstar,-0.0,-0.021671849652908394,0.021671849652908394
source_199_200_strong_65537,lower_cstar,numerical/precision_320/lower_cstar,200,0,0,0.0,-0.021671849652908394,0.021671849652908394,1.0,0,numerical/precision_320/lower_cstar,lower_cstar,-0.0,-0.021671849652908394,0.021671849652908394
source_199_200_strong_65537,lower_cstar,numerical/precision_80/lower_cstar,200,0,0,0.0,-0.021671849652908394,0.021671849652908394,1.0,0,numerical/precision_80/lower_cstar,lower_cstar,-0.0,-0.021671849652908394,0.021671849652908394
source_199_200_strong_65537,lower_intersection,numerical/depth_20/lower_intersection,200,0,0,0.0,-0.021671849652908394,0.021671849652908394,1.0,0,numerical/depth_20/lower_intersection,lower_intersection,-0.0,-0.021671849652908394,0.021671849652908394
source_199_200_strong_65537,lower_intersection,numerical/depth_28/lower_intersection,200,0,0,0.0,-0.021671849652908394,0.021671849652908394,1.0,0,numerical/depth_28/lower_intersection,lower_intersection,-0.0,-0.021671849652908394,0.021671849652908394
source_199_200_strong_65537,lower_intersection,numerical/depth_36/lower_intersection,200,0,0,0.0,-0.021671849652908394,0.021671849652908394,1.0,0,numerical/depth_36/lower_intersection,lower_intersection,-0.0,-0.021671849652908394,0.021671849652908394
source_199_200_strong_65537,lower_intersection,numerical/precision_160/lower_intersection,200,0,0,0.0,-0.021671849652908394,0.021671849652908394,1.0,0,numerical/precision_160/lower_intersection,lower_intersection,-0.0,-0.021671849652908394,0.021671849652908394
source_199_200_strong_65537,lower_intersection,numerical/precision_320/lower_intersection,200,0,0,0.0,-0.021671849652908394,0.021671849652908394,1.0,0,numerical/precision_320/lower_intersection,lower_intersection,-0.0,-0.021671849652908394,0.021671849652908394
source_199_200_strong_65537,lower_intersection,numerical/precision_80/lower_intersection,200,0,0,0.0,-0.021671849652908394,0.021671849652908394,1.0,0,numerical/precision_80/lower_intersection,lower_intersection,-0.0,-0.021671849652908394,0.021671849652908394
source_199_200_strong_65537,numerical/depth_20/two_sided,two_sided,200,0,0,0.0,-0.021671849652908394,0.021671849652908394,1.0,0,numerical/depth_20/two_sided,two_sided,0.0,-0.021671849652908394,0.021671849652908394
source_199_200_strong_65537,numerical/depth_20/two_sided_intersection,two_sided_intersection,200,0,0,0.0,-0.021671849652908394,0.021671849652908394,1.0,0,numerical/depth_20/two_sided_intersection,two_sided_intersection,0.0,-0.021671849652908394,0.021671849652908394
source_199_200_strong_65537,numerical/depth_28/two_sided,two_sided,200,0,0,0.0,-0.021671849652908394,0.021671849652908394,1.0,0,numerical/depth_28/two_sided,two_sided,0.0,-0.021671849652908394,0.021671849652908394
source_199_200_strong_65537,numerical/depth_28/two_sided_intersection,two_sided_intersection,200,0,0,0.0,-0.021671849652908394,0.021671849652908394,1.0,0,numerical/depth_28/two_sided_intersection,two_sided_intersection,0.0,-0.021671849652908394,0.021671849652908394
source_199_200_strong_65537,numerical/depth_36/two_sided,two_sided,200,0,0,0.0,-0.021671849652908394,0.021671849652908394,1.0,0,numerical/depth_36/two_sided,two_sided,0.0,-0.021671849652908394,0.021671849652908394
source_199_200_strong_65537,numerical/depth_36/two_sided_intersection,two_sided_intersection,200,0,0,0.0,-0.021671849652908394,0.021671849652908394,1.0,0,numerical/depth_36/two_sided_intersection,two_sided_intersection,0.0,-0.021671849652908394,0.021671849652908394
source_199_200_strong_65537,numerical/precision_160/two_sided,two_sided,200,0,0,0.0,-0.021671849652908394,0.021671849652908394,1.0,0,numerical/precision_160/two_sided,two_sided,0.0,-0.021671849652908394,0.021671849652908394
source_199_200_strong_65537,numerical/precision_160/two_sided_intersection,two_sided_intersection,200,0,0,0.0,-0.021671849652908394,0.021671849652908394,1.0,0,numerical/precision_160/two_sided_intersection,two_sided_intersection,0.0,-0.021671849652908394,0.021671849652908394
source_199_200_strong_65537,numerical/precision_320/two_sided,two_sided,200,0,0,0.0,-0.021671849652908394,0.021671849652908394,1.0,0,numerical/precision_320/two_sided,two_sided,0.0,-0.021671849652908394,0.021671849652908394
source_199_200_strong_65537,numerical/precision_320/two_sided_intersection,two_sided_intersection,200,0,0,0.0,-0.021671849652908394,0.021671849652908394,1.0,0,numerical/precision_320/two_sided_intersection,two_sided_intersection,0.0,-0.021671849652908394,0.021671849652908394
source_199_200_strong_65537,numerical/precision_80/two_sided,two_sided,200,0,0,0.0,-0.021671849652908394,0.021671849652908394,1.0,0,numerical/precision_80/two_sided,two_sided,0.0,-0.021671849652908394,0.021671849652908394
source_199_200_strong_65537,numerical/precision_80/two_sided_intersection,two_sided_intersection,200,0,0,0.0,-0.021671849652908394,0.021671849652908394,1.0,0,numerical/precision_80/two_sided_intersection,two_sided_intersection,0.0,-0.021671849652908394,0.021671849652908394
source_199_200_weak_16385,lag,numerical/depth_20/lag,200,0,0,0.0,-0.021671849652908394,0.021671849652908394,1.0,0,numerical/depth_20/lag,lag,-0.0,-0.021671849652908394,0.021671849652908394
source_199_200_weak_16385,lag,numerical/depth_28/lag,200,0,0,0.0,-0.021671849652908394,0.021671849652908394,1.0,0,numerical/depth_28/lag,lag,-0.0,-0.021671849652908394,0.021671849652908394
source_199_200_weak_16385,lag,numerical/depth_36/lag,200,0,0,0.0,-0.021671849652908394,0.021671849652908394,1.0,0,numerical/depth_36/lag,lag,-0.0,-0.021671849652908394,0.021671849652908394
source_199_200_weak_16385,lag,numerical/precision_160/lag,200,0,0,0.0,-0.021671849652908394,0.021671849652908394,1.0,0,numerical/precision_160/lag,lag,-0.0,-0.021671849652908394,0.021671849652908394
source_199_200_weak_16385,lag,numerical/precision_320/lag,200,0,0,0.0,-0.021671849652908394,0.021671849652908394,1.0,0,numerical/precision_320/lag,lag,-0.0,-0.021671849652908394,0.021671849652908394
source_199_200_weak_16385,lag,numerical/precision_80/lag,200,0,0,0.0,-0.021671849652908394,0.021671849652908394,1.0,0,numerical/precision_80/lag,lag,-0.0,-0.021671849652908394,0.021671849652908394
source_199_200_weak_16385,lower_cn,numerical/depth_20/lower_cn,200,0,0,0.0,-0.021671849652908394,0.021671849652908394,1.0,0,numerical/depth_20/lower_cn,lower_cn,-0.0,-0.021671849652908394,0.021671849652908394
source_199_200_weak_16385,lower_cn,numerical/depth_28/lower_cn,200,0,0,0.0,-0.021671849652908394,0.021671849652908394,1.0,0,numerical/depth_28/lower_cn,lower_cn,-0.0,-0.021671849652908394,0.021671849652908394
source_199_200_weak_16385,lower_cn,numerical/depth_36/lower_cn,200,0,0,0.0,-0.021671849652908394,0.021671849652908394,1.0,0,numerical/depth_36/lower_cn,lower_cn,-0.0,-0.021671849652908394,0.021671849652908394
source_199_200_weak_16385,lower_cn,numerical/precision_160/lower_cn,200,0,0,0.0,-0.021671849652908394,0.021671849652908394,1.0,0,numerical/precision_160/lower_cn,lower_cn,-0.0,-0.021671849652908394,0.021671849652908394
source_199_200_weak_16385,lower_cn,numerical/precision_320/lower_cn,200,0,0,0.0,-0.021671849652908394,0.021671849652908394,1.0,0,numerical/precision_320/lower_cn,lower_cn,-0.0,-0.021671849652908394,0.021671849652908394
source_199_200_weak_16385,lower_cn,numerical/precision_80/lower_cn,200,0,0,0.0,-0.021671849652908394,0.021671849652908394,1.0,0,numerical/precision_80/lower_cn,lower_cn,-0.0,-0.021671849652908394,0.021671849652908394
source_199_200_weak_16385,lower_cstar,numerical/depth_20/lower_cstar,200,0,0,0.0,-0.021671849652908394,0.021671849652908394,1.0,0,numerical/depth_20/lower_cstar,lower_cstar,-0.0,-0.021671849652908394,0.021671849652908394
source_199_200_weak_16385,lower_cstar,numerical/depth_28/lower_cstar,200,0,0,0.0,-0.021671849652908394,0.021671849652908394,1.0,0,numerical/depth_28/lower_cstar,lower_cstar,-0.0,-0.021671849652908394,0.021671849652908394
source_199_200_weak_16385,lower_cstar,numerical/depth_36/lower_cstar,200,0,0,0.0,-0.021671849652908394,0.021671849652908394,1.0,0,numerical/depth_36/lower_cstar,lower_cstar,-0.0,-0.021671849652908394,0.021671849652908394
source_199_200_weak_16385,lower_cstar,numerical/precision_160/lower_cstar,200,0,0,0.0,-0.021671849652908394,0.021671849652908394,1.0,0,numerical/precision_160/lower_cstar,lower_cstar,-0.0,-0.021671849652908394,0.021671849652908394
source_199_200_weak_16385,lower_cstar,numerical/precision_320/lower_cstar,200,0,0,0.0,-0.021671849652908394,0.021671849652908394,1.0,0,numerical/precision_320/lower_cstar,lower_cstar,-0.0,-0.021671849652908394,0.021671849652908394
source_199_200_weak_16385,lower_cstar,numerical/precision_80/lower_cstar,200,0,0,0.0,-0.021671849652908394,0.021671849652908394,1.0,0,numerical/precision_80/lower_cstar,lower_cstar,-0.0,-0.021671849652908394,0.021671849652908394
source_199_200_weak_16385,lower_intersection,numerical/depth_20/lower_intersection,200,0,0,0.0,-0.021671849652908394,0.021671849652908394,1.0,0,numerical/depth_20/lower_intersection,lower_intersection,-0.0,-0.021671849652908394,0.021671849652908394
source_199_200_weak_16385,lower_intersection,numerical/depth_28/lower_intersection,200,0,0,0.0,-0.021671849652908394,0.021671849652908394,1.0,0,numerical/depth_28/lower_intersection,lower_intersection,-0.0,-0.021671849652908394,0.021671849652908394
source_199_200_weak_16385,lower_intersection,numerical/depth_36/lower_intersection,200,0,0,0.0,-0.021671849652908394,0.021671849652908394,1.0,0,numerical/depth_36/lower_intersection,lower_intersection,-0.0,-0.021671849652908394,0.021671849652908394
source_199_200_weak_16385,lower_intersection,numerical/precision_160/lower_intersection,200,0,0,0.0,-0.021671849652908394,0.021671849652908394,1.0,0,numerical/precision_160/lower_intersection,lower_intersection,-0.0,-0.021671849652908394,0.021671849652908394
source_199_200_weak_16385,lower_intersection,numerical/precision_320/lower_intersection,200,0,0,0.0,-0.021671849652908394,0.021671849652908394,1.0,0,numerical/precision_320/lower_intersection,lower_intersection,-0.0,-0.021671849652908394,0.021671849652908394
source_199_200_weak_16385,lower_intersection,numerical/precision_80/lower_intersection,200,0,0,0.0,-0.021671849652908394,0.021671849652908394,1.0,0,numerical/precision_80/lower_intersection,lower_intersection,-0.0,-0.021671849652908394,0.021671849652908394
source_199_200_weak_16385,numerical/depth_20/two_sided,two_sided,200,0,0,0.0,-0.021671849652908394,0.021671849652908394,1.0,0,numerical/depth_20/two_sided,two_sided,0.0,-0.021671849652908394,0.021671849652908394
source_199_200_weak_16385,numerical/depth_20/two_sided_intersection,two_sided_intersection,200,0,0,0.0,-0.021671849652908394,0.021671849652908394,1.0,0,numerical/depth_20/two_sided_intersection,two_sided_intersection,0.0,-0.021671849652908394,0.021671849652908394
source_199_200_weak_16385,numerical/depth_28/two_sided,two_sided,200,0,0,0.0,-0.021671849652908394,0.021671849652908394,1.0,0,numerical/depth_28/two_sided,two_sided,0.0,-0.021671849652908394,0.021671849652908394
source_199_200_weak_16385,numerical/depth_28/two_sided_intersection,two_sided_intersection,200,0,0,0.0,-0.021671849652908394,0.021671849652908394,1.0,0,numerical/depth_28/two_sided_intersection,two_sided_intersection,0.0,-0.021671849652908394,0.021671849652908394
source_199_200_weak_16385,numerical/depth_36/two_sided,two_sided,200,0,0,0.0,-0.021671849652908394,0.021671849652908394,1.0,0,numerical/depth_36/two_sided,two_sided,0.0,-0.021671849652908394,0.021671849652908394
source_199_200_weak_16385,numerical/depth_36/two_sided_intersection,two_sided_intersection,200,0,0,0.0,-0.021671849652908394,0.021671849652908394,1.0,0,numerical/depth_36/two_sided_intersection,two_sided_intersection,0.0,-0.021671849652908394,0.021671849652908394
source_199_200_weak_16385,numerical/precision_160/two_sided,two_sided,200,0,0,0.0,-0.021671849652908394,0.021671849652908394,1.0,0,numerical/precision_160/two_sided,two_sided,0.0,-0.021671849652908394,0.021671849652908394
source_199_200_weak_16385,numerical/precision_160/two_sided_intersection,two_sided_intersection,200,0,0,0.0,-0.021671849652908394,0.021671849652908394,1.0,0,numerical/precision_160/two_sided_intersection,two_sided_intersection,0.0,-0.021671849652908394,0.021671849652908394
source_199_200_weak_16385,numerical/precision_320/two_sided,two_sided,200,0,0,0.0,-0.021671849652908394,0.021671849652908394,1.0,0,numerical/precision_320/two_sided,two_sided,0.0,-0.021671849652908394,0.021671849652908394
source_199_200_weak_16385,numerical/precision_320/two_sided_intersection,two_sided_intersection,200,0,0,0.0,-0.021671849652908394,0.021671849652908394,1.0,0,numerical/precision_320/two_sided_intersection,two_sided_intersection,0.0,-0.021671849652908394,0.021671849652908394
source_199_200_weak_16385,numerical/precision_80/two_sided,two_sided,200,0,0,0.0,-0.021671849652908394,0.021671849652908394,1.0,0,numerical/precision_80/two_sided,two_sided,0.0,-0.021671849652908394,0.021671849652908394
source_199_200_weak_16385,numerical/precision_80/two_sided_intersection,two_sided_intersection,200,0,0,0.0,-0.021671849652908394,0.021671849652908394,1.0,0,numerical/precision_80/two_sided_intersection,two_sided_intersection,0.0,-0.021671849652908394,0.021671849652908394
source_199_200_weak_65537,lag,numerical/depth_20/lag,200,0,0,0.0,-0.021671849652908394,0.021671849652908394,1.0,0,numerical/depth_20/lag,lag,-0.0,-0.021671849652908394,0.021671849652908394
source_199_200_weak_65537,lag,numerical/depth_28/lag,200,0,0,0.0,-0.021671849652908394,0.021671849652908394,1.0,0,numerical/depth_28/lag,lag,-0.0,-0.021671849652908394,0.021671849652908394
source_199_200_weak_65537,lag,numerical/depth_36/lag,200,0,0,0.0,-0.021671849652908394,0.021671849652908394,1.0,0,numerical/depth_36/lag,lag,-0.0,-0.021671849652908394,0.021671849652908394
source_199_200_weak_65537,lag,numerical/precision_160/lag,200,0,0,0.0,-0.021671849652908394,0.021671849652908394,1.0,0,numerical/precision_160/lag,lag,-0.0,-0.021671849652908394,0.021671849652908394
source_199_200_weak_65537,lag,numerical/precision_320/lag,200,0,0,0.0,-0.021671849652908394,0.021671849652908394,1.0,0,numerical/precision_320/lag,lag,-0.0,-0.021671849652908394,0.021671849652908394
source_199_200_weak_65537,lag,numerical/precision_80/lag,200,0,0,0.0,-0.021671849652908394,0.021671849652908394,1.0,0,numerical/precision_80/lag,lag,-0.0,-0.021671849652908394,0.021671849652908394
source_199_200_weak_65537,lower_cn,numerical/depth_20/lower_cn,200,0,0,0.0,-0.021671849652908394,0.021671849652908394,1.0,0,numerical/depth_20/lower_cn,lower_cn,-0.0,-0.021671849652908394,0.021671849652908394
source_199_200_weak_65537,lower_cn,numerical/depth_28/lower_cn,200,0,0,0.0,-0.021671849652908394,0.021671849652908394,1.0,0,numerical/depth_28/lower_cn,lower_cn,-0.0,-0.021671849652908394,0.021671849652908394
source_199_200_weak_65537,lower_cn,numerical/depth_36/lower_cn,200,0,0,0.0,-0.021671849652908394,0.021671849652908394,1.0,0,numerical/depth_36/lower_cn,lower_cn,-0.0,-0.021671849652908394,0.021671849652908394
source_199_200_weak_65537,lower_cn,numerical/precision_160/lower_cn,200,0,0,0.0,-0.021671849652908394,0.021671849652908394,1.0,0,numerical/precision_160/lower_cn,lower_cn,-0.0,-0.021671849652908394,0.021671849652908394
source_199_200_weak_65537,lower_cn,numerical/precision_320/lower_cn,200,0,0,0.0,-0.021671849652908394,0.021671849652908394,1.0,0,numerical/precision_320/lower_cn,lower_cn,-0.0,-0.021671849652908394,0.021671849652908394
source_199_200_weak_65537,lower_cn,numerical/precision_80/lower_cn,200,0,0,0.0,-0.021671849652908394,0.021671849652908394,1.0,0,numerical/precision_80/lower_cn,lower_cn,-0.0,-0.021671849652908394,0.021671849652908394
source_199_200_weak_65537,lower_cstar,numerical/depth_20/lower_cstar,200,0,0,0.0,-0.021671849652908394,0.021671849652908394,1.0,0,numerical/depth_20/lower_cstar,lower_cstar,-0.0,-0.021671849652908394,0.021671849652908394
source_199_200_weak_65537,lower_cstar,numerical/depth_28/lower_cstar,200,0,0,0.0,-0.021671849652908394,0.021671849652908394,1.0,0,numerical/depth_28/lower_cstar,lower_cstar,-0.0,-0.021671849652908394,0.021671849652908394
source_199_200_weak_65537,lower_cstar,numerical/depth_36/lower_cstar,200,0,0,0.0,-0.021671849652908394,0.021671849652908394,1.0,0,numerical/depth_36/lower_cstar,lower_cstar,-0.0,-0.021671849652908394,0.021671849652908394
source_199_200_weak_65537,lower_cstar,numerical/precision_160/lower_cstar,200,0,0,0.0,-0.021671849652908394,0.021671849652908394,1.0,0,numerical/precision_160/lower_cstar,lower_cstar,-0.0,-0.021671849652908394,0.021671849652908394
source_199_200_weak_65537,lower_cstar,numerical/precision_320/lower_cstar,200,0,0,0.0,-0.021671849652908394,0.021671849652908394,1.0,0,numerical/precision_320/lower_cstar,lower_cstar,-0.0,-0.021671849652908394,0.021671849652908394
source_199_200_weak_65537,lower_cstar,numerical/precision_80/lower_cstar,200,0,0,0.0,-0.021671849652908394,0.021671849652908394,1.0,0,numerical/precision_80/lower_cstar,lower_cstar,-0.0,-0.021671849652908394,0.021671849652908394
source_199_200_weak_65537,lower_intersection,numerical/depth_20/lower_intersection,200,0,0,0.0,-0.021671849652908394,0.021671849652908394,1.0,0,numerical/depth_20/lower_intersection,lower_intersection,-0.0,-0.021671849652908394,0.021671849652908394
source_199_200_weak_65537,lower_intersection,numerical/depth_28/lower_intersection,200,0,0,0.0,-0.021671849652908394,0.021671849652908394,1.0,0,numerical/depth_28/lower_intersection,lower_intersection,-0.0,-0.021671849652908394,0.021671849652908394
source_199_200_weak_65537,lower_intersection,numerical/depth_36/lower_intersection,200,0,0,0.0,-0.021671849652908394,0.021671849652908394,1.0,0,numerical/depth_36/lower_intersection,lower_intersection,-0.0,-0.021671849652908394,0.021671849652908394
source_199_200_weak_65537,lower_intersection,numerical/precision_160/lower_intersection,200,0,0,0.0,-0.021671849652908394,0.021671849652908394,1.0,0,numerical/precision_160/lower_intersection,lower_intersection,-0.0,-0.021671849652908394,0.021671849652908394
source_199_200_weak_65537,lower_intersection,numerical/precision_320/lower_intersection,200,0,0,0.0,-0.021671849652908394,0.021671849652908394,1.0,0,numerical/precision_320/lower_intersection,lower_intersection,-0.0,-0.021671849652908394,0.021671849652908394
source_199_200_weak_65537,lower_intersection,numerical/precision_80/lower_intersection,200,0,0,0.0,-0.021671849652908394,0.021671849652908394,1.0,0,numerical/precision_80/lower_intersection,lower_intersection,-0.0,-0.021671849652908394,0.021671849652908394
source_199_200_weak_65537,numerical/depth_20/two_sided,two_sided,200,0,0,0.0,-0.021671849652908394,0.021671849652908394,1.0,0,numerical/depth_20/two_sided,two_sided,0.0,-0.021671849652908394,0.021671849652908394
source_199_200_weak_65537,numerical/depth_20/two_sided_intersection,two_sided_intersection,200,0,0,0.0,-0.021671849652908394,0.021671849652908394,1.0,0,numerical/depth_20/two_sided_intersection,two_sided_intersection,0.0,-0.021671849652908394,0.021671849652908394
source_199_200_weak_65537,numerical/depth_28/two_sided,two_sided,200,0,0,0.0,-0.021671849652908394,0.021671849652908394,1.0,0,numerical/depth_28/two_sided,two_sided,0.0,-0.021671849652908394,0.021671849652908394
source_199_200_weak_65537,numerical/depth_28/two_sided_intersection,two_sided_intersection,200,0,0,0.0,-0.021671849652908394,0.021671849652908394,1.0,0,numerical/depth_28/two_sided_intersection,two_sided_intersection,0.0,-0.021671849652908394,0.021671849652908394
source_199_200_weak_65537,numerical/depth_36/two_sided,two_sided,200,0,0,0.0,-0.021671849652908394,0.021671849652908394,1.0,0,numerical/depth_36/two_sided,two_sided,0.0,-0.021671849652908394,0.021671849652908394
source_199_200_weak_65537,numerical/depth_36/two_sided_intersection,two_sided_intersection,200,0,0,0.0,-0.021671849652908394,0.021671849652908394,1.0,0,numerical/depth_36/two_sided_intersection,two_sided_intersection,0.0,-0.021671849652908394,0.021671849652908394
source_199_200_weak_65537,numerical/precision_160/two_sided,two_sided,200,0,0,0.0,-0.021671849652908394,0.021671849652908394,1.0,0,numerical/precision_160/two_sided,two_sided,0.0,-0.021671849652908394,0.021671849652908394
source_199_200_weak_65537,numerical/precision_160/two_sided_intersection,two_sided_intersection,200,0,0,0.0,-0.021671849652908394,0.021671849652908394,1.0,0,numerical/precision_160/two_sided_intersection,two_sided_intersection,0.0,-0.021671849652908394,0.021671849652908394
source_199_200_weak_65537,numerical/precision_320/two_sided,two_sided,200,0,0,0.0,-0.021671849652908394,0.021671849652908394,1.0,0,numerical/precision_320/two_sided,two_sided,0.0,-0.021671849652908394,0.021671849652908394
source_199_200_weak_65537,numerical/precision_320/two_sided_intersection,two_sided_intersection,200,0,0,0.0,-0.021671849652908394,0.021671849652908394,1.0,0,numerical/precision_320/two_sided_intersection,two_sided_intersection,0.0,-0.021671849652908394,0.021671849652908394
source_199_200_weak_65537,numerical/precision_80/two_sided,two_sided,200,0,0,0.0,-0.021671849652908394,0.021671849652908394,1.0,0,numerical/precision_80/two_sided,two_sided,0.0,-0.021671849652908394,0.021671849652908394
source_199_200_weak_65537,numerical/precision_80/two_sided_intersection,two_sided_intersection,200,0,0,0.0,-0.021671849652908394,0.021671849652908394,1.0,0,numerical/precision_80/two_sided_intersection,two_sided_intersection,0.0,-0.021671849652908394,0.021671849652908394
source_4_5_null_16385,lag,numerical/depth_20/lag,400,0,0,0.0,-0.010895278371854295,0.010895278371854295,1.0,0,numerical/depth_20/lag,lag,-0.0,-0.010895278371854295,0.010895278371854295
source_4_5_null_16385,lag,numerical/depth_28/lag,400,0,0,0.0,-0.010895278371854295,0.010895278371854295,1.0,0,numerical/depth_28/lag,lag,-0.0,-0.010895278371854295,0.010895278371854295
source_4_5_null_16385,lag,numerical/depth_36/lag,400,0,0,0.0,-0.010895278371854295,0.010895278371854295,1.0,0,numerical/depth_36/lag,lag,-0.0,-0.010895278371854295,0.010895278371854295
source_4_5_null_16385,lag,numerical/precision_160/lag,400,0,0,0.0,-0.010895278371854295,0.010895278371854295,1.0,0,numerical/precision_160/lag,lag,-0.0,-0.010895278371854295,0.010895278371854295
source_4_5_null_16385,lag,numerical/precision_320/lag,400,0,0,0.0,-0.010895278371854295,0.010895278371854295,1.0,0,numerical/precision_320/lag,lag,-0.0,-0.010895278371854295,0.010895278371854295
source_4_5_null_16385,lag,numerical/precision_80/lag,400,0,0,0.0,-0.010895278371854295,0.010895278371854295,1.0,0,numerical/precision_80/lag,lag,-0.0,-0.010895278371854295,0.010895278371854295
source_4_5_null_16385,lower_cn,numerical/depth_20/lower_cn,400,0,0,0.0,-0.010895278371854295,0.010895278371854295,1.0,0,numerical/depth_20/lower_cn,lower_cn,-0.0,-0.010895278371854295,0.010895278371854295
source_4_5_null_16385,lower_cn,numerical/depth_28/lower_cn,400,0,0,0.0,-0.010895278371854295,0.010895278371854295,1.0,0,numerical/depth_28/lower_cn,lower_cn,-0.0,-0.010895278371854295,0.010895278371854295
source_4_5_null_16385,lower_cn,numerical/depth_36/lower_cn,400,0,0,0.0,-0.010895278371854295,0.010895278371854295,1.0,0,numerical/depth_36/lower_cn,lower_cn,-0.0,-0.010895278371854295,0.010895278371854295
source_4_5_null_16385,lower_cn,numerical/precision_160/lower_cn,400,0,0,0.0,-0.010895278371854295,0.010895278371854295,1.0,0,numerical/precision_160/lower_cn,lower_cn,-0.0,-0.010895278371854295,0.010895278371854295
source_4_5_null_16385,lower_cn,numerical/precision_320/lower_cn,400,0,0,0.0,-0.010895278371854295,0.010895278371854295,1.0,0,numerical/precision_320/lower_cn,lower_cn,-0.0,-0.010895278371854295,0.010895278371854295
source_4_5_null_16385,lower_cn,numerical/precision_80/lower_cn,400,0,0,0.0,-0.010895278371854295,0.010895278371854295,1.0,0,numerical/precision_80/lower_cn,lower_cn,-0.0,-0.010895278371854295,0.010895278371854295
source_4_5_null_16385,lower_cstar,numerical/depth_20/lower_cstar,400,0,0,0.0,-0.010895278371854295,0.010895278371854295,1.0,0,numerical/depth_20/lower_cstar,lower_cstar,-0.0,-0.010895278371854295,0.010895278371854295
source_4_5_null_16385,lower_cstar,numerical/depth_28/lower_cstar,400,0,0,0.0,-0.010895278371854295,0.010895278371854295,1.0,0,numerical/depth_28/lower_cstar,lower_cstar,-0.0,-0.010895278371854295,0.010895278371854295
source_4_5_null_16385,lower_cstar,numerical/depth_36/lower_cstar,400,0,0,0.0,-0.010895278371854295,0.010895278371854295,1.0,0,numerical/depth_36/lower_cstar,lower_cstar,-0.0,-0.010895278371854295,0.010895278371854295
source_4_5_null_16385,lower_cstar,numerical/precision_160/lower_cstar,400,0,0,0.0,-0.010895278371854295,0.010895278371854295,1.0,0,numerical/precision_160/lower_cstar,lower_cstar,-0.0,-0.010895278371854295,0.010895278371854295
source_4_5_null_16385,lower_cstar,numerical/precision_320/lower_cstar,400,0,0,0.0,-0.010895278371854295,0.010895278371854295,1.0,0,numerical/precision_320/lower_cstar,lower_cstar,-0.0,-0.010895278371854295,0.010895278371854295
source_4_5_null_16385,lower_cstar,numerical/precision_80/lower_cstar,400,0,0,0.0,-0.010895278371854295,0.010895278371854295,1.0,0,numerical/precision_80/lower_cstar,lower_cstar,-0.0,-0.010895278371854295,0.010895278371854295
source_4_5_null_16385,lower_intersection,numerical/depth_20/lower_intersection,400,0,0,0.0,-0.010895278371854295,0.010895278371854295,1.0,0,numerical/depth_20/lower_intersection,lower_intersection,-0.0,-0.010895278371854295,0.010895278371854295
source_4_5_null_16385,lower_intersection,numerical/depth_28/lower_intersection,400,0,0,0.0,-0.010895278371854295,0.010895278371854295,1.0,0,numerical/depth_28/lower_intersection,lower_intersection,-0.0,-0.010895278371854295,0.010895278371854295
source_4_5_null_16385,lower_intersection,numerical/depth_36/lower_intersection,400,0,0,0.0,-0.010895278371854295,0.010895278371854295,1.0,0,numerical/depth_36/lower_intersection,lower_intersection,-0.0,-0.010895278371854295,0.010895278371854295
source_4_5_null_16385,lower_intersection,numerical/precision_160/lower_intersection,400,0,0,0.0,-0.010895278371854295,0.010895278371854295,1.0,0,numerical/precision_160/lower_intersection,lower_intersection,-0.0,-0.010895278371854295,0.010895278371854295
source_4_5_null_16385,lower_intersection,numerical/precision_320/lower_intersection,400,0,0,0.0,-0.010895278371854295,0.010895278371854295,1.0,0,numerical/precision_320/lower_intersection,lower_intersection,-0.0,-0.010895278371854295,0.010895278371854295
source_4_5_null_16385,lower_intersection,numerical/precision_80/lower_intersection,400,0,0,0.0,-0.010895278371854295,0.010895278371854295,1.0,0,numerical/precision_80/lower_intersection,lower_intersection,-0.0,-0.010895278371854295,0.010895278371854295
source_4_5_null_16385,numerical/depth_20/two_sided,two_sided,400,0,0,0.0,-0.010895278371854295,0.010895278371854295,1.0,0,numerical/depth_20/two_sided,two_sided,0.0,-0.010895278371854295,0.010895278371854295
source_4_5_null_16385,numerical/depth_20/two_sided_intersection,two_sided_intersection,400,0,0,0.0,-0.010895278371854295,0.010895278371854295,1.0,0,numerical/depth_20/two_sided_intersection,two_sided_intersection,0.0,-0.010895278371854295,0.010895278371854295
source_4_5_null_16385,numerical/depth_28/two_sided,two_sided,400,0,0,0.0,-0.010895278371854295,0.010895278371854295,1.0,0,numerical/depth_28/two_sided,two_sided,0.0,-0.010895278371854295,0.010895278371854295
source_4_5_null_16385,numerical/depth_28/two_sided_intersection,two_sided_intersection,400,0,0,0.0,-0.010895278371854295,0.010895278371854295,1.0,0,numerical/depth_28/two_sided_intersection,two_sided_intersection,0.0,-0.010895278371854295,0.010895278371854295
source_4_5_null_16385,numerical/depth_36/two_sided,two_sided,400,0,0,0.0,-0.010895278371854295,0.010895278371854295,1.0,0,numerical/depth_36/two_sided,two_sided,0.0,-0.010895278371854295,0.010895278371854295
source_4_5_null_16385,numerical/depth_36/two_sided_intersection,two_sided_intersection,400,0,0,0.0,-0.010895278371854295,0.010895278371854295,1.0,0,numerical/depth_36/two_sided_intersection,two_sided_intersection,0.0,-0.010895278371854295,0.010895278371854295
source_4_5_null_16385,numerical/precision_160/two_sided,two_sided,400,0,0,0.0,-0.010895278371854295,0.010895278371854295,1.0,0,numerical/precision_160/two_sided,two_sided,0.0,-0.010895278371854295,0.010895278371854295
source_4_5_null_16385,numerical/precision_160/two_sided_intersection,two_sided_intersection,400,0,0,0.0,-0.010895278371854295,0.010895278371854295,1.0,0,numerical/precision_160/two_sided_intersection,two_sided_intersection,0.0,-0.010895278371854295,0.010895278371854295
source_4_5_null_16385,numerical/precision_320/two_sided,two_sided,400,0,0,0.0,-0.010895278371854295,0.010895278371854295,1.0,0,numerical/precision_320/two_sided,two_sided,0.0,-0.010895278371854295,0.010895278371854295
source_4_5_null_16385,numerical/precision_320/two_sided_intersection,two_sided_intersection,400,0,0,0.0,-0.010895278371854295,0.010895278371854295,1.0,0,numerical/precision_320/two_sided_intersection,two_sided_intersection,0.0,-0.010895278371854295,0.010895278371854295
source_4_5_null_16385,numerical/precision_80/two_sided,two_sided,400,0,0,0.0,-0.010895278371854295,0.010895278371854295,1.0,0,numerical/precision_80/two_sided,two_sided,0.0,-0.010895278371854295,0.010895278371854295
source_4_5_null_16385,numerical/precision_80/two_sided_intersection,two_sided_intersection,400,0,0,0.0,-0.010895278371854295,0.010895278371854295,1.0,0,numerical/precision_80/two_sided_intersection,two_sided_intersection,0.0,-0.010895278371854295,0.010895278371854295
source_4_5_null_65537,lag,numerical/depth_20/lag,400,0,0,0.0,-0.010895278371854295,0.010895278371854295,1.0,0,numerical/depth_20/lag,lag,-0.0,-0.010895278371854295,0.010895278371854295
source_4_5_null_65537,lag,numerical/depth_28/lag,400,0,0,0.0,-0.010895278371854295,0.010895278371854295,1.0,0,numerical/depth_28/lag,lag,-0.0,-0.010895278371854295,0.010895278371854295
source_4_5_null_65537,lag,numerical/depth_36/lag,400,0,0,0.0,-0.010895278371854295,0.010895278371854295,1.0,0,numerical/depth_36/lag,lag,-0.0,-0.010895278371854295,0.010895278371854295
source_4_5_null_65537,lag,numerical/precision_160/lag,400,0,0,0.0,-0.010895278371854295,0.010895278371854295,1.0,0,numerical/precision_160/lag,lag,-0.0,-0.010895278371854295,0.010895278371854295
source_4_5_null_65537,lag,numerical/precision_320/lag,400,0,0,0.0,-0.010895278371854295,0.010895278371854295,1.0,0,numerical/precision_320/lag,lag,-0.0,-0.010895278371854295,0.010895278371854295
source_4_5_null_65537,lag,numerical/precision_80/lag,400,0,0,0.0,-0.010895278371854295,0.010895278371854295,1.0,0,numerical/precision_80/lag,lag,-0.0,-0.010895278371854295,0.010895278371854295
source_4_5_null_65537,lower_cn,numerical/depth_20/lower_cn,400,0,0,0.0,-0.010895278371854295,0.010895278371854295,1.0,0,numerical/depth_20/lower_cn,lower_cn,-0.0,-0.010895278371854295,0.010895278371854295
source_4_5_null_65537,lower_cn,numerical/depth_28/lower_cn,400,0,0,0.0,-0.010895278371854295,0.010895278371854295,1.0,0,numerical/depth_28/lower_cn,lower_cn,-0.0,-0.010895278371854295,0.010895278371854295
source_4_5_null_65537,lower_cn,numerical/depth_36/lower_cn,400,0,0,0.0,-0.010895278371854295,0.010895278371854295,1.0,0,numerical/depth_36/lower_cn,lower_cn,-0.0,-0.010895278371854295,0.010895278371854295
source_4_5_null_65537,lower_cn,numerical/precision_160/lower_cn,400,0,0,0.0,-0.010895278371854295,0.010895278371854295,1.0,0,numerical/precision_160/lower_cn,lower_cn,-0.0,-0.010895278371854295,0.010895278371854295
source_4_5_null_65537,lower_cn,numerical/precision_320/lower_cn,400,0,0,0.0,-0.010895278371854295,0.010895278371854295,1.0,0,numerical/precision_320/lower_cn,lower_cn,-0.0,-0.010895278371854295,0.010895278371854295
source_4_5_null_65537,lower_cn,numerical/precision_80/lower_cn,400,0,0,0.0,-0.010895278371854295,0.010895278371854295,1.0,0,numerical/precision_80/lower_cn,lower_cn,-0.0,-0.010895278371854295,0.010895278371854295
source_4_5_null_65537,lower_cstar,numerical/depth_20/lower_cstar,400,0,0,0.0,-0.010895278371854295,0.010895278371854295,1.0,0,numerical/depth_20/lower_cstar,lower_cstar,-0.0,-0.010895278371854295,0.010895278371854295
source_4_5_null_65537,lower_cstar,numerical/depth_28/lower_cstar,400,0,0,0.0,-0.010895278371854295,0.010895278371854295,1.0,0,numerical/depth_28/lower_cstar,lower_cstar,-0.0,-0.010895278371854295,0.010895278371854295
source_4_5_null_65537,lower_cstar,numerical/depth_36/lower_cstar,400,0,0,0.0,-0.010895278371854295,0.010895278371854295,1.0,0,numerical/depth_36/lower_cstar,lower_cstar,-0.0,-0.010895278371854295,0.010895278371854295
source_4_5_null_65537,lower_cstar,numerical/precision_160/lower_cstar,400,0,0,0.0,-0.010895278371854295,0.010895278371854295,1.0,0,numerical/precision_160/lower_cstar,lower_cstar,-0.0,-0.010895278371854295,0.010895278371854295
source_4_5_null_65537,lower_cstar,numerical/precision_320/lower_cstar,400,0,0,0.0,-0.010895278371854295,0.010895278371854295,1.0,0,numerical/precision_320/lower_cstar,lower_cstar,-0.0,-0.010895278371854295,0.010895278371854295
source_4_5_null_65537,lower_cstar,numerical/precision_80/lower_cstar,400,0,0,0.0,-0.010895278371854295,0.010895278371854295,1.0,0,numerical/precision_80/lower_cstar,lower_cstar,-0.0,-0.010895278371854295,0.010895278371854295
source_4_5_null_65537,lower_intersection,numerical/depth_20/lower_intersection,400,0,0,0.0,-0.010895278371854295,0.010895278371854295,1.0,0,numerical/depth_20/lower_intersection,lower_intersection,-0.0,-0.010895278371854295,0.010895278371854295
source_4_5_null_65537,lower_intersection,numerical/depth_28/lower_intersection,400,0,0,0.0,-0.010895278371854295,0.010895278371854295,1.0,0,numerical/depth_28/lower_intersection,lower_intersection,-0.0,-0.010895278371854295,0.010895278371854295
source_4_5_null_65537,lower_intersection,numerical/depth_36/lower_intersection,400,0,0,0.0,-0.010895278371854295,0.010895278371854295,1.0,0,numerical/depth_36/lower_intersection,lower_intersection,-0.0,-0.010895278371854295,0.010895278371854295
source_4_5_null_65537,lower_intersection,numerical/precision_160/lower_intersection,400,0,0,0.0,-0.010895278371854295,0.010895278371854295,1.0,0,numerical/precision_160/lower_intersection,lower_intersection,-0.0,-0.010895278371854295,0.010895278371854295
source_4_5_null_65537,lower_intersection,numerical/precision_320/lower_intersection,400,0,0,0.0,-0.010895278371854295,0.010895278371854295,1.0,0,numerical/precision_320/lower_intersection,lower_intersection,-0.0,-0.010895278371854295,0.010895278371854295
source_4_5_null_65537,lower_intersection,numerical/precision_80/lower_intersection,400,0,0,0.0,-0.010895278371854295,0.010895278371854295,1.0,0,numerical/precision_80/lower_intersection,lower_intersection,-0.0,-0.010895278371854295,0.010895278371854295
source_4_5_null_65537,numerical/depth_20/two_sided,two_sided,400,0,0,0.0,-0.010895278371854295,0.010895278371854295,1.0,0,numerical/depth_20/two_sided,two_sided,0.0,-0.010895278371854295,0.010895278371854295
source_4_5_null_65537,numerical/depth_20/two_sided_intersection,two_sided_intersection,400,0,0,0.0,-0.010895278371854295,0.010895278371854295,1.0,0,numerical/depth_20/two_sided_intersection,two_sided_intersection,0.0,-0.010895278371854295,0.010895278371854295
source_4_5_null_65537,numerical/depth_28/two_sided,two_sided,400,0,0,0.0,-0.010895278371854295,0.010895278371854295,1.0,0,numerical/depth_28/two_sided,two_sided,0.0,-0.010895278371854295,0.010895278371854295
source_4_5_null_65537,numerical/depth_28/two_sided_intersection,two_sided_intersection,400,0,0,0.0,-0.010895278371854295,0.010895278371854295,1.0,0,numerical/depth_28/two_sided_intersection,two_sided_intersection,0.0,-0.010895278371854295,0.010895278371854295
source_4_5_null_65537,numerical/depth_36/two_sided,two_sided,400,0,0,0.0,-0.010895278371854295,0.010895278371854295,1.0,0,numerical/depth_36/two_sided,two_sided,0.0,-0.010895278371854295,0.010895278371854295
source_4_5_null_65537,numerical/depth_36/two_sided_intersection,two_sided_intersection,400,0,0,0.0,-0.010895278371854295,0.010895278371854295,1.0,0,numerical/depth_36/two_sided_intersection,two_sided_intersection,0.0,-0.010895278371854295,0.010895278371854295
source_4_5_null_65537,numerical/precision_160/two_sided,two_sided,400,0,0,0.0,-0.010895278371854295,0.010895278371854295,1.0,0,numerical/precision_160/two_sided,two_sided,0.0,-0.010895278371854295,0.010895278371854295
source_4_5_null_65537,numerical/precision_160/two_sided_intersection,two_sided_intersection,400,0,0,0.0,-0.010895278371854295,0.010895278371854295,1.0,0,numerical/precision_160/two_sided_intersection,two_sided_intersection,0.0,-0.010895278371854295,0.010895278371854295
source_4_5_null_65537,numerical/precision_320/two_sided,two_sided,400,0,0,0.0,-0.010895278371854295,0.010895278371854295,1.0,0,numerical/precision_320/two_sided,two_sided,0.0,-0.010895278371854295,0.010895278371854295
source_4_5_null_65537,numerical/precision_320/two_sided_intersection,two_sided_intersection,400,0,0,0.0,-0.010895278371854295,0.010895278371854295,1.0,0,numerical/precision_320/two_sided_intersection,two_sided_intersection,0.0,-0.010895278371854295,0.010895278371854295
source_4_5_null_65537,numerical/precision_80/two_sided,two_sided,400,0,0,0.0,-0.010895278371854295,0.010895278371854295,1.0,0,numerical/precision_80/two_sided,two_sided,0.0,-0.010895278371854295,0.010895278371854295
source_4_5_null_65537,numerical/precision_80/two_sided_intersection,two_sided_intersection,400,0,0,0.0,-0.010895278371854295,0.010895278371854295,1.0,0,numerical/precision_80/two_sided_intersection,two_sided_intersection,0.0,-0.010895278371854295,0.010895278371854295
source_4_5_strong_16385,lag,numerical/depth_20/lag,200,0,0,0.0,-0.021671849652908394,0.021671849652908394,1.0,0,numerical/depth_20/lag,lag,-0.0,-0.021671849652908394,0.021671849652908394
source_4_5_strong_16385,lag,numerical/depth_28/lag,200,0,0,0.0,-0.021671849652908394,0.021671849652908394,1.0,0,numerical/depth_28/lag,lag,-0.0,-0.021671849652908394,0.021671849652908394
source_4_5_strong_16385,lag,numerical/depth_36/lag,200,0,0,0.0,-0.021671849652908394,0.021671849652908394,1.0,0,numerical/depth_36/lag,lag,-0.0,-0.021671849652908394,0.021671849652908394
source_4_5_strong_16385,lag,numerical/precision_160/lag,200,0,0,0.0,-0.021671849652908394,0.021671849652908394,1.0,0,numerical/precision_160/lag,lag,-0.0,-0.021671849652908394,0.021671849652908394
source_4_5_strong_16385,lag,numerical/precision_320/lag,200,0,0,0.0,-0.021671849652908394,0.021671849652908394,1.0,0,numerical/precision_320/lag,lag,-0.0,-0.021671849652908394,0.021671849652908394
source_4_5_strong_16385,lag,numerical/precision_80/lag,200,0,0,0.0,-0.021671849652908394,0.021671849652908394,1.0,0,numerical/precision_80/lag,lag,-0.0,-0.021671849652908394,0.021671849652908394
source_4_5_strong_16385,lower_cn,numerical/depth_20/lower_cn,200,0,0,0.0,-0.021671849652908394,0.021671849652908394,1.0,0,numerical/depth_20/lower_cn,lower_cn,-0.0,-0.021671849652908394,0.021671849652908394
source_4_5_strong_16385,lower_cn,numerical/depth_28/lower_cn,200,0,0,0.0,-0.021671849652908394,0.021671849652908394,1.0,0,numerical/depth_28/lower_cn,lower_cn,-0.0,-0.021671849652908394,0.021671849652908394
source_4_5_strong_16385,lower_cn,numerical/depth_36/lower_cn,200,0,0,0.0,-0.021671849652908394,0.021671849652908394,1.0,0,numerical/depth_36/lower_cn,lower_cn,-0.0,-0.021671849652908394,0.021671849652908394
source_4_5_strong_16385,lower_cn,numerical/precision_160/lower_cn,200,0,0,0.0,-0.021671849652908394,0.021671849652908394,1.0,0,numerical/precision_160/lower_cn,lower_cn,-0.0,-0.021671849652908394,0.021671849652908394
source_4_5_strong_16385,lower_cn,numerical/precision_320/lower_cn,200,0,0,0.0,-0.021671849652908394,0.021671849652908394,1.0,0,numerical/precision_320/lower_cn,lower_cn,-0.0,-0.021671849652908394,0.021671849652908394
source_4_5_strong_16385,lower_cn,numerical/precision_80/lower_cn,200,0,0,0.0,-0.021671849652908394,0.021671849652908394,1.0,0,numerical/precision_80/lower_cn,lower_cn,-0.0,-0.021671849652908394,0.021671849652908394
source_4_5_strong_16385,lower_cstar,numerical/depth_20/lower_cstar,200,0,0,0.0,-0.021671849652908394,0.021671849652908394,1.0,0,numerical/depth_20/lower_cstar,lower_cstar,-0.0,-0.021671849652908394,0.021671849652908394
source_4_5_strong_16385,lower_cstar,numerical/depth_28/lower_cstar,200,0,0,0.0,-0.021671849652908394,0.021671849652908394,1.0,0,numerical/depth_28/lower_cstar,lower_cstar,-0.0,-0.021671849652908394,0.021671849652908394
source_4_5_strong_16385,lower_cstar,numerical/depth_36/lower_cstar,200,0,0,0.0,-0.021671849652908394,0.021671849652908394,1.0,0,numerical/depth_36/lower_cstar,lower_cstar,-0.0,-0.021671849652908394,0.021671849652908394
source_4_5_strong_16385,lower_cstar,numerical/precision_160/lower_cstar,200,0,0,0.0,-0.021671849652908394,0.021671849652908394,1.0,0,numerical/precision_160/lower_cstar,lower_cstar,-0.0,-0.021671849652908394,0.021671849652908394
source_4_5_strong_16385,lower_cstar,numerical/precision_320/lower_cstar,200,0,0,0.0,-0.021671849652908394,0.021671849652908394,1.0,0,numerical/precision_320/lower_cstar,lower_cstar,-0.0,-0.021671849652908394,0.021671849652908394
source_4_5_strong_16385,lower_cstar,numerical/precision_80/lower_cstar,200,0,0,0.0,-0.021671849652908394,0.021671849652908394,1.0,0,numerical/precision_80/lower_cstar,lower_cstar,-0.0,-0.021671849652908394,0.021671849652908394
source_4_5_strong_16385,lower_intersection,numerical/depth_20/lower_intersection,200,0,0,0.0,-0.021671849652908394,0.021671849652908394,1.0,0,numerical/depth_20/lower_intersection,lower_intersection,-0.0,-0.021671849652908394,0.021671849652908394
source_4_5_strong_16385,lower_intersection,numerical/depth_28/lower_intersection,200,0,0,0.0,-0.021671849652908394,0.021671849652908394,1.0,0,numerical/depth_28/lower_intersection,lower_intersection,-0.0,-0.021671849652908394,0.021671849652908394
source_4_5_strong_16385,lower_intersection,numerical/depth_36/lower_intersection,200,0,0,0.0,-0.021671849652908394,0.021671849652908394,1.0,0,numerical/depth_36/lower_intersection,lower_intersection,-0.0,-0.021671849652908394,0.021671849652908394
source_4_5_strong_16385,lower_intersection,numerical/precision_160/lower_intersection,200,0,0,0.0,-0.021671849652908394,0.021671849652908394,1.0,0,numerical/precision_160/lower_intersection,lower_intersection,-0.0,-0.021671849652908394,0.021671849652908394
source_4_5_strong_16385,lower_intersection,numerical/precision_320/lower_intersection,200,0,0,0.0,-0.021671849652908394,0.021671849652908394,1.0,0,numerical/precision_320/lower_intersection,lower_intersection,-0.0,-0.021671849652908394,0.021671849652908394
source_4_5_strong_16385,lower_intersection,numerical/precision_80/lower_intersection,200,0,0,0.0,-0.021671849652908394,0.021671849652908394,1.0,0,numerical/precision_80/lower_intersection,lower_intersection,-0.0,-0.021671849652908394,0.021671849652908394
source_4_5_strong_16385,numerical/depth_20/two_sided,two_sided,200,0,0,0.0,-0.021671849652908394,0.021671849652908394,1.0,0,numerical/depth_20/two_sided,two_sided,0.0,-0.021671849652908394,0.021671849652908394
source_4_5_strong_16385,numerical/depth_20/two_sided_intersection,two_sided_intersection,200,0,0,0.0,-0.021671849652908394,0.021671849652908394,1.0,0,numerical/depth_20/two_sided_intersection,two_sided_intersection,0.0,-0.021671849652908394,0.021671849652908394
source_4_5_strong_16385,numerical/depth_28/two_sided,two_sided,200,0,0,0.0,-0.021671849652908394,0.021671849652908394,1.0,0,numerical/depth_28/two_sided,two_sided,0.0,-0.021671849652908394,0.021671849652908394
source_4_5_strong_16385,numerical/depth_28/two_sided_intersection,two_sided_intersection,200,0,0,0.0,-0.021671849652908394,0.021671849652908394,1.0,0,numerical/depth_28/two_sided_intersection,two_sided_intersection,0.0,-0.021671849652908394,0.021671849652908394
source_4_5_strong_16385,numerical/depth_36/two_sided,two_sided,200,0,0,0.0,-0.021671849652908394,0.021671849652908394,1.0,0,numerical/depth_36/two_sided,two_sided,0.0,-0.021671849652908394,0.021671849652908394
source_4_5_strong_16385,numerical/depth_36/two_sided_intersection,two_sided_intersection,200,0,0,0.0,-0.021671849652908394,0.021671849652908394,1.0,0,numerical/depth_36/two_sided_intersection,two_sided_intersection,0.0,-0.021671849652908394,0.021671849652908394
source_4_5_strong_16385,numerical/precision_160/two_sided,two_sided,200,0,0,0.0,-0.021671849652908394,0.021671849652908394,1.0,0,numerical/precision_160/two_sided,two_sided,0.0,-0.021671849652908394,0.021671849652908394
source_4_5_strong_16385,numerical/precision_160/two_sided_intersection,two_sided_intersection,200,0,0,0.0,-0.021671849652908394,0.021671849652908394,1.0,0,numerical/precision_160/two_sided_intersection,two_sided_intersection,0.0,-0.021671849652908394,0.021671849652908394
source_4_5_strong_16385,numerical/precision_320/two_sided,two_sided,200,0,0,0.0,-0.021671849652908394,0.021671849652908394,1.0,0,numerical/precision_320/two_sided,two_sided,0.0,-0.021671849652908394,0.021671849652908394
source_4_5_strong_16385,numerical/precision_320/two_sided_intersection,two_sided_intersection,200,0,0,0.0,-0.021671849652908394,0.021671849652908394,1.0,0,numerical/precision_320/two_sided_intersection,two_sided_intersection,0.0,-0.021671849652908394,0.021671849652908394
source_4_5_strong_16385,numerical/precision_80/two_sided,two_sided,200,0,0,0.0,-0.021671849652908394,0.021671849652908394,1.0,0,numerical/precision_80/two_sided,two_sided,0.0,-0.021671849652908394,0.021671849652908394
source_4_5_strong_16385,numerical/precision_80/two_sided_intersection,two_sided_intersection,200,0,0,0.0,-0.021671849652908394,0.021671849652908394,1.0,0,numerical/precision_80/two_sided_intersection,two_sided_intersection,0.0,-0.021671849652908394,0.021671849652908394
source_4_5_strong_65537,lag,numerical/depth_20/lag,200,0,0,0.0,-0.021671849652908394,0.021671849652908394,1.0,0,numerical/depth_20/lag,lag,-0.0,-0.021671849652908394,0.021671849652908394
source_4_5_strong_65537,lag,numerical/depth_28/lag,200,0,0,0.0,-0.021671849652908394,0.021671849652908394,1.0,0,numerical/depth_28/lag,lag,-0.0,-0.021671849652908394,0.021671849652908394
source_4_5_strong_65537,lag,numerical/depth_36/lag,200,0,0,0.0,-0.021671849652908394,0.021671849652908394,1.0,0,numerical/depth_36/lag,lag,-0.0,-0.021671849652908394,0.021671849652908394
source_4_5_strong_65537,lag,numerical/precision_160/lag,200,0,0,0.0,-0.021671849652908394,0.021671849652908394,1.0,0,numerical/precision_160/lag,lag,-0.0,-0.021671849652908394,0.021671849652908394
source_4_5_strong_65537,lag,numerical/precision_320/lag,200,0,0,0.0,-0.021671849652908394,0.021671849652908394,1.0,0,numerical/precision_320/lag,lag,-0.0,-0.021671849652908394,0.021671849652908394
source_4_5_strong_65537,lag,numerical/precision_80/lag,200,0,0,0.0,-0.021671849652908394,0.021671849652908394,1.0,0,numerical/precision_80/lag,lag,-0.0,-0.021671849652908394,0.021671849652908394
source_4_5_strong_65537,lower_cn,numerical/depth_20/lower_cn,200,0,0,0.0,-0.021671849652908394,0.021671849652908394,1.0,0,numerical/depth_20/lower_cn,lower_cn,-0.0,-0.021671849652908394,0.021671849652908394
source_4_5_strong_65537,lower_cn,numerical/depth_28/lower_cn,200,0,0,0.0,-0.021671849652908394,0.021671849652908394,1.0,0,numerical/depth_28/lower_cn,lower_cn,-0.0,-0.021671849652908394,0.021671849652908394
source_4_5_strong_65537,lower_cn,numerical/depth_36/lower_cn,200,0,0,0.0,-0.021671849652908394,0.021671849652908394,1.0,0,numerical/depth_36/lower_cn,lower_cn,-0.0,-0.021671849652908394,0.021671849652908394
source_4_5_strong_65537,lower_cn,numerical/precision_160/lower_cn,200,0,0,0.0,-0.021671849652908394,0.021671849652908394,1.0,0,numerical/precision_160/lower_cn,lower_cn,-0.0,-0.021671849652908394,0.021671849652908394
source_4_5_strong_65537,lower_cn,numerical/precision_320/lower_cn,200,0,0,0.0,-0.021671849652908394,0.021671849652908394,1.0,0,numerical/precision_320/lower_cn,lower_cn,-0.0,-0.021671849652908394,0.021671849652908394
source_4_5_strong_65537,lower_cn,numerical/precision_80/lower_cn,200,0,0,0.0,-0.021671849652908394,0.021671849652908394,1.0,0,numerical/precision_80/lower_cn,lower_cn,-0.0,-0.021671849652908394,0.021671849652908394
source_4_5_strong_65537,lower_cstar,numerical/depth_20/lower_cstar,200,0,0,0.0,-0.021671849652908394,0.021671849652908394,1.0,0,numerical/depth_20/lower_cstar,lower_cstar,-0.0,-0.021671849652908394,0.021671849652908394
source_4_5_strong_65537,lower_cstar,numerical/depth_28/lower_cstar,200,0,0,0.0,-0.021671849652908394,0.021671849652908394,1.0,0,numerical/depth_28/lower_cstar,lower_cstar,-0.0,-0.021671849652908394,0.021671849652908394
source_4_5_strong_65537,lower_cstar,numerical/depth_36/lower_cstar,200,0,0,0.0,-0.021671849652908394,0.021671849652908394,1.0,0,numerical/depth_36/lower_cstar,lower_cstar,-0.0,-0.021671849652908394,0.021671849652908394
source_4_5_strong_65537,lower_cstar,numerical/precision_160/lower_cstar,200,0,0,0.0,-0.021671849652908394,0.021671849652908394,1.0,0,numerical/precision_160/lower_cstar,lower_cstar,-0.0,-0.021671849652908394,0.021671849652908394
source_4_5_strong_65537,lower_cstar,numerical/precision_320/lower_cstar,200,0,0,0.0,-0.021671849652908394,0.021671849652908394,1.0,0,numerical/precision_320/lower_cstar,lower_cstar,-0.0,-0.021671849652908394,0.021671849652908394
source_4_5_strong_65537,lower_cstar,numerical/precision_80/lower_cstar,200,0,0,0.0,-0.021671849652908394,0.021671849652908394,1.0,0,numerical/precision_80/lower_cstar,lower_cstar,-0.0,-0.021671849652908394,0.021671849652908394
source_4_5_strong_65537,lower_intersection,numerical/depth_20/lower_intersection,200,0,0,0.0,-0.021671849652908394,0.021671849652908394,1.0,0,numerical/depth_20/lower_intersection,lower_intersection,-0.0,-0.021671849652908394,0.021671849652908394
source_4_5_strong_65537,lower_intersection,numerical/depth_28/lower_intersection,200,0,0,0.0,-0.021671849652908394,0.021671849652908394,1.0,0,numerical/depth_28/lower_intersection,lower_intersection,-0.0,-0.021671849652908394,0.021671849652908394
source_4_5_strong_65537,lower_intersection,numerical/depth_36/lower_intersection,200,0,0,0.0,-0.021671849652908394,0.021671849652908394,1.0,0,numerical/depth_36/lower_intersection,lower_intersection,-0.0,-0.021671849652908394,0.021671849652908394
source_4_5_strong_65537,lower_intersection,numerical/precision_160/lower_intersection,200,0,0,0.0,-0.021671849652908394,0.021671849652908394,1.0,0,numerical/precision_160/lower_intersection,lower_intersection,-0.0,-0.021671849652908394,0.021671849652908394
source_4_5_strong_65537,lower_intersection,numerical/precision_320/lower_intersection,200,0,0,0.0,-0.021671849652908394,0.021671849652908394,1.0,0,numerical/precision_320/lower_intersection,lower_intersection,-0.0,-0.021671849652908394,0.021671849652908394
source_4_5_strong_65537,lower_intersection,numerical/precision_80/lower_intersection,200,0,0,0.0,-0.021671849652908394,0.021671849652908394,1.0,0,numerical/precision_80/lower_intersection,lower_intersection,-0.0,-0.021671849652908394,0.021671849652908394
source_4_5_strong_65537,numerical/depth_20/two_sided,two_sided,200,0,0,0.0,-0.021671849652908394,0.021671849652908394,1.0,0,numerical/depth_20/two_sided,two_sided,0.0,-0.021671849652908394,0.021671849652908394
source_4_5_strong_65537,numerical/depth_20/two_sided_intersection,two_sided_intersection,200,0,0,0.0,-0.021671849652908394,0.021671849652908394,1.0,0,numerical/depth_20/two_sided_intersection,two_sided_intersection,0.0,-0.021671849652908394,0.021671849652908394
source_4_5_strong_65537,numerical/depth_28/two_sided,two_sided,200,0,0,0.0,-0.021671849652908394,0.021671849652908394,1.0,0,numerical/depth_28/two_sided,two_sided,0.0,-0.021671849652908394,0.021671849652908394
source_4_5_strong_65537,numerical/depth_28/two_sided_intersection,two_sided_intersection,200,0,0,0.0,-0.021671849652908394,0.021671849652908394,1.0,0,numerical/depth_28/two_sided_intersection,two_sided_intersection,0.0,-0.021671849652908394,0.021671849652908394
source_4_5_strong_65537,numerical/depth_36/two_sided,two_sided,200,0,0,0.0,-0.021671849652908394,0.021671849652908394,1.0,0,numerical/depth_36/two_sided,two_sided,0.0,-0.021671849652908394,0.021671849652908394
source_4_5_strong_65537,numerical/depth_36/two_sided_intersection,two_sided_intersection,200,0,0,0.0,-0.021671849652908394,0.021671849652908394,1.0,0,numerical/depth_36/two_sided_intersection,two_sided_intersection,0.0,-0.021671849652908394,0.021671849652908394
source_4_5_strong_65537,numerical/precision_160/two_sided,two_sided,200,0,0,0.0,-0.021671849652908394,0.021671849652908394,1.0,0,numerical/precision_160/two_sided,two_sided,0.0,-0.021671849652908394,0.021671849652908394
source_4_5_strong_65537,numerical/precision_160/two_sided_intersection,two_sided_intersection,200,0,0,0.0,-0.021671849652908394,0.021671849652908394,1.0,0,numerical/precision_160/two_sided_intersection,two_sided_intersection,0.0,-0.021671849652908394,0.021671849652908394
source_4_5_strong_65537,numerical/precision_320/two_sided,two_sided,200,0,0,0.0,-0.021671849652908394,0.021671849652908394,1.0,0,numerical/precision_320/two_sided,two_sided,0.0,-0.021671849652908394,0.021671849652908394
source_4_5_strong_65537,numerical/precision_320/two_sided_intersection,two_sided_intersection,200,0,0,0.0,-0.021671849652908394,0.021671849652908394,1.0,0,numerical/precision_320/two_sided_intersection,two_sided_intersection,0.0,-0.021671849652908394,0.021671849652908394
source_4_5_strong_65537,numerical/precision_80/two_sided,two_sided,200,0,0,0.0,-0.021671849652908394,0.021671849652908394,1.0,0,numerical/precision_80/two_sided,two_sided,0.0,-0.021671849652908394,0.021671849652908394
source_4_5_strong_65537,numerical/precision_80/two_sided_intersection,two_sided_intersection,200,0,0,0.0,-0.021671849652908394,0.021671849652908394,1.0,0,numerical/precision_80/two_sided_intersection,two_sided_intersection,0.0,-0.021671849652908394,0.021671849652908394
source_4_5_weak_16385,lag,numerical/depth_20/lag,200,0,0,0.0,-0.021671849652908394,0.021671849652908394,1.0,0,numerical/depth_20/lag,lag,-0.0,-0.021671849652908394,0.021671849652908394
source_4_5_weak_16385,lag,numerical/depth_28/lag,200,0,0,0.0,-0.021671849652908394,0.021671849652908394,1.0,0,numerical/depth_28/lag,lag,-0.0,-0.021671849652908394,0.021671849652908394
source_4_5_weak_16385,lag,numerical/depth_36/lag,200,0,0,0.0,-0.021671849652908394,0.021671849652908394,1.0,0,numerical/depth_36/lag,lag,-0.0,-0.021671849652908394,0.021671849652908394
source_4_5_weak_16385,lag,numerical/precision_160/lag,200,0,0,0.0,-0.021671849652908394,0.021671849652908394,1.0,0,numerical/precision_160/lag,lag,-0.0,-0.021671849652908394,0.021671849652908394
source_4_5_weak_16385,lag,numerical/precision_320/lag,200,0,0,0.0,-0.021671849652908394,0.021671849652908394,1.0,0,numerical/precision_320/lag,lag,-0.0,-0.021671849652908394,0.021671849652908394
source_4_5_weak_16385,lag,numerical/precision_80/lag,200,0,0,0.0,-0.021671849652908394,0.021671849652908394,1.0,0,numerical/precision_80/lag,lag,-0.0,-0.021671849652908394,0.021671849652908394
source_4_5_weak_16385,lower_cn,numerical/depth_20/lower_cn,200,0,0,0.0,-0.021671849652908394,0.021671849652908394,1.0,0,numerical/depth_20/lower_cn,lower_cn,-0.0,-0.021671849652908394,0.021671849652908394
source_4_5_weak_16385,lower_cn,numerical/depth_28/lower_cn,200,0,0,0.0,-0.021671849652908394,0.021671849652908394,1.0,0,numerical/depth_28/lower_cn,lower_cn,-0.0,-0.021671849652908394,0.021671849652908394
source_4_5_weak_16385,lower_cn,numerical/depth_36/lower_cn,200,0,0,0.0,-0.021671849652908394,0.021671849652908394,1.0,0,numerical/depth_36/lower_cn,lower_cn,-0.0,-0.021671849652908394,0.021671849652908394
source_4_5_weak_16385,lower_cn,numerical/precision_160/lower_cn,200,0,0,0.0,-0.021671849652908394,0.021671849652908394,1.0,0,numerical/precision_160/lower_cn,lower_cn,-0.0,-0.021671849652908394,0.021671849652908394
source_4_5_weak_16385,lower_cn,numerical/precision_320/lower_cn,200,0,0,0.0,-0.021671849652908394,0.021671849652908394,1.0,0,numerical/precision_320/lower_cn,lower_cn,-0.0,-0.021671849652908394,0.021671849652908394
source_4_5_weak_16385,lower_cn,numerical/precision_80/lower_cn,200,0,0,0.0,-0.021671849652908394,0.021671849652908394,1.0,0,numerical/precision_80/lower_cn,lower_cn,-0.0,-0.021671849652908394,0.021671849652908394
source_4_5_weak_16385,lower_cstar,numerical/depth_20/lower_cstar,200,0,0,0.0,-0.021671849652908394,0.021671849652908394,1.0,0,numerical/depth_20/lower_cstar,lower_cstar,-0.0,-0.021671849652908394,0.021671849652908394
source_4_5_weak_16385,lower_cstar,numerical/depth_28/lower_cstar,200,0,0,0.0,-0.021671849652908394,0.021671849652908394,1.0,0,numerical/depth_28/lower_cstar,lower_cstar,-0.0,-0.021671849652908394,0.021671849652908394
source_4_5_weak_16385,lower_cstar,numerical/depth_36/lower_cstar,200,0,0,0.0,-0.021671849652908394,0.021671849652908394,1.0,0,numerical/depth_36/lower_cstar,lower_cstar,-0.0,-0.021671849652908394,0.021671849652908394
source_4_5_weak_16385,lower_cstar,numerical/precision_160/lower_cstar,200,0,0,0.0,-0.021671849652908394,0.021671849652908394,1.0,0,numerical/precision_160/lower_cstar,lower_cstar,-0.0,-0.021671849652908394,0.021671849652908394
source_4_5_weak_16385,lower_cstar,numerical/precision_320/lower_cstar,200,0,0,0.0,-0.021671849652908394,0.021671849652908394,1.0,0,numerical/precision_320/lower_cstar,lower_cstar,-0.0,-0.021671849652908394,0.021671849652908394
source_4_5_weak_16385,lower_cstar,numerical/precision_80/lower_cstar,200,0,0,0.0,-0.021671849652908394,0.021671849652908394,1.0,0,numerical/precision_80/lower_cstar,lower_cstar,-0.0,-0.021671849652908394,0.021671849652908394
source_4_5_weak_16385,lower_intersection,numerical/depth_20/lower_intersection,200,0,0,0.0,-0.021671849652908394,0.021671849652908394,1.0,0,numerical/depth_20/lower_intersection,lower_intersection,-0.0,-0.021671849652908394,0.021671849652908394
source_4_5_weak_16385,lower_intersection,numerical/depth_28/lower_intersection,200,0,0,0.0,-0.021671849652908394,0.021671849652908394,1.0,0,numerical/depth_28/lower_intersection,lower_intersection,-0.0,-0.021671849652908394,0.021671849652908394
source_4_5_weak_16385,lower_intersection,numerical/depth_36/lower_intersection,200,0,0,0.0,-0.021671849652908394,0.021671849652908394,1.0,0,numerical/depth_36/lower_intersection,lower_intersection,-0.0,-0.021671849652908394,0.021671849652908394
source_4_5_weak_16385,lower_intersection,numerical/precision_160/lower_intersection,200,0,0,0.0,-0.021671849652908394,0.021671849652908394,1.0,0,numerical/precision_160/lower_intersection,lower_intersection,-0.0,-0.021671849652908394,0.021671849652908394
source_4_5_weak_16385,lower_intersection,numerical/precision_320/lower_intersection,200,0,0,0.0,-0.021671849652908394,0.021671849652908394,1.0,0,numerical/precision_320/lower_intersection,lower_intersection,-0.0,-0.021671849652908394,0.021671849652908394
source_4_5_weak_16385,lower_intersection,numerical/precision_80/lower_intersection,200,0,0,0.0,-0.021671849652908394,0.021671849652908394,1.0,0,numerical/precision_80/lower_intersection,lower_intersection,-0.0,-0.021671849652908394,0.021671849652908394
source_4_5_weak_16385,numerical/depth_20/two_sided,two_sided,200,0,0,0.0,-0.021671849652908394,0.021671849652908394,1.0,0,numerical/depth_20/two_sided,two_sided,0.0,-0.021671849652908394,0.021671849652908394
source_4_5_weak_16385,numerical/depth_20/two_sided_intersection,two_sided_intersection,200,0,0,0.0,-0.021671849652908394,0.021671849652908394,1.0,0,numerical/depth_20/two_sided_intersection,two_sided_intersection,0.0,-0.021671849652908394,0.021671849652908394
source_4_5_weak_16385,numerical/depth_28/two_sided,two_sided,200,0,0,0.0,-0.021671849652908394,0.021671849652908394,1.0,0,numerical/depth_28/two_sided,two_sided,0.0,-0.021671849652908394,0.021671849652908394
source_4_5_weak_16385,numerical/depth_28/two_sided_intersection,two_sided_intersection,200,0,0,0.0,-0.021671849652908394,0.021671849652908394,1.0,0,numerical/depth_28/two_sided_intersection,two_sided_intersection,0.0,-0.021671849652908394,0.021671849652908394
source_4_5_weak_16385,numerical/depth_36/two_sided,two_sided,200,0,0,0.0,-0.021671849652908394,0.021671849652908394,1.0,0,numerical/depth_36/two_sided,two_sided,0.0,-0.021671849652908394,0.021671849652908394
source_4_5_weak_16385,numerical/depth_36/two_sided_intersection,two_sided_intersection,200,0,0,0.0,-0.021671849652908394,0.021671849652908394,1.0,0,numerical/depth_36/two_sided_intersection,two_sided_intersection,0.0,-0.021671849652908394,0.021671849652908394
source_4_5_weak_16385,numerical/precision_160/two_sided,two_sided,200,0,0,0.0,-0.021671849652908394,0.021671849652908394,1.0,0,numerical/precision_160/two_sided,two_sided,0.0,-0.021671849652908394,0.021671849652908394
source_4_5_weak_16385,numerical/precision_160/two_sided_intersection,two_sided_intersection,200,0,0,0.0,-0.021671849652908394,0.021671849652908394,1.0,0,numerical/precision_160/two_sided_intersection,two_sided_intersection,0.0,-0.021671849652908394,0.021671849652908394
source_4_5_weak_16385,numerical/precision_320/two_sided,two_sided,200,0,0,0.0,-0.021671849652908394,0.021671849652908394,1.0,0,numerical/precision_320/two_sided,two_sided,0.0,-0.021671849652908394,0.021671849652908394
source_4_5_weak_16385,numerical/precision_320/two_sided_intersection,two_sided_intersection,200,0,0,0.0,-0.021671849652908394,0.021671849652908394,1.0,0,numerical/precision_320/two_sided_intersection,two_sided_intersection,0.0,-0.021671849652908394,0.021671849652908394
source_4_5_weak_16385,numerical/precision_80/two_sided,two_sided,200,0,0,0.0,-0.021671849652908394,0.021671849652908394,1.0,0,numerical/precision_80/two_sided,two_sided,0.0,-0.021671849652908394,0.021671849652908394
source_4_5_weak_16385,numerical/precision_80/two_sided_intersection,two_sided_intersection,200,0,0,0.0,-0.021671849652908394,0.021671849652908394,1.0,0,numerical/precision_80/two_sided_intersection,two_sided_intersection,0.0,-0.021671849652908394,0.021671849652908394
source_4_5_weak_65537,lag,numerical/depth_20/lag,200,0,0,0.0,-0.021671849652908394,0.021671849652908394,1.0,0,numerical/depth_20/lag,lag,-0.0,-0.021671849652908394,0.021671849652908394
source_4_5_weak_65537,lag,numerical/depth_28/lag,200,0,0,0.0,-0.021671849652908394,0.021671849652908394,1.0,0,numerical/depth_28/lag,lag,-0.0,-0.021671849652908394,0.021671849652908394
source_4_5_weak_65537,lag,numerical/depth_36/lag,200,0,0,0.0,-0.021671849652908394,0.021671849652908394,1.0,0,numerical/depth_36/lag,lag,-0.0,-0.021671849652908394,0.021671849652908394
source_4_5_weak_65537,lag,numerical/precision_160/lag,200,0,0,0.0,-0.021671849652908394,0.021671849652908394,1.0,0,numerical/precision_160/lag,lag,-0.0,-0.021671849652908394,0.021671849652908394
source_4_5_weak_65537,lag,numerical/precision_320/lag,200,0,0,0.0,-0.021671849652908394,0.021671849652908394,1.0,0,numerical/precision_320/lag,lag,-0.0,-0.021671849652908394,0.021671849652908394
source_4_5_weak_65537,lag,numerical/precision_80/lag,200,0,0,0.0,-0.021671849652908394,0.021671849652908394,1.0,0,numerical/precision_80/lag,lag,-0.0,-0.021671849652908394,0.021671849652908394
source_4_5_weak_65537,lower_cn,numerical/depth_20/lower_cn,200,0,0,0.0,-0.021671849652908394,0.021671849652908394,1.0,0,numerical/depth_20/lower_cn,lower_cn,-0.0,-0.021671849652908394,0.021671849652908394
source_4_5_weak_65537,lower_cn,numerical/depth_28/lower_cn,200,0,0,0.0,-0.021671849652908394,0.021671849652908394,1.0,0,numerical/depth_28/lower_cn,lower_cn,-0.0,-0.021671849652908394,0.021671849652908394
source_4_5_weak_65537,lower_cn,numerical/depth_36/lower_cn,200,0,0,0.0,-0.021671849652908394,0.021671849652908394,1.0,0,numerical/depth_36/lower_cn,lower_cn,-0.0,-0.021671849652908394,0.021671849652908394
source_4_5_weak_65537,lower_cn,numerical/precision_160/lower_cn,200,0,0,0.0,-0.021671849652908394,0.021671849652908394,1.0,0,numerical/precision_160/lower_cn,lower_cn,-0.0,-0.021671849652908394,0.021671849652908394
source_4_5_weak_65537,lower_cn,numerical/precision_320/lower_cn,200,0,0,0.0,-0.021671849652908394,0.021671849652908394,1.0,0,numerical/precision_320/lower_cn,lower_cn,-0.0,-0.021671849652908394,0.021671849652908394
source_4_5_weak_65537,lower_cn,numerical/precision_80/lower_cn,200,0,0,0.0,-0.021671849652908394,0.021671849652908394,1.0,0,numerical/precision_80/lower_cn,lower_cn,-0.0,-0.021671849652908394,0.021671849652908394
source_4_5_weak_65537,lower_cstar,numerical/depth_20/lower_cstar,200,0,0,0.0,-0.021671849652908394,0.021671849652908394,1.0,0,numerical/depth_20/lower_cstar,lower_cstar,-0.0,-0.021671849652908394,0.021671849652908394
source_4_5_weak_65537,lower_cstar,numerical/depth_28/lower_cstar,200,0,0,0.0,-0.021671849652908394,0.021671849652908394,1.0,0,numerical/depth_28/lower_cstar,lower_cstar,-0.0,-0.021671849652908394,0.021671849652908394
source_4_5_weak_65537,lower_cstar,numerical/depth_36/lower_cstar,200,0,0,0.0,-0.021671849652908394,0.021671849652908394,1.0,0,numerical/depth_36/lower_cstar,lower_cstar,-0.0,-0.021671849652908394,0.021671849652908394
source_4_5_weak_65537,lower_cstar,numerical/precision_160/lower_cstar,200,0,0,0.0,-0.021671849652908394,0.021671849652908394,1.0,0,numerical/precision_160/lower_cstar,lower_cstar,-0.0,-0.021671849652908394,0.021671849652908394
source_4_5_weak_65537,lower_cstar,numerical/precision_320/lower_cstar,200,0,0,0.0,-0.021671849652908394,0.021671849652908394,1.0,0,numerical/precision_320/lower_cstar,lower_cstar,-0.0,-0.021671849652908394,0.021671849652908394
source_4_5_weak_65537,lower_cstar,numerical/precision_80/lower_cstar,200,0,0,0.0,-0.021671849652908394,0.021671849652908394,1.0,0,numerical/precision_80/lower_cstar,lower_cstar,-0.0,-0.021671849652908394,0.021671849652908394
source_4_5_weak_65537,lower_intersection,numerical/depth_20/lower_intersection,200,0,0,0.0,-0.021671849652908394,0.021671849652908394,1.0,0,numerical/depth_20/lower_intersection,lower_intersection,-0.0,-0.021671849652908394,0.021671849652908394
source_4_5_weak_65537,lower_intersection,numerical/depth_28/lower_intersection,200,0,0,0.0,-0.021671849652908394,0.021671849652908394,1.0,0,numerical/depth_28/lower_intersection,lower_intersection,-0.0,-0.021671849652908394,0.021671849652908394
source_4_5_weak_65537,lower_intersection,numerical/depth_36/lower_intersection,200,0,0,0.0,-0.021671849652908394,0.021671849652908394,1.0,0,numerical/depth_36/lower_intersection,lower_intersection,-0.0,-0.021671849652908394,0.021671849652908394
source_4_5_weak_65537,lower_intersection,numerical/precision_160/lower_intersection,200,0,0,0.0,-0.021671849652908394,0.021671849652908394,1.0,0,numerical/precision_160/lower_intersection,lower_intersection,-0.0,-0.021671849652908394,0.021671849652908394
source_4_5_weak_65537,lower_intersection,numerical/precision_320/lower_intersection,200,0,0,0.0,-0.021671849652908394,0.021671849652908394,1.0,0,numerical/precision_320/lower_intersection,lower_intersection,-0.0,-0.021671849652908394,0.021671849652908394
source_4_5_weak_65537,lower_intersection,numerical/precision_80/lower_intersection,200,0,0,0.0,-0.021671849652908394,0.021671849652908394,1.0,0,numerical/precision_80/lower_intersection,lower_intersection,-0.0,-0.021671849652908394,0.021671849652908394
source_4_5_weak_65537,numerical/depth_20/two_sided,two_sided,200,0,0,0.0,-0.021671849652908394,0.021671849652908394,1.0,0,numerical/depth_20/two_sided,two_sided,0.0,-0.021671849652908394,0.021671849652908394
source_4_5_weak_65537,numerical/depth_20/two_sided_intersection,two_sided_intersection,200,0,0,0.0,-0.021671849652908394,0.021671849652908394,1.0,0,numerical/depth_20/two_sided_intersection,two_sided_intersection,0.0,-0.021671849652908394,0.021671849652908394
source_4_5_weak_65537,numerical/depth_28/two_sided,two_sided,200,0,0,0.0,-0.021671849652908394,0.021671849652908394,1.0,0,numerical/depth_28/two_sided,two_sided,0.0,-0.021671849652908394,0.021671849652908394
source_4_5_weak_65537,numerical/depth_28/two_sided_intersection,two_sided_intersection,200,0,0,0.0,-0.021671849652908394,0.021671849652908394,1.0,0,numerical/depth_28/two_sided_intersection,two_sided_intersection,0.0,-0.021671849652908394,0.021671849652908394
source_4_5_weak_65537,numerical/depth_36/two_sided,two_sided,200,0,0,0.0,-0.021671849652908394,0.021671849652908394,1.0,0,numerical/depth_36/two_sided,two_sided,0.0,-0.021671849652908394,0.021671849652908394
source_4_5_weak_65537,numerical/depth_36/two_sided_intersection,two_sided_intersection,200,0,0,0.0,-0.021671849652908394,0.021671849652908394,1.0,0,numerical/depth_36/two_sided_intersection,two_sided_intersection,0.0,-0.021671849652908394,0.021671849652908394
source_4_5_weak_65537,numerical/precision_160/two_sided,two_sided,200,0,0,0.0,-0.021671849652908394,0.021671849652908394,1.0,0,numerical/precision_160/two_sided,two_sided,0.0,-0.021671849652908394,0.021671849652908394
source_4_5_weak_65537,numerical/precision_160/two_sided_intersection,two_sided_intersection,200,0,0,0.0,-0.021671849652908394,0.021671849652908394,1.0,0,numerical/precision_160/two_sided_intersection,two_sided_intersection,0.0,-0.021671849652908394,0.021671849652908394
source_4_5_weak_65537,numerical/precision_320/two_sided,two_sided,200,0,0,0.0,-0.021671849652908394,0.021671849652908394,1.0,0,numerical/precision_320/two_sided,two_sided,0.0,-0.021671849652908394,0.021671849652908394
source_4_5_weak_65537,numerical/precision_320/two_sided_intersection,two_sided_intersection,200,0,0,0.0,-0.021671849652908394,0.021671849652908394,1.0,0,numerical/precision_320/two_sided_intersection,two_sided_intersection,0.0,-0.021671849652908394,0.021671849652908394
source_4_5_weak_65537,numerical/precision_80/two_sided,two_sided,200,0,0,0.0,-0.021671849652908394,0.021671849652908394,1.0,0,numerical/precision_80/two_sided,two_sided,0.0,-0.021671849652908394,0.021671849652908394
source_4_5_weak_65537,numerical/precision_80/two_sided_intersection,two_sided_intersection,200,0,0,0.0,-0.021671849652908394,0.021671849652908394,1.0,0,numerical/precision_80/two_sided_intersection,two_sided_intersection,0.0,-0.021671849652908394,0.021671849652908394
source_97_100_null_16385,lag,numerical/depth_20/lag,400,0,0,0.0,-0.010895278371854295,0.010895278371854295,1.0,0,numerical/depth_20/lag,lag,-0.0,-0.010895278371854295,0.010895278371854295
source_97_100_null_16385,lag,numerical/depth_28/lag,400,0,0,0.0,-0.010895278371854295,0.010895278371854295,1.0,0,numerical/depth_28/lag,lag,-0.0,-0.010895278371854295,0.010895278371854295
source_97_100_null_16385,lag,numerical/depth_36/lag,400,0,0,0.0,-0.010895278371854295,0.010895278371854295,1.0,0,numerical/depth_36/lag,lag,-0.0,-0.010895278371854295,0.010895278371854295
source_97_100_null_16385,lag,numerical/precision_160/lag,400,0,0,0.0,-0.010895278371854295,0.010895278371854295,1.0,0,numerical/precision_160/lag,lag,-0.0,-0.010895278371854295,0.010895278371854295
source_97_100_null_16385,lag,numerical/precision_320/lag,400,0,0,0.0,-0.010895278371854295,0.010895278371854295,1.0,0,numerical/precision_320/lag,lag,-0.0,-0.010895278371854295,0.010895278371854295
source_97_100_null_16385,lag,numerical/precision_80/lag,400,0,0,0.0,-0.010895278371854295,0.010895278371854295,1.0,0,numerical/precision_80/lag,lag,-0.0,-0.010895278371854295,0.010895278371854295
source_97_100_null_16385,lower_cn,numerical/depth_20/lower_cn,400,0,0,0.0,-0.010895278371854295,0.010895278371854295,1.0,0,numerical/depth_20/lower_cn,lower_cn,-0.0,-0.010895278371854295,0.010895278371854295
source_97_100_null_16385,lower_cn,numerical/depth_28/lower_cn,400,0,0,0.0,-0.010895278371854295,0.010895278371854295,1.0,0,numerical/depth_28/lower_cn,lower_cn,-0.0,-0.010895278371854295,0.010895278371854295
source_97_100_null_16385,lower_cn,numerical/depth_36/lower_cn,400,0,0,0.0,-0.010895278371854295,0.010895278371854295,1.0,0,numerical/depth_36/lower_cn,lower_cn,-0.0,-0.010895278371854295,0.010895278371854295
source_97_100_null_16385,lower_cn,numerical/precision_160/lower_cn,400,0,0,0.0,-0.010895278371854295,0.010895278371854295,1.0,0,numerical/precision_160/lower_cn,lower_cn,-0.0,-0.010895278371854295,0.010895278371854295
source_97_100_null_16385,lower_cn,numerical/precision_320/lower_cn,400,0,0,0.0,-0.010895278371854295,0.010895278371854295,1.0,0,numerical/precision_320/lower_cn,lower_cn,-0.0,-0.010895278371854295,0.010895278371854295
source_97_100_null_16385,lower_cn,numerical/precision_80/lower_cn,400,0,0,0.0,-0.010895278371854295,0.010895278371854295,1.0,0,numerical/precision_80/lower_cn,lower_cn,-0.0,-0.010895278371854295,0.010895278371854295
source_97_100_null_16385,lower_cstar,numerical/depth_20/lower_cstar,400,0,0,0.0,-0.010895278371854295,0.010895278371854295,1.0,0,numerical/depth_20/lower_cstar,lower_cstar,-0.0,-0.010895278371854295,0.010895278371854295
source_97_100_null_16385,lower_cstar,numerical/depth_28/lower_cstar,400,0,0,0.0,-0.010895278371854295,0.010895278371854295,1.0,0,numerical/depth_28/lower_cstar,lower_cstar,-0.0,-0.010895278371854295,0.010895278371854295
source_97_100_null_16385,lower_cstar,numerical/depth_36/lower_cstar,400,0,0,0.0,-0.010895278371854295,0.010895278371854295,1.0,0,numerical/depth_36/lower_cstar,lower_cstar,-0.0,-0.010895278371854295,0.010895278371854295
source_97_100_null_16385,lower_cstar,numerical/precision_160/lower_cstar,400,0,0,0.0,-0.010895278371854295,0.010895278371854295,1.0,0,numerical/precision_160/lower_cstar,lower_cstar,-0.0,-0.010895278371854295,0.010895278371854295
source_97_100_null_16385,lower_cstar,numerical/precision_320/lower_cstar,400,0,0,0.0,-0.010895278371854295,0.010895278371854295,1.0,0,numerical/precision_320/lower_cstar,lower_cstar,-0.0,-0.010895278371854295,0.010895278371854295
source_97_100_null_16385,lower_cstar,numerical/precision_80/lower_cstar,400,0,0,0.0,-0.010895278371854295,0.010895278371854295,1.0,0,numerical/precision_80/lower_cstar,lower_cstar,-0.0,-0.010895278371854295,0.010895278371854295
source_97_100_null_16385,lower_intersection,numerical/depth_20/lower_intersection,400,0,0,0.0,-0.010895278371854295,0.010895278371854295,1.0,0,numerical/depth_20/lower_intersection,lower_intersection,-0.0,-0.010895278371854295,0.010895278371854295
source_97_100_null_16385,lower_intersection,numerical/depth_28/lower_intersection,400,0,0,0.0,-0.010895278371854295,0.010895278371854295,1.0,0,numerical/depth_28/lower_intersection,lower_intersection,-0.0,-0.010895278371854295,0.010895278371854295
source_97_100_null_16385,lower_intersection,numerical/depth_36/lower_intersection,400,0,0,0.0,-0.010895278371854295,0.010895278371854295,1.0,0,numerical/depth_36/lower_intersection,lower_intersection,-0.0,-0.010895278371854295,0.010895278371854295
source_97_100_null_16385,lower_intersection,numerical/precision_160/lower_intersection,400,0,0,0.0,-0.010895278371854295,0.010895278371854295,1.0,0,numerical/precision_160/lower_intersection,lower_intersection,-0.0,-0.010895278371854295,0.010895278371854295
source_97_100_null_16385,lower_intersection,numerical/precision_320/lower_intersection,400,0,0,0.0,-0.010895278371854295,0.010895278371854295,1.0,0,numerical/precision_320/lower_intersection,lower_intersection,-0.0,-0.010895278371854295,0.010895278371854295
source_97_100_null_16385,lower_intersection,numerical/precision_80/lower_intersection,400,0,0,0.0,-0.010895278371854295,0.010895278371854295,1.0,0,numerical/precision_80/lower_intersection,lower_intersection,-0.0,-0.010895278371854295,0.010895278371854295
source_97_100_null_16385,numerical/depth_20/two_sided,two_sided,400,0,0,0.0,-0.010895278371854295,0.010895278371854295,1.0,0,numerical/depth_20/two_sided,two_sided,0.0,-0.010895278371854295,0.010895278371854295
source_97_100_null_16385,numerical/depth_20/two_sided_intersection,two_sided_intersection,400,0,0,0.0,-0.010895278371854295,0.010895278371854295,1.0,0,numerical/depth_20/two_sided_intersection,two_sided_intersection,0.0,-0.010895278371854295,0.010895278371854295
source_97_100_null_16385,numerical/depth_28/two_sided,two_sided,400,0,0,0.0,-0.010895278371854295,0.010895278371854295,1.0,0,numerical/depth_28/two_sided,two_sided,0.0,-0.010895278371854295,0.010895278371854295
source_97_100_null_16385,numerical/depth_28/two_sided_intersection,two_sided_intersection,400,0,0,0.0,-0.010895278371854295,0.010895278371854295,1.0,0,numerical/depth_28/two_sided_intersection,two_sided_intersection,0.0,-0.010895278371854295,0.010895278371854295
source_97_100_null_16385,numerical/depth_36/two_sided,two_sided,400,0,0,0.0,-0.010895278371854295,0.010895278371854295,1.0,0,numerical/depth_36/two_sided,two_sided,0.0,-0.010895278371854295,0.010895278371854295
source_97_100_null_16385,numerical/depth_36/two_sided_intersection,two_sided_intersection,400,0,0,0.0,-0.010895278371854295,0.010895278371854295,1.0,0,numerical/depth_36/two_sided_intersection,two_sided_intersection,0.0,-0.010895278371854295,0.010895278371854295
source_97_100_null_16385,numerical/precision_160/two_sided,two_sided,400,0,0,0.0,-0.010895278371854295,0.010895278371854295,1.0,0,numerical/precision_160/two_sided,two_sided,0.0,-0.010895278371854295,0.010895278371854295
source_97_100_null_16385,numerical/precision_160/two_sided_intersection,two_sided_intersection,400,0,0,0.0,-0.010895278371854295,0.010895278371854295,1.0,0,numerical/precision_160/two_sided_intersection,two_sided_intersection,0.0,-0.010895278371854295,0.010895278371854295
source_97_100_null_16385,numerical/precision_320/two_sided,two_sided,400,0,0,0.0,-0.010895278371854295,0.010895278371854295,1.0,0,numerical/precision_320/two_sided,two_sided,0.0,-0.010895278371854295,0.010895278371854295
source_97_100_null_16385,numerical/precision_320/two_sided_intersection,two_sided_intersection,400,0,0,0.0,-0.010895278371854295,0.010895278371854295,1.0,0,numerical/precision_320/two_sided_intersection,two_sided_intersection,0.0,-0.010895278371854295,0.010895278371854295
source_97_100_null_16385,numerical/precision_80/two_sided,two_sided,400,0,0,0.0,-0.010895278371854295,0.010895278371854295,1.0,0,numerical/precision_80/two_sided,two_sided,0.0,-0.010895278371854295,0.010895278371854295
source_97_100_null_16385,numerical/precision_80/two_sided_intersection,two_sided_intersection,400,0,0,0.0,-0.010895278371854295,0.010895278371854295,1.0,0,numerical/precision_80/two_sided_intersection,two_sided_intersection,0.0,-0.010895278371854295,0.010895278371854295
source_97_100_null_65537,fractional_12/lag,lag,1000,0,0,0.0,-0.004372439564671273,0.004372439564671273,1.0,508,fractional_12/lag,lag,0.0,-0.004372439564671273,0.004372439564671273
source_97_100_null_65537,fractional_12/lower_cn,lower_cn,1000,0,0,0.0,-0.004372439564671273,0.004372439564671273,1.0,19,fractional_12/lower_cn,lower_cn,0.0,-0.004372439564671273,0.004372439564671273
source_97_100_null_65537,fractional_12/lower_cstar,lower_cstar,1000,0,0,0.0,-0.004372439564671273,0.004372439564671273,1.0,0,fractional_12/lower_cstar,lower_cstar,0.0,-0.004372439564671273,0.004372439564671273
source_97_100_null_65537,fractional_12/lower_intersection,lower_intersection,1000,0,0,0.0,-0.004372439564671273,0.004372439564671273,1.0,744,fractional_12/lower_intersection,lower_intersection,0.0,-0.004372439564671273,0.004372439564671273
source_97_100_null_65537,fractional_12/supplied,supplied,1000,0,0,0.0,-0.004372439564671273,0.004372439564671273,1.0,0,fractional_12/supplied,supplied,0.0,-0.004372439564671273,0.004372439564671273
source_97_100_null_65537,fractional_12/two_sided,two_sided,1000,0,0,0.0,-0.004372439564671273,0.004372439564671273,1.0,0,fractional_12/two_sided,two_sided,0.0,-0.004372439564671273,0.004372439564671273
source_97_100_null_65537,fractional_12/two_sided_adaptive_bank,two_sided_adaptive_bank,1000,0,0,0.0,-0.004372439564671273,0.004372439564671273,1.0,0,fractional_12/two_sided_adaptive_bank,two_sided_adaptive_bank,0.0,-0.004372439564671273,0.004372439564671273
source_97_100_null_65537,fractional_12/two_sided_intersection,two_sided_intersection,1000,0,0,0.0,-0.004372439564671273,0.004372439564671273,1.0,0,fractional_12/two_sided_intersection,two_sided_intersection,0.0,-0.004372439564671273,0.004372439564671273
source_97_100_null_65537,fractional_12/two_sided_intersection_maximum_scale,two_sided_intersection_maximum_scale,1000,0,0,0.0,-0.004372439564671273,0.004372439564671273,1.0,0,fractional_12/two_sided_intersection_maximum_scale,two_sided_intersection_maximum_scale,0.0,-0.004372439564671273,0.004372439564671273
source_97_100_null_65537,fractional_12/two_sided_intersection_old_operator,two_sided_intersection_old_operator,1000,0,0,0.0,-0.004372439564671273,0.004372439564671273,1.0,0,fractional_12/two_sided_intersection_old_operator,two_sided_intersection_old_operator,0.0,-0.004372439564671273,0.004372439564671273
source_97_100_null_65537,fractional_12/two_sided_maximum_scale,two_sided_maximum_scale,1000,0,0,0.0,-0.004372439564671273,0.004372439564671273,1.0,0,fractional_12/two_sided_maximum_scale,two_sided_maximum_scale,0.0,-0.004372439564671273,0.004372439564671273
source_97_100_null_65537,fractional_12/two_sided_old_operator,two_sided_old_operator,1000,0,0,0.0,-0.004372439564671273,0.004372439564671273,1.0,0,fractional_12/two_sided_old_operator,two_sided_old_operator,0.0,-0.004372439564671273,0.004372439564671273
source_97_100_null_65537,fractional_12/two_sided_shape_1/2,two_sided_shape_1/2,1000,0,0,0.0,-0.004372439564671273,0.004372439564671273,1.0,0,fractional_12/two_sided_shape_1/2,two_sided_shape_1/2,0.0,-0.004372439564671273,0.004372439564671273
source_97_100_null_65537,fractional_12/two_sided_shape_2/3,two_sided_shape_2/3,1000,0,0,0.0,-0.004372439564671273,0.004372439564671273,1.0,0,fractional_12/two_sided_shape_2/3,two_sided_shape_2/3,0.0,-0.004372439564671273,0.004372439564671273
source_97_100_null_65537,fractional_8/lag,lag,1000,0,0,0.0,-0.004372439564671273,0.004372439564671273,1.0,525,fractional_8/lag,lag,0.0,-0.004372439564671273,0.004372439564671273
source_97_100_null_65537,fractional_8/lower_cn,lower_cn,1000,0,0,0.0,-0.004372439564671273,0.004372439564671273,1.0,19,fractional_8/lower_cn,lower_cn,0.0,-0.004372439564671273,0.004372439564671273
source_97_100_null_65537,fractional_8/lower_cstar,lower_cstar,1000,0,0,0.0,-0.004372439564671273,0.004372439564671273,1.0,0,fractional_8/lower_cstar,lower_cstar,0.0,-0.004372439564671273,0.004372439564671273
source_97_100_null_65537,fractional_8/lower_intersection,lower_intersection,1000,0,0,0.0,-0.004372439564671273,0.004372439564671273,1.0,891,fractional_8/lower_intersection,lower_intersection,0.0,-0.004372439564671273,0.004372439564671273
source_97_100_null_65537,fractional_8/supplied,supplied,1000,0,0,0.0,-0.004372439564671273,0.004372439564671273,1.0,0,fractional_8/supplied,supplied,0.0,-0.004372439564671273,0.004372439564671273
source_97_100_null_65537,fractional_8/two_sided,two_sided,1000,0,0,0.0,-0.004372439564671273,0.004372439564671273,1.0,685,fractional_8/two_sided,two_sided,0.0,-0.004372439564671273,0.004372439564671273
source_97_100_null_65537,fractional_8/two_sided_adaptive_bank,two_sided_adaptive_bank,1000,0,0,0.0,-0.004372439564671273,0.004372439564671273,1.0,96,fractional_8/two_sided_adaptive_bank,two_sided_adaptive_bank,0.0,-0.004372439564671273,0.004372439564671273
source_97_100_null_65537,fractional_8/two_sided_intersection,two_sided_intersection,1000,0,0,0.0,-0.004372439564671273,0.004372439564671273,1.0,1,fractional_8/two_sided_intersection,two_sided_intersection,0.0,-0.004372439564671273,0.004372439564671273
source_97_100_null_65537,fractional_8/two_sided_intersection_maximum_scale,two_sided_intersection_maximum_scale,1000,0,0,0.0,-0.004372439564671273,0.004372439564671273,1.0,1,fractional_8/two_sided_intersection_maximum_scale,two_sided_intersection_maximum_scale,0.0,-0.004372439564671273,0.004372439564671273
source_97_100_null_65537,fractional_8/two_sided_intersection_old_operator,two_sided_intersection_old_operator,1000,0,0,0.0,-0.004372439564671273,0.004372439564671273,1.0,1,fractional_8/two_sided_intersection_old_operator,two_sided_intersection_old_operator,0.0,-0.004372439564671273,0.004372439564671273
source_97_100_null_65537,fractional_8/two_sided_maximum_scale,two_sided_maximum_scale,1000,0,0,0.0,-0.004372439564671273,0.004372439564671273,1.0,685,fractional_8/two_sided_maximum_scale,two_sided_maximum_scale,0.0,-0.004372439564671273,0.004372439564671273
source_97_100_null_65537,fractional_8/two_sided_old_operator,two_sided_old_operator,1000,0,0,0.0,-0.004372439564671273,0.004372439564671273,1.0,685,fractional_8/two_sided_old_operator,two_sided_old_operator,0.0,-0.004372439564671273,0.004372439564671273
source_97_100_null_65537,fractional_8/two_sided_shape_1/2,two_sided_shape_1/2,1000,0,0,0.0,-0.004372439564671273,0.004372439564671273,1.0,139,fractional_8/two_sided_shape_1/2,two_sided_shape_1/2,0.0,-0.004372439564671273,0.004372439564671273
source_97_100_null_65537,fractional_8/two_sided_shape_2/3,two_sided_shape_2/3,1000,0,0,0.0,-0.004372439564671273,0.004372439564671273,1.0,381,fractional_8/two_sided_shape_2/3,two_sided_shape_2/3,0.0,-0.004372439564671273,0.004372439564671273
source_97_100_null_65537,lag,numerical/depth_20/lag,1000,0,0,0.0,-0.004372439564671273,0.004372439564671273,1.0,0,numerical/depth_20/lag,lag,-0.0,-0.004372439564671273,0.004372439564671273
source_97_100_null_65537,lag,numerical/depth_28/lag,1000,0,0,0.0,-0.004372439564671273,0.004372439564671273,1.0,0,numerical/depth_28/lag,lag,-0.0,-0.004372439564671273,0.004372439564671273
source_97_100_null_65537,lag,numerical/depth_36/lag,1000,0,0,0.0,-0.004372439564671273,0.004372439564671273,1.0,0,numerical/depth_36/lag,lag,-0.0,-0.004372439564671273,0.004372439564671273
source_97_100_null_65537,lag,numerical/precision_160/lag,1000,0,0,0.0,-0.004372439564671273,0.004372439564671273,1.0,0,numerical/precision_160/lag,lag,-0.0,-0.004372439564671273,0.004372439564671273
source_97_100_null_65537,lag,numerical/precision_320/lag,1000,0,0,0.0,-0.004372439564671273,0.004372439564671273,1.0,0,numerical/precision_320/lag,lag,-0.0,-0.004372439564671273,0.004372439564671273
source_97_100_null_65537,lag,numerical/precision_80/lag,1000,0,0,0.0,-0.004372439564671273,0.004372439564671273,1.0,0,numerical/precision_80/lag,lag,-0.0,-0.004372439564671273,0.004372439564671273
source_97_100_null_65537,lag,recorder_12/lag,1000,0,0,0.0,-0.004372439564671273,0.004372439564671273,1.0,525,recorder_12/lag,lag,-0.0,-0.004372439564671273,0.004372439564671273
source_97_100_null_65537,lag,recorder_8/lag,1000,0,0,0.0,-0.004372439564671273,0.004372439564671273,1.0,525,recorder_8/lag,lag,-0.0,-0.004372439564671273,0.004372439564671273
source_97_100_null_65537,lower_cn,numerical/depth_20/lower_cn,1000,0,0,0.0,-0.004372439564671273,0.004372439564671273,1.0,0,numerical/depth_20/lower_cn,lower_cn,-0.0,-0.004372439564671273,0.004372439564671273
source_97_100_null_65537,lower_cn,numerical/depth_28/lower_cn,1000,0,0,0.0,-0.004372439564671273,0.004372439564671273,1.0,0,numerical/depth_28/lower_cn,lower_cn,-0.0,-0.004372439564671273,0.004372439564671273
source_97_100_null_65537,lower_cn,numerical/depth_36/lower_cn,1000,0,0,0.0,-0.004372439564671273,0.004372439564671273,1.0,0,numerical/depth_36/lower_cn,lower_cn,-0.0,-0.004372439564671273,0.004372439564671273
source_97_100_null_65537,lower_cn,numerical/precision_160/lower_cn,1000,0,0,0.0,-0.004372439564671273,0.004372439564671273,1.0,0,numerical/precision_160/lower_cn,lower_cn,-0.0,-0.004372439564671273,0.004372439564671273
source_97_100_null_65537,lower_cn,numerical/precision_320/lower_cn,1000,0,0,0.0,-0.004372439564671273,0.004372439564671273,1.0,0,numerical/precision_320/lower_cn,lower_cn,-0.0,-0.004372439564671273,0.004372439564671273
source_97_100_null_65537,lower_cn,numerical/precision_80/lower_cn,1000,0,0,0.0,-0.004372439564671273,0.004372439564671273,1.0,0,numerical/precision_80/lower_cn,lower_cn,-0.0,-0.004372439564671273,0.004372439564671273
source_97_100_null_65537,lower_cn,recorder_12/lower_cn,1000,0,0,0.0,-0.004372439564671273,0.004372439564671273,1.0,19,recorder_12/lower_cn,lower_cn,-0.0,-0.004372439564671273,0.004372439564671273
source_97_100_null_65537,lower_cn,recorder_8/lower_cn,1000,0,0,0.0,-0.004372439564671273,0.004372439564671273,1.0,19,recorder_8/lower_cn,lower_cn,-0.0,-0.004372439564671273,0.004372439564671273
source_97_100_null_65537,lower_cstar,numerical/depth_20/lower_cstar,1000,0,0,0.0,-0.004372439564671273,0.004372439564671273,1.0,0,numerical/depth_20/lower_cstar,lower_cstar,-0.0,-0.004372439564671273,0.004372439564671273
source_97_100_null_65537,lower_cstar,numerical/depth_28/lower_cstar,1000,0,0,0.0,-0.004372439564671273,0.004372439564671273,1.0,0,numerical/depth_28/lower_cstar,lower_cstar,-0.0,-0.004372439564671273,0.004372439564671273
source_97_100_null_65537,lower_cstar,numerical/depth_36/lower_cstar,1000,0,0,0.0,-0.004372439564671273,0.004372439564671273,1.0,0,numerical/depth_36/lower_cstar,lower_cstar,-0.0,-0.004372439564671273,0.004372439564671273
source_97_100_null_65537,lower_cstar,numerical/precision_160/lower_cstar,1000,0,0,0.0,-0.004372439564671273,0.004372439564671273,1.0,0,numerical/precision_160/lower_cstar,lower_cstar,-0.0,-0.004372439564671273,0.004372439564671273
source_97_100_null_65537,lower_cstar,numerical/precision_320/lower_cstar,1000,0,0,0.0,-0.004372439564671273,0.004372439564671273,1.0,0,numerical/precision_320/lower_cstar,lower_cstar,-0.0,-0.004372439564671273,0.004372439564671273
source_97_100_null_65537,lower_cstar,numerical/precision_80/lower_cstar,1000,0,0,0.0,-0.004372439564671273,0.004372439564671273,1.0,0,numerical/precision_80/lower_cstar,lower_cstar,-0.0,-0.004372439564671273,0.004372439564671273
source_97_100_null_65537,lower_cstar,recorder_12/lower_cstar,1000,0,0,0.0,-0.004372439564671273,0.004372439564671273,1.0,0,recorder_12/lower_cstar,lower_cstar,-0.0,-0.004372439564671273,0.004372439564671273
source_97_100_null_65537,lower_cstar,recorder_8/lower_cstar,1000,0,0,0.0,-0.004372439564671273,0.004372439564671273,1.0,0,recorder_8/lower_cstar,lower_cstar,-0.0,-0.004372439564671273,0.004372439564671273
source_97_100_null_65537,lower_intersection,numerical/depth_20/lower_intersection,1000,0,0,0.0,-0.004372439564671273,0.004372439564671273,1.0,0,numerical/depth_20/lower_intersection,lower_intersection,-0.0,-0.004372439564671273,0.004372439564671273
source_97_100_null_65537,lower_intersection,numerical/depth_28/lower_intersection,1000,0,0,0.0,-0.004372439564671273,0.004372439564671273,1.0,0,numerical/depth_28/lower_intersection,lower_intersection,-0.0,-0.004372439564671273,0.004372439564671273
source_97_100_null_65537,lower_intersection,numerical/depth_36/lower_intersection,1000,0,0,0.0,-0.004372439564671273,0.004372439564671273,1.0,0,numerical/depth_36/lower_intersection,lower_intersection,-0.0,-0.004372439564671273,0.004372439564671273
source_97_100_null_65537,lower_intersection,numerical/precision_160/lower_intersection,1000,0,0,0.0,-0.004372439564671273,0.004372439564671273,1.0,0,numerical/precision_160/lower_intersection,lower_intersection,-0.0,-0.004372439564671273,0.004372439564671273
source_97_100_null_65537,lower_intersection,numerical/precision_320/lower_intersection,1000,0,0,0.0,-0.004372439564671273,0.004372439564671273,1.0,0,numerical/precision_320/lower_intersection,lower_intersection,-0.0,-0.004372439564671273,0.004372439564671273
source_97_100_null_65537,lower_intersection,numerical/precision_80/lower_intersection,1000,0,0,0.0,-0.004372439564671273,0.004372439564671273,1.0,0,numerical/precision_80/lower_intersection,lower_intersection,-0.0,-0.004372439564671273,0.004372439564671273
source_97_100_null_65537,lower_intersection,recorder_12/lower_intersection,1000,0,0,0.0,-0.004372439564671273,0.004372439564671273,1.0,891,recorder_12/lower_intersection,lower_intersection,-0.0,-0.004372439564671273,0.004372439564671273
source_97_100_null_65537,lower_intersection,recorder_8/lower_intersection,1000,0,0,0.0,-0.004372439564671273,0.004372439564671273,1.0,891,recorder_8/lower_intersection,lower_intersection,-0.0,-0.004372439564671273,0.004372439564671273
source_97_100_null_65537,numerical/depth_20/two_sided,two_sided,1000,0,0,0.0,-0.004372439564671273,0.004372439564671273,1.0,0,numerical/depth_20/two_sided,two_sided,0.0,-0.004372439564671273,0.004372439564671273
source_97_100_null_65537,numerical/depth_20/two_sided_intersection,two_sided_intersection,1000,0,0,0.0,-0.004372439564671273,0.004372439564671273,1.0,0,numerical/depth_20/two_sided_intersection,two_sided_intersection,0.0,-0.004372439564671273,0.004372439564671273
source_97_100_null_65537,numerical/depth_28/two_sided,two_sided,1000,0,0,0.0,-0.004372439564671273,0.004372439564671273,1.0,0,numerical/depth_28/two_sided,two_sided,0.0,-0.004372439564671273,0.004372439564671273
source_97_100_null_65537,numerical/depth_28/two_sided_intersection,two_sided_intersection,1000,0,0,0.0,-0.004372439564671273,0.004372439564671273,1.0,0,numerical/depth_28/two_sided_intersection,two_sided_intersection,0.0,-0.004372439564671273,0.004372439564671273
source_97_100_null_65537,numerical/depth_36/two_sided,two_sided,1000,0,0,0.0,-0.004372439564671273,0.004372439564671273,1.0,0,numerical/depth_36/two_sided,two_sided,0.0,-0.004372439564671273,0.004372439564671273
source_97_100_null_65537,numerical/depth_36/two_sided_intersection,two_sided_intersection,1000,0,0,0.0,-0.004372439564671273,0.004372439564671273,1.0,0,numerical/depth_36/two_sided_intersection,two_sided_intersection,0.0,-0.004372439564671273,0.004372439564671273
source_97_100_null_65537,numerical/precision_160/two_sided,two_sided,1000,0,0,0.0,-0.004372439564671273,0.004372439564671273,1.0,0,numerical/precision_160/two_sided,two_sided,0.0,-0.004372439564671273,0.004372439564671273
source_97_100_null_65537,numerical/precision_160/two_sided_intersection,two_sided_intersection,1000,0,0,0.0,-0.004372439564671273,0.004372439564671273,1.0,0,numerical/precision_160/two_sided_intersection,two_sided_intersection,0.0,-0.004372439564671273,0.004372439564671273
source_97_100_null_65537,numerical/precision_320/two_sided,two_sided,1000,0,0,0.0,-0.004372439564671273,0.004372439564671273,1.0,0,numerical/precision_320/two_sided,two_sided,0.0,-0.004372439564671273,0.004372439564671273
source_97_100_null_65537,numerical/precision_320/two_sided_intersection,two_sided_intersection,1000,0,0,0.0,-0.004372439564671273,0.004372439564671273,1.0,0,numerical/precision_320/two_sided_intersection,two_sided_intersection,0.0,-0.004372439564671273,0.004372439564671273
source_97_100_null_65537,numerical/precision_80/two_sided,two_sided,1000,0,0,0.0,-0.004372439564671273,0.004372439564671273,1.0,0,numerical/precision_80/two_sided,two_sided,0.0,-0.004372439564671273,0.004372439564671273
source_97_100_null_65537,numerical/precision_80/two_sided_intersection,two_sided_intersection,1000,0,0,0.0,-0.004372439564671273,0.004372439564671273,1.0,0,numerical/precision_80/two_sided_intersection,two_sided_intersection,0.0,-0.004372439564671273,0.004372439564671273
source_97_100_null_65537,recorder_12/supplied,supplied,1000,0,0,0.0,-0.004372439564671273,0.004372439564671273,1.0,0,recorder_12/supplied,supplied,0.0,-0.004372439564671273,0.004372439564671273
source_97_100_null_65537,recorder_12/two_sided,two_sided,1000,0,0,0.0,-0.004372439564671273,0.004372439564671273,1.0,1000,recorder_12/two_sided,two_sided,0.0,-0.004372439564671273,0.004372439564671273
source_97_100_null_65537,recorder_12/two_sided_adaptive_bank,two_sided_adaptive_bank,1000,0,0,0.0,-0.004372439564671273,0.004372439564671273,1.0,1000,recorder_12/two_sided_adaptive_bank,two_sided_adaptive_bank,0.0,-0.004372439564671273,0.004372439564671273
source_97_100_null_65537,recorder_12/two_sided_intersection,two_sided_intersection,1000,0,0,0.0,-0.004372439564671273,0.004372439564671273,1.0,305,recorder_12/two_sided_intersection,two_sided_intersection,0.0,-0.004372439564671273,0.004372439564671273
source_97_100_null_65537,recorder_12/two_sided_intersection_maximum_scale,two_sided_intersection_maximum_scale,1000,0,0,0.0,-0.004372439564671273,0.004372439564671273,1.0,305,recorder_12/two_sided_intersection_maximum_scale,two_sided_intersection_maximum_scale,0.0,-0.004372439564671273,0.004372439564671273
source_97_100_null_65537,recorder_12/two_sided_intersection_old_operator,two_sided_intersection_old_operator,1000,0,0,0.0,-0.004372439564671273,0.004372439564671273,1.0,305,recorder_12/two_sided_intersection_old_operator,two_sided_intersection_old_operator,0.0,-0.004372439564671273,0.004372439564671273
source_97_100_null_65537,recorder_12/two_sided_maximum_scale,two_sided_maximum_scale,1000,0,0,0.0,-0.004372439564671273,0.004372439564671273,1.0,1000,recorder_12/two_sided_maximum_scale,two_sided_maximum_scale,0.0,-0.004372439564671273,0.004372439564671273
source_97_100_null_65537,recorder_12/two_sided_old_operator,two_sided_old_operator,1000,0,0,0.0,-0.004372439564671273,0.004372439564671273,1.0,1000,recorder_12/two_sided_old_operator,two_sided_old_operator,0.0,-0.004372439564671273,0.004372439564671273
source_97_100_null_65537,recorder_12/two_sided_shape_1/2,two_sided_shape_1/2,1000,0,0,0.0,-0.004372439564671273,0.004372439564671273,1.0,1000,recorder_12/two_sided_shape_1/2,two_sided_shape_1/2,0.0,-0.004372439564671273,0.004372439564671273
source_97_100_null_65537,recorder_12/two_sided_shape_2/3,two_sided_shape_2/3,1000,0,0,0.0,-0.004372439564671273,0.004372439564671273,1.0,1000,recorder_12/two_sided_shape_2/3,two_sided_shape_2/3,0.0,-0.004372439564671273,0.004372439564671273
source_97_100_null_65537,recorder_8/supplied,supplied,1000,0,0,0.0,-0.004372439564671273,0.004372439564671273,1.0,0,recorder_8/supplied,supplied,0.0,-0.004372439564671273,0.004372439564671273
source_97_100_null_65537,recorder_8/two_sided,two_sided,1000,0,0,0.0,-0.004372439564671273,0.004372439564671273,1.0,1000,recorder_8/two_sided,two_sided,0.0,-0.004372439564671273,0.004372439564671273
source_97_100_null_65537,recorder_8/two_sided_adaptive_bank,two_sided_adaptive_bank,1000,0,0,0.0,-0.004372439564671273,0.004372439564671273,1.0,1000,recorder_8/two_sided_adaptive_bank,two_sided_adaptive_bank,0.0,-0.004372439564671273,0.004372439564671273
source_97_100_null_65537,recorder_8/two_sided_intersection,two_sided_intersection,1000,0,0,0.0,-0.004372439564671273,0.004372439564671273,1.0,1000,recorder_8/two_sided_intersection,two_sided_intersection,0.0,-0.004372439564671273,0.004372439564671273
source_97_100_null_65537,recorder_8/two_sided_intersection_maximum_scale,two_sided_intersection_maximum_scale,1000,0,0,0.0,-0.004372439564671273,0.004372439564671273,1.0,1000,recorder_8/two_sided_intersection_maximum_scale,two_sided_intersection_maximum_scale,0.0,-0.004372439564671273,0.004372439564671273
source_97_100_null_65537,recorder_8/two_sided_intersection_old_operator,two_sided_intersection_old_operator,1000,0,0,0.0,-0.004372439564671273,0.004372439564671273,1.0,1000,recorder_8/two_sided_intersection_old_operator,two_sided_intersection_old_operator,0.0,-0.004372439564671273,0.004372439564671273
source_97_100_null_65537,recorder_8/two_sided_maximum_scale,two_sided_maximum_scale,1000,0,0,0.0,-0.004372439564671273,0.004372439564671273,1.0,1000,recorder_8/two_sided_maximum_scale,two_sided_maximum_scale,0.0,-0.004372439564671273,0.004372439564671273
source_97_100_null_65537,recorder_8/two_sided_old_operator,two_sided_old_operator,1000,0,0,0.0,-0.004372439564671273,0.004372439564671273,1.0,1000,recorder_8/two_sided_old_operator,two_sided_old_operator,0.0,-0.004372439564671273,0.004372439564671273
source_97_100_null_65537,recorder_8/two_sided_shape_1/2,two_sided_shape_1/2,1000,0,0,0.0,-0.004372439564671273,0.004372439564671273,1.0,1000,recorder_8/two_sided_shape_1/2,two_sided_shape_1/2,0.0,-0.004372439564671273,0.004372439564671273
source_97_100_null_65537,recorder_8/two_sided_shape_2/3,two_sided_shape_2/3,1000,0,0,0.0,-0.004372439564671273,0.004372439564671273,1.0,1000,recorder_8/two_sided_shape_2/3,two_sided_shape_2/3,0.0,-0.004372439564671273,0.004372439564671273
source_97_100_strong_16385,lag,numerical/depth_20/lag,200,0,0,0.0,-0.021671849652908394,0.021671849652908394,1.0,0,numerical/depth_20/lag,lag,-0.0,-0.021671849652908394,0.021671849652908394
source_97_100_strong_16385,lag,numerical/depth_28/lag,200,0,0,0.0,-0.021671849652908394,0.021671849652908394,1.0,0,numerical/depth_28/lag,lag,-0.0,-0.021671849652908394,0.021671849652908394
source_97_100_strong_16385,lag,numerical/depth_36/lag,200,0,0,0.0,-0.021671849652908394,0.021671849652908394,1.0,0,numerical/depth_36/lag,lag,-0.0,-0.021671849652908394,0.021671849652908394
source_97_100_strong_16385,lag,numerical/precision_160/lag,200,0,0,0.0,-0.021671849652908394,0.021671849652908394,1.0,0,numerical/precision_160/lag,lag,-0.0,-0.021671849652908394,0.021671849652908394
source_97_100_strong_16385,lag,numerical/precision_320/lag,200,0,0,0.0,-0.021671849652908394,0.021671849652908394,1.0,0,numerical/precision_320/lag,lag,-0.0,-0.021671849652908394,0.021671849652908394
source_97_100_strong_16385,lag,numerical/precision_80/lag,200,0,0,0.0,-0.021671849652908394,0.021671849652908394,1.0,0,numerical/precision_80/lag,lag,-0.0,-0.021671849652908394,0.021671849652908394
source_97_100_strong_16385,lower_cn,numerical/depth_20/lower_cn,200,0,0,0.0,-0.021671849652908394,0.021671849652908394,1.0,0,numerical/depth_20/lower_cn,lower_cn,-0.0,-0.021671849652908394,0.021671849652908394
source_97_100_strong_16385,lower_cn,numerical/depth_28/lower_cn,200,0,0,0.0,-0.021671849652908394,0.021671849652908394,1.0,0,numerical/depth_28/lower_cn,lower_cn,-0.0,-0.021671849652908394,0.021671849652908394
source_97_100_strong_16385,lower_cn,numerical/depth_36/lower_cn,200,0,0,0.0,-0.021671849652908394,0.021671849652908394,1.0,0,numerical/depth_36/lower_cn,lower_cn,-0.0,-0.021671849652908394,0.021671849652908394
source_97_100_strong_16385,lower_cn,numerical/precision_160/lower_cn,200,0,0,0.0,-0.021671849652908394,0.021671849652908394,1.0,0,numerical/precision_160/lower_cn,lower_cn,-0.0,-0.021671849652908394,0.021671849652908394
source_97_100_strong_16385,lower_cn,numerical/precision_320/lower_cn,200,0,0,0.0,-0.021671849652908394,0.021671849652908394,1.0,0,numerical/precision_320/lower_cn,lower_cn,-0.0,-0.021671849652908394,0.021671849652908394
source_97_100_strong_16385,lower_cn,numerical/precision_80/lower_cn,200,0,0,0.0,-0.021671849652908394,0.021671849652908394,1.0,0,numerical/precision_80/lower_cn,lower_cn,-0.0,-0.021671849652908394,0.021671849652908394
source_97_100_strong_16385,lower_cstar,numerical/depth_20/lower_cstar,200,0,0,0.0,-0.021671849652908394,0.021671849652908394,1.0,0,numerical/depth_20/lower_cstar,lower_cstar,-0.0,-0.021671849652908394,0.021671849652908394
source_97_100_strong_16385,lower_cstar,numerical/depth_28/lower_cstar,200,0,0,0.0,-0.021671849652908394,0.021671849652908394,1.0,0,numerical/depth_28/lower_cstar,lower_cstar,-0.0,-0.021671849652908394,0.021671849652908394
source_97_100_strong_16385,lower_cstar,numerical/depth_36/lower_cstar,200,0,0,0.0,-0.021671849652908394,0.021671849652908394,1.0,0,numerical/depth_36/lower_cstar,lower_cstar,-0.0,-0.021671849652908394,0.021671849652908394
source_97_100_strong_16385,lower_cstar,numerical/precision_160/lower_cstar,200,0,0,0.0,-0.021671849652908394,0.021671849652908394,1.0,0,numerical/precision_160/lower_cstar,lower_cstar,-0.0,-0.021671849652908394,0.021671849652908394
source_97_100_strong_16385,lower_cstar,numerical/precision_320/lower_cstar,200,0,0,0.0,-0.021671849652908394,0.021671849652908394,1.0,0,numerical/precision_320/lower_cstar,lower_cstar,-0.0,-0.021671849652908394,0.021671849652908394
source_97_100_strong_16385,lower_cstar,numerical/precision_80/lower_cstar,200,0,0,0.0,-0.021671849652908394,0.021671849652908394,1.0,0,numerical/precision_80/lower_cstar,lower_cstar,-0.0,-0.021671849652908394,0.021671849652908394
source_97_100_strong_16385,lower_intersection,numerical/depth_20/lower_intersection,200,0,0,0.0,-0.021671849652908394,0.021671849652908394,1.0,0,numerical/depth_20/lower_intersection,lower_intersection,-0.0,-0.021671849652908394,0.021671849652908394
source_97_100_strong_16385,lower_intersection,numerical/depth_28/lower_intersection,200,0,0,0.0,-0.021671849652908394,0.021671849652908394,1.0,0,numerical/depth_28/lower_intersection,lower_intersection,-0.0,-0.021671849652908394,0.021671849652908394
source_97_100_strong_16385,lower_intersection,numerical/depth_36/lower_intersection,200,0,0,0.0,-0.021671849652908394,0.021671849652908394,1.0,0,numerical/depth_36/lower_intersection,lower_intersection,-0.0,-0.021671849652908394,0.021671849652908394
source_97_100_strong_16385,lower_intersection,numerical/precision_160/lower_intersection,200,0,0,0.0,-0.021671849652908394,0.021671849652908394,1.0,0,numerical/precision_160/lower_intersection,lower_intersection,-0.0,-0.021671849652908394,0.021671849652908394
source_97_100_strong_16385,lower_intersection,numerical/precision_320/lower_intersection,200,0,0,0.0,-0.021671849652908394,0.021671849652908394,1.0,0,numerical/precision_320/lower_intersection,lower_intersection,-0.0,-0.021671849652908394,0.021671849652908394
source_97_100_strong_16385,lower_intersection,numerical/precision_80/lower_intersection,200,0,0,0.0,-0.021671849652908394,0.021671849652908394,1.0,0,numerical/precision_80/lower_intersection,lower_intersection,-0.0,-0.021671849652908394,0.021671849652908394
source_97_100_strong_16385,numerical/depth_20/two_sided,two_sided,200,0,0,0.0,-0.021671849652908394,0.021671849652908394,1.0,0,numerical/depth_20/two_sided,two_sided,0.0,-0.021671849652908394,0.021671849652908394
source_97_100_strong_16385,numerical/depth_20/two_sided_intersection,two_sided_intersection,200,0,0,0.0,-0.021671849652908394,0.021671849652908394,1.0,0,numerical/depth_20/two_sided_intersection,two_sided_intersection,0.0,-0.021671849652908394,0.021671849652908394
source_97_100_strong_16385,numerical/depth_28/two_sided,two_sided,200,0,0,0.0,-0.021671849652908394,0.021671849652908394,1.0,0,numerical/depth_28/two_sided,two_sided,0.0,-0.021671849652908394,0.021671849652908394
source_97_100_strong_16385,numerical/depth_28/two_sided_intersection,two_sided_intersection,200,0,0,0.0,-0.021671849652908394,0.021671849652908394,1.0,0,numerical/depth_28/two_sided_intersection,two_sided_intersection,0.0,-0.021671849652908394,0.021671849652908394
source_97_100_strong_16385,numerical/depth_36/two_sided,two_sided,200,0,0,0.0,-0.021671849652908394,0.021671849652908394,1.0,0,numerical/depth_36/two_sided,two_sided,0.0,-0.021671849652908394,0.021671849652908394
source_97_100_strong_16385,numerical/depth_36/two_sided_intersection,two_sided_intersection,200,0,0,0.0,-0.021671849652908394,0.021671849652908394,1.0,0,numerical/depth_36/two_sided_intersection,two_sided_intersection,0.0,-0.021671849652908394,0.021671849652908394
source_97_100_strong_16385,numerical/precision_160/two_sided,two_sided,200,0,0,0.0,-0.021671849652908394,0.021671849652908394,1.0,0,numerical/precision_160/two_sided,two_sided,0.0,-0.021671849652908394,0.021671849652908394
source_97_100_strong_16385,numerical/precision_160/two_sided_intersection,two_sided_intersection,200,0,0,0.0,-0.021671849652908394,0.021671849652908394,1.0,0,numerical/precision_160/two_sided_intersection,two_sided_intersection,0.0,-0.021671849652908394,0.021671849652908394
source_97_100_strong_16385,numerical/precision_320/two_sided,two_sided,200,0,0,0.0,-0.021671849652908394,0.021671849652908394,1.0,0,numerical/precision_320/two_sided,two_sided,0.0,-0.021671849652908394,0.021671849652908394
source_97_100_strong_16385,numerical/precision_320/two_sided_intersection,two_sided_intersection,200,0,0,0.0,-0.021671849652908394,0.021671849652908394,1.0,0,numerical/precision_320/two_sided_intersection,two_sided_intersection,0.0,-0.021671849652908394,0.021671849652908394
source_97_100_strong_16385,numerical/precision_80/two_sided,two_sided,200,0,0,0.0,-0.021671849652908394,0.021671849652908394,1.0,0,numerical/precision_80/two_sided,two_sided,0.0,-0.021671849652908394,0.021671849652908394
source_97_100_strong_16385,numerical/precision_80/two_sided_intersection,two_sided_intersection,200,0,0,0.0,-0.021671849652908394,0.021671849652908394,1.0,0,numerical/precision_80/two_sided_intersection,two_sided_intersection,0.0,-0.021671849652908394,0.021671849652908394
source_97_100_strong_65537,fractional_12/lag,lag,200,0,99,-0.495,-0.5761977487099371,-0.39232051544119184,3.1554436208840472e-30,99,fractional_12/lag,lag,-0.495,-0.5761977487099371,-0.39232051544119184
source_97_100_strong_65537,fractional_12/lower_cn,lower_cn,200,0,0,0.0,-0.021671849652908394,0.021671849652908394,1.0,2,fractional_12/lower_cn,lower_cn,0.0,-0.021671849652908394,0.021671849652908394
source_97_100_strong_65537,fractional_12/lower_cstar,lower_cstar,200,0,0,0.0,-0.021671849652908394,0.021671849652908394,1.0,0,fractional_12/lower_cstar,lower_cstar,0.0,-0.021671849652908394,0.021671849652908394
source_97_100_strong_65537,fractional_12/lower_intersection,lower_intersection,200,0,165,-0.825,-0.8811423079244528,-0.7346811415762285,4.276423536147513e-50,170,fractional_12/lower_intersection,lower_intersection,-0.825,-0.8811423079244528,-0.7346811415762285
source_97_100_strong_65537,fractional_12/supplied,supplied,200,0,0,0.0,-0.021671849652908394,0.021671849652908394,1.0,0,fractional_12/supplied,supplied,0.0,-0.021671849652908394,0.021671849652908394
source_97_100_strong_65537,fractional_12/two_sided,two_sided,200,0,0,0.0,-0.021671849652908394,0.021671849652908394,1.0,0,fractional_12/two_sided,two_sided,0.0,-0.021671849652908394,0.021671849652908394
source_97_100_strong_65537,fractional_12/two_sided_adaptive_bank,two_sided_adaptive_bank,200,0,0,0.0,-0.021671849652908394,0.021671849652908394,1.0,0,fractional_12/two_sided_adaptive_bank,two_sided_adaptive_bank,0.0,-0.021671849652908394,0.021671849652908394
source_97_100_strong_65537,fractional_12/two_sided_intersection,two_sided_intersection,200,0,0,0.0,-0.021671849652908394,0.021671849652908394,1.0,0,fractional_12/two_sided_intersection,two_sided_intersection,0.0,-0.021671849652908394,0.021671849652908394
source_97_100_strong_65537,fractional_12/two_sided_intersection_maximum_scale,two_sided_intersection_maximum_scale,200,0,0,0.0,-0.021671849652908394,0.021671849652908394,1.0,0,fractional_12/two_sided_intersection_maximum_scale,two_sided_intersection_maximum_scale,0.0,-0.021671849652908394,0.021671849652908394
source_97_100_strong_65537,fractional_12/two_sided_intersection_old_operator,two_sided_intersection_old_operator,200,0,12,-0.06,-0.10900875090151482,-0.006719734380468481,0.00048828125,12,fractional_12/two_sided_intersection_old_operator,two_sided_intersection_old_operator,-0.06,-0.10900875090151482,-0.006719734380468481
source_97_100_strong_65537,fractional_12/two_sided_maximum_scale,two_sided_maximum_scale,200,0,0,0.0,-0.021671849652908394,0.021671849652908394,1.0,0,fractional_12/two_sided_maximum_scale,two_sided_maximum_scale,0.0,-0.021671849652908394,0.021671849652908394
source_97_100_strong_65537,fractional_12/two_sided_old_operator,two_sided_old_operator,200,0,10,-0.05,-0.09625579944908458,2.322517465245394e-05,0.001953125,10,fractional_12/two_sided_old_operator,two_sided_old_operator,-0.05,-0.09625579944908458,2.322517465245394e-05
source_97_100_strong_65537,fractional_12/two_sided_shape_1/2,two_sided_shape_1/2,200,0,0,0.0,-0.021671849652908394,0.021671849652908394,1.0,0,fractional_12/two_sided_shape_1/2,two_sided_shape_1/2,0.0,-0.021671849652908394,0.021671849652908394
source_97_100_strong_65537,fractional_12/two_sided_shape_2/3,two_sided_shape_2/3,200,0,0,0.0,-0.021671849652908394,0.021671849652908394,1.0,0,fractional_12/two_sided_shape_2/3,two_sided_shape_2/3,0.0,-0.021671849652908394,0.021671849652908394
source_97_100_strong_65537,fractional_8/lag,lag,200,0,103,-0.515,-0.5957862926321266,-0.411971507561749,1.9721522630525295e-31,103,fractional_8/lag,lag,-0.515,-0.5957862926321266,-0.411971507561749
source_97_100_strong_65537,fractional_8/lower_cn,lower_cn,200,0,0,0.0,-0.021671849652908394,0.021671849652908394,1.0,2,fractional_8/lower_cn,lower_cn,0.0,-0.021671849652908394,0.021671849652908394
source_97_100_strong_65537,fractional_8/lower_cstar,lower_cstar,200,0,0,0.0,-0.021671849652908394,0.021671849652908394,1.0,0,fractional_8/lower_cstar,lower_cstar,0.0,-0.021671849652908394,0.021671849652908394
source_97_100_strong_65537,fractional_8/lower_intersection,lower_intersection,200,0,168,-0.84,-0.8937632607889713,-0.7514600527351712,5.345529420184391e-51,173,fractional_8/lower_intersection,lower_intersection,-0.84,-0.8937632607889713,-0.7514600527351712
source_97_100_strong_65537,fractional_8/supplied,supplied,200,0,0,0.0,-0.021671849652908394,0.021671849652908394,1.0,0,fractional_8/supplied,supplied,0.0,-0.021671849652908394,0.021671849652908394
source_97_100_strong_65537,fractional_8/two_sided,two_sided,200,0,199,-0.995,-0.9999371080667463,-0.9468493530281429,2.4892061111444567e-60,200,fractional_8/two_sided,two_sided,-0.995,-0.9999371080667463,-0.9468493530281429
source_97_100_strong_65537,fractional_8/two_sided_adaptive_bank,two_sided_adaptive_bank,200,0,199,-0.995,-0.9999371080667463,-0.9468493530281429,2.4892061111444567e-60,200,fractional_8/two_sided_adaptive_bank,two_sided_adaptive_bank,-0.995,-0.9999371080667463,-0.9468493530281429
source_97_100_strong_65537,fractional_8/two_sided_intersection,two_sided_intersection,200,0,200,-1.0,-1.0,-0.9566563006941833,1.2446030555722283e-60,200,fractional_8/two_sided_intersection,two_sided_intersection,-1.0,-1.0,-0.9566563006941833
source_97_100_strong_65537,fractional_8/two_sided_intersection_maximum_scale,two_sided_intersection_maximum_scale,200,0,200,-1.0,-1.0,-0.9566563006941833,1.2446030555722283e-60,200,fractional_8/two_sided_intersection_maximum_scale,two_sided_intersection_maximum_scale,-1.0,-1.0,-0.9566563006941833
source_97_100_strong_65537,fractional_8/two_sided_intersection_old_operator,two_sided_intersection_old_operator,200,0,200,-1.0,-1.0,-0.9566563006941833,1.2446030555722283e-60,200,fractional_8/two_sided_intersection_old_operator,two_sided_intersection_old_operator,-1.0,-1.0,-0.9566563006941833
source_97_100_strong_65537,fractional_8/two_sided_maximum_scale,two_sided_maximum_scale,200,0,199,-0.995,-0.9999371080667463,-0.9468493530281429,2.4892061111444567e-60,200,fractional_8/two_sided_maximum_scale,two_sided_maximum_scale,-0.995,-0.9999371080667463,-0.9468493530281429
source_97_100_strong_65537,fractional_8/two_sided_old_operator,two_sided_old_operator,200,0,199,-0.995,-0.9999371080667463,-0.9468493530281429,2.4892061111444567e-60,200,fractional_8/two_sided_old_operator,two_sided_old_operator,-0.995,-0.9999371080667463,-0.9468493530281429
source_97_100_strong_65537,fractional_8/two_sided_shape_1/2,two_sided_shape_1/2,200,0,200,-1.0,-1.0,-0.9566563006941833,1.2446030555722283e-60,200,fractional_8/two_sided_shape_1/2,two_sided_shape_1/2,-1.0,-1.0,-0.9566563006941833
source_97_100_strong_65537,fractional_8/two_sided_shape_2/3,two_sided_shape_2/3,200,0,200,-1.0,-1.0,-0.9566563006941833,1.2446030555722283e-60,200,fractional_8/two_sided_shape_2/3,two_sided_shape_2/3,-1.0,-1.0,-0.9566563006941833
source_97_100_strong_65537,lag,numerical/depth_20/lag,200,0,0,0.0,-0.021671849652908394,0.021671849652908394,1.0,0,numerical/depth_20/lag,lag,-0.0,-0.021671849652908394,0.021671849652908394
source_97_100_strong_65537,lag,numerical/depth_28/lag,200,0,0,0.0,-0.021671849652908394,0.021671849652908394,1.0,0,numerical/depth_28/lag,lag,-0.0,-0.021671849652908394,0.021671849652908394
source_97_100_strong_65537,lag,numerical/depth_36/lag,200,0,0,0.0,-0.021671849652908394,0.021671849652908394,1.0,0,numerical/depth_36/lag,lag,-0.0,-0.021671849652908394,0.021671849652908394
source_97_100_strong_65537,lag,numerical/precision_160/lag,200,0,0,0.0,-0.021671849652908394,0.021671849652908394,1.0,0,numerical/precision_160/lag,lag,-0.0,-0.021671849652908394,0.021671849652908394
source_97_100_strong_65537,lag,numerical/precision_320/lag,200,0,0,0.0,-0.021671849652908394,0.021671849652908394,1.0,0,numerical/precision_320/lag,lag,-0.0,-0.021671849652908394,0.021671849652908394
source_97_100_strong_65537,lag,numerical/precision_80/lag,200,0,0,0.0,-0.021671849652908394,0.021671849652908394,1.0,0,numerical/precision_80/lag,lag,-0.0,-0.021671849652908394,0.021671849652908394
source_97_100_strong_65537,lag,recorder_12/lag,200,103,0,0.515,0.411971507561749,0.5957862926321266,1.9721522630525295e-31,103,recorder_12/lag,lag,-0.515,-0.5957862926321266,-0.411971507561749
source_97_100_strong_65537,lag,recorder_8/lag,200,103,0,0.515,0.411971507561749,0.5957862926321266,1.9721522630525295e-31,103,recorder_8/lag,lag,-0.515,-0.5957862926321266,-0.411971507561749
source_97_100_strong_65537,lower_cn,numerical/depth_20/lower_cn,200,0,0,0.0,-0.021671849652908394,0.021671849652908394,1.0,0,numerical/depth_20/lower_cn,lower_cn,-0.0,-0.021671849652908394,0.021671849652908394
source_97_100_strong_65537,lower_cn,numerical/depth_28/lower_cn,200,0,0,0.0,-0.021671849652908394,0.021671849652908394,1.0,0,numerical/depth_28/lower_cn,lower_cn,-0.0,-0.021671849652908394,0.021671849652908394
source_97_100_strong_65537,lower_cn,numerical/depth_36/lower_cn,200,0,0,0.0,-0.021671849652908394,0.021671849652908394,1.0,0,numerical/depth_36/lower_cn,lower_cn,-0.0,-0.021671849652908394,0.021671849652908394
source_97_100_strong_65537,lower_cn,numerical/precision_160/lower_cn,200,0,0,0.0,-0.021671849652908394,0.021671849652908394,1.0,0,numerical/precision_160/lower_cn,lower_cn,-0.0,-0.021671849652908394,0.021671849652908394
source_97_100_strong_65537,lower_cn,numerical/precision_320/lower_cn,200,0,0,0.0,-0.021671849652908394,0.021671849652908394,1.0,0,numerical/precision_320/lower_cn,lower_cn,-0.0,-0.021671849652908394,0.021671849652908394
source_97_100_strong_65537,lower_cn,numerical/precision_80/lower_cn,200,0,0,0.0,-0.021671849652908394,0.021671849652908394,1.0,0,numerical/precision_80/lower_cn,lower_cn,-0.0,-0.021671849652908394,0.021671849652908394
source_97_100_strong_65537,lower_cn,recorder_12/lower_cn,200,0,0,0.0,-0.021671849652908394,0.021671849652908394,1.0,2,recorder_12/lower_cn,lower_cn,-0.0,-0.021671849652908394,0.021671849652908394
source_97_100_strong_65537,lower_cn,recorder_8/lower_cn,200,0,0,0.0,-0.021671849652908394,0.021671849652908394,1.0,2,recorder_8/lower_cn,lower_cn,-0.0,-0.021671849652908394,0.021671849652908394
source_97_100_strong_65537,lower_cstar,numerical/depth_20/lower_cstar,200,0,0,0.0,-0.021671849652908394,0.021671849652908394,1.0,0,numerical/depth_20/lower_cstar,lower_cstar,-0.0,-0.021671849652908394,0.021671849652908394
source_97_100_strong_65537,lower_cstar,numerical/depth_28/lower_cstar,200,0,0,0.0,-0.021671849652908394,0.021671849652908394,1.0,0,numerical/depth_28/lower_cstar,lower_cstar,-0.0,-0.021671849652908394,0.021671849652908394
source_97_100_strong_65537,lower_cstar,numerical/depth_36/lower_cstar,200,0,0,0.0,-0.021671849652908394,0.021671849652908394,1.0,0,numerical/depth_36/lower_cstar,lower_cstar,-0.0,-0.021671849652908394,0.021671849652908394
source_97_100_strong_65537,lower_cstar,numerical/precision_160/lower_cstar,200,0,0,0.0,-0.021671849652908394,0.021671849652908394,1.0,0,numerical/precision_160/lower_cstar,lower_cstar,-0.0,-0.021671849652908394,0.021671849652908394
source_97_100_strong_65537,lower_cstar,numerical/precision_320/lower_cstar,200,0,0,0.0,-0.021671849652908394,0.021671849652908394,1.0,0,numerical/precision_320/lower_cstar,lower_cstar,-0.0,-0.021671849652908394,0.021671849652908394
source_97_100_strong_65537,lower_cstar,numerical/precision_80/lower_cstar,200,0,0,0.0,-0.021671849652908394,0.021671849652908394,1.0,0,numerical/precision_80/lower_cstar,lower_cstar,-0.0,-0.021671849652908394,0.021671849652908394
source_97_100_strong_65537,lower_cstar,recorder_12/lower_cstar,200,0,0,0.0,-0.021671849652908394,0.021671849652908394,1.0,0,recorder_12/lower_cstar,lower_cstar,-0.0,-0.021671849652908394,0.021671849652908394
source_97_100_strong_65537,lower_cstar,recorder_8/lower_cstar,200,0,0,0.0,-0.021671849652908394,0.021671849652908394,1.0,0,recorder_8/lower_cstar,lower_cstar,-0.0,-0.021671849652908394,0.021671849652908394
source_97_100_strong_65537,lower_intersection,numerical/depth_20/lower_intersection,200,0,0,0.0,-0.021671849652908394,0.021671849652908394,1.0,0,numerical/depth_20/lower_intersection,lower_intersection,-0.0,-0.021671849652908394,0.021671849652908394
source_97_100_strong_65537,lower_intersection,numerical/depth_28/lower_intersection,200,0,0,0.0,-0.021671849652908394,0.021671849652908394,1.0,0,numerical/depth_28/lower_intersection,lower_intersection,-0.0,-0.021671849652908394,0.021671849652908394
source_97_100_strong_65537,lower_intersection,numerical/depth_36/lower_intersection,200,0,0,0.0,-0.021671849652908394,0.021671849652908394,1.0,0,numerical/depth_36/lower_intersection,lower_intersection,-0.0,-0.021671849652908394,0.021671849652908394
source_97_100_strong_65537,lower_intersection,numerical/precision_160/lower_intersection,200,0,0,0.0,-0.021671849652908394,0.021671849652908394,1.0,0,numerical/precision_160/lower_intersection,lower_intersection,-0.0,-0.021671849652908394,0.021671849652908394
source_97_100_strong_65537,lower_intersection,numerical/precision_320/lower_intersection,200,0,0,0.0,-0.021671849652908394,0.021671849652908394,1.0,0,numerical/precision_320/lower_intersection,lower_intersection,-0.0,-0.021671849652908394,0.021671849652908394
source_97_100_strong_65537,lower_intersection,numerical/precision_80/lower_intersection,200,0,0,0.0,-0.021671849652908394,0.021671849652908394,1.0,0,numerical/precision_80/lower_intersection,lower_intersection,-0.0,-0.021671849652908394,0.021671849652908394
source_97_100_strong_65537,lower_intersection,recorder_12/lower_intersection,200,168,0,0.84,0.7514600527351712,0.8937632607889713,5.345529420184391e-51,173,recorder_12/lower_intersection,lower_intersection,-0.84,-0.8937632607889713,-0.7514600527351712
source_97_100_strong_65537,lower_intersection,recorder_8/lower_intersection,200,168,0,0.84,0.7514600527351712,0.8937632607889713,5.345529420184391e-51,173,recorder_8/lower_intersection,lower_intersection,-0.84,-0.8937632607889713,-0.7514600527351712
source_97_100_strong_65537,numerical/depth_20/two_sided,two_sided,200,0,0,0.0,-0.021671849652908394,0.021671849652908394,1.0,0,numerical/depth_20/two_sided,two_sided,0.0,-0.021671849652908394,0.021671849652908394
source_97_100_strong_65537,numerical/depth_20/two_sided_intersection,two_sided_intersection,200,0,0,0.0,-0.021671849652908394,0.021671849652908394,1.0,0,numerical/depth_20/two_sided_intersection,two_sided_intersection,0.0,-0.021671849652908394,0.021671849652908394
source_97_100_strong_65537,numerical/depth_28/two_sided,two_sided,200,0,0,0.0,-0.021671849652908394,0.021671849652908394,1.0,0,numerical/depth_28/two_sided,two_sided,0.0,-0.021671849652908394,0.021671849652908394
source_97_100_strong_65537,numerical/depth_28/two_sided_intersection,two_sided_intersection,200,0,0,0.0,-0.021671849652908394,0.021671849652908394,1.0,0,numerical/depth_28/two_sided_intersection,two_sided_intersection,0.0,-0.021671849652908394,0.021671849652908394
source_97_100_strong_65537,numerical/depth_36/two_sided,two_sided,200,0,0,0.0,-0.021671849652908394,0.021671849652908394,1.0,0,numerical/depth_36/two_sided,two_sided,0.0,-0.021671849652908394,0.021671849652908394
source_97_100_strong_65537,numerical/depth_36/two_sided_intersection,two_sided_intersection,200,0,0,0.0,-0.021671849652908394,0.021671849652908394,1.0,0,numerical/depth_36/two_sided_intersection,two_sided_intersection,0.0,-0.021671849652908394,0.021671849652908394
source_97_100_strong_65537,numerical/precision_160/two_sided,two_sided,200,0,0,0.0,-0.021671849652908394,0.021671849652908394,1.0,0,numerical/precision_160/two_sided,two_sided,0.0,-0.021671849652908394,0.021671849652908394
source_97_100_strong_65537,numerical/precision_160/two_sided_intersection,two_sided_intersection,200,0,0,0.0,-0.021671849652908394,0.021671849652908394,1.0,0,numerical/precision_160/two_sided_intersection,two_sided_intersection,0.0,-0.021671849652908394,0.021671849652908394
source_97_100_strong_65537,numerical/precision_320/two_sided,two_sided,200,0,0,0.0,-0.021671849652908394,0.021671849652908394,1.0,0,numerical/precision_320/two_sided,two_sided,0.0,-0.021671849652908394,0.021671849652908394
source_97_100_strong_65537,numerical/precision_320/two_sided_intersection,two_sided_intersection,200,0,0,0.0,-0.021671849652908394,0.021671849652908394,1.0,0,numerical/precision_320/two_sided_intersection,two_sided_intersection,0.0,-0.021671849652908394,0.021671849652908394
source_97_100_strong_65537,numerical/precision_80/two_sided,two_sided,200,0,0,0.0,-0.021671849652908394,0.021671849652908394,1.0,0,numerical/precision_80/two_sided,two_sided,0.0,-0.021671849652908394,0.021671849652908394
source_97_100_strong_65537,numerical/precision_80/two_sided_intersection,two_sided_intersection,200,0,0,0.0,-0.021671849652908394,0.021671849652908394,1.0,0,numerical/precision_80/two_sided_intersection,two_sided_intersection,0.0,-0.021671849652908394,0.021671849652908394
source_97_100_strong_65537,recorder_12/supplied,supplied,200,0,0,0.0,-0.021671849652908394,0.021671849652908394,1.0,0,recorder_12/supplied,supplied,0.0,-0.021671849652908394,0.021671849652908394
source_97_100_strong_65537,recorder_12/two_sided,two_sided,200,0,199,-0.995,-0.9999371080667463,-0.9468493530281429,2.4892061111444567e-60,200,recorder_12/two_sided,two_sided,-0.995,-0.9999371080667463,-0.9468493530281429
source_97_100_strong_65537,recorder_12/two_sided_adaptive_bank,two_sided_adaptive_bank,200,0,199,-0.995,-0.9999371080667463,-0.9468493530281429,2.4892061111444567e-60,200,recorder_12/two_sided_adaptive_bank,two_sided_adaptive_bank,-0.995,-0.9999371080667463,-0.9468493530281429
source_97_100_strong_65537,recorder_12/two_sided_intersection,two_sided_intersection,200,0,200,-1.0,-1.0,-0.9566563006941833,1.2446030555722283e-60,200,recorder_12/two_sided_intersection,two_sided_intersection,-1.0,-1.0,-0.9566563006941833
source_97_100_strong_65537,recorder_12/two_sided_intersection_maximum_scale,two_sided_intersection_maximum_scale,200,0,200,-1.0,-1.0,-0.9566563006941833,1.2446030555722283e-60,200,recorder_12/two_sided_intersection_maximum_scale,two_sided_intersection_maximum_scale,-1.0,-1.0,-0.9566563006941833
source_97_100_strong_65537,recorder_12/two_sided_intersection_old_operator,two_sided_intersection_old_operator,200,0,200,-1.0,-1.0,-0.9566563006941833,1.2446030555722283e-60,200,recorder_12/two_sided_intersection_old_operator,two_sided_intersection_old_operator,-1.0,-1.0,-0.9566563006941833
source_97_100_strong_65537,recorder_12/two_sided_maximum_scale,two_sided_maximum_scale,200,0,199,-0.995,-0.9999371080667463,-0.9468493530281429,2.4892061111444567e-60,200,recorder_12/two_sided_maximum_scale,two_sided_maximum_scale,-0.995,-0.9999371080667463,-0.9468493530281429
source_97_100_strong_65537,recorder_12/two_sided_old_operator,two_sided_old_operator,200,0,199,-0.995,-0.9999371080667463,-0.9468493530281429,2.4892061111444567e-60,200,recorder_12/two_sided_old_operator,two_sided_old_operator,-0.995,-0.9999371080667463,-0.9468493530281429
source_97_100_strong_65537,recorder_12/two_sided_shape_1/2,two_sided_shape_1/2,200,0,200,-1.0,-1.0,-0.9566563006941833,1.2446030555722283e-60,200,recorder_12/two_sided_shape_1/2,two_sided_shape_1/2,-1.0,-1.0,-0.9566563006941833
source_97_100_strong_65537,recorder_12/two_sided_shape_2/3,two_sided_shape_2/3,200,0,200,-1.0,-1.0,-0.9566563006941833,1.2446030555722283e-60,200,recorder_12/two_sided_shape_2/3,two_sided_shape_2/3,-1.0,-1.0,-0.9566563006941833
source_97_100_strong_65537,recorder_8/supplied,supplied,200,0,200,-1.0,-1.0,-0.9566563006941833,1.2446030555722283e-60,200,recorder_8/supplied,supplied,-1.0,-1.0,-0.9566563006941833
source_97_100_strong_65537,recorder_8/two_sided,two_sided,200,0,199,-0.995,-0.9999371080667463,-0.9468493530281429,2.4892061111444567e-60,200,recorder_8/two_sided,two_sided,-0.995,-0.9999371080667463,-0.9468493530281429
source_97_100_strong_65537,recorder_8/two_sided_adaptive_bank,two_sided_adaptive_bank,200,0,199,-0.995,-0.9999371080667463,-0.9468493530281429,2.4892061111444567e-60,200,recorder_8/two_sided_adaptive_bank,two_sided_adaptive_bank,-0.995,-0.9999371080667463,-0.9468493530281429
source_97_100_strong_65537,recorder_8/two_sided_intersection,two_sided_intersection,200,0,200,-1.0,-1.0,-0.9566563006941833,1.2446030555722283e-60,200,recorder_8/two_sided_intersection,two_sided_intersection,-1.0,-1.0,-0.9566563006941833
source_97_100_strong_65537,recorder_8/two_sided_intersection_maximum_scale,two_sided_intersection_maximum_scale,200,0,200,-1.0,-1.0,-0.9566563006941833,1.2446030555722283e-60,200,recorder_8/two_sided_intersection_maximum_scale,two_sided_intersection_maximum_scale,-1.0,-1.0,-0.9566563006941833
source_97_100_strong_65537,recorder_8/two_sided_intersection_old_operator,two_sided_intersection_old_operator,200,0,200,-1.0,-1.0,-0.9566563006941833,1.2446030555722283e-60,200,recorder_8/two_sided_intersection_old_operator,two_sided_intersection_old_operator,-1.0,-1.0,-0.9566563006941833
source_97_100_strong_65537,recorder_8/two_sided_maximum_scale,two_sided_maximum_scale,200,0,199,-0.995,-0.9999371080667463,-0.9468493530281429,2.4892061111444567e-60,200,recorder_8/two_sided_maximum_scale,two_sided_maximum_scale,-0.995,-0.9999371080667463,-0.9468493530281429
source_97_100_strong_65537,recorder_8/two_sided_old_operator,two_sided_old_operator,200,0,199,-0.995,-0.9999371080667463,-0.9468493530281429,2.4892061111444567e-60,200,recorder_8/two_sided_old_operator,two_sided_old_operator,-0.995,-0.9999371080667463,-0.9468493530281429
source_97_100_strong_65537,recorder_8/two_sided_shape_1/2,two_sided_shape_1/2,200,0,200,-1.0,-1.0,-0.9566563006941833,1.2446030555722283e-60,200,recorder_8/two_sided_shape_1/2,two_sided_shape_1/2,-1.0,-1.0,-0.9566563006941833
source_97_100_strong_65537,recorder_8/two_sided_shape_2/3,two_sided_shape_2/3,200,0,200,-1.0,-1.0,-0.9566563006941833,1.2446030555722283e-60,200,recorder_8/two_sided_shape_2/3,two_sided_shape_2/3,-1.0,-1.0,-0.9566563006941833
source_97_100_weak_16385,lag,numerical/depth_20/lag,200,0,0,0.0,-0.021671849652908394,0.021671849652908394,1.0,0,numerical/depth_20/lag,lag,-0.0,-0.021671849652908394,0.021671849652908394
source_97_100_weak_16385,lag,numerical/depth_28/lag,200,0,0,0.0,-0.021671849652908394,0.021671849652908394,1.0,0,numerical/depth_28/lag,lag,-0.0,-0.021671849652908394,0.021671849652908394
source_97_100_weak_16385,lag,numerical/depth_36/lag,200,0,0,0.0,-0.021671849652908394,0.021671849652908394,1.0,0,numerical/depth_36/lag,lag,-0.0,-0.021671849652908394,0.021671849652908394
source_97_100_weak_16385,lag,numerical/precision_160/lag,200,0,0,0.0,-0.021671849652908394,0.021671849652908394,1.0,0,numerical/precision_160/lag,lag,-0.0,-0.021671849652908394,0.021671849652908394
source_97_100_weak_16385,lag,numerical/precision_320/lag,200,0,0,0.0,-0.021671849652908394,0.021671849652908394,1.0,0,numerical/precision_320/lag,lag,-0.0,-0.021671849652908394,0.021671849652908394
source_97_100_weak_16385,lag,numerical/precision_80/lag,200,0,0,0.0,-0.021671849652908394,0.021671849652908394,1.0,0,numerical/precision_80/lag,lag,-0.0,-0.021671849652908394,0.021671849652908394
source_97_100_weak_16385,lower_cn,numerical/depth_20/lower_cn,200,0,0,0.0,-0.021671849652908394,0.021671849652908394,1.0,0,numerical/depth_20/lower_cn,lower_cn,-0.0,-0.021671849652908394,0.021671849652908394
source_97_100_weak_16385,lower_cn,numerical/depth_28/lower_cn,200,0,0,0.0,-0.021671849652908394,0.021671849652908394,1.0,0,numerical/depth_28/lower_cn,lower_cn,-0.0,-0.021671849652908394,0.021671849652908394
source_97_100_weak_16385,lower_cn,numerical/depth_36/lower_cn,200,0,0,0.0,-0.021671849652908394,0.021671849652908394,1.0,0,numerical/depth_36/lower_cn,lower_cn,-0.0,-0.021671849652908394,0.021671849652908394
source_97_100_weak_16385,lower_cn,numerical/precision_160/lower_cn,200,0,0,0.0,-0.021671849652908394,0.021671849652908394,1.0,0,numerical/precision_160/lower_cn,lower_cn,-0.0,-0.021671849652908394,0.021671849652908394
source_97_100_weak_16385,lower_cn,numerical/precision_320/lower_cn,200,0,0,0.0,-0.021671849652908394,0.021671849652908394,1.0,0,numerical/precision_320/lower_cn,lower_cn,-0.0,-0.021671849652908394,0.021671849652908394
source_97_100_weak_16385,lower_cn,numerical/precision_80/lower_cn,200,0,0,0.0,-0.021671849652908394,0.021671849652908394,1.0,0,numerical/precision_80/lower_cn,lower_cn,-0.0,-0.021671849652908394,0.021671849652908394
source_97_100_weak_16385,lower_cstar,numerical/depth_20/lower_cstar,200,0,0,0.0,-0.021671849652908394,0.021671849652908394,1.0,0,numerical/depth_20/lower_cstar,lower_cstar,-0.0,-0.021671849652908394,0.021671849652908394
source_97_100_weak_16385,lower_cstar,numerical/depth_28/lower_cstar,200,0,0,0.0,-0.021671849652908394,0.021671849652908394,1.0,0,numerical/depth_28/lower_cstar,lower_cstar,-0.0,-0.021671849652908394,0.021671849652908394
source_97_100_weak_16385,lower_cstar,numerical/depth_36/lower_cstar,200,0,0,0.0,-0.021671849652908394,0.021671849652908394,1.0,0,numerical/depth_36/lower_cstar,lower_cstar,-0.0,-0.021671849652908394,0.021671849652908394
source_97_100_weak_16385,lower_cstar,numerical/precision_160/lower_cstar,200,0,0,0.0,-0.021671849652908394,0.021671849652908394,1.0,0,numerical/precision_160/lower_cstar,lower_cstar,-0.0,-0.021671849652908394,0.021671849652908394
source_97_100_weak_16385,lower_cstar,numerical/precision_320/lower_cstar,200,0,0,0.0,-0.021671849652908394,0.021671849652908394,1.0,0,numerical/precision_320/lower_cstar,lower_cstar,-0.0,-0.021671849652908394,0.021671849652908394
source_97_100_weak_16385,lower_cstar,numerical/precision_80/lower_cstar,200,0,0,0.0,-0.021671849652908394,0.021671849652908394,1.0,0,numerical/precision_80/lower_cstar,lower_cstar,-0.0,-0.021671849652908394,0.021671849652908394
source_97_100_weak_16385,lower_intersection,numerical/depth_20/lower_intersection,200,0,0,0.0,-0.021671849652908394,0.021671849652908394,1.0,0,numerical/depth_20/lower_intersection,lower_intersection,-0.0,-0.021671849652908394,0.021671849652908394
source_97_100_weak_16385,lower_intersection,numerical/depth_28/lower_intersection,200,0,0,0.0,-0.021671849652908394,0.021671849652908394,1.0,0,numerical/depth_28/lower_intersection,lower_intersection,-0.0,-0.021671849652908394,0.021671849652908394
source_97_100_weak_16385,lower_intersection,numerical/depth_36/lower_intersection,200,0,0,0.0,-0.021671849652908394,0.021671849652908394,1.0,0,numerical/depth_36/lower_intersection,lower_intersection,-0.0,-0.021671849652908394,0.021671849652908394
source_97_100_weak_16385,lower_intersection,numerical/precision_160/lower_intersection,200,0,0,0.0,-0.021671849652908394,0.021671849652908394,1.0,0,numerical/precision_160/lower_intersection,lower_intersection,-0.0,-0.021671849652908394,0.021671849652908394
source_97_100_weak_16385,lower_intersection,numerical/precision_320/lower_intersection,200,0,0,0.0,-0.021671849652908394,0.021671849652908394,1.0,0,numerical/precision_320/lower_intersection,lower_intersection,-0.0,-0.021671849652908394,0.021671849652908394
source_97_100_weak_16385,lower_intersection,numerical/precision_80/lower_intersection,200,0,0,0.0,-0.021671849652908394,0.021671849652908394,1.0,0,numerical/precision_80/lower_intersection,lower_intersection,-0.0,-0.021671849652908394,0.021671849652908394
source_97_100_weak_16385,numerical/depth_20/two_sided,two_sided,200,0,0,0.0,-0.021671849652908394,0.021671849652908394,1.0,0,numerical/depth_20/two_sided,two_sided,0.0,-0.021671849652908394,0.021671849652908394
source_97_100_weak_16385,numerical/depth_20/two_sided_intersection,two_sided_intersection,200,0,0,0.0,-0.021671849652908394,0.021671849652908394,1.0,0,numerical/depth_20/two_sided_intersection,two_sided_intersection,0.0,-0.021671849652908394,0.021671849652908394
source_97_100_weak_16385,numerical/depth_28/two_sided,two_sided,200,0,0,0.0,-0.021671849652908394,0.021671849652908394,1.0,0,numerical/depth_28/two_sided,two_sided,0.0,-0.021671849652908394,0.021671849652908394
source_97_100_weak_16385,numerical/depth_28/two_sided_intersection,two_sided_intersection,200,0,0,0.0,-0.021671849652908394,0.021671849652908394,1.0,0,numerical/depth_28/two_sided_intersection,two_sided_intersection,0.0,-0.021671849652908394,0.021671849652908394
source_97_100_weak_16385,numerical/depth_36/two_sided,two_sided,200,0,0,0.0,-0.021671849652908394,0.021671849652908394,1.0,0,numerical/depth_36/two_sided,two_sided,0.0,-0.021671849652908394,0.021671849652908394
source_97_100_weak_16385,numerical/depth_36/two_sided_intersection,two_sided_intersection,200,0,0,0.0,-0.021671849652908394,0.021671849652908394,1.0,0,numerical/depth_36/two_sided_intersection,two_sided_intersection,0.0,-0.021671849652908394,0.021671849652908394
source_97_100_weak_16385,numerical/precision_160/two_sided,two_sided,200,0,0,0.0,-0.021671849652908394,0.021671849652908394,1.0,0,numerical/precision_160/two_sided,two_sided,0.0,-0.021671849652908394,0.021671849652908394
source_97_100_weak_16385,numerical/precision_160/two_sided_intersection,two_sided_intersection,200,0,0,0.0,-0.021671849652908394,0.021671849652908394,1.0,0,numerical/precision_160/two_sided_intersection,two_sided_intersection,0.0,-0.021671849652908394,0.021671849652908394
source_97_100_weak_16385,numerical/precision_320/two_sided,two_sided,200,0,0,0.0,-0.021671849652908394,0.021671849652908394,1.0,0,numerical/precision_320/two_sided,two_sided,0.0,-0.021671849652908394,0.021671849652908394
source_97_100_weak_16385,numerical/precision_320/two_sided_intersection,two_sided_intersection,200,0,0,0.0,-0.021671849652908394,0.021671849652908394,1.0,0,numerical/precision_320/two_sided_intersection,two_sided_intersection,0.0,-0.021671849652908394,0.021671849652908394
source_97_100_weak_16385,numerical/precision_80/two_sided,two_sided,200,0,0,0.0,-0.021671849652908394,0.021671849652908394,1.0,0,numerical/precision_80/two_sided,two_sided,0.0,-0.021671849652908394,0.021671849652908394
source_97_100_weak_16385,numerical/precision_80/two_sided_intersection,two_sided_intersection,200,0,0,0.0,-0.021671849652908394,0.021671849652908394,1.0,0,numerical/precision_80/two_sided_intersection,two_sided_intersection,0.0,-0.021671849652908394,0.021671849652908394
source_97_100_weak_65537,fractional_12/lag,lag,200,0,100,-0.5,-0.5811065939487612,-0.3972215563983304,1.5777218104420236e-30,105,fractional_12/lag,lag,-0.5,-0.5811065939487612,-0.3972215563983304
source_97_100_weak_65537,fractional_12/lower_cn,lower_cn,200,0,0,0.0,-0.021671849652908394,0.021671849652908394,1.0,4,fractional_12/lower_cn,lower_cn,0.0,-0.021671849652908394,0.021671849652908394
source_97_100_weak_65537,fractional_12/lower_cstar,lower_cstar,200,0,0,0.0,-0.021671849652908394,0.021671849652908394,1.0,0,fractional_12/lower_cstar,lower_cstar,0.0,-0.021671849652908394,0.021671849652908394
source_97_100_weak_65537,fractional_12/lower_intersection,lower_intersection,200,0,86,-0.43,-0.5116693390322558,-0.32932141262755504,2.5849394142282115e-26,165,fractional_12/lower_intersection,lower_intersection,-0.43,-0.5116693390322558,-0.32932141262755504
source_97_100_weak_65537,fractional_12/supplied,supplied,200,0,0,0.0,-0.021671849652908394,0.021671849652908394,1.0,0,fractional_12/supplied,supplied,0.0,-0.021671849652908394,0.021671849652908394
source_97_100_weak_65537,fractional_12/two_sided,two_sided,200,0,17,-0.085,-0.13982050924712905,-0.024748215086566813,1.52587890625e-05,17,fractional_12/two_sided,two_sided,-0.085,-0.13982050924712905,-0.024748215086566813
source_97_100_weak_65537,fractional_12/two_sided_adaptive_bank,two_sided_adaptive_bank,200,0,1,-0.005,-0.0314787973189488,0.021608957719654653,1.0,1,fractional_12/two_sided_adaptive_bank,two_sided_adaptive_bank,-0.005,-0.0314787973189488,0.021608957719654653
source_97_100_weak_65537,fractional_12/two_sided_intersection,two_sided_intersection,200,0,17,-0.085,-0.13982050924712905,-0.024748215086566813,1.52587890625e-05,17,fractional_12/two_sided_intersection,two_sided_intersection,-0.085,-0.13982050924712905,-0.024748215086566813
source_97_100_weak_65537,fractional_12/two_sided_intersection_maximum_scale,two_sided_intersection_maximum_scale,200,0,17,-0.085,-0.13982050924712905,-0.024748215086566813,1.52587890625e-05,17,fractional_12/two_sided_intersection_maximum_scale,two_sided_intersection_maximum_scale,-0.085,-0.13982050924712905,-0.024748215086566813
source_97_100_weak_65537,fractional_12/two_sided_intersection_old_operator,two_sided_intersection_old_operator,200,0,91,-0.455,-0.5366455346943055,-0.3533939035059148,8.077935669463161e-28,91,fractional_12/two_sided_intersection_old_operator,two_sided_intersection_old_operator,-0.455,-0.5366455346943055,-0.3533939035059148
source_97_100_weak_65537,fractional_12/two_sided_maximum_scale,two_sided_maximum_scale,200,0,17,-0.085,-0.13982050924712905,-0.024748215086566813,1.52587890625e-05,17,fractional_12/two_sided_maximum_scale,two_sided_maximum_scale,-0.085,-0.13982050924712905,-0.024748215086566813
source_97_100_weak_65537,fractional_12/two_sided_old_operator,two_sided_old_operator,200,0,87,-0.435,-0.516680502765974,-0.33411993186871264,1.2924697071141057e-26,87,fractional_12/two_sided_old_operator,two_sided_old_operator,-0.435,-0.516680502765974,-0.33411993186871264
source_97_100_weak_65537,fractional_12/two_sided_shape_1/2,two_sided_shape_1/2,200,0,1,-0.005,-0.0314787973189488,0.021608957719654653,1.0,1,fractional_12/two_sided_shape_1/2,two_sided_shape_1/2,-0.005,-0.0314787973189488,0.021608957719654653
source_97_100_weak_65537,fractional_12/two_sided_shape_2/3,two_sided_shape_2/3,200,0,0,0.0,-0.021671849652908394,0.021671849652908394,1.0,0,fractional_12/two_sided_shape_2/3,two_sided_shape_2/3,0.0,-0.021671849652908394,0.021671849652908394
source_97_100_weak_65537,fractional_8/lag,lag,200,0,102,-0.51,-0.5909008693273272,-0.4070470512272093,3.944304526105059e-31,107,fractional_8/lag,lag,-0.51,-0.5909008693273272,-0.4070470512272093
source_97_100_weak_65537,fractional_8/lower_cn,lower_cn,200,0,0,0.0,-0.021671849652908394,0.021671849652908394,1.0,4,fractional_8/lower_cn,lower_cn,0.0,-0.021671849652908394,0.021671849652908394
source_97_100_weak_65537,fractional_8/lower_cstar,lower_cstar,200,0,0,0.0,-0.021671849652908394,0.021671849652908394,1.0,0,fractional_8/lower_cstar,lower_cstar,0.0,-0.021671849652908394,0.021671849652908394
source_97_100_weak_65537,fractional_8/lower_intersection,lower_intersection,200,0,86,-0.43,-0.5116693390322558,-0.32932141262755504,2.5849394142282115e-26,181,fractional_8/lower_intersection,lower_intersection,-0.43,-0.5116693390322558,-0.32932141262755504
source_97_100_weak_65537,fractional_8/supplied,supplied,200,0,0,0.0,-0.021671849652908394,0.021671849652908394,1.0,0,fractional_8/supplied,supplied,0.0,-0.021671849652908394,0.021671849652908394
source_97_100_weak_65537,fractional_8/two_sided,two_sided,200,0,199,-0.995,-0.9999371080667463,-0.9468493530281429,2.4892061111444567e-60,200,fractional_8/two_sided,two_sided,-0.995,-0.9999371080667463,-0.9468493530281429
source_97_100_weak_65537,fractional_8/two_sided_adaptive_bank,two_sided_adaptive_bank,200,0,199,-0.995,-0.9999371080667463,-0.9468493530281429,2.4892061111444567e-60,200,fractional_8/two_sided_adaptive_bank,two_sided_adaptive_bank,-0.995,-0.9999371080667463,-0.9468493530281429
source_97_100_weak_65537,fractional_8/two_sided_intersection,two_sided_intersection,200,0,200,-1.0,-1.0,-0.9566563006941833,1.2446030555722283e-60,200,fractional_8/two_sided_intersection,two_sided_intersection,-1.0,-1.0,-0.9566563006941833
source_97_100_weak_65537,fractional_8/two_sided_intersection_maximum_scale,two_sided_intersection_maximum_scale,200,0,200,-1.0,-1.0,-0.9566563006941833,1.2446030555722283e-60,200,fractional_8/two_sided_intersection_maximum_scale,two_sided_intersection_maximum_scale,-1.0,-1.0,-0.9566563006941833
source_97_100_weak_65537,fractional_8/two_sided_intersection_old_operator,two_sided_intersection_old_operator,200,0,185,-0.925,-0.9609590659422336,-0.8506773147616872,4.078315292499078e-56,185,fractional_8/two_sided_intersection_old_operator,two_sided_intersection_old_operator,-0.925,-0.9609590659422336,-0.8506773147616872
source_97_100_weak_65537,fractional_8/two_sided_maximum_scale,two_sided_maximum_scale,200,0,199,-0.995,-0.9999371080667463,-0.9468493530281429,2.4892061111444567e-60,200,fractional_8/two_sided_maximum_scale,two_sided_maximum_scale,-0.995,-0.9999371080667463,-0.9468493530281429
source_97_100_weak_65537,fractional_8/two_sided_old_operator,two_sided_old_operator,200,0,135,-0.675,-0.747836221735167,-0.573820807807706,4.591774807899561e-41,157,fractional_8/two_sided_old_operator,two_sided_old_operator,-0.675,-0.747836221735167,-0.573820807807706
source_97_100_weak_65537,fractional_8/two_sided_shape_1/2,two_sided_shape_1/2,200,0,200,-1.0,-1.0,-0.9566563006941833,1.2446030555722283e-60,200,fractional_8/two_sided_shape_1/2,two_sided_shape_1/2,-1.0,-1.0,-0.9566563006941833
source_97_100_weak_65537,fractional_8/two_sided_shape_2/3,two_sided_shape_2/3,200,0,199,-0.995,-0.9999371080667463,-0.9468493530281429,2.4892061111444567e-60,200,fractional_8/two_sided_shape_2/3,two_sided_shape_2/3,-0.995,-0.9999371080667463,-0.9468493530281429
source_97_100_weak_65537,lag,numerical/depth_20/lag,200,0,0,0.0,-0.021671849652908394,0.021671849652908394,1.0,0,numerical/depth_20/lag,lag,-0.0,-0.021671849652908394,0.021671849652908394
source_97_100_weak_65537,lag,numerical/depth_28/lag,200,0,0,0.0,-0.021671849652908394,0.021671849652908394,1.0,0,numerical/depth_28/lag,lag,-0.0,-0.021671849652908394,0.021671849652908394
source_97_100_weak_65537,lag,numerical/depth_36/lag,200,0,0,0.0,-0.021671849652908394,0.021671849652908394,1.0,0,numerical/depth_36/lag,lag,-0.0,-0.021671849652908394,0.021671849652908394
source_97_100_weak_65537,lag,numerical/precision_160/lag,200,0,0,0.0,-0.021671849652908394,0.021671849652908394,1.0,0,numerical/precision_160/lag,lag,-0.0,-0.021671849652908394,0.021671849652908394
source_97_100_weak_65537,lag,numerical/precision_320/lag,200,0,0,0.0,-0.021671849652908394,0.021671849652908394,1.0,0,numerical/precision_320/lag,lag,-0.0,-0.021671849652908394,0.021671849652908394
source_97_100_weak_65537,lag,numerical/precision_80/lag,200,0,0,0.0,-0.021671849652908394,0.021671849652908394,1.0,0,numerical/precision_80/lag,lag,-0.0,-0.021671849652908394,0.021671849652908394
source_97_100_weak_65537,lag,recorder_12/lag,200,102,0,0.51,0.4070470512272093,0.5909008693273272,3.944304526105059e-31,107,recorder_12/lag,lag,-0.51,-0.5909008693273272,-0.4070470512272093
source_97_100_weak_65537,lag,recorder_8/lag,200,102,0,0.51,0.4070470512272093,0.5909008693273272,3.944304526105059e-31,107,recorder_8/lag,lag,-0.51,-0.5909008693273272,-0.4070470512272093
source_97_100_weak_65537,lower_cn,numerical/depth_20/lower_cn,200,0,0,0.0,-0.021671849652908394,0.021671849652908394,1.0,0,numerical/depth_20/lower_cn,lower_cn,-0.0,-0.021671849652908394,0.021671849652908394
source_97_100_weak_65537,lower_cn,numerical/depth_28/lower_cn,200,0,0,0.0,-0.021671849652908394,0.021671849652908394,1.0,0,numerical/depth_28/lower_cn,lower_cn,-0.0,-0.021671849652908394,0.021671849652908394
source_97_100_weak_65537,lower_cn,numerical/depth_36/lower_cn,200,0,0,0.0,-0.021671849652908394,0.021671849652908394,1.0,0,numerical/depth_36/lower_cn,lower_cn,-0.0,-0.021671849652908394,0.021671849652908394
source_97_100_weak_65537,lower_cn,numerical/precision_160/lower_cn,200,0,0,0.0,-0.021671849652908394,0.021671849652908394,1.0,0,numerical/precision_160/lower_cn,lower_cn,-0.0,-0.021671849652908394,0.021671849652908394
source_97_100_weak_65537,lower_cn,numerical/precision_320/lower_cn,200,0,0,0.0,-0.021671849652908394,0.021671849652908394,1.0,0,numerical/precision_320/lower_cn,lower_cn,-0.0,-0.021671849652908394,0.021671849652908394
source_97_100_weak_65537,lower_cn,numerical/precision_80/lower_cn,200,0,0,0.0,-0.021671849652908394,0.021671849652908394,1.0,0,numerical/precision_80/lower_cn,lower_cn,-0.0,-0.021671849652908394,0.021671849652908394
source_97_100_weak_65537,lower_cn,recorder_12/lower_cn,200,0,0,0.0,-0.021671849652908394,0.021671849652908394,1.0,4,recorder_12/lower_cn,lower_cn,-0.0,-0.021671849652908394,0.021671849652908394
source_97_100_weak_65537,lower_cn,recorder_8/lower_cn,200,0,0,0.0,-0.021671849652908394,0.021671849652908394,1.0,4,recorder_8/lower_cn,lower_cn,-0.0,-0.021671849652908394,0.021671849652908394
source_97_100_weak_65537,lower_cstar,numerical/depth_20/lower_cstar,200,0,0,0.0,-0.021671849652908394,0.021671849652908394,1.0,0,numerical/depth_20/lower_cstar,lower_cstar,-0.0,-0.021671849652908394,0.021671849652908394
source_97_100_weak_65537,lower_cstar,numerical/depth_28/lower_cstar,200,0,0,0.0,-0.021671849652908394,0.021671849652908394,1.0,0,numerical/depth_28/lower_cstar,lower_cstar,-0.0,-0.021671849652908394,0.021671849652908394
source_97_100_weak_65537,lower_cstar,numerical/depth_36/lower_cstar,200,0,0,0.0,-0.021671849652908394,0.021671849652908394,1.0,0,numerical/depth_36/lower_cstar,lower_cstar,-0.0,-0.021671849652908394,0.021671849652908394
source_97_100_weak_65537,lower_cstar,numerical/precision_160/lower_cstar,200,0,0,0.0,-0.021671849652908394,0.021671849652908394,1.0,0,numerical/precision_160/lower_cstar,lower_cstar,-0.0,-0.021671849652908394,0.021671849652908394
source_97_100_weak_65537,lower_cstar,numerical/precision_320/lower_cstar,200,0,0,0.0,-0.021671849652908394,0.021671849652908394,1.0,0,numerical/precision_320/lower_cstar,lower_cstar,-0.0,-0.021671849652908394,0.021671849652908394
source_97_100_weak_65537,lower_cstar,numerical/precision_80/lower_cstar,200,0,0,0.0,-0.021671849652908394,0.021671849652908394,1.0,0,numerical/precision_80/lower_cstar,lower_cstar,-0.0,-0.021671849652908394,0.021671849652908394
source_97_100_weak_65537,lower_cstar,recorder_12/lower_cstar,200,0,0,0.0,-0.021671849652908394,0.021671849652908394,1.0,0,recorder_12/lower_cstar,lower_cstar,-0.0,-0.021671849652908394,0.021671849652908394
source_97_100_weak_65537,lower_cstar,recorder_8/lower_cstar,200,0,0,0.0,-0.021671849652908394,0.021671849652908394,1.0,0,recorder_8/lower_cstar,lower_cstar,-0.0,-0.021671849652908394,0.021671849652908394
source_97_100_weak_65537,lower_intersection,numerical/depth_20/lower_intersection,200,0,0,0.0,-0.021671849652908394,0.021671849652908394,1.0,0,numerical/depth_20/lower_intersection,lower_intersection,-0.0,-0.021671849652908394,0.021671849652908394
source_97_100_weak_65537,lower_intersection,numerical/depth_28/lower_intersection,200,0,0,0.0,-0.021671849652908394,0.021671849652908394,1.0,0,numerical/depth_28/lower_intersection,lower_intersection,-0.0,-0.021671849652908394,0.021671849652908394
source_97_100_weak_65537,lower_intersection,numerical/depth_36/lower_intersection,200,0,0,0.0,-0.021671849652908394,0.021671849652908394,1.0,0,numerical/depth_36/lower_intersection,lower_intersection,-0.0,-0.021671849652908394,0.021671849652908394
source_97_100_weak_65537,lower_intersection,numerical/precision_160/lower_intersection,200,0,0,0.0,-0.021671849652908394,0.021671849652908394,1.0,0,numerical/precision_160/lower_intersection,lower_intersection,-0.0,-0.021671849652908394,0.021671849652908394
source_97_100_weak_65537,lower_intersection,numerical/precision_320/lower_intersection,200,0,0,0.0,-0.021671849652908394,0.021671849652908394,1.0,0,numerical/precision_320/lower_intersection,lower_intersection,-0.0,-0.021671849652908394,0.021671849652908394
source_97_100_weak_65537,lower_intersection,numerical/precision_80/lower_intersection,200,0,0,0.0,-0.021671849652908394,0.021671849652908394,1.0,0,numerical/precision_80/lower_intersection,lower_intersection,-0.0,-0.021671849652908394,0.021671849652908394
source_97_100_weak_65537,lower_intersection,recorder_12/lower_intersection,200,86,0,0.43,0.32932141262755504,0.5116693390322558,2.5849394142282115e-26,181,recorder_12/lower_intersection,lower_intersection,-0.43,-0.5116693390322558,-0.32932141262755504
source_97_100_weak_65537,lower_intersection,recorder_8/lower_intersection,200,86,0,0.43,0.32932141262755504,0.5116693390322558,2.5849394142282115e-26,181,recorder_8/lower_intersection,lower_intersection,-0.43,-0.5116693390322558,-0.32932141262755504
source_97_100_weak_65537,numerical/depth_20/two_sided,two_sided,200,0,0,0.0,-0.021671849652908394,0.021671849652908394,1.0,0,numerical/depth_20/two_sided,two_sided,0.0,-0.021671849652908394,0.021671849652908394
source_97_100_weak_65537,numerical/depth_20/two_sided_intersection,two_sided_intersection,200,0,0,0.0,-0.021671849652908394,0.021671849652908394,1.0,0,numerical/depth_20/two_sided_intersection,two_sided_intersection,0.0,-0.021671849652908394,0.021671849652908394
source_97_100_weak_65537,numerical/depth_28/two_sided,two_sided,200,0,0,0.0,-0.021671849652908394,0.021671849652908394,1.0,0,numerical/depth_28/two_sided,two_sided,0.0,-0.021671849652908394,0.021671849652908394
source_97_100_weak_65537,numerical/depth_28/two_sided_intersection,two_sided_intersection,200,0,0,0.0,-0.021671849652908394,0.021671849652908394,1.0,0,numerical/depth_28/two_sided_intersection,two_sided_intersection,0.0,-0.021671849652908394,0.021671849652908394
source_97_100_weak_65537,numerical/depth_36/two_sided,two_sided,200,0,0,0.0,-0.021671849652908394,0.021671849652908394,1.0,0,numerical/depth_36/two_sided,two_sided,0.0,-0.021671849652908394,0.021671849652908394
source_97_100_weak_65537,numerical/depth_36/two_sided_intersection,two_sided_intersection,200,0,0,0.0,-0.021671849652908394,0.021671849652908394,1.0,0,numerical/depth_36/two_sided_intersection,two_sided_intersection,0.0,-0.021671849652908394,0.021671849652908394
source_97_100_weak_65537,numerical/precision_160/two_sided,two_sided,200,0,0,0.0,-0.021671849652908394,0.021671849652908394,1.0,0,numerical/precision_160/two_sided,two_sided,0.0,-0.021671849652908394,0.021671849652908394
source_97_100_weak_65537,numerical/precision_160/two_sided_intersection,two_sided_intersection,200,0,0,0.0,-0.021671849652908394,0.021671849652908394,1.0,0,numerical/precision_160/two_sided_intersection,two_sided_intersection,0.0,-0.021671849652908394,0.021671849652908394
source_97_100_weak_65537,numerical/precision_320/two_sided,two_sided,200,0,0,0.0,-0.021671849652908394,0.021671849652908394,1.0,0,numerical/precision_320/two_sided,two_sided,0.0,-0.021671849652908394,0.021671849652908394
source_97_100_weak_65537,numerical/precision_320/two_sided_intersection,two_sided_intersection,200,0,0,0.0,-0.021671849652908394,0.021671849652908394,1.0,0,numerical/precision_320/two_sided_intersection,two_sided_intersection,0.0,-0.021671849652908394,0.021671849652908394
source_97_100_weak_65537,numerical/precision_80/two_sided,two_sided,200,0,0,0.0,-0.021671849652908394,0.021671849652908394,1.0,0,numerical/precision_80/two_sided,two_sided,0.0,-0.021671849652908394,0.021671849652908394
source_97_100_weak_65537,numerical/precision_80/two_sided_intersection,two_sided_intersection,200,0,0,0.0,-0.021671849652908394,0.021671849652908394,1.0,0,numerical/precision_80/two_sided_intersection,two_sided_intersection,0.0,-0.021671849652908394,0.021671849652908394
source_97_100_weak_65537,recorder_12/supplied,supplied,200,0,0,0.0,-0.021671849652908394,0.021671849652908394,1.0,0,recorder_12/supplied,supplied,0.0,-0.021671849652908394,0.021671849652908394
source_97_100_weak_65537,recorder_12/two_sided,two_sided,200,0,199,-0.995,-0.9999371080667463,-0.9468493530281429,2.4892061111444567e-60,200,recorder_12/two_sided,two_sided,-0.995,-0.9999371080667463,-0.9468493530281429
source_97_100_weak_65537,recorder_12/two_sided_adaptive_bank,two_sided_adaptive_bank,200,0,199,-0.995,-0.9999371080667463,-0.9468493530281429,2.4892061111444567e-60,200,recorder_12/two_sided_adaptive_bank,two_sided_adaptive_bank,-0.995,-0.9999371080667463,-0.9468493530281429
source_97_100_weak_65537,recorder_12/two_sided_intersection,two_sided_intersection,200,0,200,-1.0,-1.0,-0.9566563006941833,1.2446030555722283e-60,200,recorder_12/two_sided_intersection,two_sided_intersection,-1.0,-1.0,-0.9566563006941833
source_97_100_weak_65537,recorder_12/two_sided_intersection_maximum_scale,two_sided_intersection_maximum_scale,200,0,200,-1.0,-1.0,-0.9566563006941833,1.2446030555722283e-60,200,recorder_12/two_sided_intersection_maximum_scale,two_sided_intersection_maximum_scale,-1.0,-1.0,-0.9566563006941833
source_97_100_weak_65537,recorder_12/two_sided_intersection_old_operator,two_sided_intersection_old_operator,200,0,185,-0.925,-0.9609590659422336,-0.8506773147616872,4.078315292499078e-56,200,recorder_12/two_sided_intersection_old_operator,two_sided_intersection_old_operator,-0.925,-0.9609590659422336,-0.8506773147616872
source_97_100_weak_65537,recorder_12/two_sided_maximum_scale,two_sided_maximum_scale,200,0,199,-0.995,-0.9999371080667463,-0.9468493530281429,2.4892061111444567e-60,200,recorder_12/two_sided_maximum_scale,two_sided_maximum_scale,-0.995,-0.9999371080667463,-0.9468493530281429
source_97_100_weak_65537,recorder_12/two_sided_old_operator,two_sided_old_operator,200,0,135,-0.675,-0.747836221735167,-0.573820807807706,4.591774807899561e-41,200,recorder_12/two_sided_old_operator,two_sided_old_operator,-0.675,-0.747836221735167,-0.573820807807706
source_97_100_weak_65537,recorder_12/two_sided_shape_1/2,two_sided_shape_1/2,200,0,200,-1.0,-1.0,-0.9566563006941833,1.2446030555722283e-60,200,recorder_12/two_sided_shape_1/2,two_sided_shape_1/2,-1.0,-1.0,-0.9566563006941833
source_97_100_weak_65537,recorder_12/two_sided_shape_2/3,two_sided_shape_2/3,200,0,199,-0.995,-0.9999371080667463,-0.9468493530281429,2.4892061111444567e-60,200,recorder_12/two_sided_shape_2/3,two_sided_shape_2/3,-0.995,-0.9999371080667463,-0.9468493530281429
source_97_100_weak_65537,recorder_8/supplied,supplied,200,0,200,-1.0,-1.0,-0.9566563006941833,1.2446030555722283e-60,200,recorder_8/supplied,supplied,-1.0,-1.0,-0.9566563006941833
source_97_100_weak_65537,recorder_8/two_sided,two_sided,200,0,199,-0.995,-0.9999371080667463,-0.9468493530281429,2.4892061111444567e-60,200,recorder_8/two_sided,two_sided,-0.995,-0.9999371080667463,-0.9468493530281429
source_97_100_weak_65537,recorder_8/two_sided_adaptive_bank,two_sided_adaptive_bank,200,0,199,-0.995,-0.9999371080667463,-0.9468493530281429,2.4892061111444567e-60,200,recorder_8/two_sided_adaptive_bank,two_sided_adaptive_bank,-0.995,-0.9999371080667463,-0.9468493530281429
source_97_100_weak_65537,recorder_8/two_sided_intersection,two_sided_intersection,200,0,200,-1.0,-1.0,-0.9566563006941833,1.2446030555722283e-60,200,recorder_8/two_sided_intersection,two_sided_intersection,-1.0,-1.0,-0.9566563006941833
source_97_100_weak_65537,recorder_8/two_sided_intersection_maximum_scale,two_sided_intersection_maximum_scale,200,0,200,-1.0,-1.0,-0.9566563006941833,1.2446030555722283e-60,200,recorder_8/two_sided_intersection_maximum_scale,two_sided_intersection_maximum_scale,-1.0,-1.0,-0.9566563006941833
source_97_100_weak_65537,recorder_8/two_sided_intersection_old_operator,two_sided_intersection_old_operator,200,0,185,-0.925,-0.9609590659422336,-0.8506773147616872,4.078315292499078e-56,200,recorder_8/two_sided_intersection_old_operator,two_sided_intersection_old_operator,-0.925,-0.9609590659422336,-0.8506773147616872
source_97_100_weak_65537,recorder_8/two_sided_maximum_scale,two_sided_maximum_scale,200,0,199,-0.995,-0.9999371080667463,-0.9468493530281429,2.4892061111444567e-60,200,recorder_8/two_sided_maximum_scale,two_sided_maximum_scale,-0.995,-0.9999371080667463,-0.9468493530281429
source_97_100_weak_65537,recorder_8/two_sided_old_operator,two_sided_old_operator,200,0,135,-0.675,-0.747836221735167,-0.573820807807706,4.591774807899561e-41,200,recorder_8/two_sided_old_operator,two_sided_old_operator,-0.675,-0.747836221735167,-0.573820807807706
source_97_100_weak_65537,recorder_8/two_sided_shape_1/2,two_sided_shape_1/2,200,0,200,-1.0,-1.0,-0.9566563006941833,1.2446030555722283e-60,200,recorder_8/two_sided_shape_1/2,two_sided_shape_1/2,-1.0,-1.0,-0.9566563006941833
source_97_100_weak_65537,recorder_8/two_sided_shape_2/3,two_sided_shape_2/3,200,0,199,-0.995,-0.9999371080667463,-0.9468493530281429,2.4892061111444567e-60,200,recorder_8/two_sided_shape_2/3,two_sided_shape_2/3,-0.995,-0.9999371080667463,-0.9468493530281429
