cell,method,n,reject,nonreject,abstain,rejection_fraction,rejection_lower,rejection_upper,available,rejection_given_available,threshold_min,threshold_q25,threshold_median,threshold_q75,threshold_max,threshold_n,margin_min,margin_q25,margin_median,margin_q75,margin_max,margin_n,statistic_threshold_ratio_min,statistic_threshold_ratio_q25,statistic_threshold_ratio_median,statistic_threshold_ratio_q75,statistic_threshold_ratio_max,statistic_threshold_ratio_n,source_envelope_min,source_envelope_q25,source_envelope_median,source_envelope_q75,source_envelope_max,source_envelope_n,q_min,q_q25,q_median,q_q75,q_max,q_n,scale_denominator_min,scale_denominator_q25,scale_denominator_median,scale_denominator_q75,scale_denominator_max,scale_denominator_n,variance_scale_min,variance_scale_q25,variance_scale_median,variance_scale_q75,variance_scale_max,variance_scale_n,phase_allowance_min,phase_allowance_q25,phase_allowance_median,phase_allowance_q75,phase_allowance_max,phase_allowance_n,sampling_radius_min,sampling_radius_q25,sampling_radius_median,sampling_radius_q75,sampling_radius_max,sampling_radius_n,rounding_allowance_min,rounding_allowance_q25,rounding_allowance_median,rounding_allowance_q75,rounding_allowance_max,rounding_allowance_n
brownian_T1_131073,fractional_12/shape_1/2,400,0,400,0,0.0,0.0,0.00917980458366526,400,0.0,0.22311161611313382,0.22803205446247518,0.22970609000275904,0.23121125174435098,0.23652668989978984,400,-0.23452120096964613,-0.22311061270365945,-0.22012852609731415,-0.21702208706362996,-0.20684863292695665,400,0.0016392415121356844,0.02985951855109933,0.04148054492675837,0.05285269605284234,0.09620488307619525,400,1.0,1.0,1.0,1.0,1.0,400,28.0,28.0,28.0,28.0,28.0,400,0.9325006370329095,0.9325006370329095,0.9325006370329095,0.9325006370329095,0.9325006370329095,400,1.434024056608623,1.447198293277394,1.4517765666354263,1.4561179888671236,1.4672326777390743,400,0.09378243470050446,0.09871806267628198,0.10023273506669378,0.10155707454427672,0.10617309109353183,400,0.12678324020037057,0.12794798524375806,0.12835275413740346,0.12873658282917189,0.12971924156666717,400,0.0011292552599343536,0.001134437366992032,0.0011362248389702233,0.0011379236136380298,0.001142265645478439,400
brownian_T1_131073,fractional_12/shape_2/3,400,0,400,0,0.0,0.0,0.00917980458366526,400,0.0,0.2461822477266742,0.2511580562346422,0.25291558515296475,0.2544219489993802,0.2599189822226223,400,-0.2578930793849491,-0.2462835357485868,-0.24326907271200623,-0.24022890820607454,-0.22995876869239978,400,0.0014892275331868272,0.02711653674537413,0.03767683648725618,0.04796144614111207,0.0873766651660347,400,1.0,1.0,1.0,1.0,1.0,400,37.333333333333336,37.333333333333336,37.333333333333336,37.333333333333336,37.333333333333336,400,0.9220202891597142,0.9220202891597142,0.9220202891597142,0.9220202891597142,0.9220202891597142,400,1.4503242087294466,1.4636481932778203,1.468278506594208,1.472669276563464,1.48391030300873,400,0.09484843352028341,0.09984016340484428,0.10137205265452921,0.1027114455301669,0.1073799310541218,400,0.14854577172748418,0.14991044698789177,0.1503846950634482,0.15083440852036714,0.1519857420899722,400,0.0011292552599343536,0.001134437366992032,0.0011362248389702233,0.0011379236136380298,0.001142265645478439,400
brownian_T1_131073,fractional_8/shape_1/2,400,0,400,0,0.0,0.0,0.00917980458366526,400,0.0,0.2408593911555062,0.24578873625755143,0.24750862183832384,0.2489905570656881,0.2543828476269591,400,-0.2523677142654378,-0.24087031367376996,-0.23790419638518945,-0.23480591580289523,-0.22460259979167357,400,0.0014995288950689649,0.027680639381154157,0.03851987668099362,0.04901136670095379,0.08928467580123026,400,1.0,1.0,1.0,1.0,1.0,400,28.0,28.0,28.0,28.0,28.0,400,0.9325006370329095,0.9325006370329095,0.9325006370329095,0.9325006370329095,0.9325006370329095,400,1.4385747994688391,1.4517661995723188,1.4563532681618423,1.4606939340934264,1.4718377088403276,400,0.0940784561779357,0.09902974505634103,0.1005487740890306,0.10187704055725247,0.10650786080839886,400,0.1271855751001779,0.12835183757687152,0.12875738406412957,0.12914114589078612,0.1301263761342846,400,0.01808242494567797,0.018165356088072442,0.018193925245864113,0.018221092489922503,0.018290603118333398,400
brownian_T1_131073,fractional_8/shape_2/3,400,0,400,0,0.0,0.0,0.00917980458366526,400,0.0,0.2640028445344158,0.26899301944935794,0.2707514357824322,0.2722647651088047,0.2778485629167177,400,-0.2758129730664889,-0.2641427085231042,-0.26108636755222725,-0.258044219633291,-0.247785559820678,400,0.0013709390697408002,0.025314243729220594,0.03521095346514988,0.044764676772524006,0.08160719978172787,400,1.0,1.0,1.0,1.0,1.0,400,37.333333333333336,37.333333333333336,37.333333333333336,37.333333333333336,37.333333333333336,400,0.9220202891597142,0.9220202891597142,0.9220202891597142,0.9220202891597142,0.9220202891597142,400,1.4549266786165158,1.4682680216915813,1.4729072302124073,1.4772972352848968,1.4885676782161548,400,0.09514781979141593,0.10015538859172371,0.10169168400442599,0.10303504850771167,0.10771850600311489,400,0.14901716801054435,0.15038362117393933,0.1508587803182072,0.1513084154325185,0.1524627619109524,400,0.01808242494567797,0.018165356088072442,0.018193925245864113,0.018221092489922503,0.018290603118333398,400
brownian_T1_131073,recorder_12/shape_1/2,400,0,400,0,0.0,0.0,0.00917980458366526,400,0.0,0.25981688890990634,0.26476985839769007,0.266517641338339,0.2680017817997264,0.2734605208323482,400,-0.27144528725976136,-0.2598821731651079,-0.25689763650360553,-0.2538086879234619,-0.2435960594404858,400,0.0014577578509120843,0.025763183084529653,0.03572001942020249,0.045487931707043974,0.08297309178710703,400,1.0,1.0,1.0,1.0,1.0,400,28.0,28.0,28.0,28.0,28.0,400,0.9325006370329095,0.9325006370329095,0.9325006370329095,0.9325006370329095,0.9325006370329095,400,1.4434316939846772,1.456655193980588,1.4612428387751686,1.465604036702802,1.4767559683441416,400,0.0943930353116979,0.09936273853186411,0.10088741794525057,0.10221815695539929,0.10686643329175013,400,0.12761497711835992,0.12878407757280838,0.12918967500282696,0.12957525208005408,0.13056120348126404,400,0.036195378756313956,0.03636119735362016,0.0364184133712159,0.03647291665797586,0.03661180426128541,400
brownian_T1_131073,recorder_12/shape_2/3,400,0,400,0,0.0,0.0,0.00917980458366526,400,0.0,0.28302269552910847,0.28803916201804813,0.2898326979639534,0.29135825608131505,0.29700470569624426,400,-0.2949688411362761,-0.28321870446288455,-0.2801610881595168,-0.27708567015272756,-0.26685736424083306,400,0.0013405797731415763,0.0237033436797481,0.03285339100895471,0.0418068287226115,0.0762851944506405,400,1.0,1.0,1.0,1.0,1.0,400,37.333333333333336,37.333333333333336,37.333333333333336,37.333333333333336,37.333333333333336,400,0.9220202891597142,0.9220202891597142,0.9220202891597142,0.9220202891597142,0.9220202891597142,400,1.459838780099823,1.473212587937858,1.4778523792133036,1.4822631496633238,1.493541842206168,400,0.0954659746585912,0.10049216711135485,0.10203417713105795,0.103380042280966,0.10808115428003323,400,0.14952027752305863,0.1508900558073061,0.15136527463873506,0.15181703659407403,0.1529722280180119,400,0.036195378756313956,0.03636119735362016,0.0364184133712159,0.03647291665797586,0.03661180426128541,400
brownian_T1_131073,recorder_8/shape_1/2,400,0,400,0,0.0,0.0,0.00917980458366526,400,0.0,0.8412739569025443,0.849424132588064,0.8518480531626562,0.8536589187730805,0.8611037122749974,400,-0.8588121233768036,-0.8454329707051182,-0.841892036830487,-0.8387279460805801,-0.8274353327925794,400,0.0005541183154221749,0.008032680622224616,0.011239101645077208,0.014316263959868958,0.025512148288529313,400,1.0,1.0,1.0,1.0,1.0,400,28.0,28.0,28.0,28.0,28.0,400,0.9325006370329095,0.9325006370329095,0.9325006370329095,0.9325006370329095,0.9325006370329095,400,1.5942501151724195,1.6083896180345625,1.6132179705262422,1.617663862086137,1.6295455116120208,400,0.10422786205845896,0.10970011326643352,0.11137647595517394,0.11286332229485736,0.11799352292772061,400,0.1409489571391043,0.1421990421564536,0.14262592075092598,0.14301898566147986,0.14406945201793642,400,0.5940251015817531,0.5967289199764028,0.5976484590376964,0.5984897586188938,0.6007384267251668,400
brownian_T1_131073,recorder_8/shape_2/3,400,0,400,0,0.0,0.0,0.00917980458366526,400,0.0,0.8666772878321766,0.875107478883098,0.8775912281542644,0.87943572053465,0.8870858617704446,400,-0.8847686514217094,-0.8712389875571144,-0.8676007382291909,-0.8644125465217677,-0.8529613407323084,400,0.0005378692585802792,0.0077967856888309876,0.010909542004678526,0.013896559039643135,0.02476207796153055,400,1.0,1.0,1.0,1.0,1.0,400,37.333333333333336,37.333333333333336,37.333333333333336,37.333333333333336,37.333333333333336,400,0.9220202891597142,0.9220202891597142,0.9220202891597142,0.9220202891597142,0.9220202891597142,400,1.6123715122830142,1.6266717349367839,1.6315549699666918,1.6360513967379071,1.6480681016652854,400,0.10541259114229244,0.11094704390589799,0.11264246134250698,0.11414620825049361,0.11933472244535091,400,0.16514305502306562,0.16660771899074495,0.16710787193012105,0.16756840701650108,0.16879918748359587,400,0.5940251015817531,0.5967289199764028,0.5976484590376964,0.5984897586188938,0.6007384267251668,400
brownian_T1_131073,shape_1/2,400,0,400,0,0.0,0.0,0.00917980458366526,400,0.0,0.2219341166198107,0.22685200267372574,0.22852445207324268,0.2300293796870102,0.23534194305159364,400,-0.2333366436473498,-0.22193316120737788,-0.21894875538838734,-0.21584422409106152,-0.20567035398265512,400,0.0016455329324142184,0.030012689461458856,0.04169537449808858,0.05313054125383053,0.09670254753667289,400,1.0,1.0,1.0,1.0,1.0,400,28.0,28.0,28.0,28.0,28.0,400,0.9325006370329095,0.9325006370329095,0.9325006370329095,0.9325006370329095,0.9325006370329095,400,1.4337222416320532,1.4468953485639395,1.4514735065915683,1.455813904436906,1.466928017210495,400,0.09376282401899208,0.0986974008604962,0.10021180441652205,0.10153587148822957,0.10615090005645486,400,0.1267565564913392,0.12792120165376436,0.1283259603509544,0.1287096984758866,0.12969230628005435,400,4.4109210579672346e-06,4.431163812369482e-06,4.43814691945382e-06,4.444782161555576e-06,4.461743834852164e-06,400
brownian_T1_131073,shape_2/3,400,0,400,0,0.0,0.0,0.00917980458366526,400,0.0,0.24499992397377296,0.24997409469858464,0.251733100080994,0.2532357538294078,0.2587293660015373,400,-0.2567036478646636,-0.24509920841968785,-0.24208695605329905,-0.239042676187378,-0.22877565999323837,400,0.0014942666886998818,0.027243200457111816,0.037854711318148715,0.048191194378981936,0.08778880066864078,400,1.0,1.0,1.0,1.0,1.0,400,37.333333333333336,37.333333333333336,37.333333333333336,37.333333333333336,37.333333333333336,400,0.9220202891597142,0.9220202891597142,0.9220202891597142,0.9220202891597142,0.9220202891597142,400,1.450018963106084,1.4633418050761686,1.4679720017512243,1.4723617356902057,1.4836021794887608,400,0.09482859992961525,0.09981926673195213,0.10135088409148552,0.10269000146488604,0.10735748777770589,400,0.14851450772015679,0.14987906595488643,0.15035330208375083,0.15080290942790153,0.15195418332139776,400,4.4109210579672346e-06,4.431163812369482e-06,4.43814691945382e-06,4.444782161555576e-06,4.461743834852164e-06,400
brownian_T1_32769,shape_1/2,400,0,400,0,0.0,0.0,0.00917980458366526,400,0.0,0.37755985120149205,0.38804452673135814,0.39092147843757163,0.39367904401156656,0.4020976920374041,400,-0.40072503744687066,-0.3870993084122929,-0.3811691670372426,-0.37494587840218513,-0.35926881743615496,400,0.0001782103055216232,0.01133299142291866,0.02483812954531589,0.03816570738078579,0.0720098111552512,400,1.0,1.0,1.0,1.0,1.0,400,28.0,28.0,28.0,28.0,28.0,400,0.8645740279720692,0.8645740279720692,0.8645740279720692,0.8645740279720692,0.8645740279720692,400,1.5237095262221776,1.5568456407046176,1.5661712965266577,1.5754127336792523,1.6012517382950862,400,0.100401537196176,0.106565961081491,0.10799113301224639,0.10983733832496577,0.1160411329152181,400,0.2751365422720057,0.28111993727356616,0.2828038728617727,0.28447260106753064,0.2891383554409231,400,4.378578328344785e-06,4.426102277715732e-06,4.439089753812816e-06,4.4522284630829355e-06,4.488556922077764e-06,400
brownian_T1_32769,shape_2/3,400,0,400,0,0.0,0.0,0.00917980458366526,400,0.0,0.43302013521170307,0.444457479553669,0.44776358822625034,0.4507906470081734,0.46001466790752743,400,-0.45806825886102087,-0.4439919726995135,-0.4379060949405561,-0.43125538660977336,-0.41510815664313144,400,0.00015590454737808514,0.009896681098624793,0.021690431812747938,0.03332640157919535,0.06292224108908658,400,1.0,1.0,1.0,1.0,1.0,400,37.333333333333336,37.333333333333336,37.333333333333336,37.333333333333336,37.333333333333336,400,0.8434709168610952,0.8434709168610952,0.8434709168610952,0.8434709168610952,0.8434709168610952,400,1.5618317789162932,1.5957969381135304,1.6053559159708193,1.6148285680605952,1.641314048298178,400,0.10291352042263786,0.10923217431112957,0.11069300314600075,0.1125853993528804,0.11894440897655077,400,0.3277383762855692,0.3348657034893397,0.3368715814105019,0.3388593445338617,0.3444171186843095,400,4.378578328344785e-06,4.426102277715732e-06,4.439089753812816e-06,4.4522284630829355e-06,4.488556922077764e-06,400
brownian_T1_524289,shape_1/2,400,0,400,0,0.0,0.0,0.00917980458366526,400,0.0,0.1518599778796642,0.15658442113852217,0.15789837081439484,0.15926192123507463,0.16399164595875246,400,-0.15958243935460337,-0.15044790240362407,-0.14866026336081428,-0.14661587555206615,-0.14101466989113462,400,0.020608996894478572,0.051039494706808956,0.058389013735651224,0.06776042117054729,0.08858633904864721,400,1.0,1.0,1.0,1.0,1.0,400,28.0,28.0,28.0,28.0,28.0,400,0.9663037242781736,0.9663037242781736,0.9663037242781736,0.9663037242781736,0.9663037242781736,400,1.392376878061333,1.3990650483595974,1.4011353659446404,1.4033226461780277,1.4105543525037945,400,0.09069867242469094,0.09529674125327457,0.09668391992779632,0.09795638385136683,0.10260642194182454,400,0.06089853278766778,0.06119105398980486,0.06128160368602588,0.06137726898980068,0.061693562883881774,400,4.424948756652601e-06,4.435540424209586e-06,4.43885337449699e-06,4.44230457753789e-06,4.453749926919813e-06,400
brownian_T1_524289,shape_2/3,400,0,400,0,0.0,0.0,0.00917980458366526,400,0.0,0.16231509361616653,0.16709292938505027,0.16841690436361087,0.16978208189312388,0.1745479409640404,400,-0.1701322581039993,-0.16098053983391308,-0.15917821930901435,-0.15711862721432635,-0.15145233813980036,400,0.0193557787927553,0.047873839749265734,0.054738215480906086,0.06344903022239015,0.08322760132307813,400,1.0,1.0,1.0,1.0,1.0,400,37.333333333333336,37.333333333333336,37.333333333333336,37.333333333333336,37.333333333333336,400,0.9610813522621489,0.9610813522621489,0.9610813522621489,0.9610813522621489,0.9610813522621489,400,1.399942845319601,1.4066673581328064,1.408748925513296,1.41094809109963,1.4182190934336427,400,0.09119151541623002,0.09581456946164428,0.0972092858571654,0.09848866415897269,0.10316396985944062,400,0.07081872298366607,0.07115889502119649,0.07126419499410865,0.07137544389185793,0.07174326112227386,400,4.424948756652601e-06,4.435540424209586e-06,4.43885337449699e-06,4.44230457753789e-06,4.453749926919813e-06,400
brownian_T2_131073,fractional_12/shape_1/2,200,0,200,0,0.0,0.0,0.01827534035513624,200,0.0,0.32520327343638517,0.3307922270239399,0.33322943742783206,0.3354649233460192,0.34085841156690944,200,-0.16720640552198537,-0.15627349172853913,-0.15327701016995637,-0.14889916169989587,-0.1363380503063102,200,0.5033416442296406,0.5308212400060766,0.5403790473548826,0.5526276219141029,0.5896203726492174,200,1.0,1.0,1.0,1.0,1.0,200,28.0,28.0,28.0,28.0,28.0,200,0.9325006370329095,0.9325006370329095,0.9325006370329095,0.9325006370329095,0.9325006370329095,200,2.0815567884474224,2.1022931616586327,2.1079364173818416,2.1133588419012166,2.1361714701311914,200,0.1375321353820647,0.14338071911678146,0.1452349862859493,0.147300298994658,0.1528831721466698,200,0.1840321388502811,0.1858654585729215,0.18636438342886832,0.18684378441739435,0.18886066754508934,200,0.001372951804319659,0.0013798009789669765,0.0013815736365717193,0.0013835044561217769,0.0013906056864780596,200
brownian_T2_131073,fractional_12/shape_2/3,200,0,200,0,0.0,0.0,0.01827534035513624,200,0.0,0.3584549299849265,0.3643712196117141,0.36684192546486777,0.3690677986371435,0.37478165451825507,200,-0.20100766633749512,-0.18989088654783123,-0.18689686125951532,-0.18255450812906743,-0.17000588810326844,200,0.45764138495579526,0.4819395947178051,0.49072513653537964,0.5018929780069712,0.5353660022243442,200,1.0,1.0,1.0,1.0,1.0,200,37.333333333333336,37.333333333333336,37.333333333333336,37.333333333333336,37.333333333333336,200,0.9220202891597142,0.9220202891597142,0.9220202891597142,0.9220202891597142,0.9220202891597142,200,2.1052172648135357,2.1261893426046092,2.1318967436441545,2.137380803353066,2.1604527363755306,200,0.1390954248665738,0.14501048782395629,0.14688583193168087,0.14897462047482476,0.15462095259130074,200,0.21562152887850417,0.21776954065507997,0.21835410670374314,0.21891579758413848,0.2212788816969447,200,0.001372951804319659,0.0013798009789669765,0.0013815736365717193,0.0013835044561217769,0.0013906056864780596,200
brownian_T2_131073,fractional_8/shape_1/2,200,0,200,0,0.0,0.0,0.01827534035513624,200,0.0,0.34669540785784264,0.3523856632556658,0.3548244232380009,0.357070571801993,0.36255326417533396,200,-0.18879901779699534,-0.17787543660146876,-0.17490488536208604,-0.1705100290400835,-0.15795217341336257,200,0.4730223754802357,0.4983502482136955,0.5073795100638019,0.5188829125524242,0.5536152329422048,200,1.0,1.0,1.0,1.0,1.0,200,28.0,28.0,28.0,28.0,28.0,200,0.9325006370329095,0.9325006370329095,0.9325006370329095,0.9325006370329095,0.9325006370329095,200,2.0870913396343176,2.1078474334345363,2.113503164663921,2.11892128213307,2.1417593373777515,200,0.13789514667736452,0.143760238111553,0.14561883341000542,0.147688213740598,0.153286295386925,200,0.18452145304922757,0.1863565162852781,0.18685654411093366,0.1873355643096251,0.18935469546049535,200,0.02198158668532327,0.022091076673322954,0.02211950514680243,0.022150445872750838,0.022263953861587603,200
brownian_T2_131073,fractional_8/shape_2/3,200,0,200,0,0.0,0.0,0.01827534035513624,200,0.0,0.380035211085776,0.38607335454152525,0.38854002887485173,0.3908013067657174,0.39656588918828656,200,-0.22283367755171016,-0.2115640761686273,-0.20855356420882945,-0.2042174000885913,-0.19170875542818214,200,0.4323445786550717,0.4547492075273426,0.46329200549498584,0.47391812965975083,0.505400689776719,200,1.0,1.0,1.0,1.0,1.0,200,37.333333333333336,37.333333333333336,37.333333333333336,37.333333333333336,37.333333333333336,200,0.9220202891597142,0.9220202891597142,0.9220202891597142,0.9220202891597142,0.9220202891597142,200,2.1108147257025736,2.1318067482410994,2.1375267665924245,2.14300647029407,2.166104119353037,200,0.13946256241018007,0.14539432070545727,0.1472740421391068,0.14936694453965982,0.15502865802117075,200,0.21619483458661545,0.21834488915326838,0.21893074749802935,0.21949199222544924,0.22185771023794845,200,0.02198158668532327,0.022091076673322954,0.02211950514680243,0.022150445872750838,0.022263953861587603,200
brownian_T2_131073,recorder_12/shape_1/2,200,0,200,0,0.0,0.0,0.01827534035513624,200,0.0,0.3696502562099259,0.37546023276932283,0.3778924620784763,0.38012080924367225,0.3857223363264076,200,-0.21195749802090977,-0.20094531801773802,-0.1979975992087851,-0.1936035470946149,-0.18106698862277676,200,0.4443104975070969,0.4676464060770043,0.47636551489415163,0.48723562626323935,0.5196411143059593,200,1.0,1.0,1.0,1.0,1.0,200,28.0,28.0,28.0,28.0,28.0,200,0.9325006370329095,0.9325006370329095,0.9325006370329095,0.9325006370329095,0.9325006370329095,200,2.0929856296882132,2.113774290761589,2.119451895377022,2.1248808040592198,2.1477645624315924,200,0.1382818972974719,0.14416496735364237,0.146027735590721,0.1481044401927783,0.15371674404276187,200,0.18504257205575317,0.1868805145910709,0.1873824762606844,0.18786245051935108,0.189885622321136,200,0.04399356797383995,0.04421276349404139,0.04426948383441527,0.04433133477534698,0.04455870607675884,200
brownian_T2_131073,recorder_12/shape_2/3,200,0,200,0,0.0,0.0,0.01827534035513624,200,0.0,0.4030841247657476,0.4092600626826892,0.4117184292438931,0.4139956011718928,0.419830142527054,200,-0.24616900753375817,-0.23472293401432556,-0.23168795318523544,-0.2273684972595154,-0.21491814239535015,200,0.4081327965185462,0.4289554280543519,0.43720930581711787,0.4473062279650436,0.47682031444196654,200,1.0,1.0,1.0,1.0,1.0,200,37.333333333333336,37.333333333333336,37.333333333333336,37.333333333333336,37.333333333333336,200,0.9220202891597142,0.9220202891597142,0.9220202891597142,0.9220202891597142,0.9220202891597142,200,2.116776014510137,2.1378009745049447,2.143543114871007,2.149033732446415,2.1721776041277985,200,0.1398537091168883,0.1458036503921371,0.14768759219704414,0.14978790212201604,0.1554639994670121,200,0.21680540444477542,0.2189588325466922,0.21954695668259938,0.22010931923580665,0.2224797714829527,200,0.04399356797383995,0.04421276349404139,0.04426948383441527,0.04433133477534698,0.04455870607675884,200
brownian_T2_131073,recorder_8/shape_1/2,200,0,200,0,0.0,0.0,0.01827534035513624,200,0.0,1.0735843399772582,1.08269295687014,1.0858553091163345,1.088672679977503,1.0973937758802474,200,-0.9237880194843261,-0.9093016794423622,-0.9054546265390047,-0.9009881490548328,-0.8889738576602053,200,0.15506793697923546,0.16238183041635373,0.16602377238701024,0.1694964429144143,0.18039419923788266,200,1.0,1.0,1.0,1.0,1.0,200,28.0,28.0,28.0,28.0,28.0,200,0.9325006370329095,0.9325006370329095,0.9325006370329095,0.9325006370329095,0.9325006370329095,200,2.2756616451986083,2.2970198169660163,2.3030450438541052,2.308560565731173,2.332728276390964,200,0.15025154677870473,0.15666451310815513,0.1586656540880676,0.1609244295261861,0.16701305991363352,200,0.20119310805727156,0.20308140149903708,0.20361409673820968,0.20410172854030398,0.2062384156143825,200,0.7188278027499498,0.7222988573899713,0.7232347407092634,0.7241733314549406,0.7278725470233169,200
brownian_T2_131073,recorder_8/shape_2/3,200,0,200,0,0.0,0.0,0.01827534035513624,200,0.0,1.1099274330273954,1.1193949800532657,1.1225900349017275,1.1254959948199386,1.134557096139478,200,-0.9609513397435566,-0.9460282281984067,-0.9421449390224175,-0.9377198502759934,-0.9255596719518551,200,0.1500030400401674,0.15705347490610883,0.16059701626163397,0.16394809071559985,0.17447976623423833,200,1.0,1.0,1.0,1.0,1.0,200,37.333333333333336,37.333333333333336,37.333333333333336,37.333333333333336,37.333333333333336,200,0.9220202891597142,0.9220202891597142,0.9220202891597142,0.9220202891597142,0.9220202891597142,200,2.3015284574193076,2.3231294015776163,2.3292231155419056,2.3348013308202504,2.3592437491171627,200,0.15195941427060297,0.1584452750025106,0.16046916239468684,0.16275361270421243,0.1689114508577817,200,0.2357282039438772,0.23794062576013386,0.2385647589284721,0.23913609345381223,0.24163954603837717,200,0.7188278027499498,0.7222988573899713,0.7232347407092634,0.7241733314549406,0.7278725470233169,200
brownian_T2_131073,shape_1/2,200,0,200,0,0.0,0.0,0.01827534035513624,200,0.0,0.3237769894257814,0.3293600551653938,0.33179562491611736,0.3340306310147045,0.33941890376057965,200,-0.16577288976317112,-0.15483923745621372,-0.15184185858678018,-0.14746476306767037,-0.13490281350861552,200,0.5054938415581025,0.533101626827869,0.5427189698879394,0.5550427716150377,0.5921788974366996,200,1.0,1.0,1.0,1.0,1.0,200,28.0,28.0,28.0,28.0,28.0,200,0.9325006370329095,0.9325006370329095,0.9325006370329095,0.9325006370329095,0.9325006370329095,200,2.081189938971351,2.1019250342279427,2.1075679359629262,2.1129896060366695,2.1357997599778398,200,0.13750804777870432,0.14335557323411313,0.14520956328022477,0.14727455653132182,0.15285641973010913,200,0.18399970538793592,0.18583291212556285,0.18633180568512098,0.18681113997249144,0.18882780434628868,200,5.362860920700007e-06,5.389615554376201e-06,5.396540497613037e-06,5.404081913570223e-06,5.431821114899499e-06,200
brownian_T2_131073,shape_2/3,200,0,200,0,0.0,0.0,0.01827534035513624,200,0.0,0.3570227902945882,0.3629318830656541,0.365402579629526,0.36762534605443675,0.3733362323204481,200,-0.19955892371222697,-0.1884529610374568,-0.18545883742975855,-0.1811131906917514,-0.16856475341937902,200,0.4594271265812702,0.4838576873267722,0.49265955002093526,0.503868400335951,0.5374832506187797,200,1.0,1.0,1.0,1.0,1.0,200,37.333333333333336,37.333333333333336,37.333333333333336,37.333333333333336,37.333333333333336,200,0.9220202891597142,0.9220202891597142,0.9220202891597142,0.9220202891597142,0.9220202891597142,200,2.104846245461626,2.125817030771927,2.13152407379956,2.137007370487267,2.1600768010963756,200,0.13907106346613365,0.14498505611504198,0.1468601199497298,0.1489485854040763,0.15459389608747073,200,0.2155835281641649,0.2177314075616818,0.21831593694188467,0.21887754967177198,0.22124037748124897,200,5.362860920700007e-06,5.389615554376201e-06,5.396540497613037e-06,5.404081913570223e-06,5.431821114899499e-06,200
brownian_T2_32769,shape_1/2,200,0,200,0,0.0,0.0,0.01827534035513624,200,0.0,0.5490771859370961,0.5626817377640674,0.5673517911073261,0.5719715383877491,0.5810505220720954,200,-0.41651680058059776,-0.39551936298778184,-0.38858545052771465,-0.3801247261183088,-0.35565223136878116,200,0.2670493835616853,0.3044637228424439,0.31458577172403285,0.3275554690499759,0.3707638360433081,200,1.0,1.0,1.0,1.0,1.0,200,28.0,28.0,28.0,28.0,28.0,200,0.8645740279720692,0.8645740279720692,0.8645740279720692,0.8645740279720692,0.8645740279720692,200,2.224759278762248,2.2580263063116375,2.271269657312026,2.287885874731743,2.3277953667979197,200,0.14488138746000812,0.15450307503079208,0.15700733966564098,0.1592833828609588,0.16559221272738775,200,0.4017252401537797,0.4077322741547419,0.4101236287663885,0.41312402256049696,0.4203304877442807,200,5.342193800067757e-06,5.379373775777526e-06,5.394094509519175e-06,5.413344536638969e-06,5.460529689807112e-06,200
brownian_T2_32769,shape_2/3,200,0,200,0,0.0,0.0,0.01827534035513624,200,0.0,0.6299769626187331,0.6444896307132337,0.649544259289053,0.6545785904399412,0.6652630830606349,200,-0.49917172452244135,-0.478415154977195,-0.4709826915954067,-0.4626915292942201,-0.4378054889864409,200,0.23329983970754653,0.26581827981619977,0.27470285004423056,0.28602410297492753,0.32371245875766513,200,1.0,1.0,1.0,1.0,1.0,200,37.333333333333336,37.333333333333336,37.333333333333336,37.333333333333336,37.333333333333336,200,0.8434709168610952,0.8434709168610952,0.8434709168610952,0.8434709168610952,0.8434709168610952,200,2.2804213547347167,2.3145207023613876,2.328095393662972,2.3451273383774223,2.3860353407995802,200,0.1485062285260862,0.1583686446600279,0.16093556441882248,0.1632685527814057,0.1697352255977101,200,0.47852886728062294,0.48568435289336725,0.488532897369038,0.4921069198604824,0.5006911492710447,200,5.342193800067757e-06,5.379373775777526e-06,5.394094509519175e-06,5.413344536638969e-06,5.460529689807112e-06,200
brownian_T2_524289,shape_1/2,200,0,200,0,0.0,0.0,0.01827534035513624,200,0.0,0.2208993582593176,0.22722158197287795,0.22890425335862932,0.2308915567360434,0.23927950213034394,200,-0.06107400876562006,-0.051774769915269636,-0.049038546087799915,-0.046593615151107215,-0.038232192398071886,200,0.7417048693059165,0.774514199780285,0.7859311083182912,0.7953012457305257,0.8291294358755691,200,1.0,1.0,1.0,1.0,1.0,200,28.0,28.0,28.0,28.0,28.0,200,0.9663037242781736,0.9663037242781736,0.9663037242781736,0.9663037242781736,0.9663037242781736,200,2.0225937831735434,2.031299343366673,2.0346583831382494,2.037673810227748,2.0450107703461,200,0.13215290461650683,0.1382772528201621,0.13989994984874965,0.14180963478956618,0.15068499359225795,200,0.08846239531945273,0.08884315131390336,0.08899006598685401,0.08912195203607823,0.08944284942626712,200,5.382795777305072e-06,5.3934508985996854e-06,5.397693963148068e-06,5.401922641897073e-06,5.410932500496908e-06,200
brownian_T2_524289,shape_2/3,200,0,200,0,0.0,0.0,0.01827534035513624,200,0.0,0.23607311312509827,0.24247807013435296,0.2441618735855053,0.24616861495809467,0.254529206930086,200,-0.07640502695878655,-0.0670574312542487,-0.06430663134017689,-0.0618394742094872,-0.05346106537288039,200,0.6965423346118387,0.7264640527837856,0.7368245981227022,0.7455867678728153,0.7762932312070525,200,1.0,1.0,1.0,1.0,1.0,200,37.333333333333336,37.333333333333336,37.333333333333336,37.333333333333336,37.333333333333336,200,0.9610813522621489,0.9610813522621489,0.9610813522621489,0.9610813522621489,0.9610813522621489,200,2.03358425463381,2.042337119536191,2.045714411826415,2.0487462242947494,2.05612305235468,200,0.13287100369238755,0.13902863068623042,0.14066014520725256,0.14258020708980337,0.1515037932619413,200,0.10287265689048798,0.10331543690604904,0.10348628354306416,0.10363965343816467,0.10401282406053756,200,5.382795777305072e-06,5.3934508985996854e-06,5.397693963148068e-06,5.401922641897073e-06,5.410932500496908e-06,200
brownian_T4_131073,fractional_12/shape_1/2,200,200,0,0,1.0,0.9817246596448638,1.0,200,1.0,0.4996376875884134,0.5078802366932994,0.5116970408807877,0.5147314770042348,0.5248039034059696,200,0.02187987385380614,0.04119036509913021,0.046902904371307695,0.053426295863112774,0.07019456812376906,200,1.0428088197601557,1.080236671796812,1.0915640268641336,1.1043656175082404,1.1389597716739726,200,1.0,1.0,1.0,1.0,1.0,200,28.0,28.0,28.0,28.0,28.0,200,0.9325006370329095,0.9325006370329095,0.9325006370329095,0.9325006370329095,0.9325006370329095,200,3.1996011614037867,3.228142483012534,3.2382284168208537,3.2497858016898524,3.2761294638015035,200,0.212097778403004,0.2207042173118816,0.22342713180446017,0.22600577304735242,0.23624199723622805,200,0.28287935667619934,0.28540271827287683,0.28629442393344245,0.2873162217862621,0.28964528650861937,200,0.0017399566097056533,0.0017475495362715041,0.0017500437948651068,0.001752839802279089,0.0017610895339622947,200
brownian_T4_131073,fractional_12/shape_2/3,200,67,133,0,0.335,0.2699791551573698,0.4049966413494097,200,0.335,0.5509083256283988,0.5592802943393413,0.5633802918338986,0.566610371764325,0.5767205093710756,200,-0.030054867268019116,-0.010474407455351033,-0.00468480060789453,0.0016075831084541108,0.01840372664261296,200,0.9466205042798876,0.9812256243651151,0.991681933591635,1.0028756008923676,1.0330447216082326,200,1.0,1.0,1.0,1.0,1.0,200,37.333333333333336,37.333333333333336,37.333333333333336,37.333333333333336,37.333333333333336,200,0.9220202891597142,0.9220202891597142,0.9220202891597142,0.9220202891597142,0.9220202891597142,200,3.235970136817063,3.2648358796806756,3.2750364574899784,3.2867252119344146,3.3133683151174065,200,0.2145086347875432,0.22321290069087515,0.2259667657942447,0.22857471773407437,0.2389272942328381,200,0.33143601848974885,0.334392518853153,0.3354372871150554,0.3366344780872745,0.33936333022923776,200,0.0017399566097056533,0.0017475495362715041,0.0017500437948651068,0.001752839802279089,0.0017610895339622947,200
brownian_T4_131073,fractional_8/shape_1/2,200,196,4,0,0.98,0.9495863909101037,0.9945244341204436,200,0.98,0.5269083844334088,0.5351772657895701,0.5390640354340897,0.5421736676499416,0.5522390774437245,200,-0.005555846674191299,0.013786874153905306,0.01953680564121396,0.02598514337987692,0.04278874783504012,200,0.9896833581062652,1.025671397314894,1.036247464476379,1.04813589739166,1.080347788663575,200,1.0,1.0,1.0,1.0,1.0,200,28.0,28.0,28.0,28.0,28.0,200,0.9325006370329095,0.9325006370329095,0.9325006370329095,0.9325006370329095,0.9325006370329095,200,3.2066081691200137,3.235183698816321,3.2452707138814665,3.2568516441377753,3.283208033352474,200,0.21255901822503043,0.22118530692657926,0.22391246317159869,0.22649541032537698,0.23675579628162355,200,0.28349885196170604,0.2860252379233946,0.286917039178761,0.2879409186985381,0.2902711086344895,200,0.027853631258893494,0.027975100486134774,0.02801498819531329,0.028059759396899486,0.028191705872033544,200
brownian_T4_131073,fractional_8/shape_2/3,200,0,200,0,0.0,0.0,0.01827534035513624,200,0.0,0.5782908137054943,0.5866706821776245,0.5908884824022698,0.5941428318493922,0.6042685960276583,200,-0.05760305497582323,-0.03804796338077185,-0.0321445754059823,-0.025818004063955617,-0.009114332820957688,200,0.9024635340840282,0.9351331384629116,0.9455351233639553,0.9563340236639417,0.9844052093031732,200,1.0,1.0,1.0,1.0,1.0,200,37.333333333333336,37.333333333333336,37.333333333333336,37.333333333333336,37.333333333333336,200,0.9220202891597142,0.9220202891597142,0.9220202891597142,0.9220202891597142,0.9220202891597142,200,3.2430567912387684,3.271957131023747,3.282158802380221,3.293871369845828,3.3205273447973034,200,0.21497511739418582,0.22369945871725475,0.22645761378788398,0.22906992058268966,0.23944693348890572,200,0.3321618510613229,0.3351218949264853,0.3361667751921779,0.3373664051525803,0.34009657565272267,200,0.027853631258893494,0.027975100486134774,0.02801498819531329,0.028059759396899486,0.028191705872033544,200
brownian_T4_131073,recorder_12/shape_1/2,200,26,174,0,0.13,0.08670835276857532,0.18465233052341257,200,0.13,0.5560293771773871,0.5643255222168553,0.5682960603939011,0.5714425570696285,0.5815298351596793,200,-0.03483114452467815,-0.015418793948113936,-0.009676959201030413,-0.003287038430993232,0.013546515983161327,200,0.9386578338258296,0.9725736721074534,0.9829393284916361,0.9942388151609337,1.0241123132083139,200,1.0,1.0,1.0,1.0,1.0,200,28.0,28.0,28.0,28.0,28.0,200,0.9325006370329095,0.9325006370329095,0.9325006370329095,0.9325006370329095,0.9325006370329095,200,3.214068803771075,3.242679454436503,3.2527962635199605,3.2643610849097366,3.290774498609854,200,0.21305095185718775,0.22169788875499225,0.22443139575011134,0.22702111806928305,0.23730254378871954,200,0.28415845277569074,0.2866879438109962,0.2875823791798997,0.28860483450160607,0.2909400660189722,200,0.05573760269807024,0.055980676831689107,0.05606055855680968,0.05614990393028659,0.05641389867966882,200
brownian_T4_131073,recorder_12/shape_2/3,200,0,200,0,0.0,0.0,0.01827534035513624,200,0.0,0.6075313323570053,0.6159701648231896,0.6202684575546412,0.623510502154352,0.633679507125401,200,-0.08699844160441438,-0.06749772425518721,-0.06147563182034847,-0.05513626797393656,-0.03847703443697506,200,0.8596764517658264,0.8910331181107111,0.9005048348117236,0.9111347916706496,0.9373167311831522,200,1.0,1.0,1.0,1.0,1.0,200,37.333333333333336,37.333333333333336,37.333333333333336,37.333333333333336,37.333333333333336,200,0.9220202891597142,0.9220202891597142,0.9220202891597142,0.9220202891597142,0.9220202891597142,200,3.2506022288463563,3.279538088810731,3.2897698928458263,3.3014661683399007,3.3281798159582414,200,0.21547264269895178,0.22421786692057336,0.2269824449285102,0.2296016039001276,0.23999989572266286,200,0.3329346733349183,0.33589835526419665,0.33694632179292827,0.3381442830895453,0.340880360566042,200,0.05573760269807024,0.055980676831689107,0.05606055855680968,0.05614990393028659,0.05641389867966882,200
brownian_T4_131073,recorder_8/shape_1/2,200,0,200,0,0.0,0.0,0.01827534035513624,200,0.0,1.4447916708091326,1.4552938903265147,1.4606603517295758,1.4644890749093595,1.4756207575615687,200,-0.9287062214034548,-0.9092003369644857,-0.901052515465482,-0.894959009381399,-0.8799061964781212,200,0.36463296656328603,0.3787544431127202,0.3824075145933007,0.38646077594354633,0.3951950609954156,200,1.0,1.0,1.0,1.0,1.0,200,28.0,28.0,28.0,28.0,28.0,200,0.9325006370329095,0.9325006370329095,0.9325006370329095,0.9325006370329095,0.9325006370329095,200,3.443333917346161,3.473469595704205,3.4837293361769066,3.4956105294652446,3.5237090349608624,200,0.22816095233474426,0.23748570187977552,0.24040246711696228,0.2431214662406826,0.2541481348668459,200,0.30442796905751446,0.3070922890389412,0.30799936108891796,0.30904978710903985,0.3115339989708319,200,0.9065867180597891,0.9105248186826534,0.9117786195009076,0.9132559096197072,0.9175168655035582,200
brownian_T4_131073,recorder_8/shape_2/3,200,0,200,0,0.0,0.0,0.01827534035513624,200,0.0,1.4999585337596286,1.5107110664006078,1.5162655084160215,1.5202231117557174,1.5315418827570608,200,-0.9845698088329112,-0.9645170678867121,-0.9565593747230265,-0.9503257458863188,-0.9356165627233364,200,0.35121019324022434,0.3648604286112868,0.3683675409177274,0.3722840630734137,0.3806201231311787,200,1.0,1.0,1.0,1.0,1.0,200,37.333333333333336,37.333333333333336,37.333333333333336,37.333333333333336,37.333333333333336,200,0.9220202891597142,0.9220202891597142,0.9220202891597142,0.9220202891597142,0.9220202891597142,200,3.4824733351243187,3.5129515573464194,3.5233279174320584,3.535344160935966,3.5637620543190014,200,0.23075439434427625,0.2401851357207361,0.2431350550161465,0.24588496024575027,0.2570369659436064,200,0.35668348219851687,0.35980513666281755,0.36086790897770143,0.36209864218466975,0.36500927270303535,200,0.9065867180597891,0.9105248186826534,0.9117786195009076,0.9132559096197072,0.9175168655035582,200
brownian_T4_131073,shape_1/2,200,200,0,0,1.0,0.9817246596448638,1.0,200,1.0,0.4978276575387046,0.5060685055095889,0.5098802803017736,0.5129101124364612,0.5229830423050236,200,0.023699901553074092,0.04301390666005576,0.04871841252228107,0.05524682504201923,0.0720134440414924,200,1.0465355243135364,1.0840557199206076,1.0954675962683944,1.108315069046569,1.1430756260607353,200,1.0,1.0,1.0,1.0,1.0,200,28.0,28.0,28.0,28.0,28.0,200,0.9325006370329095,0.9325006370329095,0.9325006370329095,0.9325006370329095,0.9325006370329095,200,3.199136864642007,3.227676165850504,3.2377611128678163,3.2493175025168233,3.275659697295531,200,0.2120672014525443,0.2206723091751657,0.2233948844389218,0.22597324692637044,0.23620790271917583,200,0.28283830781959074,0.2853614907910289,0.28625310920859426,0.28727481907320007,0.28960375406745126,200,6.7964737336581255e-06,6.826133103061219e-06,6.835876764416325e-06,6.846799126337549e-06,6.879024647590719e-06,200
brownian_T4_131073,shape_2/3,200,82,118,0,0.41,0.34113064567146784,0.4815784147872211,200,0.41,0.5490908683237594,0.5574624487631977,0.5615558358262231,0.5647819688257774,0.5748921556497314,200,-0.028227354599797663,-0.008642822526337378,-0.002862683332293275,0.0034290661348099234,0.020230066150789355,200,0.949702999844244,0.9844543097289873,0.9949074184656505,1.0061539485179025,1.0364434969240772,200,1.0,1.0,1.0,1.0,1.0,200,37.333333333333336,37.333333333333336,37.333333333333336,37.333333333333336,37.333333333333336,200,0.9220202891597142,0.9220202891597142,0.9220202891597142,0.9220202891597142,0.9220202891597142,200,3.235500562523284,3.2643642620213194,3.2745638418230367,3.286251589735092,3.312893208906376,200,0.21447771027740234,0.22318062986325463,0.22593415188188215,0.22854182189773267,0.23889281217290478,200,0.331387923535922,0.3343442146127992,0.33538888065631056,0.3365859685370083,0.3393146686828434,200,6.7964737336581255e-06,6.826133103061219e-06,6.835876764416325e-06,6.846799126337549e-06,6.879024647590719e-06,200
brownian_T4_32769,shape_1/2,200,0,200,0,0.0,0.0,0.01827534035513624,200,0.0,0.8426883455782935,0.8653675791791943,0.871010861806168,0.8777132627620668,0.8938399661508524,200,-0.35106131337544105,-0.32316639184612655,-0.3123792324686445,-0.3004537252049668,-0.2603966270990482,200,0.5996892823807559,0.6289793845528098,0.6410026452225578,0.6541744431678679,0.6958856914256991,200,1.0,1.0,1.0,1.0,1.0,200,28.0,28.0,28.0,28.0,28.0,200,0.8645740279720692,0.8645740279720692,0.8645740279720692,0.8645740279720692,0.8645740279720692,200,3.3717302517298995,3.468845337172391,3.4920755943510686,3.5155478594582816,3.5756249502691557,200,0.22682050024067424,0.2368321004379863,0.2403272471771722,0.24383288783521226,0.2567139426832144,200,0.6088340244449023,0.6263701153803877,0.6305648076929558,0.6348031994269121,0.6456513320604642,200,6.721757728234654e-06,6.812272003884438e-06,6.8370955757334686e-06,6.85851448794624e-06,6.9202732232296344e-06,200
brownian_T4_32769,shape_2/3,200,0,200,0,0.0,0.0,0.01827534035513624,200,0.0,0.9661063269098101,0.9909270451597245,0.9972329712542474,1.0053096359619746,1.0220700757662147,200,-0.4804787322576591,-0.449925556100374,-0.4391563885273002,-0.4266175370594963,-0.38566697966543406,200,0.5233499761090129,0.5489179772339444,0.5597200513393128,0.5709466746216807,0.60726571694589,200,1.0,1.0,1.0,1.0,1.0,200,37.333333333333336,37.333333333333336,37.333333333333336,37.333333333333336,37.333333333333336,200,0.8434709168610952,0.8434709168610952,0.8434709168610952,0.8434709168610952,0.8434709168610952,200,3.4560888190688677,3.555633662784794,3.5794451263673652,3.603504652764425,3.6650848345500586,200,0.23249540630221174,0.2427574904310253,0.24634008354033704,0.24993343311974342,0.26313676384738766,200,0.7252336347300359,0.7461223539169995,0.7511190062561841,0.7561677126674748,0.7690898397891277,200,6.721757728234654e-06,6.812272003884438e-06,6.8370955757334686e-06,6.85851448794624e-06,6.9202732232296344e-06,200
brownian_T4_524289,shape_1/2,200,200,0,0,1.0,0.9817246596448638,1.0,200,1.0,0.34095792174468614,0.3495975806186773,0.35242870127807774,0.35534130628889304,0.3643924125374873,200,0.18981886014907712,0.2023309417039218,0.20620153040914097,0.2090258397301271,0.2228622151776092,200,1.5224135001207506,1.5721714292792233,1.5844865929132035,1.597125234312255,1.6460265041682074,200,1.0,1.0,1.0,1.0,1.0,200,28.0,28.0,28.0,28.0,28.0,200,0.9663037242781736,0.9663037242781736,0.9663037242781736,0.9663037242781736,0.9663037242781736,200,3.1086485061470706,3.1207001467758997,3.125524835321781,3.13147533851171,3.1436200953818547,200,0.2043544183345253,0.21269886656671755,0.21579496723263764,0.21869562223659306,0.22716425477929428,200,0.1359632840503064,0.13649038791388232,0.1367014058201914,0.13696166359904763,0.13749284009738513,200,6.818256566430093e-06,6.831831711533006e-06,6.837166410950748e-06,6.843176490982643e-06,6.855377247365883e-06,200
brownian_T4_524289,shape_2/3,200,200,0,0,1.0,0.9817246596448638,1.0,200,1.0,0.36431954521162774,0.37305393533794506,0.3758968140315514,0.378797715308677,0.3879797324976093,200,0.16634981787845252,0.17892530192223516,0.18271544599368328,0.18558312493582582,0.19944524990104293,200,1.4300457572403282,1.4745535609014822,1.48585297569322,1.4968254496895832,1.5413959064721507,200,1.0,1.0,1.0,1.0,1.0,200,37.333333333333336,37.333333333333336,37.333333333333336,37.333333333333336,37.333333333333336,200,0.9610813522621489,0.9610813522621489,0.9610813522621489,0.9610813522621489,0.9610813522621489,200,3.1255404361881096,3.1376575636257495,3.1425084688060383,3.148491306138407,3.160702055797061,200,0.2054648496139891,0.21385464032716317,0.21696756474004125,0.21988398146852203,0.228398631291135,200,0.1581112993753113,0.15872426689340172,0.15896965899018012,0.15927231198856065,0.15989001556152452,200,6.818256566430093e-06,6.831831711533006e-06,6.837166410950748e-06,6.843176490982643e-06,6.855377247365883e-06,200
cycle_correlated_error_null,baseline/imaginary_coherency,400,400,0,0,1.0,0.9908201954163347,1.0,400,1.0,,,,,,,,,,,,,,,,,,,,,,,,,,,,,,,,,,,,,,,,,,,,,,,,,,,,,,,,,,,,
cycle_correlated_error_null,baseline/independent_windows,400,400,0,0,1.0,0.9908201954163347,1.0,400,1.0,0.01803812731531077,0.018172726091694312,0.018207963350864022,0.01824911264186318,0.018380806311152506,400,,,,,,,,,,,,,,,,,,,,,,,,,,,,,,,,,,,,,,,,,,,,,,,,,,,,,,
cycle_correlated_error_null,baseline/independent_windows_phase_adjusted,400,0,0,400,0.0,0.0,0.00917980458366526,0,,,,,,,,,,,,,,,,,,,,,,,,,,,,,,,,,,,,,,,,,,,,,,,,,,,,,,,,,,,,,
cycle_correlated_error_null,baseline/moving_block,400,400,0,0,1.0,0.9908201954163347,1.0,400,1.0,,,,,,,,,,,,,,,,,,,,,,,,,,,,,,,,,,,,,,,,,,,,,,,,,,,,,,,,,,,,
cycle_correlated_error_null,baseline/moving_block_phase_adjusted,400,0,0,400,0.0,0.0,0.00917980458366526,0,,,,,,,,,,,,,,,,,,,,,,,,,,,,,,,,,,,,,,,,,,,,,,,,,,,,,,,,,,,,,
cycle_correlated_error_null,combined_frequencies,400,0,400,0,0.0,0.0,0.00917980458366526,400,0.0,0.03617268901983652,0.039431409742393134,0.04066882498124741,0.042066629971096114,0.04643652073495175,400,-0.045604831713061324,-0.04074100329856314,-0.039371658743839966,-0.03812740673989034,-0.03479368327272511,400,3.602357378163692e-05,0.02488743098922423,0.03225819008454295,0.03941403248077592,0.06256252851616143,400,,,,,,,,,,,,,,,,,,,,,,,,,,,,,,,,,,,,,,,,,,
cycle_correlated_error_null,common,400,0,400,0,0.0,0.0,0.00917980458366526,400,0.0,0.03254414619741429,0.03555018018299106,0.03669203644291345,0.037982935407801226,0.04202058878419378,400,-0.04118889976230335,-0.03666188837115165,-0.03540387531280667,-0.03424849617098397,-0.031161823446427473,400,3.9922170842924045e-05,0.027609731997561497,0.03574776146959918,0.04367602990297862,0.06919611890464798,400,,,,,,,,,,,,,,,,,,,,,,,,,,,,,,,,,,,,,,,,,,
cycle_correlated_error_null,diagonal,400,0,400,0,0.0,0.0,0.00917980458366526,400,0.0,0.03254414619741429,0.03555018018299106,0.03669203644291345,0.037982935407801226,0.04202058878419378,400,-0.04118889976230335,-0.03666188837115165,-0.03540387531280667,-0.03424849617098397,-0.031161823446427473,400,3.9922170842924045e-05,0.027609731997561497,0.03574776146959918,0.04367602990297862,0.06919611890464798,400,,,,,,,,,,,,,,,,,,,,,,,,,,,,,,,,,,,,,,,,,,
cycle_correlated_error_rotating,baseline/imaginary_coherency,200,195,5,0,0.975,0.9426256488731541,0.9918338338091575,200,0.975,,,,,,,,,,,,,,,,,,,,,,,,,,,,,,,,,,,,,,,,,,,,,,,,,,,,,,,,,,,,
cycle_correlated_error_rotating,baseline/independent_windows,200,200,0,0,1.0,0.9817246596448638,1.0,200,1.0,0.018384495534322726,0.01852320422945956,0.01857277597017146,0.01861791565998137,0.018734578169238188,200,,,,,,,,,,,,,,,,,,,,,,,,,,,,,,,,,,,,,,,,,,,,,,,,,,,,,,
cycle_correlated_error_rotating,baseline/independent_windows_phase_adjusted,200,0,0,200,0.0,0.0,0.01827534035513624,0,,,,,,,,,,,,,,,,,,,,,,,,,,,,,,,,,,,,,,,,,,,,,,,,,,,,,,,,,,,,,
cycle_correlated_error_rotating,baseline/moving_block,200,200,0,0,1.0,0.9817246596448638,1.0,200,1.0,,,,,,,,,,,,,,,,,,,,,,,,,,,,,,,,,,,,,,,,,,,,,,,,,,,,,,,,,,,,
cycle_correlated_error_rotating,baseline/moving_block_phase_adjusted,200,0,0,200,0.0,0.0,0.01827534035513624,0,,,,,,,,,,,,,,,,,,,,,,,,,,,,,,,,,,,,,,,,,,,,,,,,,,,,,,,,,,,,,
cycle_correlated_error_rotating,combined_frequencies,200,0,200,0,0.0,0.0,0.01827534035513624,200,0.0,0.05572430156617837,0.05859167253531249,0.060030143459225596,0.0610133383088085,0.06550450092101597,200,-0.06264623773931108,-0.05871825263467074,-0.05734138365800885,-0.05585540671030147,-0.05291032616177495,200,0.005403944953745803,0.031496315929954694,0.042875997400189075,0.053948314762071445,0.07872903359221296,200,,,,,,,,,,,,,,,,,,,,,,,,,,,,,,,,,,,,,,,,,,
cycle_correlated_error_rotating,common,200,0,200,0,0.0,0.0,0.01827534035513624,200,0.0,0.05060717287850607,0.05326306530276536,0.0545989144526511,0.05550930650719377,0.059666651558830955,200,-0.05696842400089741,-0.053192683856704934,-0.051889554509455926,-0.05056322740053949,-0.047790759929443184,200,0.0059411566188327155,0.0346330898269391,0.04714548863356661,0.059306891408495606,0.0865520071736046,200,,,,,,,,,,,,,,,,,,,,,,,,,,,,,,,,,,,,,,,,,,
cycle_correlated_error_rotating,diagonal,200,0,200,0,0.0,0.0,0.01827534035513624,200,0.0,0.05060717287850607,0.05326306530276536,0.0545989144526511,0.05550930650719377,0.059666651558830955,200,-0.05696842400089741,-0.053192683856704934,-0.051889554509455926,-0.05056322740053949,-0.047790759929443184,200,0.0059411566188327155,0.0346330898269391,0.04714548863356661,0.059306891408495606,0.0865520071736046,200,,,,,,,,,,,,,,,,,,,,,,,,,,,,,,,,,,,,,,,,,,
cycle_identity_null,underestimated_B_1/2,400,0,400,0,0.0,0.0,0.00917980458366526,400,0.0,0.005502550079065604,0.005636755176135654,0.005672349873948386,0.005724412200677657,0.005858218816438592,400,-0.005825649007765184,-0.005648136336916571,-0.005589077533437703,-0.005535270831868663,-0.005343901516505009,400,3.9273773635280825e-05,0.007360447018125989,0.013468122227138874,0.022574763032977754,0.05540641455738729,400,,,,,,,,,,,,,,,,,,,,,,,,,,,,,,,,,,,,,,,,,,
cycle_identity_null,underestimated_B_2/3,400,0,400,0,0.0,0.0,0.00917980458366526,400,0.0,0.005503048116339175,0.00563726456036295,0.005672862267372744,0.0057249289918008955,0.0058587469068062375,400,-0.005826176469469162,-0.005648657280945252,-0.005589589425980147,-0.005535784504924323,-0.005344406482023168,400,3.927022904962627e-05,0.00735978162211119,0.013466905557317024,0.022572724234180126,0.055401409337224296,400,,,,,,,,,,,,,,,,,,,,,,,,,,,,,,,,,,,,,,,,,,
cycle_identity_null,underestimated_K_1/2,400,0,400,0,0.0,0.0,0.00917980458366526,400,0.0,0.0025571645784091767,0.0026219520227900215,0.0026391362560706884,0.0026642822296098754,0.0027289217218148996,400,-0.002701730033745455,-0.002603436620795696,-0.0025583623210460203,-0.002511191449937093,-0.0023194505031129456,400,8.437331829014652e-05,0.01582798525234544,0.028949832292685555,0.048517111158113926,0.11909611485309143,400,,,,,,,,,,,,,,,,,,,,,,,,,,,,,,,,,,,,,,,,,,
cycle_identity_null,underestimated_K_2/3,400,0,400,0,0.0,0.0,0.00917980458366526,400,0.0,0.0034942552309443465,0.0035816616350525005,0.0036048449394887098,0.003638764153569352,0.0037259504780358266,400,-0.0036959748826776106,-0.0035746477361098743,-0.003523240708023609,-0.003473798967257571,-0.0032830288093610304,400,6.177998505979862e-05,0.011585801250164035,0.021193781094705245,0.03552058939619401,0.08718875306339645,400,,,,,,,,,,,,,,,,,,,,,,,,,,,,,,,,,,,,,,,,,,
cycle_identity_rotating,underestimated_B_1/2,200,200,0,0,1.0,0.9817246596448638,1.0,200,1.0,0.007360024292424016,0.007522374783799338,0.007564190320732634,0.007599679109056695,0.007729654325088216,200,0.002752848503621205,0.0032530199448418794,0.003434520213585729,0.0035800017286388265,0.004210587941685863,200,1.3662395095080218,1.4311476377264953,1.4531194561542464,1.4723669492099793,1.5447317259737625,200,,,,,,,,,,,,,,,,,,,,,,,,,,,,,,,,,,,,,,,,,,
cycle_identity_rotating,underestimated_B_2/3,200,200,0,0,1.0,0.9817246596448638,1.0,200,1.0,0.007360678681005114,0.007523042775563876,0.007564861815104674,0.007600353575542619,0.0077303396738562565,200,0.0027521810015011224,0.0032523520523358744,0.003433847581057931,0.003579329506243549,0.004209902592917822,200,1.3661181919091667,1.4310206209853693,1.452990501108678,1.4722362626042838,1.5445947746844253,200,,,,,,,,,,,,,,,,,,,,,,,,,,,,,,,,,,,,,,,,,,
cycle_identity_rotating,underestimated_K_1/2,200,200,0,0,1.0,0.9817246596448638,1.0,200,1.0,0.003456063958610217,0.0035348293042688204,0.003555119564351023,0.003572341983441302,0.003635426401218885,200,0.00673738411300962,0.007246342332455824,0.007452176788963442,0.007607007924213449,0.008304815865555194,200,2.9075322659025296,3.0456473920067837,3.091584694446167,3.1326302430404414,3.2844131469064415,200,,,,,,,,,,,,,,,,,,,,,,,,,,,,,,,,,,,,,,,,,,
cycle_identity_rotating,underestimated_K_2/3,200,200,0,0,1.0,0.9817246596448638,1.0,200,1.0,0.00470596876758697,0.0048120531816499435,0.004839379568387996,0.0048625731349386525,0.004947525784543036,200,0.005461144268055548,0.00596738633240672,0.006165748819358301,0.006316839455671696,0.006992716482231043,200,2.1357911134682017,2.2372263174113067,2.2711330602097526,2.3013294581702732,2.413376460629584,200,,,,,,,,,,,,,,,,,,,,,,,,,,,,,,,,,,,,,,,,,,
phase_boundary_1_2,shape_1/2,400,0,400,0,0.0,0.0,0.00917980458366526,400,0.0,2.024743444692142,2.045330402348006,2.0526243802402786,2.0606705839213477,2.0873847865744497,400,-1.0706732168986304,-1.0576242466672154,-1.0529468410254523,-1.0480787200293358,-1.0369624945605076,400,0.48007583657683744,0.48572049984075244,0.4870628066865517,0.4883041970545248,0.4922888352533053,400,1.0,1.0,1.0,1.0,1.0,400,1.0,1.0,1.0,1.0,1.0,400,0.9820018707968643,0.9820018707968643,0.9820018707968643,0.9820018707968643,0.9820018707968643,400,1.0040920364520967,1.0143013395993026,1.0179185050364201,1.0219087076851714,1.035156580449246,400,2.0081840729041933,2.028602679198605,2.0358370100728402,2.043817415370343,2.070313160898492,400,0.016555583820780984,0.016723915973481406,0.01678355620905127,0.01684934712463977,0.01706777955914812,400,3.7879671678834164e-06,3.8071759190701527e-06,3.8139583871251806e-06,3.821426365039942e-06,3.846116809780119e-06,400
phase_boundary_1_2,shape_2/3,400,0,400,0,0.0,0.0,0.00917980458366526,400,0.0,2.0360405033536804,2.0567423260740605,2.064077000763686,2.072168098290895,2.099031353013253,400,-1.0822523695287949,-1.069115772203483,-1.0643661649682246,-1.0595040700716787,-1.0483312926959132,400,0.47741211503254555,0.4830254586279017,0.48436031763662,0.4855948200928014,0.48955734935326406,400,1.0,1.0,1.0,1.0,1.0,400,1.3333333333333333,1.3333333333333333,1.3333333333333333,1.3333333333333333,1.3333333333333333,400,0.9792148247991821,0.9792148247991821,0.9792148247991821,0.9792148247991821,0.9792148247991821,400,1.0069498880905994,1.0171882490060855,1.0208157096370656,1.024817269220006,1.0381028481439851,400,2.0138997761811988,2.034376498012171,2.041631419274131,2.049634538440012,2.0762056962879702,400,0.02213693920531394,0.022362020885970314,0.022441767531168264,0.02252973842451824,0.022821810608472905,400,3.7879671678834164e-06,3.8071759190701527e-06,3.8139583871251806e-06,3.821426365039942e-06,3.846116809780119e-06,400
phase_boundary_99_100,fractional_12/shape_1/2,400,0,400,0,0.0,0.0,0.00917980458366526,400,0.0,2.4571009998733597,2.6789967345513603,2.742248169943088,2.8237803619348916,3.0478836165681717,400,-0.8422233127774317,-0.7817774463384248,-0.7596971234582205,-0.742738448838034,-0.6827101790280629,400,0.7220371068318061,0.7227349488243515,0.7229388794599043,0.7231376353535446,0.7236809797179516,400,1.0,1.0,1.0,1.0,1.0,400,99.0,99.0,99.0,99.0,99.0,400,0.8195620784316213,0.8195620784316213,0.8195620784316213,0.8195620784316213,0.8195620784316213,400,1.0948619502082633,1.1937556958954474,1.2219455226959712,1.258282781240377,1.3581615590786722,400,2.1897239004165265,2.3875113917908948,2.4438910453919425,2.516565562480754,2.7163231181573444,400,0.2664520904067971,0.29051945822563136,0.29737990147856963,0.30622315198788486,0.3305302430665616,400,0.0009250090500359504,0.0009658845348342548,0.0009772230725756089,0.0009916474662530071,0.0010302553442660498,400
phase_boundary_99_100,fractional_12/shape_2/3,400,0,400,0,0.0,0.0,0.00917980458366526,400,0.0,2.5899436460599166,2.823838434012065,2.8905102195100407,2.9764513121667053,3.2126731367652623,400,-1.007012832974522,-0.9344483965702383,-0.907954432449285,-0.8875801482987382,-0.8155528252146196,400,0.6850024698346122,0.6856640886889361,0.6858574104948085,0.6860457677805731,0.6865608182966664,400,1.0,1.0,1.0,1.0,1.0,400,132.0,132.0,132.0,132.0,132.0,400,0.7913783885273129,0.7913783885273129,0.7913783885273129,0.7913783885273129,0.7913783885273129,400,1.1338537272646456,1.2362694173242428,1.2654631802298208,1.3030945327773418,1.406530335350485,400,2.2677074545292912,2.4725388346484856,2.5309263604596417,2.6061890655546835,2.81306067070097,400,0.3213111824805893,0.3503337148287447,0.3586066359778233,0.3692705991457687,0.3985822107200263,400,0.0009250090500359504,0.0009658845348342548,0.0009772230725756089,0.0009916474662530071,0.0010302553442660498,400
phase_boundary_99_100,fractional_8/shape_1/2,400,0,400,0,0.0,0.0,0.00917980458366526,400,0.0,2.480535014344014,2.7034317939707098,2.766962973324877,2.8489042661549795,3.073946464072476,400,-0.8682796542174267,-0.8068676848510692,-0.7844117496625752,-0.7671683724382087,-0.7061166106713194,400,0.7152859857036273,0.716204755304479,0.7164849288652708,0.7167630500520666,0.7175358567998291,400,1.0,1.0,1.0,1.0,1.0,400,99.0,99.0,99.0,99.0,99.0,400,0.8195620784316213,0.8195620784316213,0.8195620784316213,0.8195620784316213,0.8195620784316213,400,1.0991164741981017,1.1981831781328978,1.2264218980933297,1.2628450142343572,1.3628842332035753,400,2.1982329483962033,2.3963663562657955,2.4528437961866594,2.5256900284687145,2.7257684664071506,400,0.26748749656970444,0.2915969565323203,0.2984692987143077,0.30733344403697627,0.331679581019763,400,0.01481456937810607,0.015468481172594094,0.01564987842390959,0.015880793649288696,0.016498416645562078,400
phase_boundary_99_100,fractional_8/shape_2/3,400,0,400,0,0.0,0.0,0.00917980458366526,400,0.0,2.6138938737618065,2.848810692167981,2.9157681539715026,3.002128764807509,3.239308999459024,400,-1.0336421896039751,-0.9600921835035987,-0.9332122565893937,-0.9125472706354796,-0.8394754700891122,400,0.6787908221168726,0.6796558661955593,0.6799191583833195,0.6801809295514206,0.6809065792190259,400,1.0,1.0,1.0,1.0,1.0,400,132.0,132.0,132.0,132.0,132.0,400,0.7913783885273129,0.7913783885273129,0.7913783885273129,0.7913783885273129,0.7913783885273129,400,1.1382597693987224,1.2408545773404223,1.270098974658484,1.307819242485164,1.411421200046403,400,2.276519538797445,2.4817091546808445,2.540197949316968,2.615638484970328,2.822842400092806,400,0.32255976558625576,0.3516330563145424,0.3599203262306252,0.37060948618789213,0.39996818272065565,400,0.01481456937810607,0.015468481172594094,0.01564987842390959,0.015880793649288696,0.016498416645562078,400
phase_boundary_99_100,recorder_12/shape_1/2,400,0,400,0,0.0,0.0,0.00917980458366526,400,0.0,2.505559591767133,2.7295340247872875,2.7933709519044223,2.8757042755271933,3.101827659504278,400,-0.8961378823974246,-0.8336762999807412,-0.8108312366174822,-0.7932765491026323,-0.7311293809367584,400,0.7081971694709907,0.7093600732056938,0.7097146292136489,0.7100778845465636,0.7110935935942224,400,1.0,1.0,1.0,1.0,1.0,400,99.0,99.0,99.0,99.0,99.0,400,0.8195620784316213,0.8195620784316213,0.8195620784316213,0.8195620784316213,0.8195620784316213,400,1.1036540158705073,1.202909669137279,1.23120381879205,1.2676987458193405,1.367944504320215,400,2.2073080317410145,2.405819338274558,2.4624076375841,2.535397491638681,2.73588900864043,400,0.2685917795925005,0.2927472233839236,0.2996330552647031,0.30851467691007617,0.3329110785768727,400,0.02965978043361761,0.03096746312880584,0.03133025905561951,0.03179210697843627,0.03302757228697518,400
phase_boundary_99_100,recorder_12/shape_2/3,400,0,400,0,0.0,0.0,0.00917980458366526,400,0.0,2.6394690037389066,2.8754864012866213,2.942756336292124,3.0295176909353976,3.2678041716624437,400,-1.0621143945555906,-0.9874897153889456,-0.9602128930615231,-0.9392289256019665,-0.8650387929085324,400,0.672267872180665,0.6733547444940569,0.6736869718794303,0.6740258993639631,0.6749761188978296,400,1.0,1.0,1.0,1.0,1.0,400,132.0,132.0,132.0,132.0,132.0,400,0.7913783885273129,0.7913783885273129,0.7913783885273129,0.7913783885273129,0.7913783885273129,400,1.1429589084425964,1.2457493948479454,1.2750511959012591,1.3128458320453624,1.4166616847170779,400,2.285917816885193,2.491498789695891,2.5501023918025183,2.625691664090725,2.8333233694341557,400,0.3238914064200963,0.35302014846192475,0.36132368543398585,0.3720339198662364,0.4014532299413126,400,0.02965978043361761,0.03096746312880584,0.03133025905561951,0.03179210697843627,0.03302757228697518,400
phase_boundary_99_100,recorder_8/shape_1/2,400,0,400,0,0.0,0.0,0.00917980458366526,400,0.0,3.281939739407387,3.5404863116127716,3.6145591098706187,3.7080861267058585,3.9645127238142717,400,-1.7578488250609206,-1.6644925341769385,-1.6302416719316726,-1.603072801156568,-1.5073567498771807,400,0.5407116310583566,0.5472462448248789,0.5489734240733111,0.5510984489869749,0.5566040652356167,400,1.0,1.0,1.0,1.0,1.0,400,99.0,99.0,99.0,99.0,99.0,400,0.8195620784316213,0.8195620784316213,0.8195620784316213,0.8195620784316213,0.8195620784316213,400,1.2447986628045131,1.350670060164056,1.3810648299943216,1.419480086614737,1.525008735529295,400,2.4895973256090262,2.701340120328112,2.762129659988643,2.838960173229474,3.05001747105859,400,0.302941577042436,0.3287070675094057,0.3361041187606316,0.34545308319224444,0.371135160367125,400,0.48940083675592455,0.5104391237752538,0.5163253311213442,0.5236728702841396,0.543360092388557,400
phase_boundary_99_100,recorder_8/shape_2/3,400,0,400,0,0.0,0.0,0.00917980458366526,400,0.0,3.432974624038261,3.7043668674061467,3.782127547641914,3.8803155944293053,4.149546276077907,400,-1.9428823773245558,-1.8367220019003856,-1.7978101097029682,-1.7669533569499434,-1.658391634508055,400,0.5169228391914931,0.5230362209599948,0.524650042193573,0.5266375765044953,0.5317843812165071,400,1.0,1.0,1.0,1.0,1.0,400,132.0,132.0,132.0,132.0,132.0,400,0.7913783885273129,0.7913783885273129,0.7913783885273129,0.7913783885273129,0.7913783885273129,400,1.2891301987857606,1.3987720385482985,1.4302492700429559,1.4700326252820346,1.5793195101557058,400,2.5782603975715213,2.797544077096597,2.8604985400859118,2.940065250564069,3.1586390203114116,400,0.3653133897108153,0.39638366653429635,0.4053036764346588,0.4165774735810964,0.4475471633779386,400,0.48940083675592455,0.5104391237752538,0.5163253311213442,0.5236728702841396,0.543360092388557,400
phase_boundary_99_100,shape_1/2,400,0,400,0,0.0,0.0,0.00917980458366526,400,0.0,2.455548912657446,2.6773750063349477,2.7406075912160777,2.8221185797366375,3.0461536160629543,400,-0.8404945620321344,-0.7801142698363728,-0.7580574889461749,-0.7411176892039415,-0.6811580573838837,400,0.7224893839336779,0.7231729936976862,0.7233717922325831,0.7235636389550847,0.7240926107311639,400,1.0,1.0,1.0,1.0,1.0,400,99.0,99.0,99.0,99.0,99.0,400,0.8195620784316213,0.8195620784316213,0.8195620784316213,0.8195620784316213,0.8195620784316213,400,1.094580814062071,1.1934616660948996,1.2216481246245285,1.257982336218435,1.3578478477240616,400,2.189161628124142,2.386923332189799,2.443296249249057,2.51596467243687,2.7156956954481233,400,0.2663836714487471,0.29044790139147253,0.29730752492205137,0.30615003390744244,0.3304538964128082,400,3.613084557126998e-06,3.7727536760703755e-06,3.8170449693865604e-06,3.873392324543734e-06,4.024202022764079e-06,400
phase_boundary_99_100,shape_2/3,400,0,400,0,0.0,0.0,0.00917980458366526,400,0.0,2.5883574478133,2.822181030341998,2.8888335566476977,2.974753076138138,3.2109050727886843,400,-1.0052460187578645,-0.932748766237874,-0.9062787538193542,-0.8859237132109914,-0.8139665925397376,400,0.6854184770497269,0.6860670091652623,0.6862556067444504,0.6864376090195088,0.6869394376093579,400,1.0,1.0,1.0,1.0,1.0,400,132.0,132.0,132.0,132.0,132.0,400,0.7913783885273129,0.7913783885273129,0.7913783885273129,0.7913783885273129,0.7913783885273129,400,1.133562578899166,1.2359649161172963,1.2651551907963376,1.302783387881036,1.4062054516620504,400,2.267125157798332,2.4719298322345926,2.5303103815926753,2.605566775762072,2.8124109033241007,400,0.32122867693041113,0.3502474253537286,0.3585193580100534,0.36918242698374215,0.39849014526256077,400,3.613084557126998e-06,3.7727536760703755e-06,3.8170449693865604e-06,3.873392324543734e-06,4.024202022764079e-06,400
phase_boundary_9_10,shape_1/2,400,0,400,0,0.0,0.0,0.00917980458366526,400,0.0,2.112990519971707,2.167442491155485,2.1860624794286703,2.207290059177129,2.273089157315433,400,-0.3959122915123965,-0.3908323814408854,-0.38851572528378975,-0.38681426256141827,-0.3802191879686162,400,0.8190989467134246,0.8214959377652171,0.8222204195274416,0.8230093758026423,0.8259921914464734,400,1.0,1.0,1.0,1.0,1.0,400,9.0,9.0,9.0,9.0,9.0,400,0.945914059656218,0.945914059656218,0.945914059656218,0.945914059656218,0.945914059656218,400,1.0204760173738991,1.0467738070521093,1.0557664023322815,1.0660183440313225,1.0977962731061097,400,2.0409520347477983,2.0935476141042186,2.111532804664563,2.132036688062645,2.1955925462122194,400,0.07203473730204847,0.07389108114437543,0.07452586258719449,0.07524954047335078,0.0774927237857781,400,3.747921860014362e-06,3.7959068913455827e-06,3.8121769124338886e-06,3.830641132925337e-06,3.887317435421735e-06,400
phase_boundary_9_10,shape_2/3,400,0,400,0,0.0,0.0,0.00917980458366526,400,0.0,2.1433685466229493,2.1986033632064355,2.217491047431739,2.2390238119693135,2.305768890963532,400,-0.4282149965593399,-0.4225916821344172,-0.4199756750135525,-0.4181115653037139,-0.41099737893971666,400,0.807489832792037,0.809852850919822,0.8105670645331701,0.8113448388865659,0.8142853786268242,400,1.0,1.0,1.0,1.0,1.0,400,12.0,12.0,12.0,12.0,12.0,400,0.9375224040850462,0.9375224040850462,0.9375224040850462,0.9375224040850462,0.9375224040850462,400,1.0296101812286822,1.0561433594077976,1.0652164463775053,1.0755601520315186,1.1076225217067637,400,2.0592203624573644,2.112286718815595,2.1304328927550107,2.151120304063037,2.2152450434135273,400,0.08414443624372481,0.08631284848394923,0.08705434249981578,0.0878996772651435,0.09051996023256899,400,3.747921860014362e-06,3.7959068913455827e-06,3.8121769124338886e-06,3.830641132925337e-06,3.887317435421735e-06,400
source_199_200_null_16385,two_sided_shape_1/2,400,0,378,22,0.0,0.0,0.00917980458366526,378,0.0,0.0018257921398919707,0.0025190320810639395,0.0032124240585545616,0.00423765011934661,0.17594836778246487,378,-0.17593731691177378,-0.004222371671779075,-0.003162116994546411,-0.0024961603326102057,-0.0017521236942242167,378,6.280746352113247e-05,0.0036413098759528455,0.00879495090602796,0.015799031245960528,0.0656935577131745,378,7.15879372007865,12.760090426037092,18.786458437115158,28.99213678242779,446.711061462213,378,7.276112282126926,12.970546764180746,19.098998486603733,29.449904510577095,455.0309165184492,378,0.0847320463970413,0.7724224213864861,0.8170104642223268,0.8493694190446348,0.8873294596993041,378,0.011045806942562103,0.01176266710520774,0.012225044294002202,0.01293091333992898,0.11547101321864708,378,6.989124712758611e-05,8.432068782745232e-05,9.224587436414375e-05,0.00010284572334221815,0.0010990228309296374,378,0.001745150766292467,0.002425575779388933,0.0031263813659613516,0.004133981528657273,0.17484859215928006,378,7.501747075067994e-07,7.571156766133278e-07,7.593040128962274e-07,7.623388146101221e-07,7.72032295556204e-07,378
source_199_200_null_16385,two_sided_shape_2/3,400,0,376,24,0.0,0.0,0.00917980458366526,376,0.0,0.0021492947561588833,0.002993226248670283,0.0038566993627601044,0.005137900746929099,0.8202169543071374,376,-0.8201815976244414,-0.005109546622453618,-0.003808023297277543,-0.002970752946434504,-0.002090145998906504,376,4.310650067673819e-05,0.002977054278215253,0.007268432430552024,0.013140655168434063,0.05566081841920067,376,7.15879372007865,12.750118840160583,18.74822715233786,28.614269737410645,383.6828344136056,376,9.701483042835902,17.288286074062256,25.407685971996855,38.75365194345173,519.797416825043,376,0.019719001112308312,0.7386335521767956,0.7887350410695998,0.8259546268505189,0.8698199358722147,376,0.011284069655562749,0.01207798280099159,0.012677786268951899,0.013505993878756931,0.49689179372317716,376,7.160828288142748e-05,8.712427426656631e-05,9.606083947974711e-05,0.00010760145306069023,0.003515919657605412,376,0.0020670454498464036,0.0028969176084105825,0.0037619459797359044,0.005043623512347127,0.8167002813154733,376,7.501747075067994e-07,7.571729064143067e-07,7.593224647400934e-07,7.623435405135359e-07,7.72032295556204e-07,376
source_199_200_null_65537,two_sided_shape_1/2,400,0,400,0,0.0,0.0,0.00917980458366526,400,0.0,0.0008533590845033799,0.0010628639009050576,0.0012860330518459492,0.0015873097651211972,0.005052502545934296,400,-0.005039103767977103,-0.0015715235153548753,-0.0012735520229184634,-0.0010479085812882603,-0.0008398289355124425,400,1.4365046067322644e-05,0.004883194291465163,0.011586267058598594,0.020541643388686387,0.061682409980362604,400,6.782401597966305,10.497900445272762,15.246118251628516,22.49109516221121,149.35985133765843,400,6.897464235786942,10.669544981747123,15.498199769102863,22.867036353727535,151.95300301474938,400,0.7412506061963752,0.9001746140236694,0.9178687676798527,0.9318873562487526,0.9452611013204235,400,0.010498423341527525,0.010712531038292871,0.010876176692001284,0.011077770493466437,0.013471177747755162,400,6.528770276321633e-05,7.565911788113488e-05,8.235451883223849e-05,8.87624822359245e-05,0.00011790383193821728,400,0.0007705743093801277,0.0009806437015842508,0.0012075001155321462,0.0015037680839685213,0.004944446170792471,400,7.551850716437288e-07,7.590016551127197e-07,7.603808134085832e-07,7.615584265128402e-07,7.7571576540834e-07,400
source_199_200_null_65537,two_sided_shape_2/3,400,0,400,0,0.0,0.0,0.00917980458366526,400,0.0,0.0009850493979854135,0.0012314372043165946,0.0014998520087348033,0.00186055889978916,0.006225953882833784,400,-0.006212555104876591,-0.0018441077288100449,-0.0014881113992062337,-0.0012185571007450292,-0.000972419999088641,400,1.2383701460283042e-05,0.004172108929660241,0.009860452068015928,0.017575945814284153,0.05334797534922745,400,6.782401597966305,10.497900445272762,15.246118251628516,22.49109516221121,149.35985133765843,400,9.196618981049257,14.226059975662832,20.664266358803815,30.489381804970044,202.60400401966587,400,0.7008077543093255,0.8846692439277322,0.9051207780669634,0.921321211396382,0.9367741636672381,400,0.0105935364091291,0.010835072325481102,0.011024775886526863,0.011269628838833796,0.014248584737113486,400,6.594289220467513e-05,7.6738107445406e-05,8.347499484512237e-05,9.07927354755408e-05,0.0001189891349647053,400,0.0009003030097411666,0.0011493177749499544,0.0014196516021797387,0.0017755122774237835,0.006111705578721052,400,7.551850716437288e-07,7.590016551127197e-07,7.603808134085832e-07,7.615584265128402e-07,7.7571576540834e-07,400
source_199_200_strong_131073,two_sided_shape_1/2,200,200,0,0,1.0,0.9817246596448638,1.0,200,1.0,0.0006012647902465812,0.000745663463090678,0.0008556502308733592,0.001054105907293513,0.0016541673410933261,200,0.007293962558048043,0.007898337250982488,0.008092201114114302,0.00823108472587105,0.008439028368224166,200,5.409446600019971,8.47367118997279,10.49971716644006,12.033968268442125,15.035460757253533,200,6.511941581126344,10.197842312302898,13.655618349288815,20.70276389020951,48.45906377015657,200,6.620697390822604,10.368602856292059,13.876893426949982,21.056502928619473,49.28230089035194,200,0.8963607078799335,0.9323409375443256,0.9450984223879477,0.9525557300020274,0.9621006656218232,200,0.010334412504951169,0.010463400327365787,0.010555868889641062,0.010689391206311013,0.011111098463557144,200,5.9881931042504735e-05,7.29779030172196e-05,7.81765909000659e-05,8.568191062508794e-05,0.00011072861159913654,200,0.0005270402139039827,0.0006663539611472668,0.0007772272127575762,0.0009714383346196154,0.0015657444115632834,200,7.559208155884943e-07,7.589139100554951e-07,7.59955746967133e-07,7.609816304697333e-07,7.645294051216573e-07,200
source_199_200_strong_131073,two_sided_shape_2/3,200,200,0,0,1.0,0.9817246596448638,1.0,200,1.0,0.0006881547266395137,0.000857680378285614,0.0009872552166992176,0.0012225132718872774,0.0019404437569424953,200,0.007007686142198873,0.007728029516017079,0.007952962359414017,0.008119676878246043,0.008352138431831234,200,4.611383281338025,7.3044431206380755,9.100461187922598,10.463626767380417,13.13700656045404,200,6.511941581126344,10.197842312302898,13.655618349288815,20.70276389020951,48.45906377015657,200,8.827596521096806,13.824803808389412,18.50252456926664,28.075337238159292,65.70973452046925,200,0.8802604887117265,0.9218453470891648,0.9365862065095606,0.9452019449355271,0.9562285951052015,200,0.010400423637626879,0.010548744140925125,0.01064503089883418,0.010814647611598116,0.011314323671046131,200,6.0324502503887846e-05,7.375669923369394e-05,7.905791276084117e-05,8.638624811129969e-05,0.00011225271806092005,200,0.000613479026812361,0.0007772714056732644,0.0009080898314147475,0.0011382651300835065,0.00185041743773971,200,7.559208155884943e-07,7.589139100554951e-07,7.59955746967133e-07,7.609816304697333e-07,7.645294051216573e-07,200
source_199_200_strong_16385,two_sided_shape_1/2,200,174,11,15,0.87,0.8153476694765874,0.9132916472314246,185,0.9405405405405406,0.0017548763347068426,0.002443288608129011,0.002958621600713618,0.004556351463156711,0.528367349911117,185,-0.5193972547134051,0.004440835801053415,0.006002132889944602,0.0064888668909727516,0.007239479237187053,185,0.016977005106808298,1.9693707713759314,3.0278139669437207,3.6418133902667615,5.111240622662717,185,6.724052762596338,11.992893979282846,16.710163075974958,32.33801667764407,500.2774998812858,185,6.836335933741202,12.20814746070559,16.98655908604232,32.84482513206175,508.5235269693757,185,0.030750103470139144,0.759555387442608,0.8274892522877189,0.853886350069826,0.8908007042393092,185,0.011026243852731151,0.01165349876820057,0.012005010885852022,0.013130144647730699,0.3244083700494633,185,7.164200105801516e-05,8.39180891311866e-05,9.027841526025165e-05,0.00010149106173669256,0.002347869467720382,185,0.0016740679149972353,0.0023613475683268953,0.0028776444935313143,0.004468498228079555,0.5260187203165734,185,7.501645602511311e-07,7.568855462198772e-07,7.594526550803857e-07,7.620204591869144e-07,7.696168087365404e-07,185
source_199_200_strong_16385,two_sided_shape_2/3,200,171,13,16,0.855,0.7984385038268202,0.9006913774447924,184,0.9293478260869565,0.0020635066984910104,0.0029034423130320833,0.003540584459282169,0.005569702348898739,0.243355110879397,184,-0.23429506662075247,0.003453540440626704,0.005419138749480795,0.006014169405135096,0.006908809751767711,184,0.03722972665708494,1.6207635788525665,2.5304182068279455,3.0674077588817776,4.346773003577989,184,6.724052762596338,11.983959989924335,16.618189681032106,32.31926025443583,350.6587589411604,184,9.115114578321602,16.257421181410546,22.536726783223287,43.768492288023,474.9011924540703,184,0.06434875547703478,0.7220792444170875,0.8011142461072447,0.831254424323068,0.8738329786404004,184,0.011248824084757468,0.011987839317122004,0.012400660845132588,0.01377408012877092,0.15589217456377077,184,7.364425910373852e-05,8.623879622257904e-05,9.370889429768711e-05,0.00010639562956353599,0.0010204623886343712,184,0.0019811439725548052,0.0028164261819198936,0.0034486085513058106,0.005471222774672921,0.24233388624256605,184,7.501645602511311e-07,7.568830942169847e-07,7.594460712163084e-07,7.62022846258194e-07,7.696168087365404e-07,184
source_199_200_strong_2049,two_sided_shape_1/2,200,0,2,198,0.0,0.0,0.01827534035513624,2,0.0,0.015001865181758124,0.02103358054734847,0.02706529591293881,0.033097011278529154,0.039128726644119496,2,-0.030096426995572592,-0.024103226030901224,-0.01811002506622985,-0.012116824101558482,-0.006123623136887113,2,0.2308355119934457,0.3210789375470906,0.41132236310073556,0.5015657886543804,0.5918092142080253,2,16.719585343063933,21.127421441620086,25.535257540176243,29.9430936387324,34.35092973728855,2,17.016152405586514,21.491233314719683,25.966314223852848,30.441395132986017,34.916476042119186,2,0.2875973620319474,0.34226487429843555,0.39693238656492374,0.45159989883141194,0.5062674110979001,2,0.01994428268737071,0.023569990242980995,0.027195697798591278,0.03082140535420156,0.034447112909811846,2,0.00017145291478705708,0.00019044349103719899,0.0002094340672873409,0.0002284246435374828,0.0002474152197876247,2,0.014829656924435233,0.02084238113346938,0.02685510534250353,0.03286782955153768,0.038880553760571826,2,7.553425358339601e-07,7.559228418860513e-07,7.565031479381426e-07,7.57083453990234e-07,7.576637600423252e-07,2
source_199_200_strong_2049,two_sided_shape_2/3,200,0,2,198,0.0,0.0,0.01827534035513624,2,0.0,0.02087169447444478,0.03480543195185676,0.04873916942926873,0.06267290690668072,0.07660664438409269,2,-0.06757434473554579,-0.05367912165905278,-0.039783898582559776,-0.02588867550606677,-0.011993452429573769,2,0.11790491178885855,0.19477177514816787,0.27163863850747716,0.3485055018667865,0.42537236522609584,2,16.719585343063933,21.127421441620086,25.535257540176243,29.9430936387324,34.35092973728855,2,22.688203207448684,28.654977752959574,34.62175229847046,40.588526843981356,46.55530138949224,2,0.17434276905498725,0.2378577050818364,0.30137264110868556,0.36488757713553466,0.4284025131623838,2,0.023569283680911948,0.03188302770989031,0.04019677173886867,0.04851051576784703,0.05682425979682539,2,0.00020261557910499644,0.000253996263857298,0.0003053769486095995,0.00035675763336190104,0.00040813831811420257,2,0.02066832355280395,0.03455067976515757,0.048433035977511196,0.062315392189864816,0.07619774840221843,2,7.553425358339601e-07,7.559228418860513e-07,7.565031479381426e-07,7.57083453990234e-07,7.576637600423252e-07,2
source_199_200_strong_262145,two_sided_shape_1/2,200,200,0,0,1.0,0.9817246596448638,1.0,200,1.0,0.0004495541937077716,0.0005207304092197179,0.0005916139752070889,0.0007188175690171005,0.0011914069491469742,200,0.007748674761726493,0.00824505745353684,0.00837214711985078,0.008445492716421206,0.008585350526520713,200,7.566166170369777,12.508483105903307,15.20438376566635,17.150043330190208,19.941249615901217,200,6.749538437839492,9.30785857257698,12.553092633346811,18.903934119426214,53.14329693243961,200,6.866362511796315,9.48035170963543,12.760841870308958,19.209829060335917,53.93324877552645,200,0.923408256086513,0.9543409683491605,0.9627960622031404,0.9679382157132882,0.97271863850458,200,0.010216745669376604,0.010310445994011945,0.010362992734486733,0.010453504449239166,0.011201342322073166,200,6.375525405039434e-05,7.208405941811559e-05,7.6702126473219e-05,8.331448548035302e-05,0.00010478532289678726,200,0.0003725595802205864,0.0004410374770924164,0.0005150686549929664,0.0006385983925450244,0.0011215662052834069,200,7.575196684366058e-07,7.592956767682653e-07,7.599993551192741e-07,7.607222307175801e-07,7.716287960612838e-07,200
source_199_200_strong_262145,two_sided_shape_2/3,200,200,0,0,1.0,0.9817246596448638,1.0,200,1.0,0.0005110447636329609,0.0005944711345007646,0.0006774939285467911,0.0008241793936895404,0.0013876904112629688,200,0.007597938769554929,0.008138015023642548,0.008285995712638952,0.008371146706890112,0.00852131694780406,200,6.4959611168424125,10.915997348704487,13.29166873854281,15.03905102636945,17.541853533285447,200,6.749538437839492,9.30785857257698,12.553092633346811,18.903934119426214,53.14329693243961,200,9.15515001572842,12.640468946180574,17.01445582707861,25.613105413781224,71.91099836736859,200,0.911522720332119,0.9472644014164217,0.9570318973752225,0.9629717802263422,0.9684935182478764,200,0.010263471858587794,0.010364058684116387,0.0104249829902917,0.010530677206150054,0.011310856023839798,200,6.409476353020767e-05,7.247865327538053e-05,7.722764169070689e-05,8.394708953199223e-05,0.00010580979195337753,200,0.0004326776225092753,0.0005127200735030766,0.0005994531772731643,0.0007445946657768695,0.0013169489331529658,200,7.575196684366058e-07,7.592956767682653e-07,7.599993551192741e-07,7.607222307175801e-07,7.716287960612838e-07,200
source_199_200_strong_32769,two_sided_shape_1/2,200,197,2,1,0.985,0.9567917180822874,0.9968958923784464,199,0.9899497487437185,0.0011379901701970409,0.001499312807278864,0.0017768900671961882,0.002313452386446578,0.011823231186298919,199,-0.0028740588358404486,0.006670022271888955,0.007154098273337306,0.00747351514762983,0.00789863026556997,199,0.7569142656052447,3.8522124448154687,5.023682780110311,5.966315690181543,7.706401287334215,199,6.3420050338096186,10.022217976867399,13.85307931590069,22.233046618088917,216.7347781625536,199,6.44627018611102,10.195983406768407,14.106412441862568,22.608225176436314,220.36972788219214,199,0.5565514452655937,0.8594284178018263,0.8890754830423062,0.9057500352665939,0.9251094416045703,199,0.010526742576336762,0.011032085897411305,0.011211567975720847,0.011593624448187439,0.01772909557580972,199,6.52085881518713e-05,7.779297918726158e-05,8.470989084611823e-05,9.35188392258119e-05,0.0001504780719602777,199,0.0010632363538579377,0.0014109760317865198,0.0016861324680300252,0.0022277683237507907,0.011690390839039144,199,7.502155908070754e-07,7.582253808648205e-07,7.59910142780867e-07,7.620601195877654e-07,7.690181944749104e-07,199
source_199_200_strong_32769,two_sided_shape_2/3,200,197,2,1,0.985,0.9567917180822874,0.9968958923784464,199,0.9899497487437185,0.0013236589141443367,0.00175650252315735,0.00209166089771858,0.0027462534828861717,0.015887226138223524,199,-0.006938053787765053,0.006224575952623986,0.006850885781484485,0.0072262626088043175,0.007681933373943769,199,0.5632935713634368,3.2477519216157837,4.272456317583245,5.10307739003092,6.625429571672771,199,6.3420050338096186,10.022217976867399,13.85307931590069,22.233046618088917,216.7347781625536,199,8.595026914814694,13.594644542357877,18.808549922483426,30.144300235248416,293.82630384292287,199,0.4867483826945584,0.8375586709656568,0.8718385002845613,0.8911139321855166,0.913488690444354,199,0.010660656282425185,0.011214874374235056,0.011432001813697355,0.011906112728871602,0.020271569699617315,199,6.624238367598692e-05,7.926492787860646e-05,8.689179552856915e-05,9.590110768552116e-05,0.0001681722698816329,199,0.001247963687039293,0.0016639601128714803,0.0019962745975811605,0.002658331645915628,0.015735443983429392,199,7.502155908070754e-07,7.582253808648205e-07,7.59910142780867e-07,7.620601195877654e-07,7.690181944749104e-07,199
source_199_200_strong_4097,two_sided_shape_1/2,200,3,11,186,0.015,0.00310410762155351,0.0432082819177126,14,0.21428571428571427,0.004748672024801686,0.009574424552012333,0.0162169003311709,0.023974123166607283,0.06055258897759738,14,-0.05179805358224944,-0.015000787583885082,-0.007205067316501867,-0.0007124232790521991,0.0035992187232410625,14,0.14457739203499376,0.3771955721517073,0.5610242982310853,0.9258854427821953,1.7579421582376757,14,8.922546815424514,21.540832968808566,36.675640066681495,49.790082165076214,83.9538863257401,14,9.075401229543125,21.907360581080912,37.275081180038626,50.59931946293409,85.58192877472662,14,0.20932614415908374,0.39588969516510397,0.4833112459790557,0.6052141588230184,0.7471108345509416,14,0.012994700761529202,0.016287906774813222,0.02048145016749211,0.025244676277644776,0.04716742890119706,14,9.254551051632977e-05,0.0001228572217883944,0.00015486236632380974,0.00019012753229944856,0.0004531301801955528,14,0.004655376568124787,0.00945081169677124,0.016069187103919084,0.023793932571889262,0.06009870249483174,14,7.452209313717488e-07,7.541905829231025e-07,7.576976418623274e-07,7.611011804620742e-07,7.656445860694717e-07,14
source_199_200_strong_4097,two_sided_shape_2/3,200,1,13,186,0.005,0.00012658102786701836,0.02754189845720562,14,0.07142857142857142,0.005841315258397214,0.012512120787827083,0.023066464895099434,0.03754037440202463,0.18104163694593534,14,-0.1722871015505874,-0.028512510216907115,-0.014054631880430404,-0.0036501195148669493,0.0025065754896455342,14,0.04835647502437418,0.2420494649278054,0.3960069342430236,0.7085785033294754,1.4291114892390364,14,8.922546815424514,21.540832968808566,36.675640066681495,49.790082165076214,83.9538863257401,14,12.100534972724166,29.209814108107878,49.700108240051506,67.46575928391213,114.10923836630216,14,0.0832761147909394,0.30022679242234646,0.4017535945269126,0.5431851633059861,0.7075929524434458,14,0.013720433050047635,0.018149040837120857,0.0246929796652178,0.03355943931616391,0.11856191954406056,14,9.77140223867962e-05,0.0001368912260149981,0.00018276851004150624,0.00024362289610115832,0.0011390059882184366,14,0.005742851289849849,0.012374473928359385,0.02288830737416215,0.03729119535573111,0.17990187465514682,14,7.452209313717488e-07,7.541905829231025e-07,7.576976418623274e-07,7.611011804620742e-07,7.656445860694717e-07,14
source_199_200_strong_524289,two_sided_shape_1/2,200,200,0,0,1.0,0.9817246596448638,1.0,200,1.0,0.00034791160952606727,0.0003846449455927754,0.00042690883614199894,0.0005013689008272902,0.0008544781482355094,200,0.008141029872776826,0.008476441943295691,0.008554135421503257,0.008588529626785371,0.008679204336389596,200,10.562828421225035,17.95106046311933,21.058561131330656,23.329335513939675,25.734123387696002,200,7.17854108739921,9.329854167630698,12.006995705380888,16.74082350671558,55.04146611275136,200,7.305561641055396,9.47227285586275,12.214343766520244,17.053850078390532,55.899702767563966,200,0.9449044513023686,0.9695949162242484,0.9742730688648255,0.9773460414401536,0.9801069385553043,200,0.010142906727984975,0.010202586584945205,0.010240370971741127,0.010294033761503781,0.01058552887482497,200,6.026764108579943e-05,7.075405822424078e-05,7.508670457676171e-05,8.043857276220255e-05,0.00010563871186207952,200,0.00026855093481585216,0.00030774485817060433,0.00035090159753016124,0.00041639560200963416,0.000782099907462457,200,7.577853938076924e-07,7.59576561663963e-07,7.600163171492435e-07,7.605618263513539e-07,7.624455977707366e-07,200
source_199_200_strong_524289,two_sided_shape_2/3,200,200,0,0,1.0,0.9817246596448638,1.0,200,1.0,0.0003909954605092279,0.00043413718031933837,0.00048415847178049764,0.0005688661019939723,0.0009868737280455055,200,0.008018847240898656,0.008409365188690373,0.00849773129101607,0.008538481491647956,0.008635098696714805,200,9.145755746657787,15.778750273429566,18.548913752349776,20.689762196927667,22.89847630429055,200,7.17854108739921,9.329854167630698,12.006995705380888,16.74082350671558,55.04146611275136,200,9.740748854740529,12.629697141150332,16.285791688693656,22.738466771187376,74.53293702341861,200,0.936362094388353,0.9648854228918501,0.9702889371570211,0.9738382345089148,0.9770269821252379,200,0.010176081094240936,0.010239791529192742,0.010282457864420759,0.010346855654757656,0.01068209981283527,200,6.0476826717387685e-05,7.1024076707617e-05,7.541017982277046e-05,8.072917574591617e-05,0.00010630965333652735,200,0.00031138700629115444,0.00035704195249776393,0.0004073793865779355,0.0004839014317604311,0.0009138421299507347,200,7.577853938076924e-07,7.59576561663963e-07,7.600163171492435e-07,7.605618263513539e-07,7.624455977707366e-07,200
source_199_200_strong_65537,two_sided_shape_1/2,200,200,0,0,1.0,0.9817246596448638,1.0,200,1.0,0.000829448994229965,0.0010562425521714936,0.0012458044992317366,0.0014958946497760184,0.003766956151678008,200,0.0051714421338974826,0.007442054005023095,0.00773209825768899,0.007906856757304355,0.008156827617206635,200,2.372843729968516,5.964195295371617,7.198575628746895,8.496397426430267,10.768872827856088,200,6.4967020938854265,10.376706706947882,14.327124551572362,20.369027595907042,98.14625670508438,200,6.6232279074112,10.564879226703258,14.558933274344762,20.710550094558744,99.7711169563262,200,0.790690831033156,0.9050142216974213,0.9204035395385588,0.9322250550002431,0.9463623912616316,200,0.01045806494006857,0.01069914934595128,0.010845540799999007,0.011025171473452198,0.012540539175425953,200,6.650856481155398e-05,7.726182101700477e-05,8.349263276117433e-05,8.935474155952483e-05,0.00011687133195993607,200,0.0007522567652388586,0.0009767761878050661,0.0011661730342288046,0.0014092917636550654,0.0036745311393070637,200,7.543591182607829e-07,7.582140851064341e-07,7.599077522359977e-07,7.612696491222852e-07,7.65115793805027e-07,200
source_199_200_strong_65537,two_sided_shape_2/3,200,200,0,0,1.0,0.9817246596448638,1.0,200,1.0,0.0009576096355506563,0.0012242829566513212,0.001451117487608203,0.0017504362727000372,0.0045660457010357515,200,0.004372352584539739,0.007185789188304143,0.007532586150465516,0.007730305286724006,0.008015443795056088,200,1.95757968071759,5.102084333483778,6.183055088639712,7.323954274045681,9.327632476170011,200,6.4967020938854265,10.376706706947882,14.327124551572362,20.369027595907042,98.14625670508438,200,8.830970543214933,14.086505635604345,19.411911032459685,27.614066792744993,133.02815594176826,200,0.7580386417636079,0.8902634194921815,0.9080502406744795,0.9217114376160944,0.9380465712467456,200,0.010550818473822672,0.010822540379320582,0.010989276257121278,0.011209478326982734,0.013080717520088605,200,6.740162987920313e-05,7.840091020880512e-05,8.478659768765444e-05,9.048394805568735e-05,0.00011864968366341984,200,0.0008786892063145012,0.0011446578155527034,0.001370356277842363,0.0016621673867598188,0.0044696721636524805,200,7.543591182607829e-07,7.582606783528132e-07,7.599254171196363e-07,7.613338235369565e-07,7.693645680923149e-07,200
source_199_200_strong_8193,two_sided_shape_1/2,200,82,27,91,0.41,0.34113064567146784,0.4815784147872211,109,0.7522935779816514,0.0027932901917245355,0.004407015615862991,0.005628381294419908,0.008750870648573373,0.18441690907471792,109,-0.17533244851040403,7.644099256603101e-05,0.0032419211170132876,0.004441673193464463,0.006490060037502684,109,0.04926045344699515,1.0083478351497568,1.580529117249263,2.008944835822106,3.2670639142211155,109,7.611239999549265,15.532887361271825,21.73877566052002,38.90787367811238,224.73499647349877,109,7.723428258837139,15.811889448193073,22.082305189627803,39.53717909452864,228.43939983232158,109,0.08281902512969624,0.6252063888355097,0.7208123242279492,0.7641040375261582,0.8355392037764271,109,0.011812304902532893,0.012932718501119368,0.013814170327672366,0.015766852346528193,0.12087913481333841,109,7.76835156266081e-05,9.422189508313625e-05,0.00010442338969318328,0.0001220128712144929,0.0009117227162185246,109,0.0026958313820960953,0.0043174659218356524,0.0055356524417067825,0.008638577584378733,0.183504424861579,109,7.49030605973209e-07,7.558738890219471e-07,7.59881174110656e-07,7.626430236158994e-07,7.738530856591267e-07,109
source_199_200_strong_8193,two_sided_shape_2/3,200,70,38,92,0.35,0.2840706703229421,0.42045062247799353,108,0.6481481481481481,0.0033377400399350215,0.005359059497725202,0.006983073702943973,0.010984467082564602,0.09475743544426096,108,-0.0857091981326284,-0.002139223085266898,0.001934378101182449,0.0034563934844146276,0.005928944342877795,108,0.09548841491130258,0.8067136722549231,1.2793127175175703,1.6445692504341916,2.731647045580686,108,7.611239999549265,15.473967594907728,21.721747751824633,37.55659729765742,146.04505887891787,108,10.297904345116185,20.98705475814442,29.423232859036744,50.891975407264006,198.12041168362467,108,0.14763467919183773,0.5740651811426686,0.677250348561514,0.7278921248285268,0.8099286148268532,108,0.012187309344721179,0.013582491166599747,0.014726036668358092,0.017222193871396098,0.0676823579482868,108,8.013993036545045e-05,9.934356550613491e-05,0.00011253287275932156,0.00013141493961635602,0.0005620277036642671,108,0.0032372112087676727,0.005264309282619283,0.006882845870029765,0.010862463651094032,0.09419464695943165,108,7.49030605973209e-07,7.558624056892933e-07,7.598516603088123e-07,7.62708141280083e-07,7.738530856591267e-07,108
source_199_200_weak_16385,two_sided_shape_1/2,200,127,54,19,0.635,0.5641659702100028,0.7017665736329881,181,0.7016574585635359,0.0015789256267591495,0.002570995567837588,0.0031653025302459227,0.0041286672774076055,0.036549470758990774,181,-0.03273950887403918,-0.000173084767611622,0.0007829869153535407,0.001441332734454651,0.0023341983840997694,181,0.10424123265900864,0.9585932554609573,1.2439245636291791,1.5802565281518797,2.388733818968492,181,5.635698838484969,13.204098996920937,18.862303408417795,28.05608489106444,266.1879921305314,181,5.734710420826074,13.416534538217157,19.13839708334701,28.51103487327502,270.7237130791479,181,0.29892086469731977,0.7761069242286486,0.8168206160332221,0.8467878899763055,0.9000174316480078,181,0.010975012357102819,0.01174743655880503,0.012196836023299292,0.01288515083286626,0.03277083199094877,181,7.033363666082504e-05,8.489135679623306e-05,9.212910620858656e-05,0.00010200211530045379,0.0002556111989224535,181,0.001490541140262752,0.002486246747853265,0.0030860784940395006,0.0040337850097363175,0.03629310631193338,181,7.518428524932563e-07,7.578191222466798e-07,7.60037190607767e-07,7.622562246754699e-07,7.707509014002991e-07,181
source_199_200_weak_16385,two_sided_shape_2/3,200,94,87,19,0.47,0.3992329411971144,0.5416694995885251,181,0.5193370165745856,0.00184989373391427,0.0030644946872849573,0.003807472805373498,0.005028285368688678,0.06911918213119878,181,-0.06530922024624719,-0.0010701784838827895,0.00013922931034921718,0.0009702773478659924,0.002018727966403903,181,0.05512162857656071,0.7866306449326895,1.0361286162965517,1.3281668117025993,2.0388376765269873,181,5.635698838484969,13.204098996920937,18.862303408417795,28.05608489106444,266.1879921305314,181,7.646280561101433,17.888712717622873,25.51786277779601,38.01471316436669,360.9649507721972,181,0.1875118767134025,0.741159692459814,0.7882740030562371,0.8229396151959351,0.8844875496326993,181,0.011167712239755932,0.012068419779247887,0.01263420059475431,0.013455099014742499,0.05224141322289282,181,7.272253334993286e-05,8.765770023251331e-05,9.595966962776236e-05,0.00010692934927263056,0.00040748096572571467,181,0.0017599706686715,0.002977279479212106,0.0037253980074421883,0.00492896499693859,0.06871094791733812,181,7.518428524932563e-07,7.578191222466798e-07,7.60037190607767e-07,7.622562246754699e-07,7.707509014002991e-07,181
source_199_200_weak_65537,two_sided_shape_1/2,200,200,0,0,1.0,0.9817246596448638,1.0,200,1.0,0.0008689821022643426,0.00104168325677695,0.0012513318059812067,0.0015007402663527174,0.0034923871150992552,200,0.0005033607037932788,0.0025106965056488784,0.0027532371001751234,0.0029387859029547008,0.00320300297602443,200,1.1452631639137905,2.6618234289095355,3.193354959491146,3.813361255099345,4.579115892511864,200,7.1173659581060225,10.0415820089084,14.402809143676436,20.12364955420043,87.78981767874772,200,7.227802979937816,10.204680640291256,14.642554085234623,20.452527665487192,89.11803055578213,200,0.8022596984546551,0.9056097225288982,0.920174720798802,0.9333911944385135,0.9439630820309868,200,0.010482757278563253,0.010690464225330116,0.010825377249439796,0.011023217544558749,0.012386732587315121,200,6.283526044681084e-05,7.511105440016771e-05,8.069803184658072e-05,8.757385764542893e-05,0.00011317988838797725,200,0.0007952003143492209,0.0009607569767088395,0.0011690886381783838,0.001415796118060462,0.0034111247024501768,200,7.560245221239755e-07,7.586568099428618e-07,7.598191247392239e-07,7.611427925503627e-07,7.698774262485469e-07,200
source_199_200_weak_65537,two_sided_shape_2/3,200,198,2,0,0.99,0.9643453316027603,0.998786650986264,200,0.99,0.0010038059650888974,0.0012069976188870768,0.0014577419506587189,0.0017539165636173719,0.004219298643776082,200,-0.00021403182007302763,0.002249465165962068,0.0025479171095298347,0.0027809726899975283,0.003062489886256646,200,0.9492731285118328,2.2771880135526525,2.739551186505154,3.2871314865667323,3.9640825948216243,200,7.1173659581060225,10.0415820089084,14.402809143676436,20.12364955420043,87.78981767874772,200,9.637070639917088,13.606240853721676,19.523405446979496,27.27003688731625,118.82404074104285,200,0.7714262565357832,0.8909517479198241,0.907785795625563,0.923058961253831,0.9352744396839316,200,0.010584874535102803,0.010809628774777246,0.010972117004198888,0.01120346366276264,0.012871729945721362,200,6.364935435753178e-05,7.597865047495193e-05,8.199371030944368e-05,8.874280411177285e-05,0.00011499955416049389,200,0.0009293458140022672,0.0011255264544814876,0.0013738179861748612,0.0016694553869213815,0.0041348185130671514,200,7.560245221239755e-07,7.586568099428618e-07,7.598191247392239e-07,7.611427925503627e-07,7.698774262485469e-07,200
source_4_5_null_16385,two_sided_shape_1/2,400,0,400,0,0.0,0.0,0.00917980458366526,400,0.0,0.06856228004520411,0.09649789910297793,0.12879467168131203,0.21878542577601254,0.32556591885772046,400,-0.3254077431631395,-0.21710399294285565,-0.12857538766633453,-0.09491844976325979,-0.0659485565670544,400,4.035787794265077e-06,0.0029437941520852958,0.006787846687732871,0.014092501343153992,0.05442900912497678,400,7.5701672211163045,13.3658053256387,19.96394424189598,38.812193454876294,81.0,400,7.6953158568096525,13.587772925445158,20.28379403087628,39.470302891800294,82.38388267797194,400,0.6173415683454079,0.7362059102394848,0.8113833455749045,0.8458080067871493,0.8841162543333128,400,0.4072400679279699,0.430099887099771,0.4903390736187566,0.5931221328039658,0.677000096457529,400,0.0025535049013979978,0.0032001066132640926,0.0037647661298643395,0.004516058955083681,0.006258294273615226,400,0.06563523262344906,0.09312543249493291,0.1255302853682457,0.21410518645084586,0.3209345406861437,400,3.775621901693185e-06,3.843462279724507e-06,4.092837084804872e-06,4.13365011088735e-06,4.465584520184026e-06,400
source_4_5_null_16385,two_sided_shape_2/3,400,0,400,0,0.0,0.0,0.00917980458366526,400,0.0,0.08080791813127276,0.11514365754841252,0.1555426529709723,0.27084975377678927,0.4163963646496991,400,-0.4159204389704934,-0.2691274738004414,-0.15476534562439057,-0.1132289266395497,-0.07819419465312305,400,3.2354654383846237e-06,0.002458864665287135,0.005635887790412042,0.011772778669441453,0.04582549767836084,400,7.5701672211163045,13.3658053256387,19.96394424189598,38.812193454876294,67.25761324474072,400,10.26042114241287,18.117030567260212,27.04505870783504,52.62707052240039,91.16136681456763,400,0.597197838080378,0.6949664825345117,0.7819830958046012,0.8218062765581857,0.86610507537968,400,0.4179653533719826,0.4430518022352802,0.5180841068136824,0.6270176312486776,0.7335045426016715,400,0.0026204261509999516,0.003296787555545312,0.003920015141595403,0.0048034332949241105,0.006686082491053025,400,0.07781960879039329,0.1115856786302089,0.15214827119826096,0.26633931412758044,0.4104651018437279,400,3.775621901693185e-06,3.843462279724507e-06,4.0916736242527125e-06,4.13365011088735e-06,4.465584520184026e-06,400
source_4_5_null_65537,two_sided_shape_1/2,400,0,400,0,0.0,0.0,0.00917980458366526,400,0.0,0.03393048767735331,0.04457360525255653,0.06009791572075302,0.09261211256527378,0.12169247142155258,400,-0.12052772605913889,-0.09215174674322171,-0.059311445414236365,-0.04389777390220273,-0.03308630516412691,400,2.0034243641232577e-05,0.00425694731793393,0.008983254024112148,0.015029827911666932,0.05290768947586118,400,8.02051817010438,13.39141096200614,19.06968968865725,37.69681201476017,81.0,400,8.152543623581609,13.632841353674316,19.38821578416924,38.31011783184498,82.49432285842879,400,0.8097996611150466,0.8706581064863566,0.9081065089506482,0.9229837018015676,0.9404789362426692,400,0.38345695684238124,0.39335485745997356,0.41307826574293016,0.5125929974939408,0.5377242117727966,400,0.002398010215318926,0.0029210176013455677,0.003375678936861756,0.0037894947147070136,0.005128815852181862,400,0.03125236805261373,0.0415048442498236,0.056815710520513485,0.08958355483468283,0.1182886812849434,400,3.8003676178779664e-06,3.840046299929313e-06,4.108404521129403e-06,4.124811203865705e-06,4.441509263968509e-06,400
source_4_5_null_65537,two_sided_shape_2/3,400,0,400,0,0.0,0.0,0.00917980458366526,400,0.0,0.03928543187897638,0.05179715348829442,0.07030364411868283,0.11025669354329483,0.14588658640070853,400,-0.14470373833476727,-0.10962490317515411,-0.06959070307514481,-0.051202055158663246,-0.03841410666884042,400,1.7175031628187574e-05,0.003592602072977971,0.007503654530400148,0.012804829668293709,0.0456036775671366,400,8.02051817010438,13.39141096200614,19.06968968865725,37.69681201476017,81.0,400,10.870058164775479,18.177121804899087,25.850954378892325,51.08015710912663,109.81561307618904,400,0.7803288378272272,0.8505444232651465,0.8938376895615645,0.9110320796960795,0.9312487740821749,400,0.3880284223463814,0.3987139577208865,0.4220874600686826,0.5248853287387049,0.5560279853433016,400,0.0024270195970349942,0.0029758962425360564,0.003445221828113436,0.003881850810760142,0.005284298173055851,400,0.036553166692761895,0.0487405061519599,0.06714920293050738,0.10722765767533321,0.14181419179364485,400,3.8003676178779664e-06,3.839934636224136e-06,4.107995906349089e-06,4.124710117371841e-06,4.441509263968509e-06,400
source_4_5_strong_16385,two_sided_shape_1/2,200,184,16,0,0.92,0.8733351439779183,0.9535823916001774,200,0.92,0.07046789949768797,0.09797009802105525,0.1417983450426935,0.22549043611604283,0.34108326448504983,200,-0.013495388005123976,0.05878211010014843,0.1559103068123147,0.22947297600133604,0.28471432785811596,200,0.952557896304109,1.261181298080341,2.1648178321411624,3.3004652758537403,5.035451228458819,200,7.736409100101303,13.64422619346144,23.30512560467584,38.44120116031357,81.0,200,7.872811754312882,13.876567840822794,23.657575292823466,39.05759246691162,82.60331746472599,200,0.616825588462064,0.7376016807328973,0.7961941117189468,0.8441691688181855,0.8827819703988696,200,0.4053539680027167,0.43280703832510203,0.5142334921830466,0.582880991369907,0.6547588196995655,200,0.0026226044129010174,0.0032301400063318737,0.0037688205039547234,0.004353437694350402,0.005656032884616191,200,0.06731659090741357,0.09481778116557397,0.138011524464548,0.22103980026871833,0.3367339986132364,200,3.7637138261381337e-06,3.847055419527539e-06,4.106088234992449e-06,4.134181571635148e-06,4.463098965536504e-06,200
source_4_5_strong_16385,two_sided_shape_2/3,200,151,49,0,0.755,0.6893601341384012,0.8129158739239981,200,0.755,0.08304154672014812,0.11694356063742058,0.1720705898814237,0.27801714640860387,0.4394675425234966,200,-0.1114180080911553,0.005008434531853507,0.13019860077799758,0.20942074972453734,0.27179612437239736,200,0.7140580702770754,1.0177633129234374,1.7765510199003294,2.7587912330472424,4.273013751638761,200,7.736409100101303,13.64422619346144,22.853613087051478,38.44120116031357,81.0,200,10.497082339083843,18.50209045443039,30.975935631454263,52.07678995588216,109.9921688336573,200,0.55694525205828,0.696582679207174,0.7665570149763414,0.8199107607766407,0.8645624417856589,200,0.4155633800755351,0.44567809955094123,0.5373776095400007,0.6242324513198347,0.7233942444782858,200,0.002699771931825332,0.003316232224202262,0.003957400379538706,0.004661867419532563,0.006797460606527524,200,0.0798239214904125,0.11369521544230166,0.16811598938986322,0.27330859131025914,0.43400113198465196,200,3.7637138261381337e-06,3.843199258170866e-06,4.0986693118330895e-06,4.132877271327844e-06,4.463098965536504e-06,200
source_4_5_strong_65537,two_sided_shape_1/2,200,200,0,0,1.0,0.9817246596448638,1.0,200,1.0,0.03294317267973565,0.04982039050916018,0.06939660488710946,0.12059022484023396,0.1226435569034345,200,0.19811671135094958,0.20327348118742805,0.23666388901018065,0.2836806328875512,0.3190663578124611,200,2.6397391775624053,2.6833437750940363,4.425602140576791,6.693886919149823,10.579955525937804,200,7.414518980102835,16.586949159652537,27.462054794562448,81.0,81.0,200,7.5380763163168965,16.87379140804051,27.891513758747507,82.3170802883504,82.59947780436809,200,0.8096776736652023,0.8100054492815555,0.889711482733885,0.9142907167825451,0.9427705586988661,200,0.38346847123288147,0.40046835465559594,0.424623978330738,0.44482198000153567,0.5043929162572249,200,0.0025303633960015223,0.0029360910700939502,0.003160549697126088,0.003443555862278267,0.004520133890618218,200,0.0300366632772381,0.046660629138735865,0.06521732208762512,0.11734882763751685,0.11895108092289729,200,3.808041489740806e-06,4.11207484038901e-06,4.121598317947332e-06,4.135643939249153e-06,4.432660642606705e-06,200
source_4_5_strong_65537,two_sided_shape_2/3,200,200,0,0,1.0,0.9817246596448638,1.0,200,1.0,0.03804717723515321,0.05724705853818688,0.0781575323894895,0.14491336525837267,0.14717516777380193,200,0.17350892429369627,0.17955329806379355,0.2250758789395058,0.27655873693680594,0.3135332722700356,200,2.1924792912516002,2.233823644865945,3.773286132296958,5.916726131493972,9.160661241193624,200,7.414518980102835,16.00901575819454,25.13870605834525,81.0,81.0,200,10.050768421755862,21.706076948680153,34.12540109434595,109.70516473223728,110.1326370724908,200,0.7800095642555903,0.7804401764952227,0.8779575007192342,0.9027669168576984,0.9338965866320208,200,0.3879495587528464,0.405588744293491,0.4369737915556267,0.4629825250414059,0.5239683032253394,200,0.00256366033440408,0.0029981117112994416,0.003266444893427983,0.0035724816257815505,0.005244190523542801,200,0.03511309173225544,0.05422584097947916,0.0747735769361505,0.1414640513468884,0.14340883828621107,200,3.808041489740806e-06,4.10640379089953e-06,4.121040147484138e-06,4.133291069456163e-06,4.432660642606705e-06,200
source_4_5_weak_16385,two_sided_shape_1/2,200,88,112,0,0.44,0.37005557933904376,0.511749730925303,200,0.44,0.07098130210982276,0.09951505631850445,0.1479013522337122,0.20911174655124395,0.3349404929377302,200,-0.19019820541811128,-0.08376934620909922,-0.01901759184869126,0.047603838468124396,0.09016142391673174,200,0.3835807853571402,0.5970234614007934,0.8708350556228341,1.4676589232719364,2.2702137215971803,200,7.936298968548177,14.339716943676397,21.525696551065465,34.90761886380862,81.0,200,8.063763412822915,14.579586656598645,21.868353271089624,35.524734177816754,82.40457076809939,200,0.6172928937281353,0.7498575966154071,0.8041052756423923,0.8402488615377952,0.8813630884040565,200,0.41507515504810666,0.4356055333167293,0.5311542504052607,0.5875773063184694,0.6630264607195713,200,0.002685182557348826,0.0032220779813586483,0.003822796820001845,0.004501219038444243,0.006036162676175802,200,0.06789621699472036,0.0962238070541978,0.144528529783222,0.20496401151800328,0.33057916123354747,200,3.784595167088877e-06,3.840188087713627e-06,4.087417503858083e-06,4.131007083250075e-06,4.459735318913557e-06,200
source_4_5_weak_16385,two_sided_shape_2/3,200,79,121,0,0.395,0.32676499180506335,0.46639642802651826,200,0.395,0.08369089854012605,0.11880766228467965,0.18004939424058997,0.2570231299816349,0.4349475054153038,200,-0.2864668901884697,-0.1323915462654383,-0.051015150544929576,0.02769171900979704,0.07745182748642844,200,0.29972798473200113,0.4868735439119521,0.7197547737375694,1.2279268434085342,1.9254510208095537,200,7.936298968548177,14.339716943676397,21.525696551065465,34.90761886380862,81.0,200,10.751684550430554,19.43944887546486,29.157804361452833,47.36631223708901,109.87276102413252,200,0.5571894511543388,0.7107731102069699,0.7735618282750449,0.815376314919188,0.8629219760592276,200,0.4259640106750312,0.449007914866592,0.5502078876730241,0.6213253090815987,0.714799989511757,200,0.0027653551406711515,0.003348418213881582,0.003987538329563238,0.004771014066484615,0.006371842271542179,200,0.08053997761948296,0.11530779885066747,0.17651916634982415,0.2526607991376245,0.4301164561110568,200,3.782521864663829e-06,3.839643285494605e-06,3.999030858127963e-06,4.131007083250075e-06,4.459735318913557e-06,200
source_4_5_weak_65537,two_sided_shape_1/2,200,200,0,0,1.0,0.9817246596448638,1.0,200,1.0,0.03330925815221482,0.04702486547976473,0.06714651541209772,0.09414993915795054,0.12207325629911145,200,0.018216032003752436,0.029711640879278543,0.059140589760591555,0.09996269706539668,0.13269392820204295,200,1.150705123002599,1.3135470222049868,1.8678254989603584,3.124094567111679,4.9836950914867435,200,7.487546803231058,14.667039877570591,24.318710731196308,39.647375679498595,81.0,200,7.603310217685982,14.908381003776839,24.727055476059732,40.2818634178511,82.5758163633145,200,0.8097051159878633,0.8673604590366157,0.8961796025985933,0.9194512257692611,0.9425229638943892,200,0.38313747096753215,0.3974063787583959,0.4421485140402364,0.49501734149506443,0.5233048332264674,200,0.0024993477036874554,0.002995803062897474,0.0033105054616556317,0.003588161514364881,0.004673653113473266,200,0.03055745372832594,0.04409198066535705,0.06362301707979619,0.09038574560550722,0.11840367111462434,200,3.811835622481136e-06,3.844516197256727e-06,4.114715792027263e-06,4.1250173999910485e-06,4.429001775545935e-06,200
source_4_5_weak_65537,two_sided_shape_2/3,200,173,27,0,0.865,0.8096908273166017,0.9091128982451022,200,0.865,0.038501924676055684,0.05480315134412446,0.07860440853439686,0.11130990855710199,0.14701124387430564,200,-0.006446936509908957,0.012516368068574748,0.04720211263382562,0.09238479390256936,0.1275012616782021,200,0.9557018091438971,1.108897855381471,1.5876128379707006,2.6823818885026007,4.311555532637958,200,7.487546803231058,14.667039877570591,24.318710731196308,39.49339519037195,81.0,200,10.137746956914643,19.877841338369116,32.96940730141297,53.49543586345165,110.10108848441934,200,0.7800413164148077,0.847034779518246,0.8800511321927869,0.9069496509556523,0.9336105109686328,200,0.38755135974940597,0.4033183751410243,0.45934243262065255,0.5105604201485793,0.5367555773429897,200,0.0025323290241693105,0.00305826645339114,0.0033932486869539553,0.0037147540950966604,0.0049024323480230374,200,0.03572389319727476,0.05182950264635281,0.07511513215909221,0.10745830866259476,0.14320241412791915,200,3.811835622481136e-06,3.841312278494256e-06,4.1133256743765805e-06,4.124528046404485e-06,4.429001775545935e-06,200
source_97_100_null_16385,two_sided_shape_1/2,400,0,400,0,0.0,0.0,0.00917980458366526,400,0.0,0.010202347316700527,0.013529238336754205,0.01738027785690375,0.021693192322442895,0.03970036843631069,400,-0.03969326433518091,-0.021458913196687933,-0.01717643497967668,-0.013277259319514437,-0.010119087587645513,400,1.4557508287632356e-05,0.004632054665248995,0.010239300954219065,0.01874465348535171,0.06808397265638398,400,6.435250972692503,10.581158595451297,16.250681104683483,22.126152685177164,49.91745557247851,400,6.544172938550927,10.772407257859628,16.54008927256629,22.481930434483502,50.78130481962582,400,0.7004191742152666,0.8013573412302714,0.8297849941993006,0.862789305794827,0.893168414255455,400,0.06608674643919812,0.0686477072801806,0.07135190443588255,0.07496803523994897,0.09061021491081848,400,0.0004025856694322868,0.0004911343779169367,0.000537611632258046,0.000585369957274891,0.0008567200314969297,400,0.009745974187647392,0.012935126537623578,0.016793473897329384,0.021186942573406548,0.0389220161747535,400,1.8061212382332914e-06,1.821446906207264e-06,1.8276116744285805e-06,1.8343961300785978e-06,1.8650098681886672e-06,400
source_97_100_null_16385,two_sided_shape_2/3,400,0,400,0,0.0,0.0,0.00917980458366526,400,0.0,0.011992541515514831,0.016033978461027415,0.020772307132640437,0.026235681108655467,0.049666584584818485,400,-0.0496594804836887,-0.02609366285978056,-0.02055710658802639,-0.01574907697247284,-0.011909281786459815,400,1.2194102574231358e-05,0.0038619784569320996,0.00856159217131199,0.015538613351417523,0.05701106291115753,400,6.435250972692503,10.581158595451297,16.250681104683483,22.126152685177164,49.91745557247851,400,8.725563918067904,14.36320967714617,22.053452363421727,29.975907245978004,67.70840642616776,400,0.6535201966775751,0.7703820971714165,0.8032723065440568,0.8414452872603125,0.876570160089008,400,0.06750856219543923,0.07038363836946057,0.0737331605330748,0.07809938048571546,0.09711273228578562,400,0.0004135075684022409,0.0005061339527119672,0.0005540136397402804,0.0006115147735877325,0.0008996404002470899,400,0.011527542318912202,0.015418115015443231,0.020178883071203697,0.025660424661568027,0.04883250598265549,400,1.8061212382332914e-06,1.821446906207264e-06,1.8276116744285805e-06,1.8343961300785978e-06,1.8650098681886672e-06,400
source_97_100_null_65537,fractional_12/two_sided_shape_1/2,1000,0,1000,0,0.0,0.0,0.003682083896865671,1000,0.0,0.007353866079109833,0.00866264167249398,0.010359178460831701,0.013057155173271499,0.033872747128037166,1000,-0.033819204562006364,-0.012961787762586347,-0.010223347931068317,-0.00856309196798056,-0.007191656177190114,1000,1.3731058623466603e-05,0.004196187269154623,0.008504946037041137,0.015357342245643524,0.05408602201220941,1000,12.66405466114137,17.405320801893165,24.460975185346065,37.24831304266662,100.97146015589927,1000,12.894486605400227,17.670568756896753,24.847706343295393,37.82133910472754,102.50972568707031,1000,0.7878165878735149,0.8714894935160105,0.8959256696710443,0.9122842062029268,0.9251037743011811,1000,0.06311510809581079,0.06492573712271027,0.06615287794350572,0.06812623736527942,0.10976641091023989,1000,0.0003868639013915664,0.0004598386972029142,0.0004888176120672616,0.0005320356095478418,0.0007427168568058397,1000,0.006462476440869183,0.0076883884511265745,0.009382580231631053,0.012120912987345883,0.03262983977148441,1000,0.00046369439311648366,0.00046708779829283844,0.00046790551942579525,0.0004688709495618706,0.0005167266833017112,1000
source_97_100_null_65537,fractional_12/two_sided_shape_2/3,1000,0,1000,0,0.0,0.0,0.003682083896865671,1000,0.0,0.008484164214992242,0.01002858904334045,0.012082674649035919,0.015365714512479582,0.041000447162571424,1000,-0.04094690459654062,-0.015251924069724523,-0.011944292518919746,-0.009925221298919224,-0.008321954313072522,1000,1.1780587390624033e-05,0.0036034029989347243,0.0073026948711368,0.013124712825268232,0.04681969361082886,1000,12.66405466114137,17.405320801893165,24.460975185346065,37.24831304266662,100.97146015589927,1000,17.192648807200303,23.560758342529002,33.13027512439386,50.428452139636725,136.6796342494271,1000,0.7547122869587705,0.8515057585899087,0.8797575868441355,0.8986663606530483,0.9134821411011923,1000,0.0639624824106357,0.06590706219465876,0.06738699114443636,0.06972362692998525,0.1145811467504987,1000,0.00039294980304033255,0.00046741769144655195,0.0004994637138130256,0.0005445128407709209,0.0007621897995397717,1000,0.007585281029220986,0.009051418344288124,0.01109114115007471,0.014413606653139559,0.03972568700072959,1000,0.00046369439311648366,0.00046708779829283844,0.00046790551942579525,0.0004688709495618706,0.0005167266833017112,1000
source_97_100_null_65537,fractional_8/two_sided_shape_1/2,1000,0,861,139,0.0,0.0,0.003682083896865671,861,0.0,0.07901987775221603,0.18417746811656324,0.32340885081453274,0.7497861137052292,316.04639835011795,861,-316.04625841546283,-0.7497628022024884,-0.32337372457868974,-0.18405099533044855,-0.07880942740459566,861,2.625244230830908e-07,7.559112933905168e-05,0.0002339740943288078,0.0005838543919187131,0.004253554774537089,861,419.5667880974625,909.0216541929992,1254.394165669278,1658.9806412652151,2123.8096359536603,861,426.1973096403163,924.4166322433073,1274.3640092676176,1686.7933426019245,2159.576757006516,861,0.0003294328248965183,0.1198906908701551,0.2379422573074271,0.3534107648405383,0.5640385909798586,861,0.10895464689819176,0.17301557093817224,0.2566116959576191,0.5100818939068118,187.00136188135028,861,0.0007199769652620912,0.0012740319842936682,0.001915993170720256,0.00375910017843878,1.3793680249264892,861,0.07057529919172072,0.17509342912563536,0.3138896539439785,0.7383851482958326,314.6593540614356,861,0.007474655882649746,0.007539428796329093,0.007569069143279033,0.00767424398297409,0.007746871654085758,861
source_97_100_null_65537,fractional_8/two_sided_shape_2/3,1000,0,619,381,0.0,0.0,0.003682083896865671,619,0.0,0.10311568199345117,0.2365760086257414,0.42201243451985687,0.9383088503939154,245.24713172167714,619,-245.24688957119787,-0.9382215470669149,-0.42168802869300154,-0.23647198822571475,-0.10292909741416552,619,1.4833056098400431e-07,5.435681423030379e-05,0.00017883484054689628,0.0004456631659081607,0.0032476701128803776,619,419.5667880974625,797.9416469964647,1050.1881695148818,1303.1915115248537,1588.3074320759306,619,568.2630795204217,1081.1668416212156,1421.5664486568585,1768.1089349103045,2159.204773582476,619,0.0004183701963880491,0.09829888433857095,0.1939781535100214,0.29949470128872474,0.4954334317022819,619,0.12407206593183367,0.2055941819291232,0.3170128269047254,0.6223171948730439,144.93042322665642,619,0.0008283106966221506,0.00152748370443551,0.0023504068142672536,0.004765796342744088,1.3973448654209095,619,0.0945836503821546,0.22746544430221244,0.4118114291408433,0.9256927957090657,243.84226641515554,619,0.007488111233897658,0.007541108498692882,0.007582404412079696,0.007675448269529478,0.007746871654085758,619
source_97_100_null_65537,recorder_12/two_sided_shape_1/2,1000,0,0,1000,0.0,0.0,0.003682083896865671,0,,,,,,,,,,,,,,,,,,,,,,,,,,,,,,,,,,,,,,,,,,,,,,,,,,,,,,,,,,,,,
source_97_100_null_65537,recorder_12/two_sided_shape_2/3,1000,0,0,1000,0.0,0.0,0.003682083896865671,0,,,,,,,,,,,,,,,,,,,,,,,,,,,,,,,,,,,,,,,,,,,,,,,,,,,,,,,,,,,,,
source_97_100_null_65537,recorder_8/two_sided_shape_1/2,1000,0,0,1000,0.0,0.0,0.003682083896865671,0,,,,,,,,,,,,,,,,,,,,,,,,,,,,,,,,,,,,,,,,,,,,,,,,,,,,,,,,,,,,,
source_97_100_null_65537,recorder_8/two_sided_shape_2/3,1000,0,0,1000,0.0,0.0,0.003682083896865671,0,,,,,,,,,,,,,,,,,,,,,,,,,,,,,,,,,,,,,,,,,,,,,,,,,,,,,,,,,,,,,
source_97_100_null_65537,two_sided_shape_1/2,1000,0,1000,0,0.0,0.0,0.003682083896865671,1000,0.0,0.005096402657907303,0.0063121777861870985,0.007393113925499668,0.009010410003382083,0.028893794008181855,1000,-0.028840380495577644,-0.00889676172345962,-0.007270844425684002,-0.006195677115885804,-0.005038670954544431,1000,1.6895338790331293e-05,0.006211448389205582,0.012077326636350968,0.02198417411640643,0.0754805865986934,1000,7.0875603357785035,10.560898325679734,14.247350747771918,20.30517135443061,81.0,1000,7.193701203834932,10.757583668318334,14.49266899033383,20.644453235318053,82.2340071920568,1000,0.8101019768655724,0.9051664206801403,0.9205853322643613,0.9316062547485082,0.9440956931691062,1000,0.061627730742687056,0.06343062901756533,0.06419127086223458,0.06560032241209751,0.10658806236394189,1000,0.00037317654825348744,0.00044591389472276537,0.0004764607896375855,0.0005153560145878136,0.0007732531540054527,1000,0.004687636858891537,0.0058327928277187285,0.006910501607413999,0.008508082729703156,0.028186622594199216,1000,1.8104088209469643e-06,1.8236899137848266e-06,1.8269441942140825e-06,1.8308474633913282e-06,2.017713081681269e-06,1000
source_97_100_null_65537,two_sided_shape_2/3,1000,0,1000,0,0.0,0.0,0.003682083896865671,1000,0.0,0.005893327301248915,0.007319658017713721,0.008613903067071126,0.010553005633806543,0.03482160750070813,1000,-0.03476819398810392,-0.01041487588367384,-0.008486956300502405,-0.007211150919065507,-0.0058355955978860435,1000,1.443081506793843e-05,0.005303718104559181,0.010350437678823557,0.018922844687766446,0.06532240870121542,1000,7.0875603357785035,10.560898325679734,14.247350747771918,20.30517135443061,81.0,1000,9.591601605113244,14.343444891091112,19.323558653778434,27.52593764709074,109.64534292274239,1000,0.7805005035601015,0.8904393439010082,0.9082603374507305,0.9209963833738898,0.935427658788411,1000,0.06220745067281295,0.0641579434476687,0.06506645684676002,0.06675500268479509,0.11063055006043462,1000,0.0003768540268762797,0.0004523202651179312,0.0004830622644729648,0.0005234691515939358,0.0007881467528597965,1000,0.005479223268439577,0.006836205780632861,0.00811988125325816,0.01002973897142605,0.034087692236646906,1000,1.8104088209469643e-06,1.8237054276848883e-06,1.8269441942140825e-06,1.8308474633913282e-06,2.017713081681269e-06,1000
source_97_100_strong_16385,two_sided_shape_1/2,200,200,0,0,1.0,0.9817246596448638,1.0,200,1.0,0.01088499817467658,0.013852944261181515,0.017176539081022364,0.021875713332878383,0.04135782068374195,200,0.013409162071012753,0.030723587508826058,0.036078556454362476,0.03939110773798644,0.042554336288146186,200,1.3250498927244792,2.4038935228646983,3.104015394532378,3.844351878546355,4.841701345181865,200,7.491508757601025,11.300661339499772,15.791657090830924,23.234172230022537,56.65623745070505,200,7.60573980093258,11.484063451940827,16.060323262556167,23.605580680917452,57.53719683325085,200,0.6809006692488673,0.7964191346722185,0.832286761379335,0.8583083739982742,0.8847954170470789,200,0.06525187769992556,0.06893811392133871,0.07136950669935428,0.07496672161247994,0.08866959925903697,200,0.00041681163512756095,0.0004945605830708969,0.0005316575278487248,0.0005819604422410118,0.0007867256054575699,200,0.010456437866409398,0.013404937822636909,0.01666982942087329,0.021350600347410705,0.04077573949701215,200,1.8005729094350127e-06,1.8217838355042755e-06,1.8281902636393994e-06,1.8361201772068701e-06,1.870014041045754e-06,200
source_97_100_strong_16385,two_sided_shape_2/3,200,200,0,0,1.0,0.9817246596448638,1.0,200,1.0,0.012830347444491904,0.016457638155379303,0.02055049117452114,0.026483986787086414,0.05218395883534632,200,0.002618412333475282,0.026237241994516686,0.03278434413283733,0.036928221629265845,0.04056022953904896,200,1.050312114310734,1.9854277693135156,2.594790255011156,3.235896252172469,4.107598062534058,200,7.491508757601025,11.300661339499772,15.791657090830924,23.234172230022537,56.65623745070505,200,10.14098640124344,15.312084602587769,21.41376435007489,31.4741075745566,76.71626244433446,200,0.6309085098008731,0.7646676963757864,0.8061663292852419,0.8362633937999144,0.8668902815679502,200,0.06666882729736258,0.07067329311253918,0.0736720762534829,0.07825722799438539,0.09569563342324028,200,0.00042804958319171753,0.0005128587613952888,0.0005496379983612403,0.0006063771963406379,0.0008183048406970944,200,0.012392973123092397,0.01599920104494236,0.02003598096729553,0.02594151541390317,0.05155590266332473,200,1.8005729094350127e-06,1.8217838355042755e-06,1.8281902636393994e-06,1.8361201772068701e-06,1.870014041045754e-06,200
source_97_100_strong_65537,fractional_12/two_sided_shape_1/2,200,200,0,0,1.0,0.9817246596448638,1.0,200,1.0,0.007563054561301654,0.008674837603051265,0.010279477985925062,0.01346692202119023,0.032806122068868196,200,0.013157056712284197,0.03965682340584025,0.04280603027985939,0.04451294143269873,0.04591216047694984,200,1.4010549215376407,3.9204992399177336,5.181012260409021,6.100869559353001,7.0212441328745685,200,13.279297277649228,17.57581876824671,23.843531106135465,39.56588149042127,92.89058373490525,200,13.485126819261472,17.867165441888705,24.265331899888626,40.20118758042233,94.43505585885731,200,0.7964051364681518,0.8674901676954527,0.8971570774248774,0.911796107918001,0.9234030884394157,200,0.06356870684809779,0.06495107462643933,0.06596628319745661,0.06849568183921638,0.11066326881185351,200,0.0003830565742435863,0.00046377869500754303,0.000486595971250899,0.0005308362336531549,0.0007951558096445297,200,0.006633055640556561,0.007733905031670382,0.009211159984655196,0.012507924003554147,0.031491797819850766,200,0.00046380792085401115,0.00046732679122833324,0.0004680996642787755,0.0004689947753157958,0.0005216624308619255,200
source_97_100_strong_65537,fractional_12/two_sided_shape_2/3,200,200,0,0,1.0,0.9817246596448638,1.0,200,1.0,0.008725284997127927,0.010049892848800517,0.01197072799001919,0.015855415995036395,0.03958723947353365,200,0.006375939307618742,0.03735068429735186,0.04113265003847986,0.0431566791378513,0.04468162803269648,200,1.161060467777285,3.325302088348808,4.443936641865799,5.263451991553568,6.085996329361037,200,13.279297277649228,17.57581876824671,23.843531106135465,39.56588149042127,92.89058373490525,200,17.980169092348632,23.822887255851604,32.35377586651817,53.601583440563104,125.91340781180975,200,0.7646514979350513,0.8468812481108414,0.8811810814301992,0.8981022174331192,0.9115167483010727,200,0.06441281299094885,0.065973669262412,0.06713887726209791,0.07016197510133451,0.11525877597587846,200,0.0003885118275352974,0.00047197383752178537,0.0004962451356014808,0.0005441686575437012,0.0008255786396364955,200,0.007789216946244885,0.009105572231693344,0.01088277986883119,0.014893294990268592,0.038239998403035234,200,0.00046380792085401115,0.00046732679122833324,0.0004680996642787755,0.00046901169236577693,0.0005216624308619255,200
source_97_100_strong_65537,fractional_8/two_sided_shape_1/2,200,0,177,23,0.0,0.0,0.01827534035513624,177,0.0,0.07699200392000881,0.17869094031109042,0.3481041180651683,0.7542148942516455,11.111339711062564,177,-11.057839979309627,-0.7009065370401175,-0.29495085988512865,-0.12594072742596307,-0.02257990750583317,177,0.004814876796510295,0.0707704259526674,0.1532967119706716,0.3036788016759773,0.7067239926721135,177,406.4599806586203,893.6634290857884,1296.0138173807234,1663.6476170508129,2091.367178784668,177,412.36476911409403,908.3163816481955,1319.7347181253292,1689.8642257235506,2122.6150201948944,177,0.009201947844683043,0.1190664762492427,0.22414608975972805,0.3591885059371391,0.5712763297757808,177,0.1080069909182559,0.17074257535442916,0.27204371258452126,0.513670688951087,6.642009359391953,177,0.0007064969970850552,0.0012481785450484894,0.0020696731621341774,0.003976691452946399,0.046640887017142335,177,0.06860312937688309,0.1700262388032685,0.3385492642621085,0.743240966306878,11.057148135827088,177,0.007491374013246662,0.007542136594767751,0.007575909742404789,0.007674885826418948,0.007717297895250407,177
source_97_100_strong_65537,fractional_8/two_sided_shape_2/3,200,0,123,77,0.0,0.0,0.01827534035513624,123,0.0,0.10000389464971646,0.23498355757942574,0.39342856550273025,1.0440426901754525,60.62275566188094,123,-60.56965222555965,-0.9908116657684707,-0.3403830028624085,-0.18161941374676588,-0.04559179823554081,123,0.0008759653984960819,0.051039064577932156,0.13482895572805995,0.22796639176682942,0.544099773361476,123,406.4599806586203,796.1754656563736,1022.9268976710549,1330.0997422673668,1587.993630076967,123,549.8196921521254,1080.1836801421773,1386.7044668815656,1803.2880476739485,2153.862681916117,123,0.0016964008366850169,0.08910598518990327,0.2041871207183165,0.2998198495842922,0.5038285562208515,123,0.1224659392566477,0.20416639235824335,0.2989898283753106,0.6849958184217146,35.91252693254022,123,0.000801076093264237,0.0014865024213171847,0.0021478237091180326,0.0051453904178904025,0.28602982074839783,123,0.09152044101041155,0.22576528427337972,0.38377558150509367,1.0314035094375762,60.32918745278112,123,0.007491374013246662,0.007541164958423364,0.007575884218211447,0.007675035866448376,0.007717297895250407,123
source_97_100_strong_65537,recorder_12/two_sided_shape_1/2,200,0,0,200,0.0,0.0,0.01827534035513624,0,,,,,,,,,,,,,,,,,,,,,,,,,,,,,,,,,,,,,,,,,,,,,,,,,,,,,,,,,,,,,
source_97_100_strong_65537,recorder_12/two_sided_shape_2/3,200,0,0,200,0.0,0.0,0.01827534035513624,0,,,,,,,,,,,,,,,,,,,,,,,,,,,,,,,,,,,,,,,,,,,,,,,,,,,,,,,,,,,,,
source_97_100_strong_65537,recorder_8/two_sided_shape_1/2,200,0,0,200,0.0,0.0,0.01827534035513624,0,,,,,,,,,,,,,,,,,,,,,,,,,,,,,,,,,,,,,,,,,,,,,,,,,,,,,,,,,,,,,
source_97_100_strong_65537,recorder_8/two_sided_shape_2/3,200,0,0,200,0.0,0.0,0.01827534035513624,0,,,,,,,,,,,,,,,,,,,,,,,,,,,,,,,,,,,,,,,,,,,,,,,,,,,,,,,,,,,,,
source_97_100_strong_65537,two_sided_shape_1/2,200,200,0,0,1.0,0.9817246596448638,1.0,200,1.0,0.005276029793319188,0.006396936556553141,0.0075762036679338195,0.009145938820909978,0.029532864977333234,200,0.01643028333834717,0.04360128140645376,0.04576930520154646,0.046721051618799705,0.048418074805053,200,1.5563389583420904,5.781836315477103,7.044005821212211,8.303842975390161,9.983493503400183,200,7.447786068081979,10.894516739700144,14.939022879242152,20.53114482595317,81.0,200,7.5781524845124455,11.070322072928096,15.20296999057766,20.86903213352023,82.3467698986276,200,0.8099709628105213,0.9046502737784311,0.9186570280045033,0.9306168288655802,0.9426183240936484,200,0.06160461466831655,0.0634124257908302,0.06447468441972909,0.0658273551189247,0.10864944544399378,200,0.0003753585730650589,0.00044691757277224084,0.0004753812038778611,0.0005119351299093361,0.0007782371503379863,200,0.004751548676295599,0.005931343892360878,0.00711780111750453,0.00867054962845775,0.0287525908344792,200,1.8099697141842996e-06,1.8243342436800038e-06,1.827498899334937e-06,1.8310173280085077e-06,2.0369925160498865e-06,200
source_97_100_strong_65537,two_sided_shape_2/3,200,200,0,0,1.0,0.9817246596448638,1.0,200,1.0,0.0060843762222409425,0.007413925321399945,0.008827809277700296,0.010710585337820735,0.035583297658905076,200,0.010379850656775332,0.04192211940842895,0.0445189536944141,0.04566640612057795,0.047581303138049647,200,1.2917056973267251,4.932429292353326,6.046468722332129,7.149000200548641,8.641811761557548,200,7.447786068081979,10.894516739700144,14.939022879242152,20.53114482595317,81.0,200,10.10420331268326,14.760429430570795,20.270626654103545,27.82537617802697,109.79569319817014,200,0.7803489142006186,0.8898427366564964,0.9060317874019732,0.919853040336819,0.9337206920149973,200,0.06219269335757664,0.06413045783477914,0.06538234297301576,0.06699138556371853,0.1127737789258669,200,0.00037951787014707376,0.0004531160464160693,0.0004820936442202101,0.0005190960298681954,0.0008077790363813074,200,0.0055549056860126275,0.006952912200537361,0.008367120038774076,0.010227294918012955,0.034773481630007715,200,1.8099697141842996e-06,1.8243342436800038e-06,1.827498899334937e-06,1.8310173280085077e-06,2.0369925160498865e-06,200
source_97_100_weak_16385,two_sided_shape_1/2,200,171,29,0,0.855,0.7984385038268202,0.9006913774447924,200,0.855,0.010503649653699031,0.012778435304557906,0.01599537825057437,0.021055213117555375,0.03186864196688254,200,-0.009728224770272865,0.0028566467383795563,0.00774178373901609,0.01061674563837087,0.013801256988343247,200,0.694739901989476,1.1380950443799414,1.4880635856845452,1.8393835775716103,2.275650953185411,200,6.847258843828268,9.724492981470004,14.062040539200146,21.901367930486654,41.94263263797694,200,6.9583293338365015,9.891430507081907,14.312580335314571,22.23082185575758,42.60013749960895,200,0.725849149776747,0.8024773650920917,0.8417265247100483,0.8685458806921856,0.8898269505261709,200,0.06578610559450888,0.06815003460405922,0.07025707900407466,0.07411093133225868,0.08555738552554283,200,0.000418037882207141,0.0004895466512285716,0.0005237649113584408,0.0005682596975810258,0.0007341495272867362,200,0.010024651011675764,0.012283901405973241,0.015398207735770131,0.02056451451327062,0.03133429618901677,200,1.8036765470408384e-06,1.8225650443705214e-06,1.8282241584908995e-06,1.8337226710152378e-06,1.8661481374103276e-06,200
source_97_100_weak_16385,two_sided_shape_2/3,200,138,62,0,0.69,0.6209229594796741,0.7533419625582741,200,0.69,0.012354702800683676,0.015123677873015329,0.01907152919031104,0.02544055091672765,0.039510046691367415,200,-0.017369629494757736,-0.0014342968992777855,0.004718904051473108,0.008360264975841478,0.011762223850114066,200,0.5603743617303079,0.9425103241252297,1.2469863458789816,1.5546612242909215,1.9339361272779574,200,6.847258843828268,9.724492981470004,14.062040539200146,21.901367930486654,41.94263263797694,200,9.277772445115335,13.188574009442542,19.083440447086094,29.641095807676773,56.800183332811926,200,0.6829734014394488,0.7716781271344972,0.8170854845177593,0.8481020125777953,0.8727072546241215,200,0.06711615323185595,0.06973545730309745,0.07240403019921805,0.07713189340211643,0.09022181495250929,200,0.00042681554458664275,0.0005060390626542945,0.0005432914283628983,0.0005872251162869163,0.000772530535223345,200,0.011866343694452124,0.01462159463563121,0.018456405025671092,0.024929476351704363,0.03894226958138749,200,1.8036765470408384e-06,1.8225650443705214e-06,1.8282241584908995e-06,1.8337226710152378e-06,1.8661481374103276e-06,200
source_97_100_weak_65537,fractional_12/two_sided_shape_1/2,200,199,1,0,0.995,0.9724581015427943,0.999873418972133,200,0.995,0.007424317379557746,0.008635152123397638,0.009865697405575715,0.01250357469225032,0.03266003380578839,200,-0.011144086804505736,0.011280401373925646,0.01355308180824141,0.01495516193753498,0.01652207080915611,200,0.6587852030168243,1.8940712097846704,2.371050900205156,2.7343379757029727,3.1974762634986553,200,12.728635742211083,17.246640712061687,22.340016531042806,34.850802550980816,146.4306045709057,200,12.944853422132367,17.512562166379077,22.688675119584012,35.46311893515575,149.2037502460334,200,0.7436229184950447,0.8755783087519036,0.9005660267622075,0.9126784557750436,0.9249572571266532,200,0.06390964445650424,0.06492244574791606,0.06588084096898306,0.06765736131600802,0.08622801721378733,200,0.00040902876754051474,0.00045976872499420166,0.000489211916402614,0.0005297481292989936,0.0008512108388453984,200,0.0064683882042032795,0.007679791207348704,0.008871252781741522,0.011520255131019817,0.03133918877534153,200,0.00046428646362312026,0.0004673452604254571,0.0004680333561762956,0.00046885700481319107,0.00047760213540956663,200
source_97_100_weak_65537,fractional_12/two_sided_shape_2/3,200,199,1,0,0.995,0.9724581015427943,0.999873418972133,200,0.995,0.008554634520458114,0.00999960670169613,0.011467997022774075,0.01468293142973185,0.040075289835387995,200,-0.01855934283410534,0.009057674474116565,0.011943652884240163,0.01360521551949946,0.015369798087243224,200,0.5368881195784455,1.6136814409457412,2.036848231909125,2.362300332966417,2.772566283214913,200,12.728635742211083,17.246640712061687,22.340016531042806,34.850802550980816,146.4306045709057,200,17.259804562843154,23.350082888505437,30.25156682611201,47.28415858020767,198.93833366137784,200,0.7035545582914385,0.8562335435923336,0.8851216945904585,0.899122031527973,0.9133128203550365,200,0.06472447131252163,0.06589981558469768,0.06700735994286704,0.06915816042740977,0.09113881654362917,200,0.00041474510103970796,0.00046773650011462827,0.0004969599179635738,0.0005389208468876284,0.0008996884190104648,200,0.007592478370513544,0.009040436895697144,0.010472501542283663,0.013685615839743018,0.038705967224776074,200,0.00046428646362312026,0.0004673452604254571,0.0004680333561762956,0.00046885700481319107,0.00047760213540956663,200
source_97_100_weak_65537,fractional_8/two_sided_shape_1/2,200,0,163,37,0.0,0.0,0.01827534035513624,163,0.0,0.07750435833766518,0.20387333504011745,0.34259212436475106,0.8519400783574396,69.8375308602687,163,-69.81383756709552,-0.8278309579793448,-0.3189882344894204,-0.18022694311733517,-0.05341542286276214,163,0.00033926304211096627,0.02829701523406731,0.06889793488130533,0.1159859354309626,0.31080749510826433,163,409.5310070102648,975.8183922455239,1289.000788026631,1705.7517613068412,2120.359251327309,163,416.3971180742229,991.0978275500387,1310.394848352331,1734.0212547401536,2154.742534041619,163,0.0014858049022972476,0.10729232178012713,0.2269674859555115,0.32998288901183825,0.5691544319887518,163,0.10807014256453687,0.1856434412522635,0.2685244671075127,0.5716858871680248,41.378462872119535,163,0.0008014614184762224,0.0013014529761670027,0.0020756750699651634,0.004582639767194035,0.3009586787795906,163,0.06901919503265774,0.19507402984957833,0.3331502548836525,0.8403249563702482,69.52899900440097,163,0.007484008840059378,0.007541788385356543,0.007562529639190435,0.007672096127076597,0.007704238941245071,163
source_97_100_weak_65537,fractional_8/two_sided_shape_2/3,200,0,112,88,0.0,0.0,0.01827534035513624,112,0.0,0.10078647540777874,0.26938928618206714,0.4690829944848598,1.0111716807143547,69.11809894585905,112,-69.09427229254914,-0.9879350348775991,-0.4450181235632448,-0.24518185656937133,-0.0766975399328757,112,0.0003447237941044685,0.023070125201476832,0.05123433922439411,0.08929349573046272,0.23900960299921195,112,409.5310070102648,858.4647883447383,1089.558626706329,1321.5139867983712,1585.490845026848,112,555.1961574322972,1162.5324746550123,1477.654801630769,1793.8260685661737,2154.6313625891803,112,0.001512411987817275,0.09156808486656842,0.17779943091235637,0.27298070956604925,0.5013674086490201,112,0.12268168920672948,0.2253436233584531,0.3439653626149848,0.6653315256987289,40.88777713946219,112,0.0009180414435373581,0.0016000588337194742,0.0025640903998340164,0.004875780074093205,0.40811787052116144,112,0.0921911312350642,0.26016679548760735,0.4587464530007397,0.998468488757527,68.70229006250018,112,0.007484008840059378,0.007540376536798487,0.007563739816808434,0.007673273528470517,0.007704238941245071,112
source_97_100_weak_65537,recorder_12/two_sided_shape_1/2,200,0,0,200,0.0,0.0,0.01827534035513624,0,,,,,,,,,,,,,,,,,,,,,,,,,,,,,,,,,,,,,,,,,,,,,,,,,,,,,,,,,,,,,
source_97_100_weak_65537,recorder_12/two_sided_shape_2/3,200,0,0,200,0.0,0.0,0.01827534035513624,0,,,,,,,,,,,,,,,,,,,,,,,,,,,,,,,,,,,,,,,,,,,,,,,,,,,,,,,,,,,,,
source_97_100_weak_65537,recorder_8/two_sided_shape_1/2,200,0,0,200,0.0,0.0,0.01827534035513624,0,,,,,,,,,,,,,,,,,,,,,,,,,,,,,,,,,,,,,,,,,,,,,,,,,,,,,,,,,,,,,
source_97_100_weak_65537,recorder_8/two_sided_shape_2/3,200,0,0,200,0.0,0.0,0.01827534035513624,0,,,,,,,,,,,,,,,,,,,,,,,,,,,,,,,,,,,,,,,,,,,,,,,,,,,,,,,,,,,,,
source_97_100_weak_65537,two_sided_shape_1/2,200,200,0,0,1.0,0.9817246596448638,1.0,200,1.0,0.005267734612844758,0.006239686207657753,0.0073099124011963045,0.008626145257502065,0.019507358129918845,200,0.002008662543521709,0.014681697304372961,0.01635049315447417,0.017385298259867135,0.018763508120120908,200,1.1029694810616606,2.720173700433233,3.2351490378921044,3.784321801651074,4.482826287418015,200,7.321188946375772,10.35677190626992,13.93836751895526,19.007981435621947,68.09649844223364,200,7.4501015506628665,10.524550865920393,14.184334398006307,19.33275340551003,69.3861298734484,200,0.8256598973951976,0.9082384437502673,0.9214370058075205,0.9323528562528385,0.9431061623682487,200,0.062173169570706385,0.06348637593246,0.06409405551228847,0.06541574512768175,0.07751900641144312,200,0.0003902842832708239,0.0004488397212335624,0.0004753056256065481,0.0005067303588092878,0.0007652387310535969,200,0.004771853517913436,0.0057872004849466975,0.0068245753432911345,0.008129575256461886,0.01874028572532749,200,1.8157388984802024e-06,1.8246888052716282e-06,1.8273522873426834e-06,1.8305732137845819e-06,1.8382329773348583e-06,200
source_97_100_weak_65537,two_sided_shape_2/3,200,199,1,0,0.995,0.9724581015427943,0.999873418972133,200,0.995,0.006078458109338698,0.007234586849932061,0.008519757224327004,0.010084924099575792,0.023355734230751973,200,-0.0018397135573114184,0.013241739723932187,0.0151497777619936,0.01640505464611186,0.01789789214736869,200,0.9212307547630376,2.3269846543148383,2.7803731667057643,3.2649171542943467,3.8849225860950036,200,7.321188946375772,10.35677190626992,13.93836751895526,19.007981435621947,68.09649844223364,200,9.933468734217156,14.032734487893856,18.91244586400841,25.77700454068004,92.51483983126454,200,0.7985002624896572,0.8939901859206383,0.9092446057833474,0.9218591197150968,0.9342843481643294,200,0.06278337061650606,0.0641912082194538,0.06496542780696665,0.06649284149826624,0.080155684207654,200,0.0003955965643739519,0.0004543062245102789,0.00048275367030665604,0.0005137526058157398,0.0007912670312650372,200,0.005577911974445837,0.00678129099748888,0.008018183641530476,0.009580934658968537,0.02256263352594918,200,1.8157388984802024e-06,1.8246888052716282e-06,1.8273522873426834e-06,1.8305732137845819e-06,1.8382329773348583e-06,200
source_reference_snr_100_null,baseline/imaginary_coherency,400,23,377,0,0.0575,0.03679551950927163,0.0850315952978105,400,0.0575,,,,,,,,,,,,,,,,,,,,,,,,,,,,,,,,,,,,,,,,,,,,,,,,,,,,,,,,,,,,
source_reference_snr_100_null,baseline/independent_windows,400,0,400,0,0.0,0.0,0.00917980458366526,400,0.0,0.004946029106184474,0.005137721242627088,0.005195444873812431,0.005254484065450974,0.005453874026514953,400,,,,,,,,,,,,,,,,,,,,,,,,,,,,,,,,,,,,,,,,,,,,,,,,,,,,,,
source_reference_snr_100_null,baseline/independent_windows_phase_adjusted,400,0,400,0,0.0,0.0,0.00917980458366526,400,0.0,0.010799977551629928,0.012161060598784077,0.012588411609386192,0.013199810899496725,0.01562277006317532,400,,,,,,,,,,,,,,,,,,,,,,,,,,,,,,,,,,,,,,,,,,,,,,,,,,,,,,
source_reference_snr_100_null,baseline/moving_block,400,0,400,0,0.0,0.0,0.00917980458366526,400,0.0,,,,,,,,,,,,,,,,,,,,,,,,,,,,,,,,,,,,,,,,,,,,,,,,,,,,,,,,,,,,
source_reference_snr_100_null,baseline/moving_block_phase_adjusted,400,0,400,0,0.0,0.0,0.00917980458366526,400,0.0,,,,,,,,,,,,,,,,,,,,,,,,,,,,,,,,,,,,,,,,,,,,,,,,,,,,,,,,,,,,
source_reference_snr_100_null,lag,400,0,400,0,0.0,0.0,0.00917980458366526,400,0.0,0.0036046200086993227,0.003712434128150927,0.003766116519070566,0.003818941734404738,0.004032628165594217,400,-0.00397462714969427,-0.0037046668967630502,-0.003609359727920866,-0.003496809670019576,-0.0031495923677503385,400,0.00024940357914754056,0.019587057963742823,0.03990918425415073,0.06780670150146409,0.16907550643500913,400,1.1277706351712316,1.1476660310574212,1.167840725727415,1.1917541925627857,1.3013318555253173,400,2.2903198349853615,2.3322261109549265,2.375221024683958,2.423330057772755,2.6467552298904384,400,0.9661163380773851,0.9675796720354676,0.9679034618957311,0.9681956117906656,0.9684829616088834,400,0.07373917875795111,0.07458017849779933,0.07490448610742755,0.07524852870518518,0.07637780609070742,400,0.0004426196227274768,0.000519165510733287,0.0005499630391444184,0.0005891209160421391,0.0007831183075000616,400,0.003112041890151686,0.003175068423185527,0.0032009491177931856,0.0032348192258588194,0.00340125329534297,400,1.939918425139328e-06,1.951121345487478e-06,1.9554057701959733e-06,1.959669634179624e-06,1.9732068103349655e-06,400
source_reference_snr_100_null,lower_cn,400,0,46,354,0.0,0.0,0.00917980458366526,46,0.0,0.16939205276268993,0.47443234239319987,0.9654547511285372,2.3198482634525224,15.682236489897683,46,-15.681986280261919,-2.319605985308372,-0.9654074057156735,-0.47439261162765467,-0.16926560934250623,46,2.44131346662316e-06,3.780253513204654e-05,0.00010318687188333777,0.0004897517832105168,0.0020542983531776104,46,392.677880148241,688.7378274632416,845.4519736706463,962.3606112149507,1047.9311437695642,46,799.2739504139582,1400.345698534696,1720.3895390219136,1955.5827416730526,2128.9056592290194,46,0.0076868268509296565,0.05023931668674083,0.11093083221857178,0.2001787541734179,0.399687592565023,46,0.1812027121621563,0.36538410630550616,0.656102486460765,1.4592582716779772,9.364189306856506,46,0.0014314185605637287,0.002770379934748532,0.004957093012740289,0.009978507155684956,0.06475732949434848,46,0.16792492738936107,0.47176983526216837,0.9601731981553795,2.3099094433316174,15.617477212152782,46,1.939918425139328e-06,1.951186702143299e-06,1.954274009189007e-06,1.9578525911205065e-06,1.9708857944303236e-06,46
source_reference_snr_100_null,lower_cstar,400,0,0,400,0.0,0.0,0.00917980458366526,0,,,,,,,,,,,,,,,,,,,,,,,,,,,,,,,,,,,,,,,,,,,,,,,,,,,,,,,,,,,,,
source_reference_snr_100_null,lower_intersection,400,0,400,0,0.0,0.0,0.00917980458366526,400,0.0,0.0036170820572030003,0.003723957016699782,0.0037760126725873942,0.0038307295529568988,0.004042503455083529,400,-0.003984502439183582,-0.0037153341155093506,-0.003621458511558464,-0.0035072451351675564,-0.003159556698524268,400,0.00024874691428200074,0.01953562438683947,0.03978691003917425,0.06762606684086578,0.16863220832988354,400,1.1356036872490778,1.1548942577331873,1.175132381177244,1.199644862607234,1.3116500659766601,400,2.3062274973972676,2.3471917121835375,2.390072614882188,2.4404902166490636,2.667741250757635,400,0.9659821117478261,0.9674649554536342,0.9678031595593433,0.9680936182295661,0.9683735769417154,400,0.07374639110454081,0.07458818749534667,0.07491265501705194,0.07525800975766019,0.07638737130209725,400,0.0004426625012200586,0.0005192271986721996,0.0005500155721471303,0.0005891799043858889,0.0007831945679630407,400,0.003123840093180539,0.0031853756062312126,0.003211443843645349,0.0032453214709488145,0.0034150035097593678,400,1.939918425139328e-06,1.951121345487478e-06,1.9554057701959733e-06,1.959669634179624e-06,1.9732068103349655e-06,400
source_reference_snr_100_null,supplied,400,0,400,0,0.0,0.0,0.00917980458366526,400,0.0,0.0031809743962086415,0.0032622487638871464,0.0032919136324072716,0.0033389910440174576,0.003523887063278025,400,-0.0034668343792605446,-0.003231937266541209,-0.0031392411065627865,-0.003018091225974126,-0.0026196513443398897,400,1.9846096674753583e-05,0.023933551233820054,0.04884695303761773,0.08330663247595685,0.20678149205105723,400,1.0,1.0,1.0,1.0,1.0,400,2.028030724151019,2.0320406158096462,2.0333455907470634,2.034656028974427,2.0405324291361686,400,0.9702530759138289,0.970295984739215,0.970305561843158,0.9703151020805288,0.9703444362079477,400,0.06933709863964722,0.06997947404344439,0.07023126951622324,0.0704663405288301,0.07142916053995954,400,0.0004157036782708787,0.0004864725038259516,0.0005156449435364185,0.0005526387130742775,0.0007363920497729512,400,0.0027406643415194536,0.0027663274440956043,0.0027761988017827068,0.0027856447191787342,0.0028233159532093438,400,1.9541067538310205e-06,1.9632172620227736e-06,1.9666667981474187e-06,1.969994194676757e-06,1.983434137083702e-06,400
source_reference_snr_100_null,two_sided,400,0,400,0,0.0,0.0,0.00917980458366526,400,0.0,0.008370106525739504,0.010427709500182864,0.012961387531596393,0.01566242740737573,0.02488935517756504,400,-0.02488497080306237,-0.015483329034653593,-0.01279102132224998,-0.010307427432516253,-0.007922230408663009,400,3.6752496682550104e-06,0.0059114502623572535,0.011337497750526997,0.02072208963387196,0.075683868109547,400,7.055301793376585,10.452738645597778,15.38444903120942,20.480252815225683,45.11634297702691,400,14.36288131152888,21.258340500971027,31.30598227643121,41.62157857751474,91.71221551602233,400,0.7993823450902315,0.865158049847308,0.883128693562953,0.9037620276381843,0.9209427148069099,400,0.0733034303638835,0.07551268353025488,0.07733513409836676,0.08042310739203469,0.0869448622004785,400,0.00044871504292836635,0.0005384542611805944,0.0005715378545065125,0.0006252063309131182,0.0008334477010033198,400,0.007849274187329454,0.009841660568120218,0.012357139806931036,0.015001127376725883,0.024262999168634714,400,1.939918425139328e-06,1.9604470853081696e-06,1.9650422474608976e-06,1.9690386690877756e-06,2.0074941234341423e-06,400
source_reference_snr_100_null,two_sided_adaptive_bank,400,0,400,0,0.0,0.0,0.00917980458366526,400,0.0,0.009155227052768913,0.010685452120807895,0.011969732096600644,0.013276953663724108,0.01880643632946433,400,-0.018568268986646742,-0.013075005661764933,-0.01181500840107539,-0.010481604061835426,-0.008789845751746449,400,1.708356997844403e-05,0.006530522497844037,0.012675101857099545,0.022851717501842735,0.07201157114510824,400,6.953036172992402,9.289197181292913,11.4265683703644,13.594163716142807,24.843216187431484,400,14.154693340150137,18.906366428191575,23.26035870023824,27.664124645651093,50.54146254973469,400,0.8408488905276865,0.8824029664585256,0.8922005313785422,0.9028436191565069,0.9159681158814362,400,0.07403563918058279,0.07570868293005724,0.07678809945476041,0.07771321131092701,0.08899624536561253,400,0.0004500175854419063,0.000533870399562724,0.0005607313090357953,0.0006082728082004604,0.000803733222433786,400,0.008540586692832006,0.010114356423542761,0.011393945063740304,0.012666711609084155,0.018173525205316628,400,1.932385624104803e-06,1.947148732720989e-06,1.9616535853769117e-06,1.9678987198375724e-06,1.997728647882069e-06,400
source_reference_snr_100_null,two_sided_intersection,400,0,286,114,0.0,0.0,0.00917980458366526,286,0.0,0.0035435905281418554,0.0037062370051462812,0.0037714201580630845,0.0038229395631608383,0.004042503455083529,286,-0.003984502439183582,-0.0037052046249489374,-0.0036205131515043123,-0.0035072952699383895,-0.0030855059228319472,286,0.00024874691428200074,0.019274186408459286,0.03740821238154586,0.06542546579230872,0.1468744961055678,286,1.0580198415166082,1.1495587657409314,1.1727619853411242,1.1973920868510841,1.3107000395895059,286,2.150870309385625,2.3383377204766007,2.3850801812411486,2.4365260004289464,2.6638722091150346,286,0.9660068183830637,0.9674914207631051,0.9678368418714263,0.9681539206286922,0.969458556817569,286,0.07374639110454081,0.07457367129728815,0.07490141019287588,0.07524699194168458,0.07638737130209725,286,0.00044230588063888553,0.000515604982373344,0.0005467984986279832,0.0005889080007189522,0.0007831945679630407,286,0.0030071567379706533,0.003177245845615003,0.0032053198186541548,0.0032443737258945156,0.0034150035097593678,286,1.939918425139328e-06,1.9509833281600394e-06,1.9551648494274927e-06,1.959415850043133e-06,1.9732068103349655e-06,286
source_reference_snr_100_null,two_sided_intersection_maximum_scale,400,0,286,114,0.0,0.0,0.00917980458366526,286,0.0,0.004031823082938974,0.00420055473133351,0.0042652567973749216,0.0043245709425468555,0.004591609603810939,286,-0.004533608587910991,-0.004208504450320145,-0.004115342633978985,-0.0039961478475757355,-0.0035605764227345706,286,0.00021939485049985198,0.016982721608929184,0.032993472206146596,0.05794742851500889,0.1295552579960298,286,1.0580198415166082,1.1495587657409314,1.1727619853411242,1.1973920868510841,1.3107000395895059,286,2.150870309385625,2.3383377204766007,2.3850801812411486,2.4365260004289464,2.6638722091150346,286,0.9660068183830637,0.9674914207631051,0.9678368418714263,0.9681539206286922,0.969458556817569,286,0.08331179534549933,0.08445817148604065,0.08481867623059364,0.08515156674285998,0.08641561940019528,286,0.0005032799359890495,0.000583473277215495,0.0006197131626525924,0.0006672140096284317,0.0008896298389013183,286,0.0034088728914068627,0.003598532667495688,0.00363100731944263,0.003675744873485316,0.0038612175795272024,286,1.939918425139328e-06,1.9509833281600394e-06,1.9551648494274927e-06,1.959415850043133e-06,1.9732068103349655e-06,286
source_reference_snr_100_null,two_sided_intersection_old_operator,400,0,286,114,0.0,0.0,0.00917980458366526,286,0.0,0.0037111348787500506,0.004004131819852327,0.004082332852977053,0.004181925207958545,0.004545043939710743,286,-0.0045039144336275,-0.004048692226437806,-0.0039275977155839095,-0.0038149439048638847,-0.0032324887635798443,286,0.0002299804424484523,0.017631975225709737,0.03454206156826191,0.0603647659012281,0.1319648287959594,286,1.0580198415166082,1.1495587657409314,1.1727619853411242,1.1973920868510841,1.3107000395895059,286,2.150870309385625,2.3383377204766007,2.3850801812411486,2.4365260004289464,2.6638722091150346,286,0.9660068183830637,0.9674914207631051,0.9678368418714263,0.9681539206286922,0.969458556817569,286,0.07374639110454081,0.07457367129728815,0.07490141019287588,0.07524699194168458,0.07638737130209725,286,0.00044230588063888553,0.000515604982373344,0.0005467984986279832,0.0005889080007189522,0.0007831945679630407,286,0.0031473741400298637,0.0034668777693035594,0.003527337785867323,0.00361636136747665,0.003973239886390524,286,1.939918425139328e-06,1.9509833281600394e-06,1.9551648494274927e-06,1.959415850043133e-06,1.9732068103349655e-06,286
source_reference_snr_100_null,two_sided_maximum_scale,400,0,400,0,0.0,0.0,0.00917980458366526,400,0.0,0.009615114310200717,0.01199740029056982,0.014897382403787813,0.017823931441379642,0.028739863875491156,400,-0.028735479500988485,-0.0176575454080553,-0.014684661214132564,-0.011895718541390949,-0.009167238193124221,400,3.1816136178325113e-06,0.005164189594867665,0.009926852482053392,0.018018802897887654,0.06553561661285814,400,7.055301793376585,10.452738645597778,15.38444903120942,20.480252815225683,45.11634297702691,400,14.36288131152888,21.258340500971027,31.30598227643121,41.62157857751474,91.71221551602233,400,0.7993823450902315,0.865158049847308,0.883128693562953,0.9037620276381843,0.9209427148069099,400,0.08420946655718944,0.08712467919321931,0.0892222244742418,0.09245322188768214,0.09999397013957734,400,0.0005189886860577803,0.0006200905787688121,0.0006572631847569848,0.00071875474801066,0.000942910456473384,400,0.00901708404224689,0.011331055826305263,0.014239523127365549,0.017166483363556195,0.02801691021311138,400,1.939918425139328e-06,1.9604470853081696e-06,1.9650422474608976e-06,1.9690386690877756e-06,2.0074941234341423e-06,400
source_reference_snr_100_null,two_sided_old_operator,400,0,400,0,0.0,0.0,0.00917980458366526,400,0.0,0.016219380713068957,0.02026937006830308,0.025327946304972773,0.030632112883103916,0.04915235434619976,400,-0.049147969971697084,-0.03051932459768373,-0.025172957620403558,-0.020130415049245662,-0.015771504595992462,400,1.8658812765036666e-06,0.003037467577002919,0.005824401176497872,0.010626191297252436,0.03907278881717445,400,7.055301793376585,10.452738645597778,15.38444903120942,20.480252815225683,45.11634297702691,400,14.36288131152888,21.258340500971027,31.30598227643121,41.62157857751474,91.71221551602233,400,0.7993823450902315,0.865158049847308,0.883128693562953,0.9037620276381843,0.9209427148069099,400,0.0733034303638835,0.07551268353025488,0.07733513409836676,0.08042310739203469,0.0869448622004785,400,0.00044871504292836635,0.0005384542611805944,0.0005715378545065125,0.0006252063309131182,0.0008334477010033198,400,0.015698548374658908,0.019683321136240436,0.02471427961386207,0.030002254753451765,0.04852599833726943,400,1.939918425139328e-06,1.9604470853081696e-06,1.9650422474608976e-06,1.9690386690877756e-06,2.0074941234341423e-06,400
source_reference_snr_100_null,two_sided_shape_1/2,400,0,400,0,0.0,0.0,0.00917980458366526,400,0.0,0.005881174367561712,0.007259740682586287,0.008891823846623034,0.0106043770112668,0.016271197928360445,400,-0.016266813553857774,-0.010401181401922097,-0.0087101674338874,-0.007106294147480027,-0.005433298250485218,400,5.478796308621879e-06,0.008630180123093766,0.016614387378051126,0.03067754853471443,0.10790945016895609,400,7.055301793376585,10.452738645597778,15.38444903120942,20.480252815225683,45.11634297702691,400,7.18144065576444,10.629170250485513,15.652991138215604,20.81078928875737,45.85610775801116,400,0.8584317246106651,0.9047838751166071,0.9174584398163351,0.932016657715067,0.9441434470964372,400,0.07149632219712973,0.07322718722630042,0.0743904063881076,0.07658993463269767,0.08254183097164164,400,0.0004343790377728895,0.00051773084773378,0.0005500852096162437,0.0006009129400236424,0.0007913175043488656,400,0.00537313357013524,0.006687656913602871,0.008316152797559947,0.010012466733204939,0.01568778929817544,400,1.939918425139328e-06,1.9604470853081696e-06,1.9650422474608976e-06,1.9690386690877756e-06,2.0074941234341423e-06,400
source_reference_snr_100_null,two_sided_shape_2/3,400,0,400,0,0.0,0.0,0.00917980458366526,400,0.0,0.0067922745317014425,0.008413438892265606,0.010367828061381219,0.012434542809746771,0.01931817786735086,400,-0.01931379349284819,-0.012232006168755437,-0.01019401735157001,-0.008278203197880332,-0.0063443984146249474,400,4.658763434484359e-06,0.007388200835346179,0.0142731318109841,0.026161970937638366,0.09337490934193564,400,7.055301793376585,10.452738645597778,15.38444903120942,20.480252815225683,45.11634297702691,400,9.575254207685921,14.172227000647352,20.87065485095414,27.747719051676494,61.141477010681555,400,0.8364060452741534,0.8899971649473112,0.9046465503440957,0.9214706259193666,0.9354828336928326,400,0.0721603785693243,0.07405230967935872,0.07547844617748004,0.07806665115097824,0.08413150646948296,400,0.0004396213451464881,0.0005259141498222455,0.0005575273668444202,0.0006104365301156695,0.0008065292090681748,400,0.006279533238501332,0.007837002131241739,0.009780043739936153,0.011808023945751539,0.018719458784711415,400,1.939918425139328e-06,1.9604470853081696e-06,1.9650422474608976e-06,1.9690386690877756e-06,2.0074941234341423e-06,400
source_reference_snr_100_strong,baseline/imaginary_coherency,200,200,0,0,1.0,0.9817246596448638,1.0,200,1.0,,,,,,,,,,,,,,,,,,,,,,,,,,,,,,,,,,,,,,,,,,,,,,,,,,,,,,,,,,,,
source_reference_snr_100_strong,baseline/independent_windows,200,200,0,0,1.0,0.9817246596448638,1.0,200,1.0,0.004995022383205936,0.005149605911422713,0.005194124884714285,0.005254137108380796,0.005547353278789804,200,,,,,,,,,,,,,,,,,,,,,,,,,,,,,,,,,,,,,,,,,,,,,,,,,,,,,,
source_reference_snr_100_strong,baseline/independent_windows_phase_adjusted,200,200,0,0,1.0,0.9817246596448638,1.0,200,1.0,0.01140471901046508,0.012094861643321133,0.012724633090933715,0.013279492357010838,0.016130214060520544,200,,,,,,,,,,,,,,,,,,,,,,,,,,,,,,,,,,,,,,,,,,,,,,,,,,,,,,
source_reference_snr_100_strong,baseline/moving_block,200,200,0,0,1.0,0.9817246596448638,1.0,200,1.0,,,,,,,,,,,,,,,,,,,,,,,,,,,,,,,,,,,,,,,,,,,,,,,,,,,,,,,,,,,,
source_reference_snr_100_strong,baseline/moving_block_phase_adjusted,200,200,0,0,1.0,0.9817246596448638,1.0,200,1.0,,,,,,,,,,,,,,,,,,,,,,,,,,,,,,,,,,,,,,,,,,,,,,,,,,,,,,,,,,,,
source_reference_snr_100_strong,lag,200,200,0,0,1.0,0.9817246596448638,1.0,200,1.0,0.0036305368915944196,0.00372819374750563,0.0037726074356604395,0.0038357185608248593,0.004032032729660477,200,0.04505068015913096,0.045810077152550394,0.04607593055923637,0.04635898355445213,0.04738366236835454,200,12.367423599267607,12.98061270823108,13.214554497534037,13.385890927777456,13.796441887452081,200,1.12627274005403,1.1499727547988186,1.1691769660369173,1.1948641403825584,1.284810374257677,200,2.2913546295208875,2.3386170534237762,2.377739146623534,2.430124271649965,2.6115307120664535,200,0.9663428326112746,0.9675342061958446,0.9678864336507242,0.968152016429849,0.9684758346253073,200,0.07398740343716224,0.07467988801692715,0.07497399893576084,0.0752209594610874,0.07692260814360243,200,0.00045459031711063235,0.0005217675267944485,0.000556939896062499,0.0005998369518683822,0.0008193863986496068,200,0.003124597525011421,0.0031814458213662343,0.0032075355688771495,0.003239808896559661,0.003450477768734972,200,1.9429773052586835e-06,1.9524544042846883e-06,1.9558677610106146e-06,1.9594866685786056e-06,1.979954544136133e-06,200
source_reference_snr_100_strong,lower_cn,200,0,15,185,0.0,0.0,0.01827534035513624,15,0.0,0.21192768145957128,0.5515836068354655,1.145329982298328,4.688987562634042,141.5952229592368,15,-141.5455696514052,-4.638996578146955,-1.095507893692798,-0.5016762772729657,-0.16172447482342958,15,0.0003506707838998885,0.016787637186521903,0.04350020463583093,0.09584941257230116,0.23688838706858023,15,456.2155480852051,717.865574041851,875.1746933617775,985.1929266652714,1058.5552613425787,15,927.164726298862,1460.0667618918023,1779.67113981046,2002.9867106029983,2157.349957213943,15,0.0008619445990169953,0.0386692794920973,0.09526707529384976,0.18352822969942068,0.3524294100600161,15,0.20819123987229404,0.41057684311972564,0.7630831241169366,2.8595453046734987,83.74305051608653,15,0.0015253340256786774,0.003167270100867398,0.005708242015119395,0.02148758212969976,0.7745299576072834,15,0.21040038062035035,0.5484143794330545,1.139619781925522,4.667498023662208,140.82069105040625,15,1.945548601468054e-06,1.949821652047664e-06,1.9556641426314465e-06,1.9576022177389155e-06,1.9668135422536895e-06,15
source_reference_snr_100_strong,lower_cstar,200,0,0,200,0.0,0.0,0.01827534035513624,0,,,,,,,,,,,,,,,,,,,,,,,,,,,,,,,,,,,,,,,,,,,,,,,,,,,,,,,,,,,,,
source_reference_snr_100_strong,lower_intersection,200,200,0,0,1.0,0.9817246596448638,1.0,200,1.0,0.00364263510097756,0.0037387733836534666,0.0037824641924161864,0.0038476477824548314,0.004044671792605747,200,0.045041011833815196,0.04579819042415224,0.0460647449055687,0.04634696960468675,0.04737356505321432,200,12.336918065866119,12.946045381463017,13.180460066485754,13.346958872645853,13.750378804025399,200,1.133999848605595,1.1573332050055063,1.1769056833234164,1.2034271245663573,1.2942498629390815,200,2.307075107627807,2.3548730782163987,2.391905180840621,2.447338256947974,2.6307176015029077,200,0.9662192727907135,0.9674192883152103,0.9677908045261054,0.9680413943723792,0.968367759161926,200,0.07399462244363972,0.07468767006795275,0.07498112309155736,0.07522840601977242,0.0769324449828448,200,0.00045464553125591734,0.000521836325567979,0.0005570105642447624,0.0005999044721595792,0.0008194662927515037,200,0.0031344145028744277,0.0031912966657520214,0.0032175823333671252,0.003251010367662896,0.003463712060263142,200,1.9429773052586835e-06,1.9524544042846883e-06,1.9558677610106146e-06,1.9594866685786056e-06,1.979954544136133e-06,200
source_reference_snr_100_strong,supplied,200,200,0,0,1.0,0.9817246596448638,1.0,200,1.0,0.0032000283616767434,0.0032689889126538757,0.003301267156281394,0.00334310256081974,0.00354191983200919,200,0.048852569760654996,0.04959931437601537,0.049904399233702004,0.05020158535545296,0.051246547619509954,200,14.838857751247906,15.915600540227068,16.15948571972865,16.2928789021328,16.75331619510022,200,1.0,1.0,1.0,1.0,1.0,200,2.0287090882371928,2.0320642566284683,2.0333326100062177,2.0346507752685703,2.042433421878727,200,0.9702392082769072,0.9702960231291239,0.9703056567260671,0.9703149292231568,0.9703394716427843,200,0.06946476002289736,0.07002328413396429,0.07024440305072138,0.07048331135834796,0.07126844579332216,200,0.000424791297679335,0.0004884836871203099,0.0005202296949089414,0.0005602958312117145,0.0007689112679525239,200,0.002744097421631377,0.0027682094352539134,0.0027768221883967027,0.002785924665948275,0.002822190289073933,200,1.9556724395388606e-06,1.9637906562960805e-06,1.9668752573288344e-06,1.970140774397286e-06,1.9809433635025466e-06,200
source_reference_snr_100_strong,two_sided,200,200,0,0,1.0,0.9817246596448638,1.0,200,1.0,0.00843583970643786,0.010592634905522084,0.01270440818471976,0.015587288670432678,0.0210762990923303,200,0.02923692893095993,0.037060869174681536,0.04047787135795212,0.042639490067570965,0.04477586750720288,200,2.4125248768719008,3.365415478824435,4.146555339823593,5.009124949160345,6.276792229140216,200,7.1684191266710995,10.815978676376767,14.69122109991089,20.326234575456375,35.858133343031625,200,14.576424190890332,21.99053069170774,29.886699986256737,41.3258555291646,72.81331391565477,200,0.8213797434548542,0.8656421968851961,0.885819353983877,0.9021136082102322,0.9203555482990613,200,0.0736033658700916,0.07562649725789253,0.07726024658183929,0.07975531709418889,0.08700612402924458,200,0.00045051474053782226,0.0005399042727229648,0.0005740364255241394,0.0006198732503663859,0.0008420313611098048,200,0.00791669254344858,0.010056576550999773,0.01211501666509053,0.01490187984007704,0.020543904727505273,200,1.945548601468054e-06,1.9624449196030223e-06,1.966161460803965e-06,1.9694067249117263e-06,1.9809433635025466e-06,200
source_reference_snr_100_strong,two_sided_adaptive_bank,200,200,0,0,1.0,0.9817246596448638,1.0,200,1.0,0.008942614642968848,0.010848475422511989,0.011931127171671493,0.013471021469242417,0.01801990924219497,200,0.03084410174975426,0.03928693551577368,0.04087319779419024,0.04210980699570809,0.045322523797571665,200,2.7116679854041927,3.93896486263469,4.430499726668575,4.857299306998099,6.068151274214483,200,6.732315391084487,9.522876556408733,11.437531771882524,14.030427806017427,20.21289278540717,200,13.669486899295737,19.38295854652339,23.24876500084779,28.532274420979434,41.07226480172641,200,0.8565988325521137,0.8805653578193191,0.8922275134002083,0.9016229388494901,0.9174246018860174,200,0.07429412310091967,0.07598176342941433,0.07672139706849723,0.07784089701320122,0.0889044141883094,200,0.00045538551118833774,0.0005347848147266064,0.000568704279383034,0.0006170527378379391,0.0008309501638972498,200,0.008437962297663354,0.010283735374959933,0.011357098173096138,0.012871869687079478,0.017327441160455766,200,1.9346296148290205e-06,1.951428369892064e-06,1.9640463386099826e-06,1.969298873153626e-06,1.99331501324418e-06,200
source_reference_snr_100_strong,two_sided_intersection,200,131,0,69,0.655,0.5846927609896106,0.720634524028434,131,1.0,0.003556504784822166,0.003732313000226194,0.0037814901194038455,0.0038500906713658705,0.004044671792605747,131,0.04516907521779416,0.0458844615488906,0.046155395065111966,0.04638904692910864,0.04737356505321432,131,12.516392429869715,12.9719131555617,13.205274885754612,13.390406634968198,14.004070473988554,131,1.0680229429031605,1.152415240223639,1.1715786664868495,1.195378713951731,1.2942498629390815,131,2.1707654907559553,2.342503617407126,2.3807614394778884,2.4299079662631975,2.6307176015029077,131,0.9662192727907135,0.9675356506088962,0.9678660073868403,0.9681255336412709,0.9693174782612003,131,0.07399462244363972,0.0747031401559552,0.07499995773912743,0.07524288922344693,0.0769324449828448,131,0.000474845983496833,0.0005224389019665822,0.0005577134181924397,0.0005922162030456012,0.0007982381651184929,131,0.003041634774317263,0.0031848544289977843,0.0032084501635077805,0.003250111939176755,0.003463712060263142,131,1.9429773052586835e-06,1.9529696464452047e-06,1.956512580639113e-06,1.9597856534495058e-06,1.979954544136133e-06,131
source_reference_snr_100_strong,two_sided_intersection_maximum_scale,200,131,0,69,0.655,0.5846927609896106,0.720634524028434,131,1.0,0.004029978930637372,0.0042201844579504285,0.004276945876236972,0.0043506220244472985,0.004568884740415898,131,0.04466006519717083,0.0453723238842725,0.04565912085258474,0.045897018236485725,0.0468717743696233,131,11.079589738276319,11.455018394967293,11.658246885079999,11.81523547187129,12.352491370823666,131,1.0680229429031605,1.152415240223639,1.1715786664868495,1.195378713951731,1.2942498629390815,131,2.1707654907559553,2.342503617407126,2.3807614394778884,2.4299079662631975,2.6307176015029077,131,0.9662192727907135,0.9675356506088962,0.9678660073868403,0.9681255336412709,0.9693174782612003,131,0.08374245635348261,0.08459114552988703,0.08491944525151923,0.08522896124110094,0.08716721061560208,131,0.0005372889915041518,0.0005915233381407292,0.0006295181048552876,0.0006717070951827329,0.0009018046453877663,131,0.0034346367354711046,0.0036063269425954322,0.0036355023194907248,0.003680016741035716,0.003924509597167803,131,1.9429773052586835e-06,1.9529696464452047e-06,1.956512580639113e-06,1.9597856534495058e-06,1.979954544136133e-06,131
source_reference_snr_100_strong,two_sided_intersection_old_operator,200,131,0,69,0.655,0.5846927609896106,0.720634524028434,131,1.0,0.003713243628657134,0.0040394243855239225,0.004106255064009915,0.004202486942706892,0.0045367400705416516,131,0.04477117023067715,0.04552682082310362,0.04582261139346916,0.04606420724922589,0.04708778427736518,131,11.203508672987189,11.861078968351393,12.142035608023745,12.339298256604984,13.413184568005626,131,1.0680229429031605,1.152415240223639,1.1715786664868495,1.195378713951731,1.2942498629390815,131,2.1707654907559553,2.342503617407126,2.3807614394778884,2.4299079662631975,2.6307176015029077,131,0.9662192727907135,0.9675356506088962,0.9678660073868403,0.9681255336412709,0.9693174782612003,131,0.07399462244363972,0.0747031401559552,0.07499995773912743,0.07524288922344693,0.0769324449828448,131,0.000474845983496833,0.0005224389019665822,0.0005577134181924397,0.0005922162030456012,0.0007982381651184929,131,0.003200547263204712,0.0034830499055560184,0.003535301064206241,0.0036095070565798524,0.004005030877035992,131,1.9429773052586835e-06,1.9529696464452047e-06,1.956512580639113e-06,1.9597856534495058e-06,1.979954544136133e-06,131
source_reference_snr_100_strong,two_sided_maximum_scale,200,200,0,0,1.0,0.9817246596448638,1.0,200,1.0,0.009748746923410267,0.012236759969663656,0.01465543023734173,0.01768784774699047,0.023563761332204797,200,0.026528192407213703,0.034727994520783345,0.03848195661703541,0.041002571629027644,0.0433593559540321,200,2.133340395707979,2.929837329723947,3.610487598634456,4.341220273548265,5.431468631982794,200,7.1684191266710995,10.815978676376767,14.69122109991089,20.326234575456375,33.4158238749623,200,14.576424190890332,21.99053069170774,29.886699986256737,41.3258555291646,67.95655837270515,200,0.8274760705768089,0.8656421968851961,0.885819353983877,0.9021136082102322,0.9203555482990613,200,0.08506124833370761,0.0871419798693111,0.08903143395181484,0.09187939707324347,0.09839345586746634,200,0.0005209233663919528,0.000622380705096226,0.0006607433043666244,0.0007139330339338284,0.0009701507020231807,200,0.009149089073024657,0.011567429309029653,0.013909572732015069,0.016910694318561056,0.022854699708821927,200,1.945548601468054e-06,1.96199944005526e-06,1.966161460803965e-06,1.9694067249117263e-06,1.9809433635025466e-06,200
source_reference_snr_100_strong,two_sided_old_operator,200,200,0,0,1.0,0.9817246596448638,1.0,200,1.0,0.01635253224988644,0.02064766101590426,0.02482240972318627,0.03048916851050972,0.04071899240664537,200,0.009216282733767815,0.02215035377010287,0.028158353938549617,0.03274748991173327,0.0365974808657552,200,1.2263386736520452,1.711653392614809,2.1216164519806457,2.5716839450620625,3.2380314135145243,200,7.1684191266710995,10.815978676376767,14.69122109991089,20.326234575456375,32.56404482919885,200,14.576424190890332,21.99053069170774,29.886699986256737,41.3258555291646,66.331030012728,200,0.8295642819899431,0.8656421968851961,0.885819353983877,0.9021136082102322,0.9203555482990613,200,0.0736033658700916,0.07562649725789253,0.07726024658183929,0.07975531709418889,0.08700612402924458,200,0.00045051474053782226,0.0005402881763913107,0.000576870969000243,0.0006215152550017503,0.0008420313611098048,200,0.01583338508689716,0.020113153101999546,0.02423003333018106,0.02980375968015408,0.04004129239438423,200,1.945548601468054e-06,1.9619000913231687e-06,1.9660010961879685e-06,1.969298908879357e-06,1.9809433635025466e-06,200
source_reference_snr_100_strong,two_sided_shape_1/2,200,200,0,0,1.0,0.9817246596448638,1.0,200,1.0,0.00592481217849073,0.007352568781010987,0.008744117196377434,0.01059883386296049,0.015026389569895503,200,0.036125396451417394,0.0422056714307907,0.044503578363709134,0.04585531243444591,0.04756455384538474,200,3.5123431734278423,4.9798647878805875,6.025683091397419,7.216602879828317,8.936994375597232,200,7.1684191266710995,10.815978676376767,14.69122109991089,20.326234575456375,40.07745188569093,200,7.288212095445166,10.99526534585387,14.943349993128368,20.6629277645823,40.80019962417498,200,0.8665014080011197,0.9051252842265998,0.9193565388318101,0.9308533630258022,0.9437289325149789,200,0.071780427427925,0.07326504217306029,0.07434861420628078,0.07605717004882494,0.08218459891417308,200,0.0004385473250247165,0.0005198436558454695,0.0005518087114753778,0.0005964850247453359,0.0008036148272124405,200,0.005418474190977466,0.006829698856669802,0.008162767584890696,0.009963482039481044,0.014327747789943418,200,1.945548601468054e-06,1.9629411447002113e-06,1.9665100539455442e-06,1.969626123417054e-06,1.9809433635025466e-06,200
source_reference_snr_100_strong,two_sided_shape_2/3,200,200,0,0,1.0,0.9817246596448638,1.0,200,1.0,0.006843916236950836,0.008532194370796857,0.010180942434622881,0.012402747706436124,0.017168550948751044,200,0.03366431649670082,0.04034180413010955,0.043095930093184256,0.044671836462025785,0.04652904877414007,200,3.068981750482773,4.2465137715556525,5.170734709663389,6.218454707472728,7.736800288372964,200,7.1684191266710995,10.815978676376767,14.69122109991089,20.326234575456375,37.757588845223495,200,9.717616127260222,14.660353794471828,19.92446665750449,27.550570352776404,51.21482087064983,200,0.8503464184929668,0.8903917932595615,0.9068402205823216,0.9201263710426051,0.9350039024533934,200,0.07245024964524277,0.07414294109236044,0.07541309190920312,0.0773849938370863,0.0839196223606622,200,0.0004429393618298312,0.0005273103382762124,0.0005600290815582164,0.0006046953519422865,0.0008175327510235127,200,0.00633287163394201,0.008005178886820827,0.009595536828523557,0.01174535849646794,0.01654597909792717,200,1.945548601468054e-06,1.9627564845927932e-06,1.9662713956832445e-06,1.9694067249117263e-06,1.9809433635025466e-06,200
source_reference_snr_10_null,baseline/imaginary_coherency,400,36,364,0,0.09,0.06383147319268315,0.12241988689032242,400,0.09,,,,,,,,,,,,,,,,,,,,,,,,,,,,,,,,,,,,,,,,,,,,,,,,,,,,,,,,,,,,
source_reference_snr_10_null,baseline/independent_windows,400,0,400,0,0.0,0.0,0.00917980458366526,400,0.0,0.005101691768588126,0.0052631543436910695,0.005321501836305075,0.005379874618834508,0.005585731579307923,400,,,,,,,,,,,,,,,,,,,,,,,,,,,,,,,,,,,,,,,,,,,,,,,,,,,,,,
source_reference_snr_10_null,baseline/independent_windows_phase_adjusted,400,0,400,0,0.0,0.0,0.00917980458366526,400,0.0,0.011524868116670283,0.012560778858092649,0.013119626680932424,0.0137450229686376,0.016699045990186467,400,,,,,,,,,,,,,,,,,,,,,,,,,,,,,,,,,,,,,,,,,,,,,,,,,,,,,,
source_reference_snr_10_null,baseline/moving_block,400,0,400,0,0.0,0.0,0.00917980458366526,400,0.0,,,,,,,,,,,,,,,,,,,,,,,,,,,,,,,,,,,,,,,,,,,,,,,,,,,,,,,,,,,,
source_reference_snr_10_null,baseline/moving_block_phase_adjusted,400,0,400,0,0.0,0.0,0.00917980458366526,400,0.0,,,,,,,,,,,,,,,,,,,,,,,,,,,,,,,,,,,,,,,,,,,,,,,,,,,,,,,,,,,,
source_reference_snr_10_null,lag,400,0,400,0,0.0,0.0,0.00917980458366526,400,0.0,0.00987166627163411,0.010130607739671907,0.010248422118585971,0.010381085383084639,0.010822548469328296,400,-0.010699503689527637,-0.010101454039427072,-0.009872681235027578,-0.009609259421370241,-0.008398904793952547,400,2.0825098065467467e-05,0.01708054422624438,0.035484752248093686,0.06017459820947899,0.1699966702019048,400,1.9429003757041456,2.102639088925594,2.157953486974615,2.215564583860652,2.3630247198307304,400,3.9564070811639986,4.274778409480836,4.389793682042685,4.506837781590377,4.803686420716782,400,0.9543332127262285,0.9557689534105378,0.9563479664347865,0.9569244889951557,0.9585619643258698,400,0.1510033918332529,0.15492744705683278,0.15579380502752177,0.15677781963992404,0.15988326970050168,400,0.0009528573883472364,0.0010794360783780556,0.00114175449497423,0.001248060610799933,0.0016322175554858594,400,0.008762088147661726,0.009013122090846069,0.009085942577868966,0.009167177779045936,0.009408964692311124,400,2.702567620186507e-06,2.7349591740515957e-06,2.742587713329478e-06,2.7508645878279126e-06,2.7787904805997016e-06,400
source_reference_snr_10_null,lower_cn,400,0,280,120,0.0,0.0,0.00917980458366526,280,0.0,0.2582848045228858,0.26296373715399224,0.38160169767929264,0.6889529786751107,39.38987365453585,280,-39.389515530994466,-0.6882591047618672,-0.3809574581750238,-0.2624028216216455,-0.2579054650275464,280,2.3984084390583678e-06,0.00032547501115469575,0.0008494588397657724,0.0017232288710546525,0.007371631024573735,280,361.0,361.0,472.05817816237266,644.5495082501213,1050.4842333507777,280,732.628453440154,734.7440807669464,960.3372860768189,1310.4080810963737,2138.731361225912,280,0.005324462913856065,0.22696575947243594,0.3406917041521277,0.4249127743894996,0.42575745569361284,280,0.29005940087548193,0.29541251069411045,0.36725864902137406,0.5518903603997406,23.428603883113638,280,0.0017996072931072192,0.002280176768011781,0.0027608288864786577,0.0042898340182916895,0.204161845855441,280,0.2559837700017538,0.26049427758092936,0.37885590280679377,0.6847368332101049,39.185709105450236,280,2.6898994360586413e-06,2.7060630172920614e-06,2.7105797703230766e-06,2.7146818942120587e-06,2.7310694337953495e-06,280
source_reference_snr_10_null,lower_cstar,400,0,149,251,0.0,0.0,0.00917980458366526,149,0.0,0.259311132334676,0.393070746155,0.8122085860375723,2.43699981491876,470.6805815250056,149,-470.6801768320977,-2.4362034370145684,-0.8117329547108632,-0.3919880131053151,-0.2588308494444251,149,8.598037051613583e-07,0.00011109077323339106,0.00034018901104933253,0.0012491801414695094,0.0059123347393503405,149,361.0,483.52486241670476,689.7805125661538,905.2543416868928,1063.3083109927234,149,732.628453440154,982.1555265869599,1400.6552416607558,1842.7629260851666,2159.078432606185,149,0.00044857864264882395,0.07888418717655603,0.20008734597552652,0.3330764901174039,0.42575745569361284,149,0.29098177748190185,0.3735930357600188,0.6258495266891134,1.588149006569377,278.58423658846925,149,0.0018211533865245884,0.0028340948915460944,0.0047888883102792205,0.011674273980979644,1.9857240741169893,149,0.25690393054393806,0.39055585789639763,0.808179544279844,2.423004495529443,468.69485474445366,149,2.6898994360586413e-06,2.7059058078601084e-06,2.7103207882017507e-06,2.7145725540106387e-06,2.7295330611274537e-06,149
source_reference_snr_10_null,lower_intersection,400,0,400,0,0.0,0.0,0.00917980458366526,400,0.0,0.00988456664357652,0.01014381265799119,0.010261817163191531,0.010394546317397852,0.010835903197984985,400,-0.010713291657517648,-0.010115068578588206,-0.009885873216698413,-0.009622564253127276,-0.008412274140441364,400,2.0798253580266275e-05,0.017058509184452317,0.03543913257990061,0.060096220492060176,0.1697723675746852,400,1.948214260567888,2.108448013646314,2.163882801206087,2.2216069225984687,2.3695140089248437,400,3.9672279611052983,4.286545470929758,4.401901857519137,4.5191607121536705,4.81687820395963,400,0.9542704504140582,0.9557084307030557,0.9562877136878967,0.9568651535159346,0.9585052533344364,400,0.15101319566089183,0.15493732064041263,0.1558035681980922,0.15678757218656153,0.15989299267748655,400,0.0009529163461923726,0.0010795038486344382,0.0011418271906324092,0.0012481407939707798,0.0016323179392863346,400,0.008774827419101834,0.009026220642148591,0.00909913958451172,0.009180492623480916,0.009422545295122526,400,2.702567620186507e-06,2.7349591740515957e-06,2.742587713329478e-06,2.7508645878279126e-06,2.7787904805997016e-06,400
source_reference_snr_10_null,supplied,400,0,400,0,0.0,0.0,0.00917980458366526,400,0.0,0.0057288278060340335,0.005855499209944642,0.005907647594983515,0.005995116166504503,0.0063220453481784055,400,-0.006238055535197852,-0.0057219578209629475,-0.005496920654188495,-0.005198913782753499,-0.0037443670357480627,400,0.00033276593646602756,0.03298469247394638,0.07231693395823793,0.12247563144969913,0.3571383076705048,400,1.0,1.0,1.0,1.0,1.0,400,2.027884828467248,2.0319407309197777,2.0332867340788727,2.034754122025286,2.0399272412815277,400,0.9702574920783757,0.9702952679676317,0.9703059920588788,0.9703158324316326,0.970345504044649,400,0.124524138685245,0.1256985806442013,0.12608872761415574,0.12642028685985088,0.12742720999835375,400,0.00076697054957687,0.0008701168516716996,0.0009279030581241584,0.001008449611238847,0.0013106855230688886,400,0.004920437989744221,0.00496864801876644,0.004984213036775857,0.004997094595257609,0.0050390926705768295,400,2.7869418528347765e-06,2.799494445517998e-06,2.8041216576549776e-06,2.8082621451318793e-06,2.8204736417737226e-06,400
source_reference_snr_10_null,two_sided,400,0,400,0,0.0,0.0,0.00917980458366526,400,0.0,0.015385501661164236,0.019468882098948537,0.02264345056078552,0.02633496680394653,0.06977166788758037,400,-0.06928223360466883,-0.025939323222679795,-0.022090059856755738,-0.019134517990193393,-0.014950316950977875,400,5.9093685763737406e-05,0.00770773480393695,0.01770425368162163,0.031184991676975627,0.11440687059468943,400,7.3658440351772985,10.938734550778216,14.244271997181254,18.506207276480428,66.86441179652282,400,14.967492687645327,22.234791524894177,28.941835821670697,37.65888267361852,136.0248610429993,400,0.7553055156765461,0.8717670241058945,0.8876459446408405,0.9015690781356891,0.9192912322924924,400,0.13278729178363505,0.13815016542101438,0.14032570592936658,0.14284808687780737,0.19691071483104128,400,0.0008235189916732988,0.0009682016851856111,0.0010398008929632845,0.0011296073396393053,0.0016751410111640666,400,0.01447769389433655,0.018482492466804668,0.021535224826261072,0.02522870382409066,0.06809378504062234,400,2.6898994360586413e-06,2.709012315798815e-06,2.71493529382826e-06,2.798739041158206e-06,2.8173011302581195e-06,400
source_reference_snr_10_null,two_sided_adaptive_bank,400,0,400,0,0.0,0.0,0.00917980458366526,400,0.0,0.01643958486571993,0.0196020034365808,0.021761856560821757,0.023931278738704178,0.06246580318422062,400,-0.06197665079517934,-0.023415255660964265,-0.021279610836190697,-0.019203712152063915,-0.01541067178086399,400,0.00010932930716431439,0.00900527622841944,0.018236335950045722,0.03230193263787611,0.10266669572208068,400,7.257327183378469,9.66966531582445,11.61222260072268,13.6324918554842,40.44884170406936,400,14.735080594727227,19.647830956461327,23.60949933582896,27.742438235447715,82.2866443346539,400,0.7966562501160886,0.8822360356301739,0.8913918250322445,0.9009510208567766,0.9142581635979832,400,0.13305559707788264,0.13578225167738417,0.137801280810744,0.14064225651253345,0.21113579887832948,400,0.0008334670656598737,0.0009589579587895576,0.001023707602318122,0.0011132809006385645,0.001796155358683523,400,0.015589869774279745,0.018597128827527374,0.020722230002359204,0.022938966563233392,0.060666839438706474,400,2.6795895687959823e-06,2.7342956112286033e-06,2.7457055054017407e-06,2.7537176687350464e-06,2.811927694732202e-06,400
source_reference_snr_10_null,two_sided_intersection,400,0,73,327,0.0,0.0,0.00917980458366526,73,0.0,0.00967779459949551,0.010127615699751711,0.01025956351066295,0.010421376286157545,0.010764802934850697,73,-0.010462943645156693,-0.010086914795861004,-0.009885255845897912,-0.00943554946505243,-0.00828328858304865,73,0.0014825332903477065,0.019857653753393215,0.039524530153085255,0.06886438934808947,0.17196141852811692,73,1.916751718802486,2.1172999135033312,2.174227762669327,2.2269244528142167,2.338036639155254,73,3.902795803878031,4.308533478080077,4.4152197971376665,4.531527481201907,4.753118177231026,73,0.9545745998021773,0.9556477753251675,0.9562215361745624,0.9567544957046124,0.9588440824996384,73,0.15101319566089183,0.1548289507916423,0.15545825499896168,0.15612073656382375,0.15870496087642372,73,0.0009545744110984506,0.001047838801549508,0.0011172121464396122,0.0012499389174583174,0.0015144430757988868,73,0.008581925340722793,0.009016394282962796,0.009103335116104757,0.009205571901108834,0.009369201068352314,73,2.702567620186507e-06,2.7342596381806744e-06,2.740285845939613e-06,2.745671674969326e-06,2.7659830524292604e-06,73
source_reference_snr_10_null,two_sided_intersection_maximum_scale,400,0,73,327,0.0,0.0,0.00917980458366526,73,0.0,0.016343539032154273,0.017101873653767512,0.017404027589798397,0.017666137804179166,0.018360753881631116,73,-0.017967770196378872,-0.01726303409968738,-0.016967404132301477,-0.01645617655072091,-0.015150066714641499,73,0.0008717295954377443,0.011671821398345649,0.023291432051359424,0.04046887239277893,0.10196728402937025,73,1.916751718802486,2.1172999135033312,2.174227762669327,2.2269244528142167,2.338036639155254,73,3.902795803878031,4.308533478080077,4.4152197971376665,4.531527481201907,4.753118177231026,73,0.9545745998021773,0.9556477753251675,0.9562215361745624,0.9567544957046124,0.9588440824996384,73,0.2585789756778771,0.2622387592516835,0.2632579089360894,0.2644738042001309,0.2674767494319846,73,0.0016213072427490158,0.001773076309014297,0.0019016609028477093,0.0021188621283290306,0.0025685619053426338,73,0.014495602752127745,0.015227995829893832,0.01542380046075464,0.015609521366264374,0.015917118594158557,73,2.702567620186507e-06,2.7342596381806744e-06,2.740285845939613e-06,2.745671674969326e-06,2.7659830524292604e-06,73
source_reference_snr_10_null,two_sided_intersection_old_operator,400,0,73,327,0.0,0.0,0.00917980458366526,73,0.0,0.013240297674564647,0.014440709197915461,0.014777235400951856,0.015104717413188215,0.015793868978305165,73,-0.01540088529305292,-0.014747421617677583,-0.01440560111616175,-0.01378891516304826,-0.01248518480345405,73,0.001019029767021903,0.013497227254001761,0.027035828466111935,0.048207480231149145,0.1210959770620743,73,1.916751718802486,2.1172999135033312,2.174227762669327,2.2269244528142167,2.338036639155254,73,3.902795803878031,4.308533478080077,4.4152197971376665,4.531527481201907,4.753118177231026,73,0.9545745998021773,0.9556477753251675,0.9562215361745624,0.9567544957046124,0.9588440824996384,73,0.15101319566089183,0.1548289507916423,0.15545825499896168,0.15612073656382375,0.15870496087642372,73,0.0009545744110984506,0.001047838801549508,0.0011172121464396122,0.0012499389174583174,0.0015144430757988868,73,0.01205753480214044,0.013334204266347644,0.01363389748349041,0.01390752213478942,0.014411121294361904,73,2.702567620186507e-06,2.7342596381806744e-06,2.740285845939613e-06,2.745671674969326e-06,2.7659830524292604e-06,73
source_reference_snr_10_null,two_sided_maximum_scale,400,0,400,0,0.0,0.0,0.00917980458366526,400,0.0,0.03158364194659526,0.038830618008231246,0.04466462059289522,0.05207368681075382,0.11861139431242687,400,-0.11812196002951533,-0.05147604534122129,-0.044087284809872784,-0.03839517679921203,-0.031018643959640546,400,3.0078056296411176e-05,0.00393688120933671,0.008976382988763468,0.015438721433692444,0.05861550371912965,400,7.3658440351772985,10.938734550778216,14.244271997181254,18.506207276480428,66.86441179652282,400,14.967492687645327,22.234791524894177,28.941835821670697,37.65888267361852,136.0248610429993,400,0.7553055156765461,0.8717670241058945,0.8876459446408405,0.9015690781356891,0.9192912322924924,400,0.26536544025725695,0.2736008081169851,0.27858317107990266,0.28573058070675184,0.3347523871441667,400,0.0016825191042558452,0.0019186950209222346,0.002072410016310417,0.0022353633913060225,0.002959178086094874,400,0.029722849164958935,0.036659028871928866,0.04251882711872594,0.05001923734941969,0.11576087726657681,400,2.6898994360586413e-06,2.7088550596142634e-06,2.7145905820214957e-06,2.7979697151713434e-06,2.8173011302581195e-06,400
source_reference_snr_10_null,two_sided_old_operator,400,0,400,0,0.0,0.0,0.00917980458366526,400,0.0,0.029863195555500786,0.03792356960189772,0.04418490832246029,0.05163795194786617,0.1378654529282027,400,-0.13737601864529117,-0.051191599721039406,-0.04355953433747534,-0.037675218999155526,-0.029536287486671576,400,3.0122724722655366e-05,0.003940783824237976,0.009080433101933568,0.01594503545646093,0.05878126126365657,400,7.3658440351772985,10.938734550778216,14.244271997181254,18.506207276480428,66.86441179652282,400,14.967492687645327,22.234791524894177,28.941835821670697,37.65888267361852,136.0248610429993,400,0.7553055156765461,0.8717670241058945,0.8876459446408405,0.9015690781356891,0.9192912322924924,400,0.13278729178363505,0.13815016542101438,0.14032570592936658,0.14284808687780737,0.19691071483104128,400,0.0008235189916732988,0.0009682016851856111,0.0010398008929632845,0.0011296073396393053,0.0016751410111640666,400,0.0289553877886731,0.036964984933609335,0.043070449652522144,0.05045740764818132,0.13618757008124469,400,2.6898994360586413e-06,2.709012315798815e-06,2.71493529382826e-06,2.798739041158206e-06,2.8173011302581195e-06,400
source_reference_snr_10_null,two_sided_shape_1/2,400,0,400,0,0.0,0.0,0.00917980458366526,400,0.0,0.010789597157651539,0.013534587601692084,0.015605037861649119,0.0179779145319554,0.0445316817565496,400,-0.04404224747363806,-0.017475603090744925,-0.015041019654317755,-0.013181569858832894,-0.009854757866308036,400,8.735755374555935e-05,0.011213530835782238,0.025517491662765783,0.045012545685864006,0.16386894689978657,400,7.3658440351772985,10.938734550778216,14.244271997181254,18.506207276480428,66.86441179652282,400,7.483746343822664,11.117395762447089,14.470917910835349,18.82944133680926,68.01243052149965,400,0.8274047364032812,0.9094446027251462,0.9206451475133082,0.9304690940302972,0.9429775833035589,400,0.12945185045535104,0.13366524604009078,0.13530250791167325,0.1369336528536901,0.17975211219386386,400,0.0007985403999922552,0.0009351720522813583,0.0009959761263696842,0.001084394794326764,0.0015291708998043739,400,0.009904522058430657,0.012546764157027445,0.014530751193071557,0.016895822858005272,0.04299976902095126,400,2.6898994360586413e-06,2.7090491700392025e-06,2.71493529382826e-06,2.7988025931086224e-06,2.8173011302581195e-06,400
source_reference_snr_10_null,two_sided_shape_2/3,400,0,400,0,0.0,0.0,0.00917980458366526,400,0.0,0.012471348946630987,0.015695834998429876,0.018165217677748396,0.02099401452835723,0.0533280017211312,400,-0.052838567438219665,-0.020526386865082638,-0.017554026141058197,-0.015366617994047444,-0.011716728792475165,400,7.453177669415782e-05,0.009641915754765562,0.02200023142612931,0.038738017451895354,0.14151279734172148,400,7.3658440351772985,10.938734550778216,14.244271997181254,18.506207276480428,66.86441179652282,400,9.97832845843022,14.823194349929452,19.29455721444713,25.10592178241235,90.68324069533286,400,0.8005187733516634,0.8953843102261432,0.9083294654382481,0.919682322533277,0.9341357861428174,400,0.13067714020528665,0.13530594011845193,0.13711352614877104,0.13903716560782853,0.18578920814685465,400,0.0008076843814163998,0.0009487443075545178,0.0010100487866721158,0.0010997572693706827,0.0015805291360885948,400,0.011577922897156203,0.014708959932956546,0.01707233131968386,0.019905524649244825,0.05174473074924865,400,2.6898994360586413e-06,2.709012315798815e-06,2.7148814364478916e-06,2.798739041158206e-06,2.8173011302581195e-06,400
source_reference_snr_10_strong,baseline/imaginary_coherency,200,200,0,0,1.0,0.9817246596448638,1.0,200,1.0,,,,,,,,,,,,,,,,,,,,,,,,,,,,,,,,,,,,,,,,,,,,,,,,,,,,,,,,,,,,
source_reference_snr_10_strong,baseline/independent_windows,200,200,0,0,1.0,0.9817246596448638,1.0,200,1.0,0.005040811976648451,0.005248766902851733,0.005305338591568242,0.0053662220458584094,0.005585776418110885,200,,,,,,,,,,,,,,,,,,,,,,,,,,,,,,,,,,,,,,,,,,,,,,,,,,,,,,
source_reference_snr_10_strong,baseline/independent_windows_phase_adjusted,200,200,0,0,1.0,0.9817246596448638,1.0,200,1.0,0.011462644167087484,0.012539284479172363,0.013069064786267138,0.013572248157124711,0.016151250016344213,200,,,,,,,,,,,,,,,,,,,,,,,,,,,,,,,,,,,,,,,,,,,,,,,,,,,,,,
source_reference_snr_10_strong,baseline/moving_block,200,200,0,0,1.0,0.9817246596448638,1.0,200,1.0,,,,,,,,,,,,,,,,,,,,,,,,,,,,,,,,,,,,,,,,,,,,,,,,,,,,,,,,,,,,
source_reference_snr_10_strong,baseline/moving_block_phase_adjusted,200,200,0,0,1.0,0.9817246596448638,1.0,200,1.0,,,,,,,,,,,,,,,,,,,,,,,,,,,,,,,,,,,,,,,,,,,,,,,,,,,,,,,,,,,,
source_reference_snr_10_strong,lag,200,200,0,0,1.0,0.9817246596448638,1.0,200,1.0,0.0099031260633494,0.010152550249237526,0.0102691836402308,0.01036682883759824,0.010809020739517897,200,0.03429035985821165,0.0352306657724482,0.03566323515323001,0.03607524360755151,0.037329135661398505,200,4.235596837807464,4.417862819442369,4.459902810805506,4.531720360350753,4.7407972185514184,200,1.9696303330673053,2.1248630221636935,2.1760373070616215,2.220819254295601,2.4603134691693205,200,4.00189804360643,4.323087925754151,4.424017410082213,4.514004324100445,5.005922463160172,200,0.9533802740821382,0.955733746026992,0.9561778753111814,0.9566814033874502,0.9583240688646077,200,0.1516967593299959,0.15442024521966746,0.15557398796709493,0.15660063540395108,0.16012042844692048,200,0.0009533802170636693,0.0010798790212953307,0.0011446249862086218,0.0012248903010204436,0.0015885928741490838,200,0.008869958672475042,0.009029378905150837,0.0091080047921753,0.009181730605739007,0.0094913269333309,200,2.7082074747142067e-06,2.7307436642008137e-06,2.741000637632283e-06,2.7494001169147654e-06,2.7784263052974966e-06,200
source_reference_snr_10_strong,lower_cn,200,0,146,54,0.0,0.0,0.01827534035513624,146,0.0,0.25545784342302474,0.264072540592797,0.4720483891180487,0.9095828707217771,417.31331312329166,146,-417.2635217668719,-0.8595065041955795,-0.4224963015960757,-0.21409070241649006,-0.20867433086775608,146,0.00011931408573355662,0.055059395002298665,0.10497562884559353,0.18594178324636018,0.19564157768746496,146,309.66648349302875,361.0,536.1246844091042,716.0619907883691,1063.1243333322443,146,629.2470982796176,734.8354211861051,1090.8515836194945,1456.2229987530159,2158.815882399421,146,0.0005113577061798192,0.1839476048463357,0.29628913128575685,0.42487633256988133,0.4685719731459978,146,0.29054043760666065,0.29701768601886064,0.4214293145148894,0.6840618787360476,247.0808384606832,146,0.0018456283524491983,0.0022816756807543578,0.0032222546375472137,0.0053682120228395365,1.651694696774727,146,0.25327506545388456,0.2617782571649065,0.46873228747216267,0.9043358545595255,415.6616157038364,146,2.6904415713776914e-06,2.7045305781135023e-06,2.7115367307276524e-06,2.7157291097663888e-06,2.7279489858040802e-06,146
source_reference_snr_10_strong,lower_cstar,200,0,64,136,0.0,0.0,0.01827534035513624,64,0.0,0.2600439756889366,0.44152830520388614,0.8833090618609472,1.6865484390146714,79.5798680987446,64,-79.52968792449039,-1.6365506279298614,-0.8325715002862497,-0.39179259341552614,-0.21154107989177207,64,0.000630563677134199,0.029646088227262078,0.05789012868392582,0.11272260411049606,0.19401844282763667,64,361.0,515.3468432090833,707.8778985570179,848.6799008316785,1057.570514225665,64,733.5576001529263,1047.6594104139508,1439.3104581212867,1727.2173481552736,2149.935077034482,64,0.0026369794508456033,0.10909702170170259,0.18885154965641443,0.3107093552900668,0.4253863421012178,64,0.292608831806087,0.40389112231884344,0.6689119339199345,1.1436770042203657,47.20940257884585,64,0.002033041690921315,0.0029581837377640544,0.004880543368277323,0.008798359494757416,0.3629416418060788,64,0.25800822828940784,0.4386755025059357,0.8783292589400529,1.6770499740786882,79.21692375436645,64,2.6904415713776914e-06,2.7031662660349588e-06,2.7102695884076866e-06,2.714835139338596e-06,2.7245629361308606e-06,64
source_reference_snr_10_strong,lower_intersection,200,200,0,0,1.0,0.9817246596448638,1.0,200,1.0,0.009916160339150116,0.0101657917237706,0.010282415716805965,0.01038027650514878,0.010822473036001668,200,0.0342771784346109,0.03521731699666171,0.03564991510054981,0.036061979739283156,0.03731611748483232,200,4.230268224893167,4.4121224995193264,4.454158950714458,4.525759158692473,4.7346205887526285,200,1.975062880749276,2.130682778749087,2.1819607822906875,2.2269296953109237,2.466995055221761,200,4.012935902627631,4.334945236874662,4.4360645761389925,4.526389598944683,5.019517276231185,200,0.9533169095493205,0.9556729654044501,0.9561181572640904,0.9566219466896865,0.9582665498113447,200,0.15170651812619984,0.15442998905585098,0.155583780288485,0.15661038668740737,0.1601303103066628,200,0.0009534414110938155,0.0010799479025066067,0.0011446981073479536,0.0012249692475905846,0.0015886921408941805,200,0.008882969307654517,0.009042428755623026,0.009121263586619181,0.0091950534301802,0.009505032984713967,200,2.7082074747142067e-06,2.7307436642008137e-06,2.741000637632283e-06,2.7494001169147654e-06,2.7784263052974966e-06,200
source_reference_snr_10_strong,supplied,200,200,0,0,1.0,0.9817246596448638,1.0,200,1.0,0.005727341154165301,0.00585309333053695,0.005910825350745384,0.005989872398982792,0.006306379853883304,200,0.04550024809012953,0.04674558582509357,0.04721232032387784,0.04765603713120139,0.04900190216275465,200,8.499064234494133,8.868465537290096,8.970018097000114,9.084629971095499,9.39601327261744,200,1.0,1.0,1.0,1.0,1.0,200,2.029278850420021,2.0320443790508538,2.03306642506901,2.0346883787524948,2.0397628762039397,200,0.9702586915927655,0.9702957483566215,0.9703076024735725,0.9703150745642987,0.9703353025138323,200,0.12434984928589468,0.12562601374320942,0.1260667388346948,0.12645251625170204,0.12752223303950203,200,0.0007789797973218712,0.00087232435769873,0.0009274951384377727,0.000991370435544904,0.0012824944560631455,200,0.0049149481114577915,0.004965292477631767,0.004984318006097048,0.004999555821346359,0.005039861337634447,200,2.78503081374955e-06,2.799497325020907e-06,2.8037910084980547e-06,2.8089104344517403e-06,2.8239012656938454e-06,200
source_reference_snr_10_strong,two_sided,200,199,1,0,0.995,0.9724581015427943,0.999873418972133,200,0.995,0.01576622059385107,0.01934460234987652,0.022960560435291592,0.02698451889130884,0.07851668734570108,200,-0.033776363330170533,0.02390727213576896,0.027937573077430725,0.030949954967510393,0.03827487397691672,200,0.5698193024693388,1.889175423263938,2.1912449761808603,2.599341297537555,3.3900133001658466,200,7.504462624269286,10.744565296128188,14.470884435921736,19.392393203817026,81.0,200,15.266373085914204,21.8659177166627,29.465900685248585,39.4515186095404,164.5932565440084,200,0.7306051317480379,0.8687366353348646,0.8866294435177147,0.90239177594324,0.9184871019038519,200,0.133069328692658,0.13777534332980143,0.14052407908816406,0.14312231122856212,0.2012339231667646,200,0.0008523067715846271,0.0009648864988175039,0.0010409220447844657,0.0011204017128201974,0.001437336440604732,200,0.01470970753144174,0.01838870330006925,0.021845299582749736,0.02589210932263887,0.0771157891743728,200,2.6904415713776914e-06,2.70830978824709e-06,2.7169183157243197e-06,2.8000812716224934e-06,2.8239012656938454e-06,200
source_reference_snr_10_strong,two_sided_adaptive_bank,200,199,1,0,0.995,0.9724581015427943,0.999873418972133,200,0.995,0.016769592137725907,0.01919436540860551,0.021853566587003995,0.02394581892093786,0.06937656347152,200,-0.026125305243369815,0.026758051328357627,0.029896223641703953,0.0322982087088283,0.03751956919925592,200,0.623427510154858,2.121762144734961,2.3856466652600803,2.705934642693583,3.2088341865453067,200,7.298582145174685,9.35726929149284,11.605220604158173,13.561198025550677,49.0,200,14.853724007062747,19.022371019052617,23.600355832896184,27.559644488219263,99.56876013156062,200,0.7761815865551609,0.8826260551877867,0.891412962436851,0.9025452594676208,0.9139127620862734,200,0.1332912158384671,0.13530437158425698,0.1375802324601975,0.1404832771397203,0.21344885659436885,200,0.0008340691471319974,0.0009540832735469498,0.0010263965248879894,0.0011005974590985752,0.0014830393930946608,200,0.015767953946620002,0.018194313105593947,0.020873441644372298,0.022971767012281038,0.06789073489040967,200,2.6817118462749724e-06,2.7383534357652685e-06,2.7467745990007754e-06,2.755884172343641e-06,2.812834382077648e-06,200
source_reference_snr_10_strong,two_sided_intersection,200,36,0,164,0.18,0.12936892834839725,0.24038109688400738,36,1.0,0.00970891821978826,0.010163213445440274,0.010263086377795053,0.01036664099481122,0.010489799099525127,36,0.03429742773235164,0.03504584319213494,0.03558603783245892,0.03583130131889013,0.03715730703720587,36,4.278447991550232,4.420454702188089,4.463187277199532,4.51124122049126,4.66086458784519,36,1.9241911121458448,2.13272985702001,2.194478336257857,2.227037189238115,2.292375935279838,36,3.9154067019212495,4.337101229031916,4.464028609790148,4.528339915200884,4.665716654366913,36,0.9549948481309294,0.9556634015090586,0.9559798518143316,0.9566111449125412,0.9587775473635722,36,0.1517487651794117,0.15412482742191655,0.1553094824913046,0.1562775135018367,0.15872189357204683,36,0.000974905709881844,0.0010941219714178676,0.001153194737291537,0.0012230289604638575,0.0013925664588618975,36,0.008477454733020048,0.009047776268687746,0.009120864089173994,0.009175594523232633,0.009317545411480431,36,2.7082074747142067e-06,2.7298327672088996e-06,2.738051409872052e-06,2.7480457632847143e-06,2.76570594462591e-06,36
source_reference_snr_10_strong,two_sided_intersection_maximum_scale,200,36,0,164,0.18,0.12936892834839725,0.24038109688400738,36,1.0,0.016442626283262207,0.017111257690511437,0.017453354824091227,0.017637349545544675,0.017880868809518204,36,0.027004136934109038,0.02803565543434717,0.028353770893131278,0.028877324669819984,0.030137020096128238,36,2.520950778233497,2.5976439593973413,2.6368007737124115,2.6730695567552587,2.7703192941628974,36,1.9241911121458448,2.13272985702001,2.194478336257857,2.227037189238115,2.292375935279838,36,3.9154067019212495,4.337101229031916,4.464028609790148,4.528339915200884,4.665716654366913,36,0.9549948481309294,0.9556634015090586,0.9559798518143316,0.9566111449125412,0.9587775473635722,36,0.25897190925743746,0.2616844424616492,0.2632685660958582,0.26486213577583145,0.26832277536446586,36,0.0016432612626234204,0.0018570457718523814,0.0019638370446659445,0.002054638182366171,0.0023636555890259522,36,0.014358724069330135,0.015280520504006103,0.015454637324367351,0.015598803686037228,0.01593010289536829,36,2.7082074747142067e-06,2.7298327672088996e-06,2.738051409872052e-06,2.7480457632847143e-06,2.76570594462591e-06,36
source_reference_snr_10_strong,two_sided_intersection_old_operator,200,36,0,164,0.18,0.12936892834839725,0.24038109688400738,36,1.0,0.01316118809667973,0.014474570147997003,0.014834519415084152,0.015014830691348945,0.01536867846610041,36,0.029546736370836733,0.03059544881311696,0.030944682229226216,0.03153454051172649,0.032946555933316565,36,2.944684630239758,3.0305914805460796,3.097587099438864,3.185335718916559,3.4382878494314744,36,1.9241911121458448,2.13272985702001,2.194478336257857,2.227037189238115,2.292375935279838,36,3.9154067019212495,4.337101229031916,4.464028609790148,4.528339915200884,4.665716654366913,36,0.9549948481309294,0.9556634015090586,0.9559798518143316,0.9566111449125412,0.9587775473635722,36,0.1517487651794117,0.15412482742191655,0.1553094824913046,0.1562775135018367,0.15872189357204683,36,0.000974905709881844,0.0010941219714178676,0.001153194737291537,0.0012230289604638575,0.0013925664588618975,36,0.011929724609911518,0.01332104172888511,0.013688458485165752,0.013861903288206863,0.014168373111428975,36,2.7082074747142067e-06,2.7298327672088996e-06,2.738051409872052e-06,2.7480457632847143e-06,2.76570594462591e-06,36
source_reference_snr_10_strong,two_sided_maximum_scale,200,131,69,0,0.655,0.5846927609896106,0.720634524028434,200,0.655,0.03267662860306837,0.038145805736320156,0.04549114075103363,0.05330051508445052,0.13418516891537133,200,-0.08944484489984078,-0.0023502188962752787,0.005113094432958381,0.012150450012484638,0.020771068903435427,200,0.3334222729469278,0.9558102412343147,1.1156242153676934,1.322928820925683,1.6356552004108833,200,7.504462624269286,10.744565296128188,14.470884435921736,19.33744915568041,81.0,200,15.266373085914204,21.8659177166627,29.465900685248585,39.30876098292983,164.5932565440084,200,0.7306051317480379,0.8689754382662664,0.8866294435177147,0.90239177594324,0.9184871019038519,200,0.26523064877118324,0.2734578145015689,0.2789851284156688,0.2857811591169027,0.34391411697023927,200,0.0016614835124811782,0.0019400820987973612,0.0020627636409090706,0.0022111445547206626,0.002845500289399604,200,0.030489740370288964,0.036035908646472374,0.04310256623300039,0.05106766131485214,0.13179293093833466,200,2.6904415713776914e-06,2.7078437308539326e-06,2.7163058371470462e-06,2.7992153041663207e-06,2.8239012656938454e-06,200
source_reference_snr_10_strong,two_sided_old_operator,200,137,63,0,0.685,0.6157223022745728,0.7486946743454821,200,0.685,0.03047592812529281,0.0377529891381265,0.04480586001804133,0.052887077676292665,0.15563247652007386,200,-0.11089215250454333,-0.0018036986514262765,0.005453031858123591,0.012440467247709443,0.02297176938121099,200,0.28747421499625003,0.9650557811584983,1.1226631003473866,1.3343193451517723,1.7537676715461894,200,7.504462624269286,10.744565296128188,14.470884435921736,19.392393203817026,81.0,200,15.266373085914204,21.8659177166627,29.465900685248585,39.4515186095404,164.5932565440084,200,0.7306051317480379,0.8687366353348646,0.8866294435177147,0.90239177594324,0.9184871019038519,200,0.133069328692658,0.13777534332980143,0.14052407908816406,0.14312231122856212,0.2012339231667646,200,0.0008523067715846271,0.0009648864988175039,0.0010409220447844657,0.0011204017128201974,0.001437336440604732,200,0.02941941506288348,0.0367774066001385,0.04369059916549947,0.05178421864527774,0.1542315783487456,200,2.6904415713776914e-06,2.7078437308539326e-06,2.7163058371470462e-06,2.7998292512406567e-06,2.8239012656938454e-06,200
source_reference_snr_10_strong,two_sided_shape_1/2,200,199,1,0,0.995,0.9724581015427943,0.999873418972133,200,0.995,0.01108952360848164,0.01338880330226884,0.0157796070305782,0.018378698384925854,0.04928054807455865,200,-0.004540224059028104,0.03290005272285096,0.03519686966426264,0.03690320392522071,0.04323894742845388,200,0.9078698546095915,2.775789437360163,3.1837713784971102,3.74667579262238,4.819656767367825,200,7.504462624269286,10.744565296128188,14.470884435921736,19.392393203817026,81.0,200,7.633186542957102,10.93295885833135,14.732950342624292,19.7257593047702,82.2966282720042,200,0.8100292092354892,0.9073074593612515,0.9199280288251561,0.9310496635143592,0.9424099217742352,200,0.12952272384378444,0.1335894864962881,0.1351791106253521,0.1370847315994456,0.18150275974145355,200,0.0008268837058925054,0.0009275578415787829,0.000997343005527983,0.0010741230064399755,0.0013815820767635414,200,0.010059758543020459,0.012485077447415067,0.014732866672634865,0.017313802225981677,0.04801674172512255,200,2.6904415713776914e-06,2.70868474571818e-06,2.7176630603518173e-06,2.801006807162131e-06,2.8239012656938454e-06,200
source_reference_snr_10_strong,two_sided_shape_2/3,200,199,1,0,0.995,0.9724581015427943,0.999873418972133,200,0.995,0.012800480837725357,0.015557799193646747,0.018386478480005346,0.021484940281992437,0.059382280738899174,200,-0.01464195672336863,0.02950512158894372,0.03254962162558969,0.03470547797507718,0.041424798597927304,200,0.7534288588922922,2.3754218736163706,2.734810968565501,3.2269897191761805,4.175444515254744,200,7.504462624269286,10.744565296128188,14.470884435921736,19.392393203817026,81.0,200,10.177582057276135,14.577278477775133,19.64393379016572,26.301012406360265,109.72883769600558,200,0.7804163080509291,0.892914106521325,0.9075006938758812,0.9203532091524735,0.9334798997371301,200,0.13082424935354126,0.13520231142499448,0.13707655573455146,0.1393207368092047,0.18838988297747628,200,0.0008361935459030807,0.0009402509616448603,0.0010125014177026109,0.0010918150506170146,0.0014018758036176717,200,0.011760891519754296,0.014635194836897451,0.017312773136933766,0.02040476100242197,0.058070622762487485,200,2.6904415713776914e-06,2.70868474571818e-06,2.71757137024962e-06,2.800660063615037e-06,2.8239012656938454e-06,200
source_student_t_5_null,baseline/imaginary_coherency,400,31,369,0,0.0775,0.05326265843865117,0.10820293468811418,400,0.0775,,,,,,,,,,,,,,,,,,,,,,,,,,,,,,,,,,,,,,,,,,,,,,,,,,,,,,,,,,,,
source_student_t_5_null,baseline/independent_windows,400,0,400,0,0.0,0.0,0.00917980458366526,400,0.0,0.0048690032192967615,0.005116686428179342,0.005183655114808316,0.005247434666412474,0.005479506866511408,400,,,,,,,,,,,,,,,,,,,,,,,,,,,,,,,,,,,,,,,,,,,,,,,,,,,,,,
source_student_t_5_null,baseline/independent_windows_phase_adjusted,400,0,400,0,0.0,0.0,0.00917980458366526,400,0.0,0.010962350812423863,0.012083531065438944,0.012653914577315163,0.013272951103707058,0.01558855025723349,400,,,,,,,,,,,,,,,,,,,,,,,,,,,,,,,,,,,,,,,,,,,,,,,,,,,,,,
source_student_t_5_null,baseline/moving_block,400,0,400,0,0.0,0.0,0.00917980458366526,400,0.0,,,,,,,,,,,,,,,,,,,,,,,,,,,,,,,,,,,,,,,,,,,,,,,,,,,,,,,,,,,,
source_student_t_5_null,baseline/moving_block_phase_adjusted,400,0,400,0,0.0,0.0,0.00917980458366526,400,0.0,,,,,,,,,,,,,,,,,,,,,,,,,,,,,,,,,,,,,,,,,,,,,,,,,,,,,,,,,,,,
source_student_t_5_null,lag,400,0,221,179,0.0,0.0,0.00917980458366526,221,0.0,0.004225385595007214,0.005102863325316969,0.006422860996130282,0.00912054784432079,0.03147893901466575,221,-0.03141583475879348,-0.009023920124962516,-0.006372490374274262,-0.004975126404454681,-0.004111522849399266,221,9.105742366897363e-05,0.004199802970155398,0.012349215567495018,0.02332382066356234,0.0716265692651586,221,2.414212275462587,3.3782473245016478,5.58758159846031,10.644666166918798,78.43946505781099,221,4.917900860154495,6.867755271802262,11.357379970559215,21.6539104591723,159.39903359314846,221,0.7349292916750807,0.9028677348237687,0.929720798516725,0.9453793414621534,0.9537926292174659,221,0.06096814914427733,0.06257919870262288,0.06370919751469258,0.06572088129848412,0.08203257179289204,221,0.0003844069415626135,0.00044757627588415204,0.000485850208510445,0.0005294197145817401,0.0006927093120404513,221,0.0037784950337122884,0.004600110042631981,0.00599027921666563,0.008607347024695487,0.03089625973989255,221,1.803309873711056e-06,1.820591005219129e-06,1.8269982521834661e-06,1.8339842502026308e-06,1.8794192710203312e-06,221
source_student_t_5_null,lower_cn,400,0,5,395,0.0,0.0,0.00917980458366526,5,0.0,0.4735529637547103,0.4806648132554531,2.1012877112702975,2.8572305119781904,3.0573660617597964,5,-3.0572849978674177,-2.857066385912668,-2.101162146249011,-0.48047867207517553,-0.4733423753454731,5,2.6514290647955384e-05,5.744236064744938e-05,5.975622501046957e-05,0.0003872577628824961,0.00044469874619193077,5,712.649646343905,724.5346822939672,964.362361342326,989.0501098307553,993.0104292706432,5,1447.7342471279587,1472.3822200231793,1962.3909402098348,2011.015550621303,2022.8601073130199,5,0.03351591099016868,0.03643985125662225,0.04852886180349089,0.17930738873673452,0.18639291488604634,5,0.3576535697167941,0.3593534592065563,1.3180807813729414,1.7662439319848617,1.8821365327639188,5,0.0024045094202105343,0.0024264069676165393,0.010983300951458188,0.013568187595806474,0.016102202137622295,5,0.4711465829527091,0.47823656646358625,2.0903025772127157,2.8436604856018968,3.0412620392152054,5,1.820406968577585e-06,1.8331061231933303e-06,1.8387804868402588e-06,1.8398242503471309e-06,1.871381790643602e-06,5
source_student_t_5_null,lower_cstar,400,0,0,400,0.0,0.0,0.00917980458366526,0,,,,,,,,,,,,,,,,,,,,,,,,,,,,,,,,,,,,,,,,,,,,,,,,,,,,,,,,,,,,,
source_student_t_5_null,lower_intersection,400,0,358,42,0.0,0.0,0.00917980458366526,358,0.0,0.00426939554832922,0.006727200767292692,0.023085669870082707,0.029256368307083846,1.5277648047039152,358,-1.5275358436579614,-0.02909859657310847,-0.02295803345800391,-0.006671786234264879,-0.004155532802721271,358,8.65341724443739e-06,0.0020306083320083884,0.0047984579931271715,0.011913940610197014,0.065346686260516,358,2.466415681077745,5.981965010430862,50.60385300364415,71.70486835058159,940.755365071667,358,5.024242450737529,12.153986252705145,102.81036632878799,145.81631798369654,1913.291872249862,358,0.06087939936460458,0.7465756430710456,0.7875131864082494,0.9272916935395793,0.9532949058542427,358,0.06116572254351825,0.06399482474087055,0.07580362401964563,0.07983930548376957,0.973624721931585,358,0.0003865637403131757,0.00048282745671170314,0.0005500198646469596,0.0006045632928321803,0.0076355563537540225,358,0.0038217384842669498,0.0062390506509765005,0.022467964694434232,0.028629317137458837,1.5201273955165526,358,1.803309873711056e-06,1.8266597110355875e-06,1.8433727907694483e-06,1.858453538243252e-06,1.8930375985102848e-06,358
source_student_t_5_null,supplied,400,0,400,0,0.0,0.0,0.00917980458366526,400,0.0,0.002718847071970265,0.0028303737834267997,0.0028645733435326073,0.0029064427610228072,0.0030435191581040717,400,-0.0030203072818067635,-0.002838733109533193,-0.002776742055657629,-0.0027021065107395497,-0.0023877656460629206,400,0.0004274816189744067,0.012982166699671846,0.030242790051401826,0.05547820654663889,0.15638081381459673,400,1.0,1.0,1.0,1.0,1.0,400,2.028283393872462,2.032207833488811,2.0334932972982798,2.0350073812042586,2.040566998986532,400,0.9702528236711501,0.9702934174674844,0.970304482202202,0.9703138794369833,0.9703425869635646,400,0.059267925058216285,0.06047776641198745,0.060918637901162996,0.0613488256495847,0.06314887037430154,400,0.00036763131971696643,0.0004266051952213967,0.0004533909863162445,0.0004897564108453554,0.0006136398154658769,400,0.0023424392049406217,0.00239110864713178,0.0024083846041733047,0.0024258335232683025,0.002495094726248547,400,1.8021658539107273e-06,1.8204582471414293e-06,1.8270829697651433e-06,1.8335152966267975e-06,1.860240591412987e-06,400
source_student_t_5_null,two_sided,400,0,400,0,0.0,0.0,0.00917980458366526,400,0.0,0.00731370079017823,0.008999766820687425,0.011022559418008337,0.01392333592815889,0.020976003508084998,400,-0.02088827539040082,-0.013814626127344375,-0.010919671819492521,-0.008815033771119156,-0.0070715676005073365,400,6.680377973939448e-05,0.003207210157598568,0.007574736719911573,0.013661981707212889,0.051043154193680856,400,7.111308570357544,10.30245226365464,14.928194070464603,21.928415447682397,43.81524203877429,400,14.446400784178907,20.953432722113224,30.37473165286751,44.62979510091425,89.08405178266733,400,0.8022976583065006,0.8603467987091478,0.8848871644299137,0.9044570103682907,0.920712552685127,400,0.06309681199433485,0.06539904528371863,0.06683934705737099,0.06928006434097243,0.07711323360655893,400,0.00040338537353051324,0.0004675636783596561,0.0005035738031655267,0.0005481361272360515,0.0007228437910119909,400,0.006855017306828782,0.008463407307221227,0.010523925565903963,0.013353445702421604,0.020410328302002796,400,1.8021658539107273e-06,1.8211438546341925e-06,1.8274416521173259e-06,1.8339881376706834e-06,1.8725270731749698e-06,400
source_student_t_5_null,two_sided_adaptive_bank,400,0,400,0,0.0,0.0,0.00917980458366526,400,0.0,0.007877539573652835,0.00935176876871987,0.010366955129800157,0.011557183501561999,0.017238550079973245,400,-0.0172379505925366,-0.011462967994516602,-0.010259034662966493,-0.009245450535793781,-0.007840059768528066,400,3.4775977901877664e-05,0.003340271550385592,0.008336042908521333,0.014304620532268691,0.04906153697300557,400,6.992010243825906,9.477898795988041,11.471959364261208,13.741255997336506,27.459900619498296,400,14.210067530353045,19.291361782811727,23.338682380332063,27.96612257888796,55.888799680160105,400,0.8325995294039485,0.8817605232895639,0.8920185862473525,0.90185636631593,0.9158034840178207,400,0.06345844918379925,0.06557853501089518,0.06666934507131095,0.0675311962384709,0.07228087150995918,400,0.0004052350625674987,0.00046391999706102443,0.0004958183356760315,0.0005392229513424449,0.0006798555685358681,400,0.007441421507204364,0.008858016808693987,0.00985860111647539,0.011008442013970816,0.01663884790812722,400,1.7909797230137062e-06,1.8155424196007023e-06,1.8246456795281315e-06,1.8343551308075386e-06,1.8705375115647418e-06,400
source_student_t_5_null,two_sided_intersection,400,0,400,0,0.0,0.0,0.00917980458366526,400,0.0,0.0037133939298331278,0.005016562423019637,0.006346583204255754,0.008610956400604663,0.02251740850193372,400,-0.022429680384249542,-0.00848654355396257,-0.0062092006572763685,-0.004875808433608802,-0.0035591965566959065,400,6.225239282206603e-05,0.0046942659473904295,0.012031092194558175,0.02472520029651127,0.09185035643007108,400,1.6235038427010324,3.2964547316633594,5.300203822122977,9.570288697815089,48.568814608350145,400,3.3065312154084268,6.711951594189304,10.776456863865079,19.466661507544842,98.74889637181772,400,0.7917736254423305,0.907920181698889,0.9315461330143762,0.9460037050573853,0.9621225537176372,400,0.060421860354163075,0.06248973801802021,0.06358624632440824,0.06525068989630221,0.07531257876623607,400,0.00037482204583253863,0.0004440862629700779,0.0004793267426413789,0.0005154818649620137,0.0007159610534233704,400,0.0031464250760805967,0.004533725185255135,0.005880497026664568,0.008129498435103941,0.021943750305775608,400,1.8021658539107273e-06,1.8204582471414293e-06,1.8270829697651433e-06,1.8335152966267975e-06,1.860240591412987e-06,400
source_student_t_5_null,two_sided_intersection_maximum_scale,400,0,400,0,0.0,0.0,0.00917980458366526,400,0.0,0.0037160931269912163,0.005017988668077896,0.006361652844815548,0.008620670813963763,0.022588430567087595,400,-0.022500702449403418,-0.008494773453901983,-0.00621235157960566,-0.004882381550495803,-0.003561895753853995,400,6.219104581895471e-05,0.004681471500963562,0.012006606170015088,0.024696656790021948,0.09174142346550153,400,1.6235038427010324,3.2964547316633594,5.300203822122977,9.570288697815089,48.568814608350145,400,3.3065312154084268,6.711951594189304,10.776456863865079,19.466661507544842,98.74889637181772,400,0.7917736254423305,0.907920181698889,0.9315461330143762,0.9460037050573853,0.9621225537176372,400,0.06058127424729614,0.06257607766372551,0.06370442960881101,0.06534170641897431,0.07555014122100023,400,0.00037557793208661653,0.0004449550251343502,0.00048009882134410924,0.0005160687709458041,0.0007166673569783095,400,0.0031487132874045694,0.00453687104123425,0.005882776903465035,0.008136920052117677,0.022012968639216996,400,1.8021658539107273e-06,1.8204582471414293e-06,1.8270829697651433e-06,1.8335152966267975e-06,1.860240591412987e-06,400
source_student_t_5_null,two_sided_intersection_old_operator,400,0,400,0,0.0,0.0,0.00917980458366526,400,0.0,0.004640321454195222,0.00880988816854181,0.012243863038448665,0.01670731415121251,0.04446115880770933,400,-0.044373430690025153,-0.01663580520811036,-0.012111934033308215,-0.008693583456732492,-0.004486124081058001,400,3.1646574252115743e-05,0.0026046534502027234,0.0063866486464987,0.013441215233045534,0.06662591636090105,400,1.6235038427010324,3.2964547316633594,5.300203822122977,9.570288697815089,48.568814608350145,400,3.3065312154084268,6.711951594189304,10.776456863865079,19.466661507544842,98.74889637181772,400,0.7917736254423305,0.907920181698889,0.9315461330143762,0.9460037050573853,0.9621225537176372,400,0.060421860354163075,0.06248973801802021,0.06358624632440824,0.06525068989630221,0.07531257876623607,400,0.00037482204583253863,0.0004440862629700779,0.0004793267426413789,0.0005154818649620137,0.0007159610534233704,400,0.004073352600442691,0.008281148209312531,0.011760994053329137,0.016258996870207883,0.043887500611551215,400,1.8021658539107273e-06,1.8204582471414293e-06,1.8270829697651433e-06,1.8335152966267975e-06,1.860240591412987e-06,400
source_student_t_5_null,two_sided_maximum_scale,400,0,400,0,0.0,0.0,0.00917980458366526,400,0.0,0.007315314781461471,0.00901964650233033,0.011040646167049441,0.013933146102580878,0.021042163437854276,400,-0.0209544353201701,-0.013855286944942976,-0.01093228625226333,-0.008824924904691396,-0.007073181591790577,400,6.673794794822978e-05,0.0032056949490367756,0.007561883609323236,0.013657830993717746,0.05085378002776863,400,7.111308570357544,10.30245226365464,14.928194070464603,21.928415447682397,43.81524203877429,400,14.446400784178907,20.953432722113224,30.37473165286751,44.62979510091425,89.08405178266733,400,0.8022976583065006,0.8603467987091478,0.8848871644299137,0.9044570103682907,0.920712552685127,400,0.06311694810170043,0.06550938685418209,0.06691681541928375,0.06937721722685011,0.07725639617029441,400,0.0004045843986265317,0.0004678293680635276,0.0005048600401359945,0.000549977277805362,0.000724003118762351,400,0.006856530453099938,0.008489150747342395,0.010532217917445129,0.013384321928775644,0.02047470968122786,400,1.8021658539107273e-06,1.8211438546341925e-06,1.8274416521173259e-06,1.8339881376706834e-06,1.8725270731749698e-06,400
source_student_t_5_null,two_sided_old_operator,400,0,400,0,0.0,0.0,0.00917980458366526,400,0.0,0.014168718097007012,0.01747264822702638,0.021535490862801022,0.02732243341220768,0.041386331810087794,400,-0.04129860369240362,-0.027224944753219193,-0.021434094417533717,-0.01729612455934522,-0.013926584907336118,400,3.3993594811816735e-05,0.0016453863804025064,0.0038634529535017574,0.006961533475089719,0.026189031693424347,400,7.111308570357544,10.30245226365464,14.928194070464603,21.928415447682397,43.81524203877429,400,14.446400784178907,20.953432722113224,30.37473165286751,44.62979510091425,89.08405178266733,400,0.8022976583065006,0.8603467987091478,0.8848871644299137,0.9044570103682907,0.920712552685127,400,0.06309681199433485,0.06539904528371863,0.06683934705737099,0.06928006434097243,0.07711323360655893,400,0.00040338537353051324,0.0004675636783596561,0.0005035738031655267,0.0005481361272360515,0.0007228437910119909,400,0.013710034613657563,0.016926814614442454,0.021047851131807925,0.026706891404843208,0.04082065660400559,400,1.8021658539107273e-06,1.8211438546341925e-06,1.8274416521173259e-06,1.8339881376706834e-06,1.8725270731749698e-06,400
source_student_t_5_null,two_sided_shape_1/2,400,0,400,0,0.0,0.0,0.00917980458366526,400,0.0,0.0051399679000957,0.006254357236321879,0.007568754831064788,0.009407612224596474,0.013749138056646256,400,-0.013661409938962081,-0.009334330862402424,-0.0074835085467715645,-0.006128269990309193,-0.004897834710424806,400,0.00010127739480106559,0.004655586547914372,0.010984507052204974,0.020086055122795255,0.07340690206405208,400,7.111308570357544,10.30245226365464,14.928194070464603,21.928415447682397,43.81524203877429,400,7.223200392089454,10.476716361056612,15.187365826433755,22.314897550457125,44.542025891333665,400,0.8604848568355908,0.9013913133727315,0.9186989235538836,0.9325071211471702,0.94398096183748,400,0.06151283612968435,0.06340119523652726,0.06441542715683589,0.0660481724522265,0.07371760489135412,400,0.0003913198544578237,0.0004508290135750655,0.000481715608854697,0.0005260426560261278,0.0006853064846259867,400,0.00469254563880268,0.005752714501302625,0.007088578195031073,0.008893869813530112,0.013221429725264576,400,1.8021658539107273e-06,1.8211438546341925e-06,1.8274416521173259e-06,1.8339881376706834e-06,1.8725270731749698e-06,400
source_student_t_5_null,two_sided_shape_2/3,400,0,400,0,0.0,0.0,0.00917980458366526,400,0.0,0.005935688173211735,0.007253111455947867,0.008821004740976978,0.0110294407053683,0.016307131332616076,400,-0.0162194032149319,-0.010952123241889494,-0.008730338847538644,-0.00710347819538122,-0.005693554983540842,400,8.561186654771241e-05,0.003995768624702348,0.009466555536879629,0.017281320094823215,0.06329221712376996,400,7.111308570357544,10.30245226365464,14.928194070464603,21.928415447682397,43.81524203877429,400,9.630933856119272,13.968955148075482,20.249821101911675,29.753196733942833,59.38936785511155,400,0.8387803799790459,0.8860756722969948,0.9060802067479827,0.9220373798551079,0.9352950980514818,400,0.06209472271560961,0.06411001387813264,0.0652694941047689,0.0672102260720697,0.07494914739543662,400,0.00039660634264987384,0.0004570045520664225,0.0004898577520590153,0.0005339720181891991,0.0006988469387900334,400,0.005484127752181903,0.006740683069432268,0.008334096774863815,0.010499211361299563,0.01576587418382061,400,1.8021658539107273e-06,1.8211438546341925e-06,1.8274416521173259e-06,1.8339881376706834e-06,1.8725270731749698e-06,400
source_student_t_5_strong,baseline/imaginary_coherency,200,200,0,0,1.0,0.9817246596448638,1.0,200,1.0,,,,,,,,,,,,,,,,,,,,,,,,,,,,,,,,,,,,,,,,,,,,,,,,,,,,,,,,,,,,
source_student_t_5_strong,baseline/independent_windows,200,200,0,0,1.0,0.9817246596448638,1.0,200,1.0,0.004899470657623788,0.0051215124932902705,0.005195567954155385,0.005252858830265251,0.005468715970344791,200,,,,,,,,,,,,,,,,,,,,,,,,,,,,,,,,,,,,,,,,,,,,,,,,,,,,,,
source_student_t_5_strong,baseline/independent_windows_phase_adjusted,200,200,0,0,1.0,0.9817246596448638,1.0,200,1.0,0.010654859551574329,0.011946050451352724,0.012545306891360443,0.013217591654299945,0.01578160877965589,200,,,,,,,,,,,,,,,,,,,,,,,,,,,,,,,,,,,,,,,,,,,,,,,,,,,,,,
source_student_t_5_strong,baseline/moving_block,200,200,0,0,1.0,0.9817246596448638,1.0,200,1.0,,,,,,,,,,,,,,,,,,,,,,,,,,,,,,,,,,,,,,,,,,,,,,,,,,,,,,,,,,,,
source_student_t_5_strong,baseline/moving_block_phase_adjusted,200,200,0,0,1.0,0.9817246596448638,1.0,200,1.0,,,,,,,,,,,,,,,,,,,,,,,,,,,,,,,,,,,,,,,,,,,,,,,,,,,,,,,,,,,,
source_student_t_5_strong,lag,200,109,0,91,0.545,0.47325924751898846,0.6153869579610831,109,1.0,0.0042857276870995435,0.0053794024701753745,0.00700015603518574,0.011590296885197424,0.031402467364095694,109,0.02364032030796927,0.04176202684079769,0.04632264218843505,0.047568280904405756,0.04985597601683259,109,1.752817287695,4.564647739529402,7.619069880552653,9.842163910140275,12.426212278621051,109,2.46402465781644,3.800617088498575,6.2585371465826025,16.794964627170017,78.8480355464139,109,5.007550199526419,7.722304482177853,12.732887682884073,34.148085910263326,160.19874302835333,109,0.7342590810550507,0.8779167044294136,0.9255757979132706,0.9420740315246332,0.9533726827940435,109,0.0611651530720348,0.062688185199994,0.06417242332795789,0.06724825553270887,0.08167761839850311,109,0.00037364702409159684,0.0004369547890506988,0.00047895142382589173,0.0005246126347789922,0.0006344615910101773,109,0.0038318771532183903,0.004872636807491766,0.006511035991866382,0.01108921196529307,0.03084580507970202,109,1.806948436653268e-06,1.8212603334158297e-06,1.8266679620647185e-06,1.8334757520961256e-06,1.8715369532999919e-06,109
source_student_t_5_strong,lower_cn,200,0,6,194,0.0,0.0,0.01827534035513624,6,0.0,0.8034512213099586,0.9921101252335657,1.1648298333955127,1.3049646073773604,2.073468910116774,6,-2.024115487476417,-1.2546715611577046,-1.1152160370231419,-0.9431387499386912,-0.7535646362046452,6,0.023802345142265632,0.038540096915800466,0.04309229801517256,0.049386599476181556,0.06209037186349348,6,837.7623946467875,874.6060121622835,895.784979651256,911.9819266259458,965.9607942656477,6,1702.8604324372093,1779.008092174036,1822.346437241938,1852.8043813518293,1962.0515682213406,6,0.04861372721534645,0.0763012426967157,0.08418705252007953,0.09544264806732489,0.11558613188948329,6,0.550117256319942,0.6609879373057077,0.7641755476176597,0.8481933844430822,1.3021918431992372,6,0.003743372525285628,0.005052772987557998,0.0056363152838767305,0.006699601727838165,0.008582478920918415,6,0.7997060211143732,0.9869721927027841,1.159191689056223,1.2983465008920834,2.0648846075794793,6,1.8191256757936925e-06,1.8212112101792091e-06,1.8256433381317325e-06,1.8361564378765158e-06,1.8459544529937784e-06,6
source_student_t_5_strong,lower_cstar,200,0,0,200,0.0,0.0,0.01827534035513624,0,,,,,,,,,,,,,,,,,,,,,,,,,,,,,,,,,,,,,,,,,,,,,,,,,,,,,,,,,,,,,
source_student_t_5_strong,lower_intersection,200,167,9,24,0.835,0.7761565322881794,0.883616880041946,176,0.9488636363636364,0.004342172750036543,0.007162871885569783,0.027092992829232762,0.030227137567290577,1.5031058825179986,176,-1.4491473609339727,0.024480810101141177,0.027861469754191306,0.04575430932213599,0.04966948055244053,176,0.03589801770560215,1.8140858475959178,2.039465082154988,7.377360088726325,12.230451516235556,176,2.532281855750221,6.874132204346098,62.89585253521322,74.26179356021252,938.2091870505396,176,5.146266889738162,13.981573390104812,127.83916120884336,151.04404685353762,1909.6663983513806,176,0.06179723252064079,0.7420326753149535,0.7628438469223282,0.9220024353435099,0.9527302054225923,176,0.06119742544747324,0.06408936571235326,0.07827352396913353,0.08064990058313298,0.9586375138433224,176,0.0003800247012998941,0.00048113405474730796,0.0005482815330003837,0.000603393571352841,0.008122269320477547,176,0.003888017386691942,0.006728760060073428,0.02648899375277801,0.029605819943514106,1.4949817608726157,176,1.806948436653268e-06,1.827561225208817e-06,1.8464387106922479e-06,1.862361346862285e-06,1.8844245370101429e-06,176
source_student_t_5_strong,supplied,200,200,0,0,1.0,0.9817246596448638,1.0,200,1.0,0.002746986663887501,0.002821043659728491,0.002860514855449683,0.0029046370151042077,0.003027952799203888,200,0.04893622830633274,0.04986790687236425,0.050295565355461834,0.05075227190970387,0.051804788445758046,200,17.540857477622843,18.35513606661782,18.637750655968016,18.839313550359417,19.47551458960247,200,1.0,1.0,1.0,1.0,1.0,200,2.0263269424307775,2.0318551904233946,2.033204696432618,2.0347785506165867,2.0391653458352725,200,0.970263052696015,0.9702950894690299,0.9703065917274378,0.9703164579117854,0.970356908883128,200,0.05942581346088412,0.06049297266113515,0.06088500310765893,0.06134579303147519,0.06280010362532223,200,0.000336580603965046,0.00041624374404239536,0.0004461482477996789,0.0004872758340253281,0.0006269883486099648,200,0.0023484577799514745,0.002391090747318269,0.0024071701663430055,0.0024237788282159374,0.0024825070982183017,200,1.8045652571317305e-06,1.8206872252523988e-06,1.8265815193192336e-06,1.833489861685299e-06,1.8550821322710861e-06,200
source_student_t_5_strong,two_sided,200,200,0,0,1.0,0.9817246596448638,1.0,200,1.0,0.00747576072174845,0.009256774492889577,0.010727735014984977,0.013296993454257777,0.019150520225074977,200,0.03361607449662612,0.03945842082383886,0.04232331892384829,0.04398758931164458,0.04635620710565227,200,2.812380875781398,3.852262180390917,4.920922408700461,5.759137210761098,7.1002979410108855,200,7.293661922669599,10.77005547782107,14.424163704307695,19.242292001385167,37.73919564556637,200,14.856912651260629,21.90936393721546,29.33485837790089,39.15015957065346,76.85530426970996,200,0.8164576900301012,0.8692414113345458,0.8868827302971435,0.9022946031056306,0.9195907658222578,200,0.06351880918694074,0.06550968601255559,0.06655614670124323,0.06893757715819102,0.07569800227189007,200,0.0003577927706184415,0.0004640577605179284,0.0004958381174972465,0.0005398315593268466,0.0006868215383103035,200,0.0068991153751626405,0.008735408207851377,0.010269840839950379,0.012814172074454656,0.018531236798302177,200,1.8045652571317305e-06,1.8212112054885984e-06,1.826792100798397e-06,1.8338012272435447e-06,1.8550821322710861e-06,200
source_student_t_5_strong,two_sided_adaptive_bank,200,200,0,0,1.0,0.9817246596448638,1.0,200,1.0,0.007910876959162604,0.009429093094666175,0.010481360780630096,0.01150043831816077,0.017591387027425954,200,0.03121585958006966,0.04112960735217662,0.04245352434192184,0.043833841370998085,0.04649486636507887,200,2.823977386253429,4.558249322717757,5.085939091247496,5.611338183116684,6.71560769385492,200,7.130195351257055,9.681702262443501,11.601649768437944,13.729298352903232,27.119666588952757,200,14.495840116409244,19.656668121244643,23.618728765399556,27.908993943958954,55.156411578056044,200,0.833705555484705,0.8818817819086278,0.8913706562278608,0.9009287893434701,0.9149588870787462,200,0.06388557331793515,0.06564336160158606,0.06660750897650342,0.06746924514451662,0.07987814727179308,200,0.00036182742039822324,0.00045877269238715085,0.0004893366833338935,0.0005313730271499945,0.0006892641637537298,200,0.007422659382069514,0.008966329149495522,0.00992172357885282,0.010990997873326832,0.016987863477815012,200,1.7974473059555875e-06,1.8166551705757572e-06,1.8275532074539786e-06,1.8367956844436561e-06,1.8653607597588808e-06,200
source_student_t_5_strong,two_sided_intersection,200,200,0,0,1.0,0.9817246596448638,1.0,200,1.0,0.0039238272446465465,0.005148620901736888,0.006513570166225027,0.008841023591664238,0.018716498048097146,200,0.033520031557221254,0.04434193768905627,0.04671247722954183,0.04801930578014801,0.049922615935194474,200,2.7909350067027705,5.931824597307899,8.10182078302656,10.446400464729379,13.56941002402514,200,2.007500845456831,3.4648527049314195,5.5888368297509885,10.20690227224719,37.65361184716465,200,4.086294640082424,7.043756944442138,11.389345044269607,20.75555152835771,76.70542675763726,200,0.8166378855805877,0.9049118189089415,0.9296219003801766,0.9446825319810332,0.9578862596110226,200,0.060710429174099946,0.06255525261277231,0.06377053045867573,0.0652412740919571,0.07178875623870487,200,0.0003596153463481985,0.00043560812337240976,0.0004726992688751143,0.0005163960667369403,0.0006471541124411545,200,0.0034339406694591985,0.004712002952162741,0.006014013426439882,0.00840242079485249,0.018067792551483924,200,1.8045652571317305e-06,1.8206872252523988e-06,1.8265815193192336e-06,1.833489861685299e-06,1.8550821322710861e-06,200
source_student_t_5_strong,two_sided_intersection_maximum_scale,200,200,0,0,1.0,0.9817246596448638,1.0,200,1.0,0.003936314237810408,0.005158691053354496,0.006534311795592383,0.008843923253861186,0.018802490138683778,200,0.03343403946663462,0.044327624872637944,0.046697393716046455,0.048015991404111044,0.049920275901483145,200,2.7781708284398063,5.926100240448965,8.089476324372724,10.44081814043762,13.52636439301833,200,2.007500845456831,3.4648527049314195,5.5888368297509885,10.20690227224719,37.65361184716465,200,4.086294640082424,7.043756944442138,11.389345044269607,20.75555152835771,76.70542675763726,200,0.8166378855805877,0.9049118189089415,0.9296219003801766,0.9446825319810332,0.9578862596110226,200,0.06091360424772101,0.0626868479274369,0.06388157572693476,0.06535750882261629,0.07199696521524804,200,0.00036041555591337333,0.0004359793954846308,0.0004734448497380677,0.0005166126294599639,0.000649869826529486,200,0.003445432783051856,0.0047236177542296,0.006035671757019396,0.008405175879294131,0.018150812214534663,200,1.8045652571317305e-06,1.8206872252523988e-06,1.8265815193192336e-06,1.833489861685299e-06,1.8550821322710861e-06,200
source_student_t_5_strong,two_sided_intersection_old_operator,200,200,0,0,1.0,0.9817246596448638,1.0,200,1.0,0.005470068590269367,0.00930642796178608,0.012496198675290195,0.01724344438651673,0.03678429059958107,200,0.015452239005737325,0.03593419129917732,0.04073508112564332,0.04383555289026697,0.047913578390740265,200,1.420077124062121,3.049900642273205,4.207804770741164,5.794884228784785,9.703658091053912,200,2.007500845456831,3.4648527049314195,5.5888368297509885,10.20690227224719,37.65361184716465,200,4.086294640082424,7.043756944442138,11.389345044269607,20.75555152835771,76.70542675763726,200,0.8166378855805877,0.9049118189089415,0.9296219003801766,0.9446825319810332,0.9578862596110226,200,0.060710429174099946,0.06255525261277231,0.06377053045867573,0.0652412740919571,0.07178875623870487,200,0.0003596153463481985,0.00043560812337240976,0.0004726992688751143,0.0005163960667369403,0.0006471541124411545,200,0.004960664744333732,0.008849939070698164,0.012028026852879764,0.01680484158970498,0.03613558510296785,200,1.8045652571317305e-06,1.8206872252523988e-06,1.8265815193192336e-06,1.833489861685299e-06,1.8550821322710861e-06,200
source_student_t_5_strong,two_sided_maximum_scale,200,200,0,0,1.0,0.9817246596448638,1.0,200,1.0,0.007487626369163485,0.009265390463494809,0.010757711563852643,0.01330837390429581,0.019188488649274475,200,0.03356088228142834,0.03943170034853416,0.0423055347020628,0.04398665749132072,0.04633967262530106,200,2.8068159940414152,3.8434934148883424,4.908061505947583,5.736533273883249,7.08904609326155,200,7.293661922669599,10.77005547782107,14.424163704307695,19.242292001385167,37.73919564556637,200,14.856912651260629,21.90936393721546,29.33485837790089,39.15015957065346,76.85530426970996,200,0.8164576900301012,0.8692414113345458,0.8868827302971435,0.9022946031056306,0.9195907658222578,200,0.06366530151442525,0.06559422495515874,0.06665247457206999,0.06908532099530541,0.07587887164773756,200,0.00035858892462106316,0.00046428657609773186,0.000496425422191272,0.0005409515850330628,0.0006870411241661037,200,0.006922242342575378,0.008740891686201457,0.01028224287208275,0.012825152770380098,0.018567980922890533,200,1.8045652571317305e-06,1.8212112054885984e-06,1.826792100798397e-06,1.8338012272435447e-06,1.8550821322710861e-06,200
source_student_t_5_strong,two_sided_old_operator,200,200,0,0,1.0,0.9817246596448638,1.0,200,1.0,0.014399229175100886,0.01801535187831039,0.020995481163746506,0.026111165528712434,0.03717153320760616,200,0.015900542839522976,0.026194456871775386,0.03194677583949383,0.03535003256354603,0.038949259176782686,200,1.4311389731571764,1.9630755403517384,2.5168900767166305,2.967655064980021,3.6511502087286942,200,7.293661922669599,10.77005547782107,14.424163704307695,19.242292001385167,36.91059810520894,200,14.856912651260629,21.90936393721546,29.33485837790089,39.15015957065346,75.02848748201023,200,0.8186660225910307,0.8692414113345458,0.8868827302971435,0.9022946031056306,0.9195907658222578,200,0.06351880918694074,0.06550968601255559,0.06655614670124323,0.06893757715819102,0.07569800227189007,200,0.0003577927706184415,0.0004640577605179284,0.0004958381174972465,0.0005398315593268466,0.0006868215383103035,200,0.013798230750325281,0.017470816415702754,0.020539681679900758,0.025628344148909313,0.036630422545999027,200,1.8045652571317305e-06,1.8212112054885984e-06,1.8269703187593724e-06,1.8338012272435447e-06,1.8550821322710861e-06,200
source_student_t_5_strong,two_sided_shape_1/2,200,200,0,0,1.0,0.9817246596448638,1.0,200,1.0,0.005232488227443248,0.006443842390546276,0.007375029807341426,0.00901496959353226,0.013665264588696137,200,0.039403016007965024,0.043983611758420416,0.04576138663194195,0.046731000880850755,0.04871474447111921,200,3.8915279570800623,5.702591080824139,7.153325685239732,8.283901108618444,10.144337866204264,200,7.293661922669599,10.77005547782107,14.424163704307695,19.242292001385167,44.144977869066054,200,7.428456325630314,10.95468196860773,14.667429188950445,19.57507978532673,44.86937481290626,200,0.8599706298763103,0.9076634375391671,0.9201067155047475,0.9309810892406276,0.9431890360387628,200,0.061711284501973225,0.06352027965655846,0.0642362846687089,0.06587839810902896,0.07149906193133544,200,0.00034803705428256384,0.00044856078873942726,0.00047273894971673527,0.0005166836066775099,0.0006617478220486543,200,0.004720452182017546,0.005932181758160167,0.006925326061589639,0.008559569040743238,0.013177884011984973,200,1.8045652571317305e-06,1.8210457542797455e-06,1.8266544704129184e-06,1.8336030903621903e-06,1.8550821322710861e-06,200
source_student_t_5_strong,two_sided_shape_2/3,200,200,0,0,1.0,0.9817246596448638,1.0,200,1.0,0.006053143948068637,0.007465426195734302,0.008584666261302108,0.010564252040517069,0.015976108218648748,200,0.03708418032384576,0.042354972731535705,0.044547996621157465,0.045773265669391286,0.047852386784506325,200,3.346499668567121,4.86209894018534,6.142634608933701,7.1444780844915465,8.769018036826422,200,7.293661922669599,10.77005547782107,14.424163704307695,19.242292001385167,42.79914083575415,200,9.904608434173753,14.606242624810307,19.556572251933925,26.100106380435637,57.98334489485802,200,0.8407108834499906,0.8933255654252159,0.9077072020733346,0.9202739671905575,0.9343801014351153,200,0.06239094882060381,0.06422397655757779,0.06506381907883528,0.06700951302256516,0.07271664541749455,200,0.0003516157138026403,0.00045442464746784836,0.00048005070009336234,0.0005241324367735696,0.0006708884255936587,200,0.005517724985803032,0.006953305991355672,0.008138398462577325,0.010094415317788142,0.015494851358542299,200,1.8045652571317305e-06,1.8210457542797455e-06,1.826792100798397e-06,1.833640973233134e-06,1.8550821322710861e-06,200
